scenario_id,q,grid_size,seed,layout_seed,fire_seed,open_cells,open_fraction,dead_ends,junctions,start,button,fire_start,start_button_dist,start_button_manhattan,start_fire_dist,start_fire_manhattan,button_fire_dist,button_fire_manhattan,fire_closer_to_button,fire_start_on_shortest_path,path_exists_avoiding_fire_start,bot1_path_len,guaranteed_win,guaranteed_win_route_len,fire_button_time,oracle_win,oracle_route_len,oracle_margin,bot1_predicted_win,Bot1_result,Bot1_success,Bot1_steps,Bot1_moves,Bot1_waits,Bot1_min_slack,Bot1_final_dist_to_button,Bot1_progress_to_button,Bot1_fire_cells_at_end,Bot1_trial_seconds,Bot1_diverges_from_Bot2,Bot1_diverges_from_Bot3,Bot2_result,Bot2_success,Bot2_steps,Bot2_moves,Bot2_waits,Bot2_min_slack,Bot2_final_dist_to_button,Bot2_progress_to_button,Bot2_fire_cells_at_end,Bot2_trial_seconds,Bot2_diverges_from_Bot2,Bot2_diverges_from_Bot3,Bot3_result,Bot3_success,Bot3_steps,Bot3_moves,Bot3_waits,Bot3_min_slack,Bot3_final_dist_to_button,Bot3_progress_to_button,Bot3_fire_cells_at_end,Bot3_trial_seconds,Bot3_diverges_from_Bot2,Bot3_diverges_from_Bot3,Bot4_result,Bot4_success,Bot4_steps,Bot4_moves,Bot4_waits,Bot4_min_slack,Bot4_final_dist_to_button,Bot4_progress_to_button,Bot4_fire_cells_at_end,Bot4_trial_seconds,Bot4_diverges_from_Bot2,Bot4_diverges_from_Bot3,Bot4_plan_count,Bot4_relaxed_count,Bot4_fallback_count,Bot4_no_path_count,Bot4_max_active_threshold,Bot4_final_strategy,n_bots_succeeded,succeeded_bots,failed_bots,all_bots_succeeded,all_bots_failed
0,0.60,75,440,1268951711,594470288,3627,0.644800,505,1370,17-28,16-61,4-73,52,34,68,58,26,24,1,0,1,52,0,,46,0,,,0,fire_reached_bot,0,41,41,0,0,11,0.7885,238,0.001578,37,36,fire_reached_bot,0,55,40,15,-8,20,0.6154,,0.081471,,36,fire_reached_bot,0,58,40,18,-11,22,0.5769,,0.204334,36,,fire_reached_bot,0,55,40,15,-8,20,0.6154,,5.454378,-1,36,55,0,40,15,,no_path,0,,Bot1|Bot2|Bot3|Bot4,0,1
1,0.60,75,440,2520073151,427107123,3637,0.646578,501,1318,1-73,6-66,34-48,14,12,72,58,60,46,0,0,1,14,1,14,90,1,14,76,1,button,1,14,14,0,76,0,1.0000,39,0.000171,-1,-1,button,1,14,14,0,76,0,1.0000,39,0.000428,,-1,button,1,14,14,0,76,0,1.0000,39,0.000532,-1,,button,1,14,14,0,76,0,1.0000,39,0.403398,12,12,14,0,0,0,0.4,risk_path,4,Bot1|Bot2|Bot3|Bot4,,1,0
2,0.60,75,440,1257125778,1539091741,3644,0.647822,495,1360,33-34,5-11,72-13,55,51,74,60,93,69,0,0,1,55,1,55,143,1,55,88,1,button,1,55,55,0,88,0,1.0000,490,0.003435,-1,-1,button,1,55,55,0,88,0,1.0000,490,0.011148,,-1,button,1,55,55,0,88,0,1.0000,490,0.014303,-1,,button,1,55,55,0,88,0,1.0000,490,4.661556,-1,-1,55,0,0,0,0.4,risk_path,4,Bot1|Bot2|Bot3|Bot4,,1,0
3,0.60,75,440,3219619760,4192021694,3647,0.648356,513,1356,57-62,26-5,53-47,110,88,43,19,75,69,1,0,1,110,0,,110,0,,,0,walked_into_fire,0,40,40,0,-2,70,0.3636,508,0.003845,37,37,fire_reached_bot,0,78,76,2,0,60,0.4545,1941,0.073326,,66,fire_reached_bot,0,78,76,2,0,58,0.4727,1941,0.090005,66,,fire_reached_bot,0,78,76,2,0,60,0.4545,1941,10.742174,-1,66,78,0,76,2,,no_path,0,,Bot1|Bot2|Bot3|Bot4,0,1
4,0.60,75,440,4248281429,536808686,3633,0.645867,506,1351,44-73,59-42,40-8,54,46,87,69,57,53,0,0,1,54,1,54,82,1,54,28,1,button,1,54,54,0,27,0,1.0000,691,0.004043,-1,-1,button,1,54,54,0,27,0,1.0000,691,0.011063,,-1,button,1,54,54,0,27,0,1.0000,691,0.015089,-1,,button,1,54,54,0,27,0,1.0000,691,4.174055,10,10,54,0,0,0,0.4,risk_path,4,Bot1|Bot2|Bot3|Bot4,,1,0
5,0.60,75,440,3037363144,91013559,3636,0.646400,501,1364,0-7,1-17,69-60,65,11,124,122,117,111,0,0,1,65,1,65,172,1,65,107,1,button,1,65,65,0,99,0,1.0000,834,0.006803,-1,-1,button,1,65,65,0,99,0,1.0000,834,0.024260,,-1,button,1,65,65,0,99,0,1.0000,834,0.036821,-1,,button,1,65,65,0,99,0,1.0000,834,6.408987,-1,-1,65,0,0,0,0.4,risk_path,4,Bot1|Bot2|Bot3|Bot4,,1,0
6,0.60,75,440,1074636703,574306319,3647,0.648356,496,1322,54-62,27-69,48-74,44,34,18,18,28,26,1,0,1,44,0,,42,0,,,0,walked_into_fire,0,29,29,0,-4,15,0.6591,153,0.000912,25,25,fire_reached_bot,0,53,38,15,-10,24,0.4545,,0.075980,,-1,fire_reached_bot,0,53,38,15,-10,24,0.4545,,0.164665,-1,,fire_reached_bot,0,53,38,15,-10,24,0.4545,,4.450860,-1,-1,53,0,38,15,,no_path,0,,Bot1|Bot2|Bot3|Bot4,0,1
7,0.60,75,440,1849467998,3035649632,3658,0.650311,499,1404,22-44,18-46,73-3,6,6,92,92,98,98,0,0,1,6,1,6,138,1,6,132,1,button,1,6,6,0,128,0,1.0000,20,0.000087,-1,-1,button,1,6,6,0,128,0,1.0000,20,0.000124,,-1,button,1,6,6,0,128,0,1.0000,20,0.000231,-1,,button,1,6,6,0,128,0,1.0000,20,0.132592,-1,-1,6,0,0,0,0.4,risk_path,4,Bot1|Bot2|Bot3|Bot4,,1,0
8,0.60,75,440,2909181240,3215246687,3620,0.643556,506,1362,12-1,70-49,6-29,106,106,62,34,92,84,1,0,1,106,0,,133,1,106,27,1,button,1,106,106,0,12,0,1.0000,1976,0.021466,-1,-1,button,1,106,106,0,12,0,1.0000,1976,0.044925,,-1,button,1,106,106,0,12,0,1.0000,1976,0.075093,-1,,button,1,106,106,0,16,0,1.0000,1976,11.919272,8,8,106,2,0,0,0.99,risk_path,4,Bot1|Bot2|Bot3|Bot4,,1,0
9,0.60,75,440,3923003300,2956249458,3664,0.651378,525,1435,41-54,51-65,1-72,21,21,64,58,71,57,0,0,1,21,1,21,109,1,21,88,1,button,1,21,21,0,88,0,1.0000,77,0.000470,-1,-1,button,1,21,21,0,88,0,1.0000,77,0.000946,,-1,button,1,21,21,0,88,0,1.0000,77,0.001182,-1,,button,1,21,21,0,88,0,1.0000,77,0.841516,7,7,21,0,0,0,0.4,risk_path,4,Bot1|Bot2|Bot3|Bot4,,1,0
10,0.60,75,440,4156351459,864755998,3658,0.650311,493,1376,2-7,26-2,45-26,33,29,64,62,47,43,0,0,1,33,1,33,83,1,33,50,1,button,1,33,33,0,48,0,1.0000,342,0.001453,-1,-1,button,1,33,33,0,48,0,1.0000,342,0.003475,,-1,button,1,33,33,0,48,0,1.0000,342,0.004621,-1,,button,1,33,33,0,48,0,1.0000,342,1.793838,28,28,33,0,0,0,0.4,risk_path,4,Bot1|Bot2|Bot3|Bot4,,1,0
11,0.60,75,440,1031185214,4103681230,3664,0.651378,508,1398,69-16,41-61,63-36,77,73,28,26,51,47,1,0,1,77,0,,84,0,,,0,walked_into_fire,0,18,18,0,-2,59,0.2338,123,0.001198,11,11,fire_reached_bot,0,85,84,1,0,43,0.4416,,0.047189,,58,fire_reached_bot,0,85,84,1,0,37,0.5195,,0.068953,58,,fire_reached_bot,0,85,84,1,0,43,0.4416,,11.080758,-1,58,85,0,84,1,,no_path,0,,Bot1|Bot2|Bot3|Bot4,0,1
12,0.60,75,440,2377238433,762642544,3645,0.648000,497,1380,5-25,25-21,70-55,52,24,109,95,85,79,0,0,1,52,1,52,140,1,52,88,1,button,1,52,52,0,73,0,1.0000,549,0.003192,-1,-1,button,1,52,52,0,73,0,1.0000,549,0.012771,,-1,button,1,52,52,0,73,0,1.0000,549,0.017697,-1,,button,1,52,52,0,73,0,1.0000,549,4.333698,-1,-1,52,0,0,0,0.4,risk_path,4,Bot1|Bot2|Bot3|Bot4,,1,0
13,0.60,75,440,942222858,1891687492,3628,0.644978,514,1353,17-65,38-60,0-9,40,26,103,73,93,89,0,0,1,40,1,40,129,1,40,89,1,button,1,40,40,0,89,0,1.0000,280,0.001368,-1,-1,button,1,40,40,0,89,0,1.0000,280,0.004629,,-1,button,1,40,40,0,89,0,1.0000,280,0.009787,-1,,button,1,40,40,0,89,0,1.0000,280,2.753301,25,25,40,0,0,0,0.4,risk_path,4,Bot1|Bot2|Bot3|Bot4,,1,0
14,0.60,75,440,1794572316,2153723049,3632,0.645689,513,1338,29-67,13-50,1-15,37,33,80,80,47,47,0,0,1,37,1,37,72,1,37,35,1,button,1,37,37,0,35,0,1.0000,327,0.001334,-1,-1,button,1,37,37,0,35,0,1.0000,327,0.004478,,-1,button,1,37,37,0,35,0,1.0000,327,0.008197,-1,,button,1,37,37,0,35,0,1.0000,327,2.371498,-1,-1,37,0,0,0,0.4,risk_path,4,Bot1|Bot2|Bot3|Bot4,,1,0
15,0.60,75,440,2441200447,3899617149,3635,0.646222,492,1390,6-57,27-10,39-18,76,68,74,72,22,20,1,0,1,76,0,,33,0,,,0,fire_reached_bot,0,48,48,0,-14,28,0.6316,,0.005040,34,34,fire_reached_bot,0,53,33,20,-19,43,0.4342,,0.098593,,-1,fire_reached_bot,0,53,33,20,-19,43,0.4342,,0.196044,-1,,fire_reached_bot,0,53,33,20,-19,43,0.4342,,5.051919,-1,-1,53,0,33,20,,no_path,0,,Bot1|Bot2|Bot3|Bot4,0,1
16,0.60,75,440,1409741764,2153672354,3659,0.650489,494,1408,10-46,25-53,31-39,26,22,36,28,22,20,1,0,1,26,0,,35,1,26,9,1,button,1,26,26,0,8,0,1.0000,209,0.000702,-1,-1,button,1,26,26,0,8,0,1.0000,209,0.001820,,-1,button,1,26,26,0,8,0,1.0000,209,0.002578,-1,,button,1,26,26,0,9,0,1.0000,209,1.210474,8,8,26,1,0,0,0.6,risk_path,4,Bot1|Bot2|Bot3|Bot4,,1,0
17,0.60,75,440,4196951117,430857384,3656,0.649956,505,1381,14-41,64-28,8-72,71,63,55,37,102,100,0,0,1,71,1,71,156,1,71,85,1,button,1,71,71,0,73,0,1.0000,577,0.004428,-1,-1,button,1,71,71,0,73,0,1.0000,577,0.017218,,-1,button,1,71,71,0,73,0,1.0000,577,0.024511,-1,,button,1,71,71,0,73,0,1.0000,577,7.544985,24,24,71,0,0,0,0.4,risk_path,4,Bot1|Bot2|Bot3|Bot4,,1,0
18,0.60,75,440,4233149764,1616157659,3637,0.646578,497,1393,11-0,16-18,0-66,29,23,99,77,86,64,0,0,1,29,1,29,145,1,29,116,1,button,1,29,29,0,113,0,1.0000,56,0.000319,-1,-1,button,1,29,29,0,113,0,1.0000,56,0.001936,,-1,button,1,29,29,0,113,0,1.0000,56,0.003191,-1,,button,1,29,29,0,113,0,1.0000,56,1.420601,-1,-1,29,0,0,0,0.4,risk_path,4,Bot1|Bot2|Bot3|Bot4,,1,0
19,0.60,75,440,4064511795,2171928469,3659,0.650489,507,1409,57-65,50-20,26-74,72,52,56,40,90,78,0,0,1,72,1,72,144,1,72,72,1,button,1,72,72,0,56,0,1.0000,756,0.005787,-1,-1,button,1,72,72,0,56,0,1.0000,756,0.024930,,-1,button,1,72,72,0,56,0,1.0000,756,0.039797,-1,,button,1,72,72,0,56,0,1.0000,756,7.827567,54,54,72,0,0,0,0.4,risk_path,4,Bot1|Bot2|Bot3|Bot4,,1,0
20,0.60,75,440,1699899743,2977238066,3632,0.645689,499,1358,65-61,56-62,5-33,12,10,94,88,84,80,0,0,1,12,1,12,138,1,12,126,1,button,1,12,12,0,126,0,1.0000,36,0.000137,-1,-1,button,1,12,12,0,126,0,1.0000,36,0.000310,,-1,button,1,12,12,0,126,0,1.0000,36,0.000421,-1,,button,1,12,12,0,126,0,1.0000,36,0.338107,-1,-1,12,0,0,0,0.4,risk_path,4,Bot1|Bot2|Bot3|Bot4,,1,0
21,0.60,75,440,2732194428,1130965774,3628,0.644978,500,1341,59-18,44-33,32-32,42,30,53,41,17,13,1,0,1,42,0,,25,0,,,0,walked_into_fire,0,35,35,0,-9,7,0.8333,,0.001951,26,26,fire_reached_bot,0,48,25,23,-22,17,0.5952,,0.100940,,-1,fire_reached_bot,0,48,25,23,-22,17,0.5952,,0.225627,-1,,fire_reached_bot,0,48,25,23,-22,17,0.5952,,2.495558,-1,-1,48,0,25,23,,no_path,0,,Bot1|Bot2|Bot3|Bot4,0,1
22,0.60,75,440,2997683836,1911204995,3630,0.645333,512,1370,1-26,1-47,5-0,43,21,52,30,83,51,0,0,1,43,1,43,126,1,43,83,1,button,1,43,43,0,67,0,1.0000,224,0.001288,-1,-1,button,1,43,43,0,67,0,1.0000,224,0.005467,,-1,button,1,43,43,0,67,0,1.0000,224,0.007898,-1,,button,1,43,43,0,67,0,1.0000,224,2.985138,-1,-1,43,0,0,0,0.4,risk_path,4,Bot1|Bot2|Bot3|Bot4,,1,0
23,0.60,75,440,1097742752,1414824977,3616,0.642844,520,1378,33-68,31-51,41-66,27,19,28,10,31,25,0,0,1,27,1,27,49,1,27,22,1,button,1,27,27,0,14,0,1.0000,192,0.000670,-1,-1,button,1,27,27,0,14,0,1.0000,192,0.001738,,-1,button,1,27,27,0,14,0,1.0000,192,0.002369,-1,,button,1,27,27,0,14,0,1.0000,192,1.261802,15,15,27,0,0,0,0.4,risk_path,4,Bot1|Bot2|Bot3|Bot4,,1,0
24,0.60,75,440,1337507337,2865046632,3623,0.644089,507,1335,32-73,70-9,19-6,112,102,98,80,76,54,1,0,1,112,0,,127,0,,,0,walked_into_fire,0,95,95,0,-1,17,0.8482,1475,0.015862,95,95,fire_reached_bot,0,95,94,1,0,18,0.8393,1503,0.089377,,-1,fire_reached_bot,0,95,94,1,0,18,0.8393,1503,0.112289,-1,,fire_reached_bot,0,95,94,1,0,18,0.8393,1503,14.462114,-1,-1,95,7,87,1,0.99,no_path,0,,Bot1|Bot2|Bot3|Bot4,0,1
25,0.60,75,440,2498745009,4169581797,3635,0.646222,494,1385,46-65,45-48,5-39,32,18,69,67,59,49,0,0,1,32,1,32,88,1,32,56,1,button,1,32,32,0,55,0,1.0000,277,0.001197,-1,-1,button,1,32,32,0,55,0,1.0000,277,0.003973,,-1,button,1,32,32,0,55,0,1.0000,277,0.004795,-1,,button,1,32,32,0,56,0,1.0000,277,1.774169,27,27,32,0,0,0,0.4,risk_path,4,Bot1|Bot2|Bot3|Bot4,,1,0
26,0.60,75,440,702485085,3014187463,3632,0.645689,514,1384,50-33,57-15,62-49,27,25,30,28,49,39,0,0,1,27,1,27,71,1,27,44,1,button,1,27,27,0,44,0,1.0000,111,0.000474,-1,-1,button,1,27,27,0,44,0,1.0000,111,0.001662,,-1,button,1,27,27,0,44,0,1.0000,111,0.002010,-1,,button,1,27,27,0,43,0,1.0000,111,1.309350,9,9,27,0,0,0,0.4,risk_path,4,Bot1|Bot2|Bot3|Bot4,,1,0
27,0.60,75,440,643282798,4265031986,3649,0.648711,511,1394,1-17,44-11,69-37,79,49,110,88,53,51,1,0,1,79,0,,84,1,79,5,1,button,1,79,79,0,5,0,1.0000,1323,0.011115,-1,-1,button,1,79,79,0,5,0,1.0000,1323,0.036517,,-1,button,1,79,79,0,5,0,1.0000,1323,0.053091,-1,,button,1,79,79,0,5,0,1.0000,1323,9.504691,63,63,79,13,58,0,0.99,risk_path,4,Bot1|Bot2|Bot3|Bot4,,1,0
28,0.60,75,440,1804062868,1517241965,3645,0.648000,508,1398,11-0,21-47,20-45,67,57,66,54,3,3,1,0,1,67,0,,3,0,,,0,walked_into_fire,0,37,37,0,-33,30,0.5522,,0.002588,4,4,fire_reached_bot,0,85,3,82,-81,64,0.0448,,0.305788,,-1,fire_reached_bot,0,85,3,82,-81,64,0.0448,,0.665117,-1,,fire_reached_bot,0,85,3,82,-81,64,0.0448,,0.814640,-1,-1,85,0,3,82,,no_path,0,,Bot1|Bot2|Bot3|Bot4,0,1
29,0.60,75,440,566956298,2924771251,3644,0.647822,501,1370,50-7,18-23,45-30,52,48,40,28,40,34,1,0,1,52,0,,61,1,52,9,1,button,1,52,52,0,5,0,1.0000,1011,0.004926,-1,-1,button,1,52,52,0,5,0,1.0000,1011,0.011375,,-1,button,1,52,52,0,5,0,1.0000,1011,0.018280,-1,,button,1,52,52,0,5,0,1.0000,1011,4.138047,-1,-1,52,5,10,0,0.99,risk_path,4,Bot1|Bot2|Bot3|Bot4,,1,0
30,0.60,75,440,2308806563,965244565,3657,0.650133,511,1407,30-30,52-69,10-51,77,61,45,41,68,60,1,0,1,77,0,,102,1,77,25,1,button,1,77,77,0,10,0,1.0000,1321,0.011905,-1,-1,button,1,77,77,0,10,0,1.0000,1321,0.042762,,-1,button,1,77,77,0,10,0,1.0000,1321,0.057889,-1,,button,1,77,77,0,10,0,1.0000,1321,7.926949,18,18,77,1,0,0,0.8,risk_path,4,Bot1|Bot2|Bot3|Bot4,,1,0
31,0.60,75,440,462864162,1041021291,3639,0.646933,509,1365,21-23,18-74,12-3,78,54,35,29,107,77,0,0,1,78,1,78,164,1,78,86,1,button,1,78,78,0,47,0,1.0000,1020,0.009017,-1,-1,button,1,78,78,0,47,0,1.0000,1020,0.030173,,-1,button,1,78,78,0,47,0,1.0000,1020,0.040274,-1,,button,1,78,78,0,47,0,1.0000,1020,8.896248,-1,-1,78,0,0,0,0.4,risk_path,4,Bot1|Bot2|Bot3|Bot4,,1,0
32,0.60,75,440,1155299482,2171726374,3641,0.647289,493,1387,25-45,7-61,54-71,34,34,61,55,61,57,0,0,1,34,1,34,102,1,34,68,1,button,1,34,34,0,67,0,1.0000,260,0.001109,-1,-1,button,1,34,34,0,67,0,1.0000,260,0.002458,,-1,button,1,34,34,0,67,0,1.0000,260,0.003789,-1,,button,1,34,34,0,67,0,1.0000,260,2.082596,-1,-1,34,0,0,0,0.4,risk_path,4,Bot1|Bot2|Bot3|Bot4,,1,0
33,0.60,75,440,2179890998,1736700740,3656,0.649956,513,1434,34-4,10-2,6-32,38,26,62,56,50,34,0,0,1,38,1,38,69,1,38,31,1,button,1,38,38,0,27,0,1.0000,350,0.001417,-1,-1,button,1,38,38,0,27,0,1.0000,350,0.004974,,-1,button,1,38,38,0,27,0,1.0000,350,0.006319,-1,,button,1,38,38,0,27,0,1.0000,350,2.477763,-1,-1,38,0,0,0,0.4,risk_path,4,Bot1|Bot2|Bot3|Bot4,,1,0
34,0.60,75,440,1845197330,3869115511,3638,0.646756,501,1332,22-74,62-5,5-2,117,109,105,89,100,60,1,0,1,117,0,,151,1,117,34,1,button,1,117,117,0,19,0,1.0000,1365,0.016974,-1,-1,button,1,117,117,0,19,0,1.0000,1365,0.086342,,-1,button,1,117,117,0,19,0,1.0000,1365,0.111569,-1,,button,1,117,117,0,19,0,1.0000,1365,17.527022,25,25,117,4,16,0,0.99,risk_path,4,Bot1|Bot2|Bot3|Bot4,,1,0
35,0.60,75,440,2606653398,2211110660,3655,0.649778,520,1407,30-55,10-46,12-4,33,29,77,69,54,44,0,0,1,33,1,33,86,1,33,53,1,button,1,33,33,0,53,0,1.0000,261,0.001217,-1,-1,button,1,33,33,0,53,0,1.0000,261,0.003162,,-1,button,1,33,33,0,53,0,1.0000,261,0.005101,-1,,button,1,33,33,0,53,0,1.0000,261,1.953515,-1,-1,33,0,0,0,0.4,risk_path,4,Bot1|Bot2|Bot3|Bot4,,1,0
36,0.60,75,440,185924975,3982104193,3640,0.647111,501,1382,69-56,63-24,28-5,56,38,104,92,68,54,0,0,1,56,1,56,105,1,56,49,1,button,1,56,56,0,43,0,1.0000,430,0.002883,-1,-1,button,1,56,56,0,43,0,1.0000,430,0.016171,,-1,button,1,56,56,0,43,0,1.0000,430,0.019978,-1,,button,1,56,56,0,43,0,1.0000,430,5.289303,49,49,56,0,0,0,0.4,risk_path,4,Bot1|Bot2|Bot3|Bot4,,1,0
37,0.60,75,440,3568169848,3649924492,3650,0.648889,506,1389,70-37,57-65,26-62,57,41,93,69,66,34,0,0,1,57,1,57,109,1,57,52,1,button,1,57,57,0,48,0,1.0000,588,0.003186,-1,-1,button,1,57,57,0,48,0,1.0000,588,0.014731,,-1,button,1,57,57,0,48,0,1.0000,588,0.020019,-1,,button,1,57,57,0,48,0,1.0000,588,5.239327,-1,-1,57,0,0,0,0.4,risk_path,4,Bot1|Bot2|Bot3|Bot4,,1,0
38,0.60,75,440,3097759363,742922130,3644,0.647822,512,1377,53-33,58-19,16-17,25,19,57,53,64,44,0,0,1,25,1,25,89,1,25,64,1,button,1,25,25,0,62,0,1.0000,239,0.000822,-1,-1,button,1,25,25,0,62,0,1.0000,239,0.001949,,-1,button,1,25,25,0,62,0,1.0000,239,0.002911,-1,,button,1,25,25,0,62,0,1.0000,239,1.158694,11,11,25,0,0,0,0.4,risk_path,4,Bot1|Bot2|Bot3|Bot4,,1,0
39,0.60,75,440,3219368855,3088895621,3631,0.645511,504,1368,38-4,59-25,64-72,50,42,100,94,70,52,0,0,1,50,1,50,113,1,50,63,1,button,1,50,50,0,63,0,1.0000,392,0.002688,-1,-1,button,1,50,50,0,63,0,1.0000,392,0.012243,,-1,button,1,50,50,0,63,0,1.0000,392,0.016159,-1,,button,1,50,50,0,63,0,1.0000,392,4.178638,2,2,50,0,0,0,0.4,risk_path,4,Bot1|Bot2|Bot3|Bot4,,1,0
40,0.60,75,440,3029962385,3015429521,3622,0.643911,504,1322,30-34,46-20,61-2,32,30,67,63,43,33,0,0,1,32,1,32,60,1,32,28,1,button,1,32,32,0,28,0,1.0000,221,0.000899,-1,-1,button,1,32,32,0,28,0,1.0000,221,0.002483,,-1,button,1,32,32,0,28,0,1.0000,221,0.004398,-1,,button,1,32,32,0,28,0,1.0000,221,1.921804,13,13,32,0,0,0,0.4,risk_path,4,Bot1|Bot2|Bot3|Bot4,,1,0
41,0.60,75,440,4017667363,2471176468,3640,0.647111,508,1366,47-32,62-11,3-74,48,36,92,86,138,122,0,0,1,48,1,48,203,1,48,155,1,button,1,48,48,0,146,0,1.0000,188,0.001297,-1,-1,button,1,48,48,0,146,0,1.0000,188,0.008933,,-1,button,1,48,48,0,146,0,1.0000,188,0.012313,-1,,button,1,48,48,0,146,0,1.0000,188,4.597949,-1,-1,48,0,0,0,0.4,risk_path,4,Bot1|Bot2|Bot3|Bot4,,1,0
42,0.60,75,440,287415481,3615322627,3640,0.647111,512,1371,33-53,74-35,48-20,65,59,62,48,45,41,1,0,1,65,0,,76,1,65,11,1,button,1,65,65,0,1,0,1.0000,1235,0.008244,-1,-1,button,1,65,65,0,1,0,1.0000,1235,0.020013,,-1,button,1,65,65,0,1,0,1.0000,1235,0.032475,-1,,button,1,65,65,0,1,0,1.0000,1235,6.563117,-1,-1,65,11,30,0,0.99,risk_path,4,Bot1|Bot2|Bot3|Bot4,,1,0
43,0.60,75,440,3343635005,3613099639,3644,0.647822,513,1424,40-63,49-41,34-34,39,31,43,35,30,22,1,0,1,39,0,,47,1,39,8,1,button,1,39,39,0,3,0,1.0000,537,0.002164,-1,-1,button,1,39,39,0,3,0,1.0000,537,0.005742,,-1,button,1,39,39,0,3,0,1.0000,537,0.008265,-1,,button,1,39,39,0,3,0,1.0000,537,2.643600,-1,-1,39,7,7,0,0.99,risk_path,4,Bot1|Bot2|Bot3|Bot4,,1,0
44,0.60,75,440,2433726094,1705541714,3627,0.644800,494,1308,60-20,48-7,31-29,35,25,46,38,41,39,0,0,1,35,1,35,65,1,35,30,1,button,1,35,35,0,28,0,1.0000,431,0.001712,-1,-1,button,1,35,35,0,28,0,1.0000,431,0.004098,,-1,button,1,35,35,0,28,0,1.0000,431,0.005958,-1,,button,1,35,35,0,28,0,1.0000,431,2.101926,-1,-1,35,0,0,0,0.4,risk_path,4,Bot1|Bot2|Bot3|Bot4,,1,0
45,0.60,75,440,3245280877,583972034,3621,0.643733,504,1351,40-56,38-63,23-69,15,9,38,30,25,21,0,0,1,15,1,15,41,1,15,26,1,button,1,15,15,0,25,0,1.0000,32,0.000158,-1,-1,button,1,15,15,0,25,0,1.0000,32,0.000516,,-1,button,1,15,15,0,25,0,1.0000,32,0.000596,-1,,button,1,15,15,0,25,0,1.0000,32,0.509391,-1,-1,15,0,0,0,0.4,risk_path,4,Bot1|Bot2|Bot3|Bot4,,1,0
46,0.60,75,440,744039592,481665536,3664,0.651378,517,1383,42-67,5-61,36-15,65,43,76,58,87,77,0,0,1,65,1,65,121,1,65,56,1,button,1,65,65,0,56,0,1.0000,1467,0.009850,-1,-1,button,1,65,65,0,56,0,1.0000,1467,0.022578,,-1,button,1,65,65,0,56,0,1.0000,1467,0.035946,-1,,button,1,65,65,0,56,0,1.0000,1467,6.270940,-1,-1,65,0,0,0,0.4,risk_path,4,Bot1|Bot2|Bot3|Bot4,,1,0
47,0.60,75,440,1407365857,2116346229,3670,0.652444,517,1423,35-11,51-53,61-53,72,58,84,68,14,10,1,0,1,72,0,,24,0,,,0,walked_into_fire,0,49,49,0,-24,23,0.6806,,0.004468,24,24,fire_reached_bot,0,82,23,59,-57,49,0.3194,,0.258045,,-1,fire_reached_bot,0,82,23,59,-57,49,0.3194,,0.558221,-1,,fire_reached_bot,0,82,23,59,-57,49,0.3194,,4.769405,-1,-1,82,0,23,59,,no_path,0,,Bot1|Bot2|Bot3|Bot4,0,1
48,0.60,75,440,3906747135,3253557841,3652,0.649244,514,1378,38-31,19-45,43-34,35,33,8,8,37,35,0,0,1,35,1,35,50,1,35,15,1,button,1,35,35,0,14,0,1.0000,360,0.001410,-1,-1,button,1,35,35,0,14,0,1.0000,360,0.004325,,-1,button,1,35,35,0,14,0,1.0000,360,0.005864,-1,,button,1,35,35,0,14,0,1.0000,360,1.952735,-1,-1,35,0,0,0,0.4,risk_path,4,Bot1|Bot2|Bot3|Bot4,,1,0
49,0.60,75,440,568842183,2915534142,3635,0.646222,500,1368,31-65,44-71,44-59,47,19,31,19,16,12,1,1,1,101,0,,24,0,,,0,walked_into_fire,0,22,22,0,-1,25,0.4681,75,0.002694,6,6,fire_reached_bot,0,47,5,42,-22,42,0.1064,,0.208852,,-1,fire_reached_bot,0,47,5,42,-22,42,0.1064,,0.438880,-1,,fire_reached_bot,0,47,5,42,-22,42,0.1064,,1.203521,-1,-1,47,0,5,42,,no_path,0,,Bot1|Bot2|Bot3|Bot4,0,1
50,0.60,75,440,514431646,1809119261,3651,0.649067,517,1393,25-17,63-18,11-57,51,39,58,54,109,91,0,0,1,51,1,51,157,1,51,106,1,button,1,51,51,0,88,0,1.0000,596,0.002880,-1,-1,button,1,51,51,0,88,0,1.0000,596,0.008927,,-1,button,1,51,51,0,88,0,1.0000,596,0.013334,-1,,button,1,51,51,0,88,0,1.0000,596,4.108867,33,33,51,0,0,0,0.4,risk_path,4,Bot1|Bot2|Bot3|Bot4,,1,0
51,0.60,75,440,3235510554,1802600594,3623,0.644089,494,1355,2-10,68-24,9-57,110,80,66,54,94,92,1,0,1,110,0,,147,1,110,37,1,button,1,110,110,0,18,0,1.0000,2020,0.025930,-1,-1,button,1,110,110,0,18,0,1.0000,2020,0.110477,,-1,button,1,110,110,0,18,0,1.0000,2020,0.149191,-1,,button,1,110,110,0,18,0,1.0000,2020,13.671272,16,16,110,9,7,0,0.99,risk_path,4,Bot1|Bot2|Bot3|Bot4,,1,0
52,0.60,75,440,639085731,3543395183,3638,0.646756,515,1390,32-9,6-35,41-25,56,52,25,25,51,45,1,0,1,56,0,,73,1,56,17,1,button,1,56,56,0,12,0,1.0000,1294,0.007462,-1,-1,button,1,56,56,0,12,0,1.0000,1294,0.014017,,-1,button,1,56,56,0,12,0,1.0000,1294,0.022649,-1,,button,1,56,56,0,12,0,1.0000,1294,4.343040,-1,-1,56,0,0,0,0.4,risk_path,4,Bot1|Bot2|Bot3|Bot4,,1,0
53,0.60,75,440,4049135280,482899726,3625,0.644444,501,1359,43-44,33-34,49-33,36,20,23,17,25,17,1,0,1,36,0,,42,1,36,6,1,button,1,36,36,0,6,0,1.0000,417,0.001566,-1,-1,button,1,36,36,0,6,0,1.0000,417,0.003772,,-1,button,1,36,36,0,6,0,1.0000,417,0.005381,-1,,button,1,36,36,0,6,0,1.0000,417,2.368196,-1,-1,36,9,12,0,0.99,risk_path,4,Bot1|Bot2|Bot3|Bot4,,1,0
54,0.60,75,440,2561198562,2236996756,3645,0.648000,500,1328,20-62,0-59,47-37,29,23,58,52,79,69,0,0,1,29,1,29,113,1,29,84,1,button,1,29,29,0,81,0,1.0000,199,0.000712,-1,-1,button,1,29,29,0,81,0,1.0000,199,0.001942,,-1,button,1,29,29,0,81,0,1.0000,199,0.002733,-1,,button,1,29,29,0,81,0,1.0000,199,1.609608,-1,-1,29,0,0,0,0.4,risk_path,4,Bot1|Bot2|Bot3|Bot4,,1,0
55,0.60,75,440,2251065692,286865008,3616,0.642844,496,1335,58-63,9-0,53-16,120,112,64,52,62,60,1,0,1,120,0,,87,0,,,0,fire_reached_bot,0,51,51,0,0,69,0.4250,941,0.006324,50,50,fire_reached_bot,0,91,84,7,-3,66,0.4500,,0.094576,,60,fire_reached_bot,0,94,84,10,-6,68,0.4333,,0.146528,60,,fire_reached_bot,0,91,84,7,-3,66,0.4500,,14.234338,-1,60,91,0,84,7,,no_path,0,,Bot1|Bot2|Bot3|Bot4,0,1
56,0.60,75,440,489761711,2230263378,3623,0.644089,501,1372,42-25,42-63,50-53,54,38,40,36,24,18,1,0,1,54,0,,39,0,,,0,fire_reached_bot,0,24,24,0,0,30,0.4444,237,0.001084,21,20,fire_reached_bot,0,50,39,11,-10,43,0.2037,,0.062527,,20,fire_reached_bot,0,52,39,13,-12,45,0.1667,,0.141148,20,,fire_reached_bot,0,50,39,11,-10,43,0.2037,,5.605393,-1,20,50,0,39,11,,no_path,0,,Bot1|Bot2|Bot3|Bot4,0,1
57,0.60,75,440,3274284638,313157239,3626,0.644622,513,1371,46-14,73-22,58-60,39,35,62,58,59,53,0,0,1,39,1,39,92,1,39,53,1,button,1,39,39,0,42,0,1.0000,561,0.002539,-1,-1,button,1,39,39,0,42,0,1.0000,561,0.004847,,-1,button,1,39,39,0,42,0,1.0000,561,0.011082,-1,,button,1,39,39,0,42,0,1.0000,561,2.471598,8,8,39,0,0,0,0.4,risk_path,4,Bot1|Bot2|Bot3|Bot4,,1,0
58,0.60,75,440,3129249196,3379267321,3657,0.650133,513,1417,60-25,1-56,25-34,90,90,46,44,46,46,1,0,1,90,0,,65,0,,,0,walked_into_fire,0,26,26,0,-1,64,0.2889,199,0.001181,25,24,fire_reached_bot,0,40,40,0,0,62,0.3111,675,0.025077,,24,fire_reached_bot,0,76,65,11,-10,63,0.3000,,0.134500,24,,fire_reached_bot,0,40,40,0,0,62,0.3111,675,6.961571,-1,24,40,0,40,0,,shortest_path_fallback,0,,Bot1|Bot2|Bot3|Bot4,0,1
59,0.60,75,440,894121229,1668138513,3639,0.646933,508,1374,35-29,71-66,49-2,75,73,43,41,98,86,0,0,1,75,1,75,152,1,75,77,1,button,1,75,75,0,63,0,1.0000,1062,0.007887,-1,-1,button,1,75,75,0,63,0,1.0000,1062,0.026916,,-1,button,1,75,75,0,63,0,1.0000,1062,0.041370,-1,,button,1,75,75,0,63,0,1.0000,1062,8.212052,11,11,75,0,0,0,0.4,risk_path,4,Bot1|Bot2|Bot3|Bot4,,1,0
60,0.60,75,440,2937611675,2098551990,3661,0.650844,517,1463,74-51,28-50,7-34,75,47,98,84,43,37,1,0,1,75,0,,66,0,,,0,fire_reached_bot,0,64,64,0,0,11,0.8533,1111,0.008225,58,58,fire_reached_bot,0,70,57,13,-3,18,0.7600,,0.076958,,-1,fire_reached_bot,0,70,57,13,-3,18,0.7600,,0.128971,-1,,fire_reached_bot,0,70,57,13,-3,18,0.7600,,8.071584,-1,-1,70,0,57,13,,no_path,0,,Bot1|Bot2|Bot3|Bot4,0,1
61,0.60,75,440,2158948882,4161325205,3649,0.648711,504,1375,55-43,55-56,72-7,43,13,55,53,98,66,0,0,1,43,1,43,165,1,43,122,1,button,1,43,43,0,89,0,1.0000,180,0.001572,-1,-1,button,1,43,43,0,89,0,1.0000,180,0.009308,,-1,button,1,43,43,0,89,0,1.0000,180,0.010155,-1,,button,1,43,43,0,89,0,1.0000,180,3.572911,-1,-1,43,0,0,0,0.4,risk_path,4,Bot1|Bot2|Bot3|Bot4,,1,0
62,0.60,75,440,3393563913,2253549308,3667,0.651911,508,1380,24-27,32-68,1-59,71,49,57,55,46,40,1,0,1,71,0,,70,0,,,0,walked_into_fire,0,38,38,0,-1,33,0.5352,243,0.001832,37,36,fire_reached_bot,0,89,70,19,-18,27,0.6197,,0.107461,,36,fire_reached_bot,0,91,70,21,-20,25,0.6479,,0.204186,36,,fire_reached_bot,0,89,70,19,-18,27,0.6197,,11.142026,-1,36,89,0,70,19,,no_path,0,,Bot1|Bot2|Bot3|Bot4,0,1
63,0.60,75,440,3798218772,3326087650,3629,0.645156,502,1335,46-27,21-72,19-59,74,70,59,59,17,15,1,0,1,74,0,,27,0,,,0,walked_into_fire,0,35,35,0,-7,39,0.4730,,0.002077,19,19,fire_reached_bot,0,63,27,36,-35,59,0.2027,,0.164983,,-1,fire_reached_bot,0,63,27,36,-35,59,0.2027,,0.348052,-1,,fire_reached_bot,0,63,27,36,-35,59,0.2027,,5.975022,-1,-1,63,0,27,36,,no_path,0,,Bot1|Bot2|Bot3|Bot4,0,1
64,0.60,75,440,2494522029,654045650,3638,0.646756,507,1370,7-38,4-33,70-44,8,8,99,69,103,77,0,0,1,8,1,8,164,1,8,156,1,button,1,8,8,0,155,0,1.0000,21,0.000084,-1,-1,button,1,8,8,0,155,0,1.0000,21,0.000176,,-1,button,1,8,8,0,155,0,1.0000,21,0.000286,-1,,button,1,8,8,0,155,0,1.0000,21,0.191905,-1,-1,8,0,0,0,0.4,risk_path,4,Bot1|Bot2|Bot3|Bot4,,1,0
65,0.60,75,440,282407045,3208019061,3667,0.651911,507,1402,71-60,44-21,48-55,68,66,40,28,64,38,1,0,1,68,0,,93,1,68,25,1,button,1,68,68,0,12,0,1.0000,1567,0.010869,-1,-1,button,1,68,68,0,12,0,1.0000,1567,0.023643,,-1,button,1,68,68,0,12,0,1.0000,1567,0.045399,-1,,button,1,68,68,0,12,0,1.0000,1567,6.645561,-1,-1,68,0,0,0,0.4,risk_path,4,Bot1|Bot2|Bot3|Bot4,,1,0
66,0.60,75,440,2624712765,892082244,3630,0.645333,514,1350,67-68,51-49,10-44,39,35,91,81,62,46,0,0,1,39,1,39,98,1,39,59,1,button,1,39,39,0,59,0,1.0000,473,0.002077,-1,-1,button,1,39,39,0,59,0,1.0000,473,0.004164,,-1,button,1,39,39,0,59,0,1.0000,473,0.007306,-1,,button,1,39,39,0,59,0,1.0000,473,2.606457,-1,-1,39,0,0,0,0.4,risk_path,4,Bot1|Bot2|Bot3|Bot4,,1,0
67,0.60,75,440,1729019775,856386472,3624,0.644267,517,1409,60-53,29-59,62-26,39,37,43,29,68,66,0,0,1,39,1,39,104,1,39,65,1,button,1,39,39,0,46,0,1.0000,453,0.001845,-1,-1,button,1,39,39,0,46,0,1.0000,453,0.004705,,-1,button,1,39,39,0,46,0,1.0000,453,0.007843,-1,,button,1,39,39,0,46,0,1.0000,453,2.748708,-1,-1,39,0,0,0,0.4,risk_path,4,Bot1|Bot2|Bot3|Bot4,,1,0
68,0.60,75,440,4025098533,459075162,3613,0.642311,482,1310,53-46,53-73,41-17,43,27,43,41,86,68,0,0,1,43,1,43,130,1,43,87,1,button,1,43,43,0,63,0,1.0000,502,0.002226,-1,-1,button,1,43,43,0,63,0,1.0000,502,0.006840,,-1,button,1,43,43,0,63,0,1.0000,502,0.012154,-1,,button,1,43,43,0,63,0,1.0000,502,3.083613,-1,-1,43,0,0,0,0.4,risk_path,4,Bot1|Bot2|Bot3|Bot4,,1,0
69,0.60,75,440,266228852,4289431394,3621,0.643733,500,1398,43-3,26-13,19-65,43,27,102,86,79,59,0,0,1,43,1,43,121,1,43,78,1,button,1,43,43,0,73,0,1.0000,542,0.002664,-1,-1,button,1,43,43,0,73,0,1.0000,542,0.007483,,-1,button,1,43,43,0,73,0,1.0000,542,0.013829,-1,,button,1,43,43,0,73,0,1.0000,542,3.049566,-1,-1,43,0,0,0,0.4,risk_path,4,Bot1|Bot2|Bot3|Bot4,,1,0
70,0.60,75,440,3288517247,2662616909,3639,0.646933,504,1347,14-60,54-8,52-56,96,92,58,42,64,50,1,0,1,96,0,,105,1,98,7,0,walked_into_fire,0,46,46,0,-1,50,0.4792,730,0.004552,43,43,fire_reached_bot,0,107,105,2,-1,5,0.9479,,0.069404,,83,button,1,102,102,0,1,0,1.0000,2449,0.108942,83,,fire_reached_bot,0,107,105,2,-1,5,0.9479,,11.708516,-1,83,107,4,101,2,0.99,no_path,1,Bot3,Bot1|Bot2|Bot4,0,0
71,0.60,75,440,3168276635,2131575540,3624,0.644267,484,1358,74-4,42-32,8-21,64,60,93,83,49,45,1,0,1,64,0,,70,1,64,6,1,button,1,64,64,0,6,0,1.0000,1076,0.006762,-1,-1,button,1,64,64,0,6,0,1.0000,1076,0.018818,,-1,button,1,64,64,0,6,0,1.0000,1076,0.028879,-1,,button,1,64,64,0,6,0,1.0000,1076,6.192554,-1,-1,64,11,6,0,0.99,risk_path,4,Bot1|Bot2|Bot3|Bot4,,1,0
72,0.60,75,440,3264989703,3396489466,3645,0.648000,501,1378,40-20,63-53,65-66,60,56,81,71,27,15,1,0,1,60,0,,39,0,,,0,fire_reached_bot,0,47,47,0,-7,13,0.7833,,0.003111,39,39,fire_reached_bot,0,60,38,22,-20,22,0.6333,,0.107971,,-1,fire_reached_bot,0,60,38,22,-20,22,0.6333,,0.237640,-1,,fire_reached_bot,0,60,38,22,-20,22,0.6333,,5.207804,-1,-1,60,0,38,22,,no_path,0,,Bot1|Bot2|Bot3|Bot4,0,1
73,0.60,75,440,3661586234,851551463,3654,0.649600,496,1346,19-42,55-11,6-19,77,67,48,36,73,57,1,0,1,77,0,,106,1,77,29,1,button,1,77,77,0,19,0,1.0000,998,0.008534,-1,-1,button,1,77,77,0,19,0,1.0000,998,0.039454,,-1,button,1,77,77,0,19,0,1.0000,998,0.067446,-1,,button,1,77,77,0,25,0,1.0000,998,8.220057,30,30,77,0,0,0,0.4,risk_path,4,Bot1|Bot2|Bot3|Bot4,,1,0
74,0.60,75,440,1507352610,3438827500,3616,0.642844,480,1296,44-65,19-74,3-51,36,34,71,55,43,39,0,0,1,36,1,36,65,1,36,29,1,button,1,36,36,0,29,0,1.0000,150,0.000782,-1,-1,button,1,36,36,0,29,0,1.0000,150,0.002688,,-1,button,1,36,36,0,29,0,1.0000,150,0.003459,-1,,button,1,36,36,0,29,0,1.0000,150,2.578982,-1,-1,36,0,0,0,0.4,risk_path,4,Bot1|Bot2|Bot3|Bot4,,1,0
75,0.60,75,440,2046749167,4286327507,3627,0.644800,499,1365,2-9,37-12,35-29,62,38,61,53,25,19,1,0,1,62,0,,40,0,,,0,walked_into_fire,0,46,46,0,-5,16,0.7419,,0.004178,37,37,fire_reached_bot,0,56,36,20,-15,26,0.5806,,0.060588,,-1,fire_reached_bot,0,56,36,20,-15,26,0.5806,,0.123352,-1,,fire_reached_bot,0,56,36,20,-15,26,0.5806,,4.498546,-1,-1,56,0,36,20,,no_path,0,,Bot1|Bot2|Bot3|Bot4,0,1
76,0.60,75,440,3008379624,3615876865,3655,0.649778,515,1384,43-36,1-62,52-64,72,68,49,37,85,53,0,0,1,72,1,72,138,1,72,66,1,button,1,72,72,0,55,0,1.0000,866,0.006174,-1,-1,button,1,72,72,0,55,0,1.0000,866,0.024400,,-1,button,1,72,72,0,55,0,1.0000,866,0.034542,-1,,button,1,72,72,0,52,0,1.0000,866,7.204096,54,54,72,0,0,0,0.4,risk_path,4,Bot1|Bot2|Bot3|Bot4,,1,0
77,0.60,75,440,168951023,2051054311,3646,0.648178,498,1387,63-46,7-52,36-46,78,62,39,27,41,35,1,0,1,78,0,,58,0,,,0,fire_reached_bot,0,22,22,0,0,56,0.2821,108,0.001031,12,12,fire_reached_bot,0,94,58,36,-35,40,0.4872,,0.099218,,32,fire_reached_bot,0,94,58,36,-35,38,0.5128,,0.196528,32,,fire_reached_bot,0,94,58,36,-35,40,0.4872,,8.044823,-1,32,94,0,58,36,,no_path,0,,Bot1|Bot2|Bot3|Bot4,0,1
78,0.60,75,440,2349810379,2265303479,3641,0.647289,501,1376,71-31,32-73,47-46,91,81,51,39,46,42,1,0,1,91,0,,72,0,,,0,fire_reached_bot,0,32,32,0,0,59,0.3516,158,0.001664,13,6,fire_reached_bot,0,58,57,1,0,56,0.3846,852,0.054126,,6,fire_reached_bot,0,75,71,4,-2,64,0.2967,,0.130703,6,,fire_reached_bot,0,58,57,1,0,56,0.3846,852,10.009045,-1,6,58,0,57,1,,no_path,0,,Bot1|Bot2|Bot3|Bot4,0,1
79,0.60,75,440,2763321522,3868111401,3664,0.651378,494,1408,50-59,10-66,49-54,63,47,6,6,63,51,0,0,1,63,0,,96,1,63,33,1,button,1,63,63,0,2,0,1.0000,1182,0.008211,-1,-1,button,1,63,63,0,2,0,1.0000,1182,0.020179,,-1,button,1,63,63,0,2,0,1.0000,1182,0.028821,-1,,button,1,63,63,0,2,0,1.0000,1182,5.904714,34,34,63,0,0,0,0.4,risk_path,4,Bot1|Bot2|Bot3|Bot4,,1,0
80,0.60,75,440,3716998955,3442828106,3643,0.647644,507,1384,32-60,45-60,19-26,29,13,51,47,72,60,0,0,1,29,1,29,115,1,29,86,1,button,1,29,29,0,65,0,1.0000,314,0.001133,-1,-1,button,1,29,29,0,65,0,1.0000,314,0.003006,,-1,button,1,29,29,0,65,0,1.0000,314,0.004131,-1,,button,1,29,29,0,65,0,1.0000,314,1.461342,15,15,29,0,0,0,0.4,risk_path,4,Bot1|Bot2|Bot3|Bot4,,1,0
81,0.60,75,440,2802822109,1173380791,3659,0.650489,505,1348,72-70,46-13,62-73,91,83,29,13,92,76,0,0,1,91,1,91,144,1,91,53,1,button,1,91,91,0,13,0,1.0000,1108,0.010138,-1,-1,button,1,91,91,0,13,0,1.0000,1108,0.037645,,-1,button,1,91,91,0,13,0,1.0000,1108,0.055238,-1,,button,1,91,91,0,13,0,1.0000,1108,10.945812,-1,-1,91,0,0,0,0.4,risk_path,4,Bot1|Bot2|Bot3|Bot4,,1,0
82,0.60,75,440,1458696374,4138283831,3640,0.647111,513,1373,14-4,25-57,6-47,78,64,63,51,31,29,1,0,1,78,0,,46,0,,,0,walked_into_fire,0,45,45,0,-1,33,0.5769,468,0.003003,33,33,fire_reached_bot,0,71,46,25,-24,44,0.4359,,0.132714,,-1,fire_reached_bot,0,71,46,25,-24,44,0.4359,,0.278094,-1,,fire_reached_bot,0,71,46,25,-24,44,0.4359,,7.551301,-1,-1,71,0,46,25,,no_path,0,,Bot1|Bot2|Bot3|Bot4,0,1
83,0.60,75,440,2432187744,4169280272,3642,0.647467,503,1356,40-58,45-19,12-50,66,44,46,36,86,64,0,0,1,66,1,66,135,1,66,69,1,button,1,66,66,0,50,0,1.0000,931,0.005814,-1,-1,button,1,66,66,0,50,0,1.0000,931,0.020230,,-1,button,1,66,66,0,50,0,1.0000,931,0.030498,-1,,button,1,66,66,0,50,0,1.0000,931,6.361695,14,14,66,0,0,0,0.4,risk_path,4,Bot1|Bot2|Bot3|Bot4,,1,0
84,0.60,75,440,117610117,309971403,3649,0.648711,513,1375,38-60,71-19,27-60,80,74,29,11,91,85,0,0,1,80,1,80,141,1,80,61,1,button,1,80,80,0,43,0,1.0000,1534,0.012931,-1,-1,button,1,80,80,0,43,0,1.0000,1534,0.040687,,-1,button,1,80,80,0,43,0,1.0000,1534,0.062868,-1,,button,1,80,80,0,43,0,1.0000,1534,7.566098,1,1,80,0,0,0,0.4,risk_path,4,Bot1|Bot2|Bot3|Bot4,,1,0
85,0.60,75,440,2351945767,3852249623,3652,0.649244,513,1378,46-2,42-17,48-41,27,19,63,41,48,30,0,0,1,27,1,27,70,1,27,43,1,button,1,27,27,0,42,0,1.0000,315,0.001155,-1,-1,button,1,27,27,0,42,0,1.0000,315,0.002853,,-1,button,1,27,27,0,42,0,1.0000,315,0.003988,-1,,button,1,27,27,0,42,0,1.0000,315,1.186921,-1,-1,27,0,0,0,0.4,risk_path,4,Bot1|Bot2|Bot3|Bot4,,1,0
86,0.60,75,440,2895808900,3809999560,3632,0.645689,498,1315,29-67,1-17,74-52,80,78,78,60,124,108,0,0,1,80,1,80,198,1,80,118,1,button,1,80,80,0,95,0,1.0000,713,0.005464,-1,-1,button,1,80,80,0,95,0,1.0000,713,0.028063,,-1,button,1,80,80,0,95,0,1.0000,713,0.033219,-1,,button,1,80,80,0,95,0,1.0000,713,8.836470,-1,-1,80,0,0,0,0.4,risk_path,4,Bot1|Bot2|Bot3|Bot4,,1,0
87,0.60,75,440,2723283324,3272133986,3648,0.648533,511,1411,47-73,31-5,7-43,104,84,90,70,88,62,1,0,1,104,0,,121,1,104,17,1,button,1,104,104,0,14,0,1.0000,2024,0.021544,-1,-1,button,1,104,104,0,14,0,1.0000,2024,0.075568,,-1,button,1,104,104,0,14,0,1.0000,2024,0.119487,-1,,button,1,104,104,0,14,0,1.0000,2024,11.932449,-1,-1,104,11,15,0,0.99,risk_path,4,Bot1|Bot2|Bot3|Bot4,,1,0
88,0.60,75,440,442504758,736042750,3679,0.654044,508,1420,16-28,1-29,31-35,26,16,30,22,46,36,0,0,1,26,1,26,73,1,26,47,1,button,1,26,26,0,41,0,1.0000,229,0.000876,-1,-1,button,1,26,26,0,41,0,1.0000,229,0.002024,,-1,button,1,26,26,0,41,0,1.0000,229,0.003265,-1,,button,1,26,26,0,41,0,1.0000,229,1.117444,-1,-1,26,0,0,0,0.4,risk_path,4,Bot1|Bot2|Bot3|Bot4,,1,0
89,0.60,75,440,2689907484,1240102764,3643,0.647644,497,1379,16-33,54-64,7-11,73,69,33,31,104,100,0,0,1,73,1,73,157,1,73,84,1,button,1,73,73,0,54,0,1.0000,1019,0.010534,-1,-1,button,1,73,73,0,54,0,1.0000,1019,0.016365,,-1,button,1,73,73,0,54,0,1.0000,1019,0.030647,-1,,button,1,73,73,0,54,0,1.0000,1019,7.196142,15,15,73,0,0,0,0.4,risk_path,4,Bot1|Bot2|Bot3|Bot4,,1,0
90,0.60,75,440,1410515791,2649707326,3622,0.643911,490,1314,8-14,42-56,9-9,84,76,8,6,88,80,0,0,1,84,1,84,132,1,84,48,1,button,1,84,84,0,7,0,1.0000,1082,0.014972,-1,-1,button,1,84,84,0,7,0,1.0000,1082,0.039793,,-1,button,1,84,84,0,7,0,1.0000,1082,0.050450,-1,,button,1,84,84,0,7,0,1.0000,1082,8.700850,15,15,84,0,0,0,0.4,risk_path,4,Bot1|Bot2|Bot3|Bot4,,1,0
91,0.60,75,440,1198831680,429899597,3632,0.645689,491,1347,53-16,73-34,18-42,46,38,65,61,73,63,0,0,1,46,1,46,116,1,46,70,1,button,1,46,46,0,66,0,1.0000,732,0.005796,-1,-1,button,1,46,46,0,66,0,1.0000,732,0.008372,,-1,button,1,46,46,0,66,0,1.0000,732,0.013060,-1,,button,1,46,46,0,66,0,1.0000,732,3.010857,1,1,46,0,0,0,0.4,risk_path,4,Bot1|Bot2|Bot3|Bot4,,1,0
92,0.60,75,440,2479440059,167758409,3623,0.644089,483,1277,70-63,69-1,24-59,93,63,66,50,109,103,0,0,1,93,1,93,179,1,93,86,1,button,1,93,93,0,76,0,1.0000,1806,0.026594,-1,-1,button,1,93,93,0,76,0,1.0000,1806,0.055261,,-1,button,1,93,93,0,76,0,1.0000,1806,0.081883,-1,,button,1,93,93,0,76,0,1.0000,1806,9.673322,10,10,93,0,0,0,0.4,risk_path,4,Bot1|Bot2|Bot3|Bot4,,1,0
93,0.60,75,440,2629098381,3995597651,3617,0.643022,492,1335,43-38,0-52,68-32,73,57,45,31,106,88,0,0,1,73,1,73,176,1,73,103,1,button,1,73,73,0,60,0,1.0000,1153,0.009078,-1,-1,button,1,73,73,0,60,0,1.0000,1153,0.033839,,-1,button,1,73,73,0,60,0,1.0000,1153,0.044673,-1,,button,1,73,73,0,60,0,1.0000,1153,6.873562,-1,-1,73,0,0,0,0.4,risk_path,4,Bot1|Bot2|Bot3|Bot4,,1,0
94,0.60,75,440,4034527632,2373009210,3618,0.643200,497,1351,2-63,74-14,29-36,133,121,56,54,79,67,1,0,1,133,0,,118,0,,,0,walked_into_fire,0,32,32,0,-2,101,0.2406,400,0.004625,22,21,fire_reached_bot,0,54,53,1,0,118,0.1128,1222,0.161210,,21,fire_reached_bot,0,54,53,1,0,118,0.1128,1222,0.183473,21,,fire_reached_bot,0,54,53,1,0,118,0.1128,1222,10.607901,-1,21,54,0,53,1,,no_path,0,,Bot1|Bot2|Bot3|Bot4,0,1
95,0.60,75,440,83074924,374331740,3621,0.643733,498,1346,0-52,43-16,43-65,89,79,64,56,81,49,1,0,1,89,0,,134,1,89,45,1,button,1,89,89,0,44,0,1.0000,1766,0.016330,-1,-1,button,1,89,89,0,44,0,1.0000,1766,0.052587,,-1,button,1,89,89,0,44,0,1.0000,1766,0.081297,-1,,button,1,89,89,0,38,0,1.0000,1766,8.987315,9,9,89,0,0,0,0.4,risk_path,4,Bot1|Bot2|Bot3|Bot4,,1,0
96,0.60,75,440,902943538,3127573542,3621,0.643733,508,1388,18-50,22-44,54-28,10,10,60,58,50,48,0,0,1,10,1,10,87,1,10,77,1,button,1,10,10,0,77,0,1.0000,24,0.000120,-1,-1,button,1,10,10,0,77,0,1.0000,24,0.000272,,-1,button,1,10,10,0,77,0,1.0000,24,0.000385,-1,,button,1,10,10,0,77,0,1.0000,24,0.235046,3,3,10,0,0,0,0.4,risk_path,4,Bot1|Bot2|Bot3|Bot4,,1,0
97,0.60,75,440,1323143353,2588849054,3631,0.645511,502,1329,18-54,46-56,54-72,50,30,56,54,26,24,1,0,1,50,0,,35,0,,,0,walked_into_fire,0,40,40,0,-4,10,0.8000,,0.002365,34,34,fire_reached_bot,0,49,35,14,-13,19,0.6200,,0.071607,,-1,fire_reached_bot,0,49,35,14,-13,19,0.6200,,0.146560,-1,,fire_reached_bot,0,49,35,14,-13,19,0.6200,,4.319969,-1,-1,49,0,35,14,,no_path,0,,Bot1|Bot2|Bot3|Bot4,0,1
98,0.60,75,440,172568286,2343787580,3644,0.647822,511,1392,60-60,70-36,25-9,36,34,88,86,90,72,0,0,1,36,1,36,124,1,36,88,1,button,1,36,36,0,87,0,1.0000,409,0.001638,-1,-1,button,1,36,36,0,87,0,1.0000,409,0.003825,,-1,button,1,36,36,0,87,0,1.0000,409,0.006788,-1,,button,1,36,36,0,88,0,1.0000,409,2.099667,7,7,36,0,0,0,0.4,risk_path,4,Bot1|Bot2|Bot3|Bot4,,1,0
99,0.60,75,440,398009931,2986606611,3623,0.644089,501,1378,64-44,52-32,42-2,24,24,70,64,48,40,0,0,1,24,1,24,75,1,24,51,1,button,1,24,24,0,51,0,1.0000,113,0.000475,-1,-1,button,1,24,24,0,51,0,1.0000,113,0.001331,,-1,button,1,24,24,0,51,0,1.0000,113,0.001897,-1,,button,1,24,24,0,51,0,1.0000,113,1.011595,-1,-1,24,0,0,0,0.4,risk_path,4,Bot1|Bot2|Bot3|Bot4,,1,0
100,0.60,75,440,2731167691,650338235,3631,0.645511,511,1398,15-65,12-41,22-36,51,27,44,36,15,15,1,0,1,51,0,,20,0,,,0,walked_into_fire,0,39,39,0,-18,12,0.7647,,0.003044,21,21,fire_reached_bot,0,61,20,41,-40,31,0.3922,,0.173117,,-1,fire_reached_bot,0,61,20,41,-40,31,0.3922,,0.355059,-1,,fire_reached_bot,0,61,20,41,-40,31,0.3922,,2.536850,-1,-1,61,0,20,41,,no_path,0,,Bot1|Bot2|Bot3|Bot4,0,1
101,0.60,75,440,3976025462,1984228406,3637,0.646578,518,1371,60-37,47-47,45-51,35,23,37,29,8,6,1,0,1,35,0,,15,0,,,0,fire_reached_bot,0,22,22,0,-6,13,0.6286,,0.000547,10,10,fire_reached_bot,0,42,9,33,-26,26,0.2571,,0.162162,,-1,fire_reached_bot,0,42,9,33,-26,26,0.2571,,0.379871,-1,,fire_reached_bot,0,42,9,33,-26,26,0.2571,,1.071914,-1,-1,42,0,9,33,,no_path,0,,Bot1|Bot2|Bot3|Bot4,0,1
102,0.60,75,440,3469237606,1649159914,3647,0.648356,506,1395,16-63,59-25,55-5,89,81,101,97,32,24,1,0,1,89,0,,50,0,,,0,walked_into_fire,0,71,71,0,-20,18,0.7978,,0.007676,50,50,fire_reached_bot,0,80,49,31,-29,40,0.5506,,0.156573,,-1,fire_reached_bot,0,80,49,31,-29,40,0.5506,,0.337119,-1,,fire_reached_bot,0,80,49,31,-29,40,0.5506,,8.995288,-1,-1,80,0,49,31,,no_path,0,,Bot1|Bot2|Bot3|Bot4,0,1
103,0.60,75,440,1354804743,391426036,3643,0.647644,507,1361,49-52,55-52,69-35,8,6,39,37,35,31,0,0,1,8,1,8,50,1,8,42,1,button,1,8,8,0,42,0,1.0000,24,0.000097,-1,-1,button,1,8,8,0,42,0,1.0000,24,0.000232,,-1,button,1,8,8,0,42,0,1.0000,24,0.000353,-1,,button,1,8,8,0,40,0,1.0000,24,0.184903,6,6,8,0,0,0,0.4,risk_path,4,Bot1|Bot2|Bot3|Bot4,,1,0
104,0.60,75,440,4136514547,4012823104,3668,0.652089,517,1436,46-54,39-69,8-3,24,22,95,89,115,97,0,0,1,24,1,24,182,1,24,158,1,button,1,24,24,0,152,0,1.0000,71,0.000390,-1,-1,button,1,24,24,0,152,0,1.0000,71,0.001475,,-1,button,1,24,24,0,152,0,1.0000,71,0.002185,-1,,button,1,24,24,0,152,0,1.0000,71,0.997162,-1,-1,24,0,0,0,0.4,risk_path,4,Bot1|Bot2|Bot3|Bot4,,1,0
105,0.60,75,440,1802906948,4050598220,3643,0.647644,499,1382,33-16,18-43,1-63,58,42,83,79,39,37,1,0,1,58,0,,66,1,58,8,1,button,1,58,58,0,4,0,1.0000,542,0.003580,-1,-1,button,1,58,58,0,4,0,1.0000,542,0.015913,,-1,button,1,58,58,0,4,0,1.0000,542,0.020975,-1,,button,1,58,58,0,4,0,1.0000,542,5.798001,36,36,58,13,35,0,0.99,risk_path,4,Bot1|Bot2|Bot3|Bot4,,1,0
106,0.60,75,440,4274087871,3596512109,3639,0.646933,511,1331,55-51,1-14,4-69,91,91,81,69,78,58,1,0,1,91,0,,109,1,91,18,1,button,1,91,91,0,14,0,1.0000,961,0.008625,-1,-1,button,1,91,91,0,14,0,1.0000,961,0.023097,,-1,button,1,91,91,0,14,0,1.0000,961,0.038558,-1,,button,1,91,91,0,14,0,1.0000,961,11.000022,-1,-1,91,3,0,0,0.6,risk_path,4,Bot1|Bot2|Bot3|Bot4,,1,0
107,0.60,75,440,3806192457,1257605443,3641,0.647289,497,1368,71-43,46-0,13-11,72,68,100,90,64,44,1,0,1,72,0,,100,1,72,28,1,button,1,72,72,0,28,0,1.0000,968,0.008058,-1,-1,button,1,72,72,0,28,0,1.0000,968,0.024263,,-1,button,1,72,72,0,28,0,1.0000,968,0.040989,-1,,button,1,72,72,0,28,0,1.0000,968,7.083192,-1,-1,72,0,0,0,0.4,risk_path,4,Bot1|Bot2|Bot3|Bot4,,1,0
108,0.60,75,440,3395390498,1222503905,3664,0.651378,520,1390,12-36,29-30,4-71,31,23,53,43,68,66,0,0,1,31,1,31,108,1,31,77,1,button,1,31,31,0,68,0,1.0000,149,0.000662,-1,-1,button,1,31,31,0,68,0,1.0000,149,0.002513,,-1,button,1,31,31,0,68,0,1.0000,149,0.003238,-1,,button,1,31,31,0,68,0,1.0000,149,1.624732,14,14,31,0,0,0,0.4,risk_path,4,Bot1|Bot2|Bot3|Bot4,,1,0
109,0.60,75,440,3653473380,1973034153,3655,0.649778,504,1448,65-67,22-22,34-51,96,88,61,47,51,41,1,0,1,96,0,,78,0,,,0,fire_reached_bot,0,37,37,0,0,59,0.3854,320,0.002231,-1,34,fire_reached_bot,0,37,37,0,0,59,0.3854,320,0.033606,,34,fire_reached_bot,0,53,49,4,0,67,0.3021,823,0.062624,34,,fire_reached_bot,0,37,37,0,0,59,0.3854,320,6.101485,-1,34,37,0,37,0,,shortest_path_fallback,0,,Bot1|Bot2|Bot3|Bot4,0,1
110,0.60,75,440,4082012561,1074635792,3655,0.649778,497,1382,49-25,32-5,37-65,37,37,64,52,87,65,0,0,1,37,1,37,128,1,37,91,1,button,1,37,37,0,90,0,1.0000,245,0.001260,-1,-1,button,1,37,37,0,90,0,1.0000,245,0.003035,,-1,button,1,37,37,0,90,0,1.0000,245,0.004183,-1,,button,1,37,37,0,90,0,1.0000,245,2.290265,-1,-1,37,0,0,0,0.4,risk_path,4,Bot1|Bot2|Bot3|Bot4,,1,0
111,0.60,75,440,416203697,1615190462,3657,0.650133,504,1392,10-8,49-62,1-12,95,93,25,13,100,98,0,0,1,95,1,95,151,1,95,56,1,button,1,95,95,0,15,0,1.0000,1198,0.010381,-1,-1,button,1,95,95,0,15,0,1.0000,1198,0.035823,,-1,button,1,95,95,0,15,0,1.0000,1198,0.050182,-1,,button,1,95,95,0,19,0,1.0000,1198,11.596551,4,4,95,0,0,0,0.4,risk_path,4,Bot1|Bot2|Bot3|Bot4,,1,0
112,0.60,75,440,2193764734,2138228930,3634,0.646044,495,1355,5-53,26-8,50-73,84,66,77,65,95,89,0,0,1,84,1,84,125,1,84,41,1,button,1,84,84,0,38,0,1.0000,1330,0.012581,-1,-1,button,1,84,84,0,38,0,1.0000,1330,0.050845,,-1,button,1,84,84,0,38,0,1.0000,1330,0.068507,-1,,button,1,84,84,0,38,0,1.0000,1330,8.735295,17,17,84,0,0,0,0.4,risk_path,4,Bot1|Bot2|Bot3|Bot4,,1,0
113,0.60,75,440,901889356,3820153862,3646,0.648178,513,1391,62-42,17-55,3-0,66,58,105,101,77,69,0,0,1,66,1,66,107,1,66,41,1,button,1,66,66,0,40,0,1.0000,549,0.003808,-1,-1,button,1,66,66,0,40,0,1.0000,549,0.012412,,-1,button,1,66,66,0,40,0,1.0000,549,0.017683,-1,,button,1,66,66,0,40,0,1.0000,549,6.313039,-1,-1,66,0,0,0,0.4,risk_path,4,Bot1|Bot2|Bot3|Bot4,,1,0
114,0.60,75,440,1911151784,3134867747,3627,0.644800,498,1377,36-73,65-72,37-32,52,30,56,42,72,68,0,0,1,52,1,52,112,1,52,60,1,button,1,52,52,0,54,0,1.0000,1120,0.005953,-1,-1,button,1,52,52,0,54,0,1.0000,1120,0.012341,,-1,button,1,52,52,0,54,0,1.0000,1120,0.019642,-1,,button,1,52,52,0,54,0,1.0000,1120,3.611485,35,35,52,0,0,0,0.4,risk_path,4,Bot1|Bot2|Bot3|Bot4,,1,0
115,0.60,75,440,1828045502,3560377918,3637,0.646578,489,1362,63-14,43-70,18-23,94,76,60,54,80,72,1,0,1,94,0,,129,1,94,35,1,button,1,94,94,0,29,0,1.0000,2299,0.028524,-1,-1,button,1,94,94,0,29,0,1.0000,2299,0.081718,,-1,button,1,94,94,0,29,0,1.0000,2299,0.114265,-1,,button,1,94,94,0,29,0,1.0000,2299,8.853005,-1,-1,94,0,0,0,0.4,risk_path,4,Bot1|Bot2|Bot3|Bot4,,1,0
116,0.60,75,440,794248593,1319229455,3632,0.645689,513,1408,15-60,69-51,1-71,83,63,27,25,92,88,0,0,1,83,1,83,126,1,83,43,1,button,1,83,83,0,14,0,1.0000,1124,0.009206,-1,-1,button,1,83,83,0,14,0,1.0000,1124,0.028958,,-1,button,1,83,83,0,14,0,1.0000,1124,0.039192,-1,,button,1,83,83,0,14,0,1.0000,1124,9.298082,22,22,83,0,0,0,0.4,risk_path,4,Bot1|Bot2|Bot3|Bot4,,1,0
117,0.60,75,440,247906182,231731730,3642,0.647467,494,1409,20-61,54-52,41-36,51,43,52,46,37,29,1,0,1,51,0,,52,0,,,0,fire_reached_bot,0,46,46,0,0,5,0.9020,804,0.004138,-1,46,fire_reached_bot,0,46,46,0,0,5,0.9020,804,0.009103,,46,fire_reached_bot,0,51,48,3,0,9,0.8235,1007,0.017185,46,,fire_reached_bot,0,46,46,0,0,5,0.9020,804,3.780584,43,43,46,17,26,0,0.99,risk_path,0,,Bot1|Bot2|Bot3|Bot4,0,1
118,0.60,75,440,2338859109,2503174722,3651,0.649067,498,1365,60-47,39-67,22-52,49,41,55,43,40,32,1,0,1,49,0,,60,1,49,11,1,button,1,49,49,0,5,0,1.0000,778,0.003774,-1,-1,button,1,49,49,0,5,0,1.0000,778,0.008931,,-1,button,1,49,49,0,5,0,1.0000,778,0.012938,-1,,button,1,49,49,0,5,0,1.0000,778,3.638297,-1,-1,49,5,9,0,0.99,risk_path,4,Bot1|Bot2|Bot3|Bot4,,1,0
119,0.60,75,440,2795650116,841446020,3644,0.647822,511,1355,59-73,29-38,14-26,65,65,92,92,27,27,1,0,1,65,0,,51,0,,,0,walked_into_fire,0,57,57,0,-5,8,0.8769,,0.006445,52,52,fire_reached_bot,0,63,51,12,-11,14,0.7846,,0.060060,,-1,fire_reached_bot,0,63,51,12,-11,14,0.7846,,0.116834,-1,,fire_reached_bot,0,63,51,12,-11,14,0.7846,,6.076183,-1,-1,63,0,51,12,,no_path,0,,Bot1|Bot2|Bot3|Bot4,0,1
120,0.60,75,440,2363225837,4020754255,3642,0.647467,496,1398,9-74,30-27,35-63,78,68,53,37,53,41,1,0,1,78,0,,75,0,,,0,fire_reached_bot,0,57,57,0,0,21,0.7308,1014,0.006440,57,57,fire_reached_bot,0,81,75,6,-5,17,0.7821,,0.054151,,-1,fire_reached_bot,0,81,75,6,-5,17,0.7821,,0.090712,-1,,fire_reached_bot,0,81,75,6,-5,17,0.7821,,8.164248,-1,-1,81,0,75,6,,no_path,0,,Bot1|Bot2|Bot3|Bot4,0,1
121,0.60,75,440,272157506,212865656,3665,0.651556,503,1381,45-19,17-12,29-12,43,35,25,23,24,12,1,0,1,43,0,,35,0,,,0,walked_into_fire,0,23,23,0,-1,20,0.5349,139,0.000785,23,21,fire_reached_bot,0,39,33,6,-3,28,0.3488,,0.039005,,21,fire_reached_bot,0,39,33,6,-3,28,0.3488,,0.100171,21,,fire_reached_bot,0,39,33,6,-3,28,0.3488,,4.395140,-1,21,39,0,33,6,,no_path,0,,Bot1|Bot2|Bot3|Bot4,0,1
122,0.60,75,440,377564765,534516638,3632,0.645689,502,1362,27-3,24-11,67-44,15,11,83,81,82,76,0,0,1,15,1,15,124,1,15,109,1,button,1,15,15,0,109,0,1.0000,88,0.000287,-1,-1,button,1,15,15,0,109,0,1.0000,88,0.000631,,-1,button,1,15,15,0,109,0,1.0000,88,0.000869,-1,,button,1,15,15,0,109,0,1.0000,88,0.477747,-1,-1,15,0,0,0,0.4,risk_path,4,Bot1|Bot2|Bot3|Bot4,,1,0
123,0.60,75,440,1595995648,4164420774,3638,0.646756,514,1373,61-17,41-64,33-69,75,67,88,80,21,13,1,0,1,75,0,,27,0,,,0,walked_into_fire,0,53,53,0,-25,22,0.7067,,0.003188,28,28,fire_reached_bot,0,92,27,65,-64,48,0.3600,,0.286716,,-1,fire_reached_bot,0,92,27,65,-64,48,0.3600,,0.613612,-1,,fire_reached_bot,0,92,27,65,-64,48,0.3600,,5.567107,-1,-1,92,0,27,65,,no_path,0,,Bot1|Bot2|Bot3|Bot4,0,1
124,0.60,75,440,2851316964,3849568425,3612,0.642133,497,1349,30-47,1-14,18-2,64,62,73,57,31,29,1,0,1,64,0,,49,0,,,0,fire_reached_bot,0,53,53,0,-3,11,0.8281,,0.003039,44,44,fire_reached_bot,0,64,43,21,-14,21,0.6719,,0.101008,,-1,fire_reached_bot,0,64,43,21,-14,21,0.6719,,0.201211,-1,,fire_reached_bot,0,64,43,21,-14,21,0.6719,,6.675984,-1,-1,64,0,43,21,,no_path,0,,Bot1|Bot2|Bot3|Bot4,0,1
125,0.60,75,440,75640016,983425269,3623,0.644089,509,1341,47-43,18-9,40-9,73,63,43,41,34,22,1,0,1,73,0,,64,0,,,0,fire_reached_bot,0,38,38,0,0,35,0.5205,351,0.002215,38,37,fire_reached_bot,0,66,64,2,-1,31,0.5753,,0.033001,,37,fire_reached_bot,0,66,64,2,-1,31,0.5753,,0.054685,37,,fire_reached_bot,0,66,64,2,-1,31,0.5753,,8.801991,-1,37,66,0,64,2,,no_path,0,,Bot1|Bot2|Bot3|Bot4,0,1
126,0.60,75,440,2257855052,553856936,3648,0.648533,488,1395,40-62,42-9,71-44,85,55,51,49,70,64,1,0,1,85,0,,121,1,85,36,1,button,1,85,85,0,18,0,1.0000,1366,0.012491,-1,-1,button,1,85,85,0,18,0,1.0000,1366,0.044945,,-1,button,1,85,85,0,18,0,1.0000,1366,0.059082,-1,,button,1,85,85,0,18,0,1.0000,1366,10.815987,-1,-1,85,12,24,0,0.99,risk_path,4,Bot1|Bot2|Bot3|Bot4,,1,0
127,0.60,75,440,2387835660,4210166861,3638,0.646756,493,1389,16-46,13-0,26-22,61,49,38,34,35,35,1,0,1,61,0,,52,0,,,0,fire_reached_bot,0,26,26,0,0,35,0.4262,318,0.001320,25,25,fire_reached_bot,0,29,24,5,0,37,0.3934,390,0.027669,,-1,fire_reached_bot,0,29,24,5,0,37,0.3934,390,0.055137,-1,,fire_reached_bot,0,29,24,5,0,37,0.3934,390,3.336561,-1,-1,29,0,24,5,,no_path,0,,Bot1|Bot2|Bot3|Bot4,0,1
128,0.60,75,440,880119995,1942672215,3641,0.647289,524,1390,39-49,62-0,18-73,82,72,45,45,127,117,0,0,1,82,1,82,187,1,82,105,1,button,1,82,82,0,72,0,1.0000,1119,0.010373,-1,-1,button,1,82,82,0,72,0,1.0000,1119,0.041393,,-1,button,1,82,82,0,72,0,1.0000,1119,0.052568,-1,,button,1,82,82,0,72,0,1.0000,1119,9.513350,4,4,82,0,0,0,0.4,risk_path,4,Bot1|Bot2|Bot3|Bot4,,1,0
129,0.60,75,440,2335898079,2211249253,3628,0.644978,514,1381,37-2,64-0,45-5,67,29,11,11,58,24,1,0,1,67,0,,95,0,,,0,walked_into_fire,0,7,7,0,-1,60,0.1045,7,0.000466,3,1,fire_reached_bot,0,49,49,0,0,58,0.1343,281,0.030624,,1,fire_reached_bot,0,92,79,13,0,74,-0.1045,1556,0.141281,1,,fire_reached_bot,0,49,49,0,0,58,0.1343,281,9.824489,-1,1,49,0,49,0,,shortest_path_fallback,0,,Bot1|Bot2|Bot3|Bot4,0,1
130,0.60,75,440,1465691200,1383389641,3648,0.648533,504,1394,67-45,2-1,32-38,111,109,54,42,67,67,1,0,1,111,0,,97,0,,,0,fire_reached_bot,0,34,34,0,0,77,0.3063,408,0.002020,33,33,fire_reached_bot,0,60,60,0,0,67,0.3964,1398,0.039660,,59,fire_reached_bot,0,76,67,9,0,78,0.2973,2324,0.095150,59,,fire_reached_bot,0,60,60,0,0,67,0.3964,1398,9.755021,-1,59,60,0,60,0,,shortest_path_fallback,0,,Bot1|Bot2|Bot3|Bot4,0,1
131,0.60,75,440,440757090,857276793,3614,0.642489,500,1344,44-57,14-72,67-57,47,45,29,23,76,68,0,0,1,47,1,47,100,1,47,53,1,button,1,47,47,0,39,0,1.0000,684,0.004909,-1,-1,button,1,47,47,0,39,0,1.0000,684,0.009412,,-1,button,1,47,47,0,39,0,1.0000,684,0.015274,-1,,button,1,47,47,0,39,0,1.0000,684,3.626307,-1,-1,47,0,0,0,0.4,risk_path,4,Bot1|Bot2|Bot3|Bot4,,1,0
132,0.60,75,440,3555543580,3812448778,3626,0.644622,494,1308,13-24,61-74,48-37,102,98,60,48,52,50,1,0,1,102,0,,73,0,,,0,walked_into_fire,0,41,41,0,-2,61,0.4020,384,0.002871,33,33,fire_reached_bot,0,88,60,28,-14,68,0.3333,,0.120983,,-1,fire_reached_bot,0,88,60,28,-14,68,0.3333,,0.197649,-1,,fire_reached_bot,0,88,60,28,-14,68,0.3333,,10.923692,-1,-1,88,0,60,28,,no_path,0,,Bot1|Bot2|Bot3|Bot4,0,1
133,0.60,75,440,948442129,703702193,3606,0.641067,489,1329,17-44,66-21,47-52,80,72,44,38,60,50,1,0,1,80,0,,88,1,80,8,1,button,1,80,80,0,8,0,1.0000,1637,0.016393,-1,-1,button,1,80,80,0,8,0,1.0000,1637,0.049293,,-1,button,1,80,80,0,8,0,1.0000,1637,0.061942,-1,,button,1,80,80,0,8,0,1.0000,1637,9.116147,41,41,80,18,12,0,0.99,risk_path,4,Bot1|Bot2|Bot3|Bot4,,1,0
134,0.60,75,440,1102281211,3563752405,3654,0.649600,503,1348,15-61,46-3,6-5,101,89,91,65,70,42,1,0,1,101,0,,110,1,103,7,0,fire_reached_bot,0,76,76,0,0,25,0.7525,650,0.005459,-1,76,fire_reached_bot,0,76,76,0,0,25,0.7525,650,0.057313,,76,fire_reached_bot,0,117,110,7,-6,19,0.8119,,0.136077,76,,fire_reached_bot,0,76,76,0,0,25,0.7525,650,15.602788,-1,76,76,4,72,0,0.99,risk_path,0,,Bot1|Bot2|Bot3|Bot4,0,1
135,0.60,75,440,807723142,2871911597,3642,0.647467,509,1338,62-61,53-43,38-3,37,27,96,82,69,55,0,0,1,37,1,37,99,1,37,62,1,button,1,37,37,0,59,0,1.0000,360,0.001907,-1,-1,button,1,37,37,0,59,0,1.0000,360,0.005234,,-1,button,1,37,37,0,59,0,1.0000,360,0.006891,-1,,button,1,37,37,0,59,0,1.0000,360,2.255905,-1,-1,37,0,0,0,0.4,risk_path,4,Bot1|Bot2|Bot3|Bot4,,1,0
136,0.60,75,440,1899007051,3079980098,3638,0.646756,507,1386,8-11,70-74,66-70,137,125,125,117,32,8,1,0,1,137,0,,50,0,,,0,fire_reached_bot,0,75,75,0,-24,62,0.5474,,0.009367,22,22,fire_reached_bot,0,160,21,139,-109,116,0.1533,,0.556725,,-1,fire_reached_bot,0,160,21,139,-109,116,0.1533,,1.080900,-1,,fire_reached_bot,0,160,21,139,-109,116,0.1533,,6.910780,-1,-1,160,0,21,139,,no_path,0,,Bot1|Bot2|Bot3|Bot4,0,1
137,0.60,75,440,647213272,3488528219,3639,0.646933,496,1345,70-47,48-57,68-22,44,32,33,27,57,55,0,0,1,44,1,44,86,1,44,42,1,button,1,44,44,0,35,0,1.0000,577,0.003088,-1,-1,button,1,44,44,0,35,0,1.0000,577,0.008066,,-1,button,1,44,44,0,35,0,1.0000,577,0.012355,-1,,button,1,44,44,0,35,0,1.0000,577,3.210738,-1,-1,44,0,0,0,0.4,risk_path,4,Bot1|Bot2|Bot3|Bot4,,1,0
138,0.60,75,440,2955646883,1522454323,3639,0.646933,498,1348,70-34,60-68,42-16,66,44,52,46,88,70,0,0,1,66,1,66,126,1,66,60,1,button,1,66,66,0,54,0,1.0000,1179,0.007632,-1,-1,button,1,66,66,0,54,0,1.0000,1179,0.024390,,-1,button,1,66,66,0,54,0,1.0000,1179,0.033161,-1,,button,1,66,66,0,54,0,1.0000,1179,5.863111,60,60,66,0,0,0,0.4,risk_path,4,Bot1|Bot2|Bot3|Bot4,,1,0
139,0.60,75,440,3313783522,2464351505,3645,0.648000,495,1407,56-27,40-63,31-4,64,52,54,48,80,68,0,0,1,64,1,64,120,1,64,56,1,button,1,64,64,0,46,0,1.0000,954,0.006253,-1,-1,button,1,64,64,0,46,0,1.0000,954,0.021150,,-1,button,1,64,64,0,46,0,1.0000,954,0.028549,-1,,button,1,64,64,0,46,0,1.0000,954,6.239983,50,50,64,0,0,0,0.4,risk_path,4,Bot1|Bot2|Bot3|Bot4,,1,0
140,0.60,75,440,3452405857,2375599770,3649,0.648711,506,1372,37-2,71-34,45-58,70,66,82,64,60,50,1,0,1,70,0,,97,1,70,27,1,button,1,70,70,0,17,0,1.0000,1357,0.010086,-1,-1,button,1,70,70,0,17,0,1.0000,1357,0.028114,,-1,button,1,70,70,0,17,0,1.0000,1357,0.038917,-1,,button,1,70,70,0,17,0,1.0000,1357,6.661230,6,6,70,0,0,0,0.4,risk_path,4,Bot1|Bot2|Bot3|Bot4,,1,0
141,0.60,75,440,1002585984,1855575115,3672,0.652800,510,1408,39-60,63-11,65-29,83,73,63,57,26,20,1,0,1,83,0,,39,0,,,0,walked_into_fire,0,39,39,0,-1,44,0.4699,391,0.002722,20,20,fire_reached_bot,0,48,39,9,-8,50,0.3976,,0.068566,,-1,fire_reached_bot,0,48,39,9,-8,50,0.3976,,0.101544,-1,,fire_reached_bot,0,48,39,9,-8,50,0.3976,,7.335572,-1,-1,48,0,39,9,,no_path,0,,Bot1|Bot2|Bot3|Bot4,0,1
142,0.60,75,440,216244798,858947628,3652,0.649244,509,1403,47-4,42-58,32-25,87,59,40,36,61,43,1,0,1,87,0,,94,1,93,1,0,walked_into_fire,0,46,46,0,-1,41,0.5287,591,0.003775,41,39,fire_reached_bot,0,108,92,16,-13,15,0.8276,,0.103265,,39,fire_reached_bot,0,103,92,11,-8,11,0.8736,,0.144336,39,,fire_reached_bot,0,108,92,16,-13,15,0.8276,,10.619636,-1,39,108,0,92,16,,no_path,0,,Bot1|Bot2|Bot3|Bot4,0,1
143,0.60,75,440,1035138522,1426829652,3638,0.646756,509,1403,25-73,20-22,66-72,76,56,68,42,98,96,0,0,1,76,1,76,149,1,76,73,1,button,1,76,76,0,58,0,1.0000,978,0.008028,-1,-1,button,1,76,76,0,58,0,1.0000,978,0.036689,,-1,button,1,76,76,0,58,0,1.0000,978,0.047331,-1,,button,1,76,76,0,58,0,1.0000,978,7.913585,-1,-1,76,0,0,0,0.4,risk_path,4,Bot1|Bot2|Bot3|Bot4,,1,0
144,0.60,75,440,833741974,2067007930,3647,0.648356,507,1395,18-23,49-6,31-6,66,48,50,30,28,18,1,0,1,66,0,,43,0,,,0,walked_into_fire,0,30,30,0,-1,36,0.4545,206,0.001070,30,28,fire_reached_bot,0,52,43,9,-8,51,0.2273,,0.056869,,28,fire_reached_bot,0,57,43,14,-13,55,0.1667,,0.144513,28,,fire_reached_bot,0,52,43,9,-8,51,0.2273,,7.191834,-1,28,52,0,43,9,,no_path,0,,Bot1|Bot2|Bot3|Bot4,0,1
145,0.60,75,440,2337670084,113731334,3646,0.648178,502,1417,55-29,37-24,34-37,45,23,45,29,28,16,1,0,1,45,0,,43,0,,,0,walked_into_fire,0,36,36,0,-1,9,0.8000,430,0.002039,34,34,fire_reached_bot,0,38,33,5,0,12,0.7333,529,0.033769,,-1,fire_reached_bot,0,38,33,5,0,12,0.7333,529,0.064649,-1,,fire_reached_bot,0,38,33,5,0,12,0.7333,529,3.035953,-1,-1,38,0,33,5,,no_path,0,,Bot1|Bot2|Bot3|Bot4,0,1
146,0.60,75,440,1787649367,1167024077,3657,0.650133,512,1392,14-28,1-15,50-67,26,26,83,75,107,101,0,0,1,26,1,26,160,1,26,134,1,button,1,26,26,0,116,0,1.0000,137,0.000596,-1,-1,button,1,26,26,0,116,0,1.0000,137,0.001776,,-1,button,1,26,26,0,116,0,1.0000,137,0.003430,-1,,button,1,26,26,0,116,0,1.0000,137,1.211190,-1,-1,26,0,0,0,0.4,risk_path,4,Bot1|Bot2|Bot3|Bot4,,1,0
147,0.60,75,440,979999953,4214328274,3643,0.647644,509,1369,73-50,6-59,2-35,108,76,110,86,54,28,1,0,1,108,0,,86,0,,,0,walked_into_fire,0,75,75,0,-3,33,0.6944,999,0.008393,72,71,fire_reached_bot,0,102,86,16,-15,52,0.5185,,0.140046,,71,fire_reached_bot,0,107,86,21,-20,54,0.5000,,0.255719,71,,fire_reached_bot,0,102,86,16,-15,52,0.5185,,14.825281,-1,71,102,0,86,16,,no_path,0,,Bot1|Bot2|Bot3|Bot4,0,1
148,0.60,75,440,1054847335,3500475643,3631,0.645511,510,1332,16-42,50-74,65-40,70,66,67,51,55,49,1,0,1,70,0,,80,1,70,10,1,button,1,70,70,0,10,0,1.0000,1449,0.009535,-1,-1,button,1,70,70,0,10,0,1.0000,1449,0.017708,,-1,button,1,70,70,0,10,0,1.0000,1449,0.030944,-1,,button,1,70,70,0,10,0,1.0000,1449,7.209145,49,49,70,10,10,0,0.99,risk_path,4,Bot1|Bot2|Bot3|Bot4,,1,0
149,0.60,75,440,175257072,1831328636,3645,0.648000,497,1375,51-67,36-24,24-26,78,58,76,68,16,14,1,0,1,78,0,,23,0,,,0,walked_into_fire,0,54,54,0,-30,24,0.6923,,0.007181,20,20,fire_reached_bot,0,88,19,69,-64,59,0.2436,,0.252901,,-1,fire_reached_bot,0,88,19,69,-64,59,0.2436,,0.495749,-1,,fire_reached_bot,0,88,19,69,-64,59,0.2436,,3.634642,-1,-1,88,0,19,69,,no_path,0,,Bot1|Bot2|Bot3|Bot4,0,1
150,0.60,75,440,782275208,1449296483,3626,0.644622,490,1345,36-22,61-74,74-15,91,77,59,45,76,72,1,0,1,91,0,,119,1,91,28,1,button,1,91,91,0,28,0,1.0000,1413,0.014322,-1,-1,button,1,91,91,0,28,0,1.0000,1413,0.044518,,-1,button,1,91,91,0,28,0,1.0000,1413,0.061629,-1,,button,1,91,91,0,28,0,1.0000,1413,10.647577,10,10,91,7,0,0,0.8,risk_path,4,Bot1|Bot2|Bot3|Bot4,,1,0
151,0.60,75,440,1315622670,76071239,3641,0.647289,502,1361,31-53,41-5,48-29,80,58,61,41,35,31,1,0,1,80,0,,57,0,,,0,walked_into_fire,0,36,36,0,-1,44,0.4500,283,0.002088,34,33,fire_reached_bot,0,51,51,0,0,39,0.5125,634,0.028462,,33,fire_reached_bot,0,58,55,3,0,35,0.5625,,0.065382,33,,fire_reached_bot,0,51,51,0,0,39,0.5125,634,8.508608,-1,33,51,0,51,0,,shortest_path_fallback,0,,Bot1|Bot2|Bot3|Bot4,0,1
152,0.60,75,440,3579991625,3229194548,3608,0.641422,497,1331,48-13,34-13,13-45,32,14,69,67,65,53,0,0,1,32,1,32,108,1,32,76,1,button,1,32,32,0,72,0,1.0000,343,0.001359,-1,-1,button,1,32,32,0,72,0,1.0000,343,0.004633,,-1,button,1,32,32,0,72,0,1.0000,343,0.005899,-1,,button,1,32,32,0,72,0,1.0000,343,1.819149,-1,-1,32,0,0,0,0.4,risk_path,4,Bot1|Bot2|Bot3|Bot4,,1,0
153,0.60,75,440,3847139812,3509606694,3641,0.647289,498,1353,5-25,63-60,7-65,105,93,70,42,91,61,1,0,1,105,0,,134,1,105,29,1,button,1,105,105,0,12,0,1.0000,1694,0.018466,-1,-1,button,1,105,105,0,12,0,1.0000,1694,0.081447,,-1,button,1,105,105,0,12,0,1.0000,1694,0.117991,-1,,button,1,105,105,0,12,0,1.0000,1694,13.750436,16,16,105,19,1,0,0.99,risk_path,4,Bot1|Bot2|Bot3|Bot4,,1,0
154,0.60,75,440,3024991366,1532867464,3642,0.647467,510,1382,14-15,44-47,50-59,66,62,86,80,20,18,1,0,1,66,0,,39,0,,,0,walked_into_fire,0,56,56,0,-16,10,0.8485,,0.005315,40,40,fire_reached_bot,0,78,39,39,-38,27,0.5909,,0.167750,,-1,fire_reached_bot,0,78,39,39,-38,27,0.5909,,0.321363,-1,,fire_reached_bot,0,78,39,39,-38,27,0.5909,,6.294050,-1,-1,78,0,39,39,,no_path,0,,Bot1|Bot2|Bot3|Bot4,0,1
155,0.60,75,440,77398656,2952771356,3656,0.649956,502,1378,31-28,68-3,37-6,66,62,34,28,46,34,1,0,1,66,0,,69,0,,,0,fire_reached_bot,0,53,53,0,0,13,0.8030,685,0.004080,-1,53,fire_reached_bot,0,53,53,0,0,13,0.8030,685,0.011616,,53,fire_reached_bot,0,78,69,9,-8,23,0.6515,,0.103527,53,,fire_reached_bot,0,53,53,0,0,13,0.8030,685,7.168820,-1,53,53,1,52,0,0.99,shortest_path_fallback,0,,Bot1|Bot2|Bot3|Bot4,0,1
156,0.60,75,440,1479374087,890278548,3637,0.646578,485,1364,25-27,72-41,49-50,75,61,57,47,46,32,1,0,1,75,0,,70,0,,,0,walked_into_fire,0,35,35,0,-1,40,0.4667,235,0.001793,34,34,fire_reached_bot,0,79,70,9,-8,19,0.7467,,0.060706,,60,fire_reached_bot,0,76,70,6,-5,17,0.7733,,0.090618,60,,fire_reached_bot,0,79,70,9,-8,19,0.7467,,8.469527,-1,60,79,0,70,9,,no_path,0,,Bot1|Bot2|Bot3|Bot4,0,1
157,0.60,75,440,2224295823,2491851967,3652,0.649244,510,1364,9-52,44-18,52-33,75,69,76,62,25,23,1,0,1,75,0,,39,0,,,0,walked_into_fire,0,47,47,0,-7,28,0.6267,,0.004425,40,40,fire_reached_bot,0,59,39,20,-19,36,0.5200,,0.085860,,-1,fire_reached_bot,0,59,39,20,-19,36,0.5200,,0.179142,-1,,fire_reached_bot,0,59,39,20,-19,36,0.5200,,6.268787,-1,-1,59,0,39,20,,no_path,0,,Bot1|Bot2|Bot3|Bot4,0,1
158,0.60,75,440,4250350007,863802251,3634,0.646044,516,1368,52-14,14-5,70-62,57,47,82,66,123,113,0,0,1,57,1,57,185,1,57,128,1,button,1,57,57,0,119,0,1.0000,520,0.003246,-1,-1,button,1,57,57,0,119,0,1.0000,520,0.009884,,-1,button,1,57,57,0,119,0,1.0000,520,0.013498,-1,,button,1,57,57,0,119,0,1.0000,520,5.198234,-1,-1,57,0,0,0,0.4,risk_path,4,Bot1|Bot2|Bot3|Bot4,,1,0
159,0.60,75,440,1797411092,3333033759,3625,0.644444,505,1318,69-22,18-54,2-51,89,83,106,96,21,19,1,0,1,89,0,,33,0,,,0,walked_into_fire,0,67,67,0,-33,22,0.7528,,0.005784,34,34,fire_reached_bot,0,106,33,73,-72,56,0.3708,,0.319290,,-1,fire_reached_bot,0,106,33,73,-72,56,0.3708,,0.726813,-1,,fire_reached_bot,0,106,33,73,-72,56,0.3708,,7.970463,-1,-1,106,0,33,73,,no_path,0,,Bot1|Bot2|Bot3|Bot4,0,1
160,0.60,75,440,2622103724,4030296821,3630,0.645333,510,1345,71-28,17-69,71-57,103,95,41,29,98,66,1,0,1,103,0,,146,1,103,43,1,button,1,103,103,0,29,0,1.0000,1582,0.018384,-1,-1,button,1,103,103,0,29,0,1.0000,1582,0.088444,,-1,button,1,103,103,0,29,0,1.0000,1582,0.109995,-1,,button,1,103,103,0,24,0,1.0000,1582,13.045539,16,16,103,0,0,0,0.4,risk_path,4,Bot1|Bot2|Bot3|Bot4,,1,0
161,0.60,75,440,2317555799,151919511,3653,0.649422,497,1386,39-11,9-48,34-21,71,67,19,15,58,52,1,0,1,71,0,,91,1,71,20,1,button,1,71,71,0,2,0,1.0000,1365,0.009288,-1,-1,button,1,71,71,0,2,0,1.0000,1365,0.021900,,-1,button,1,71,71,0,2,0,1.0000,1365,0.034598,-1,,button,1,71,71,0,2,0,1.0000,1365,7.093992,-1,-1,71,9,14,0,0.99,risk_path,4,Bot1|Bot2|Bot3|Bot4,,1,0
162,0.60,75,440,197254622,1131390103,3628,0.644978,492,1357,64-4,48-48,10-59,78,60,119,109,69,49,1,0,1,78,0,,110,1,78,32,1,button,1,78,78,0,32,0,1.0000,838,0.007873,-1,-1,button,1,78,78,0,32,0,1.0000,838,0.036888,,-1,button,1,78,78,0,32,0,1.0000,838,0.045433,-1,,button,1,78,78,0,32,0,1.0000,838,8.482818,-1,-1,78,0,0,0,0.4,risk_path,4,Bot1|Bot2|Bot3|Bot4,,1,0
163,0.60,75,440,2939572986,872181782,3637,0.646578,492,1354,24-49,24-6,26-14,61,43,47,37,26,10,1,0,1,61,0,,48,0,,,0,walked_into_fire,0,28,28,0,-2,33,0.4590,235,0.001522,19,19,fire_reached_bot,0,47,41,6,0,38,0.3770,710,0.046107,,31,fire_reached_bot,0,51,41,10,-2,40,0.3443,,0.124315,31,,fire_reached_bot,0,47,41,6,0,38,0.3770,710,6.187783,-1,31,47,0,41,6,,no_path,0,,Bot1|Bot2|Bot3|Bot4,0,1
164,0.60,75,440,318478055,3662582948,3642,0.647467,515,1402,71-51,66-61,54-8,21,15,76,60,89,65,0,0,1,21,1,21,132,1,21,111,1,button,1,21,21,0,107,0,1.0000,74,0.000364,-1,-1,button,1,21,21,0,107,0,1.0000,74,0.001270,,-1,button,1,21,21,0,107,0,1.0000,74,0.001648,-1,,button,1,21,21,0,107,0,1.0000,74,0.814408,-1,-1,21,0,0,0,0.4,risk_path,4,Bot1|Bot2|Bot3|Bot4,,1,0
165,0.60,75,440,4153650681,247554762,3644,0.647822,510,1382,64-68,47-30,67-69,71,55,10,4,81,59,0,0,1,71,1,71,129,1,71,58,1,button,1,71,71,0,21,0,1.0000,572,0.005158,-1,-1,button,1,71,71,0,21,0,1.0000,572,0.026664,,-1,button,1,71,71,0,21,0,1.0000,572,0.032641,-1,,button,1,71,71,0,21,0,1.0000,572,7.435568,-1,-1,71,0,0,0,0.4,risk_path,4,Bot1|Bot2|Bot3|Bot4,,1,0
166,0.60,75,440,3449166865,1705888709,3633,0.645867,507,1380,4-1,11-58,21-60,82,64,84,76,34,12,1,0,1,82,0,,66,0,,,0,walked_into_fire,0,53,53,0,-2,29,0.6463,710,0.004299,50,49,fire_reached_bot,0,81,61,20,-14,43,0.4756,,0.102830,,49,fire_reached_bot,0,84,61,23,-17,41,0.5000,,0.192491,49,,fire_reached_bot,0,81,61,20,-14,43,0.4756,,9.396110,-1,49,81,0,61,20,,no_path,0,,Bot1|Bot2|Bot3|Bot4,0,1
167,0.60,75,440,922269232,2098977963,3647,0.648356,511,1360,13-1,33-41,63-8,76,60,65,57,65,63,1,0,1,76,0,,97,1,76,21,1,button,1,76,76,0,21,0,1.0000,1061,0.009812,-1,-1,button,1,76,76,0,21,0,1.0000,1061,0.031882,,-1,button,1,76,76,0,21,0,1.0000,1061,0.044549,-1,,button,1,76,76,0,21,0,1.0000,1061,8.143656,26,26,76,4,0,0,0.8,risk_path,4,Bot1|Bot2|Bot3|Bot4,,1,0
168,0.60,75,440,544612032,2877135198,3672,0.652800,519,1443,73-8,4-23,58-24,108,84,33,31,77,55,1,0,1,108,0,,114,0,,,0,walked_into_fire,0,45,45,0,-2,63,0.4167,684,0.005084,45,44,fire_reached_bot,0,58,52,6,0,66,0.3889,1140,0.058785,,44,fire_reached_bot,0,55,52,3,0,68,0.3704,1044,0.066823,44,,fire_reached_bot,0,58,52,6,0,66,0.3889,1140,8.311423,-1,44,58,0,52,6,,no_path,0,,Bot1|Bot2|Bot3|Bot4,0,1
169,0.60,75,440,3778881665,2740835865,3659,0.650489,524,1370,53-11,25-60,12-64,89,77,106,94,17,17,1,0,1,89,0,,28,0,,,0,walked_into_fire,0,65,65,0,-36,24,0.7303,,0.007806,29,29,fire_reached_bot,0,112,28,84,-83,61,0.3146,,0.346595,,-1,fire_reached_bot,0,112,28,84,-83,61,0.3146,,0.711958,-1,,fire_reached_bot,0,112,28,84,-83,61,0.3146,,6.927286,-1,-1,112,0,28,84,,no_path,0,,Bot1|Bot2|Bot3|Bot4,0,1
170,0.60,75,440,229250927,3518222234,3643,0.647644,495,1356,14-12,17-54,46-5,67,45,45,39,78,78,0,0,1,67,1,67,113,1,67,46,1,button,1,67,67,0,46,0,1.0000,968,0.006776,-1,-1,button,1,67,67,0,46,0,1.0000,968,0.023631,,-1,button,1,67,67,0,46,0,1.0000,968,0.031911,-1,,button,1,67,67,0,46,0,1.0000,968,7.107831,26,26,67,0,0,0,0.4,risk_path,4,Bot1|Bot2|Bot3|Bot4,,1,0
171,0.60,75,440,1085318485,4112605803,3639,0.646933,508,1381,36-73,72-19,35-7,98,90,87,67,55,49,1,0,1,98,0,,80,0,,,0,walked_into_fire,0,65,65,0,-1,33,0.6633,965,0.008531,58,58,fire_reached_bot,0,97,79,18,-16,23,0.7653,,0.121471,,-1,fire_reached_bot,0,97,79,18,-16,23,0.7653,,0.202427,-1,,fire_reached_bot,0,97,79,18,-16,23,0.7653,,12.321198,-1,-1,97,0,79,18,,no_path,0,,Bot1|Bot2|Bot3|Bot4,0,1
172,0.60,75,440,1943131252,2533243586,3649,0.648711,504,1361,49-28,24-40,33-20,43,37,28,24,33,29,1,0,1,43,0,,50,0,,,0,fire_reached_bot,0,21,21,0,0,22,0.4884,135,0.000774,21,21,fire_reached_bot,0,43,40,3,0,29,0.3256,660,0.012050,,37,fire_reached_bot,0,60,50,10,-9,43,0.0000,,0.106614,37,,fire_reached_bot,0,43,40,3,0,29,0.3256,660,4.393017,-1,37,43,6,34,3,0.99,no_path,0,,Bot1|Bot2|Bot3|Bot4,0,1
173,0.60,75,440,815405907,3357921857,3626,0.644622,501,1351,17-10,2-58,1-70,77,63,88,76,23,13,1,0,1,77,0,,42,0,,,0,fire_reached_bot,0,55,55,0,-12,22,0.7143,,0.002805,30,30,fire_reached_bot,0,93,29,64,-50,48,0.3766,,0.310744,,-1,fire_reached_bot,0,93,29,64,-50,48,0.3766,,0.622828,-1,,fire_reached_bot,0,93,29,64,-50,48,0.3766,,6.607431,-1,-1,93,0,29,64,,no_path,0,,Bot1|Bot2|Bot3|Bot4,0,1
174,0.60,75,440,2300978891,2614612160,3647,0.648356,501,1375,29-35,5-65,18-74,54,54,60,50,26,22,1,0,1,54,0,,41,0,,,0,walked_into_fire,0,37,37,0,-1,17,0.6852,212,0.001274,37,34,fire_reached_bot,0,38,37,1,0,19,0.6481,243,0.013561,,34,fire_reached_bot,0,47,37,10,-5,25,0.5370,,0.129672,34,,fire_reached_bot,0,38,37,1,0,19,0.6481,243,4.497624,-1,34,38,0,37,1,,no_path,0,,Bot1|Bot2|Bot3|Bot4,0,1
175,0.60,75,440,2018207897,3314081923,3620,0.643556,501,1355,16-10,53-27,60-70,66,54,122,104,56,50,1,0,1,66,0,,78,1,66,12,1,button,1,66,66,0,12,0,1.0000,839,0.006762,-1,-1,button,1,66,66,0,12,0,1.0000,839,0.024685,,-1,button,1,66,66,0,12,0,1.0000,839,0.032293,-1,,button,1,66,66,0,12,0,1.0000,839,6.364880,23,23,66,1,0,0,0.6,risk_path,4,Bot1|Bot2|Bot3|Bot4,,1,0
176,0.60,75,440,2818097894,3512310857,3632,0.645689,509,1342,11-44,26-37,59-48,46,22,74,52,66,44,0,0,1,46,1,46,105,1,46,59,1,button,1,46,46,0,48,0,1.0000,348,0.002117,-1,-1,button,1,46,46,0,48,0,1.0000,348,0.012162,,-1,button,1,46,46,0,48,0,1.0000,348,0.016081,-1,,button,1,46,46,0,48,0,1.0000,348,3.484467,6,6,46,0,0,0,0.4,risk_path,4,Bot1|Bot2|Bot3|Bot4,,1,0
177,0.60,75,440,2027427399,1220179851,3630,0.645333,486,1356,30-38,73-15,50-71,66,66,63,53,95,79,0,0,1,66,1,66,142,1,66,76,1,button,1,66,66,0,69,0,1.0000,598,0.003159,-1,-1,button,1,66,66,0,69,0,1.0000,598,0.010646,,-1,button,1,66,66,0,69,0,1.0000,598,0.015573,-1,,button,1,66,66,0,69,0,1.0000,598,6.968821,37,37,66,0,0,0,0.4,risk_path,4,Bot1|Bot2|Bot3|Bot4,,1,0
178,0.60,75,440,3599993327,1032513067,3649,0.648711,514,1379,52-28,3-70,60-5,101,91,39,31,122,122,0,0,1,101,1,101,169,1,101,68,1,button,1,101,101,0,42,0,1.0000,1923,0.020830,-1,-1,button,1,101,101,0,42,0,1.0000,1923,0.049931,,-1,button,1,101,101,0,42,0,1.0000,1923,0.075133,-1,,button,1,101,101,0,42,0,1.0000,1923,11.773873,-1,-1,101,0,0,0,0.4,risk_path,4,Bot1|Bot2|Bot3|Bot4,,1,0
179,0.60,75,440,2543364003,1899170686,3632,0.645689,503,1387,41-38,55-52,67-5,34,28,63,59,69,59,0,0,1,34,1,34,108,1,34,74,1,button,1,34,34,0,74,0,1.0000,141,0.000830,-1,-1,button,1,34,34,0,74,0,1.0000,141,0.003552,,-1,button,1,34,34,0,74,0,1.0000,141,0.004004,-1,,button,1,34,34,0,74,0,1.0000,141,2.072699,19,19,34,0,0,0,0.4,risk_path,4,Bot1|Bot2|Bot3|Bot4,,1,0
180,0.60,75,440,1116830270,123999137,3635,0.646222,502,1362,41-21,71-69,61-69,92,78,78,68,30,10,1,0,1,92,0,,52,0,,,0,walked_into_fire,0,48,48,0,-1,44,0.5217,303,0.003178,22,22,fire_reached_bot,0,84,21,63,-31,71,0.2283,,0.318026,,-1,fire_reached_bot,0,84,21,63,-31,71,0.2283,,0.636596,-1,,fire_reached_bot,0,84,21,63,-31,71,0.2283,,5.348164,-1,-1,84,0,21,63,,no_path,0,,Bot1|Bot2|Bot3|Bot4,0,1
181,0.60,75,440,4129245186,2777447817,3675,0.653333,520,1414,58-11,69-10,38-59,16,12,74,68,86,80,0,0,1,16,1,16,129,1,16,113,1,button,1,16,16,0,110,0,1.0000,47,0.000202,-1,-1,button,1,16,16,0,110,0,1.0000,47,0.000747,,-1,button,1,16,16,0,110,0,1.0000,47,0.001140,-1,,button,1,16,16,0,110,0,1.0000,47,0.522389,2,2,16,0,0,0,0.4,risk_path,4,Bot1|Bot2|Bot3|Bot4,,1,0
182,0.60,75,440,699038936,1084992602,3641,0.647289,516,1390,25-21,56-28,5-35,46,38,36,34,74,58,0,0,1,46,1,46,117,1,46,71,1,button,1,46,46,0,52,0,1.0000,590,0.002839,-1,-1,button,1,46,46,0,52,0,1.0000,590,0.007909,,-1,button,1,46,46,0,52,0,1.0000,590,0.012044,-1,,button,1,46,46,0,52,0,1.0000,590,3.932716,18,18,46,0,0,0,0.4,risk_path,4,Bot1|Bot2|Bot3|Bot4,,1,0
183,0.60,75,440,3412191491,4070376951,3637,0.646578,496,1387,62-44,41-67,63-45,54,44,2,2,56,44,0,0,1,54,1,54,94,1,54,40,1,button,1,54,54,0,2,0,1.0000,892,0.005333,-1,-1,button,1,54,54,0,2,0,1.0000,892,0.015536,,-1,button,1,54,54,0,2,0,1.0000,892,0.019908,-1,,button,1,54,54,0,2,0,1.0000,892,4.507381,-1,-1,54,0,0,0,0.4,risk_path,4,Bot1|Bot2|Bot3|Bot4,,1,0
184,0.60,75,440,1126362104,2531367481,3631,0.645511,503,1386,31-17,21-48,48-3,53,41,39,31,78,72,0,0,1,53,1,53,104,1,53,51,1,button,1,53,53,0,42,0,1.0000,440,0.002527,-1,-1,button,1,53,53,0,42,0,1.0000,440,0.011157,,-1,button,1,53,53,0,42,0,1.0000,440,0.013969,-1,,button,1,53,53,0,42,0,1.0000,440,4.492118,-1,-1,53,0,0,0,0.4,risk_path,4,Bot1|Bot2|Bot3|Bot4,,1,0
185,0.60,75,440,3977488963,3994077294,3647,0.648356,515,1343,30-40,24-6,35-13,52,40,46,32,18,18,1,0,1,52,0,,25,0,,,0,walked_into_fire,0,38,38,0,-12,14,0.7308,,0.001912,24,24,fire_reached_bot,0,44,23,21,-18,29,0.4423,,0.109841,,-1,fire_reached_bot,0,44,23,21,-18,29,0.4423,,0.220356,-1,,fire_reached_bot,0,44,23,21,-18,29,0.4423,,3.305987,-1,-1,44,0,23,21,,no_path,0,,Bot1|Bot2|Bot3|Bot4,0,1
186,0.60,75,440,2126553979,2609949610,3626,0.644622,490,1334,13-61,42-74,58-35,42,42,73,71,61,55,0,0,1,42,1,42,99,1,42,57,1,button,1,42,42,0,57,0,1.0000,395,0.001900,-1,-1,button,1,42,42,0,57,0,1.0000,395,0.005996,,-1,button,1,42,42,0,57,0,1.0000,395,0.007643,-1,,button,1,42,42,0,57,0,1.0000,395,3.053651,6,6,42,0,0,0,0.4,risk_path,4,Bot1|Bot2|Bot3|Bot4,,1,0
187,0.60,75,440,604629814,3122588556,3651,0.649067,512,1393,42-22,48-26,40-11,12,10,19,13,31,23,0,0,1,12,1,12,50,1,12,38,1,button,1,12,12,0,28,0,1.0000,53,0.000166,-1,-1,button,1,12,12,0,28,0,1.0000,53,0.000475,,-1,button,1,12,12,0,28,0,1.0000,53,0.000561,-1,,button,1,12,12,0,28,0,1.0000,53,0.312352,-1,-1,12,0,0,0,0.4,risk_path,4,Bot1|Bot2|Bot3|Bot4,,1,0
188,0.60,75,440,2717215071,3838181151,3669,0.652267,516,1402,4-12,43-12,69-67,83,39,120,120,91,81,0,0,1,83,1,83,134,1,83,51,1,button,1,83,83,0,47,0,1.0000,957,0.010170,-1,-1,button,1,83,83,0,47,0,1.0000,957,0.065850,,-1,button,1,83,83,0,47,0,1.0000,957,0.078737,-1,,button,1,83,83,0,47,0,1.0000,957,10.286058,34,34,83,0,0,0,0.4,risk_path,4,Bot1|Bot2|Bot3|Bot4,,1,0
189,0.60,75,440,899400218,1033562852,3653,0.649422,519,1408,15-65,68-61,7-10,91,57,95,63,132,112,0,0,1,91,1,91,208,1,91,117,1,button,1,91,91,0,106,0,1.0000,426,0.003683,-1,-1,button,1,91,91,0,106,0,1.0000,426,0.038095,,-1,button,1,91,91,0,106,0,1.0000,426,0.048919,-1,,button,1,91,91,0,106,0,1.0000,426,12.964185,22,22,91,0,0,0,0.4,risk_path,4,Bot1|Bot2|Bot3|Bot4,,1,0
190,0.60,75,440,3481980839,2844192455,3636,0.646400,506,1365,69-53,58-13,16-44,61,51,78,62,77,73,0,0,1,61,1,61,126,1,61,65,1,button,1,61,61,0,61,0,1.0000,1222,0.007800,-1,-1,button,1,61,61,0,61,0,1.0000,1222,0.022407,,-1,button,1,61,61,0,61,0,1.0000,1222,0.031910,-1,,button,1,61,61,0,61,0,1.0000,1222,5.441856,-1,-1,61,0,0,0,0.4,risk_path,4,Bot1|Bot2|Bot3|Bot4,,1,0
191,0.60,75,440,1615916817,2432315316,3635,0.646222,508,1385,2-12,63-7,37-53,84,66,84,76,96,72,0,0,1,84,1,84,147,1,84,63,1,button,1,84,84,0,63,0,1.0000,1933,0.016304,-1,-1,button,1,84,84,0,63,0,1.0000,1933,0.039715,,-1,button,1,84,84,0,63,0,1.0000,1933,0.056354,-1,,button,1,84,84,0,63,0,1.0000,1933,8.788220,4,4,84,0,0,0,0.4,risk_path,4,Bot1|Bot2|Bot3|Bot4,,1,0
192,0.60,75,440,3898521735,118069459,3640,0.647111,503,1357,65-51,13-31,35-4,78,72,95,77,65,49,1,0,1,78,0,,90,1,78,12,1,button,1,78,78,0,12,0,1.0000,908,0.007170,-1,-1,button,1,78,78,0,12,0,1.0000,908,0.031786,,-1,button,1,78,78,0,12,0,1.0000,908,0.037652,-1,,button,1,78,78,0,12,0,1.0000,908,9.251945,-1,-1,78,4,0,0,0.99,risk_path,4,Bot1|Bot2|Bot3|Bot4,,1,0
193,0.60,75,440,2444658365,2126892776,3649,0.648711,505,1399,33-16,18-42,60-74,45,41,103,85,80,74,0,0,1,45,1,45,114,1,45,69,1,button,1,45,45,0,57,0,1.0000,404,0.002341,-1,-1,button,1,45,45,0,57,0,1.0000,404,0.008407,,-1,button,1,45,45,0,57,0,1.0000,404,0.010874,-1,,button,1,45,45,0,57,0,1.0000,404,3.318582,-1,-1,45,0,0,0,0.4,risk_path,4,Bot1|Bot2|Bot3|Bot4,,1,0
194,0.60,75,440,2214062488,49670459,3680,0.654222,504,1424,54-28,6-56,20-24,80,76,58,38,60,46,1,0,1,80,0,,99,1,80,19,0,fire_reached_bot,0,46,46,0,0,34,0.5750,747,0.004101,46,46,fire_reached_bot,0,52,52,0,0,28,0.6500,978,0.029982,,-1,fire_reached_bot,0,52,52,0,0,28,0.6500,978,0.036050,-1,,button,1,80,80,0,8,0,1.0000,1725,9.283433,42,42,80,9,39,0,0.99,risk_path,1,Bot4,Bot1|Bot2|Bot3,0,0
195,0.60,75,440,1449191703,2718877568,3592,0.638578,491,1324,33-21,17-58,26-24,55,53,12,10,53,43,1,0,1,55,0,,97,1,55,42,1,button,1,55,55,0,10,0,1.0000,755,0.003752,-1,-1,button,1,55,55,0,10,0,1.0000,755,0.010647,,-1,button,1,55,55,0,10,0,1.0000,755,0.015296,-1,,button,1,55,55,0,10,0,1.0000,755,4.452316,-1,-1,55,0,0,0,0.4,risk_path,4,Bot1|Bot2|Bot3|Bot4,,1,0
196,0.60,75,440,2745450280,3961164760,3646,0.648178,520,1434,24-70,36-17,51-9,95,65,110,88,25,23,1,0,1,95,0,,36,0,,,0,fire_reached_bot,0,73,73,0,-36,22,0.7684,,0.010922,37,37,fire_reached_bot,0,126,36,90,-89,59,0.3789,,0.365484,,-1,fire_reached_bot,0,126,36,90,-89,59,0.3789,,0.675984,-1,,fire_reached_bot,0,126,36,90,-89,59,0.3789,,8.210459,-1,-1,126,0,36,90,,no_path,0,,Bot1|Bot2|Bot3|Bot4,0,1
197,0.60,75,440,1134599302,4132178095,3653,0.649422,495,1397,20-37,62-2,57-46,77,77,56,46,65,49,1,0,1,77,0,,102,1,77,25,1,button,1,77,77,0,20,0,1.0000,1666,0.012951,-1,-1,button,1,77,77,0,20,0,1.0000,1666,0.028966,,-1,button,1,77,77,0,20,0,1.0000,1666,0.041750,-1,,button,1,77,77,0,20,0,1.0000,1666,7.951532,20,20,77,7,0,0,0.99,risk_path,4,Bot1|Bot2|Bot3|Bot4,,1,0
198,0.60,75,440,3387618525,4213744687,3637,0.646578,501,1335,25-12,26-27,73-32,32,16,80,68,70,52,0,0,1,32,1,32,112,1,32,80,1,button,1,32,32,0,78,0,1.0000,207,0.000932,-1,-1,button,1,32,32,0,78,0,1.0000,207,0.003220,,-1,button,1,32,32,0,78,0,1.0000,207,0.004859,-1,,button,1,32,32,0,78,0,1.0000,207,1.950378,-1,-1,32,0,0,0,0.4,risk_path,4,Bot1|Bot2|Bot3|Bot4,,1,0
199,0.60,75,440,3963364150,1255751458,3646,0.648178,503,1378,31-11,73-33,7-36,76,64,53,49,91,69,0,0,1,76,1,76,141,1,76,65,1,button,1,76,76,0,49,0,1.0000,1207,0.009971,-1,-1,button,1,76,76,0,49,0,1.0000,1207,0.028301,,-1,button,1,76,76,0,49,0,1.0000,1207,0.040273,-1,,button,1,76,76,0,58,0,1.0000,1207,7.743670,1,1,76,0,0,0,0.4,risk_path,4,Bot1|Bot2|Bot3|Bot4,,1,0
200,0.60,75,440,687047578,4017936739,3628,0.644978,511,1337,27-51,69-32,8-40,65,61,30,30,79,69,0,0,1,65,1,65,113,1,65,48,1,button,1,65,65,0,26,0,1.0000,1180,0.008267,-1,-1,button,1,65,65,0,26,0,1.0000,1180,0.021977,,-1,button,1,65,65,0,26,0,1.0000,1180,0.030296,-1,,button,1,65,65,0,26,0,1.0000,1180,6.274353,16,16,65,0,0,0,0.4,risk_path,4,Bot1|Bot2|Bot3|Bot4,,1,0
201,0.60,75,440,3808654913,1437651723,3644,0.647822,506,1376,73-63,38-16,62-70,86,82,34,18,84,78,1,0,1,86,0,,125,1,86,39,1,button,1,86,86,0,6,0,1.0000,1046,0.009909,-1,-1,button,1,86,86,0,6,0,1.0000,1046,0.035070,,-1,button,1,86,86,0,6,0,1.0000,1046,0.046688,-1,,button,1,86,86,0,6,0,1.0000,1046,10.129764,6,6,86,0,0,0,0.4,risk_path,4,Bot1|Bot2|Bot3|Bot4,,1,0
202,0.60,75,440,479682215,117614757,3621,0.643733,510,1341,36-35,34-65,43-19,46,32,39,23,81,55,0,0,1,46,1,46,121,1,46,75,1,button,1,46,46,0,53,0,1.0000,472,0.002113,-1,-1,button,1,46,46,0,53,0,1.0000,472,0.008562,,-1,button,1,46,46,0,53,0,1.0000,472,0.011343,-1,,button,1,46,46,0,53,0,1.0000,472,3.508001,-1,-1,46,0,0,0,0.4,risk_path,4,Bot1|Bot2|Bot3|Bot4,,1,0
203,0.60,75,440,1496475200,4047105304,3645,0.648000,514,1350,51-1,14-73,56-29,117,109,43,33,88,86,1,0,1,117,0,,121,0,,,0,walked_into_fire,0,29,29,0,-1,88,0.2479,351,0.002266,28,26,fire_reached_bot,0,32,29,3,0,92,0.2137,453,0.034027,,26,fire_reached_bot,0,93,84,9,0,79,0.3248,2739,0.166497,26,,fire_reached_bot,0,32,29,3,0,92,0.2137,453,5.844481,-1,26,32,0,29,3,,no_path,0,,Bot1|Bot2|Bot3|Bot4,0,1
204,0.60,75,440,505044942,177768735,3649,0.648711,507,1385,16-40,65-14,63-49,81,75,68,56,65,37,1,0,1,81,0,,97,1,81,16,1,button,1,81,81,0,6,0,1.0000,1414,0.013574,-1,-1,button,1,81,81,0,6,0,1.0000,1414,0.038585,,-1,button,1,81,81,0,6,0,1.0000,1414,0.055946,-1,,button,1,81,81,0,2,0,1.0000,1414,10.007661,38,38,81,12,23,0,0.99,risk_path,4,Bot1|Bot2|Bot3|Bot4,,1,0
205,0.60,75,440,2592851329,1842348790,3662,0.651022,518,1377,6-43,55-29,67-0,81,63,112,104,51,41,1,0,1,81,0,,80,0,,,0,fire_reached_bot,0,71,71,0,0,10,0.8765,504,0.004599,-1,70,fire_reached_bot,0,71,71,0,0,10,0.8765,504,0.038905,,70,fire_reached_bot,0,95,80,15,-14,23,0.7160,,0.168004,70,,fire_reached_bot,0,71,71,0,0,10,0.8765,504,12.457263,-1,70,71,0,71,0,,shortest_path_fallback,0,,Bot1|Bot2|Bot3|Bot4,0,1
206,0.60,75,440,3837839052,4278048444,3662,0.651022,509,1415,49-20,41-20,45-66,10,8,62,50,64,50,0,0,1,10,1,10,111,1,10,101,1,button,1,10,10,0,100,0,1.0000,34,0.000112,-1,-1,button,1,10,10,0,100,0,1.0000,34,0.000243,,-1,button,1,10,10,0,100,0,1.0000,34,0.000325,-1,,button,1,10,10,0,100,0,1.0000,34,0.264620,1,1,10,0,0,0,0.4,risk_path,4,Bot1|Bot2|Bot3|Bot4,,1,0
207,0.60,75,440,4060788553,845069922,3646,0.648178,517,1375,13-16,67-34,60-28,86,72,81,59,13,13,1,0,1,86,0,,23,0,,,0,fire_reached_bot,0,50,50,0,-26,36,0.5814,,0.005242,21,21,fire_reached_bot,0,92,20,72,-68,66,0.2326,,0.307911,,-1,fire_reached_bot,0,92,20,72,-68,66,0.2326,,0.595150,-1,,fire_reached_bot,0,92,20,72,-68,66,0.2326,,4.795678,-1,-1,92,0,20,72,,no_path,0,,Bot1|Bot2|Bot3|Bot4,0,1
208,0.60,75,440,1921987437,1998653501,3636,0.646400,506,1373,74-46,4-55,7-25,107,79,108,88,45,33,1,0,1,107,0,,62,0,,,0,walked_into_fire,0,79,79,0,-16,28,0.7383,,0.011841,63,63,fire_reached_bot,0,89,62,27,-26,45,0.5794,,0.177367,,-1,fire_reached_bot,0,89,62,27,-26,45,0.5794,,0.276939,-1,,fire_reached_bot,0,89,62,27,-26,45,0.5794,,12.247254,-1,-1,89,0,62,27,,no_path,0,,Bot1|Bot2|Bot3|Bot4,0,1
209,0.60,75,440,2984244257,2435512816,3670,0.652444,500,1412,29-21,22-1,14-24,37,27,42,18,53,31,0,0,1,37,1,37,82,1,37,45,1,button,1,37,37,0,35,0,1.0000,326,0.001295,-1,-1,button,1,37,37,0,35,0,1.0000,326,0.005516,,-1,button,1,37,37,0,35,0,1.0000,326,0.006783,-1,,button,1,37,37,0,35,0,1.0000,326,2.228752,-1,-1,37,0,0,0,0.4,risk_path,4,Bot1|Bot2|Bot3|Bot4,,1,0
210,0.60,75,440,1735617669,2279655686,3643,0.647644,510,1392,61-49,6-10,2-50,100,94,80,60,72,44,1,0,1,100,0,,111,1,100,11,1,button,1,100,100,0,10,0,1.0000,1525,0.014591,-1,-1,button,1,100,100,0,10,0,1.0000,1525,0.066972,,-1,button,1,100,100,0,10,0,1.0000,1525,0.076304,-1,,button,1,100,100,0,10,0,1.0000,1525,13.859682,-1,-1,100,4,62,0,0.99,risk_path,4,Bot1|Bot2|Bot3|Bot4,,1,0
211,0.60,75,440,741719091,4088483574,3654,0.649600,511,1417,7-48,46-4,1-6,87,83,60,48,63,47,1,0,1,87,0,,114,1,87,27,1,button,1,87,87,0,16,0,1.0000,700,0.006518,-1,-1,button,1,87,87,0,16,0,1.0000,700,0.042921,,-1,button,1,87,87,0,16,0,1.0000,700,0.040028,-1,,button,1,87,87,0,27,0,1.0000,700,12.266244,29,29,87,12,16,0,0.99,risk_path,4,Bot1|Bot2|Bot3|Bot4,,1,0
212,0.60,75,440,43164127,71827648,3665,0.651556,501,1384,71-28,42-51,34-71,58,52,92,80,34,28,1,0,1,58,0,,51,0,,,0,fire_reached_bot,0,55,55,0,-3,3,0.9483,,0.002181,52,52,fire_reached_bot,0,62,51,11,-10,7,0.8793,,0.078930,,-1,fire_reached_bot,0,62,51,11,-10,7,0.8793,,0.142489,-1,,fire_reached_bot,0,62,51,11,-10,7,0.8793,,6.702433,-1,-1,62,0,51,11,,no_path,0,,Bot1|Bot2|Bot3|Bot4,0,1
213,0.60,75,440,1597394174,606359399,3657,0.650133,510,1407,65-30,32-37,23-68,54,40,86,80,52,40,1,0,1,54,0,,78,1,54,24,1,button,1,54,54,0,17,0,1.0000,664,0.004117,-1,-1,button,1,54,54,0,17,0,1.0000,664,0.012308,,-1,button,1,54,54,0,17,0,1.0000,664,0.017490,-1,,button,1,54,54,0,17,0,1.0000,664,4.702967,-1,-1,54,0,0,0,0.4,risk_path,4,Bot1|Bot2|Bot3|Bot4,,1,0
214,0.60,75,440,3435905294,2392089260,3647,0.648356,496,1383,21-73,38-43,5-63,65,47,30,26,71,53,0,0,1,65,1,65,99,1,65,34,1,button,1,65,65,0,23,0,1.0000,674,0.005927,-1,-1,button,1,65,65,0,23,0,1.0000,674,0.019170,,-1,button,1,65,65,0,23,0,1.0000,674,0.032906,-1,,button,1,65,65,0,23,0,1.0000,674,6.435710,2,2,65,0,0,0,0.4,risk_path,4,Bot1|Bot2|Bot3|Bot4,,1,0
215,0.60,75,440,538301983,4070519892,3626,0.644622,499,1356,51-64,36-73,37-37,50,24,51,41,51,37,0,0,1,50,1,50,80,1,50,30,1,button,1,50,50,0,22,0,1.0000,774,0.003830,-1,-1,button,1,50,50,0,22,0,1.0000,774,0.011613,,-1,button,1,50,50,0,22,0,1.0000,774,0.016976,-1,,button,1,50,50,0,22,0,1.0000,774,4.193556,39,39,50,0,0,0,0.4,risk_path,4,Bot1|Bot2|Bot3|Bot4,,1,0
216,0.60,75,440,1948681360,2814169751,3667,0.651911,505,1403,15-18,25-22,10-13,14,14,30,10,30,24,0,0,1,14,1,14,56,1,14,42,1,button,1,14,14,0,40,0,1.0000,32,0.000136,-1,-1,button,1,14,14,0,40,0,1.0000,32,0.000330,,-1,button,1,14,14,0,40,0,1.0000,32,0.000462,-1,,button,1,14,14,0,40,0,1.0000,32,0.433226,-1,-1,14,0,0,0,0.4,risk_path,4,Bot1|Bot2|Bot3|Bot4,,1,0
217,0.60,75,440,234546496,899763894,3644,0.647822,506,1364,33-28,9-36,33-5,44,32,45,23,61,55,0,0,1,44,1,44,80,1,44,36,1,button,1,44,44,0,32,0,1.0000,307,0.001714,-1,-1,button,1,44,44,0,32,0,1.0000,307,0.007449,,-1,button,1,44,44,0,32,0,1.0000,307,0.010732,-1,,button,1,44,44,0,32,0,1.0000,307,3.142462,43,43,44,0,0,0,0.4,risk_path,4,Bot1|Bot2|Bot3|Bot4,,1,0
218,0.60,75,440,2601635953,347498,3653,0.649422,506,1409,29-59,4-21,38-7,73,63,75,61,62,48,1,0,1,73,0,,89,1,73,16,1,button,1,73,73,0,16,0,1.0000,1235,0.009730,-1,-1,button,1,73,73,0,16,0,1.0000,1235,0.034407,,-1,button,1,73,73,0,16,0,1.0000,1235,0.049793,-1,,button,1,73,73,0,13,0,1.0000,1235,7.597138,60,60,73,21,0,0,0.99,risk_path,4,Bot1|Bot2|Bot3|Bot4,,1,0
219,0.60,75,440,1873523526,189957216,3638,0.646756,508,1348,47-9,28-54,6-25,72,64,71,57,51,51,1,0,1,72,0,,81,1,72,9,1,button,1,72,72,0,8,0,1.0000,893,0.005956,-1,-1,button,1,72,72,0,8,0,1.0000,893,0.023719,,-1,button,1,72,72,0,8,0,1.0000,893,0.031191,-1,,button,1,72,72,0,8,0,1.0000,893,8.706648,-1,-1,72,8,41,0,0.99,risk_path,4,Bot1|Bot2|Bot3|Bot4,,1,0
220,0.60,75,440,650066665,1525053087,3651,0.649067,495,1389,47-54,47-10,5-72,80,44,60,60,126,104,0,0,1,80,1,80,174,1,80,94,1,button,1,80,80,0,78,0,1.0000,812,0.007314,-1,-1,button,1,80,80,0,78,0,1.0000,812,0.049239,,-1,button,1,80,80,0,78,0,1.0000,812,0.061198,-1,,button,1,80,80,0,78,0,1.0000,812,9.741376,39,39,80,0,0,0,0.4,risk_path,4,Bot1|Bot2|Bot3|Bot4,,1,0
221,0.60,75,440,1404877065,2420011909,3640,0.647111,507,1408,54-38,31-51,53-61,38,36,34,24,34,32,1,0,1,38,0,,47,1,38,9,1,button,1,38,38,0,7,0,1.0000,465,0.001872,-1,-1,button,1,38,38,0,7,0,1.0000,465,0.003982,,-1,button,1,38,38,0,7,0,1.0000,465,0.006525,-1,,button,1,38,38,0,7,0,1.0000,465,2.827245,-1,-1,38,8,0,0,0.99,risk_path,4,Bot1|Bot2|Bot3|Bot4,,1,0
222,0.60,75,440,1871520942,110449919,3642,0.647467,513,1411,44-69,25-70,38-55,30,20,22,20,30,28,0,0,1,30,0,,43,1,30,13,1,button,1,30,30,0,9,0,1.0000,230,0.000990,-1,-1,button,1,30,30,0,9,0,1.0000,230,0.002412,,-1,button,1,30,30,0,9,0,1.0000,230,0.003438,-1,,button,1,30,30,0,9,0,1.0000,230,1.601634,-1,-1,30,0,0,0,0.4,risk_path,4,Bot1|Bot2|Bot3|Bot4,,1,0
223,0.60,75,440,1891869098,1845810528,3648,0.648533,505,1371,6-33,19-36,72-72,22,16,113,105,101,89,0,0,1,22,1,22,146,1,22,124,1,button,1,22,22,0,123,0,1.0000,64,0.000359,-1,-1,button,1,22,22,0,123,0,1.0000,64,0.001352,,-1,button,1,22,22,0,123,0,1.0000,64,0.001684,-1,,button,1,22,22,0,123,0,1.0000,64,0.904408,6,6,22,0,0,0,0.4,risk_path,4,Bot1|Bot2|Bot3|Bot4,,1,0
224,0.60,75,440,3946411396,399432510,3628,0.644978,507,1377,14-74,47-31,63-44,84,76,81,79,29,29,1,0,1,84,0,,33,0,,,0,walked_into_fire,0,54,54,0,-20,30,0.6429,,0.005226,34,34,fire_reached_bot,0,86,33,53,-52,51,0.3929,,0.217641,,-1,fire_reached_bot,0,86,33,53,-52,51,0.3929,,0.453350,-1,,fire_reached_bot,0,86,33,53,-52,51,0.3929,,5.924736,-1,-1,86,0,33,53,,no_path,0,,Bot1|Bot2|Bot3|Bot4,0,1
225,0.60,75,440,395123674,1705726284,3633,0.645867,498,1354,41-14,11-70,23-1,104,86,31,31,101,81,1,0,1,104,0,,141,1,104,37,1,button,1,104,104,0,2,0,1.0000,2179,0.025235,-1,-1,button,1,104,104,0,2,0,1.0000,2179,0.089684,,-1,button,1,104,104,0,2,0,1.0000,2179,0.126124,-1,,button,1,104,104,0,2,0,1.0000,2179,12.506355,-1,-1,104,0,0,0,0.4,risk_path,4,Bot1|Bot2|Bot3|Bot4,,1,0
226,0.60,75,440,3383174174,417879336,3627,0.644800,505,1348,17-6,56-70,55-30,107,103,74,62,69,41,1,0,1,107,0,,110,0,,,0,fire_reached_bot,0,66,66,0,0,41,0.6168,1186,0.008354,-1,-1,fire_reached_bot,0,66,66,0,0,41,0.6168,1186,0.056688,,-1,fire_reached_bot,0,66,66,0,0,41,0.6168,1186,0.080319,-1,,fire_reached_bot,0,66,66,0,0,41,0.6168,1186,11.698827,-1,-1,66,0,66,0,,shortest_path_fallback,0,,Bot1|Bot2|Bot3|Bot4,0,1
227,0.60,75,440,3707428535,2930291685,3639,0.646933,499,1357,56-26,19-62,37-36,75,73,29,29,46,44,1,1,1,77,0,,75,0,,,0,walked_into_fire,0,21,21,0,-1,56,0.2533,182,0.001235,21,21,fire_reached_bot,0,42,42,0,0,59,0.2133,686,0.029446,,39,fire_reached_bot,0,69,67,2,0,76,-0.0133,1754,0.085756,39,,fire_reached_bot,0,42,42,0,0,59,0.2133,686,6.994062,-1,39,42,0,42,0,,shortest_path_fallback,0,,Bot1|Bot2|Bot3|Bot4,0,1
228,0.60,75,440,3499156370,436825089,3645,0.648000,501,1328,35-35,25-53,19-70,28,28,53,51,25,23,1,0,1,28,0,,37,1,28,9,1,button,1,28,28,0,9,0,1.0000,198,0.000932,-1,-1,button,1,28,28,0,9,0,1.0000,198,0.001909,,-1,button,1,28,28,0,9,0,1.0000,198,0.002952,-1,,button,1,28,28,0,9,0,1.0000,198,1.439471,-1,-1,28,0,0,0,0.4,risk_path,4,Bot1|Bot2|Bot3|Bot4,,1,0
229,0.60,75,440,3921431972,3691631192,3657,0.650133,515,1411,71-56,12-49,11-66,82,66,84,70,36,18,1,0,1,82,0,,61,0,,,0,fire_reached_bot,0,50,50,0,0,32,0.6098,489,0.003795,50,42,fire_reached_bot,0,62,57,5,0,41,0.5000,,0.059156,,42,fire_reached_bot,0,66,57,9,-4,43,0.4756,,0.138086,42,,fire_reached_bot,0,62,57,5,0,41,0.5000,,10.777302,-1,42,62,0,57,5,,no_path,0,,Bot1|Bot2|Bot3|Bot4,0,1
230,0.60,75,440,2971960596,3817885116,3644,0.647822,509,1406,9-53,0-65,17-45,21,21,24,16,45,37,0,0,1,21,1,21,69,1,21,48,1,button,1,21,21,0,31,0,1.0000,92,0.000337,-1,-1,button,1,21,21,0,31,0,1.0000,92,0.001088,,-1,button,1,21,21,0,31,0,1.0000,92,0.001915,-1,,button,1,21,21,0,31,0,1.0000,92,0.876294,-1,-1,21,0,0,0,0.4,risk_path,4,Bot1|Bot2|Bot3|Bot4,,1,0
231,0.60,75,440,230717013,2732343365,3677,0.653689,507,1415,18-47,11-37,32-8,17,17,63,53,56,50,0,0,1,17,1,17,90,1,17,73,1,button,1,17,17,0,72,0,1.0000,49,0.000219,-1,-1,button,1,17,17,0,72,0,1.0000,49,0.000668,,-1,button,1,17,17,0,72,0,1.0000,49,0.000885,-1,,button,1,17,17,0,72,0,1.0000,49,0.605606,-1,-1,17,0,0,0,0.4,risk_path,4,Bot1|Bot2|Bot3|Bot4,,1,0
232,0.60,75,440,1277540315,2568731835,3650,0.648889,492,1378,51-49,20-26,68-25,56,54,47,41,73,49,0,0,1,56,1,56,112,1,56,56,1,button,1,56,56,0,55,0,1.0000,802,0.004434,-1,-1,button,1,56,56,0,55,0,1.0000,802,0.011650,,-1,button,1,56,56,0,55,0,1.0000,802,0.020847,-1,,button,1,56,56,0,55,0,1.0000,802,4.989094,-1,-1,56,0,0,0,0.4,risk_path,4,Bot1|Bot2|Bot3|Bot4,,1,0
233,0.60,75,440,2601371361,3429438074,3616,0.642844,495,1327,48-24,49-48,54-71,47,25,75,53,40,28,1,0,1,47,0,,65,1,47,18,1,button,1,47,47,0,17,0,1.0000,477,0.003221,-1,-1,button,1,47,47,0,17,0,1.0000,477,0.010323,,-1,button,1,47,47,0,17,0,1.0000,477,0.017618,-1,,button,1,47,47,0,17,0,1.0000,477,3.591296,1,1,47,0,0,0,0.4,risk_path,4,Bot1|Bot2|Bot3|Bot4,,1,0
234,0.60,75,440,2175815046,2513501025,3671,0.652622,515,1422,60-58,33-61,26-34,36,30,66,58,42,34,0,0,1,36,1,36,67,1,36,31,1,button,1,36,36,0,27,0,1.0000,303,0.001119,-1,-1,button,1,36,36,0,27,0,1.0000,303,0.004151,,-1,button,1,36,36,0,27,0,1.0000,303,0.005665,-1,,button,1,36,36,0,27,0,1.0000,303,2.416933,-1,-1,36,0,0,0,0.4,risk_path,4,Bot1|Bot2|Bot3|Bot4,,1,0
235,0.60,75,440,2903687551,1508666098,3664,0.651378,508,1412,62-11,20-70,59-72,105,101,88,64,77,41,1,0,1,105,0,,130,1,105,25,1,button,1,105,105,0,9,0,1.0000,1467,0.016555,-1,-1,button,1,105,105,0,9,0,1.0000,1467,0.071853,,-1,button,1,105,105,0,9,0,1.0000,1467,0.092473,-1,,button,1,105,105,0,9,0,1.0000,1467,16.928661,-1,-1,105,5,52,0,0.99,risk_path,4,Bot1|Bot2|Bot3|Bot4,,1,0
236,0.60,75,440,2767072028,3293256290,3657,0.650133,505,1375,27-0,15-28,25-43,46,40,61,45,33,25,1,0,1,46,0,,52,1,46,6,1,button,1,46,46,0,4,0,1.0000,573,0.002551,-1,-1,button,1,46,46,0,4,0,1.0000,573,0.008736,,-1,button,1,46,46,0,4,0,1.0000,573,0.014486,-1,,button,1,46,46,0,4,0,1.0000,573,3.650145,-1,-1,46,6,21,0,0.99,risk_path,4,Bot1|Bot2|Bot3|Bot4,,1,0
237,0.60,75,440,434350479,2119715637,3663,0.651200,511,1423,44-63,20-38,29-11,59,49,81,67,42,36,1,0,1,59,0,,76,1,59,17,1,button,1,59,59,0,13,0,1.0000,1027,0.006598,-1,-1,button,1,59,59,0,13,0,1.0000,1027,0.019282,,-1,button,1,59,59,0,13,0,1.0000,1027,0.028130,-1,,button,1,59,59,0,13,0,1.0000,1027,6.063141,-1,-1,59,7,11,0,0.99,risk_path,4,Bot1|Bot2|Bot3|Bot4,,1,0
238,0.60,75,440,860933267,2945000663,3628,0.644978,509,1350,25-29,50-8,50-6,48,46,48,48,4,2,1,0,1,48,0,,6,0,,,0,walked_into_fire,0,30,30,0,-23,18,0.6250,,0.001345,6,6,fire_reached_bot,0,59,5,54,-52,43,0.1042,,0.258578,,-1,fire_reached_bot,0,59,5,54,-52,43,0.1042,,0.547391,-1,,fire_reached_bot,0,59,5,54,-52,43,0.1042,,1.127542,-1,-1,59,0,5,54,,no_path,0,,Bot1|Bot2|Bot3|Bot4,0,1
239,0.60,75,440,3847153091,2545232110,3641,0.647289,491,1366,31-51,0-30,58-14,56,52,76,64,80,74,0,0,1,56,1,56,125,1,56,69,1,button,1,56,56,0,61,0,1.0000,817,0.005065,-1,-1,button,1,56,56,0,61,0,1.0000,817,0.014447,,-1,button,1,56,56,0,61,0,1.0000,817,0.023156,-1,,button,1,56,56,0,61,0,1.0000,817,5.045017,-1,-1,56,0,0,0,0.4,risk_path,4,Bot1|Bot2|Bot3|Bot4,,1,0
240,0.60,75,440,3830646336,1583051720,3645,0.648000,501,1357,37-49,56-9,43-1,67,59,72,54,23,21,1,0,1,67,0,,34,0,,,0,walked_into_fire,0,45,45,0,-10,22,0.6716,,0.002471,35,35,fire_reached_bot,0,57,34,23,-22,33,0.5075,,0.122122,,-1,fire_reached_bot,0,57,34,23,-22,33,0.5075,,0.251469,-1,,fire_reached_bot,0,57,34,23,-22,33,0.5075,,6.209639,-1,-1,57,0,34,23,,no_path,0,,Bot1|Bot2|Bot3|Bot4,0,1
241,0.60,75,440,50286375,2368400549,3661,0.650844,522,1437,27-9,46-22,65-3,40,32,62,44,44,38,0,0,1,40,1,40,67,1,40,27,1,button,1,40,40,0,27,0,1.0000,211,0.001320,-1,-1,button,1,40,40,0,27,0,1.0000,211,0.006230,,-1,button,1,40,40,0,27,0,1.0000,211,0.007076,-1,,button,1,40,40,0,27,0,1.0000,211,3.195897,37,37,40,0,0,0,0.4,risk_path,4,Bot1|Bot2|Bot3|Bot4,,1,0
242,0.60,75,440,229134076,547575414,3636,0.646400,512,1351,44-13,33-41,33-18,41,39,46,16,53,23,0,0,1,41,1,41,85,1,41,44,1,button,1,41,41,0,41,0,1.0000,166,0.000768,-1,-1,button,1,41,41,0,41,0,1.0000,166,0.003286,,-1,button,1,41,41,0,41,0,1.0000,166,0.003856,-1,,button,1,41,41,0,41,0,1.0000,166,2.831835,-1,-1,41,0,0,0,0.4,risk_path,4,Bot1|Bot2|Bot3|Bot4,,1,0
243,0.60,75,440,3829884547,2736529294,3653,0.649422,512,1397,6-66,44-36,13-50,68,68,31,23,45,45,1,0,1,68,0,,65,0,,,0,fire_reached_bot,0,25,25,0,0,43,0.3676,213,0.000871,21,21,fire_reached_bot,0,29,27,2,0,53,0.2206,283,0.009947,,-1,fire_reached_bot,0,29,27,2,0,53,0.2206,283,0.010400,-1,,fire_reached_bot,0,29,27,2,0,53,0.2206,283,4.368696,-1,-1,29,0,27,2,,no_path,0,,Bot1|Bot2|Bot3|Bot4,0,1
244,0.60,75,440,2905315126,631340303,3628,0.644978,494,1376,22-71,69-35,61-25,87,83,93,85,18,18,1,0,1,87,0,,33,0,,,0,fire_reached_bot,0,66,66,0,-32,21,0.7586,,0.010172,34,34,fire_reached_bot,0,83,33,50,-49,54,0.3793,,0.193235,,-1,fire_reached_bot,0,83,33,50,-49,54,0.3793,,0.444580,-1,,fire_reached_bot,0,83,33,50,-49,54,0.3793,,6.411122,-1,-1,83,0,33,50,,no_path,0,,Bot1|Bot2|Bot3|Bot4,0,1
245,0.60,75,440,3180725409,3525950523,3641,0.647289,501,1379,46-21,33-48,70-57,40,40,62,60,66,46,0,0,1,40,1,40,102,1,40,62,1,button,1,40,40,0,57,0,1.0000,249,0.001216,-1,-1,button,1,40,40,0,57,0,1.0000,249,0.004152,,-1,button,1,40,40,0,57,0,1.0000,249,0.005519,-1,,button,1,40,40,0,57,0,1.0000,249,2.646854,-1,-1,40,0,0,0,0.4,risk_path,4,Bot1|Bot2|Bot3|Bot4,,1,0
246,0.60,75,440,3527288279,2290517008,3632,0.645689,488,1357,49-48,15-4,50-34,86,78,37,15,71,65,1,0,1,86,0,,99,1,86,13,1,button,1,86,86,0,8,0,1.0000,2117,0.017762,-1,-1,button,1,86,86,0,8,0,1.0000,2117,0.051463,,-1,button,1,86,86,0,8,0,1.0000,2117,0.077222,-1,,button,1,86,86,0,8,0,1.0000,2117,9.284411,-1,-1,86,7,8,0,0.99,risk_path,4,Bot1|Bot2|Bot3|Bot4,,1,0
247,0.60,75,440,2693909744,892987441,3653,0.649422,508,1396,12-31,19-16,27-15,24,22,37,31,13,9,1,0,1,24,0,,18,0,,,0,fire_reached_bot,0,21,21,0,-2,3,0.8750,,0.000301,19,19,fire_reached_bot,0,25,18,7,-6,6,0.7500,,0.041873,,-1,fire_reached_bot,0,25,18,7,-6,6,0.7500,,0.078721,-1,,fire_reached_bot,0,25,18,7,-6,6,0.7500,,1.147073,-1,-1,25,0,18,7,,no_path,0,,Bot1|Bot2|Bot3|Bot4,0,1
248,0.60,75,440,3466483215,701012700,3661,0.650844,506,1362,70-13,27-29,57-25,77,59,27,25,52,34,1,0,1,77,0,,86,0,,,0,fire_reached_bot,0,17,17,0,0,60,0.2208,68,0.001064,12,11,fire_reached_bot,0,64,60,4,0,43,0.4416,1115,0.039184,,11,fire_reached_bot,0,61,60,1,0,41,0.4675,1047,0.045197,11,,fire_reached_bot,0,64,60,4,0,43,0.4416,1115,8.875221,-1,11,64,0,60,4,,no_path,0,,Bot1|Bot2|Bot3|Bot4,0,1
249,0.60,75,440,3499659840,3439355226,3673,0.652978,514,1426,22-34,21-64,21-4,43,31,43,31,86,60,0,0,1,43,1,43,124,1,43,81,1,button,1,43,43,0,65,0,1.0000,428,0.002221,-1,-1,button,1,43,43,0,65,0,1.0000,428,0.007277,,-1,button,1,43,43,0,65,0,1.0000,428,0.009141,-1,,button,1,43,43,0,65,0,1.0000,428,3.055348,-1,-1,43,0,0,0,0.4,risk_path,4,Bot1|Bot2|Bot3|Bot4,,1,0
250,0.60,75,440,1517605910,2955868487,3642,0.647467,504,1373,46-30,45-21,67-21,12,10,30,30,36,22,0,0,1,12,1,12,52,1,12,40,1,button,1,12,12,0,40,0,1.0000,52,0.000179,-1,-1,button,1,12,12,0,40,0,1.0000,52,0.000419,,-1,button,1,12,12,0,40,0,1.0000,52,0.000532,-1,,button,1,12,12,0,40,0,1.0000,52,0.309103,-1,-1,12,0,0,0,0.4,risk_path,4,Bot1|Bot2|Bot3|Bot4,,1,0
251,0.60,75,440,742681489,3514916377,3632,0.645689,501,1338,21-17,13-44,11-71,43,35,84,64,41,29,1,0,1,43,0,,60,1,43,17,1,button,1,43,43,0,17,0,1.0000,362,0.001660,-1,-1,button,1,43,43,0,17,0,1.0000,362,0.004846,,-1,button,1,43,43,0,17,0,1.0000,362,0.007057,-1,,button,1,43,43,0,17,0,1.0000,362,3.413068,-1,-1,43,0,0,0,0.4,risk_path,4,Bot1|Bot2|Bot3|Bot4,,1,0
252,0.60,75,440,389585178,1768587399,3635,0.646222,502,1366,66-16,51-57,64-53,72,56,59,39,33,17,1,0,1,72,0,,47,0,,,0,walked_into_fire,0,36,36,0,-1,36,0.5000,236,0.001414,34,34,fire_reached_bot,0,54,47,7,-6,33,0.5417,,0.051133,,-1,fire_reached_bot,0,54,47,7,-6,33,0.5417,,0.092390,-1,,fire_reached_bot,0,54,47,7,-6,33,0.5417,,7.490372,-1,-1,54,0,47,7,,no_path,0,,Bot1|Bot2|Bot3|Bot4,0,1
253,0.60,75,440,3332814137,1126990968,3634,0.646044,504,1387,69-32,59-13,32-53,89,29,70,58,95,67,0,0,1,89,1,89,146,1,89,57,1,button,1,89,89,0,26,0,1.0000,2713,0.026521,-1,-1,button,1,89,89,0,26,0,1.0000,2713,0.080375,,-1,button,1,89,89,0,26,0,1.0000,2713,0.115292,-1,,button,1,89,89,0,26,0,1.0000,2713,8.554309,47,47,89,0,0,0,0.4,risk_path,4,Bot1|Bot2|Bot3|Bot4,,1,0
254,0.60,75,440,1495801011,917814670,3676,0.653511,528,1432,47-21,14-43,57-68,59,55,71,57,92,68,0,0,1,59,1,59,135,1,59,76,1,button,1,59,59,0,76,0,1.0000,613,0.004274,-1,-1,button,1,59,59,0,76,0,1.0000,613,0.013498,,-1,button,1,59,59,0,76,0,1.0000,613,0.019011,-1,,button,1,59,59,0,76,0,1.0000,613,5.769574,-1,-1,59,0,0,0,0.4,risk_path,4,Bot1|Bot2|Bot3|Bot4,,1,0
255,0.60,75,440,2990102404,731289034,3646,0.648178,513,1347,4-13,3-46,4-57,48,34,66,44,20,12,1,0,1,48,0,,34,0,,,0,fire_reached_bot,0,40,40,0,-5,8,0.8333,,0.002165,35,35,fire_reached_bot,0,51,34,17,-16,14,0.7083,,0.092928,,-1,fire_reached_bot,0,51,34,17,-16,14,0.7083,,0.167666,-1,,fire_reached_bot,0,51,34,17,-16,14,0.7083,,3.636409,-1,-1,51,0,34,17,,no_path,0,,Bot1|Bot2|Bot3|Bot4,0,1
256,0.60,75,440,1232018688,2548799540,3612,0.642133,502,1307,72-37,46-52,56-73,49,41,62,52,33,31,1,0,1,49,0,,50,1,49,1,1,button,1,49,49,0,1,0,1.0000,422,0.002682,-1,-1,button,1,49,49,0,1,0,1.0000,422,0.008435,,-1,button,1,49,49,0,1,0,1.0000,422,0.011850,-1,,button,1,49,49,0,1,0,1.0000,422,4.294158,-1,-1,49,12,24,0,0.99,risk_path,4,Bot1|Bot2|Bot3|Bot4,,1,0
257,0.60,75,440,107580103,4254696228,3638,0.646756,494,1325,72-15,40-45,29-23,70,62,85,51,49,33,1,0,1,70,0,,75,1,70,5,1,button,1,70,70,0,5,0,1.0000,1377,0.008758,-1,-1,button,1,70,70,0,5,0,1.0000,1377,0.021241,,-1,button,1,70,70,0,5,0,1.0000,1377,0.034974,-1,,button,1,70,70,0,5,0,1.0000,1377,7.647953,-1,-1,70,16,40,0,0.99,risk_path,4,Bot1|Bot2|Bot3|Bot4,,1,0
258,0.60,75,440,2403017489,1321081877,3632,0.645689,502,1356,25-59,15-60,72-57,21,11,69,49,90,60,0,0,1,21,1,21,132,1,21,111,1,button,1,21,21,0,101,0,1.0000,99,0.000450,-1,-1,button,1,21,21,0,101,0,1.0000,99,0.001397,,-1,button,1,21,21,0,101,0,1.0000,99,0.001768,-1,,button,1,21,21,0,101,0,1.0000,99,0.867010,-1,-1,21,0,0,0,0.4,risk_path,4,Bot1|Bot2|Bot3|Bot4,,1,0
259,0.60,75,440,3247152571,688223439,3631,0.645511,509,1371,69-74,26-34,10-32,85,83,103,101,20,18,1,0,1,85,0,,35,0,,,0,walked_into_fire,0,65,65,0,-29,20,0.7647,,0.004047,36,36,fire_reached_bot,0,107,35,72,-71,50,0.4118,,0.245213,,-1,fire_reached_bot,0,107,35,72,-71,50,0.4118,,0.480911,-1,,fire_reached_bot,0,107,35,72,-71,50,0.4118,,6.999809,-1,-1,107,0,35,72,,no_path,0,,Bot1|Bot2|Bot3|Bot4,0,1
260,0.60,75,440,2786424847,3343057812,3666,0.651733,505,1445,11-26,51-68,14-46,82,82,41,23,65,59,1,0,1,82,0,,105,1,82,23,1,button,1,82,82,0,2,0,1.0000,1325,0.010788,-1,-1,button,1,82,82,0,2,0,1.0000,1325,0.023733,,-1,button,1,82,82,0,2,0,1.0000,1325,0.040118,-1,,button,1,82,82,0,11,0,1.0000,1325,9.881038,30,30,82,3,22,0,0.99,risk_path,4,Bot1|Bot2|Bot3|Bot4,,1,0
261,0.60,75,440,2797536688,4050217512,3651,0.649067,503,1365,0-14,53-28,35-60,81,67,99,81,54,50,1,0,1,81,0,,81,0,,,0,fire_reached_bot,0,80,80,0,0,1,0.9877,1551,0.013929,-1,-1,fire_reached_bot,0,80,80,0,0,1,0.9877,1551,0.039615,,-1,fire_reached_bot,0,80,80,0,0,1,0.9877,1551,0.058173,-1,,fire_reached_bot,0,80,80,0,0,1,0.9877,1551,9.721781,-1,-1,80,12,68,0,0.99,risk_path,0,,Bot1|Bot2|Bot3|Bot4,0,1
262,0.60,75,440,3920002231,96578032,3642,0.647467,510,1405,70-17,18-0,22-20,83,69,75,51,30,24,1,0,1,83,0,,49,0,,,0,walked_into_fire,0,45,45,0,-1,38,0.5422,635,0.003558,25,25,fire_reached_bot,0,76,24,52,-26,59,0.2892,,0.205733,,-1,fire_reached_bot,0,76,24,52,-26,59,0.2892,,0.414151,-1,,fire_reached_bot,0,76,24,52,-26,59,0.2892,,4.318237,-1,-1,76,0,24,52,,no_path,0,,Bot1|Bot2|Bot3|Bot4,0,1
263,0.60,75,440,221242311,932793819,3625,0.644444,502,1344,3-28,11-56,64-10,40,36,85,79,113,99,0,0,1,40,1,40,171,1,40,131,1,button,1,40,40,0,130,0,1.0000,430,0.002053,-1,-1,button,1,40,40,0,130,0,1.0000,430,0.005950,,-1,button,1,40,40,0,130,0,1.0000,430,0.008559,-1,,button,1,40,40,0,130,0,1.0000,430,2.767966,19,19,40,0,0,0,0.4,risk_path,4,Bot1|Bot2|Bot3|Bot4,,1,0
264,0.60,75,440,1006815665,3029020804,3650,0.648889,508,1335,0-54,26-44,69-74,48,36,107,89,75,73,0,0,1,48,1,48,107,1,48,59,1,button,1,48,48,0,59,0,1.0000,370,0.002358,-1,-1,button,1,48,48,0,59,0,1.0000,370,0.011385,,-1,button,1,48,48,0,59,0,1.0000,370,0.013551,-1,,button,1,48,48,0,59,0,1.0000,370,4.044997,1,1,48,0,0,0,0.4,risk_path,4,Bot1|Bot2|Bot3|Bot4,,1,0
265,0.60,75,440,3550384,2803946996,3652,0.649244,496,1359,36-68,30-18,50-16,72,56,86,66,32,22,1,0,1,72,0,,44,0,,,0,fire_reached_bot,0,59,59,0,-14,13,0.8194,,0.005375,45,45,fire_reached_bot,0,82,44,38,-37,28,0.6111,,0.151913,,-1,fire_reached_bot,0,82,44,38,-37,28,0.6111,,0.300734,-1,,fire_reached_bot,0,82,44,38,-37,28,0.6111,,7.595694,-1,-1,82,0,44,38,,no_path,0,,Bot1|Bot2|Bot3|Bot4,0,1
266,0.60,75,440,1459446169,848544576,3647,0.648356,503,1372,12-53,23-15,51-21,59,49,79,71,36,34,1,0,1,59,0,,52,0,,,0,walked_into_fire,0,56,56,0,-3,3,0.9492,,0.008551,53,50,fire_reached_bot,0,60,52,8,-7,7,0.8814,,0.043757,,50,fire_reached_bot,0,67,52,15,-14,11,0.8136,,0.141050,50,,fire_reached_bot,0,60,52,8,-7,7,0.8814,,5.426703,-1,50,60,0,52,8,,no_path,0,,Bot1|Bot2|Bot3|Bot4,0,1
267,0.60,75,440,1897333980,3152261953,3618,0.643200,496,1339,34-62,30-66,59-38,10,8,53,49,61,57,0,0,1,10,1,10,84,1,10,74,1,button,1,10,10,0,69,0,1.0000,41,0.000144,-1,-1,button,1,10,10,0,69,0,1.0000,41,0.000298,,-1,button,1,10,10,0,69,0,1.0000,41,0.000438,-1,,button,1,10,10,0,69,0,1.0000,41,0.252838,-1,-1,10,0,0,0,0.4,risk_path,4,Bot1|Bot2|Bot3|Bot4,,1,0
268,0.60,75,440,1652118545,685776228,3653,0.649422,509,1418,3-27,46-74,31-68,92,90,71,69,21,21,1,0,1,92,0,,31,0,,,0,walked_into_fire,0,41,41,0,-9,51,0.4457,,0.002691,10,10,fire_reached_bot,0,66,29,37,-34,63,0.3152,,0.194210,,-1,fire_reached_bot,0,66,29,37,-34,63,0.3152,,0.365404,-1,,fire_reached_bot,0,66,29,37,-34,63,0.3152,,6.507169,-1,-1,66,0,29,37,,no_path,0,,Bot1|Bot2|Bot3|Bot4,0,1
269,0.60,75,440,943373969,2848700176,3631,0.645511,501,1392,10-22,36-18,37-71,38,30,82,76,72,54,0,0,1,38,1,38,108,1,38,70,1,button,1,38,38,0,70,0,1.0000,290,0.001470,-1,-1,button,1,38,38,0,70,0,1.0000,290,0.004570,,-1,button,1,38,38,0,70,0,1.0000,290,0.005942,-1,,button,1,38,38,0,70,0,1.0000,290,2.372964,1,1,38,0,0,0,0.4,risk_path,4,Bot1|Bot2|Bot3|Bot4,,1,0
270,0.60,75,440,1415906743,1027550563,3643,0.647644,499,1344,71-56,1-44,50-21,96,82,60,56,80,72,1,0,1,96,0,,130,1,96,34,1,button,1,96,96,0,13,0,1.0000,2285,0.029188,-1,-1,button,1,96,96,0,13,0,1.0000,2285,0.070616,,-1,button,1,96,96,0,13,0,1.0000,2285,0.089833,-1,,button,1,96,96,0,13,0,1.0000,2285,9.642263,9,9,96,5,0,0,0.99,risk_path,4,Bot1|Bot2|Bot3|Bot4,,1,0
271,0.60,75,440,4249967921,3928420346,3633,0.645867,503,1392,3-30,29-44,72-6,50,40,101,93,83,81,0,0,1,50,1,50,128,1,50,78,1,button,1,50,50,0,73,0,1.0000,362,0.002393,-1,-1,button,1,50,50,0,73,0,1.0000,362,0.007129,,-1,button,1,50,50,0,73,0,1.0000,362,0.010710,-1,,button,1,50,50,0,73,0,1.0000,362,4.105879,10,10,50,0,0,0,0.4,risk_path,4,Bot1|Bot2|Bot3|Bot4,,1,0
272,0.60,75,440,3406299465,3246889654,3643,0.647644,495,1345,7-69,26-14,52-56,82,74,64,58,78,68,1,0,1,82,0,,116,1,82,34,1,button,1,82,82,0,33,0,1.0000,1418,0.012214,-1,-1,button,1,82,82,0,33,0,1.0000,1418,0.037193,,-1,button,1,82,82,0,33,0,1.0000,1418,0.056367,-1,,button,1,82,82,0,33,0,1.0000,1418,8.599104,1,1,82,0,0,0,0.4,risk_path,4,Bot1|Bot2|Bot3|Bot4,,1,0
273,0.60,75,440,2347823433,2610306846,3633,0.645867,506,1373,13-74,74-39,46-24,106,96,87,83,55,43,1,0,1,106,0,,80,0,,,0,walked_into_fire,0,64,64,0,-1,42,0.6038,1610,0.011947,59,58,fire_reached_bot,0,78,73,5,0,45,0.5755,2159,0.062779,,58,fire_reached_bot,0,77,73,4,0,43,0.5943,2115,0.090339,58,,fire_reached_bot,0,78,73,5,0,45,0.5755,2159,9.424975,-1,58,78,0,73,5,,no_path,0,,Bot1|Bot2|Bot3|Bot4,0,1
274,0.60,75,440,2266113072,2703714323,3649,0.648711,509,1393,60-40,45-73,70-6,54,48,58,44,108,92,0,0,1,54,1,54,163,1,54,109,1,button,1,54,54,0,90,0,1.0000,330,0.002695,-1,-1,button,1,54,54,0,90,0,1.0000,330,0.010576,,-1,button,1,54,54,0,90,0,1.0000,330,0.013587,-1,,button,1,54,54,0,90,0,1.0000,330,4.793796,-1,-1,54,0,0,0,0.4,risk_path,4,Bot1|Bot2|Bot3|Bot4,,1,0
275,0.60,75,440,572313208,4115807259,3673,0.652978,515,1382,27-14,6-71,71-65,96,78,101,95,101,71,0,0,1,96,1,96,153,1,96,57,1,button,1,96,96,0,51,0,1.0000,1384,0.014153,-1,-1,button,1,96,96,0,51,0,1.0000,1384,0.066143,,-1,button,1,96,96,0,51,0,1.0000,1384,0.085900,-1,,button,1,96,96,0,50,0,1.0000,1384,11.071076,76,76,96,0,0,0,0.4,risk_path,4,Bot1|Bot2|Bot3|Bot4,,1,0
276,0.60,75,440,441933108,3198590936,3653,0.649422,500,1388,16-39,72-3,74-20,98,92,85,77,29,19,1,0,1,98,0,,44,0,,,0,walked_into_fire,0,62,62,0,-17,36,0.6327,,0.004555,40,40,fire_reached_bot,0,100,39,61,-55,59,0.3980,,0.300189,,-1,fire_reached_bot,0,100,39,61,-55,59,0.3980,,0.557792,-1,,fire_reached_bot,0,100,39,61,-55,59,0.3980,,9.097856,-1,-1,100,0,39,61,,no_path,0,,Bot1|Bot2|Bot3|Bot4,0,1
277,0.60,75,440,3418122606,1333948928,3641,0.647289,508,1374,47-46,22-43,66-36,32,28,37,29,67,51,0,0,1,32,1,32,86,1,32,54,1,button,1,32,32,0,45,0,1.0000,258,0.001034,-1,-1,button,1,32,32,0,45,0,1.0000,258,0.002505,,-1,button,1,32,32,0,45,0,1.0000,258,0.003891,-1,,button,1,32,32,0,45,0,1.0000,258,1.738748,-1,-1,32,0,0,0,0.4,risk_path,4,Bot1|Bot2|Bot3|Bot4,,1,0
278,0.60,75,440,2893733061,2995401778,3638,0.646756,510,1380,32-62,48-27,5-67,57,51,48,32,89,83,0,0,1,57,1,57,127,1,57,70,1,button,1,57,57,0,58,0,1.0000,419,0.002964,-1,-1,button,1,57,57,0,58,0,1.0000,419,0.013196,,-1,button,1,57,57,0,58,0,1.0000,419,0.019965,-1,,button,1,57,57,0,59,0,1.0000,419,4.894854,22,22,57,0,0,0,0.4,risk_path,4,Bot1|Bot2|Bot3|Bot4,,1,0
279,0.60,75,440,3773649777,926245506,3628,0.644978,495,1368,32-63,60-72,25-22,47,37,60,48,87,85,0,0,1,47,1,47,127,1,47,80,1,button,1,47,47,0,73,0,1.0000,676,0.003254,-1,-1,button,1,47,47,0,73,0,1.0000,676,0.009944,,-1,button,1,47,47,0,73,0,1.0000,676,0.016326,-1,,button,1,47,47,0,73,0,1.0000,676,3.231198,7,7,47,0,0,0,0.4,risk_path,4,Bot1|Bot2|Bot3|Bot4,,1,0
280,0.60,75,440,2985125786,3442015289,3635,0.646222,507,1348,28-4,7-3,50-1,34,22,41,25,63,45,0,0,1,34,1,34,102,1,34,68,1,button,1,34,34,0,52,0,1.0000,124,0.000633,-1,-1,button,1,34,34,0,52,0,1.0000,124,0.002740,,-1,button,1,34,34,0,52,0,1.0000,124,0.003611,-1,,button,1,34,34,0,52,0,1.0000,124,1.890943,-1,-1,34,0,0,0,0.4,risk_path,4,Bot1|Bot2|Bot3|Bot4,,1,0
281,0.60,75,440,2521516864,696713569,3648,0.648533,502,1389,44-7,32-14,41-1,25,19,11,9,28,22,0,0,1,25,1,25,46,1,25,21,1,button,1,25,25,0,10,0,1.0000,131,0.000543,-1,-1,button,1,25,25,0,10,0,1.0000,131,0.001924,,-1,button,1,25,25,0,10,0,1.0000,131,0.002506,-1,,button,1,25,25,0,10,0,1.0000,131,1.055953,-1,-1,25,0,0,0,0.4,risk_path,4,Bot1|Bot2|Bot3|Bot4,,1,0
282,0.60,75,440,3512670226,3470638926,3653,0.649422,513,1374,59-63,33-58,21-65,53,31,74,40,31,19,1,0,1,53,0,,50,0,,,0,fire_reached_bot,0,47,47,0,0,6,0.8868,564,0.003450,47,47,fire_reached_bot,0,49,48,1,0,7,0.8679,607,0.017651,,-1,fire_reached_bot,0,49,48,1,0,7,0.8679,607,0.030690,-1,,fire_reached_bot,0,49,48,1,0,7,0.8679,607,4.585044,-1,-1,49,0,48,1,,no_path,0,,Bot1|Bot2|Bot3|Bot4,0,1
283,0.60,75,440,139254943,2871586275,3638,0.646756,499,1382,4-42,66-69,7-3,103,89,60,42,127,125,0,0,1,103,1,103,189,1,103,86,1,button,1,103,103,0,55,0,1.0000,1472,0.018740,-1,-1,button,1,103,103,0,55,0,1.0000,1472,0.076913,,-1,button,1,103,103,0,55,0,1.0000,1472,0.092230,-1,,button,1,103,103,0,55,0,1.0000,1472,13.226525,38,38,103,0,0,0,0.4,risk_path,4,Bot1|Bot2|Bot3|Bot4,,1,0
284,0.60,75,440,2016013904,2387887068,3654,0.649600,510,1422,62-39,27-35,2-37,59,39,92,62,39,27,1,0,1,59,0,,64,1,59,5,1,button,1,59,59,0,5,0,1.0000,755,0.004745,-1,-1,button,1,59,59,0,5,0,1.0000,755,0.013647,,-1,button,1,59,59,0,5,0,1.0000,755,0.019403,-1,,button,1,59,59,0,5,0,1.0000,755,6.455483,-1,-1,59,7,43,0,0.99,risk_path,4,Bot1|Bot2|Bot3|Bot4,,1,0
285,0.60,75,440,2152869414,3950020351,3662,0.651022,509,1413,46-68,12-66,41-41,46,36,40,32,58,54,0,0,1,46,1,46,92,1,46,46,1,button,1,46,46,0,40,0,1.0000,683,0.003307,-1,-1,button,1,46,46,0,40,0,1.0000,683,0.008458,,-1,button,1,46,46,0,40,0,1.0000,683,0.013125,-1,,button,1,46,46,0,40,0,1.0000,683,3.374284,34,34,46,0,0,0,0.4,risk_path,4,Bot1|Bot2|Bot3|Bot4,,1,0
286,0.60,75,440,1157899962,1993066084,3639,0.646933,494,1362,35-40,45-7,36-3,55,43,56,38,15,13,1,0,1,55,0,,24,0,,,0,walked_into_fire,0,33,33,0,-8,22,0.6000,,0.001704,23,23,fire_reached_bot,0,48,24,24,-23,31,0.4364,,0.118968,,-1,fire_reached_bot,0,48,24,24,-23,31,0.4364,,0.264605,-1,,fire_reached_bot,0,48,24,24,-23,31,0.4364,,3.915488,-1,-1,48,0,24,24,,no_path,0,,Bot1|Bot2|Bot3|Bot4,0,1
287,0.60,75,440,3991210846,343377854,3657,0.650133,514,1363,38-53,25-9,44-54,67,57,19,7,86,64,0,0,1,67,1,67,131,1,67,64,1,button,1,67,67,0,32,0,1.0000,938,0.009898,-1,-1,button,1,67,67,0,32,0,1.0000,938,0.021227,,-1,button,1,67,67,0,32,0,1.0000,938,0.029526,-1,,button,1,67,67,0,32,0,1.0000,938,6.863456,65,65,67,0,0,0,0.4,risk_path,4,Bot1|Bot2|Bot3|Bot4,,1,0
288,0.60,75,440,3830897319,2464422491,3661,0.650844,511,1430,65-37,32-41,39-55,47,37,46,44,33,21,1,0,1,47,0,,46,0,,,0,walked_into_fire,0,47,47,0,-1,0,1.0000,848,0.007636,47,47,fire_reached_bot,0,48,46,2,-1,1,0.9787,,0.010262,,-1,fire_reached_bot,0,48,46,2,-1,1,0.9787,,0.016738,-1,,fire_reached_bot,0,48,46,2,-1,1,0.9787,,4.300499,-1,-1,48,7,39,2,0.99,no_path,0,,Bot1|Bot2|Bot3|Bot4,0,1
289,0.60,75,440,718415510,2147925118,3645,0.648000,499,1380,34-46,50-13,2-73,57,49,61,59,118,108,0,0,1,57,1,57,170,1,57,113,1,button,1,57,57,0,90,0,1.0000,356,0.002592,-1,-1,button,1,57,57,0,90,0,1.0000,356,0.010907,,-1,button,1,57,57,0,90,0,1.0000,356,0.014462,-1,,button,1,57,57,0,90,0,1.0000,356,5.617578,3,3,57,0,0,0,0.4,risk_path,4,Bot1|Bot2|Bot3|Bot4,,1,0
290,0.60,75,440,3810450922,1091198838,3649,0.648711,509,1393,38-31,8-34,21-59,45,33,45,45,44,38,1,0,1,45,0,,66,1,45,21,1,button,1,45,45,0,21,0,1.0000,765,0.003851,-1,-1,button,1,45,45,0,21,0,1.0000,765,0.008904,,-1,button,1,45,45,0,21,0,1.0000,765,0.014742,-1,,button,1,45,45,0,21,0,1.0000,765,3.357641,-1,-1,45,0,0,0,0.4,risk_path,4,Bot1|Bot2|Bot3|Bot4,,1,0
291,0.60,75,440,488650922,3463263512,3635,0.646222,503,1370,28-52,57-36,37-65,51,45,30,22,53,49,0,0,1,51,1,51,87,1,51,36,1,button,1,51,51,0,30,0,1.0000,459,0.002442,-1,-1,button,1,51,51,0,30,0,1.0000,459,0.009797,,-1,button,1,51,51,0,30,0,1.0000,459,0.012934,-1,,button,1,51,51,0,30,0,1.0000,459,4.521876,1,1,51,0,0,0,0.4,risk_path,4,Bot1|Bot2|Bot3|Bot4,,1,0
292,0.60,75,440,1069063252,2129452804,3641,0.647289,498,1356,46-5,62-39,70-24,56,50,59,43,23,23,1,0,1,56,0,,35,0,,,0,walked_into_fire,0,35,35,0,-2,21,0.6250,274,0.001188,33,31,fire_reached_bot,0,39,32,7,-3,24,0.5714,,0.039551,,31,fire_reached_bot,0,45,32,13,-9,28,0.5000,,0.125587,31,,fire_reached_bot,0,39,32,7,-3,24,0.5714,,4.455991,-1,31,39,0,32,7,,no_path,0,,Bot1|Bot2|Bot3|Bot4,0,1
293,0.60,75,440,2939677069,3588486604,3656,0.649956,511,1377,31-9,16-62,11-71,74,68,88,82,14,14,1,0,1,74,0,,25,0,,,0,fire_reached_bot,0,53,53,0,-27,21,0.7162,,0.003063,26,26,fire_reached_bot,0,91,25,66,-65,49,0.3378,,0.312801,,-1,fire_reached_bot,0,91,25,66,-65,49,0.3378,,0.604884,-1,,fire_reached_bot,0,91,25,66,-65,49,0.3378,,5.892927,-1,-1,91,0,25,66,,no_path,0,,Bot1|Bot2|Bot3|Bot4,0,1
294,0.60,75,440,3448987124,1070658387,3646,0.648178,504,1370,1-64,0-32,53-31,51,33,87,85,68,54,0,0,1,51,1,51,111,1,51,60,1,button,1,51,51,0,58,0,1.0000,793,0.004169,-1,-1,button,1,51,51,0,58,0,1.0000,793,0.012501,,-1,button,1,51,51,0,58,0,1.0000,793,0.014520,-1,,button,1,51,51,0,58,0,1.0000,793,3.975018,-1,-1,51,0,0,0,0.4,risk_path,4,Bot1|Bot2|Bot3|Bot4,,1,0
295,0.60,75,440,3957383876,3993555280,3636,0.646400,488,1349,43-23,34-19,37-37,15,13,26,20,23,21,0,0,1,15,1,15,28,1,15,13,1,button,1,15,15,0,11,0,1.0000,72,0.000220,-1,-1,button,1,15,15,0,11,0,1.0000,72,0.001036,,-1,button,1,15,15,0,11,0,1.0000,72,0.000677,-1,,button,1,15,15,0,11,0,1.0000,72,0.494422,-1,-1,15,0,0,0,0.4,risk_path,4,Bot1|Bot2|Bot3|Bot4,,1,0
296,0.60,75,440,1682334534,1630947947,3617,0.643022,503,1320,22-65,9-42,33-4,52,36,102,72,66,62,0,0,1,52,1,52,107,1,52,55,1,button,1,52,52,0,54,0,1.0000,577,0.003048,-1,-1,button,1,52,52,0,54,0,1.0000,577,0.015398,,-1,button,1,52,52,0,54,0,1.0000,577,0.014586,-1,,button,1,52,52,0,55,0,1.0000,577,4.380434,47,47,52,0,0,0,0.4,risk_path,4,Bot1|Bot2|Bot3|Bot4,,1,0
297,0.60,75,440,3826954389,2667375914,3627,0.644800,504,1383,45-29,20-58,24-32,58,54,32,24,34,30,1,0,1,58,0,,56,0,,,0,fire_reached_bot,0,21,21,0,0,37,0.3621,126,0.000972,16,12,fire_reached_bot,0,50,50,0,0,38,0.3448,856,0.024838,,12,fire_reached_bot,0,50,50,0,0,38,0.3448,856,0.030734,12,,fire_reached_bot,0,50,50,0,0,38,0.3448,856,7.023098,-1,12,50,0,50,0,,shortest_path_fallback,0,,Bot1|Bot2|Bot3|Bot4,0,1
298,0.60,75,440,1463647553,2324460761,3676,0.653511,516,1382,7-73,14-7,18-37,113,73,73,47,48,34,1,0,1,113,0,,83,0,,,0,walked_into_fire,0,48,48,0,-1,65,0.4248,434,0.004856,45,45,fire_reached_bot,0,84,79,5,0,94,0.1681,,0.160280,,48,fire_reached_bot,0,79,78,1,0,95,0.1593,1498,0.149109,48,,fire_reached_bot,0,84,79,5,0,94,0.1681,,15.284198,-1,48,84,0,79,5,,no_path,0,,Bot1|Bot2|Bot3|Bot4,0,1
299,0.60,75,440,290523079,465395590,3655,0.649778,518,1381,69-18,62-58,22-38,57,47,77,67,66,60,0,0,1,57,1,57,101,1,57,44,1,button,1,57,57,0,44,0,1.0000,1021,0.007398,-1,-1,button,1,57,57,0,44,0,1.0000,1021,0.018905,,-1,button,1,57,57,0,44,0,1.0000,1021,0.021387,-1,,button,1,57,57,0,44,0,1.0000,1021,5.395371,-1,-1,57,0,0,0,0.4,risk_path,4,Bot1|Bot2|Bot3|Bot4,,1,0
300,0.60,75,440,2918341021,4123951292,3643,0.647644,507,1388,3-20,42-65,72-2,98,84,121,87,103,93,0,0,1,98,1,98,157,1,98,59,1,button,1,98,98,0,59,0,1.0000,818,0.007890,-1,-1,button,1,98,98,0,59,0,1.0000,818,0.066859,,-1,button,1,98,98,0,59,0,1.0000,818,0.071448,-1,,button,1,98,98,0,59,0,1.0000,818,13.704809,17,17,98,0,0,0,0.4,risk_path,4,Bot1|Bot2|Bot3|Bot4,,1,0
301,0.60,75,440,1819333381,488089373,3635,0.646222,494,1346,46-31,45-39,54-54,11,9,35,31,24,24,0,0,1,11,1,11,38,1,11,27,1,button,1,11,11,0,27,0,1.0000,35,0.000183,-1,-1,button,1,11,11,0,27,0,1.0000,35,0.000328,,-1,button,1,11,11,0,27,0,1.0000,35,0.000411,-1,,button,1,11,11,0,27,0,1.0000,35,0.311979,-1,-1,11,0,0,0,0.4,risk_path,4,Bot1|Bot2|Bot3|Bot4,,1,0
302,0.60,75,440,1770019578,3777455532,3626,0.644622,501,1376,59-48,49-47,28-6,21,11,73,73,64,62,0,0,1,21,1,21,98,1,21,77,1,button,1,21,21,0,77,0,1.0000,89,0.000500,-1,-1,button,1,21,21,0,77,0,1.0000,89,0.001111,,-1,button,1,21,21,0,77,0,1.0000,89,0.001256,-1,,button,1,21,21,0,77,0,1.0000,89,0.827049,8,8,21,0,0,0,0.4,risk_path,4,Bot1|Bot2|Bot3|Bot4,,1,0
303,0.60,75,440,1560084379,2039133605,3629,0.645156,497,1345,39-25,1-70,74-53,97,83,69,63,96,90,1,0,1,97,0,,142,1,97,45,1,button,1,97,97,0,24,0,1.0000,1610,0.019161,-1,-1,button,1,97,97,0,24,0,1.0000,1610,0.068968,,-1,button,1,97,97,0,24,0,1.0000,1610,0.084271,-1,,button,1,97,97,0,24,0,1.0000,1610,11.440778,-1,-1,97,0,0,0,0.4,risk_path,4,Bot1|Bot2|Bot3|Bot4,,1,0
304,0.60,75,440,3262132408,1721014697,3658,0.650311,496,1385,65-54,0-53,27-37,96,66,59,55,49,43,1,0,1,96,0,,69,0,,,0,fire_reached_bot,0,46,46,0,0,50,0.4792,762,0.005019,45,45,fire_reached_bot,0,62,60,2,0,54,0.4375,1385,0.067978,,57,fire_reached_bot,0,62,60,2,0,56,0.4167,1385,0.081409,57,,fire_reached_bot,0,62,60,2,0,54,0.4375,1385,8.988481,-1,57,62,0,60,2,,no_path,0,,Bot1|Bot2|Bot3|Bot4,0,1
305,0.60,75,440,77630353,3086096505,3634,0.646044,490,1370,32-73,64-44,11-31,65,61,67,63,74,66,0,0,1,65,1,65,111,1,65,46,1,button,1,65,65,0,42,0,1.0000,1064,0.007129,-1,-1,button,1,65,65,0,42,0,1.0000,1064,0.016288,,-1,button,1,65,65,0,42,0,1.0000,1064,0.022777,-1,,button,1,65,65,0,42,0,1.0000,1064,6.387525,9,9,65,0,0,0,0.4,risk_path,4,Bot1|Bot2|Bot3|Bot4,,1,0
306,0.60,75,440,3978666814,258631395,3644,0.647822,494,1394,3-14,7-13,33-47,15,5,73,63,68,60,0,0,1,15,1,15,93,1,15,78,1,button,1,15,15,0,77,0,1.0000,103,0.000294,-1,-1,button,1,15,15,0,77,0,1.0000,103,0.000669,,-1,button,1,15,15,0,77,0,1.0000,103,0.000787,-1,,button,1,15,15,0,77,0,1.0000,103,0.452250,-1,-1,15,0,0,0,0.4,risk_path,4,Bot1|Bot2|Bot3|Bot4,,1,0
307,0.60,75,440,1680995527,3003881739,3653,0.649422,507,1391,65-55,74-12,61-23,66,52,44,36,24,24,1,0,1,66,0,,32,0,,,0,walked_into_fire,0,27,27,0,-1,39,0.4091,252,0.001634,22,22,fire_reached_bot,0,36,26,10,-3,46,0.3030,,0.073162,,-1,fire_reached_bot,0,36,26,10,-3,46,0.3030,,0.132464,-1,,fire_reached_bot,0,36,26,10,-3,46,0.3030,,4.583000,-1,-1,36,0,26,10,,no_path,0,,Bot1|Bot2|Bot3|Bot4,0,1
308,0.60,75,440,3117523694,2309348517,3656,0.649956,515,1390,15-41,1-38,23-35,31,17,14,14,39,25,0,0,1,31,1,31,52,1,31,21,1,button,1,31,31,0,18,0,1.0000,342,0.001148,-1,-1,button,1,31,31,0,18,0,1.0000,342,0.002820,,-1,button,1,31,31,0,18,0,1.0000,342,0.003966,-1,,button,1,31,31,0,18,0,1.0000,342,1.610868,-1,-1,31,0,0,0,0.4,risk_path,4,Bot1|Bot2|Bot3|Bot4,,1,0
309,0.60,75,440,2835355592,297263676,3627,0.644800,500,1373,11-50,68-37,68-60,86,70,97,67,41,23,1,0,1,86,0,,65,0,,,0,walked_into_fire,0,61,61,0,-1,25,0.7093,509,0.004571,59,59,fire_reached_bot,0,64,58,6,0,28,0.6744,575,0.061542,,-1,fire_reached_bot,0,64,58,6,0,28,0.6744,575,0.104694,-1,,fire_reached_bot,0,64,58,6,0,28,0.6744,575,10.854692,-1,-1,64,0,58,6,,no_path,0,,Bot1|Bot2|Bot3|Bot4,0,1
310,0.60,75,440,2898697772,2994729344,3622,0.643911,510,1334,29-24,19-52,44-21,56,38,22,18,58,56,0,0,1,56,1,56,84,1,56,28,1,button,1,56,56,0,25,0,1.0000,1171,0.006906,-1,-1,button,1,56,56,0,25,0,1.0000,1171,0.021891,,-1,button,1,56,56,0,25,0,1.0000,1171,0.027366,-1,,button,1,56,56,0,25,0,1.0000,1171,4.407282,-1,-1,56,0,0,0,0.4,risk_path,4,Bot1|Bot2|Bot3|Bot4,,1,0
311,0.60,75,440,1005567868,222496869,3643,0.647644,506,1381,16-45,13-59,40-62,35,17,65,41,50,30,0,0,1,35,1,35,80,1,35,45,1,button,1,35,35,0,45,0,1.0000,261,0.001069,-1,-1,button,1,35,35,0,45,0,1.0000,261,0.003547,,-1,button,1,35,35,0,45,0,1.0000,261,0.004258,-1,,button,1,35,35,0,45,0,1.0000,261,2.147168,-1,-1,35,0,0,0,0.4,risk_path,4,Bot1|Bot2|Bot3|Bot4,,1,0
312,0.60,75,440,3042795674,2137903543,3656,0.649956,523,1394,37-7,45-46,3-20,65,47,55,47,74,68,0,0,1,65,1,65,115,1,65,50,1,button,1,65,65,0,48,0,1.0000,685,0.004716,-1,-1,button,1,65,65,0,48,0,1.0000,685,0.014047,,-1,button,1,65,65,0,48,0,1.0000,685,0.019245,-1,,button,1,65,65,0,49,0,1.0000,685,7.064076,39,39,65,0,0,0,0.4,risk_path,4,Bot1|Bot2|Bot3|Bot4,,1,0
313,0.60,75,440,1246630585,1554748669,3644,0.647822,515,1381,70-15,74-36,60-13,39,25,58,12,53,37,0,0,1,39,1,39,88,1,39,49,1,button,1,39,39,0,37,0,1.0000,281,0.001400,-1,-1,button,1,39,39,0,37,0,1.0000,281,0.006580,,-1,button,1,39,39,0,37,0,1.0000,281,0.006333,-1,,button,1,39,39,0,37,0,1.0000,281,2.633467,25,25,39,0,0,0,0.4,risk_path,4,Bot1|Bot2|Bot3|Bot4,,1,0
314,0.60,75,440,2358439391,771830428,3651,0.649067,506,1369,54-13,45-40,7-28,40,36,82,62,62,50,0,0,1,40,1,40,104,1,40,64,1,button,1,40,40,0,64,0,1.0000,153,0.000751,-1,-1,button,1,40,40,0,64,0,1.0000,153,0.006376,,-1,button,1,40,40,0,64,0,1.0000,153,0.003984,-1,,button,1,40,40,0,64,0,1.0000,153,2.775405,-1,-1,40,0,0,0,0.4,risk_path,4,Bot1|Bot2|Bot3|Bot4,,1,0
315,0.60,75,440,773523320,1401553363,3618,0.643200,495,1376,24-48,24-35,13-9,19,13,58,50,53,37,0,0,1,19,1,19,80,1,19,61,1,button,1,19,19,0,56,0,1.0000,168,0.000501,-1,-1,button,1,19,19,0,56,0,1.0000,168,0.002102,,-1,button,1,19,19,0,56,0,1.0000,168,0.001598,-1,,button,1,19,19,0,56,0,1.0000,168,0.722537,6,6,19,0,0,0,0.4,risk_path,4,Bot1|Bot2|Bot3|Bot4,,1,0
316,0.60,75,440,1738134723,2008269550,3615,0.642667,493,1361,13-28,74-55,16-9,92,88,34,22,108,104,0,0,1,92,1,92,162,1,92,70,1,button,1,92,92,0,37,0,1.0000,1379,0.013258,-1,-1,button,1,92,92,0,37,0,1.0000,1379,0.046798,,-1,button,1,92,92,0,37,0,1.0000,1379,0.060163,-1,,button,1,92,92,0,37,0,1.0000,1379,10.927302,15,15,92,0,0,0,0.4,risk_path,4,Bot1|Bot2|Bot3|Bot4,,1,0
317,0.60,75,440,979263756,953799673,3669,0.652267,502,1402,13-59,8-50,29-50,16,14,31,25,31,21,0,0,1,16,1,16,50,1,16,34,1,button,1,16,16,0,33,0,1.0000,67,0.000242,-1,-1,button,1,16,16,0,33,0,1.0000,67,0.000599,,-1,button,1,16,16,0,33,0,1.0000,67,0.000653,-1,,button,1,16,16,0,33,0,1.0000,67,0.503393,-1,-1,16,0,0,0,0.4,risk_path,4,Bot1|Bot2|Bot3|Bot4,,1,0
318,0.60,75,440,1739095726,662417193,3613,0.642311,484,1308,66-39,40-23,28-18,42,42,59,59,17,17,1,0,1,42,0,,29,0,,,0,walked_into_fire,0,36,36,0,-6,6,0.8571,,0.001269,30,30,fire_reached_bot,0,57,29,28,-27,13,0.6905,,0.131135,,-1,fire_reached_bot,0,57,29,28,-27,13,0.6905,,0.279462,-1,,fire_reached_bot,0,57,29,28,-27,13,0.6905,,2.818348,-1,-1,57,0,29,28,,no_path,0,,Bot1|Bot2|Bot3|Bot4,0,1
319,0.60,75,440,868483726,487361327,3650,0.648889,508,1404,55-23,16-9,32-68,67,53,68,68,83,75,0,0,1,67,1,67,117,1,67,50,1,button,1,67,67,0,50,0,1.0000,1371,0.009917,-1,-1,button,1,67,67,0,50,0,1.0000,1371,0.030122,,-1,button,1,67,67,0,50,0,1.0000,1371,0.053522,-1,,button,1,67,67,0,50,0,1.0000,1371,6.036845,-1,-1,67,0,0,0,0.4,risk_path,4,Bot1|Bot2|Bot3|Bot4,,1,0
320,0.60,75,440,780381394,1436591598,3617,0.643022,490,1335,61-29,72-65,25-35,67,47,64,42,83,77,0,0,1,67,1,67,130,1,67,63,1,button,1,67,67,0,55,0,1.0000,1415,0.009760,-1,-1,button,1,67,67,0,55,0,1.0000,1415,0.033039,,-1,button,1,67,67,0,55,0,1.0000,1415,0.055658,-1,,button,1,67,67,0,55,0,1.0000,1415,6.160877,9,9,67,0,0,0,0.4,risk_path,4,Bot1|Bot2|Bot3|Bot4,,1,0
321,0.60,75,440,3438593776,3903306868,3635,0.646222,502,1352,60-59,50-8,12-9,89,61,106,98,51,39,1,0,1,89,0,,81,0,,,0,walked_into_fire,0,71,71,0,-1,18,0.7978,1073,0.009290,71,70,fire_reached_bot,0,88,81,7,-6,30,0.6629,,0.084004,,70,fire_reached_bot,0,91,81,10,-9,32,0.6404,,0.132761,70,,fire_reached_bot,0,88,81,7,-6,30,0.6629,,12.177199,-1,70,88,0,81,7,,no_path,0,,Bot1|Bot2|Bot3|Bot4,0,1
322,0.60,75,440,3986935069,3858830174,3609,0.641600,489,1337,31-41,40-34,16-58,18,16,38,32,56,48,0,0,1,18,1,18,82,1,18,64,1,button,1,18,18,0,56,0,1.0000,77,0.000272,-1,-1,button,1,18,18,0,56,0,1.0000,77,0.000983,,-1,button,1,18,18,0,56,0,1.0000,77,0.000996,-1,,button,1,18,18,0,56,0,1.0000,77,0.642666,4,4,18,0,0,0,0.4,risk_path,4,Bot1|Bot2|Bot3|Bot4,,1,0
323,0.60,75,440,509776406,2567658253,3634,0.646044,501,1378,47-21,69-44,53-74,53,45,81,59,48,46,1,0,1,53,0,,75,1,53,22,1,button,1,53,53,0,22,0,1.0000,303,0.002441,-1,-1,button,1,53,53,0,22,0,1.0000,303,0.010968,,-1,button,1,53,53,0,22,0,1.0000,303,0.012585,-1,,button,1,53,53,0,22,0,1.0000,303,5.248727,35,35,53,0,0,0,0.4,risk_path,4,Bot1|Bot2|Bot3|Bot4,,1,0
324,0.60,75,440,1895927736,3210878789,3644,0.647822,498,1357,21-58,33-29,37-60,47,41,24,18,53,35,0,0,1,47,1,47,85,1,47,38,1,button,1,47,47,0,30,0,1.0000,522,0.002339,-1,-1,button,1,47,47,0,30,0,1.0000,522,0.009332,,-1,button,1,47,47,0,30,0,1.0000,522,0.011284,-1,,button,1,47,47,0,22,0,1.0000,522,3.688565,1,1,47,0,0,0,0.4,risk_path,4,Bot1|Bot2|Bot3|Bot4,,1,0
325,0.60,75,440,75942277,1867417450,3633,0.645867,498,1373,42-69,9-37,54-41,67,65,52,40,73,49,0,0,1,67,1,67,113,1,67,46,1,button,1,67,67,0,40,0,1.0000,1138,0.007931,-1,-1,button,1,67,67,0,40,0,1.0000,1138,0.019505,,-1,button,1,67,67,0,40,0,1.0000,1138,0.031407,-1,,button,1,67,67,0,40,0,1.0000,1138,6.403361,-1,-1,67,0,0,0,0.4,risk_path,4,Bot1|Bot2|Bot3|Bot4,,1,0
326,0.60,75,440,4250529820,1484301454,3643,0.647644,502,1368,33-23,2-23,69-51,49,31,74,64,107,95,0,0,1,49,1,49,154,1,49,105,1,button,1,49,49,0,99,0,1.0000,433,0.002845,-1,-1,button,1,49,49,0,99,0,1.0000,433,0.009965,,-1,button,1,49,49,0,99,0,1.0000,433,0.014093,-1,,button,1,49,49,0,99,0,1.0000,433,3.877761,-1,-1,49,0,0,0,0.4,risk_path,4,Bot1|Bot2|Bot3|Bot4,,1,0
327,0.60,75,440,3071567326,2258578127,3628,0.644978,495,1351,17-29,32-6,61-47,52,38,68,62,86,70,0,0,1,52,1,52,124,1,52,72,1,button,1,52,52,0,59,0,1.0000,852,0.005261,-1,-1,button,1,52,52,0,59,0,1.0000,852,0.016940,,-1,button,1,52,52,0,59,0,1.0000,852,0.023144,-1,,button,1,52,52,0,59,0,1.0000,852,4.184810,-1,-1,52,0,0,0,0.4,risk_path,4,Bot1|Bot2|Bot3|Bot4,,1,0
328,0.60,75,440,407302120,1091993989,3642,0.647467,494,1375,69-30,27-56,9-73,68,68,105,103,41,35,1,0,1,68,0,,62,0,,,0,walked_into_fire,0,63,63,0,-1,5,0.9265,527,0.003285,62,60,fire_reached_bot,0,68,62,6,-5,8,0.8824,,0.041703,,60,fire_reached_bot,0,76,62,14,-13,8,0.8824,,0.144966,60,,fire_reached_bot,0,68,62,6,-5,8,0.8824,,8.795048,-1,60,68,0,62,6,,no_path,0,,Bot1|Bot2|Bot3|Bot4,0,1
329,0.60,75,440,403694093,443635467,3638,0.646756,512,1379,43-13,3-72,5-9,105,99,52,42,99,65,1,0,1,105,0,,145,1,105,40,1,button,1,105,105,0,23,0,1.0000,1354,0.015467,-1,-1,button,1,105,105,0,23,0,1.0000,1354,0.061995,,-1,button,1,105,105,0,23,0,1.0000,1354,0.078049,-1,,button,1,105,105,0,23,0,1.0000,1354,14.034316,-1,-1,105,0,0,0,0.4,risk_path,4,Bot1|Bot2|Bot3|Bot4,,1,0
330,0.60,75,440,2933929372,24815168,3657,0.650133,506,1413,16-47,12-13,7-1,58,38,71,55,21,17,1,0,1,58,0,,34,0,,,0,fire_reached_bot,0,49,49,0,-14,9,0.8448,,0.002270,33,33,fire_reached_bot,0,65,32,33,-30,26,0.5517,,0.184629,,-1,fire_reached_bot,0,65,32,33,-30,26,0.5517,,0.359215,-1,,fire_reached_bot,0,65,32,33,-30,26,0.5517,,4.893335,-1,-1,65,0,32,33,,no_path,0,,Bot1|Bot2|Bot3|Bot4,0,1
331,0.60,75,440,571489985,3669167757,3662,0.651022,499,1410,27-33,16-4,24-50,66,40,26,20,70,54,0,0,1,66,1,66,113,1,66,47,1,button,1,66,66,0,11,0,1.0000,1567,0.012063,-1,-1,button,1,66,66,0,11,0,1.0000,1567,0.030216,,-1,button,1,66,66,0,11,0,1.0000,1567,0.039988,-1,,button,1,66,66,0,11,0,1.0000,1567,5.553893,-1,-1,66,0,0,0,0.4,risk_path,4,Bot1|Bot2|Bot3|Bot4,,1,0
332,0.60,75,440,2718824820,2814868908,3642,0.647467,500,1367,69-72,7-71,1-31,107,63,123,109,68,46,1,0,1,107,0,,110,1,107,3,1,button,1,107,107,0,3,0,1.0000,1725,0.018998,-1,-1,button,1,107,107,0,3,0,1.0000,1725,0.084237,,-1,button,1,107,107,0,3,0,1.0000,1725,0.096038,-1,,button,1,107,107,0,3,0,1.0000,1725,15.722625,-1,-1,107,3,101,0,0.99,risk_path,4,Bot1|Bot2|Bot3|Bot4,,1,0
333,0.60,75,440,1458069241,3379700867,3616,0.642844,488,1368,54-44,9-44,37-18,71,45,51,43,70,54,1,0,1,71,0,,114,1,71,43,1,button,1,71,71,0,35,0,1.0000,1256,0.019004,-1,-1,button,1,71,71,0,35,0,1.0000,1256,0.036122,,-1,button,1,71,71,0,35,0,1.0000,1256,0.050615,-1,,button,1,71,71,0,35,0,1.0000,1256,6.914984,-1,-1,71,0,0,0,0.4,risk_path,4,Bot1|Bot2|Bot3|Bot4,,1,0
334,0.60,75,440,110822976,411924728,3637,0.646578,500,1351,9-14,47-13,64-72,57,39,113,113,90,76,0,0,1,57,1,57,144,1,57,87,1,button,1,57,57,0,87,0,1.0000,373,0.002581,-1,-1,button,1,57,57,0,87,0,1.0000,373,0.011099,,-1,button,1,57,57,0,87,0,1.0000,373,0.013082,-1,,button,1,57,57,0,87,0,1.0000,373,5.093277,30,30,57,0,0,0,0.4,risk_path,4,Bot1|Bot2|Bot3|Bot4,,1,0
335,0.60,75,440,3526644172,994635310,3650,0.648889,506,1412,56-5,54-63,8-20,98,60,75,63,97,89,1,0,1,98,0,,128,1,98,30,1,button,1,98,98,0,30,0,1.0000,1929,0.021739,-1,-1,button,1,98,98,0,30,0,1.0000,1929,0.084569,,-1,button,1,98,98,0,30,0,1.0000,1929,0.107618,-1,,button,1,98,98,0,30,0,1.0000,1929,11.394421,-1,-1,98,0,0,0,0.4,risk_path,4,Bot1|Bot2|Bot3|Bot4,,1,0
336,0.60,75,440,1087217453,2269991397,3621,0.643733,494,1334,22-61,69-15,6-53,93,93,28,24,111,101,0,0,1,93,1,93,161,1,93,68,1,button,1,93,93,0,27,0,1.0000,1460,0.014763,-1,-1,button,1,93,93,0,27,0,1.0000,1460,0.046269,,-1,button,1,93,93,0,27,0,1.0000,1460,0.060878,-1,,button,1,93,93,0,27,0,1.0000,1460,10.932014,9,9,93,0,0,0,0.4,risk_path,4,Bot1|Bot2|Bot3|Bot4,,1,0
337,0.60,75,440,4182190525,591908680,3630,0.645333,507,1374,56-6,63-6,60-53,15,7,63,51,64,50,0,0,1,15,1,15,95,1,15,80,1,button,1,15,15,0,79,0,1.0000,68,0.000286,-1,-1,button,1,15,15,0,79,0,1.0000,68,0.000589,,-1,button,1,15,15,0,79,0,1.0000,68,0.000691,-1,,button,1,15,15,0,80,0,1.0000,68,0.432753,1,1,15,0,0,0,0.4,risk_path,4,Bot1|Bot2|Bot3|Bot4,,1,0
338,0.60,75,440,131814599,1043486984,3657,0.650133,523,1389,39-55,70-4,56-15,84,82,63,57,25,25,1,0,1,84,0,,34,0,,,0,walked_into_fire,0,42,42,0,-7,42,0.5000,,0.003458,28,28,fire_reached_bot,0,54,27,27,-19,57,0.3214,,0.150044,,-1,fire_reached_bot,0,54,27,27,-19,57,0.3214,,0.257530,-1,,fire_reached_bot,0,54,27,27,-19,57,0.3214,,5.444458,-1,-1,54,0,27,27,,no_path,0,,Bot1|Bot2|Bot3|Bot4,0,1
339,0.60,75,440,1857643394,677001930,3667,0.651911,510,1436,66-71,67-49,25-46,29,23,70,66,57,45,0,0,1,29,1,29,97,1,29,68,1,button,1,29,29,0,68,0,1.0000,153,0.000713,-1,-1,button,1,29,29,0,68,0,1.0000,153,0.002079,,-1,button,1,29,29,0,68,0,1.0000,153,0.002834,-1,,button,1,29,29,0,68,0,1.0000,153,1.495918,20,20,29,0,0,0,0.4,risk_path,4,Bot1|Bot2|Bot3|Bot4,,1,0
340,0.60,75,440,3864308138,3978975570,3644,0.647822,513,1385,10-9,61-25,64-45,83,67,100,90,27,23,1,0,1,83,0,,44,0,,,0,walked_into_fire,0,62,62,0,-17,21,0.7470,,0.008314,44,44,fire_reached_bot,0,94,43,51,-49,40,0.5181,,0.224320,,-1,fire_reached_bot,0,94,43,51,-49,40,0.5181,,0.412761,-1,,fire_reached_bot,0,94,43,51,-49,40,0.5181,,7.670540,-1,-1,94,0,43,51,,no_path,0,,Bot1|Bot2|Bot3|Bot4,0,1
341,0.60,75,440,3005494717,346531541,3669,0.652267,514,1446,23-73,11-56,43-56,29,29,51,37,56,32,0,0,1,29,1,29,101,1,29,72,1,button,1,29,29,0,68,0,1.0000,165,0.000723,-1,-1,button,1,29,29,0,68,0,1.0000,165,0.002133,,-1,button,1,29,29,0,68,0,1.0000,165,0.003024,-1,,button,1,29,29,0,68,0,1.0000,165,1.575778,-1,-1,29,0,0,0,0.4,risk_path,4,Bot1|Bot2|Bot3|Bot4,,1,0
342,0.60,75,440,2387691047,1277799577,3628,0.644978,496,1375,63-32,0-59,64-69,110,90,48,38,108,74,1,0,1,110,0,,157,1,110,47,1,button,1,110,110,0,22,0,1.0000,1873,0.024181,-1,-1,button,1,110,110,0,22,0,1.0000,1873,0.136175,,-1,button,1,110,110,0,22,0,1.0000,1873,0.145481,-1,,button,1,110,110,0,22,0,1.0000,1873,14.552960,80,80,110,0,0,0,0.4,risk_path,4,Bot1|Bot2|Bot3|Bot4,,1,0
343,0.60,75,440,909155234,2602241716,3644,0.647822,500,1364,16-23,49-50,35-2,60,60,42,40,74,62,0,0,1,60,1,60,113,1,60,53,1,button,1,60,60,0,46,0,1.0000,581,0.003115,-1,-1,button,1,60,60,0,46,0,1.0000,581,0.009392,,-1,button,1,60,60,0,46,0,1.0000,581,0.016165,-1,,button,1,60,60,0,45,0,1.0000,581,5.878709,1,1,60,0,0,0,0.4,risk_path,4,Bot1|Bot2|Bot3|Bot4,,1,0
344,0.60,75,440,3582665592,3009362077,3649,0.648711,507,1382,35-73,60-54,29-72,46,44,9,7,55,49,0,0,1,46,1,46,92,1,46,46,1,button,1,46,46,0,15,0,1.0000,206,0.001227,-1,-1,button,1,46,46,0,15,0,1.0000,206,0.005085,,-1,button,1,46,46,0,15,0,1.0000,206,0.007914,-1,,button,1,46,46,0,15,0,1.0000,206,4.097632,-1,-1,46,0,0,0,0.4,risk_path,4,Bot1|Bot2|Bot3|Bot4,,1,0
345,0.60,75,440,2398338138,2828610287,3658,0.650311,518,1407,57-10,11-57,39-61,101,93,79,69,44,32,1,0,1,101,0,,67,0,,,0,walked_into_fire,0,68,68,0,-2,33,0.6733,1137,0.008388,66,59,fire_reached_bot,0,75,67,8,-7,38,0.6238,,0.078820,,59,fire_reached_bot,0,76,67,9,-8,38,0.6238,,0.126417,59,,fire_reached_bot,0,75,67,8,-7,38,0.6238,,11.414547,-1,59,75,0,67,8,,no_path,0,,Bot1|Bot2|Bot3|Bot4,0,1
346,0.60,75,440,1634039232,257003492,3623,0.644089,481,1315,15-50,50-34,67-55,55,51,73,57,58,38,0,0,1,55,1,55,97,1,55,42,1,button,1,55,55,0,37,0,1.0000,434,0.002882,-1,-1,button,1,55,55,0,37,0,1.0000,434,0.010183,,-1,button,1,55,55,0,37,0,1.0000,434,0.011762,-1,,button,1,55,55,0,35,0,1.0000,434,5.102755,9,9,55,0,0,0,0.4,risk_path,4,Bot1|Bot2|Bot3|Bot4,,1,0
347,0.60,75,440,2513077685,551885425,3649,0.648711,526,1370,16-2,51-8,61-32,45,41,77,75,40,34,1,0,1,45,0,,68,1,45,23,1,button,1,45,45,0,20,0,1.0000,557,0.003136,-1,-1,button,1,45,45,0,20,0,1.0000,557,0.010576,,-1,button,1,45,45,0,20,0,1.0000,557,0.008410,-1,,button,1,45,45,0,20,0,1.0000,557,3.297182,-1,-1,45,0,0,0,0.4,risk_path,4,Bot1|Bot2|Bot3|Bot4,,1,0
348,0.60,75,440,2812461286,2193935649,3611,0.641956,483,1301,15-34,23-68,70-39,52,42,84,60,90,76,0,0,1,52,1,52,138,1,52,86,1,button,1,52,52,0,85,0,1.0000,455,0.002608,-1,-1,button,1,52,52,0,85,0,1.0000,455,0.012873,,-1,button,1,52,52,0,85,0,1.0000,455,0.012441,-1,,button,1,52,52,0,85,0,1.0000,455,4.319151,5,5,52,0,0,0,0.4,risk_path,4,Bot1|Bot2|Bot3|Bot4,,1,0
349,0.60,75,440,1831191962,3675714604,3639,0.646933,513,1405,21-49,42-73,62-57,47,45,61,49,38,36,1,0,1,47,0,,57,1,47,10,1,button,1,47,47,0,9,0,1.0000,519,0.002748,-1,-1,button,1,47,47,0,9,0,1.0000,519,0.008274,,-1,button,1,47,47,0,9,0,1.0000,519,0.010580,-1,,button,1,47,47,0,9,0,1.0000,519,4.070499,6,6,47,3,0,0,0.99,risk_path,4,Bot1|Bot2|Bot3|Bot4,,1,0
350,0.60,75,440,2219431423,1820989950,3664,0.651378,510,1364,40-51,48-66,2-54,35,23,61,41,64,58,0,0,1,35,1,35,102,1,35,67,1,button,1,35,35,0,64,0,1.0000,215,0.000913,-1,-1,button,1,35,35,0,64,0,1.0000,215,0.003204,,-1,button,1,35,35,0,64,0,1.0000,215,0.003870,-1,,button,1,35,35,0,67,0,1.0000,215,2.169886,9,9,35,0,0,0,0.4,risk_path,4,Bot1|Bot2|Bot3|Bot4,,1,0
351,0.60,75,440,509892709,3321225519,3631,0.645511,492,1334,68-20,35-61,33-59,76,74,84,74,8,4,1,0,1,76,0,,13,0,,,0,fire_reached_bot,0,55,55,0,-41,21,0.7237,,0.004018,14,14,fire_reached_bot,0,115,13,102,-101,63,0.1711,,0.396670,,-1,fire_reached_bot,0,115,13,102,-101,63,0.1711,,0.766805,-1,,fire_reached_bot,0,115,13,102,-101,63,0.1711,,2.872551,-1,-1,115,0,13,102,,no_path,0,,Bot1|Bot2|Bot3|Bot4,0,1
352,0.60,75,440,410674036,2790386272,3625,0.644444,506,1354,26-67,69-15,65-27,97,95,79,79,18,16,1,0,1,97,0,,30,0,,,0,walked_into_fire,0,49,49,0,-18,48,0.5052,,0.004128,31,31,fire_reached_bot,0,75,30,45,-44,67,0.3093,,0.220768,,-1,fire_reached_bot,0,75,30,45,-44,67,0.3093,,0.426553,-1,,fire_reached_bot,0,75,30,45,-44,67,0.3093,,7.029350,-1,-1,75,0,30,45,,no_path,0,,Bot1|Bot2|Bot3|Bot4,0,1
353,0.60,75,440,43560433,194753494,3664,0.651378,509,1414,18-45,35-35,14-41,29,27,10,8,31,27,0,0,1,29,1,29,45,1,29,16,1,button,1,29,29,0,6,0,1.0000,230,0.000892,-1,-1,button,1,29,29,0,6,0,1.0000,230,0.002480,,-1,button,1,29,29,0,6,0,1.0000,230,0.003391,-1,,button,1,29,29,0,6,0,1.0000,230,1.514788,13,13,29,0,0,0,0.4,risk_path,4,Bot1|Bot2|Bot3|Bot4,,1,0
354,0.60,75,440,4123683559,484405637,3632,0.645689,495,1346,35-23,17-71,73-61,72,66,80,76,106,66,0,0,1,72,1,72,137,1,72,65,1,button,1,72,72,0,49,0,1.0000,904,0.007538,-1,-1,button,1,72,72,0,49,0,1.0000,904,0.029795,,-1,button,1,72,72,0,49,0,1.0000,904,0.035097,-1,,button,1,72,72,0,49,0,1.0000,904,7.709080,-1,-1,72,0,0,0,0.4,risk_path,4,Bot1|Bot2|Bot3|Bot4,,1,0
355,0.60,75,440,2102547529,3795932170,3646,0.648178,505,1407,50-36,69-58,9-56,41,41,71,61,84,62,0,0,1,41,1,41,138,1,41,97,1,button,1,41,41,0,89,0,1.0000,552,0.002658,-1,-1,button,1,41,41,0,89,0,1.0000,552,0.005734,,-1,button,1,41,41,0,89,0,1.0000,552,0.008675,-1,,button,1,41,41,0,89,0,1.0000,552,2.917256,22,22,41,0,0,0,0.4,risk_path,4,Bot1|Bot2|Bot3|Bot4,,1,0
356,0.60,75,440,1989372477,1712784801,3669,0.652267,524,1424,21-34,59-12,66-55,66,60,78,66,60,50,1,0,1,66,0,,88,1,66,22,1,button,1,66,66,0,22,0,1.0000,1009,0.007945,-1,-1,button,1,66,66,0,22,0,1.0000,1009,0.019009,,-1,button,1,66,66,0,22,0,1.0000,1009,0.030075,-1,,button,1,66,66,0,21,0,1.0000,1009,7.035623,1,1,66,0,0,0,0.4,risk_path,4,Bot1|Bot2|Bot3|Bot4,,1,0
357,0.60,75,440,3146175691,832631895,3635,0.646222,504,1390,18-0,68-9,10-61,87,59,87,69,126,110,0,0,1,87,1,87,183,1,87,96,1,button,1,87,87,0,80,0,1.0000,1522,0.015042,-1,-1,button,1,87,87,0,80,0,1.0000,1522,0.048757,,-1,button,1,87,87,0,80,0,1.0000,1522,0.074432,-1,,button,1,87,87,0,80,0,1.0000,1522,9.855483,2,2,87,0,0,0,0.4,risk_path,4,Bot1|Bot2|Bot3|Bot4,,1,0
358,0.60,75,440,619419441,2208452547,3652,0.649244,505,1413,54-66,47-12,11-43,71,61,70,66,77,67,0,0,1,71,1,71,113,1,71,42,1,button,1,71,71,0,22,0,1.0000,1486,0.010795,-1,-1,button,1,71,71,0,22,0,1.0000,1486,0.022833,,-1,button,1,71,71,0,22,0,1.0000,1486,0.035530,-1,,button,1,71,71,0,22,0,1.0000,1486,7.286302,-1,-1,71,0,0,0,0.4,risk_path,4,Bot1|Bot2|Bot3|Bot4,,1,0
359,0.60,75,440,1223795627,3036548846,3649,0.648711,506,1394,57-7,12-54,8-43,92,92,87,85,21,15,1,0,1,92,0,,30,0,,,0,walked_into_fire,0,52,52,0,-21,40,0.5652,,0.003802,31,31,fire_reached_bot,0,78,30,48,-47,62,0.3261,,0.221747,,-1,fire_reached_bot,0,78,30,48,-47,62,0.3261,,0.421656,-1,,fire_reached_bot,0,78,30,48,-47,62,0.3261,,6.870151,-1,-1,78,0,30,48,,no_path,0,,Bot1|Bot2|Bot3|Bot4,0,1
360,0.60,75,440,579359964,1186995808,3635,0.646222,507,1379,22-42,54-3,35-52,77,71,23,23,78,68,0,0,1,77,1,77,111,1,77,34,1,button,1,77,77,0,11,0,1.0000,1824,0.014594,-1,-1,button,1,77,77,0,11,0,1.0000,1824,0.028845,,-1,button,1,77,77,0,11,0,1.0000,1824,0.046723,-1,,button,1,77,77,0,11,0,1.0000,1824,7.117474,21,21,77,0,0,0,0.4,risk_path,4,Bot1|Bot2|Bot3|Bot4,,1,0
361,0.60,75,440,2365814492,1911836688,3652,0.649244,497,1410,17-70,13-44,49-34,44,30,72,68,52,46,0,0,1,44,1,44,77,1,44,33,1,button,1,44,44,0,31,0,1.0000,527,0.002456,-1,-1,button,1,44,44,0,31,0,1.0000,527,0.007591,,-1,button,1,44,44,0,31,0,1.0000,527,0.009383,-1,,button,1,44,44,0,31,0,1.0000,527,3.165720,-1,-1,44,0,0,0,0.4,risk_path,4,Bot1|Bot2|Bot3|Bot4,,1,0
362,0.60,75,440,1556033072,2435529583,3641,0.647289,503,1362,41-9,37-54,29-58,73,49,81,61,12,12,1,0,1,73,0,,14,0,,,0,walked_into_fire,0,49,49,0,-34,24,0.6712,,0.004417,15,15,fire_reached_bot,0,102,14,88,-87,59,0.1918,,0.348047,,-1,fire_reached_bot,0,102,14,88,-87,59,0.1918,,0.719876,-1,,fire_reached_bot,0,102,14,88,-87,59,0.1918,,3.420589,-1,-1,102,0,14,88,,no_path,0,,Bot1|Bot2|Bot3|Bot4,0,1
363,0.60,75,440,4172303545,2847709414,3659,0.650489,521,1372,18-5,16-3,65-55,4,4,97,97,101,101,0,0,1,4,1,4,152,1,4,148,1,button,1,4,4,0,144,0,1.0000,5,0.000051,-1,-1,button,1,4,4,0,144,0,1.0000,5,0.000142,,-1,button,1,4,4,0,144,0,1.0000,5,0.000097,-1,,button,1,4,4,0,144,0,1.0000,5,0.078293,-1,-1,4,0,0,0,0.4,risk_path,4,Bot1|Bot2|Bot3|Bot4,,1,0
364,0.60,75,440,2579275816,973970230,3634,0.646044,504,1359,6-44,19-58,62-43,33,27,91,57,60,58,0,0,1,33,1,33,104,1,33,71,1,button,1,33,33,0,70,0,1.0000,307,0.001191,-1,-1,button,1,33,33,0,70,0,1.0000,307,0.005559,,-1,button,1,33,33,0,70,0,1.0000,307,0.004606,-1,,button,1,33,33,0,70,0,1.0000,307,1.847806,10,10,33,0,0,0,0.4,risk_path,4,Bot1|Bot2|Bot3|Bot4,,1,0
365,0.60,75,440,1952802954,979129697,3639,0.646933,509,1412,74-40,7-52,23-65,93,79,90,76,39,29,1,0,1,93,0,,56,0,,,0,fire_reached_bot,0,57,57,0,0,36,0.6129,,0.005716,46,46,fire_reached_bot,0,57,56,1,0,39,0.5806,,0.041665,,-1,fire_reached_bot,0,57,56,1,0,39,0.5806,,0.058262,-1,,fire_reached_bot,0,57,56,1,0,39,0.5806,,10.087099,-1,-1,57,0,56,1,,no_path,0,,Bot1|Bot2|Bot3|Bot4,0,1
366,0.60,75,440,3081393282,309076382,3638,0.646756,493,1349,36-74,8-31,36-50,71,71,36,24,47,47,1,0,1,71,0,,69,0,,,0,fire_reached_bot,0,26,26,0,0,45,0.3662,183,0.000871,-1,26,fire_reached_bot,0,26,26,0,0,45,0.3662,183,0.006527,,26,fire_reached_bot,0,40,37,3,0,58,0.1831,464,0.019894,26,,fire_reached_bot,0,26,26,0,0,45,0.3662,183,3.648494,-1,26,26,0,26,0,,shortest_path_fallback,0,,Bot1|Bot2|Bot3|Bot4,0,1
367,0.60,75,440,3151380601,1716409728,3657,0.650133,505,1413,67-49,55-9,62-54,58,52,10,10,66,52,0,0,1,58,1,58,103,1,58,45,1,button,1,58,58,0,15,0,1.0000,849,0.005898,-1,-1,button,1,58,58,0,15,0,1.0000,849,0.013069,,-1,button,1,58,58,0,15,0,1.0000,849,0.019908,-1,,button,1,58,58,0,15,0,1.0000,849,4.960779,50,50,58,0,0,0,0.4,risk_path,4,Bot1|Bot2|Bot3|Bot4,,1,0
368,0.60,75,440,2032139050,1891626865,3643,0.647644,499,1406,56-19,54-8,30-48,15,13,57,55,66,64,0,0,1,15,1,15,101,1,15,86,1,button,1,15,15,0,86,0,1.0000,39,0.000210,-1,-1,button,1,15,15,0,86,0,1.0000,39,0.000584,,-1,button,1,15,15,0,86,0,1.0000,39,0.000649,-1,,button,1,15,15,0,86,0,1.0000,39,0.451823,-1,-1,15,0,0,0,0.4,risk_path,4,Bot1|Bot2|Bot3|Bot4,,1,0
369,0.60,75,440,737645428,557148272,3635,0.646222,500,1363,5-39,12-37,1-60,21,9,31,25,40,34,0,0,1,21,1,21,63,1,21,42,1,button,1,21,21,0,42,0,1.0000,58,0.000322,-1,-1,button,1,21,21,0,42,0,1.0000,58,0.001127,,-1,button,1,21,21,0,42,0,1.0000,58,0.001274,-1,,button,1,21,21,0,42,0,1.0000,58,0.778763,-1,-1,21,0,0,0,0.4,risk_path,4,Bot1|Bot2|Bot3|Bot4,,1,0
370,0.60,75,440,2602577069,3193247753,3645,0.648000,514,1391,69-45,24-59,39-7,83,59,82,68,87,67,0,0,1,83,1,83,130,1,83,47,1,button,1,83,83,0,41,0,1.0000,1460,0.012418,-1,-1,button,1,83,83,0,41,0,1.0000,1460,0.050070,,-1,button,1,83,83,0,41,0,1.0000,1460,0.067301,-1,,button,1,83,83,0,41,0,1.0000,1460,8.858466,-1,-1,83,0,0,0,0.4,risk_path,4,Bot1|Bot2|Bot3|Bot4,,1,0
371,0.60,75,440,1923164207,2685547185,3651,0.649067,505,1395,63-72,66-47,73-55,48,28,33,27,33,15,1,0,1,48,0,,48,0,,,0,fire_reached_bot,0,25,25,0,0,23,0.5208,90,0.000863,24,24,fire_reached_bot,0,39,38,1,0,24,0.5000,246,0.013211,,27,fire_reached_bot,0,52,45,7,-3,29,0.3958,,0.106034,27,,fire_reached_bot,0,39,38,1,0,24,0.5000,246,4.426927,-1,27,39,0,38,1,,no_path,0,,Bot1|Bot2|Bot3|Bot4,0,1
372,0.60,75,440,3064658255,2591067856,3624,0.644267,503,1380,5-60,53-71,10-3,73,59,94,62,119,111,0,0,1,73,1,73,180,1,73,107,1,button,1,73,73,0,107,0,1.0000,597,0.005363,-1,-1,button,1,73,73,0,107,0,1.0000,597,0.019856,,-1,button,1,73,73,0,107,0,1.0000,597,0.028172,-1,,button,1,73,73,0,107,0,1.0000,597,8.318439,6,6,73,0,0,0,0.4,risk_path,4,Bot1|Bot2|Bot3|Bot4,,1,0
373,0.60,75,440,1154147649,4041770858,3645,0.648000,489,1406,62-19,40-29,24-69,34,32,106,88,72,56,0,0,1,34,1,34,117,1,34,83,1,button,1,34,34,0,83,0,1.0000,252,0.000998,-1,-1,button,1,34,34,0,83,0,1.0000,252,0.003215,,-1,button,1,34,34,0,83,0,1.0000,252,0.004518,-1,,button,1,34,34,0,83,0,1.0000,252,2.052214,-1,-1,34,0,0,0,0.4,risk_path,4,Bot1|Bot2|Bot3|Bot4,,1,0
374,0.60,75,440,1357385445,1134208027,3666,0.651733,513,1413,25-51,39-21,30-57,60,44,11,11,65,45,0,0,1,60,1,60,99,1,60,39,1,button,1,60,60,0,17,0,1.0000,895,0.005883,-1,-1,button,1,60,60,0,17,0,1.0000,895,0.019614,,-1,button,1,60,60,0,17,0,1.0000,895,0.025928,-1,,button,1,60,60,0,17,0,1.0000,895,5.335615,12,12,60,0,0,0,0.4,risk_path,4,Bot1|Bot2|Bot3|Bot4,,1,0
375,0.60,75,440,560426098,1461767624,3635,0.646222,513,1396,24-1,51-60,27-31,94,86,51,33,55,53,1,0,1,94,0,,82,0,,,0,walked_into_fire,0,45,45,0,-2,49,0.4787,449,0.002241,45,45,fire_reached_bot,0,77,71,6,0,45,0.5213,1913,0.047503,,61,fire_reached_bot,0,67,63,4,0,45,0.5213,1412,0.039345,61,,fire_reached_bot,0,77,71,6,0,45,0.5213,1913,10.417003,-1,61,77,0,71,6,,no_path,0,,Bot1|Bot2|Bot3|Bot4,0,1
376,0.60,75,440,1829175360,2037474768,3618,0.643200,493,1325,46-28,2-26,69-70,64,46,67,65,119,111,0,0,1,64,1,64,171,1,64,107,1,button,1,64,64,0,98,0,1.0000,661,0.004979,-1,-1,button,1,64,64,0,98,0,1.0000,661,0.016175,,-1,button,1,64,64,0,98,0,1.0000,661,0.020985,-1,,button,1,64,64,0,98,0,1.0000,661,6.363815,-1,-1,64,0,0,0,0.4,risk_path,4,Bot1|Bot2|Bot3|Bot4,,1,0
377,0.60,75,440,3056335309,1867334455,3661,0.650844,500,1439,27-46,28-68,18-56,47,23,21,19,28,22,1,0,1,47,0,,42,0,,,0,fire_reached_bot,0,13,13,0,0,34,0.2766,44,0.000527,12,11,fire_reached_bot,0,64,42,22,-21,45,0.0426,,0.115225,,11,fire_reached_bot,0,66,42,24,-23,43,0.0851,,0.226458,11,,fire_reached_bot,0,64,42,22,-21,45,0.0426,,7.048308,-1,11,64,0,42,22,,no_path,0,,Bot1|Bot2|Bot3|Bot4,0,1
378,0.60,75,440,3498759806,185762425,3635,0.646222,494,1353,44-3,7-68,63-11,110,102,29,27,117,113,0,0,1,110,1,110,166,1,110,56,1,button,1,110,110,0,21,0,1.0000,1944,0.024077,-1,-1,button,1,110,110,0,21,0,1.0000,1944,0.063299,,-1,button,1,110,110,0,21,0,1.0000,1944,0.097064,-1,,button,1,110,110,0,21,0,1.0000,1944,13.285794,-1,-1,110,0,0,0,0.4,risk_path,4,Bot1|Bot2|Bot3|Bot4,,1,0
379,0.60,75,440,743858379,262038232,3647,0.648356,504,1394,0-72,40-37,64-54,77,75,92,82,45,41,1,0,1,77,0,,61,0,,,0,walked_into_fire,0,70,70,0,-8,7,0.9091,,0.009719,62,62,fire_reached_bot,0,84,61,23,-22,16,0.7922,,0.094319,,-1,fire_reached_bot,0,84,61,23,-22,16,0.7922,,0.181533,-1,,fire_reached_bot,0,84,61,23,-22,16,0.7922,,8.785711,-1,-1,84,0,61,23,,no_path,0,,Bot1|Bot2|Bot3|Bot4,0,1
380,0.60,75,440,3490957155,2695499596,3644,0.647822,514,1421,51-6,65-68,53-10,96,76,8,6,90,70,1,0,1,96,0,,143,1,108,35,0,fire_reached_bot,0,6,6,0,0,90,0.0625,9,0.001810,4,1,fire_reached_bot,0,45,43,2,0,75,0.2188,595,0.043184,,1,fire_reached_bot,0,38,37,1,0,73,0.2396,436,0.051041,1,,fire_reached_bot,0,45,43,2,0,75,0.2188,595,8.067544,-1,1,45,0,43,2,,no_path,0,,Bot1|Bot2|Bot3|Bot4,0,1
381,0.60,75,440,44469780,2130841903,3651,0.649067,517,1415,41-66,32-72,23-5,21,15,87,79,102,76,0,0,1,21,1,21,161,1,21,140,1,button,1,21,21,0,121,0,1.0000,132,0.000462,-1,-1,button,1,21,21,0,121,0,1.0000,132,0.001363,,-1,button,1,21,21,0,121,0,1.0000,132,0.001559,-1,,button,1,21,21,0,121,0,1.0000,132,0.863541,-1,-1,21,0,0,0,0.4,risk_path,4,Bot1|Bot2|Bot3|Bot4,,1,0
382,0.60,75,440,1350579762,3490582419,3658,0.650311,507,1374,20-31,25-6,46-43,44,30,48,38,76,58,0,0,1,44,1,44,122,1,44,78,1,button,1,44,44,0,62,0,1.0000,511,0.002336,-1,-1,button,1,44,44,0,62,0,1.0000,511,0.008441,,-1,button,1,44,44,0,62,0,1.0000,511,0.010866,-1,,button,1,44,44,0,62,0,1.0000,511,3.408866,1,1,44,0,0,0,0.4,risk_path,4,Bot1|Bot2|Bot3|Bot4,,1,0
383,0.60,75,440,2733807543,3538856808,3647,0.648356,506,1388,65-8,0-53,51-67,112,110,87,73,81,65,1,0,1,112,0,,119,1,112,7,1,button,1,112,112,0,7,0,1.0000,2323,0.028895,-1,-1,button,1,112,112,0,7,0,1.0000,2323,0.075153,,-1,button,1,112,112,0,7,0,1.0000,2323,0.107155,-1,,button,1,112,112,0,7,0,1.0000,2323,15.317267,-1,-1,112,31,63,0,0.99,risk_path,4,Bot1|Bot2|Bot3|Bot4,,1,0
384,0.60,75,440,144857897,2449621353,3659,0.650489,507,1392,72-6,70-33,45-20,53,29,45,41,44,38,1,0,1,53,0,,80,1,53,27,1,button,1,53,53,0,20,0,1.0000,884,0.005040,-1,-1,button,1,53,53,0,20,0,1.0000,884,0.012678,,-1,button,1,53,53,0,20,0,1.0000,884,0.018037,-1,,button,1,53,53,0,20,0,1.0000,884,4.259958,35,35,53,12,0,0,0.8,risk_path,4,Bot1|Bot2|Bot3|Bot4,,1,0
385,0.60,75,440,341761630,1725134005,3609,0.641600,497,1358,46-27,19-16,34-58,54,38,61,43,73,57,0,0,1,54,1,54,104,1,54,50,1,button,1,54,54,0,50,0,1.0000,821,0.005092,-1,-1,button,1,54,54,0,50,0,1.0000,821,0.017501,,-1,button,1,54,54,0,50,0,1.0000,821,0.023174,-1,,button,1,54,54,0,49,0,1.0000,821,4.373323,5,5,54,0,0,0,0.4,risk_path,4,Bot1|Bot2|Bot3|Bot4,,1,0
386,0.60,75,440,192649057,483095820,3649,0.648711,500,1326,43-10,1-65,10-16,107,97,47,39,70,58,1,0,1,107,0,,109,0,,,0,fire_reached_bot,0,40,40,0,0,67,0.3738,536,0.003837,34,34,fire_reached_bot,0,79,79,0,0,42,0.6075,1486,0.066307,,73,fire_reached_bot,0,104,94,10,0,45,0.5794,2240,0.162314,73,,fire_reached_bot,0,79,79,0,0,42,0.6075,1486,13.805807,-1,73,79,0,79,0,,shortest_path_fallback,0,,Bot1|Bot2|Bot3|Bot4,0,1
387,0.60,75,440,3803973244,2905068052,3617,0.643022,490,1340,11-68,71-0,70-47,134,128,102,80,66,48,1,0,1,134,0,,99,0,,,0,walked_into_fire,0,83,83,0,-1,51,0.6194,1168,0.010830,81,81,fire_reached_bot,0,101,90,11,-1,58,0.5672,,0.136684,,-1,fire_reached_bot,0,101,90,11,-1,58,0.5672,,0.197182,-1,,fire_reached_bot,0,101,90,11,-1,58,0.5672,,18.197506,-1,-1,101,0,90,11,,no_path,0,,Bot1|Bot2|Bot3|Bot4,0,1
388,0.60,75,440,1436060441,193209266,3627,0.644800,496,1372,62-48,62-52,65-20,10,4,53,31,57,35,0,0,1,10,1,10,89,1,10,79,1,button,1,10,10,0,74,0,1.0000,18,0.000129,-1,-1,button,1,10,10,0,74,0,1.0000,18,0.000277,,-1,button,1,10,10,0,74,0,1.0000,18,0.000276,-1,,button,1,10,10,0,74,0,1.0000,18,0.274403,-1,-1,10,0,0,0,0.4,risk_path,4,Bot1|Bot2|Bot3|Bot4,,1,0
389,0.60,75,440,3826677250,268213696,3645,0.648000,517,1385,26-31,33-32,8-53,12,8,40,40,48,46,0,0,1,12,1,12,69,1,12,57,1,button,1,12,12,0,57,0,1.0000,57,0.000188,-1,-1,button,1,12,12,0,57,0,1.0000,57,0.000541,,-1,button,1,12,12,0,57,0,1.0000,57,0.000483,-1,,button,1,12,12,0,57,0,1.0000,57,0.355829,7,7,12,0,0,0,0.4,risk_path,4,Bot1|Bot2|Bot3|Bot4,,1,0
390,0.60,75,440,1922677758,3470194275,3657,0.650133,504,1385,3-43,21-19,17-61,44,42,34,32,58,46,0,0,1,44,1,44,86,1,44,42,1,button,1,44,44,0,39,0,1.0000,479,0.002254,-1,-1,button,1,44,44,0,39,0,1.0000,479,0.006387,,-1,button,1,44,44,0,39,0,1.0000,479,0.008470,-1,,button,1,44,44,0,39,0,1.0000,479,3.280991,32,32,44,0,0,0,0.4,risk_path,4,Bot1|Bot2|Bot3|Bot4,,1,0
391,0.60,75,440,220974170,2519797936,3660,0.650667,503,1355,72-66,1-1,16-34,142,136,96,88,52,48,1,0,1,142,0,,75,0,,,0,fire_reached_bot,0,57,57,0,0,85,0.4014,1153,0.007794,45,45,fire_reached_bot,0,76,65,11,0,89,0.3732,,0.121236,,-1,fire_reached_bot,0,76,65,11,0,89,0.3732,,0.168318,-1,,fire_reached_bot,0,76,65,11,0,89,0.3732,,13.002247,-1,-1,76,0,65,11,,no_path,0,,Bot1|Bot2|Bot3|Bot4,0,1
392,0.60,75,440,311089741,15779671,3622,0.643911,498,1359,62-59,70-45,20-52,24,22,73,49,71,57,0,0,1,24,1,24,116,1,24,92,1,button,1,24,24,0,92,0,1.0000,163,0.000609,-1,-1,button,1,24,24,0,92,0,1.0000,163,0.001354,,-1,button,1,24,24,0,92,0,1.0000,163,0.001844,-1,,button,1,24,24,0,92,0,1.0000,163,1.052173,9,9,24,0,0,0,0.4,risk_path,4,Bot1|Bot2|Bot3|Bot4,,1,0
393,0.60,75,440,3786552960,3978206707,3625,0.644444,503,1356,59-68,38-39,26-64,58,50,49,37,57,37,1,0,1,58,0,,79,1,58,21,1,button,1,58,58,0,18,0,1.0000,782,0.004570,-1,-1,button,1,58,58,0,18,0,1.0000,782,0.012564,,-1,button,1,58,58,0,18,0,1.0000,782,0.017053,-1,,button,1,58,58,0,18,0,1.0000,782,5.541227,-1,-1,58,0,0,0,0.4,risk_path,4,Bot1|Bot2|Bot3|Bot4,,1,0
394,0.60,75,440,1026823686,935493975,3622,0.643911,526,1408,70-22,67-29,30-64,16,10,88,82,76,72,0,0,1,16,1,16,123,1,16,107,1,button,1,16,16,0,105,0,1.0000,119,0.000396,-1,-1,button,1,16,16,0,105,0,1.0000,119,0.001023,,-1,button,1,16,16,0,105,0,1.0000,119,0.001136,-1,,button,1,16,16,0,105,0,1.0000,119,0.518833,-1,-1,16,0,0,0,0.4,risk_path,4,Bot1|Bot2|Bot3|Bot4,,1,0
395,0.60,75,440,3873671478,4157908143,3653,0.649422,512,1406,63-33,71-71,3-25,56,46,82,68,116,114,0,0,1,56,1,56,167,1,56,111,1,button,1,56,56,0,102,0,1.0000,825,0.005042,-1,-1,button,1,56,56,0,102,0,1.0000,825,0.012866,,-1,button,1,56,56,0,102,0,1.0000,825,0.018617,-1,,button,1,56,56,0,104,0,1.0000,825,4.793763,5,5,56,0,0,0,0.4,risk_path,4,Bot1|Bot2|Bot3|Bot4,,1,0
396,0.60,75,440,1326410439,1678133499,3636,0.646400,501,1367,2-32,60-34,74-56,78,60,104,96,40,36,1,0,1,78,0,,57,0,,,0,fire_reached_bot,0,64,64,0,-6,14,0.8205,,0.004122,58,58,fire_reached_bot,0,71,57,14,-13,21,0.7308,,0.088690,,-1,fire_reached_bot,0,71,57,14,-13,21,0.7308,,0.157458,-1,,fire_reached_bot,0,71,57,14,-13,21,0.7308,,9.300062,-1,-1,71,0,57,14,,no_path,0,,Bot1|Bot2|Bot3|Bot4,0,1
397,0.60,75,440,613184341,3716848103,3654,0.649600,506,1368,74-57,2-1,55-66,134,128,32,28,126,118,1,0,1,134,0,,184,1,134,50,0,fire_reached_bot,0,20,20,0,0,114,0.1493,122,0.003850,-1,20,fire_reached_bot,0,20,20,0,0,114,0.1493,122,0.051160,,20,button,1,134,134,0,3,0,1.0000,3033,0.210259,20,,button,1,134,134,0,20,0,1.0000,3033,16.615932,1,1,134,0,0,0,0.4,risk_path,2,Bot3|Bot4,Bot1|Bot2,0,0
398,0.60,75,440,140259070,1404237909,3636,0.646400,513,1339,1-48,63-13,41-37,97,97,53,51,54,46,1,0,1,97,0,,81,0,,,0,walked_into_fire,0,34,34,0,-1,63,0.3505,356,0.001677,34,31,fire_reached_bot,0,63,57,6,0,64,0.3402,1555,0.052746,,31,fire_reached_bot,0,66,57,9,0,66,0.3196,1689,0.075506,31,,fire_reached_bot,0,63,57,6,0,64,0.3402,1555,8.699640,-1,31,63,0,57,6,,no_path,0,,Bot1|Bot2|Bot3|Bot4,0,1
399,0.60,75,440,1706966771,3646661798,3652,0.649244,511,1407,32-34,29-13,48-3,40,24,55,47,35,29,1,0,1,40,0,,44,1,40,4,1,button,1,40,40,0,4,0,1.0000,425,0.002137,-1,-1,button,1,40,40,0,4,0,1.0000,425,0.006310,,-1,button,1,40,40,0,4,0,1.0000,425,0.009586,-1,,button,1,40,40,0,4,0,1.0000,425,2.544030,-1,-1,40,0,0,0,0.4,risk_path,4,Bot1|Bot2|Bot3|Bot4,,1,0
400,0.60,75,440,1557608422,587872040,3654,0.649600,504,1397,49-5,1-60,36-26,109,103,40,34,73,69,1,0,1,109,0,,100,0,,,0,fire_reached_bot,0,30,30,0,0,79,0.2752,402,0.001933,26,25,fire_reached_bot,0,65,61,4,0,86,0.2110,1892,0.062911,,25,fire_reached_bot,0,73,70,3,0,77,0.2936,2276,0.098306,25,,fire_reached_bot,0,65,61,4,0,86,0.2110,1892,9.399835,-1,25,65,0,61,4,,no_path,0,,Bot1|Bot2|Bot3|Bot4,0,1
401,0.60,75,440,2000075961,2745563048,3647,0.648356,506,1360,53-41,74-15,43-8,51,47,65,43,46,38,1,0,1,51,0,,67,1,51,16,1,button,1,51,51,0,10,0,1.0000,581,0.003424,-1,-1,button,1,51,51,0,10,0,1.0000,581,0.011449,,-1,button,1,51,51,0,10,0,1.0000,581,0.015442,-1,,button,1,51,51,0,10,0,1.0000,581,4.670359,19,19,51,0,0,0,0.4,risk_path,4,Bot1|Bot2|Bot3|Bot4,,1,0
402,0.60,75,440,4291152545,2741335827,3641,0.647289,513,1401,4-47,39-45,36-43,57,37,58,36,5,5,1,0,1,57,0,,8,0,,,0,fire_reached_bot,0,33,33,0,-24,24,0.5789,,0.001650,9,9,fire_reached_bot,0,65,8,57,-56,49,0.1404,,0.251432,,-1,fire_reached_bot,0,65,8,57,-56,49,0.1404,,0.454674,-1,,fire_reached_bot,0,65,8,57,-56,49,0.1404,,1.590215,-1,-1,65,0,8,57,,no_path,0,,Bot1|Bot2|Bot3|Bot4,0,1
403,0.60,75,440,2060592027,3688875005,3646,0.648178,499,1396,8-70,21-2,51-54,107,81,71,59,86,82,1,0,1,107,0,,133,1,107,26,1,button,1,107,107,0,19,0,1.0000,2446,0.030391,-1,-1,button,1,107,107,0,19,0,1.0000,2446,0.081624,,-1,button,1,107,107,0,19,0,1.0000,2446,0.120731,-1,,button,1,107,107,0,19,0,1.0000,2446,11.504928,31,31,107,4,23,0,0.99,risk_path,4,Bot1|Bot2|Bot3|Bot4,,1,0
404,0.60,75,440,1918492199,551143425,3649,0.648711,506,1398,38-59,6-65,53-74,52,38,30,30,68,56,0,0,1,52,1,52,111,1,52,59,1,button,1,52,52,0,38,0,1.0000,617,0.003983,-1,-1,button,1,52,52,0,38,0,1.0000,617,0.011158,,-1,button,1,52,52,0,38,0,1.0000,617,0.014173,-1,,button,1,52,52,0,38,0,1.0000,617,4.222615,-1,-1,52,0,0,0,0.4,risk_path,4,Bot1|Bot2|Bot3|Bot4,,1,0
405,0.60,75,440,4258988007,102048511,3637,0.646578,505,1392,3-50,24-64,58-47,35,35,74,58,57,51,0,0,1,35,1,35,81,1,35,46,1,button,1,35,35,0,46,0,1.0000,366,0.001428,-1,-1,button,1,35,35,0,46,0,1.0000,366,0.003732,,-1,button,1,35,35,0,46,0,1.0000,366,0.005206,-1,,button,1,35,35,0,46,0,1.0000,366,1.996508,7,7,35,0,0,0,0.4,risk_path,4,Bot1|Bot2|Bot3|Bot4,,1,0
406,0.60,75,440,1836645683,3217807480,3644,0.647822,502,1331,0-46,40-23,63-28,79,63,105,81,32,28,1,0,1,79,0,,58,0,,,0,walked_into_fire,0,72,72,0,-13,7,0.9114,,0.010020,59,59,fire_reached_bot,0,95,58,37,-36,21,0.7342,,0.158851,,-1,fire_reached_bot,0,95,58,37,-36,21,0.7342,,0.305484,-1,,fire_reached_bot,0,95,58,37,-36,21,0.7342,,8.936961,-1,-1,95,0,58,37,,no_path,0,,Bot1|Bot2|Bot3|Bot4,0,1
407,0.60,75,440,348380400,1235727142,3621,0.643733,502,1332,23-11,33-46,23-72,49,45,79,61,46,36,1,0,1,49,0,,76,1,49,27,1,button,1,49,49,0,27,0,1.0000,283,0.001892,-1,-1,button,1,49,49,0,27,0,1.0000,283,0.005798,,-1,button,1,49,49,0,27,0,1.0000,283,0.008092,-1,,button,1,49,49,0,27,0,1.0000,283,3.873152,15,15,49,0,0,0,0.4,risk_path,4,Bot1|Bot2|Bot3|Bot4,,1,0
408,0.60,75,440,649723473,128509568,3652,0.649244,507,1389,26-9,6-2,14-47,31,27,66,50,73,53,0,0,1,31,1,31,104,1,31,73,1,button,1,31,31,0,71,0,1.0000,248,0.000918,-1,-1,button,1,31,31,0,71,0,1.0000,248,0.003011,,-1,button,1,31,31,0,71,0,1.0000,248,0.004295,-1,,button,1,31,31,0,71,0,1.0000,248,1.747485,-1,-1,31,0,0,0,0.4,risk_path,4,Bot1|Bot2|Bot3|Bot4,,1,0
409,0.60,75,440,1213574996,1326260514,3647,0.648356,488,1368,55-57,35-55,55-12,30,22,69,45,67,63,0,0,1,30,1,30,104,1,30,74,1,button,1,30,30,0,74,0,1.0000,241,0.001091,-1,-1,button,1,30,30,0,74,0,1.0000,241,0.003467,,-1,button,1,30,30,0,74,0,1.0000,241,0.004701,-1,,button,1,30,30,0,70,0,1.0000,241,1.531453,6,6,30,0,0,0,0.4,risk_path,4,Bot1|Bot2|Bot3|Bot4,,1,0
410,0.60,75,440,399927594,1172635717,3649,0.648711,503,1395,70-34,60-58,10-58,38,34,88,84,70,50,0,0,1,38,1,38,108,1,38,70,1,button,1,38,38,0,70,0,1.0000,290,0.001316,-1,-1,button,1,38,38,0,70,0,1.0000,290,0.004769,,-1,button,1,38,38,0,70,0,1.0000,290,0.005775,-1,,button,1,38,38,0,70,0,1.0000,290,2.395760,-1,-1,38,0,0,0,0.4,risk_path,4,Bot1|Bot2|Bot3|Bot4,,1,0
411,0.60,75,440,94789281,138735109,3646,0.648178,506,1409,35-29,8-74,34-65,78,72,51,37,39,35,1,0,1,78,0,,66,0,,,0,walked_into_fire,0,47,47,0,-1,31,0.6026,748,0.004442,47,47,fire_reached_bot,0,64,59,5,0,33,0.5769,1294,0.050283,,52,fire_reached_bot,0,69,59,10,-2,37,0.5256,,0.112977,52,,fire_reached_bot,0,64,59,5,0,33,0.5769,1294,8.365319,-1,52,64,0,59,5,,no_path,0,,Bot1|Bot2|Bot3|Bot4,0,1
412,0.60,75,440,4204771711,1699448702,3649,0.648711,521,1344,25-68,64-22,8-1,101,85,108,84,83,77,1,0,1,101,0,,128,1,101,27,1,button,1,101,101,0,27,0,1.0000,1236,0.011499,-1,-1,button,1,101,101,0,27,0,1.0000,1236,0.046574,,-1,button,1,101,101,0,27,0,1.0000,1236,0.061752,-1,,button,1,101,101,0,27,0,1.0000,1236,13.793260,39,39,101,18,3,0,0.99,risk_path,4,Bot1|Bot2|Bot3|Bot4,,1,0
413,0.60,75,440,823494903,3566751827,3642,0.647467,516,1387,71-17,60-13,29-23,25,15,60,48,45,41,0,0,1,25,1,25,73,1,25,48,1,button,1,25,25,0,46,0,1.0000,238,0.000773,-1,-1,button,1,25,25,0,46,0,1.0000,238,0.002514,,-1,button,1,25,25,0,46,0,1.0000,238,0.002557,-1,,button,1,25,25,0,46,0,1.0000,238,1.094933,-1,-1,25,0,0,0,0.4,risk_path,4,Bot1|Bot2|Bot3|Bot4,,1,0
414,0.60,75,440,277766336,146189312,3644,0.647822,499,1356,58-60,40-20,62-46,72,58,22,18,64,48,1,0,1,72,0,,100,1,72,28,1,button,1,72,72,0,12,0,1.0000,1217,0.010642,-1,-1,button,1,72,72,0,12,0,1.0000,1217,0.037051,,-1,button,1,72,72,0,12,0,1.0000,1217,0.047794,-1,,button,1,72,72,0,12,0,1.0000,1217,7.441939,62,62,72,2,0,0,0.6,risk_path,4,Bot1|Bot2|Bot3|Bot4,,1,0
415,0.60,75,440,2294360336,2377130893,3660,0.650667,509,1386,42-45,54-71,24-24,44,38,39,39,83,77,0,0,1,44,1,44,116,1,44,72,1,button,1,44,44,0,52,0,1.0000,383,0.001482,-1,-1,button,1,44,44,0,52,0,1.0000,383,0.005114,,-1,button,1,44,44,0,52,0,1.0000,383,0.006463,-1,,button,1,44,44,0,52,0,1.0000,383,3.322378,11,11,44,0,0,0,0.4,risk_path,4,Bot1|Bot2|Bot3|Bot4,,1,0
416,0.60,75,440,4063297683,2159750137,3631,0.645511,496,1409,73-41,65-67,49-26,38,34,53,39,63,57,0,0,1,38,1,38,96,1,38,58,1,button,1,38,38,0,57,0,1.0000,404,0.001593,-1,-1,button,1,38,38,0,57,0,1.0000,404,0.005357,,-1,button,1,38,38,0,57,0,1.0000,404,0.006832,-1,,button,1,38,38,0,57,0,1.0000,404,2.505625,-1,-1,38,0,0,0,0.4,risk_path,4,Bot1|Bot2|Bot3|Bot4,,1,0
417,0.60,75,440,4136068613,3935871520,3621,0.643733,502,1362,57-26,62-4,25-23,29,27,53,35,62,56,0,0,1,29,1,29,96,1,29,67,1,button,1,29,29,0,64,0,1.0000,324,0.001242,-1,-1,button,1,29,29,0,64,0,1.0000,324,0.002708,,-1,button,1,29,29,0,64,0,1.0000,324,0.003715,-1,,button,1,29,29,0,64,0,1.0000,324,1.496045,23,23,29,0,0,0,0.4,risk_path,4,Bot1|Bot2|Bot3|Bot4,,1,0
418,0.60,75,440,3079297320,2426746488,3636,0.646400,501,1421,50-61,33-15,73-21,71,63,79,63,60,46,1,0,1,71,0,,103,1,71,32,1,button,1,71,71,0,32,0,1.0000,523,0.003634,-1,-1,button,1,71,71,0,32,0,1.0000,523,0.017986,,-1,button,1,71,71,0,32,0,1.0000,523,0.020917,-1,,button,1,71,71,0,32,0,1.0000,523,7.894103,-1,-1,71,0,0,0,0.4,risk_path,4,Bot1|Bot2|Bot3|Bot4,,1,0
419,0.60,75,440,4257723732,3495392713,3654,0.649600,498,1377,48-73,69-49,48-45,53,45,42,28,33,25,1,0,1,53,0,,42,0,,,0,fire_reached_bot,0,30,30,0,0,23,0.5660,373,0.001846,28,25,fire_reached_bot,0,43,42,1,0,21,0.6038,,0.021329,,25,fire_reached_bot,0,51,42,9,-8,15,0.7170,,0.052715,25,,fire_reached_bot,0,43,42,1,0,21,0.6038,,4.432257,-1,25,43,0,42,1,,no_path,0,,Bot1|Bot2|Bot3|Bot4,0,1
420,0.60,75,440,4078690204,3768167155,3654,0.649600,511,1398,67-28,21-7,28-59,79,67,74,70,75,59,1,0,1,79,0,,116,1,79,37,1,button,1,79,79,0,37,0,1.0000,1582,0.014808,-1,-1,button,1,79,79,0,37,0,1.0000,1582,0.046252,,-1,button,1,79,79,0,37,0,1.0000,1582,0.067819,-1,,button,1,79,79,0,37,0,1.0000,1582,8.265189,-1,-1,79,0,0,0,0.4,risk_path,4,Bot1|Bot2|Bot3|Bot4,,1,0
421,0.60,75,440,958537604,1453352966,3651,0.649067,500,1404,28-43,1-30,35-32,50,40,18,18,50,36,0,0,1,50,0,,82,1,50,32,1,button,1,50,50,0,20,0,1.0000,548,0.002570,-1,-1,button,1,50,50,0,20,0,1.0000,548,0.007044,,-1,button,1,50,50,0,20,0,1.0000,548,0.010329,-1,,button,1,50,50,0,20,0,1.0000,548,4.030366,-1,-1,50,0,0,0,0.4,risk_path,4,Bot1|Bot2|Bot3|Bot4,,1,0
422,0.60,75,440,2355762477,2963328483,3669,0.652267,526,1440,54-11,49-40,53-34,40,34,34,24,10,10,1,0,1,40,0,,12,0,,,0,fire_reached_bot,0,19,19,0,-6,21,0.4750,,0.000574,12,12,fire_reached_bot,0,28,12,16,-15,30,0.2500,,0.091284,,-1,fire_reached_bot,0,28,12,16,-15,30,0.2500,,0.181751,-1,,fire_reached_bot,0,28,12,16,-15,30,0.2500,,2.097601,-1,-1,28,0,12,16,,no_path,0,,Bot1|Bot2|Bot3|Bot4,0,1
423,0.60,75,440,3860660340,1064690405,3656,0.649956,501,1379,41-13,19-25,56-67,36,34,91,69,81,79,0,0,1,36,1,36,116,1,36,80,1,button,1,36,36,0,76,0,1.0000,326,0.001464,-1,-1,button,1,36,36,0,76,0,1.0000,326,0.004589,,-1,button,1,36,36,0,76,0,1.0000,326,0.006381,-1,,button,1,36,36,0,76,0,1.0000,326,2.214257,-1,-1,36,0,0,0,0.4,risk_path,4,Bot1|Bot2|Bot3|Bot4,,1,0
424,0.60,75,440,4240931953,1182499683,3665,0.651556,513,1403,19-9,38-33,56-58,51,43,90,86,51,43,0,0,1,51,1,51,77,1,51,26,1,button,1,51,51,0,24,0,1.0000,787,0.004463,-1,-1,button,1,51,51,0,24,0,1.0000,787,0.014887,,-1,button,1,51,51,0,24,0,1.0000,787,0.019346,-1,,button,1,51,51,0,24,0,1.0000,787,4.423077,1,1,51,0,0,0,0.4,risk_path,4,Bot1|Bot2|Bot3|Bot4,,1,0
425,0.60,75,440,2493525027,414517936,3643,0.647644,501,1383,58-63,3-72,18-64,90,64,67,41,25,23,1,0,1,90,0,,40,0,,,0,fire_reached_bot,0,41,41,0,0,49,0.4556,,0.002608,29,11,fire_reached_bot,0,60,30,30,-19,60,0.3333,,0.192283,,11,fire_reached_bot,0,82,30,52,-41,80,0.1111,,0.512030,11,,fire_reached_bot,0,60,30,30,-19,60,0.3333,,7.478790,-1,11,60,0,30,30,,no_path,0,,Bot1|Bot2|Bot3|Bot4,0,1
426,0.60,75,440,836001522,3918252539,3632,0.645689,504,1368,22-45,44-49,26-42,34,26,7,7,29,25,1,0,1,34,0,,43,0,,,0,walked_into_fire,0,5,5,0,-1,29,0.1471,10,0.000215,5,2,fire_reached_bot,0,22,22,0,0,30,0.1176,190,0.004453,,2,fire_reached_bot,0,47,43,4,-3,33,0.0294,,0.051424,2,,fire_reached_bot,0,22,22,0,0,30,0.1176,190,2.535673,-1,2,22,3,19,0,0.99,shortest_path_fallback,0,,Bot1|Bot2|Bot3|Bot4,0,1
427,0.60,75,440,435955948,1367064018,3647,0.648356,496,1404,47-12,21-74,60-61,96,88,70,62,82,52,1,0,1,96,0,,116,1,96,20,1,button,1,96,96,0,9,0,1.0000,1792,0.020775,-1,-1,button,1,96,96,0,9,0,1.0000,1792,0.067356,,-1,button,1,96,96,0,9,0,1.0000,1792,0.095158,-1,,button,1,96,96,0,9,0,1.0000,1792,11.640283,-1,-1,96,8,0,0,0.99,risk_path,4,Bot1|Bot2|Bot3|Bot4,,1,0
428,0.60,75,440,2279097245,954607641,3621,0.643733,485,1323,11-38,1-39,51-68,11,11,76,70,81,79,0,0,1,11,1,11,122,1,11,111,1,button,1,11,11,0,106,0,1.0000,40,0.000160,-1,-1,button,1,11,11,0,106,0,1.0000,40,0.000307,,-1,button,1,11,11,0,106,0,1.0000,40,0.000334,-1,,button,1,11,11,0,106,0,1.0000,40,0.302831,-1,-1,11,0,0,0,0.4,risk_path,4,Bot1|Bot2|Bot3|Bot4,,1,0
429,0.60,75,440,2932552292,18426317,3674,0.653156,511,1398,22-34,51-14,67-21,59,49,66,58,37,23,1,0,1,59,0,,64,1,59,5,1,button,1,59,59,0,5,0,1.0000,477,0.003442,-1,-1,button,1,59,59,0,5,0,1.0000,477,0.018188,,-1,button,1,59,59,0,5,0,1.0000,477,0.022041,-1,,button,1,59,59,0,5,0,1.0000,477,6.425435,52,52,59,5,30,0,0.99,risk_path,4,Bot1|Bot2|Bot3|Bot4,,1,0
430,0.60,75,440,2526166132,2004277368,3663,0.651200,520,1424,48-54,7-1,3-67,98,94,78,58,90,70,1,0,1,98,0,,132,1,98,34,1,button,1,98,98,0,16,0,1.0000,1219,0.012617,-1,-1,button,1,98,98,0,16,0,1.0000,1219,0.054373,,-1,button,1,98,98,0,16,0,1.0000,1219,0.069933,-1,,button,1,98,98,0,16,0,1.0000,1219,13.128746,-1,-1,98,0,0,0,0.4,risk_path,4,Bot1|Bot2|Bot3|Bot4,,1,0
431,0.60,75,440,2360711024,676293112,3646,0.648178,499,1381,49-31,9-40,65-23,57,49,28,24,81,73,0,0,1,57,1,57,132,1,57,75,1,button,1,57,57,0,45,0,1.0000,813,0.005460,-1,-1,button,1,57,57,0,45,0,1.0000,813,0.013094,,-1,button,1,57,57,0,45,0,1.0000,813,0.020059,-1,,button,1,57,57,0,45,0,1.0000,813,4.809118,-1,-1,57,0,0,0,0.4,risk_path,4,Bot1|Bot2|Bot3|Bot4,,1,0
432,0.60,75,440,1910899855,3074822446,3643,0.647644,516,1359,33-54,51-29,56-40,55,43,49,37,16,16,1,0,1,55,0,,24,0,,,0,fire_reached_bot,0,30,30,0,-5,25,0.5455,,0.001854,25,25,fire_reached_bot,0,38,24,14,-13,31,0.4364,,0.082939,,-1,fire_reached_bot,0,38,24,14,-13,31,0.4364,,0.169099,-1,,fire_reached_bot,0,38,24,14,-13,31,0.4364,,4.252192,-1,-1,38,0,24,14,,no_path,0,,Bot1|Bot2|Bot3|Bot4,0,1
433,0.60,75,440,2661614459,1963583143,3649,0.648711,498,1378,42-68,17-18,56-34,83,75,52,48,59,55,1,0,1,83,0,,83,0,,,0,fire_reached_bot,0,39,39,0,0,44,0.4699,568,0.003314,-1,-1,fire_reached_bot,0,39,39,0,0,44,0.4699,568,0.022371,,-1,fire_reached_bot,0,39,39,0,0,44,0.4699,568,0.024012,-1,,fire_reached_bot,0,39,39,0,0,44,0.4699,568,6.510037,-1,-1,39,0,39,0,,shortest_path_fallback,0,,Bot1|Bot2|Bot3|Bot4,0,1
434,0.60,75,440,3282060075,882283043,3638,0.646756,507,1363,17-63,15-48,25-14,17,17,75,57,60,44,0,0,1,17,1,17,84,1,17,67,1,button,1,17,17,0,67,0,1.0000,42,0.000204,-1,-1,button,1,17,17,0,67,0,1.0000,42,0.000909,,-1,button,1,17,17,0,67,0,1.0000,42,0.000681,-1,,button,1,17,17,0,67,0,1.0000,42,0.579820,-1,-1,17,0,0,0,0.4,risk_path,4,Bot1|Bot2|Bot3|Bot4,,1,0
435,0.60,75,440,3996130700,1346204788,3641,0.647289,510,1369,33-13,9-17,51-33,36,28,48,38,72,58,0,0,1,36,1,36,108,1,36,72,1,button,1,36,36,0,66,0,1.0000,403,0.001620,-1,-1,button,1,36,36,0,66,0,1.0000,403,0.005203,,-1,button,1,36,36,0,66,0,1.0000,403,0.008951,-1,,button,1,36,36,0,66,0,1.0000,403,2.323745,-1,-1,36,0,0,0,0.4,risk_path,4,Bot1|Bot2|Bot3|Bot4,,1,0
436,0.60,75,440,836374606,2519469390,3644,0.647822,514,1410,66-40,20-42,12-26,64,48,78,68,26,24,1,0,1,64,0,,37,0,,,0,walked_into_fire,0,53,53,0,-15,11,0.8281,,0.005151,38,38,fire_reached_bot,0,75,37,38,-37,27,0.5781,,0.157354,,-1,fire_reached_bot,0,75,37,38,-37,27,0.5781,,0.320592,-1,,fire_reached_bot,0,75,37,38,-37,27,0.5781,,5.719880,-1,-1,75,0,37,38,,no_path,0,,Bot1|Bot2|Bot3|Bot4,0,1
437,0.60,75,440,3431814037,2475972391,3665,0.651556,509,1430,18-47,46-36,51-30,43,39,54,50,11,11,1,0,1,43,0,,14,0,,,0,walked_into_fire,0,32,32,0,-17,11,0.7442,,0.001564,15,15,fire_reached_bot,0,54,14,40,-39,29,0.3256,,0.196474,,-1,fire_reached_bot,0,54,14,40,-39,29,0.3256,,0.394948,-1,,fire_reached_bot,0,54,14,40,-39,29,0.3256,,1.980865,-1,-1,54,0,14,40,,no_path,0,,Bot1|Bot2|Bot3|Bot4,0,1
438,0.60,75,440,1717278258,3909387573,3628,0.644978,489,1365,62-2,11-7,19-66,66,56,109,107,83,67,0,0,1,66,1,66,144,1,66,78,1,button,1,66,66,0,76,0,1.0000,937,0.007940,-1,-1,button,1,66,66,0,76,0,1.0000,937,0.018464,,-1,button,1,66,66,0,76,0,1.0000,937,0.027020,-1,,button,1,66,66,0,76,0,1.0000,937,6.777891,-1,-1,66,0,0,0,0.4,risk_path,4,Bot1|Bot2|Bot3|Bot4,,1,0
439,0.60,75,440,601328095,3338845994,3660,0.650667,513,1409,49-10,22-21,7-64,58,38,102,96,64,58,0,0,1,58,1,58,96,1,58,38,1,button,1,58,58,0,38,0,1.0000,505,0.003915,-1,-1,button,1,58,58,0,38,0,1.0000,505,0.020123,,-1,button,1,58,58,0,38,0,1.0000,505,0.026676,-1,,button,1,58,58,0,38,0,1.0000,505,5.314156,-1,-1,58,0,0,0,0.4,risk_path,4,Bot1|Bot2|Bot3|Bot4,,1,0
440,0.60,75,440,2216123474,76203067,3642,0.647467,521,1396,71-40,18-70,58-46,91,83,25,19,66,64,1,0,1,91,0,,102,0,,,0,walked_into_fire,0,15,15,0,-1,76,0.1648,92,0.001168,15,13,fire_reached_bot,0,35,26,9,0,89,0.0220,536,0.022775,,13,fire_reached_bot,0,37,26,11,0,91,0.0000,588,0.028607,13,,fire_reached_bot,0,35,26,9,0,89,0.0220,536,4.552646,-1,13,35,0,26,9,,no_path,0,,Bot1|Bot2|Bot3|Bot4,0,1
441,0.60,75,440,2952930947,3442715,3633,0.645867,493,1336,34-33,4-65,13-73,70,62,69,61,21,17,1,0,1,70,0,,32,0,,,0,fire_reached_bot,0,40,40,0,-7,30,0.5714,,0.002057,32,32,fire_reached_bot,0,53,31,22,-20,39,0.4429,,0.124732,,-1,fire_reached_bot,0,53,31,22,-20,39,0.4429,,0.243924,-1,,fire_reached_bot,0,53,31,22,-20,39,0.4429,,6.533757,-1,-1,53,0,31,22,,no_path,0,,Bot1|Bot2|Bot3|Bot4,0,1
442,0.60,75,440,954329560,321467233,3659,0.650489,499,1374,67-24,7-24,36-66,86,60,77,73,75,71,1,0,1,86,0,,114,1,86,28,1,button,1,86,86,0,25,0,1.0000,1693,0.014507,-1,-1,button,1,86,86,0,25,0,1.0000,1693,0.041886,,-1,button,1,86,86,0,25,0,1.0000,1693,0.061330,-1,,button,1,86,86,0,25,0,1.0000,1693,9.372468,-1,-1,86,0,0,0,0.4,risk_path,4,Bot1|Bot2|Bot3|Bot4,,1,0
443,0.60,75,440,2194090034,1836282544,3620,0.643556,485,1382,59-51,66-29,6-24,39,29,88,80,83,65,0,0,1,39,1,39,119,1,39,80,1,button,1,39,39,0,76,0,1.0000,284,0.001634,-1,-1,button,1,39,39,0,76,0,1.0000,284,0.005740,,-1,button,1,39,39,0,76,0,1.0000,284,0.006633,-1,,button,1,39,39,0,76,0,1.0000,284,2.554760,27,27,39,0,0,0,0.4,risk_path,4,Bot1|Bot2|Bot3|Bot4,,1,0
444,0.60,75,440,99980322,3105913063,3629,0.645156,499,1364,32-3,62-72,50-46,109,99,71,61,52,38,1,0,1,109,0,,79,0,,,0,walked_into_fire,0,42,42,0,-1,67,0.3853,480,0.003363,35,35,fire_reached_bot,0,61,54,7,0,73,0.3303,1050,0.115244,,-1,fire_reached_bot,0,61,54,7,0,73,0.3303,1050,0.147214,-1,,fire_reached_bot,0,61,54,7,0,73,0.3303,1050,11.270902,-1,-1,61,0,54,7,,no_path,0,,Bot1|Bot2|Bot3|Bot4,0,1
445,0.60,75,440,4143197766,1623788008,3645,0.648000,506,1364,60-66,70-44,12-31,34,32,91,83,97,71,0,0,1,34,1,34,140,1,34,106,1,button,1,34,34,0,103,0,1.0000,229,0.001003,-1,-1,button,1,34,34,0,103,0,1.0000,229,0.002607,,-1,button,1,34,34,0,103,0,1.0000,229,0.003415,-1,,button,1,34,34,0,103,0,1.0000,229,1.901076,13,13,34,0,0,0,0.4,risk_path,4,Bot1|Bot2|Bot3|Bot4,,1,0
446,0.60,75,440,846446360,2130916755,3634,0.646044,496,1358,39-19,71-58,53-21,79,71,24,16,73,55,1,0,1,79,0,,111,1,79,32,1,button,1,79,79,0,12,0,1.0000,1664,0.015438,-1,-1,button,1,79,79,0,12,0,1.0000,1664,0.048678,,-1,button,1,79,79,0,12,0,1.0000,1664,0.066598,-1,,button,1,79,79,0,12,0,1.0000,1664,7.611210,32,32,79,0,0,0,0.4,risk_path,4,Bot1|Bot2|Bot3|Bot4,,1,0
447,0.60,75,440,779460035,79676451,3647,0.648356,502,1429,35-37,33-67,8-44,46,32,60,34,56,48,0,0,1,46,1,46,84,1,46,38,1,button,1,46,46,0,37,0,1.0000,449,0.002429,-1,-1,button,1,46,46,0,37,0,1.0000,449,0.010735,,-1,button,1,46,46,0,37,0,1.0000,449,0.009659,-1,,button,1,46,46,0,37,0,1.0000,449,3.521092,-1,-1,46,0,0,0,0.4,risk_path,4,Bot1|Bot2|Bot3|Bot4,,1,0
448,0.60,75,440,1123366057,3344577641,3660,0.650667,494,1419,30-32,27-34,73-46,11,5,79,57,84,58,0,0,1,11,1,11,121,1,11,110,1,button,1,11,11,0,106,0,1.0000,24,0.000146,-1,-1,button,1,11,11,0,106,0,1.0000,24,0.000393,,-1,button,1,11,11,0,106,0,1.0000,24,0.000336,-1,,button,1,11,11,0,106,0,1.0000,24,0.292978,-1,-1,11,0,0,0,0.4,risk_path,4,Bot1|Bot2|Bot3|Bot4,,1,0
449,0.60,75,440,2060266283,3682968219,3648,0.648533,502,1416,66-6,7-5,44-56,86,60,86,72,98,88,0,0,1,86,1,86,145,1,86,59,1,button,1,86,86,0,59,0,1.0000,1816,0.016954,-1,-1,button,1,86,86,0,59,0,1.0000,1816,0.034886,,-1,button,1,86,86,0,59,0,1.0000,1816,0.060728,-1,,button,1,86,86,0,59,0,1.0000,1816,9.113334,-1,-1,86,0,0,0,0.4,risk_path,4,Bot1|Bot2|Bot3|Bot4,,1,0
450,0.60,75,440,3271714734,783943413,3641,0.647289,494,1354,33-11,36-11,36-6,3,3,8,8,5,5,0,0,1,3,1,3,6,1,3,3,1,button,1,3,3,0,3,0,1.0000,4,0.000053,-1,-1,button,1,3,3,0,3,0,1.0000,4,0.000067,,-1,button,1,3,3,0,3,0,1.0000,4,0.000068,-1,,button,1,3,3,0,3,0,1.0000,4,0.064848,-1,-1,3,0,0,0,0.4,risk_path,4,Bot1|Bot2|Bot3|Bot4,,1,0
451,0.60,75,440,1682450521,2218722123,3650,0.648889,500,1388,63-74,74-28,41-74,67,57,62,22,85,79,0,0,1,67,1,67,136,1,67,69,1,button,1,67,67,0,59,0,1.0000,557,0.002911,-1,-1,button,1,67,67,0,59,0,1.0000,557,0.015669,,-1,button,1,67,67,0,59,0,1.0000,557,0.015825,-1,,button,1,67,67,0,59,0,1.0000,557,6.762721,42,42,67,0,0,0,0.4,risk_path,4,Bot1|Bot2|Bot3|Bot4,,1,0
452,0.60,75,440,4253021220,2834508363,3667,0.651911,506,1400,26-8,16-57,57-74,77,59,103,97,70,58,1,0,1,77,0,,102,1,77,25,1,button,1,77,77,0,25,0,1.0000,930,0.007938,-1,-1,button,1,77,77,0,25,0,1.0000,930,0.032022,,-1,button,1,77,77,0,25,0,1.0000,930,0.041200,-1,,button,1,77,77,0,25,0,1.0000,930,8.269144,1,1,77,0,0,0,0.4,risk_path,4,Bot1|Bot2|Bot3|Bot4,,1,0
453,0.60,75,440,2952658635,970395582,3617,0.643022,500,1329,73-24,20-35,66-32,74,64,55,15,63,49,1,0,1,74,0,,100,1,80,20,0,fire_reached_bot,0,35,35,0,0,39,0.4730,196,0.001444,-1,-1,fire_reached_bot,0,35,35,0,0,39,0.4730,196,0.012901,,-1,fire_reached_bot,0,35,35,0,0,39,0.4730,196,0.013844,-1,,fire_reached_bot,0,35,35,0,0,39,0.4730,196,5.476178,-1,-1,35,22,11,0,0.99,risk_path,0,,Bot1|Bot2|Bot3|Bot4,0,1
454,0.60,75,440,473146384,3945293444,3628,0.644978,501,1342,49-65,65-42,31-59,53,39,28,24,65,51,0,0,1,53,1,53,89,1,53,36,1,button,1,53,53,0,35,0,1.0000,932,0.004983,-1,-1,button,1,53,53,0,35,0,1.0000,932,0.013257,,-1,button,1,53,53,0,35,0,1.0000,932,0.018911,-1,,button,1,53,53,0,35,0,1.0000,932,4.138114,24,24,53,0,0,0,0.4,risk_path,4,Bot1|Bot2|Bot3|Bot4,,1,0
455,0.60,75,440,2903495406,1402952168,3639,0.646933,510,1381,26-31,73-0,14-53,80,78,44,34,112,112,0,0,1,80,1,80,153,1,80,73,1,button,1,80,80,0,65,0,1.0000,1572,0.014022,-1,-1,button,1,80,80,0,65,0,1.0000,1572,0.037371,,-1,button,1,80,80,0,65,0,1.0000,1572,0.055872,-1,,button,1,80,80,0,63,0,1.0000,1572,8.077843,37,37,80,0,0,0,0.4,risk_path,4,Bot1|Bot2|Bot3|Bot4,,1,0
456,0.60,75,440,1612596313,1606830779,3651,0.649067,494,1390,61-73,9-34,31-53,97,91,56,50,41,41,1,0,1,97,0,,59,0,,,0,walked_into_fire,0,36,36,0,-1,61,0.3711,364,0.002416,33,33,fire_reached_bot,0,46,46,0,0,53,0.4536,695,0.028859,,46,fire_reached_bot,0,51,51,0,0,58,0.4021,877,0.041337,46,,fire_reached_bot,0,46,46,0,0,53,0.4536,695,7.691887,-1,46,46,0,46,0,,shortest_path_fallback,0,,Bot1|Bot2|Bot3|Bot4,0,1
457,0.60,75,440,2590130515,196957734,3647,0.648356,507,1384,54-67,36-66,67-8,27,19,114,72,103,89,0,0,1,27,1,27,157,1,27,130,1,button,1,27,27,0,129,0,1.0000,148,0.000704,-1,-1,button,1,27,27,0,129,0,1.0000,148,0.002140,,-1,button,1,27,27,0,129,0,1.0000,148,0.002634,-1,,button,1,27,27,0,129,0,1.0000,148,1.331354,6,6,27,0,0,0,0.4,risk_path,4,Bot1|Bot2|Bot3|Bot4,,1,0
458,0.60,75,440,3410208556,1748041653,3630,0.645333,504,1401,43-42,53-52,35-68,20,20,44,34,38,34,0,0,1,20,1,20,52,1,20,32,1,button,1,20,20,0,32,0,1.0000,159,0.000505,-1,-1,button,1,20,20,0,32,0,1.0000,159,0.001036,,-1,button,1,20,20,0,32,0,1.0000,159,0.001423,-1,,button,1,20,20,0,32,0,1.0000,159,0.718650,1,1,20,0,0,0,0.4,risk_path,4,Bot1|Bot2|Bot3|Bot4,,1,0
459,0.60,75,440,1944609791,705594675,3674,0.653156,521,1406,73-3,42-69,11-71,103,97,132,130,43,33,1,0,1,103,0,,68,0,,,0,fire_reached_bot,0,89,89,0,-20,14,0.8641,,0.011604,69,69,fire_reached_bot,0,120,68,52,-51,35,0.6602,,0.238391,,-1,fire_reached_bot,0,120,68,52,-51,35,0.6602,,0.451784,-1,,fire_reached_bot,0,120,68,52,-51,35,0.6602,,13.970793,-1,-1,120,0,68,52,,no_path,0,,Bot1|Bot2|Bot3|Bot4,0,1
460,0.60,75,440,3380480183,1588023217,3661,0.650844,511,1422,4-70,35-43,9-64,60,58,11,11,49,47,1,0,1,60,0,,76,0,,,0,fire_reached_bot,0,9,9,0,0,51,0.1500,43,0.000565,8,8,fire_reached_bot,0,50,44,6,0,38,0.3667,607,0.015458,,38,fire_reached_bot,0,50,44,6,0,40,0.3333,607,0.022367,38,,fire_reached_bot,0,50,44,6,0,38,0.3667,607,6.231694,-1,38,50,0,44,6,,no_path,0,,Bot1|Bot2|Bot3|Bot4,0,1
461,0.60,75,440,545968031,3785375886,3639,0.646933,498,1365,43-6,61-58,1-42,76,70,84,78,86,76,0,0,1,76,1,76,117,1,76,41,1,button,1,76,76,0,34,0,1.0000,1174,0.008701,-1,-1,button,1,76,76,0,34,0,1.0000,1174,0.031332,,-1,button,1,76,76,0,34,0,1.0000,1174,0.042573,-1,,button,1,76,76,0,34,0,1.0000,1174,8.195979,43,43,76,0,0,0,0.4,risk_path,4,Bot1|Bot2|Bot3|Bot4,,1,0
462,0.60,75,440,3450460134,238140626,3636,0.646400,504,1363,56-10,14-8,20-65,68,44,93,91,83,63,0,0,1,68,1,68,135,1,68,67,1,button,1,68,68,0,67,0,1.0000,1085,0.007839,-1,-1,button,1,68,68,0,67,0,1.0000,1085,0.021388,,-1,button,1,68,68,0,67,0,1.0000,1085,0.028558,-1,,button,1,68,68,0,67,0,1.0000,1085,6.461600,-1,-1,68,0,0,0,0.4,risk_path,4,Bot1|Bot2|Bot3|Bot4,,1,0
463,0.60,75,440,1149964191,3065534945,3643,0.647644,509,1362,40-25,17-31,0-32,35,29,63,47,36,18,0,0,1,35,1,35,52,1,35,17,1,button,1,35,35,0,17,0,1.0000,242,0.001019,-1,-1,button,1,35,35,0,17,0,1.0000,242,0.003530,,-1,button,1,35,35,0,17,0,1.0000,242,0.004315,-1,,button,1,35,35,0,17,0,1.0000,242,2.155173,2,2,35,0,0,0,0.4,risk_path,4,Bot1|Bot2|Bot3|Bot4,,1,0
464,0.60,75,440,2588932194,3317267967,3638,0.646756,502,1370,62-19,40-53,74-66,68,56,83,59,61,47,1,0,1,68,0,,93,1,68,25,1,button,1,68,68,0,25,0,1.0000,257,0.002543,-1,-1,button,1,68,68,0,25,0,1.0000,257,0.019007,,-1,button,1,68,68,0,25,0,1.0000,257,0.022042,-1,,button,1,68,68,0,25,0,1.0000,257,7.366576,-1,-1,68,0,0,0,0.4,risk_path,4,Bot1|Bot2|Bot3|Bot4,,1,0
465,0.60,75,440,283204915,3485829726,3629,0.645156,508,1367,64-59,65-68,21-63,12,10,71,47,71,49,0,0,1,12,1,12,104,1,12,92,1,button,1,12,12,0,91,0,1.0000,29,0.000131,-1,-1,button,1,12,12,0,91,0,1.0000,29,0.000307,,-1,button,1,12,12,0,91,0,1.0000,29,0.000377,-1,,button,1,12,12,0,91,0,1.0000,29,0.318055,-1,-1,12,0,0,0,0.4,risk_path,4,Bot1|Bot2|Bot3|Bot4,,1,0
466,0.60,75,440,519884690,3415390693,3660,0.650667,498,1397,42-44,2-19,17-64,65,65,47,45,82,60,0,0,1,65,1,65,126,1,65,61,1,button,1,65,65,0,44,0,1.0000,928,0.006906,-1,-1,button,1,65,65,0,44,0,1.0000,928,0.020111,,-1,button,1,65,65,0,44,0,1.0000,928,0.026107,-1,,button,1,65,65,0,44,0,1.0000,928,6.450486,-1,-1,65,0,0,0,0.4,risk_path,4,Bot1|Bot2|Bot3|Bot4,,1,0
467,0.60,75,440,3826963234,2865125719,3651,0.649067,514,1442,46-13,18-38,44-2,53,53,13,13,62,62,0,0,1,53,1,53,95,1,53,42,1,button,1,53,53,0,12,0,1.0000,632,0.003431,-1,-1,button,1,53,53,0,12,0,1.0000,632,0.006892,,-1,button,1,53,53,0,12,0,1.0000,632,0.010809,-1,,button,1,53,53,0,12,0,1.0000,632,4.409153,-1,-1,53,0,0,0,0.4,risk_path,4,Bot1|Bot2|Bot3|Bot4,,1,0
468,0.60,75,440,4243052957,3832579543,3655,0.649778,512,1362,20-47,35-34,1-59,40,28,31,31,67,59,0,0,1,40,1,40,107,1,40,67,1,button,1,40,40,0,45,0,1.0000,293,0.001526,-1,-1,button,1,40,40,0,45,0,1.0000,293,0.006576,,-1,button,1,40,40,0,45,0,1.0000,293,0.009150,-1,,button,1,40,40,0,45,0,1.0000,293,2.676426,11,11,40,0,0,0,0.4,risk_path,4,Bot1|Bot2|Bot3|Bot4,,1,0
469,0.60,75,440,2512400746,3515949097,3651,0.649067,508,1372,72-67,69-59,59-74,27,11,22,20,29,25,0,0,1,27,1,27,52,1,27,25,1,button,1,27,27,0,17,0,1.0000,131,0.000724,-1,-1,button,1,27,27,0,17,0,1.0000,131,0.002533,,-1,button,1,27,27,0,17,0,1.0000,131,0.003244,-1,,button,1,27,27,0,17,0,1.0000,131,1.260552,-1,-1,27,0,0,0,0.4,risk_path,4,Bot1|Bot2|Bot3|Bot4,,1,0
470,0.60,75,440,3413718978,1893227172,3673,0.652978,501,1432,59-29,30-55,41-69,67,55,72,58,33,25,1,0,1,67,0,,50,0,,,0,walked_into_fire,0,50,50,0,-1,17,0.7463,563,0.003449,37,37,fire_reached_bot,0,79,45,34,-28,36,0.4627,,0.161628,,-1,fire_reached_bot,0,79,45,34,-28,36,0.4627,,0.324548,-1,,fire_reached_bot,0,79,45,34,-28,36,0.4627,,7.286481,-1,-1,79,0,45,34,,no_path,0,,Bot1|Bot2|Bot3|Bot4,0,1
471,0.60,75,440,503817407,3717343413,3672,0.652800,514,1425,13-45,72-30,24-35,84,74,23,21,75,53,1,0,1,84,0,,106,0,,,0,walked_into_fire,0,19,19,0,-2,65,0.2262,87,0.001415,17,17,fire_reached_bot,0,37,27,10,0,63,0.2500,571,0.024220,,-1,fire_reached_bot,0,37,27,10,0,63,0.2500,571,0.023252,-1,,fire_reached_bot,0,37,27,10,0,63,0.2500,571,4.973534,-1,-1,37,0,27,10,,no_path,0,,Bot1|Bot2|Bot3|Bot4,0,1
472,0.60,75,440,2819638129,3975689994,3623,0.644089,510,1354,74-33,36-23,31-36,66,48,70,46,34,18,1,0,1,66,0,,52,0,,,0,fire_reached_bot,0,58,58,0,-5,8,0.8788,,0.005297,53,53,fire_reached_bot,0,66,52,14,-13,14,0.7879,,0.072610,,-1,fire_reached_bot,0,66,52,14,-13,14,0.7879,,0.115667,-1,,fire_reached_bot,0,66,52,14,-13,14,0.7879,,6.505193,-1,-1,66,0,52,14,,no_path,0,,Bot1|Bot2|Bot3|Bot4,0,1
473,0.60,75,440,2272994969,415899555,3671,0.652622,516,1414,5-54,58-0,43-33,113,107,75,59,50,48,1,0,1,113,0,,75,0,,,0,fire_reached_bot,0,52,52,0,0,61,0.4602,832,0.005355,52,49,fire_reached_bot,0,75,65,10,0,76,0.3274,1957,0.087982,,49,fire_reached_bot,0,81,65,16,-5,82,0.2743,,0.167690,49,,fire_reached_bot,0,75,65,10,0,76,0.3274,1957,11.006096,-1,49,75,0,65,10,,no_path,0,,Bot1|Bot2|Bot3|Bot4,0,1
474,0.60,75,440,3800817311,3697787141,3626,0.644622,492,1343,5-7,13-60,73-20,75,61,97,81,102,100,0,0,1,75,1,75,155,1,75,80,1,button,1,75,75,0,74,0,1.0000,931,0.007468,-1,-1,button,1,75,75,0,74,0,1.0000,931,0.029258,,-1,button,1,75,75,0,74,0,1.0000,931,0.041584,-1,,button,1,75,75,0,74,0,1.0000,931,8.348576,12,12,75,0,0,0,0.4,risk_path,4,Bot1|Bot2|Bot3|Bot4,,1,0
475,0.60,75,440,3913921988,874549696,3647,0.648356,511,1362,56-1,38-43,52-0,66,60,15,5,67,57,0,0,1,66,1,66,97,1,66,31,1,button,1,66,66,0,8,0,1.0000,790,0.005693,-1,-1,button,1,66,66,0,8,0,1.0000,790,0.019323,,-1,button,1,66,66,0,8,0,1.0000,790,0.027612,-1,,button,1,66,66,0,8,0,1.0000,790,6.461041,-1,-1,66,0,0,0,0.4,risk_path,4,Bot1|Bot2|Bot3|Bot4,,1,0
476,0.60,75,440,2149910873,4090412208,3621,0.643733,513,1361,26-55,26-4,18-31,83,51,34,32,49,35,1,0,1,83,0,,75,0,,,0,walked_into_fire,0,36,36,0,-2,47,0.4337,353,0.002631,36,35,fire_reached_bot,0,49,48,1,0,51,0.3855,742,0.035434,,35,fire_reached_bot,0,55,51,4,0,54,0.3494,966,0.047264,35,,fire_reached_bot,0,49,48,1,0,51,0.3855,742,7.625208,-1,35,49,0,48,1,,no_path,0,,Bot1|Bot2|Bot3|Bot4,0,1
477,0.60,75,440,2557168548,667988557,3659,0.650489,494,1407,58-32,54-42,13-19,30,14,66,58,80,64,0,0,1,30,1,30,124,1,30,94,1,button,1,30,30,0,91,0,1.0000,261,0.000967,-1,-1,button,1,30,30,0,91,0,1.0000,261,0.003024,,-1,button,1,30,30,0,91,0,1.0000,261,0.003730,-1,,button,1,30,30,0,91,0,1.0000,261,1.565496,27,27,30,0,0,0,0.4,risk_path,4,Bot1|Bot2|Bot3|Bot4,,1,0
478,0.60,75,440,364875584,1296068607,3621,0.643733,496,1338,45-17,14-59,55-11,91,73,20,16,105,89,0,0,1,91,1,91,173,1,91,82,1,button,1,91,91,0,27,0,1.0000,1644,0.017922,-1,-1,button,1,91,91,0,27,0,1.0000,1644,0.074093,,-1,button,1,91,91,0,27,0,1.0000,1644,0.113827,-1,,button,1,91,91,0,27,0,1.0000,1644,9.880314,-1,-1,91,0,0,0,0.4,risk_path,4,Bot1|Bot2|Bot3|Bot4,,1,0
479,0.60,75,440,1145681825,3225904011,3615,0.642667,492,1333,39-32,63-60,60-51,54,52,42,40,14,12,1,0,1,54,0,,28,0,,,0,walked_into_fire,0,30,30,0,-1,24,0.5556,,0.001302,26,26,fire_reached_bot,0,45,28,17,-16,32,0.4074,,0.099731,,-1,fire_reached_bot,0,45,28,17,-16,32,0.4074,,0.190981,-1,,fire_reached_bot,0,45,28,17,-16,32,0.4074,,4.031221,-1,-1,45,0,28,17,,no_path,0,,Bot1|Bot2|Bot3|Bot4,0,1
480,0.60,75,440,348230519,1372939948,3638,0.646756,505,1386,59-43,51-1,23-1,54,50,82,78,52,28,1,0,1,54,0,,79,1,54,25,1,button,1,54,54,0,24,0,1.0000,513,0.002831,-1,-1,button,1,54,54,0,24,0,1.0000,513,0.009302,,-1,button,1,54,54,0,24,0,1.0000,513,0.012233,-1,,button,1,54,54,0,24,0,1.0000,513,4.300629,-1,-1,54,0,0,0,0.4,risk_path,4,Bot1|Bot2|Bot3|Bot4,,1,0
481,0.60,75,440,1613761028,1186564994,3628,0.644978,490,1360,42-69,73-38,64-51,70,62,44,40,32,22,1,0,1,70,0,,55,0,,,0,fire_reached_bot,0,27,27,0,0,43,0.3857,235,0.001638,22,21,fire_reached_bot,0,56,50,6,0,48,0.3143,,0.050532,,21,fire_reached_bot,0,56,50,6,0,46,0.3429,,0.072793,21,,fire_reached_bot,0,56,50,6,0,48,0.3143,,7.523489,-1,21,56,0,50,6,,no_path,0,,Bot1|Bot2|Bot3|Bot4,0,1
482,0.60,75,440,2244013405,2091786480,3633,0.645867,501,1376,17-42,31-61,59-17,39,33,75,67,92,72,0,0,1,39,1,39,141,1,39,102,1,button,1,39,39,0,102,0,1.0000,463,0.002152,-1,-1,button,1,39,39,0,102,0,1.0000,463,0.006676,,-1,button,1,39,39,0,102,0,1.0000,463,0.009541,-1,,button,1,39,39,0,102,0,1.0000,463,2.302523,10,10,39,0,0,0,0.4,risk_path,4,Bot1|Bot2|Bot3|Bot4,,1,0
483,0.60,75,440,944778932,1478825027,3640,0.647111,504,1358,32-47,39-21,6-61,37,33,54,40,91,73,0,0,1,37,1,37,139,1,37,102,1,button,1,37,37,0,82,0,1.0000,213,0.000929,-1,-1,button,1,37,37,0,82,0,1.0000,213,0.002753,,-1,button,1,37,37,0,82,0,1.0000,213,0.003930,-1,,button,1,37,37,0,82,0,1.0000,213,2.198197,7,7,37,0,0,0,0.4,risk_path,4,Bot1|Bot2|Bot3|Bot4,,1,0
484,0.60,75,440,575576,2379172882,3653,0.649422,507,1391,49-28,31-22,13-1,24,24,65,63,41,39,0,0,1,24,1,24,60,1,24,36,1,button,1,24,24,0,36,0,1.0000,63,0.000285,-1,-1,button,1,24,24,0,36,0,1.0000,63,0.001133,,-1,button,1,24,24,0,36,0,1.0000,63,0.001736,-1,,button,1,24,24,0,36,0,1.0000,63,1.004142,-1,-1,24,0,0,0,0.4,risk_path,4,Bot1|Bot2|Bot3|Bot4,,1,0
485,0.60,75,440,2872471504,826922753,3634,0.646044,499,1374,45-66,31-68,39-51,22,16,25,21,29,25,0,0,1,22,1,22,39,1,22,17,1,button,1,22,22,0,17,0,1.0000,144,0.000529,-1,-1,button,1,22,22,0,17,0,1.0000,144,0.001273,,-1,button,1,22,22,0,17,0,1.0000,144,0.001699,-1,,button,1,22,22,0,17,0,1.0000,144,0.859317,1,1,22,0,0,0,0.4,risk_path,4,Bot1|Bot2|Bot3|Bot4,,1,0
486,0.60,75,440,2028298929,2150041132,3626,0.644622,502,1364,44-42,46-42,65-27,8,2,42,36,36,34,0,0,1,8,1,8,61,1,8,53,1,button,1,8,8,0,53,0,1.0000,17,0.000102,-1,-1,button,1,8,8,0,53,0,1.0000,17,0.000198,,-1,button,1,8,8,0,53,0,1.0000,17,0.000286,-1,,button,1,8,8,0,53,0,1.0000,17,0.206593,-1,-1,8,0,0,0,0.4,risk_path,4,Bot1|Bot2|Bot3|Bot4,,1,0
487,0.60,75,440,2834803892,1468566193,3640,0.647111,512,1367,16-6,32-47,25-59,69,57,88,62,23,19,1,0,1,69,0,,33,0,,,0,fire_reached_bot,0,55,55,0,-21,14,0.7971,,0.003056,34,34,fire_reached_bot,0,81,33,48,-47,36,0.4783,,0.205719,,-1,fire_reached_bot,0,81,33,48,-47,36,0.4783,,0.444136,-1,,fire_reached_bot,0,81,33,48,-47,36,0.4783,,6.053549,-1,-1,81,0,33,48,,no_path,0,,Bot1|Bot2|Bot3|Bot4,0,1
488,0.60,75,440,1595770306,3510375444,3647,0.648356,509,1358,34-49,38-18,27-62,53,35,40,20,81,55,0,0,1,53,1,53,123,1,53,70,1,button,1,53,53,0,60,0,1.0000,607,0.003683,-1,-1,button,1,53,53,0,60,0,1.0000,607,0.011759,,-1,button,1,53,53,0,60,0,1.0000,607,0.015909,-1,,button,1,53,53,0,60,0,1.0000,607,4.502127,4,4,53,0,0,0,0.4,risk_path,4,Bot1|Bot2|Bot3|Bot4,,1,0
489,0.60,75,440,4171940784,3372629387,3636,0.646400,499,1366,69-26,7-39,72-72,87,75,81,49,106,98,0,0,1,87,1,87,158,1,87,71,1,button,1,87,87,0,55,0,1.0000,697,0.006825,-1,-1,button,1,87,87,0,55,0,1.0000,697,0.038424,,-1,button,1,87,87,0,55,0,1.0000,697,0.047362,-1,,button,1,87,87,0,62,0,1.0000,697,11.801373,24,24,87,0,0,0,0.4,risk_path,4,Bot1|Bot2|Bot3|Bot4,,1,0
490,0.60,75,440,3646037766,3925754981,3637,0.646578,497,1370,8-53,48-10,13-11,87,83,61,47,62,36,1,0,1,87,0,,107,1,87,20,1,button,1,87,87,0,6,0,1.0000,1245,0.010754,-1,-1,button,1,87,87,0,6,0,1.0000,1245,0.041671,,-1,button,1,87,87,0,6,0,1.0000,1245,0.053934,-1,,button,1,87,87,0,6,0,1.0000,1245,11.779252,26,26,87,8,24,0,0.99,risk_path,4,Bot1|Bot2|Bot3|Bot4,,1,0
491,0.60,75,440,1715550879,3700416209,3644,0.647822,514,1416,15-65,62-11,56-66,107,101,64,42,87,61,1,0,1,107,0,,138,1,107,31,1,button,1,107,107,0,10,0,1.0000,2055,0.027277,-1,-1,button,1,107,107,0,10,0,1.0000,2055,0.090829,,-1,button,1,107,107,0,10,0,1.0000,2055,0.120854,-1,,button,1,107,107,0,10,0,1.0000,2055,13.503139,14,14,107,11,12,0,0.99,risk_path,4,Bot1|Bot2|Bot3|Bot4,,1,0
492,0.60,75,440,1948605556,4065344269,3640,0.647111,507,1371,51-69,52-25,18-50,63,45,52,52,61,59,1,0,1,63,0,,100,1,63,37,1,button,1,63,63,0,30,0,1.0000,1411,0.009744,-1,-1,button,1,63,63,0,30,0,1.0000,1411,0.025605,,-1,button,1,63,63,0,30,0,1.0000,1411,0.033898,-1,,button,1,63,63,0,30,0,1.0000,1411,5.480015,13,13,63,0,0,0,0.4,risk_path,4,Bot1|Bot2|Bot3|Bot4,,1,0
493,0.60,75,440,627320740,1943041704,3628,0.644978,504,1383,15-31,53-41,42-35,54,48,37,31,17,17,1,1,1,58,0,,26,0,,,0,walked_into_fire,0,24,24,0,-2,30,0.4444,158,0.001235,23,21,fire_reached_bot,0,30,26,4,-3,36,0.3333,,0.032961,,21,fire_reached_bot,0,34,26,8,-7,36,0.3333,,0.099815,21,,fire_reached_bot,0,30,26,4,-3,36,0.3333,,4.194992,-1,21,30,0,26,4,,no_path,0,,Bot1|Bot2|Bot3|Bot4,0,1
494,0.60,75,440,3909912075,2078630651,3651,0.649067,498,1390,32-62,42-47,11-0,29,25,101,83,82,78,0,0,1,29,1,29,110,1,29,81,1,button,1,29,29,0,81,0,1.0000,150,0.000679,-1,-1,button,1,29,29,0,81,0,1.0000,150,0.001737,,-1,button,1,29,29,0,81,0,1.0000,150,0.002248,-1,,button,1,29,29,0,81,0,1.0000,150,1.491151,-1,-1,29,0,0,0,0.4,risk_path,4,Bot1|Bot2|Bot3|Bot4,,1,0
495,0.60,75,440,1510466362,86062878,3646,0.648178,503,1410,1-6,28-20,9-50,43,41,82,52,65,49,0,0,1,43,1,43,98,1,43,55,1,button,1,43,43,0,55,0,1.0000,302,0.001594,-1,-1,button,1,43,43,0,55,0,1.0000,302,0.005358,,-1,button,1,43,43,0,55,0,1.0000,302,0.007562,-1,,button,1,43,43,0,55,0,1.0000,302,3.308600,24,24,43,0,0,0,0.4,risk_path,4,Bot1|Bot2|Bot3|Bot4,,1,0
496,0.60,75,440,1673293873,26139537,3663,0.651200,514,1389,47-11,12-26,34-36,62,50,44,38,46,32,1,0,1,62,0,,67,1,62,5,1,button,1,62,62,0,5,0,1.0000,1399,0.008692,-1,-1,button,1,62,62,0,5,0,1.0000,1399,0.028182,,-1,button,1,62,62,0,5,0,1.0000,1399,0.036170,-1,,button,1,62,62,0,5,0,1.0000,1399,6.001492,-1,-1,62,18,26,0,0.99,risk_path,4,Bot1|Bot2|Bot3|Bot4,,1,0
497,0.60,75,440,475465390,3774680164,3640,0.647111,505,1390,35-60,0-27,45-26,72,68,48,44,60,46,1,0,1,72,0,,84,1,72,12,1,button,1,72,72,0,7,0,1.0000,1889,0.013440,-1,-1,button,1,72,72,0,7,0,1.0000,1889,0.027880,,-1,button,1,72,72,0,7,0,1.0000,1889,0.044110,-1,,button,1,72,72,0,7,0,1.0000,1889,7.154949,-1,-1,72,10,0,0,0.99,risk_path,4,Bot1|Bot2|Bot3|Bot4,,1,0
498,0.60,75,440,662792833,1871343044,3645,0.648000,508,1402,32-8,35-37,6-34,48,32,60,52,40,32,1,0,1,48,0,,66,1,48,18,1,button,1,48,48,0,17,0,1.0000,450,0.002561,-1,-1,button,1,48,48,0,17,0,1.0000,450,0.011381,,-1,button,1,48,48,0,17,0,1.0000,450,0.014881,-1,,button,1,48,48,0,17,0,1.0000,450,3.797087,39,39,48,2,0,0,0.6,risk_path,4,Bot1|Bot2|Bot3|Bot4,,1,0
499,0.60,75,440,2014376753,1909772166,3652,0.649244,495,1363,33-38,36-40,60-38,5,5,57,27,54,26,0,0,1,5,1,5,97,1,5,92,1,button,1,5,5,0,92,0,1.0000,7,0.000060,-1,-1,button,1,5,5,0,92,0,1.0000,7,0.000089,,-1,button,1,5,5,0,92,0,1.0000,7,0.000080,-1,,button,1,5,5,0,92,0,1.0000,7,0.101983,-1,-1,5,0,0,0,0.4,risk_path,4,Bot1|Bot2|Bot3|Bot4,,1,0
