scenario_id,q,grid_size,seed,layout_seed,fire_seed,open_cells,open_fraction,dead_ends,junctions,start,button,fire_start,start_button_dist,start_button_manhattan,start_fire_dist,start_fire_manhattan,button_fire_dist,button_fire_manhattan,fire_closer_to_button,fire_start_on_shortest_path,path_exists_avoiding_fire_start,bot1_path_len,guaranteed_win,guaranteed_win_route_len,fire_button_time,oracle_win,oracle_route_len,oracle_margin,bot1_predicted_win,Bot1_result,Bot1_success,Bot1_steps,Bot1_moves,Bot1_waits,Bot1_min_slack,Bot1_final_dist_to_button,Bot1_progress_to_button,Bot1_fire_cells_at_end,Bot1_trial_seconds,Bot1_diverges_from_Bot2,Bot1_diverges_from_Bot3,Bot2_result,Bot2_success,Bot2_steps,Bot2_moves,Bot2_waits,Bot2_min_slack,Bot2_final_dist_to_button,Bot2_progress_to_button,Bot2_fire_cells_at_end,Bot2_trial_seconds,Bot2_diverges_from_Bot2,Bot2_diverges_from_Bot3,Bot3_result,Bot3_success,Bot3_steps,Bot3_moves,Bot3_waits,Bot3_min_slack,Bot3_final_dist_to_button,Bot3_progress_to_button,Bot3_fire_cells_at_end,Bot3_trial_seconds,Bot3_diverges_from_Bot2,Bot3_diverges_from_Bot3,Bot4_result,Bot4_success,Bot4_steps,Bot4_moves,Bot4_waits,Bot4_min_slack,Bot4_final_dist_to_button,Bot4_progress_to_button,Bot4_fire_cells_at_end,Bot4_trial_seconds,Bot4_diverges_from_Bot2,Bot4_diverges_from_Bot3,Bot4_plan_count,Bot4_relaxed_count,Bot4_fallback_count,Bot4_no_path_count,Bot4_max_active_threshold,Bot4_final_strategy,n_bots_succeeded,succeeded_bots,failed_bots,all_bots_succeeded,all_bots_failed
0,0.35,75,440,1268951711,594470288,3627,0.644800,505,1370,17-28,16-61,4-73,52,34,68,58,26,24,1,0,1,52,0,,76,1,52,24,1,button,1,52,52,0,24,0,1.0000,133,0.002476,-1,-1,button,1,52,52,0,24,0,1.0000,133,0.009116,,-1,button,1,52,52,0,24,0,1.0000,133,0.010863,-1,,button,1,52,52,0,24,0,1.0000,133,6.244805,-1,-1,52,13,4,0,0.99,risk_path,4,Bot1|Bot2|Bot3|Bot4,,1,0
1,0.35,75,440,2520073151,427107123,3637,0.646578,501,1318,1-73,6-66,34-48,14,12,72,58,60,46,0,0,1,14,1,14,165,1,14,151,1,button,1,14,14,0,148,0,1.0000,11,0.000228,-1,-1,button,1,14,14,0,148,0,1.0000,11,0.000360,,-1,button,1,14,14,0,148,0,1.0000,11,0.000432,-1,,button,1,14,14,0,151,0,1.0000,11,0.431982,12,12,14,0,0,0,0.4,risk_path,4,Bot1|Bot2|Bot3|Bot4,,1,0
2,0.35,75,440,1257125778,1539091741,3644,0.647822,495,1360,33-34,5-11,72-13,55,51,74,60,93,69,0,0,1,55,1,55,239,1,55,184,1,button,1,55,55,0,149,0,1.0000,253,0.003547,-1,-1,button,1,55,55,0,149,0,1.0000,253,0.009777,,-1,button,1,55,55,0,149,0,1.0000,253,0.011735,-1,,button,1,55,55,0,149,0,1.0000,253,5.655148,-1,-1,55,0,0,0,0.4,risk_path,4,Bot1|Bot2|Bot3|Bot4,,1,0
3,0.35,75,440,3219619760,4192021694,3647,0.648356,513,1356,57-62,26-5,53-47,110,88,43,19,75,69,1,0,1,110,0,,172,1,114,58,0,walked_into_fire,0,50,50,0,-3,60,0.4545,176,0.004534,47,47,button,1,118,118,0,2,0,1.0000,1718,0.083873,,62,fire_reached_bot,0,65,65,0,0,57,0.4818,416,0.073866,62,,button,1,116,116,0,16,0,1.0000,1642,20.298821,28,28,116,8,5,0,0.99,risk_path,2,Bot2|Bot4,Bot1|Bot3,0,0
4,0.35,75,440,4248281429,536808686,3633,0.645867,506,1351,44-73,59-42,40-8,54,46,87,69,57,53,0,0,1,54,1,54,138,1,54,84,1,button,1,54,54,0,82,0,1.0000,278,0.004125,-1,-1,button,1,54,54,0,82,0,1.0000,278,0.008973,,-1,button,1,54,54,0,82,0,1.0000,278,0.013596,-1,,button,1,54,54,0,82,0,1.0000,278,5.865306,10,10,54,0,0,0,0.4,risk_path,4,Bot1|Bot2|Bot3|Bot4,,1,0
5,0.35,75,440,3037363144,91013559,3636,0.646400,501,1364,0-7,1-17,69-60,65,11,124,122,117,111,0,0,1,65,1,65,263,1,65,198,1,button,1,65,65,0,174,0,1.0000,419,0.006701,-1,-1,button,1,65,65,0,174,0,1.0000,419,0.020953,,-1,button,1,65,65,0,174,0,1.0000,419,0.032587,-1,,button,1,65,65,0,174,0,1.0000,419,7.792514,-1,-1,65,0,0,0,0.4,risk_path,4,Bot1|Bot2|Bot3|Bot4,,1,0
6,0.35,75,440,1074636703,574306319,3647,0.648356,496,1322,54-62,27-69,48-74,44,34,18,18,28,26,1,0,1,44,0,,75,1,44,31,1,button,1,44,44,0,8,0,1.0000,94,0.001408,-1,-1,button,1,44,44,0,8,0,1.0000,94,0.004833,,-1,button,1,44,44,0,8,0,1.0000,94,0.005337,-1,,button,1,44,44,0,8,0,1.0000,94,3.591247,-1,-1,44,11,3,0,0.99,risk_path,4,Bot1|Bot2|Bot3|Bot4,,1,0
7,0.35,75,440,1849467998,3035649632,3658,0.650311,499,1404,22-44,18-46,73-3,6,6,92,92,98,98,0,0,1,6,1,6,195,1,6,189,1,button,1,6,6,0,171,0,1.0000,15,0.000130,-1,-1,button,1,6,6,0,171,0,1.0000,15,0.000090,,-1,button,1,6,6,0,171,0,1.0000,15,0.000124,-1,,button,1,6,6,0,171,0,1.0000,15,0.131054,-1,-1,6,0,0,0,0.4,risk_path,4,Bot1|Bot2|Bot3|Bot4,,1,0
8,0.35,75,440,2909181240,3215246687,3620,0.643556,506,1362,12-1,70-49,6-29,106,106,62,34,92,84,1,0,1,106,0,,216,1,106,110,1,button,1,106,106,0,55,0,1.0000,810,0.011389,-1,-1,button,1,106,106,0,55,0,1.0000,810,0.032289,,-1,button,1,106,106,0,55,0,1.0000,810,0.049730,-1,,button,1,106,106,0,65,0,1.0000,810,16.062774,8,8,106,0,0,0,0.4,risk_path,4,Bot1|Bot2|Bot3|Bot4,,1,0
9,0.35,75,440,3923003300,2956249458,3664,0.651378,525,1435,41-54,51-65,1-72,21,21,64,58,71,57,0,0,1,21,1,21,182,1,21,161,1,button,1,21,21,0,140,0,1.0000,49,0.000313,-1,-1,button,1,21,21,0,140,0,1.0000,49,0.000852,,-1,button,1,21,21,0,140,0,1.0000,49,0.001035,-1,,button,1,21,21,0,143,0,1.0000,49,0.796451,7,7,21,0,0,0,0.4,risk_path,4,Bot1|Bot2|Bot3|Bot4,,1,0
10,0.35,75,440,4156351459,864755998,3658,0.650311,493,1376,2-7,26-2,45-26,33,29,64,62,47,43,0,0,1,33,1,33,105,1,33,72,1,button,1,33,33,0,64,0,1.0000,105,0.000648,-1,-1,button,1,33,33,0,64,0,1.0000,105,0.002624,,-1,button,1,33,33,0,64,0,1.0000,105,0.003238,-1,,button,1,33,33,0,64,0,1.0000,105,1.850385,28,28,33,0,0,0,0.4,risk_path,4,Bot1|Bot2|Bot3|Bot4,,1,0
11,0.35,75,440,1031185214,4103681230,3664,0.651378,508,1398,69-16,41-61,63-36,77,73,28,26,51,47,1,0,1,77,0,,129,1,79,50,0,fire_reached_bot,0,20,20,0,0,57,0.2597,58,0.001305,12,11,button,1,79,79,0,4,0,1.0000,558,0.025383,,11,button,1,79,79,0,4,0,1.0000,558,0.035502,11,,button,1,85,85,0,26,0,1.0000,653,11.413259,3,3,85,8,3,0,0.99,risk_path,3,Bot2|Bot3|Bot4,Bot1,0,0
12,0.35,75,440,2377238433,762642544,3645,0.648000,497,1380,5-25,25-21,70-55,52,24,109,95,85,79,0,0,1,52,1,52,194,1,52,142,1,button,1,52,52,0,122,0,1.0000,201,0.001962,-1,-1,button,1,52,52,0,122,0,1.0000,201,0.010894,,-1,button,1,52,52,0,122,0,1.0000,201,0.013344,-1,,button,1,52,52,0,122,0,1.0000,201,4.428097,-1,-1,52,0,0,0,0.4,risk_path,4,Bot1|Bot2|Bot3|Bot4,,1,0
13,0.35,75,440,942222858,1891687492,3628,0.644978,514,1353,17-65,38-60,0-9,40,26,103,73,93,89,0,0,1,40,1,40,237,1,40,197,1,button,1,40,40,0,197,0,1.0000,87,0.000818,-1,-1,button,1,40,40,0,197,0,1.0000,87,0.003829,,-1,button,1,40,40,0,197,0,1.0000,87,0.005127,-1,,button,1,40,40,0,197,0,1.0000,87,2.785751,25,25,40,0,0,0,0.4,risk_path,4,Bot1|Bot2|Bot3|Bot4,,1,0
14,0.35,75,440,1794572316,2153723049,3632,0.645689,513,1338,29-67,13-50,1-15,37,33,80,80,47,47,0,0,1,37,1,37,110,1,37,73,1,button,1,37,37,0,73,0,1.0000,138,0.000967,-1,-1,button,1,37,37,0,73,0,1.0000,138,0.003857,,-1,button,1,37,37,0,73,0,1.0000,138,0.004826,-1,,button,1,37,37,0,73,0,1.0000,138,2.255795,-1,-1,37,0,0,0,0.4,risk_path,4,Bot1|Bot2|Bot3|Bot4,,1,0
15,0.35,75,440,2441200447,3899617149,3635,0.646222,492,1390,6-57,27-10,39-18,76,68,74,72,22,20,1,0,1,76,0,,47,0,,,0,walked_into_fire,0,56,56,0,-8,20,0.7368,,0.003914,47,44,fire_reached_bot,0,78,47,31,-30,31,0.5921,,0.189549,,44,fire_reached_bot,0,85,47,38,-37,33,0.5658,,0.405103,44,,fire_reached_bot,0,78,47,31,-30,31,0.5921,,9.528817,-1,44,78,0,47,31,,no_path,0,,Bot1|Bot2|Bot3|Bot4,0,1
16,0.35,75,440,1409741764,2153672354,3659,0.650489,494,1408,10-46,25-53,31-39,26,22,36,28,22,20,1,0,1,26,0,,55,1,26,29,1,button,1,26,26,0,23,0,1.0000,88,0.000460,-1,-1,button,1,26,26,0,23,0,1.0000,88,0.002029,,-1,button,1,26,26,0,23,0,1.0000,88,0.002266,-1,,button,1,26,26,0,26,0,1.0000,88,1.202024,8,8,26,0,0,0,0.4,risk_path,4,Bot1|Bot2|Bot3|Bot4,,1,0
17,0.35,75,440,4196951117,430857384,3656,0.649956,505,1381,14-41,64-28,8-72,71,63,55,37,102,100,0,0,1,71,1,71,257,1,71,186,1,button,1,71,71,0,115,0,1.0000,311,0.003380,-1,-1,button,1,71,71,0,115,0,1.0000,311,0.020204,,-1,button,1,71,71,0,115,0,1.0000,311,0.020010,-1,,button,1,71,71,0,115,0,1.0000,311,9.413675,24,24,71,0,0,0,0.4,risk_path,4,Bot1|Bot2|Bot3|Bot4,,1,0
18,0.35,75,440,4233149764,1616157659,3637,0.646578,497,1393,11-0,16-18,0-66,29,23,99,77,86,64,0,0,1,29,1,29,229,1,29,200,1,button,1,29,29,0,192,0,1.0000,11,0.000366,-1,-1,button,1,29,29,0,192,0,1.0000,11,0.001853,,-1,button,1,29,29,0,192,0,1.0000,11,0.002415,-1,,button,1,29,29,0,192,0,1.0000,11,1.684140,-1,-1,29,0,0,0,0.4,risk_path,4,Bot1|Bot2|Bot3|Bot4,,1,0
19,0.35,75,440,4064511795,2171928469,3659,0.650489,507,1409,57-65,50-20,26-74,72,52,56,40,90,78,0,0,1,72,1,72,251,1,72,179,1,button,1,72,72,0,121,0,1.0000,212,0.002866,-1,-1,button,1,72,72,0,121,0,1.0000,212,0.028378,,-1,button,1,72,72,0,121,0,1.0000,212,0.024658,-1,,button,1,72,72,0,121,0,1.0000,212,9.983512,54,54,72,0,0,0,0.4,risk_path,4,Bot1|Bot2|Bot3|Bot4,,1,0
20,0.35,75,440,1699899743,2977238066,3632,0.645689,499,1358,65-61,56-62,5-33,12,10,94,88,84,80,0,0,1,12,1,12,206,1,12,194,1,button,1,12,12,0,191,0,1.0000,19,0.000134,-1,-1,button,1,12,12,0,191,0,1.0000,19,0.000333,,-1,button,1,12,12,0,191,0,1.0000,19,0.000318,-1,,button,1,12,12,0,191,0,1.0000,19,0.454364,-1,-1,12,0,0,0,0.4,risk_path,4,Bot1|Bot2|Bot3|Bot4,,1,0
21,0.35,75,440,2732194428,1130965774,3628,0.644978,500,1341,59-18,44-33,32-32,42,30,53,41,17,13,1,0,1,42,0,,35,0,,,0,walked_into_fire,0,41,41,0,-5,1,0.9762,,0.001790,36,36,fire_reached_bot,0,56,35,21,-20,7,0.8333,,0.126981,,-1,fire_reached_bot,0,56,35,21,-20,7,0.8333,,0.242271,-1,,fire_reached_bot,0,56,35,21,-20,7,0.8333,,5.525768,-1,-1,56,0,35,21,,no_path,0,,Bot1|Bot2|Bot3|Bot4,0,1
22,0.35,75,440,2997683836,1911204995,3630,0.645333,512,1370,1-26,1-47,5-0,43,21,52,30,83,51,0,0,1,43,1,43,203,1,43,160,1,button,1,43,43,0,120,0,1.0000,102,0.001080,-1,-1,button,1,43,43,0,120,0,1.0000,102,0.006049,,-1,button,1,43,43,0,120,0,1.0000,102,0.006543,-1,,button,1,43,43,0,120,0,1.0000,102,4.742477,-1,-1,43,0,0,0,0.4,risk_path,4,Bot1|Bot2|Bot3|Bot4,,1,0
23,0.35,75,440,1097742752,1414824977,3616,0.642844,520,1378,33-68,31-51,41-66,27,19,28,10,31,25,0,0,1,27,1,27,92,1,27,65,1,button,1,27,27,0,47,0,1.0000,75,0.000661,-1,-1,button,1,27,27,0,47,0,1.0000,75,0.001446,,-1,button,1,27,27,0,47,0,1.0000,75,0.002257,-1,,button,1,27,27,0,47,0,1.0000,75,1.965614,15,15,27,0,0,0,0.4,risk_path,4,Bot1|Bot2|Bot3|Bot4,,1,0
24,0.35,75,440,1337507337,2865046632,3623,0.644089,507,1335,32-73,70-9,19-6,112,102,98,80,76,54,1,0,1,112,0,,248,1,112,136,1,button,1,112,112,0,96,0,1.0000,658,0.014393,-1,-1,button,1,112,112,0,96,0,1.0000,658,0.095056,,-1,button,1,112,112,0,96,0,1.0000,658,0.113704,-1,,button,1,112,112,0,96,0,1.0000,658,25.769527,37,37,112,4,0,0,0.8,risk_path,4,Bot1|Bot2|Bot3|Bot4,,1,0
25,0.35,75,440,2498745009,4169581797,3635,0.646222,494,1385,46-65,45-48,5-39,32,18,69,67,59,49,0,0,1,32,1,32,146,1,32,114,1,button,1,32,32,0,108,0,1.0000,152,0.001417,-1,-1,button,1,32,32,0,108,0,1.0000,152,0.003585,,-1,button,1,32,32,0,108,0,1.0000,152,0.004080,-1,,button,1,32,32,0,110,0,1.0000,152,2.460955,27,27,32,0,0,0,0.4,risk_path,4,Bot1|Bot2|Bot3|Bot4,,1,0
26,0.35,75,440,702485085,3014187463,3632,0.645689,514,1384,50-33,57-15,62-49,27,25,30,28,49,39,0,0,1,27,1,27,121,1,27,94,1,button,1,27,27,0,65,0,1.0000,58,0.000667,-1,-1,button,1,27,27,0,65,0,1.0000,58,0.001832,,-1,button,1,27,27,0,65,0,1.0000,58,0.001831,-1,,button,1,27,27,0,65,0,1.0000,58,1.786622,9,9,27,0,0,0,0.4,risk_path,4,Bot1|Bot2|Bot3|Bot4,,1,0
27,0.35,75,440,643282798,4265031986,3649,0.648711,511,1394,1-17,44-11,69-37,79,49,110,88,53,51,1,0,1,79,0,,133,1,79,54,1,button,1,79,79,0,54,0,1.0000,504,0.005284,-1,-1,button,1,79,79,0,54,0,1.0000,504,0.033517,,-1,button,1,79,79,0,54,0,1.0000,504,0.034263,-1,,button,1,79,79,0,54,0,1.0000,504,14.421644,5,5,79,0,0,0,0.4,risk_path,4,Bot1|Bot2|Bot3|Bot4,,1,0
28,0.35,75,440,1804062868,1517241965,3645,0.648000,508,1398,11-0,21-47,20-45,67,57,66,54,3,3,1,0,1,67,0,,6,0,,,0,walked_into_fire,0,48,48,0,-41,19,0.7164,,0.003783,7,7,fire_reached_bot,0,145,6,139,-138,61,0.0896,,0.518645,,-1,fire_reached_bot,0,145,6,139,-138,61,0.0896,,1.147494,-1,,fire_reached_bot,0,145,6,139,-138,61,0.0896,,2.467245,-1,-1,145,0,6,139,,no_path,0,,Bot1|Bot2|Bot3|Bot4,0,1
29,0.35,75,440,566956298,2924771251,3644,0.647822,501,1370,50-7,18-23,45-30,52,48,40,28,40,34,1,0,1,52,0,,107,1,52,55,1,button,1,52,52,0,36,0,1.0000,306,0.002851,-1,-1,button,1,52,52,0,36,0,1.0000,306,0.008203,,-1,button,1,52,52,0,36,0,1.0000,306,0.011740,-1,,button,1,52,52,0,36,0,1.0000,306,6.193155,-1,-1,52,0,0,0,0.4,risk_path,4,Bot1|Bot2|Bot3|Bot4,,1,0
30,0.35,75,440,2308806563,965244565,3657,0.650133,511,1407,30-30,52-69,10-51,77,61,45,41,68,60,1,0,1,77,0,,156,1,77,79,1,button,1,77,77,0,49,0,1.0000,577,0.009191,-1,-1,button,1,77,77,0,49,0,1.0000,577,0.037946,,-1,button,1,77,77,0,49,0,1.0000,577,0.048868,-1,,button,1,77,77,0,49,0,1.0000,577,13.387187,18,18,77,0,0,0,0.4,risk_path,4,Bot1|Bot2|Bot3|Bot4,,1,0
31,0.35,75,440,462864162,1041021291,3639,0.646933,509,1365,21-23,18-74,12-3,78,54,35,29,107,77,0,0,1,78,1,78,226,1,78,148,1,button,1,78,78,0,76,0,1.0000,430,0.007393,-1,-1,button,1,78,78,0,76,0,1.0000,430,0.025838,,-1,button,1,78,78,0,76,0,1.0000,430,0.040095,-1,,button,1,78,78,0,76,0,1.0000,430,14.115301,-1,-1,78,0,0,0,0.4,risk_path,4,Bot1|Bot2|Bot3|Bot4,,1,0
32,0.35,75,440,1155299482,2171726374,3641,0.647289,493,1387,25-45,7-61,54-71,34,34,61,55,61,57,0,0,1,34,1,34,140,1,34,106,1,button,1,34,34,0,89,0,1.0000,166,0.001636,-1,-1,button,1,34,34,0,89,0,1.0000,166,0.002230,,-1,button,1,34,34,0,89,0,1.0000,166,0.004744,-1,,button,1,34,34,0,89,0,1.0000,166,2.803086,-1,-1,34,0,0,0,0.4,risk_path,4,Bot1|Bot2|Bot3|Bot4,,1,0
33,0.35,75,440,2179890998,1736700740,3656,0.649956,513,1434,34-4,10-2,6-32,38,26,62,56,50,34,0,0,1,38,1,38,134,1,38,96,1,button,1,38,38,0,80,0,1.0000,156,0.001516,-1,-1,button,1,38,38,0,80,0,1.0000,156,0.004441,,-1,button,1,38,38,0,80,0,1.0000,156,0.006971,-1,,button,1,38,38,0,80,0,1.0000,156,3.508209,-1,-1,38,0,0,0,0.4,risk_path,4,Bot1|Bot2|Bot3|Bot4,,1,0
34,0.35,75,440,1845197330,3869115511,3638,0.646756,501,1332,22-74,62-5,5-2,117,109,105,89,100,60,1,0,1,117,0,,309,1,117,192,1,button,1,117,117,0,92,0,1.0000,635,0.015483,-1,-1,button,1,117,117,0,92,0,1.0000,635,0.078580,,-1,button,1,117,117,0,92,0,1.0000,635,0.094098,-1,,button,1,117,117,0,92,0,1.0000,635,29.461691,25,25,117,0,0,0,0.4,risk_path,4,Bot1|Bot2|Bot3|Bot4,,1,0
35,0.35,75,440,2606653398,2211110660,3655,0.649778,520,1407,30-55,10-46,12-4,33,29,77,69,54,44,0,0,1,33,1,33,119,1,33,86,1,button,1,33,33,0,86,0,1.0000,168,0.001580,-1,-1,button,1,33,33,0,86,0,1.0000,168,0.002755,,-1,button,1,33,33,0,86,0,1.0000,168,0.004092,-1,,button,1,33,33,0,86,0,1.0000,168,2.670021,-1,-1,33,0,0,0,0.4,risk_path,4,Bot1|Bot2|Bot3|Bot4,,1,0
36,0.35,75,440,185924975,3982104193,3640,0.647111,501,1382,69-56,63-24,28-5,56,38,104,92,68,54,0,0,1,56,1,56,175,1,56,119,1,button,1,56,56,0,109,0,1.0000,146,0.002780,-1,-1,button,1,56,56,0,109,0,1.0000,146,0.015074,,-1,button,1,56,56,0,109,0,1.0000,146,0.017730,-1,,button,1,56,56,0,112,0,1.0000,146,7.273980,49,49,56,0,0,0,0.4,risk_path,4,Bot1|Bot2|Bot3|Bot4,,1,0
37,0.35,75,440,3568169848,3649924492,3650,0.648889,506,1389,70-37,57-65,26-62,57,41,93,69,66,34,0,0,1,57,1,57,192,1,57,135,1,button,1,57,57,0,135,0,1.0000,58,0.001883,-1,-1,button,1,57,57,0,135,0,1.0000,58,0.012684,,-1,button,1,57,57,0,135,0,1.0000,58,0.014379,-1,,button,1,57,57,0,135,0,1.0000,58,7.548337,-1,-1,57,0,0,0,0.4,risk_path,4,Bot1|Bot2|Bot3|Bot4,,1,0
38,0.35,75,440,3097759363,742922130,3644,0.647822,512,1377,53-33,58-19,16-17,25,19,57,53,64,44,0,0,1,25,1,25,177,1,25,152,1,button,1,25,25,0,141,0,1.0000,121,0.001036,-1,-1,button,1,25,25,0,141,0,1.0000,121,0.001696,,-1,button,1,25,25,0,141,0,1.0000,121,0.002296,-1,,button,1,25,25,0,141,0,1.0000,121,1.543102,11,11,25,0,0,0,0.4,risk_path,4,Bot1|Bot2|Bot3|Bot4,,1,0
39,0.35,75,440,3219368855,3088895621,3631,0.645511,504,1368,38-4,59-25,64-72,50,42,100,94,70,52,0,0,1,50,1,50,181,1,50,131,1,button,1,50,50,0,131,0,1.0000,158,0.002714,-1,-1,button,1,50,50,0,131,0,1.0000,158,0.011403,,-1,button,1,50,50,0,131,0,1.0000,158,0.012814,-1,,button,1,50,50,0,131,0,1.0000,158,5.924099,2,2,50,0,0,0,0.4,risk_path,4,Bot1|Bot2|Bot3|Bot4,,1,0
40,0.35,75,440,3029962385,3015429521,3622,0.643911,504,1322,30-34,46-20,61-2,32,30,67,63,43,33,0,0,1,32,1,32,86,1,32,54,1,button,1,32,32,0,54,0,1.0000,87,0.001054,-1,-1,button,1,32,32,0,54,0,1.0000,87,0.002726,,-1,button,1,32,32,0,54,0,1.0000,87,0.002697,-1,,button,1,32,32,0,54,0,1.0000,87,2.488760,13,13,32,0,0,0,0.4,risk_path,4,Bot1|Bot2|Bot3|Bot4,,1,0
41,0.35,75,440,4017667363,2471176468,3640,0.647111,508,1366,47-32,62-11,3-74,48,36,92,86,138,122,0,0,1,48,1,48,350,1,48,302,1,button,1,48,48,0,227,0,1.0000,54,0.001621,-1,-1,button,1,48,48,0,227,0,1.0000,54,0.009570,,-1,button,1,48,48,0,227,0,1.0000,54,0.009425,-1,,button,1,48,48,0,227,0,1.0000,54,6.081195,-1,-1,48,0,0,0,0.4,risk_path,4,Bot1|Bot2|Bot3|Bot4,,1,0
42,0.35,75,440,287415481,3615322627,3640,0.647111,512,1371,33-53,74-35,48-20,65,59,62,48,45,41,1,0,1,65,0,,117,1,65,52,1,button,1,65,65,0,24,0,1.0000,447,0.005984,-1,-1,button,1,65,65,0,24,0,1.0000,447,0.015500,,-1,button,1,65,65,0,24,0,1.0000,447,0.021966,-1,,button,1,65,65,0,24,0,1.0000,447,10.195144,14,14,65,0,0,0,0.4,risk_path,4,Bot1|Bot2|Bot3|Bot4,,1,0
43,0.35,75,440,3343635005,3613099639,3644,0.647822,513,1424,40-63,49-41,34-34,39,31,43,35,30,22,1,0,1,39,0,,97,1,39,58,1,button,1,39,39,0,44,0,1.0000,123,0.001541,-1,-1,button,1,39,39,0,44,0,1.0000,123,0.004466,,-1,button,1,39,39,0,44,0,1.0000,123,0.005085,-1,,button,1,39,39,0,44,0,1.0000,123,4.057768,1,1,39,0,0,0,0.4,risk_path,4,Bot1|Bot2|Bot3|Bot4,,1,0
44,0.35,75,440,2433726094,1705541714,3627,0.644800,494,1308,60-20,48-7,31-29,35,25,46,38,41,39,0,0,1,35,1,35,101,1,35,66,1,button,1,35,35,0,61,0,1.0000,146,0.001535,-1,-1,button,1,35,35,0,61,0,1.0000,146,0.003141,,-1,button,1,35,35,0,61,0,1.0000,146,0.004150,-1,,button,1,35,35,0,61,0,1.0000,146,3.174898,-1,-1,35,0,0,0,0.4,risk_path,4,Bot1|Bot2|Bot3|Bot4,,1,0
45,0.35,75,440,3245280877,583972034,3621,0.643733,504,1351,40-56,38-63,23-69,15,9,38,30,25,21,0,0,1,15,1,15,63,1,15,48,1,button,1,15,15,0,47,0,1.0000,12,0.000290,-1,-1,button,1,15,15,0,47,0,1.0000,12,0.000490,,-1,button,1,15,15,0,47,0,1.0000,12,0.000804,-1,,button,1,15,15,0,47,0,1.0000,12,0.626423,-1,-1,15,0,0,0,0.4,risk_path,4,Bot1|Bot2|Bot3|Bot4,,1,0
46,0.35,75,440,744039592,481665536,3664,0.651378,517,1383,42-67,5-61,36-15,65,43,76,58,87,77,0,0,1,65,1,65,214,1,65,149,1,button,1,65,65,0,129,0,1.0000,538,0.007595,-1,-1,button,1,65,65,0,129,0,1.0000,538,0.017221,,-1,button,1,65,65,0,129,0,1.0000,538,0.026514,-1,,button,1,65,65,0,129,0,1.0000,538,9.703758,-1,-1,65,0,0,0,0.4,risk_path,4,Bot1|Bot2|Bot3|Bot4,,1,0
47,0.35,75,440,1407365857,2116346229,3670,0.652444,517,1423,35-11,51-53,61-53,72,58,84,68,14,10,1,0,1,72,0,,39,0,,,0,walked_into_fire,0,59,59,0,-19,13,0.8194,,0.005492,36,36,fire_reached_bot,0,124,35,89,-84,37,0.4861,,0.447300,,-1,fire_reached_bot,0,124,35,89,-84,37,0.4861,,0.965907,-1,,fire_reached_bot,0,124,35,89,-84,37,0.4861,,11.241708,-1,-1,124,0,35,89,,no_path,0,,Bot1|Bot2|Bot3|Bot4,0,1
48,0.35,75,440,3906747135,3253557841,3652,0.649244,514,1378,38-31,19-45,43-34,35,33,8,8,37,35,0,0,1,35,1,35,107,1,35,72,1,button,1,35,35,0,24,0,1.0000,99,0.001219,-1,-1,button,1,35,35,0,24,0,1.0000,99,0.003425,,-1,button,1,35,35,0,24,0,1.0000,99,0.005029,-1,,button,1,35,35,0,24,0,1.0000,99,2.923782,-1,-1,35,0,0,0,0.4,risk_path,4,Bot1|Bot2|Bot3|Bot4,,1,0
49,0.35,75,440,568842183,2915534142,3635,0.646222,500,1368,31-65,44-71,44-59,47,19,31,19,16,12,1,1,1,101,0,,44,0,,,0,walked_into_fire,0,23,23,0,-3,24,0.4894,71,0.004724,13,13,fire_reached_bot,0,51,12,39,-6,35,0.2553,,0.222346,,-1,fire_reached_bot,0,51,12,39,-6,35,0.2553,,0.485967,-1,,fire_reached_bot,0,51,12,39,-6,35,0.2553,,4.923147,-1,-1,51,0,12,39,,no_path,0,,Bot1|Bot2|Bot3|Bot4,0,1
50,0.35,75,440,514431646,1809119261,3651,0.649067,517,1393,25-17,63-18,11-57,51,39,58,54,109,91,0,0,1,51,1,51,236,1,51,185,1,button,1,51,51,0,123,0,1.0000,150,0.002061,-1,-1,button,1,51,51,0,123,0,1.0000,150,0.007345,,-1,button,1,51,51,0,123,0,1.0000,150,0.008203,-1,,button,1,51,51,0,123,0,1.0000,150,6.009031,33,33,51,0,0,0,0.4,risk_path,4,Bot1|Bot2|Bot3|Bot4,,1,0
51,0.35,75,440,3235510554,1802600594,3623,0.644089,494,1355,2-10,68-24,9-57,110,80,66,54,94,92,1,0,1,110,0,,226,1,110,116,1,button,1,110,110,0,77,0,1.0000,932,0.019986,-1,-1,button,1,110,110,0,77,0,1.0000,932,0.114117,,-1,button,1,110,110,0,77,0,1.0000,932,0.163601,-1,,button,1,110,110,0,77,0,1.0000,932,24.142373,4,4,110,0,0,0,0.4,risk_path,4,Bot1|Bot2|Bot3|Bot4,,1,0
52,0.35,75,440,639085731,3543395183,3638,0.646756,515,1390,32-9,6-35,41-25,56,52,25,25,51,45,1,0,1,56,0,,103,1,56,47,1,button,1,56,56,0,32,0,1.0000,437,0.002748,-1,-1,button,1,56,56,0,32,0,1.0000,437,0.009633,,-1,button,1,56,56,0,32,0,1.0000,437,0.017492,-1,,button,1,56,56,0,32,0,1.0000,437,7.036532,-1,-1,56,0,0,0,0.4,risk_path,4,Bot1|Bot2|Bot3|Bot4,,1,0
53,0.35,75,440,4049135280,482899726,3625,0.644444,501,1359,43-44,33-34,49-33,36,20,23,17,25,17,1,0,1,36,0,,64,1,36,28,1,button,1,36,36,0,28,0,1.0000,111,0.000801,-1,-1,button,1,36,36,0,28,0,1.0000,111,0.002986,,-1,button,1,36,36,0,28,0,1.0000,111,0.004837,-1,,button,1,36,36,0,28,0,1.0000,111,3.201316,-1,-1,36,0,0,0,0.4,risk_path,4,Bot1|Bot2|Bot3|Bot4,,1,0
54,0.35,75,440,2561198562,2236996756,3645,0.648000,500,1328,20-62,0-59,47-37,29,23,58,52,79,69,0,0,1,29,1,29,199,1,29,170,1,button,1,29,29,0,121,0,1.0000,80,0.000592,-1,-1,button,1,29,29,0,121,0,1.0000,80,0.001722,,-1,button,1,29,29,0,121,0,1.0000,80,0.002578,-1,,button,1,29,29,0,121,0,1.0000,80,2.071343,-1,-1,29,0,0,0,0.4,risk_path,4,Bot1|Bot2|Bot3|Bot4,,1,0
55,0.35,75,440,2251065692,286865008,3616,0.642844,496,1335,58-63,9-0,53-16,120,112,64,52,62,60,1,0,1,120,0,,164,1,120,44,1,button,1,120,120,0,7,0,1.0000,1595,0.023453,-1,-1,button,1,120,120,0,7,0,1.0000,1595,0.063298,,-1,button,1,120,120,0,7,0,1.0000,1595,0.108470,-1,,button,1,120,120,0,7,0,1.0000,1595,27.887407,-1,-1,120,8,56,0,0.99,risk_path,4,Bot1|Bot2|Bot3|Bot4,,1,0
56,0.35,75,440,489761711,2230263378,3623,0.644089,501,1372,42-25,42-63,50-53,54,38,40,36,24,18,1,0,1,54,0,,47,0,,,0,walked_into_fire,0,31,31,0,-3,23,0.5741,148,0.001172,28,28,fire_reached_bot,0,85,47,38,-37,45,0.1667,,0.208926,,-1,fire_reached_bot,0,85,47,38,-37,45,0.1667,,0.445027,-1,,fire_reached_bot,0,85,47,38,-37,45,0.1667,,12.190550,-1,-1,85,0,47,38,,no_path,0,,Bot1|Bot2|Bot3|Bot4,0,1
57,0.35,75,440,3274284638,313157239,3626,0.644622,513,1371,46-14,73-22,58-60,39,35,62,58,59,53,0,0,1,39,1,39,131,1,39,92,1,button,1,39,39,0,68,0,1.0000,255,0.001434,-1,-1,button,1,39,39,0,68,0,1.0000,255,0.003760,,-1,button,1,39,39,0,68,0,1.0000,255,0.006166,-1,,button,1,39,39,0,68,0,1.0000,255,3.669754,8,8,39,0,0,0,0.4,risk_path,4,Bot1|Bot2|Bot3|Bot4,,1,0
58,0.35,75,440,3129249196,3379267321,3657,0.650133,513,1417,60-25,1-56,25-34,90,90,46,44,46,46,1,0,1,90,0,,147,1,96,51,0,walked_into_fire,0,48,48,0,-5,42,0.5333,249,0.002146,44,44,fire_reached_bot,0,58,58,0,0,38,0.5778,425,0.026065,,58,button,1,96,96,0,1,0,1.0000,1216,0.068253,58,,button,1,100,100,0,15,0,1.0000,1350,20.485178,49,49,100,12,42,0,0.99,risk_path,2,Bot3|Bot4,Bot1|Bot2,0,0
59,0.35,75,440,894121229,1668138513,3639,0.646933,508,1374,35-29,71-66,49-2,75,73,43,41,98,86,0,0,1,75,1,75,255,1,75,180,1,button,1,75,75,0,115,0,1.0000,386,0.003709,-1,-1,button,1,75,75,0,115,0,1.0000,386,0.022490,,-1,button,1,75,75,0,115,0,1.0000,386,0.035437,-1,,button,1,75,75,0,115,0,1.0000,386,12.604860,11,11,75,0,0,0,0.4,risk_path,4,Bot1|Bot2|Bot3|Bot4,,1,0
60,0.35,75,440,2937611675,2098551990,3661,0.650844,517,1463,74-51,28-50,7-34,75,47,98,84,43,37,1,0,1,75,0,,100,1,75,25,1,button,1,75,75,0,17,0,1.0000,590,0.005704,-1,-1,button,1,75,75,0,17,0,1.0000,590,0.038364,,-1,button,1,75,75,0,17,0,1.0000,590,0.056290,-1,,button,1,75,75,0,17,0,1.0000,590,13.528294,-1,-1,75,15,13,0,0.99,risk_path,4,Bot1|Bot2|Bot3|Bot4,,1,0
61,0.35,75,440,2158948882,4161325205,3649,0.648711,504,1375,55-43,55-56,72-7,43,13,55,53,98,66,0,0,1,43,1,43,247,1,43,204,1,button,1,43,43,0,134,0,1.0000,99,0.001507,-1,-1,button,1,43,43,0,134,0,1.0000,99,0.009240,,-1,button,1,43,43,0,134,0,1.0000,99,0.014055,-1,,button,1,43,43,0,134,0,1.0000,99,4.303447,-1,-1,43,0,0,0,0.4,risk_path,4,Bot1|Bot2|Bot3|Bot4,,1,0
62,0.35,75,440,3393563913,2253549308,3667,0.651911,508,1380,24-27,32-68,1-59,71,49,57,55,46,40,1,0,1,71,0,,143,1,71,72,1,button,1,71,71,0,36,0,1.0000,216,0.002732,-1,-1,button,1,71,71,0,36,0,1.0000,216,0.019574,,-1,button,1,71,71,0,36,0,1.0000,216,0.029455,-1,,button,1,71,71,0,36,0,1.0000,216,12.029495,41,41,71,7,0,0,0.99,risk_path,4,Bot1|Bot2|Bot3|Bot4,,1,0
63,0.35,75,440,3798218772,3326087650,3629,0.645156,502,1335,46-27,21-72,19-59,74,70,59,59,17,15,1,0,1,74,0,,37,0,,,0,walked_into_fire,0,42,42,0,-4,32,0.5676,,0.001818,31,31,fire_reached_bot,0,101,37,64,-63,51,0.3108,,0.333310,,-1,fire_reached_bot,0,101,37,64,-63,51,0.3108,,0.766487,-1,,fire_reached_bot,0,101,37,64,-63,51,0.3108,,12.673177,-1,-1,101,0,37,64,,no_path,0,,Bot1|Bot2|Bot3|Bot4,0,1
64,0.35,75,440,2494522029,654045650,3638,0.646756,507,1370,7-38,4-33,70-44,8,8,99,69,103,77,0,0,1,8,1,8,285,1,8,277,1,button,1,8,8,0,273,0,1.0000,6,0.000097,-1,-1,button,1,8,8,0,273,0,1.0000,6,0.000261,,-1,button,1,8,8,0,273,0,1.0000,6,0.000223,-1,,button,1,8,8,0,273,0,1.0000,6,0.310946,-1,-1,8,0,0,0,0.4,risk_path,4,Bot1|Bot2|Bot3|Bot4,,1,0
65,0.35,75,440,282407045,3208019061,3667,0.651911,507,1402,71-60,44-21,48-55,68,66,40,28,64,38,1,0,1,68,0,,157,1,68,89,1,button,1,68,68,0,46,0,1.0000,586,0.004618,-1,-1,button,1,68,68,0,46,0,1.0000,586,0.023351,,-1,button,1,68,68,0,46,0,1.0000,586,0.025144,-1,,button,1,68,68,0,46,0,1.0000,586,10.675014,-1,-1,68,0,0,0,0.4,risk_path,4,Bot1|Bot2|Bot3|Bot4,,1,0
66,0.35,75,440,2624712765,892082244,3630,0.645333,514,1350,67-68,51-49,10-44,39,35,91,81,62,46,0,0,1,39,1,39,148,1,39,109,1,button,1,39,39,0,109,0,1.0000,179,0.001039,-1,-1,button,1,39,39,0,109,0,1.0000,179,0.002963,,-1,button,1,39,39,0,109,0,1.0000,179,0.005798,-1,,button,1,39,39,0,109,0,1.0000,179,4.470323,-1,-1,39,0,0,0,0.4,risk_path,4,Bot1|Bot2|Bot3|Bot4,,1,0
67,0.35,75,440,1729019775,856386472,3624,0.644267,517,1409,60-53,29-59,62-26,39,37,43,29,68,66,0,0,1,39,1,39,149,1,39,110,1,button,1,39,39,0,76,0,1.0000,179,0.001092,-1,-1,button,1,39,39,0,76,0,1.0000,179,0.003814,,-1,button,1,39,39,0,76,0,1.0000,179,0.006040,-1,,button,1,39,39,0,76,0,1.0000,179,3.672407,-1,-1,39,0,0,0,0.4,risk_path,4,Bot1|Bot2|Bot3|Bot4,,1,0
68,0.35,75,440,4025098533,459075162,3613,0.642311,482,1310,53-46,53-73,41-17,43,27,43,41,86,68,0,0,1,43,1,43,204,1,43,161,1,button,1,43,43,0,108,0,1.0000,192,0.001310,-1,-1,button,1,43,43,0,108,0,1.0000,192,0.005753,,-1,button,1,43,43,0,108,0,1.0000,192,0.007562,-1,,button,1,43,43,0,108,0,1.0000,192,4.402242,-1,-1,43,0,0,0,0.4,risk_path,4,Bot1|Bot2|Bot3|Bot4,,1,0
69,0.35,75,440,266228852,4289431394,3621,0.643733,500,1398,43-3,26-13,19-65,43,27,102,86,79,59,0,0,1,43,1,43,179,1,43,136,1,button,1,43,43,0,129,0,1.0000,206,0.001224,-1,-1,button,1,43,43,0,129,0,1.0000,206,0.005720,,-1,button,1,43,43,0,129,0,1.0000,206,0.007639,-1,,button,1,43,43,0,129,0,1.0000,206,4.216650,-1,-1,43,0,0,0,0.4,risk_path,4,Bot1|Bot2|Bot3|Bot4,,1,0
70,0.35,75,440,3288517247,2662616909,3639,0.646933,504,1347,14-60,54-8,52-56,96,92,58,42,64,50,1,0,1,96,0,,165,1,96,69,1,button,1,96,96,0,18,0,1.0000,1112,0.012372,-1,-1,button,1,96,96,0,18,0,1.0000,1112,0.045349,,-1,button,1,96,96,0,18,0,1.0000,1112,0.066033,-1,,button,1,96,96,0,48,0,1.0000,1112,17.550275,18,18,96,0,0,0,0.4,risk_path,4,Bot1|Bot2|Bot3|Bot4,,1,0
71,0.35,75,440,3168276635,2131575540,3624,0.644267,484,1358,74-4,42-32,8-21,64,60,93,83,49,45,1,0,1,64,0,,119,1,64,55,1,button,1,64,64,0,49,0,1.0000,345,0.002403,-1,-1,button,1,64,64,0,49,0,1.0000,345,0.014245,,-1,button,1,64,64,0,49,0,1.0000,345,0.018445,-1,,button,1,64,64,0,49,0,1.0000,345,8.970548,-1,-1,64,0,0,0,0.4,risk_path,4,Bot1|Bot2|Bot3|Bot4,,1,0
72,0.35,75,440,3264989703,3396489466,3645,0.648000,501,1378,40-20,63-53,65-66,60,56,81,71,27,15,1,0,1,60,0,,87,1,60,27,1,button,1,60,60,0,17,0,1.0000,271,0.002705,-1,-1,button,1,60,60,0,17,0,1.0000,271,0.011603,,-1,button,1,60,60,0,17,0,1.0000,271,0.015096,-1,,button,1,60,60,0,17,0,1.0000,271,9.095538,41,41,60,11,35,0,0.99,risk_path,4,Bot1|Bot2|Bot3|Bot4,,1,0
73,0.35,75,440,3661586234,851551463,3654,0.649600,496,1346,19-42,55-11,6-19,77,67,48,36,73,57,1,0,1,77,0,,189,1,77,112,1,button,1,77,77,0,51,0,1.0000,451,0.004563,-1,-1,button,1,77,77,0,51,0,1.0000,451,0.035121,,-1,button,1,77,77,0,51,0,1.0000,451,0.049509,-1,,button,1,77,77,0,58,0,1.0000,451,13.008265,30,30,77,0,0,0,0.4,risk_path,4,Bot1|Bot2|Bot3|Bot4,,1,0
74,0.35,75,440,1507352610,3438827500,3616,0.642844,480,1296,44-65,19-74,3-51,36,34,71,55,43,39,0,0,1,36,1,36,132,1,36,96,1,button,1,36,36,0,90,0,1.0000,51,0.000467,-1,-1,button,1,36,36,0,90,0,1.0000,51,0.002224,,-1,button,1,36,36,0,90,0,1.0000,51,0.003100,-1,,button,1,36,36,0,90,0,1.0000,51,3.017615,-1,-1,36,0,0,0,0.4,risk_path,4,Bot1|Bot2|Bot3|Bot4,,1,0
75,0.35,75,440,2046749167,4286327507,3627,0.644800,499,1365,2-9,37-12,35-29,62,38,61,53,25,19,1,0,1,62,0,,77,1,62,15,1,button,1,62,62,0,4,0,1.0000,394,0.003151,-1,-1,button,1,62,62,0,4,0,1.0000,394,0.016971,,-1,button,1,62,62,0,4,0,1.0000,394,0.021936,-1,,button,1,62,62,0,4,0,1.0000,394,8.712577,-1,-1,62,8,36,0,0.99,risk_path,4,Bot1|Bot2|Bot3|Bot4,,1,0
76,0.35,75,440,3008379624,3615876865,3655,0.649778,515,1384,43-36,1-62,52-64,72,68,49,37,85,53,0,0,1,72,1,72,213,1,72,141,1,button,1,72,72,0,94,0,1.0000,269,0.002351,-1,-1,button,1,72,72,0,94,0,1.0000,269,0.020080,,-1,button,1,72,72,0,94,0,1.0000,269,0.023964,-1,,button,1,72,72,0,94,0,1.0000,269,12.005977,54,54,72,0,0,0,0.4,risk_path,4,Bot1|Bot2|Bot3|Bot4,,1,0
77,0.35,75,440,168951023,2051054311,3646,0.648178,498,1387,63-46,7-52,36-46,78,62,39,27,41,35,1,0,1,78,0,,94,0,,,0,walked_into_fire,0,27,27,0,-1,51,0.3462,43,0.000988,12,12,fire_reached_bot,0,76,59,17,0,25,0.6795,614,0.023735,,-1,fire_reached_bot,0,76,59,17,0,25,0.6795,614,0.033862,-1,,fire_reached_bot,0,76,59,17,0,25,0.6795,614,14.296152,-1,-1,76,2,57,17,0.99,no_path,0,,Bot1|Bot2|Bot3|Bot4,0,1
78,0.35,75,440,2349810379,2265303479,3641,0.647289,501,1376,71-31,32-73,47-46,91,81,51,39,46,42,1,0,1,91,0,,102,0,,,0,walked_into_fire,0,39,39,0,-1,52,0.4286,75,0.001438,27,25,fire_reached_bot,0,107,102,5,-4,45,0.5055,,0.076951,,25,fire_reached_bot,0,121,102,19,-18,51,0.4396,,0.253661,25,,fire_reached_bot,0,107,102,5,-4,45,0.5055,,30.100866,-1,25,107,0,102,5,,no_path,0,,Bot1|Bot2|Bot3|Bot4,0,1
79,0.35,75,440,2763321522,3868111401,3664,0.651378,494,1408,50-59,10-66,49-54,63,47,6,6,63,51,0,0,1,63,0,,158,1,63,95,1,button,1,63,63,0,11,0,1.0000,417,0.003052,-1,-1,button,1,63,63,0,11,0,1.0000,417,0.015436,,-1,button,1,63,63,0,11,0,1.0000,417,0.021012,-1,,button,1,63,63,0,11,0,1.0000,417,9.036323,34,34,63,0,0,0,0.4,risk_path,4,Bot1|Bot2|Bot3|Bot4,,1,0
80,0.35,75,440,3716998955,3442828106,3643,0.647644,507,1384,32-60,45-60,19-26,29,13,51,47,72,60,0,0,1,29,1,29,180,1,29,151,1,button,1,29,29,0,128,0,1.0000,109,0.000662,-1,-1,button,1,29,29,0,128,0,1.0000,109,0.002442,,-1,button,1,29,29,0,128,0,1.0000,109,0.003580,-1,,button,1,29,29,0,128,0,1.0000,109,2.212244,15,15,29,0,0,0,0.4,risk_path,4,Bot1|Bot2|Bot3|Bot4,,1,0
81,0.35,75,440,2802822109,1173380791,3659,0.650489,505,1348,72-70,46-13,62-73,91,83,29,13,92,76,0,0,1,91,1,91,212,1,91,121,1,button,1,91,91,0,24,0,1.0000,512,0.005048,-1,-1,button,1,91,91,0,24,0,1.0000,512,0.046306,,-1,button,1,91,91,0,24,0,1.0000,512,0.046756,-1,,button,1,91,91,0,24,0,1.0000,512,18.128283,-1,-1,91,0,0,0,0.4,risk_path,4,Bot1|Bot2|Bot3|Bot4,,1,0
82,0.35,75,440,1458696374,4138283831,3640,0.647111,513,1373,14-4,25-57,6-47,78,64,63,51,31,29,1,0,1,78,0,,63,0,,,0,walked_into_fire,0,56,56,0,-1,22,0.7179,331,0.002873,55,55,fire_reached_bot,0,72,63,9,-8,29,0.6282,,0.077402,,57,fire_reached_bot,0,78,63,15,-14,33,0.5769,,0.211801,57,,fire_reached_bot,0,72,63,9,-8,29,0.6282,,16.075970,-1,57,72,0,63,9,,no_path,0,,Bot1|Bot2|Bot3|Bot4,0,1
83,0.35,75,440,2432187744,4169280272,3642,0.647467,503,1356,40-58,45-19,12-50,66,44,46,36,86,64,0,0,1,66,1,66,229,1,66,163,1,button,1,66,66,0,74,0,1.0000,369,0.003028,-1,-1,button,1,66,66,0,74,0,1.0000,369,0.017105,,-1,button,1,66,66,0,74,0,1.0000,369,0.022650,-1,,button,1,66,66,0,74,0,1.0000,369,9.641846,14,14,66,0,0,0,0.4,risk_path,4,Bot1|Bot2|Bot3|Bot4,,1,0
84,0.35,75,440,117610117,309971403,3649,0.648711,513,1375,38-60,71-19,27-60,80,74,29,11,91,85,0,0,1,80,1,80,232,1,80,152,1,button,1,80,80,0,77,0,1.0000,583,0.005654,-1,-1,button,1,80,80,0,77,0,1.0000,583,0.052932,,-1,button,1,80,80,0,77,0,1.0000,583,0.049927,-1,,button,1,80,80,0,79,0,1.0000,583,13.211142,1,1,80,0,0,0,0.4,risk_path,4,Bot1|Bot2|Bot3|Bot4,,1,0
85,0.35,75,440,2351945767,3852249623,3652,0.649244,513,1378,46-2,42-17,48-41,27,19,63,41,48,30,0,0,1,27,1,27,121,1,27,94,1,button,1,27,27,0,90,0,1.0000,119,0.000593,-1,-1,button,1,27,27,0,90,0,1.0000,119,0.002369,,-1,button,1,27,27,0,90,0,1.0000,119,0.003996,-1,,button,1,27,27,0,90,0,1.0000,119,2.137974,-1,-1,27,0,0,0,0.4,risk_path,4,Bot1|Bot2|Bot3|Bot4,,1,0
86,0.35,75,440,2895808900,3809999560,3632,0.645689,498,1315,29-67,1-17,74-52,80,78,78,60,124,108,0,0,1,80,1,80,331,1,80,251,1,button,1,80,80,0,183,0,1.0000,143,0.002270,-1,-1,button,1,80,80,0,183,0,1.0000,143,0.026370,,-1,button,1,80,80,0,183,0,1.0000,143,0.028528,-1,,button,1,80,80,0,183,0,1.0000,143,14.118425,-1,-1,80,0,0,0,0.4,risk_path,4,Bot1|Bot2|Bot3|Bot4,,1,0
87,0.35,75,440,2723283324,3272133986,3648,0.648533,511,1411,47-73,31-5,7-43,104,84,90,70,88,62,1,0,1,104,0,,236,1,104,132,1,button,1,104,104,0,68,0,1.0000,906,0.010282,-1,-1,button,1,104,104,0,68,0,1.0000,906,0.072263,,-1,button,1,104,104,0,68,0,1.0000,906,0.085024,-1,,button,1,104,104,0,68,0,1.0000,906,22.357062,-1,-1,104,0,0,0,0.4,risk_path,4,Bot1|Bot2|Bot3|Bot4,,1,0
88,0.35,75,440,442504758,736042750,3679,0.654044,508,1420,16-28,1-29,31-35,26,16,30,22,46,36,0,0,1,26,1,26,124,1,26,98,1,button,1,26,26,0,85,0,1.0000,103,0.000554,-1,-1,button,1,26,26,0,85,0,1.0000,103,0.001683,,-1,button,1,26,26,0,85,0,1.0000,103,0.002467,-1,,button,1,26,26,0,85,0,1.0000,103,1.643246,-1,-1,26,0,0,0,0.4,risk_path,4,Bot1|Bot2|Bot3|Bot4,,1,0
89,0.35,75,440,2689907484,1240102764,3643,0.647644,497,1379,16-33,54-64,7-11,73,69,33,31,104,100,0,0,1,73,1,73,273,1,73,200,1,button,1,73,73,0,103,0,1.0000,360,0.003101,-1,-1,button,1,73,73,0,103,0,1.0000,360,0.012189,,-1,button,1,73,73,0,103,0,1.0000,360,0.018472,-1,,button,1,73,73,0,103,0,1.0000,360,12.173196,15,15,73,0,0,0,0.4,risk_path,4,Bot1|Bot2|Bot3|Bot4,,1,0
90,0.35,75,440,1410515791,2649707326,3622,0.643911,490,1314,8-14,42-56,9-9,84,76,8,6,88,80,0,0,1,84,1,84,202,1,84,118,1,button,1,84,84,0,20,0,1.0000,493,0.004920,-1,-1,button,1,84,84,0,20,0,1.0000,493,0.034661,,-1,button,1,84,84,0,20,0,1.0000,493,0.042438,-1,,button,1,84,84,0,20,0,1.0000,493,14.909256,15,15,84,0,0,0,0.4,risk_path,4,Bot1|Bot2|Bot3|Bot4,,1,0
91,0.35,75,440,1198831680,429899597,3632,0.645689,491,1347,53-16,73-34,18-42,46,38,65,61,73,63,0,0,1,46,1,46,166,1,46,120,1,button,1,46,46,0,108,0,1.0000,189,0.001194,-1,-1,button,1,46,46,0,108,0,1.0000,189,0.005613,,-1,button,1,46,46,0,108,0,1.0000,189,0.007505,-1,,button,1,46,46,0,108,0,1.0000,189,4.983387,1,1,46,0,0,0,0.4,risk_path,4,Bot1|Bot2|Bot3|Bot4,,1,0
92,0.35,75,440,2479440059,167758409,3623,0.644089,483,1277,70-63,69-1,24-59,93,63,66,50,109,103,0,0,1,93,1,93,284,1,93,191,1,button,1,93,93,0,130,0,1.0000,852,0.008270,-1,-1,button,1,93,93,0,130,0,1.0000,852,0.044547,,-1,button,1,93,93,0,130,0,1.0000,852,0.059726,-1,,button,1,93,93,0,130,0,1.0000,852,17.520079,10,10,93,0,0,0,0.4,risk_path,4,Bot1|Bot2|Bot3|Bot4,,1,0
93,0.35,75,440,2629098381,3995597651,3617,0.643022,492,1335,43-38,0-52,68-32,73,57,45,31,106,88,0,0,1,73,1,73,271,1,73,198,1,button,1,73,73,0,103,0,1.0000,434,0.004074,-1,-1,button,1,73,73,0,103,0,1.0000,434,0.028278,,-1,button,1,73,73,0,103,0,1.0000,434,0.043403,-1,,button,1,73,73,0,103,0,1.0000,434,12.130433,-1,-1,73,0,0,0,0.4,risk_path,4,Bot1|Bot2|Bot3|Bot4,,1,0
94,0.35,75,440,4034527632,2373009210,3618,0.643200,497,1351,2-63,74-14,29-36,133,121,56,54,79,67,1,0,1,133,0,,202,0,,,0,fire_reached_bot,0,40,40,0,0,93,0.3008,288,0.004802,37,37,fire_reached_bot,0,84,78,6,0,109,0.1805,1054,0.267976,,38,fire_reached_bot,0,91,78,13,0,109,0.1805,1227,0.373296,38,,fire_reached_bot,0,84,78,6,0,109,0.1805,1054,29.029933,-1,38,84,0,78,6,,no_path,0,,Bot1|Bot2|Bot3|Bot4,0,1
95,0.35,75,440,83074924,374331740,3621,0.643733,498,1346,0-52,43-16,43-65,89,79,64,56,81,49,1,0,1,89,0,,238,1,89,149,1,button,1,89,89,0,94,0,1.0000,587,0.006304,-1,-1,button,1,89,89,0,94,0,1.0000,587,0.042315,,-1,button,1,89,89,0,94,0,1.0000,587,0.057937,-1,,button,1,89,89,0,69,0,1.0000,587,16.614820,9,9,89,0,0,0,0.4,risk_path,4,Bot1|Bot2|Bot3|Bot4,,1,0
96,0.35,75,440,902943538,3127573542,3621,0.643733,508,1388,18-50,22-44,54-28,10,10,60,58,50,48,0,0,1,10,1,10,142,1,10,132,1,button,1,10,10,0,132,0,1.0000,7,0.000102,-1,-1,button,1,10,10,0,132,0,1.0000,7,0.000250,,-1,button,1,10,10,0,132,0,1.0000,7,0.000399,-1,,button,1,10,10,0,132,0,1.0000,7,0.353752,3,3,10,0,0,0,0.4,risk_path,4,Bot1|Bot2|Bot3|Bot4,,1,0
97,0.35,75,440,1323143353,2588849054,3631,0.645511,502,1329,18-54,46-56,54-72,50,30,56,54,26,24,1,0,1,50,0,,63,1,50,13,1,button,1,50,50,0,8,0,1.0000,235,0.002003,-1,-1,button,1,50,50,0,8,0,1.0000,235,0.008747,,-1,button,1,50,50,0,8,0,1.0000,235,0.014967,-1,,button,1,50,50,0,8,0,1.0000,235,7.167289,24,24,50,10,15,0,0.99,risk_path,4,Bot1|Bot2|Bot3|Bot4,,1,0
98,0.35,75,440,172568286,2343787580,3644,0.647822,511,1392,60-60,70-36,25-9,36,34,88,86,90,72,0,0,1,36,1,36,233,1,36,197,1,button,1,36,36,0,172,0,1.0000,171,0.000928,-1,-1,button,1,36,36,0,172,0,1.0000,171,0.003154,,-1,button,1,36,36,0,172,0,1.0000,171,0.005773,-1,,button,1,36,36,0,179,0,1.0000,171,3.092249,7,7,36,0,0,0,0.4,risk_path,4,Bot1|Bot2|Bot3|Bot4,,1,0
99,0.35,75,440,398009931,2986606611,3623,0.644089,501,1378,64-44,52-32,42-2,24,24,70,64,48,40,0,0,1,24,1,24,102,1,24,78,1,button,1,24,24,0,78,0,1.0000,57,0.000357,-1,-1,button,1,24,24,0,78,0,1.0000,57,0.001310,,-1,button,1,24,24,0,78,0,1.0000,57,0.001842,-1,,button,1,24,24,0,78,0,1.0000,57,1.443165,-1,-1,24,0,0,0,0.4,risk_path,4,Bot1|Bot2|Bot3|Bot4,,1,0
100,0.35,75,440,2731167691,650338235,3631,0.645511,511,1398,15-65,12-41,22-36,51,27,44,36,15,15,1,0,1,51,0,,44,0,,,0,walked_into_fire,0,49,49,0,-6,2,0.9608,,0.002487,43,43,fire_reached_bot,0,52,42,10,-7,9,0.8235,,0.057068,,-1,fire_reached_bot,0,52,42,10,-7,9,0.8235,,0.122480,-1,,fire_reached_bot,0,52,42,10,-7,9,0.8235,,6.329381,-1,-1,52,0,42,10,,no_path,0,,Bot1|Bot2|Bot3|Bot4,0,1
101,0.35,75,440,3976025462,1984228406,3637,0.646578,518,1371,60-37,47-47,45-51,35,23,37,29,8,6,1,0,1,35,0,,21,0,,,0,walked_into_fire,0,24,24,0,-6,11,0.6857,,0.000614,16,16,fire_reached_bot,0,38,15,23,-16,20,0.4286,,0.124864,,-1,fire_reached_bot,0,38,15,23,-16,20,0.4286,,0.308944,-1,,fire_reached_bot,0,38,15,23,-16,20,0.4286,,3.304534,-1,-1,38,0,15,23,,no_path,0,,Bot1|Bot2|Bot3|Bot4,0,1
102,0.35,75,440,3469237606,1649159914,3647,0.648356,506,1395,16-63,59-25,55-5,89,81,101,97,32,24,1,0,1,89,0,,78,0,,,0,walked_into_fire,0,83,83,0,-4,6,0.9326,,0.004697,78,78,fire_reached_bot,0,100,77,23,-21,12,0.8652,,0.143313,,-1,fire_reached_bot,0,100,77,23,-21,12,0.8652,,0.266870,-1,,fire_reached_bot,0,100,77,23,-21,12,0.8652,,21.184596,-1,-1,100,0,77,23,,no_path,0,,Bot1|Bot2|Bot3|Bot4,0,1
103,0.35,75,440,1354804743,391426036,3643,0.647644,507,1361,49-52,55-52,69-35,8,6,39,37,35,31,0,0,1,8,1,8,76,1,8,68,1,button,1,8,8,0,68,0,1.0000,10,0.000100,-1,-1,button,1,8,8,0,68,0,1.0000,10,0.000257,,-1,button,1,8,8,0,68,0,1.0000,10,0.000250,-1,,button,1,8,8,0,68,0,1.0000,10,0.263205,6,6,8,0,0,0,0.4,risk_path,4,Bot1|Bot2|Bot3|Bot4,,1,0
104,0.35,75,440,4136514547,4012823104,3668,0.652089,517,1436,46-54,39-69,8-3,24,22,95,89,115,97,0,0,1,24,1,24,281,1,24,257,1,button,1,24,24,0,232,0,1.0000,32,0.000297,-1,-1,button,1,24,24,0,232,0,1.0000,32,0.001459,,-1,button,1,24,24,0,232,0,1.0000,32,0.001619,-1,,button,1,24,24,0,232,0,1.0000,32,1.686249,-1,-1,24,0,0,0,0.4,risk_path,4,Bot1|Bot2|Bot3|Bot4,,1,0
105,0.35,75,440,1802906948,4050598220,3643,0.647644,499,1382,33-16,18-43,1-63,58,42,83,79,39,37,1,0,1,58,0,,94,1,58,36,1,button,1,58,58,0,33,0,1.0000,225,0.001977,-1,-1,button,1,58,58,0,33,0,1.0000,225,0.012959,,-1,button,1,58,58,0,33,0,1.0000,225,0.015260,-1,,button,1,58,58,0,36,0,1.0000,225,8.144161,24,24,58,0,0,0,0.4,risk_path,4,Bot1|Bot2|Bot3|Bot4,,1,0
106,0.35,75,440,4274087871,3596512109,3639,0.646933,511,1331,55-51,1-14,4-69,91,91,81,69,78,58,1,0,1,91,0,,193,1,91,102,1,button,1,91,91,0,73,0,1.0000,349,0.004021,-1,-1,button,1,91,91,0,73,0,1.0000,349,0.018615,,-1,button,1,91,91,0,73,0,1.0000,349,0.024077,-1,,button,1,91,91,0,73,0,1.0000,349,19.158786,-1,-1,91,0,0,0,0.4,risk_path,4,Bot1|Bot2|Bot3|Bot4,,1,0
107,0.35,75,440,3806192457,1257605443,3641,0.647289,497,1368,71-43,46-0,13-11,72,68,100,90,64,44,1,0,1,72,0,,145,1,72,73,1,button,1,72,72,0,73,0,1.0000,592,0.004980,-1,-1,button,1,72,72,0,73,0,1.0000,592,0.021308,,-1,button,1,72,72,0,73,0,1.0000,592,0.033928,-1,,button,1,72,72,0,73,0,1.0000,592,11.168298,-1,-1,72,0,0,0,0.4,risk_path,4,Bot1|Bot2|Bot3|Bot4,,1,0
108,0.35,75,440,3395390498,1222503905,3664,0.651378,520,1390,12-36,29-30,4-71,31,23,53,43,68,66,0,0,1,31,1,31,158,1,31,127,1,button,1,31,31,0,104,0,1.0000,63,0.000425,-1,-1,button,1,31,31,0,104,0,1.0000,63,0.002368,,-1,button,1,31,31,0,104,0,1.0000,63,0.002556,-1,,button,1,31,31,0,104,0,1.0000,63,2.297577,14,14,31,0,0,0,0.4,risk_path,4,Bot1|Bot2|Bot3|Bot4,,1,0
109,0.35,75,440,3653473380,1973034153,3655,0.649778,504,1448,65-67,22-22,34-51,96,88,61,47,51,41,1,0,1,96,0,,140,1,108,32,0,fire_reached_bot,0,43,43,0,0,53,0.4479,148,0.001823,43,43,button,1,116,116,0,5,0,1.0000,1466,0.065303,,-1,button,1,116,116,0,5,0,1.0000,1466,0.102630,-1,,button,1,108,108,0,5,0,1.0000,1228,24.814709,65,65,108,11,54,0,0.99,risk_path,3,Bot2|Bot3|Bot4,Bot1,0,0
110,0.35,75,440,4082012561,1074635792,3655,0.649778,497,1382,49-25,32-5,37-65,37,37,64,52,87,65,0,0,1,37,1,37,238,1,37,201,1,button,1,37,37,0,160,0,1.0000,50,0.000477,-1,-1,button,1,37,37,0,160,0,1.0000,50,0.002681,,-1,button,1,37,37,0,160,0,1.0000,50,0.003683,-1,,button,1,37,37,0,160,0,1.0000,50,3.332542,-1,-1,37,0,0,0,0.4,risk_path,4,Bot1|Bot2|Bot3|Bot4,,1,0
111,0.35,75,440,416203697,1615190462,3657,0.650133,504,1392,10-8,49-62,1-12,95,93,25,13,100,98,0,0,1,95,1,95,227,1,95,132,1,button,1,95,95,0,34,0,1.0000,557,0.004824,-1,-1,button,1,95,95,0,34,0,1.0000,557,0.030441,,-1,button,1,95,95,0,34,0,1.0000,557,0.049631,-1,,button,1,95,95,0,44,0,1.0000,557,19.893691,4,4,95,0,0,0,0.4,risk_path,4,Bot1|Bot2|Bot3|Bot4,,1,0
112,0.35,75,440,2193764734,2138228930,3634,0.646044,495,1355,5-53,26-8,50-73,84,66,77,65,95,89,0,0,1,84,1,84,222,1,84,138,1,button,1,84,84,0,127,0,1.0000,586,0.005983,-1,-1,button,1,84,84,0,127,0,1.0000,586,0.048101,,-1,button,1,84,84,0,127,0,1.0000,586,0.055262,-1,,button,1,84,84,0,127,0,1.0000,586,14.917269,17,17,84,0,0,0,0.4,risk_path,4,Bot1|Bot2|Bot3|Bot4,,1,0
113,0.35,75,440,901889356,3820153862,3646,0.648178,513,1391,62-42,17-55,3-0,66,58,105,101,77,69,0,0,1,66,1,66,177,1,66,111,1,button,1,66,66,0,111,0,1.0000,247,0.002214,-1,-1,button,1,66,66,0,111,0,1.0000,247,0.011297,,-1,button,1,66,66,0,111,0,1.0000,247,0.012308,-1,,button,1,66,66,0,111,0,1.0000,247,9.798737,-1,-1,66,0,0,0,0.4,risk_path,4,Bot1|Bot2|Bot3|Bot4,,1,0
114,0.35,75,440,1911151784,3134867747,3627,0.644800,498,1377,36-73,65-72,37-32,52,30,56,42,72,68,0,0,1,52,1,52,171,1,52,119,1,button,1,52,52,0,96,0,1.0000,326,0.002115,-1,-1,button,1,52,52,0,96,0,1.0000,326,0.011010,,-1,button,1,52,52,0,96,0,1.0000,326,0.011056,-1,,button,1,52,52,0,94,0,1.0000,326,6.500313,35,35,52,0,0,0,0.4,risk_path,4,Bot1|Bot2|Bot3|Bot4,,1,0
115,0.35,75,440,1828045502,3560377918,3637,0.646578,489,1362,63-14,43-70,18-23,94,76,60,54,80,72,1,0,1,94,0,,205,1,94,111,1,button,1,94,94,0,80,0,1.0000,1214,0.012206,-1,-1,button,1,94,94,0,80,0,1.0000,1214,0.071383,,-1,button,1,94,94,0,80,0,1.0000,1214,0.098886,-1,,button,1,94,94,0,80,0,1.0000,1214,17.092402,-1,-1,94,0,0,0,0.4,risk_path,4,Bot1|Bot2|Bot3|Bot4,,1,0
116,0.35,75,440,794248593,1319229455,3632,0.645689,513,1408,15-60,69-51,1-71,83,63,27,25,92,88,0,0,1,83,1,83,230,1,83,147,1,button,1,83,83,0,33,0,1.0000,386,0.003937,-1,-1,button,1,83,83,0,33,0,1.0000,386,0.024506,,-1,button,1,83,83,0,33,0,1.0000,386,0.040433,-1,,button,1,83,83,0,33,0,1.0000,386,14.739022,22,22,83,0,0,0,0.4,risk_path,4,Bot1|Bot2|Bot3|Bot4,,1,0
117,0.35,75,440,247906182,231731730,3642,0.647467,494,1409,20-61,54-52,41-36,51,43,52,46,37,29,1,0,1,51,0,,80,1,51,29,1,button,1,51,51,0,25,0,1.0000,378,0.002556,-1,-1,button,1,51,51,0,25,0,1.0000,378,0.008036,,-1,button,1,51,51,0,25,0,1.0000,378,0.016409,-1,,button,1,51,51,0,24,0,1.0000,378,5.766501,4,4,51,0,0,0,0.4,risk_path,4,Bot1|Bot2|Bot3|Bot4,,1,0
118,0.35,75,440,2338859109,2503174722,3651,0.649067,498,1365,60-47,39-67,22-52,49,41,55,43,40,32,1,0,1,49,0,,98,1,49,49,1,button,1,49,49,0,17,0,1.0000,262,0.001831,-1,-1,button,1,49,49,0,17,0,1.0000,262,0.007279,,-1,button,1,49,49,0,17,0,1.0000,262,0.012379,-1,,button,1,49,49,0,17,0,1.0000,262,5.415665,-1,-1,49,0,0,0,0.4,risk_path,4,Bot1|Bot2|Bot3|Bot4,,1,0
119,0.35,75,440,2795650116,841446020,3644,0.647822,511,1355,59-73,29-38,14-26,65,65,92,92,27,27,1,0,1,65,0,,66,1,65,1,1,button,1,65,65,0,1,0,1.0000,677,0.005096,-1,-1,button,1,65,65,0,1,0,1.0000,677,0.016001,,-1,button,1,65,65,0,1,0,1.0000,677,0.044868,-1,,button,1,65,65,0,1,0,1.0000,677,10.793665,-1,-1,65,26,30,0,0.99,risk_path,4,Bot1|Bot2|Bot3|Bot4,,1,0
120,0.35,75,440,2363225837,4020754255,3642,0.647467,496,1398,9-74,30-27,35-63,78,68,53,37,53,41,1,0,1,78,0,,124,1,78,46,1,button,1,78,78,0,29,0,1.0000,766,0.006465,-1,-1,button,1,78,78,0,29,0,1.0000,766,0.029291,,-1,button,1,78,78,0,29,0,1.0000,766,0.045853,-1,,button,1,78,78,0,29,0,1.0000,766,13.010213,6,6,78,3,0,0,0.6,risk_path,4,Bot1|Bot2|Bot3|Bot4,,1,0
121,0.35,75,440,272157506,212865656,3665,0.651556,503,1381,45-19,17-12,29-12,43,35,25,23,24,12,1,0,1,43,0,,51,1,43,8,1,button,1,43,43,0,1,0,1.0000,151,0.001152,-1,-1,button,1,43,43,0,1,0,1.0000,151,0.005640,,-1,button,1,43,43,0,1,0,1.0000,151,0.007902,-1,,button,1,43,43,0,1,0,1.0000,151,4.961990,-1,-1,43,9,11,0,0.99,risk_path,4,Bot1|Bot2|Bot3|Bot4,,1,0
122,0.35,75,440,377564765,534516638,3632,0.645689,502,1362,27-3,24-11,67-44,15,11,83,81,82,76,0,0,1,15,1,15,171,1,15,156,1,button,1,15,15,0,156,0,1.0000,23,0.000186,-1,-1,button,1,15,15,0,156,0,1.0000,23,0.000529,,-1,button,1,15,15,0,156,0,1.0000,23,0.000705,-1,,button,1,15,15,0,156,0,1.0000,23,0.626795,-1,-1,15,0,0,0,0.4,risk_path,4,Bot1|Bot2|Bot3|Bot4,,1,0
123,0.35,75,440,1595995648,4164420774,3638,0.646756,514,1373,61-17,41-64,33-69,75,67,88,80,21,13,1,0,1,75,0,,53,0,,,0,walked_into_fire,0,66,66,0,-12,9,0.8800,,0.002348,53,53,fire_reached_bot,0,110,52,58,-56,23,0.6933,,0.380578,,-1,fire_reached_bot,0,110,52,58,-56,23,0.6933,,0.630513,-1,,fire_reached_bot,0,110,52,58,-56,23,0.6933,,13.985249,-1,-1,110,0,52,58,,no_path,0,,Bot1|Bot2|Bot3|Bot4,0,1
124,0.35,75,440,2851316964,3849568425,3612,0.642133,497,1349,30-47,1-14,18-2,64,62,73,57,31,29,1,0,1,64,0,,68,0,,,0,fire_reached_bot,0,61,61,0,0,3,0.9531,221,0.001931,-1,-1,fire_reached_bot,0,61,61,0,0,3,0.9531,221,0.013309,,-1,fire_reached_bot,0,61,61,0,0,3,0.9531,221,0.019740,-1,,fire_reached_bot,0,61,61,0,0,3,0.9531,221,10.069641,-1,-1,61,34,21,0,0.99,risk_path,0,,Bot1|Bot2|Bot3|Bot4,0,1
125,0.35,75,440,75640016,983425269,3623,0.644089,509,1341,47-43,18-9,40-9,73,63,43,41,34,22,1,0,1,73,0,,73,0,,,0,walked_into_fire,0,69,69,0,-2,4,0.9452,538,0.004391,68,67,fire_reached_bot,0,83,73,10,-9,12,0.8356,,0.053462,,67,fire_reached_bot,0,88,73,15,-14,14,0.8082,,0.090311,67,,fire_reached_bot,0,83,73,10,-9,12,0.8356,,13.891478,-1,67,83,11,62,10,0.99,no_path,0,,Bot1|Bot2|Bot3|Bot4,0,1
126,0.35,75,440,2257855052,553856936,3648,0.648533,488,1395,40-62,42-9,71-44,85,55,51,49,70,64,1,0,1,85,0,,197,1,85,112,1,button,1,85,85,0,42,0,1.0000,543,0.006400,-1,-1,button,1,85,85,0,42,0,1.0000,543,0.043700,,-1,button,1,85,85,0,42,0,1.0000,543,0.056598,-1,,button,1,85,85,0,42,0,1.0000,543,15.789614,-1,-1,85,0,0,0,0.4,risk_path,4,Bot1|Bot2|Bot3|Bot4,,1,0
127,0.35,75,440,2387835660,4210166861,3638,0.646756,493,1389,16-46,13-0,26-22,61,49,38,34,35,35,1,0,1,61,0,,85,0,,,0,walked_into_fire,0,36,36,0,-4,25,0.5902,190,0.001174,32,29,fire_reached_bot,0,68,57,11,0,30,0.5082,719,0.017852,,29,fire_reached_bot,0,65,57,8,0,28,0.5410,654,0.029135,29,,fire_reached_bot,0,68,57,11,0,30,0.5082,719,11.289707,-1,29,68,0,57,11,,no_path,0,,Bot1|Bot2|Bot3|Bot4,0,1
128,0.35,75,440,880119995,1942672215,3641,0.647289,524,1390,39-49,62-0,18-73,82,72,45,45,127,117,0,0,1,82,1,82,336,1,82,254,1,button,1,82,82,0,137,0,1.0000,544,0.005686,-1,-1,button,1,82,82,0,137,0,1.0000,544,0.035530,,-1,button,1,82,82,0,137,0,1.0000,544,0.055339,-1,,button,1,82,82,0,137,0,1.0000,544,14.869409,4,4,82,0,0,0,0.4,risk_path,4,Bot1|Bot2|Bot3|Bot4,,1,0
129,0.35,75,440,2335898079,2211249253,3628,0.644978,514,1381,37-2,64-0,45-5,67,29,11,11,58,24,1,0,1,67,0,,162,1,107,55,0,fire_reached_bot,0,8,8,0,0,59,0.1194,7,0.000497,3,1,fire_reached_bot,0,145,142,3,0,55,0.1791,1290,0.108830,,1,fire_reached_bot,0,160,142,18,0,59,0.1194,1620,0.221625,1,,fire_reached_bot,0,145,142,3,0,55,0.1791,1290,42.207622,-1,1,145,0,142,3,,no_path,0,,Bot1|Bot2|Bot3|Bot4,0,1
130,0.35,75,440,1465691200,1383389641,3648,0.648533,504,1394,67-45,2-1,32-38,111,109,54,42,67,67,1,0,1,111,0,,165,1,115,50,0,walked_into_fire,0,53,53,0,-2,58,0.4775,303,0.002028,53,38,fire_reached_bot,0,62,62,0,0,49,0.5586,492,0.024314,,38,fire_reached_bot,0,69,68,1,0,43,0.6126,630,0.029731,38,,fire_reached_bot,0,69,68,1,0,43,0.6126,630,19.935797,61,38,69,17,50,1,0.99,no_path,0,,Bot1|Bot2|Bot3|Bot4,0,1
131,0.35,75,440,440757090,857276793,3614,0.642489,500,1344,44-57,14-72,67-57,47,45,29,23,76,68,0,0,1,47,1,47,191,1,47,144,1,button,1,47,47,0,72,0,1.0000,250,0.001828,-1,-1,button,1,47,47,0,72,0,1.0000,250,0.007385,,-1,button,1,47,47,0,72,0,1.0000,250,0.008794,-1,,button,1,47,47,0,72,0,1.0000,250,4.869523,-1,-1,47,0,0,0,0.4,risk_path,4,Bot1|Bot2|Bot3|Bot4,,1,0
132,0.35,75,440,3555543580,3812448778,3626,0.644622,494,1308,13-24,61-74,48-37,102,98,60,48,52,50,1,0,1,102,0,,138,0,,,0,walked_into_fire,0,59,59,0,-3,43,0.5784,234,0.002252,57,55,fire_reached_bot,0,130,106,24,0,34,0.6667,1929,0.121446,,55,fire_reached_bot,0,120,106,14,0,30,0.7059,1647,0.172897,55,,fire_reached_bot,0,130,106,24,0,34,0.6667,1929,26.702881,51,51,130,11,95,24,0.99,no_path,0,,Bot1|Bot2|Bot3|Bot4,0,1
133,0.35,75,440,948442129,703702193,3606,0.641067,489,1329,17-44,66-21,47-52,80,72,44,38,60,50,1,0,1,80,0,,121,1,80,41,1,button,1,80,80,0,41,0,1.0000,692,0.007067,-1,-1,button,1,80,80,0,41,0,1.0000,692,0.038557,,-1,button,1,80,80,0,41,0,1.0000,692,0.043975,-1,,button,1,80,80,0,41,0,1.0000,692,13.047092,7,7,80,0,0,0,0.4,risk_path,4,Bot1|Bot2|Bot3|Bot4,,1,0
134,0.35,75,440,1102281211,3563752405,3654,0.649600,503,1348,15-61,46-3,6-5,101,89,91,65,70,42,1,0,1,101,0,,174,1,101,73,1,button,1,101,101,0,34,0,1.0000,564,0.006675,-1,-1,button,1,101,101,0,34,0,1.0000,564,0.063442,,-1,button,1,101,101,0,34,0,1.0000,564,0.065123,-1,,button,1,101,101,0,34,0,1.0000,564,21.762444,29,29,101,0,0,0,0.4,risk_path,4,Bot1|Bot2|Bot3|Bot4,,1,0
135,0.35,75,440,807723142,2871911597,3642,0.647467,509,1338,62-61,53-43,38-3,37,27,96,82,69,55,0,0,1,37,1,37,152,1,37,115,1,button,1,37,37,0,103,0,1.0000,167,0.001222,-1,-1,button,1,37,37,0,103,0,1.0000,167,0.004484,,-1,button,1,37,37,0,103,0,1.0000,167,0.005704,-1,,button,1,37,37,0,103,0,1.0000,167,3.293119,-1,-1,37,0,0,0,0.4,risk_path,4,Bot1|Bot2|Bot3|Bot4,,1,0
136,0.35,75,440,1899007051,3079980098,3638,0.646756,507,1386,8-11,70-74,66-70,137,125,125,117,32,8,1,0,1,137,0,,73,0,,,0,walked_into_fire,0,93,93,0,-19,44,0.6788,,0.011670,29,29,fire_reached_bot,0,243,28,215,-169,109,0.2044,,1.136364,,-1,fire_reached_bot,0,243,28,215,-169,109,0.2044,,1.992843,-1,,fire_reached_bot,0,243,28,215,-169,109,0.2044,,15.757019,-1,-1,243,0,28,215,,no_path,0,,Bot1|Bot2|Bot3|Bot4,0,1
137,0.35,75,440,647213272,3488528219,3639,0.646933,496,1345,70-47,48-57,68-22,44,32,33,27,57,55,0,0,1,44,1,44,145,1,44,101,1,button,1,44,44,0,70,0,1.0000,296,0.002338,-1,-1,button,1,44,44,0,70,0,1.0000,296,0.006762,,-1,button,1,44,44,0,70,0,1.0000,296,0.009771,-1,,button,1,44,44,0,70,0,1.0000,296,4.496342,-1,-1,44,0,0,0,0.4,risk_path,4,Bot1|Bot2|Bot3|Bot4,,1,0
138,0.35,75,440,2955646883,1522454323,3639,0.646933,498,1348,70-34,60-68,42-16,66,44,52,46,88,70,0,0,1,66,1,66,197,1,66,131,1,button,1,66,66,0,110,0,1.0000,446,0.004583,-1,-1,button,1,66,66,0,110,0,1.0000,446,0.022333,,-1,button,1,66,66,0,110,0,1.0000,446,0.026297,-1,,button,1,66,66,0,110,0,1.0000,446,9.701792,60,60,66,0,0,0,0.4,risk_path,4,Bot1|Bot2|Bot3|Bot4,,1,0
139,0.35,75,440,3313783522,2464351505,3645,0.648000,495,1407,56-27,40-63,31-4,64,52,54,48,80,68,0,0,1,64,1,64,193,1,64,129,1,button,1,64,64,0,85,0,1.0000,359,0.004252,-1,-1,button,1,64,64,0,85,0,1.0000,359,0.017595,,-1,button,1,64,64,0,85,0,1.0000,359,0.021418,-1,,button,1,64,64,0,85,0,1.0000,359,9.817643,50,50,64,0,0,0,0.4,risk_path,4,Bot1|Bot2|Bot3|Bot4,,1,0
140,0.35,75,440,3452405857,2375599770,3649,0.648711,506,1372,37-2,71-34,45-58,70,66,82,64,60,50,1,0,1,70,0,,140,1,70,70,1,button,1,70,70,0,54,0,1.0000,606,0.006068,-1,-1,button,1,70,70,0,54,0,1.0000,606,0.022279,,-1,button,1,70,70,0,54,0,1.0000,606,0.030924,-1,,button,1,70,70,0,54,0,1.0000,606,10.577904,6,6,70,0,0,0,0.4,risk_path,4,Bot1|Bot2|Bot3|Bot4,,1,0
141,0.35,75,440,1002585984,1855575115,3672,0.652800,510,1408,39-60,63-11,65-29,83,73,63,57,26,20,1,0,1,83,0,,69,0,,,0,walked_into_fire,0,48,48,0,-5,35,0.5783,232,0.003407,20,20,fire_reached_bot,0,95,69,26,-25,40,0.5181,,0.184575,,-1,fire_reached_bot,0,95,69,26,-25,40,0.5181,,0.369216,-1,,fire_reached_bot,0,95,69,26,-25,40,0.5181,,19.368139,-1,-1,95,0,69,26,,no_path,0,,Bot1|Bot2|Bot3|Bot4,0,1
142,0.35,75,440,216244798,858947628,3652,0.649244,509,1403,47-4,42-58,32-25,87,59,40,36,61,43,1,0,1,87,0,,157,1,87,70,1,button,1,87,87,0,7,0,1.0000,1153,0.010517,-1,-1,button,1,87,87,0,7,0,1.0000,1153,0.062185,,-1,button,1,87,87,0,7,0,1.0000,1153,0.086842,-1,,button,1,89,89,0,12,0,1.0000,1201,15.734017,34,34,89,0,0,0,0.4,risk_path,4,Bot1|Bot2|Bot3|Bot4,,1,0
143,0.35,75,440,1035138522,1426829652,3638,0.646756,509,1403,25-73,20-22,66-72,76,56,68,42,98,96,0,0,1,76,1,76,245,1,76,169,1,button,1,76,76,0,143,0,1.0000,330,0.004482,-1,-1,button,1,76,76,0,143,0,1.0000,330,0.035614,,-1,button,1,76,76,0,143,0,1.0000,330,0.046566,-1,,button,1,76,76,0,143,0,1.0000,330,13.320077,-1,-1,76,0,0,0,0.4,risk_path,4,Bot1|Bot2|Bot3|Bot4,,1,0
144,0.35,75,440,833741974,2067007930,3647,0.648356,507,1395,18-23,49-6,31-6,66,48,50,30,28,18,1,0,1,66,0,,85,1,78,7,0,fire_reached_bot,0,33,33,0,0,33,0.5000,96,0.000960,33,33,fire_reached_bot,0,106,82,24,-20,28,0.5758,,0.140586,,59,fire_reached_bot,0,106,82,24,-20,28,0.5758,,0.339473,59,,fire_reached_bot,0,106,82,24,-20,28,0.5758,,15.969161,48,48,106,21,61,24,0.99,no_path,0,,Bot1|Bot2|Bot3|Bot4,0,1
145,0.35,75,440,2337670084,113731334,3646,0.648178,502,1417,55-29,37-24,34-37,45,23,45,29,28,16,1,0,1,45,0,,67,1,45,22,1,button,1,45,45,0,12,0,1.0000,285,0.002302,-1,-1,button,1,45,45,0,12,0,1.0000,285,0.018298,,-1,button,1,45,45,0,12,0,1.0000,285,0.013428,-1,,button,1,45,45,0,12,0,1.0000,285,5.148364,-1,-1,45,11,0,0,0.99,risk_path,4,Bot1|Bot2|Bot3|Bot4,,1,0
146,0.35,75,440,1787649367,1167024077,3657,0.650133,512,1392,14-28,1-15,50-67,26,26,83,75,107,101,0,0,1,26,1,26,251,1,26,225,1,button,1,26,26,0,206,0,1.0000,66,0.000434,-1,-1,button,1,26,26,0,206,0,1.0000,66,0.002676,,-1,button,1,26,26,0,206,0,1.0000,66,0.001944,-1,,button,1,26,26,0,206,0,1.0000,66,1.651943,-1,-1,26,0,0,0,0.4,risk_path,4,Bot1|Bot2|Bot3|Bot4,,1,0
147,0.35,75,440,979999953,4214328274,3643,0.647644,509,1369,73-50,6-59,2-35,108,76,110,86,54,28,1,0,1,108,0,,169,1,108,61,1,button,1,108,108,0,3,0,1.0000,676,0.008422,-1,-1,button,1,108,108,0,3,0,1.0000,676,0.088758,,-1,button,1,108,108,0,3,0,1.0000,676,0.101533,-1,,button,1,108,108,0,3,0,1.0000,676,27.060213,-1,-1,108,10,57,0,0.99,risk_path,4,Bot1|Bot2|Bot3|Bot4,,1,0
148,0.35,75,440,1054847335,3500475643,3631,0.645511,510,1332,16-42,50-74,65-40,70,66,67,51,55,49,1,0,1,70,0,,169,1,70,99,1,button,1,70,70,0,92,0,1.0000,365,0.002733,-1,-1,button,1,70,70,0,92,0,1.0000,365,0.015569,,-1,button,1,70,70,0,92,0,1.0000,365,0.013728,-1,,button,1,70,70,0,92,0,1.0000,365,11.256202,49,49,70,0,0,0,0.4,risk_path,4,Bot1|Bot2|Bot3|Bot4,,1,0
149,0.35,75,440,175257072,1831328636,3645,0.648000,497,1375,51-67,36-24,24-26,78,58,76,68,16,14,1,0,1,78,0,,43,0,,,0,walked_into_fire,0,62,62,0,-18,16,0.7949,,0.004819,34,34,fire_reached_bot,0,131,33,98,-87,45,0.4231,,0.434798,,-1,fire_reached_bot,0,131,33,98,-87,45,0.4231,,0.730965,-1,,fire_reached_bot,0,131,33,98,-87,45,0.4231,,10.024809,-1,-1,131,0,33,98,,no_path,0,,Bot1|Bot2|Bot3|Bot4,0,1
150,0.35,75,440,782275208,1449296483,3626,0.644622,490,1345,36-22,61-74,74-15,91,77,59,45,76,72,1,0,1,91,0,,168,1,91,77,1,button,1,91,91,0,65,0,1.0000,696,0.007803,-1,-1,button,1,91,91,0,65,0,1.0000,696,0.042028,,-1,button,1,91,91,0,65,0,1.0000,696,0.053250,-1,,button,1,91,91,0,65,0,1.0000,696,18.483146,10,10,91,0,0,0,0.4,risk_path,4,Bot1|Bot2|Bot3|Bot4,,1,0
151,0.35,75,440,1315622670,76071239,3641,0.647289,502,1361,31-53,41-5,48-29,80,58,61,41,35,31,1,0,1,80,0,,82,0,,,0,fire_reached_bot,0,42,42,0,0,38,0.5250,107,0.001853,-1,40,fire_reached_bot,0,42,42,0,0,38,0.5250,107,0.028414,,40,fire_reached_bot,0,96,78,18,-13,12,0.8500,,0.205362,40,,fire_reached_bot,0,42,42,0,0,38,0.5250,107,12.574787,-1,40,42,0,42,0,,shortest_path_fallback,0,,Bot1|Bot2|Bot3|Bot4,0,1
152,0.35,75,440,3579991625,3229194548,3608,0.641422,497,1331,48-13,34-13,13-45,32,14,69,67,65,53,0,0,1,32,1,32,173,1,32,141,1,button,1,32,32,0,133,0,1.0000,119,0.000854,-1,-1,button,1,32,32,0,133,0,1.0000,119,0.004165,,-1,button,1,32,32,0,133,0,1.0000,119,0.004662,-1,,button,1,32,32,0,133,0,1.0000,119,2.434374,-1,-1,32,0,0,0,0.4,risk_path,4,Bot1|Bot2|Bot3|Bot4,,1,0
153,0.35,75,440,3847139812,3509606694,3641,0.647289,498,1353,5-25,63-60,7-65,105,93,70,42,91,61,1,0,1,105,0,,212,1,105,107,1,button,1,105,105,0,46,0,1.0000,780,0.010551,-1,-1,button,1,105,105,0,46,0,1.0000,780,0.091717,,-1,button,1,105,105,0,46,0,1.0000,780,0.109378,-1,,button,1,105,105,0,46,0,1.0000,780,22.978818,16,16,105,0,0,0,0.4,risk_path,4,Bot1|Bot2|Bot3|Bot4,,1,0
154,0.35,75,440,3024991366,1532867464,3642,0.647467,510,1382,14-15,44-47,50-59,66,62,86,80,20,18,1,0,1,66,0,,61,0,,,0,walked_into_fire,0,66,66,0,-5,0,1.0000,,0.004528,62,62,fire_reached_bot,0,70,61,9,-8,5,0.9242,,0.068030,,-1,fire_reached_bot,0,70,61,9,-8,5,0.9242,,0.126058,-1,,fire_reached_bot,0,70,61,9,-8,5,0.9242,,11.480288,-1,-1,70,5,56,9,0.99,no_path,0,,Bot1|Bot2|Bot3|Bot4,0,1
155,0.35,75,440,77398656,2952771356,3656,0.649956,502,1378,31-28,68-3,37-6,66,62,34,28,46,34,1,0,1,66,0,,133,1,66,67,1,button,1,66,66,0,41,0,1.0000,425,0.003385,-1,-1,button,1,66,66,0,41,0,1.0000,425,0.010969,,-1,button,1,66,66,0,41,0,1.0000,425,0.019431,-1,,button,1,66,66,0,43,0,1.0000,425,9.863881,35,35,66,0,0,0,0.4,risk_path,4,Bot1|Bot2|Bot3|Bot4,,1,0
156,0.35,75,440,1479374087,890278548,3637,0.646578,485,1364,25-27,72-41,49-50,75,61,57,47,46,32,1,0,1,75,0,,120,1,75,45,1,button,1,75,75,0,17,0,1.0000,473,0.004853,-1,-1,button,1,75,75,0,17,0,1.0000,473,0.035330,,-1,button,1,75,75,0,17,0,1.0000,473,0.043885,-1,,button,1,75,75,0,40,0,1.0000,473,12.973262,2,2,75,9,0,0,0.99,risk_path,4,Bot1|Bot2|Bot3|Bot4,,1,0
157,0.35,75,440,2224295823,2491851967,3652,0.649244,510,1364,9-52,44-18,52-33,75,69,76,62,25,23,1,0,1,75,0,,65,0,,,0,fire_reached_bot,0,58,58,0,0,17,0.7733,510,0.003738,57,56,fire_reached_bot,0,69,65,4,-3,22,0.7067,,0.048843,,56,fire_reached_bot,0,67,65,2,-1,20,0.7333,,0.090651,56,,fire_reached_bot,0,69,65,4,-3,22,0.7067,,14.909183,-1,56,69,0,65,4,,no_path,0,,Bot1|Bot2|Bot3|Bot4,0,1
158,0.35,75,440,4250350007,863802251,3634,0.646044,516,1368,52-14,14-5,70-62,57,47,82,66,123,113,0,0,1,57,1,57,319,1,57,262,1,button,1,57,57,0,203,0,1.0000,179,0.001841,-1,-1,button,1,57,57,0,203,0,1.0000,179,0.009566,,-1,button,1,57,57,0,203,0,1.0000,179,0.011913,-1,,button,1,57,57,0,203,0,1.0000,179,7.270452,-1,-1,57,0,0,0,0.4,risk_path,4,Bot1|Bot2|Bot3|Bot4,,1,0
159,0.35,75,440,1797411092,3333033759,3625,0.644444,505,1318,69-22,18-54,2-51,89,83,106,96,21,19,1,0,1,89,0,,62,0,,,0,walked_into_fire,0,78,78,0,-15,11,0.8764,,0.006606,58,58,fire_reached_bot,0,122,57,65,-59,32,0.6404,,0.391093,,-1,fire_reached_bot,0,122,57,65,-59,32,0.6404,,0.700067,-1,,fire_reached_bot,0,122,57,65,-59,32,0.6404,,18.544185,-1,-1,122,0,57,65,,no_path,0,,Bot1|Bot2|Bot3|Bot4,0,1
160,0.35,75,440,2622103724,4030296821,3630,0.645333,510,1345,71-28,17-69,71-57,103,95,41,29,98,66,1,0,1,103,0,,252,1,103,149,1,button,1,103,103,0,75,0,1.0000,670,0.010817,-1,-1,button,1,103,103,0,75,0,1.0000,670,0.107909,,-1,button,1,103,103,0,75,0,1.0000,670,0.117913,-1,,button,1,103,103,0,54,0,1.0000,670,22.882096,16,16,103,0,0,0,0.4,risk_path,4,Bot1|Bot2|Bot3|Bot4,,1,0
161,0.35,75,440,2317555799,151919511,3653,0.649422,497,1386,39-11,9-48,34-21,71,67,19,15,58,52,1,0,1,71,0,,171,1,71,100,1,button,1,71,71,0,13,0,1.0000,481,0.004669,-1,-1,button,1,71,71,0,13,0,1.0000,481,0.025371,,-1,button,1,71,71,0,13,0,1.0000,481,0.026434,-1,,button,1,71,71,0,13,0,1.0000,481,11.127822,-1,-1,71,0,0,0,0.4,risk_path,4,Bot1|Bot2|Bot3|Bot4,,1,0
162,0.35,75,440,197254622,1131390103,3628,0.644978,492,1357,64-4,48-48,10-59,78,60,119,109,69,49,1,0,1,78,0,,166,1,78,88,1,button,1,78,78,0,88,0,1.0000,388,0.003962,-1,-1,button,1,78,78,0,88,0,1.0000,388,0.039178,,-1,button,1,78,78,0,88,0,1.0000,388,0.051606,-1,,button,1,78,78,0,88,0,1.0000,388,13.543929,-1,-1,78,0,0,0,0.4,risk_path,4,Bot1|Bot2|Bot3|Bot4,,1,0
163,0.35,75,440,2939572986,872181782,3637,0.646578,492,1354,24-49,24-6,26-14,61,43,47,37,26,10,1,0,1,61,0,,93,0,,,0,fire_reached_bot,0,35,35,0,0,26,0.5738,133,0.001283,-1,31,fire_reached_bot,0,35,35,0,0,26,0.5738,133,0.012088,,31,fire_reached_bot,0,83,71,12,0,38,0.3770,793,0.187996,31,,fire_reached_bot,0,35,35,0,0,26,0.5738,133,7.729728,-1,31,35,4,31,0,0.99,risk_path,0,,Bot1|Bot2|Bot3|Bot4,0,1
164,0.35,75,440,318478055,3662582948,3642,0.647467,515,1402,71-51,66-61,54-8,21,15,76,60,89,65,0,0,1,21,1,21,219,1,21,198,1,button,1,21,21,0,186,0,1.0000,36,0.000308,-1,-1,button,1,21,21,0,186,0,1.0000,36,0.001241,,-1,button,1,21,21,0,186,0,1.0000,36,0.001392,-1,,button,1,21,21,0,186,0,1.0000,36,1.090750,-1,-1,21,0,0,0,0.4,risk_path,4,Bot1|Bot2|Bot3|Bot4,,1,0
165,0.35,75,440,4153650681,247554762,3644,0.647822,510,1382,64-68,47-30,67-69,71,55,10,4,81,59,0,0,1,71,1,71,181,1,71,110,1,button,1,71,71,0,23,0,1.0000,290,0.003530,-1,-1,button,1,71,71,0,23,0,1.0000,290,0.029948,,-1,button,1,71,71,0,23,0,1.0000,290,0.032087,-1,,button,1,71,71,0,23,0,1.0000,290,11.721327,-1,-1,71,0,0,0,0.4,risk_path,4,Bot1|Bot2|Bot3|Bot4,,1,0
166,0.35,75,440,3449166865,1705888709,3633,0.645867,507,1380,4-1,11-58,21-60,82,64,84,76,34,12,1,0,1,82,0,,123,1,82,41,1,button,1,82,82,0,4,0,1.0000,490,0.006455,-1,-1,button,1,82,82,0,4,0,1.0000,490,0.040130,,-1,button,1,82,82,0,4,0,1.0000,490,0.049329,-1,,button,1,82,82,0,18,0,1.0000,490,16.195629,54,54,82,8,38,0,0.99,risk_path,4,Bot1|Bot2|Bot3|Bot4,,1,0
167,0.35,75,440,922269232,2098977963,3647,0.648356,511,1360,13-1,33-41,63-8,76,60,65,57,65,63,1,0,1,76,0,,130,1,76,54,1,button,1,76,76,0,40,0,1.0000,575,0.010510,-1,-1,button,1,76,76,0,40,0,1.0000,575,0.033828,,-1,button,1,76,76,0,40,0,1.0000,575,0.044351,-1,,button,1,76,76,0,40,0,1.0000,575,12.749168,26,26,76,0,0,0,0.4,risk_path,4,Bot1|Bot2|Bot3|Bot4,,1,0
168,0.35,75,440,544612032,2877135198,3672,0.652800,519,1443,73-8,4-23,58-24,108,84,33,31,77,55,1,0,1,108,0,,171,1,108,63,1,button,1,108,108,0,33,0,1.0000,1445,0.023338,-1,-1,button,1,108,108,0,33,0,1.0000,1445,0.084755,,-1,button,1,108,108,0,33,0,1.0000,1445,0.148424,-1,,button,1,108,108,0,33,0,1.0000,1445,21.097119,57,57,108,0,0,0,0.4,risk_path,4,Bot1|Bot2|Bot3|Bot4,,1,0
169,0.35,75,440,3778881665,2740835865,3659,0.650489,524,1370,53-11,25-60,12-64,89,77,106,94,17,17,1,0,1,89,0,,49,0,,,0,walked_into_fire,0,80,80,0,-30,9,0.8989,,0.011854,50,50,fire_reached_bot,0,133,49,84,-83,40,0.5506,,0.454295,,-1,fire_reached_bot,0,133,49,84,-83,40,0.5506,,0.839020,-1,,fire_reached_bot,0,133,49,84,-83,40,0.5506,,16.088100,-1,-1,133,0,49,84,,no_path,0,,Bot1|Bot2|Bot3|Bot4,0,1
170,0.35,75,440,229250927,3518222234,3643,0.647644,495,1356,14-12,17-54,46-5,67,45,45,39,78,78,0,0,1,67,1,67,181,1,67,114,1,button,1,67,67,0,114,0,1.0000,342,0.004369,-1,-1,button,1,67,67,0,114,0,1.0000,342,0.021345,,-1,button,1,67,67,0,114,0,1.0000,342,0.026468,-1,,button,1,67,67,0,114,0,1.0000,342,10.038730,26,26,67,0,0,0,0.4,risk_path,4,Bot1|Bot2|Bot3|Bot4,,1,0
171,0.35,75,440,1085318485,4112605803,3639,0.646933,508,1381,36-73,72-19,35-7,98,90,87,67,55,49,1,0,1,98,0,,146,1,98,48,1,button,1,98,98,0,19,0,1.0000,846,0.011434,-1,-1,button,1,98,98,0,19,0,1.0000,846,0.066213,,-1,button,1,98,98,0,19,0,1.0000,846,0.088779,-1,,button,1,98,98,0,33,0,1.0000,846,20.885112,19,19,98,13,13,0,0.99,risk_path,4,Bot1|Bot2|Bot3|Bot4,,1,0
172,0.35,75,440,1943131252,2533243586,3649,0.648711,504,1361,49-28,24-40,33-20,43,37,28,24,33,29,1,0,1,43,0,,68,1,43,25,1,button,1,43,43,0,5,0,1.0000,236,0.001624,-1,-1,button,1,43,43,0,5,0,1.0000,236,0.006899,,-1,button,1,43,43,0,5,0,1.0000,236,0.009311,-1,,button,1,43,43,0,5,0,1.0000,236,4.257128,-1,-1,43,0,0,0,0.4,risk_path,4,Bot1|Bot2|Bot3|Bot4,,1,0
173,0.35,75,440,815405907,3357921857,3626,0.644622,501,1351,17-10,2-58,1-70,77,63,88,76,23,13,1,0,1,77,0,,64,0,,,0,fire_reached_bot,0,65,65,0,0,12,0.8442,,0.002198,46,46,fire_reached_bot,0,120,45,75,-55,32,0.5844,,0.396471,,-1,fire_reached_bot,0,120,45,75,-55,32,0.5844,,0.862300,-1,,fire_reached_bot,0,120,45,75,-55,32,0.5844,,12.969464,-1,-1,120,0,45,75,,no_path,0,,Bot1|Bot2|Bot3|Bot4,0,1
174,0.35,75,440,2300978891,2614612160,3647,0.648356,501,1375,29-35,5-65,18-74,54,54,60,50,26,22,1,0,1,54,0,,71,1,54,17,1,button,1,54,54,0,13,0,1.0000,94,0.001138,-1,-1,button,1,54,54,0,13,0,1.0000,94,0.009272,,-1,button,1,54,54,0,13,0,1.0000,94,0.009613,-1,,button,1,54,54,0,13,0,1.0000,94,7.177146,-1,-1,54,8,15,0,0.99,risk_path,4,Bot1|Bot2|Bot3|Bot4,,1,0
175,0.35,75,440,2018207897,3314081923,3620,0.643556,501,1355,16-10,53-27,60-70,66,54,122,104,56,50,1,0,1,66,0,,145,1,66,79,1,button,1,66,66,0,79,0,1.0000,398,0.004200,-1,-1,button,1,66,66,0,79,0,1.0000,398,0.022755,,-1,button,1,66,66,0,79,0,1.0000,398,0.027078,-1,,button,1,66,66,0,79,0,1.0000,398,9.496951,23,23,66,0,0,0,0.4,risk_path,4,Bot1|Bot2|Bot3|Bot4,,1,0
176,0.35,75,440,2818097894,3512310857,3632,0.645689,509,1342,11-44,26-37,59-48,46,22,74,52,66,44,0,0,1,46,1,46,180,1,46,134,1,button,1,46,46,0,106,0,1.0000,87,0.001163,-1,-1,button,1,46,46,0,106,0,1.0000,87,0.011707,,-1,button,1,46,46,0,106,0,1.0000,87,0.011668,-1,,button,1,46,46,0,106,0,1.0000,87,4.879468,6,6,46,0,0,0,0.4,risk_path,4,Bot1|Bot2|Bot3|Bot4,,1,0
177,0.35,75,440,2027427399,1220179851,3630,0.645333,486,1356,30-38,73-15,50-71,66,66,63,53,95,79,0,0,1,66,1,66,256,1,66,190,1,button,1,66,66,0,134,0,1.0000,94,0.000908,-1,-1,button,1,66,66,0,134,0,1.0000,94,0.009387,,-1,button,1,66,66,0,134,0,1.0000,94,0.008135,-1,,button,1,66,66,0,134,0,1.0000,94,10.145848,37,37,66,0,0,0,0.4,risk_path,4,Bot1|Bot2|Bot3|Bot4,,1,0
178,0.35,75,440,3599993327,1032513067,3649,0.648711,514,1379,52-28,3-70,60-5,101,91,39,31,122,122,0,0,1,101,1,101,311,1,101,210,1,button,1,101,101,0,78,0,1.0000,742,0.010989,-1,-1,button,1,101,101,0,78,0,1.0000,742,0.040774,,-1,button,1,101,101,0,78,0,1.0000,742,0.055778,-1,,button,1,101,101,0,78,0,1.0000,742,20.674784,-1,-1,101,0,0,0,0.4,risk_path,4,Bot1|Bot2|Bot3|Bot4,,1,0
179,0.35,75,440,2543364003,1899170686,3632,0.645689,503,1387,41-38,55-52,67-5,34,28,63,59,69,59,0,0,1,34,1,34,180,1,34,146,1,button,1,34,34,0,146,0,1.0000,32,0.000630,-1,-1,button,1,34,34,0,146,0,1.0000,32,0.003273,,-1,button,1,34,34,0,146,0,1.0000,32,0.003493,-1,,button,1,34,34,0,146,0,1.0000,32,2.746526,19,19,34,0,0,0,0.4,risk_path,4,Bot1|Bot2|Bot3|Bot4,,1,0
180,0.35,75,440,1116830270,123999137,3635,0.646222,502,1362,41-21,71-69,61-69,92,78,78,68,30,10,1,0,1,92,0,,73,0,,,0,walked_into_fire,0,57,57,0,-2,35,0.6196,154,0.003938,32,32,fire_reached_bot,0,116,31,85,-42,61,0.3370,,0.473702,,-1,fire_reached_bot,0,116,31,85,-42,61,0.3370,,0.957088,-1,,fire_reached_bot,0,116,31,85,-42,61,0.3370,,13.320891,-1,-1,116,0,31,85,,no_path,0,,Bot1|Bot2|Bot3|Bot4,0,1
181,0.35,75,440,4129245186,2777447817,3675,0.653333,520,1414,58-11,69-10,38-59,16,12,74,68,86,80,0,0,1,16,1,16,228,1,16,212,1,button,1,16,16,0,195,0,1.0000,6,0.000214,-1,-1,button,1,16,16,0,195,0,1.0000,6,0.000688,,-1,button,1,16,16,0,195,0,1.0000,6,0.000908,-1,,button,1,16,16,0,195,0,1.0000,6,0.828507,2,2,16,0,0,0,0.4,risk_path,4,Bot1|Bot2|Bot3|Bot4,,1,0
182,0.35,75,440,699038936,1084992602,3641,0.647289,516,1390,25-21,56-28,5-35,46,38,36,34,74,58,0,0,1,46,1,46,186,1,46,140,1,button,1,46,46,0,87,0,1.0000,223,0.002070,-1,-1,button,1,46,46,0,87,0,1.0000,223,0.005998,,-1,button,1,46,46,0,87,0,1.0000,223,0.009897,-1,,button,1,46,46,0,87,0,1.0000,223,4.853071,18,18,46,0,0,0,0.4,risk_path,4,Bot1|Bot2|Bot3|Bot4,,1,0
183,0.35,75,440,3412191491,4070376951,3637,0.646578,496,1387,62-44,41-67,63-45,54,44,2,2,56,44,0,0,1,54,1,54,149,1,54,95,1,button,1,54,54,0,3,0,1.0000,412,0.004197,-1,-1,button,1,54,54,0,3,0,1.0000,412,0.011660,,-1,button,1,54,54,0,3,0,1.0000,412,0.019223,-1,,button,1,54,54,0,3,0,1.0000,412,6.703784,-1,-1,54,0,0,0,0.4,risk_path,4,Bot1|Bot2|Bot3|Bot4,,1,0
184,0.35,75,440,1126362104,2531367481,3631,0.645511,503,1386,31-17,21-48,48-3,53,41,39,31,78,72,0,0,1,53,1,53,192,1,53,139,1,button,1,53,53,0,72,0,1.0000,173,0.001909,-1,-1,button,1,53,53,0,72,0,1.0000,173,0.010739,,-1,button,1,53,53,0,72,0,1.0000,173,0.015573,-1,,button,1,53,53,0,72,0,1.0000,173,6.575413,-1,-1,53,0,0,0,0.4,risk_path,4,Bot1|Bot2|Bot3|Bot4,,1,0
185,0.35,75,440,3977488963,3994077294,3647,0.648356,515,1343,30-40,24-6,35-13,52,40,46,32,18,18,1,0,1,52,0,,32,0,,,0,fire_reached_bot,0,42,42,0,-9,10,0.8077,,0.002117,31,31,fire_reached_bot,0,77,30,47,-44,22,0.5769,,0.250960,,-1,fire_reached_bot,0,77,30,47,-44,22,0.5769,,0.516620,-1,,fire_reached_bot,0,77,30,47,-44,22,0.5769,,6.549923,-1,-1,77,0,30,47,,no_path,0,,Bot1|Bot2|Bot3|Bot4,0,1
186,0.35,75,440,2126553979,2609949610,3626,0.644622,490,1334,13-61,42-74,58-35,42,42,73,71,61,55,0,0,1,42,1,42,160,1,42,118,1,button,1,42,42,0,118,0,1.0000,140,0.001310,-1,-1,button,1,42,42,0,118,0,1.0000,140,0.004446,,-1,button,1,42,42,0,118,0,1.0000,140,0.004952,-1,,button,1,42,42,0,118,0,1.0000,140,4.236031,6,6,42,0,0,0,0.4,risk_path,4,Bot1|Bot2|Bot3|Bot4,,1,0
187,0.35,75,440,604629814,3122588556,3651,0.649067,512,1393,42-22,48-26,40-11,12,10,19,13,31,23,0,0,1,12,1,12,70,1,12,58,1,button,1,12,12,0,39,0,1.0000,16,0.000177,-1,-1,button,1,12,12,0,39,0,1.0000,16,0.000402,,-1,button,1,12,12,0,39,0,1.0000,16,0.000399,-1,,button,1,12,12,0,39,0,1.0000,16,0.445996,-1,-1,12,0,0,0,0.4,risk_path,4,Bot1|Bot2|Bot3|Bot4,,1,0
188,0.35,75,440,2717215071,3838181151,3669,0.652267,516,1402,4-12,43-12,69-67,83,39,120,120,91,81,0,0,1,83,1,83,229,1,83,146,1,button,1,83,83,0,128,0,1.0000,516,0.008989,-1,-1,button,1,83,83,0,128,0,1.0000,516,0.061764,,-1,button,1,83,83,0,128,0,1.0000,516,0.071217,-1,,button,1,83,83,0,128,0,1.0000,516,15.628860,34,34,83,0,0,0,0.4,risk_path,4,Bot1|Bot2|Bot3|Bot4,,1,0
189,0.35,75,440,899400218,1033562852,3653,0.649422,519,1408,15-65,68-61,7-10,91,57,95,63,132,112,0,0,1,91,1,91,364,1,91,273,1,button,1,91,91,0,219,0,1.0000,87,0.002652,-1,-1,button,1,91,91,0,219,0,1.0000,87,0.034634,,-1,button,1,91,91,0,219,0,1.0000,87,0.042864,-1,,button,1,91,91,0,219,0,1.0000,87,19.546522,22,22,91,0,0,0,0.4,risk_path,4,Bot1|Bot2|Bot3|Bot4,,1,0
190,0.35,75,440,3481980839,2844192455,3636,0.646400,506,1365,69-53,58-13,16-44,61,51,78,62,77,73,0,0,1,61,1,61,187,1,61,126,1,button,1,61,61,0,110,0,1.0000,404,0.003116,-1,-1,button,1,61,61,0,110,0,1.0000,404,0.014630,,-1,button,1,61,61,0,110,0,1.0000,404,0.019277,-1,,button,1,61,61,0,110,0,1.0000,404,8.158678,-1,-1,61,0,0,0,0.4,risk_path,4,Bot1|Bot2|Bot3|Bot4,,1,0
191,0.35,75,440,1615916817,2432315316,3635,0.646222,508,1385,2-12,63-7,37-53,84,66,84,76,96,72,0,0,1,84,1,84,228,1,84,144,1,button,1,84,84,0,118,0,1.0000,722,0.005779,-1,-1,button,1,84,84,0,118,0,1.0000,722,0.025568,,-1,button,1,84,84,0,118,0,1.0000,722,0.032800,-1,,button,1,84,84,0,118,0,1.0000,722,14.884486,4,4,84,0,0,0,0.4,risk_path,4,Bot1|Bot2|Bot3|Bot4,,1,0
192,0.35,75,440,3898521735,118069459,3640,0.647111,503,1357,65-51,13-31,35-4,78,72,95,77,65,49,1,0,1,78,0,,154,1,78,76,1,button,1,78,78,0,76,0,1.0000,278,0.002919,-1,-1,button,1,78,78,0,76,0,1.0000,278,0.024530,,-1,button,1,78,78,0,76,0,1.0000,278,0.034732,-1,,button,1,78,78,0,76,0,1.0000,278,13.948497,-1,-1,78,0,0,0,0.4,risk_path,4,Bot1|Bot2|Bot3|Bot4,,1,0
193,0.35,75,440,2444658365,2126892776,3649,0.648711,505,1399,33-16,18-42,60-74,45,41,103,85,80,74,0,0,1,45,1,45,176,1,45,131,1,button,1,45,45,0,109,0,1.0000,181,0.001313,-1,-1,button,1,45,45,0,109,0,1.0000,181,0.006995,,-1,button,1,45,45,0,109,0,1.0000,181,0.012327,-1,,button,1,45,45,0,109,0,1.0000,181,4.824509,-1,-1,45,0,0,0,0.4,risk_path,4,Bot1|Bot2|Bot3|Bot4,,1,0
194,0.35,75,440,2214062488,49670459,3680,0.654222,504,1424,54-28,6-56,20-24,80,76,58,38,60,46,1,0,1,80,0,,148,1,80,68,1,button,1,80,80,0,23,0,1.0000,867,0.007190,-1,-1,button,1,80,80,0,23,0,1.0000,867,0.036854,,-1,button,1,80,80,0,23,0,1.0000,867,0.059726,-1,,button,1,80,80,0,23,0,1.0000,867,13.871634,-1,-1,80,0,0,0,0.4,risk_path,4,Bot1|Bot2|Bot3|Bot4,,1,0
195,0.35,75,440,1449191703,2718877568,3592,0.638578,491,1324,33-21,17-58,26-24,55,53,12,10,53,43,1,0,1,55,0,,135,1,55,80,1,button,1,55,55,0,26,0,1.0000,217,0.001327,-1,-1,button,1,55,55,0,26,0,1.0000,217,0.007469,,-1,button,1,55,55,0,26,0,1.0000,217,0.009973,-1,,button,1,55,55,0,26,0,1.0000,217,6.852936,-1,-1,55,0,0,0,0.4,risk_path,4,Bot1|Bot2|Bot3|Bot4,,1,0
196,0.35,75,440,2745450280,3961164760,3646,0.648178,520,1434,24-70,36-17,51-9,95,65,110,88,25,23,1,0,1,95,0,,54,0,,,0,walked_into_fire,0,82,82,0,-27,13,0.8632,,0.008732,55,55,fire_reached_bot,0,151,54,97,-96,41,0.5684,,0.459536,,-1,fire_reached_bot,0,151,54,97,-96,41,0.5684,,0.908232,-1,,fire_reached_bot,0,151,54,97,-96,41,0.5684,,18.241519,-1,-1,151,0,54,97,,no_path,0,,Bot1|Bot2|Bot3|Bot4,0,1
197,0.35,75,440,1134599302,4132178095,3653,0.649422,495,1397,20-37,62-2,57-46,77,77,56,46,65,49,1,0,1,77,0,,164,1,77,87,1,button,1,77,77,0,61,0,1.0000,751,0.006236,-1,-1,button,1,77,77,0,61,0,1.0000,751,0.021460,,-1,button,1,77,77,0,61,0,1.0000,751,0.031549,-1,,button,1,77,77,0,46,0,1.0000,751,12.924170,20,20,77,0,0,0,0.4,risk_path,4,Bot1|Bot2|Bot3|Bot4,,1,0
198,0.35,75,440,3387618525,4213744687,3637,0.646578,501,1335,25-12,26-27,73-32,32,16,80,68,70,52,0,0,1,32,1,32,197,1,32,165,1,button,1,32,32,0,155,0,1.0000,34,0.000497,-1,-1,button,1,32,32,0,155,0,1.0000,34,0.002461,,-1,button,1,32,32,0,155,0,1.0000,34,0.002911,-1,,button,1,32,32,0,155,0,1.0000,34,2.448830,-1,-1,32,0,0,0,0.4,risk_path,4,Bot1|Bot2|Bot3|Bot4,,1,0
199,0.35,75,440,3963364150,1255751458,3646,0.648178,503,1378,31-11,73-33,7-36,76,64,53,49,91,69,0,0,1,76,1,76,232,1,76,156,1,button,1,76,76,0,109,0,1.0000,493,0.006180,-1,-1,button,1,76,76,0,109,0,1.0000,493,0.028026,,-1,button,1,76,76,0,109,0,1.0000,493,0.030253,-1,,button,1,76,76,0,142,0,1.0000,493,13.033236,1,1,76,0,0,0,0.4,risk_path,4,Bot1|Bot2|Bot3|Bot4,,1,0
200,0.35,75,440,687047578,4017936739,3628,0.644978,511,1337,27-51,69-32,8-40,65,61,30,30,79,69,0,0,1,65,1,65,201,1,65,136,1,button,1,65,65,0,56,0,1.0000,505,0.006957,-1,-1,button,1,65,65,0,56,0,1.0000,505,0.023746,,-1,button,1,65,65,0,56,0,1.0000,505,0.023893,-1,,button,1,65,65,0,56,0,1.0000,505,10.012220,16,16,65,0,0,0,0.4,risk_path,4,Bot1|Bot2|Bot3|Bot4,,1,0
201,0.35,75,440,3808654913,1437651723,3644,0.647822,506,1376,73-63,38-16,62-70,86,82,34,18,84,78,1,0,1,86,0,,177,1,86,91,1,button,1,86,86,0,24,0,1.0000,456,0.010325,-1,-1,button,1,86,86,0,24,0,1.0000,456,0.030759,,-1,button,1,86,86,0,24,0,1.0000,456,0.037172,-1,,button,1,86,86,0,24,0,1.0000,456,16.629946,9,9,86,0,0,0,0.4,risk_path,4,Bot1|Bot2|Bot3|Bot4,,1,0
202,0.35,75,440,479682215,117614757,3621,0.643733,510,1341,36-35,34-65,43-19,46,32,39,23,81,55,0,0,1,46,1,46,178,1,46,132,1,button,1,46,46,0,83,0,1.0000,127,0.001785,-1,-1,button,1,46,46,0,83,0,1.0000,127,0.007146,,-1,button,1,46,46,0,83,0,1.0000,127,0.008062,-1,,button,1,46,46,0,83,0,1.0000,127,5.109794,-1,-1,46,0,0,0,0.4,risk_path,4,Bot1|Bot2|Bot3|Bot4,,1,0
203,0.35,75,440,1496475200,4047105304,3645,0.648000,514,1350,51-1,14-73,56-29,117,109,43,33,88,86,1,0,1,117,0,,197,1,121,76,0,fire_reached_bot,0,30,30,0,0,87,0.2564,111,0.002076,-1,23,fire_reached_bot,0,30,30,0,0,87,0.2564,111,0.036206,,23,button,1,123,123,0,6,0,1.0000,2033,0.134528,23,,button,1,121,121,0,8,0,1.0000,1974,25.593702,22,22,121,20,9,0,0.99,risk_path,2,Bot3|Bot4,Bot1|Bot2,0,0
204,0.35,75,440,505044942,177768735,3649,0.648711,507,1385,16-40,65-14,63-49,81,75,68,56,65,37,1,0,1,81,0,,151,1,81,70,1,button,1,81,81,0,30,0,1.0000,574,0.005407,-1,-1,button,1,81,81,0,30,0,1.0000,574,0.038218,,-1,button,1,81,81,0,30,0,1.0000,574,0.035157,-1,,button,1,81,81,0,30,0,1.0000,574,14.688775,38,38,81,0,0,0,0.4,risk_path,4,Bot1|Bot2|Bot3|Bot4,,1,0
205,0.35,75,440,2592851329,1842348790,3662,0.651022,518,1377,6-43,55-29,67-0,81,63,112,104,51,41,1,0,1,81,0,,124,1,81,43,1,button,1,81,81,0,30,0,1.0000,377,0.004625,-1,-1,button,1,81,81,0,30,0,1.0000,377,0.045624,,-1,button,1,81,81,0,30,0,1.0000,377,0.046737,-1,,button,1,81,81,0,30,0,1.0000,377,16.212843,17,17,81,12,0,0,0.99,risk_path,4,Bot1|Bot2|Bot3|Bot4,,1,0
206,0.35,75,440,3837839052,4278048444,3662,0.651022,509,1415,49-20,41-20,45-66,10,8,62,50,64,50,0,0,1,10,1,10,169,1,10,159,1,button,1,10,10,0,148,0,1.0000,25,0.000125,-1,-1,button,1,10,10,0,148,0,1.0000,25,0.000254,,-1,button,1,10,10,0,148,0,1.0000,25,0.000376,-1,,button,1,10,10,0,150,0,1.0000,25,0.388062,1,1,10,0,0,0,0.4,risk_path,4,Bot1|Bot2|Bot3|Bot4,,1,0
207,0.35,75,440,4060788553,845069922,3646,0.648178,517,1375,13-16,67-34,60-28,86,72,81,59,13,13,1,0,1,86,0,,33,0,,,0,fire_reached_bot,0,56,56,0,-22,30,0.6512,,0.003658,32,32,fire_reached_bot,0,122,31,91,-88,55,0.3605,,0.430084,,-1,fire_reached_bot,0,122,31,91,-88,55,0.3605,,0.872772,-1,,fire_reached_bot,0,122,31,91,-88,55,0.3605,,10.548110,-1,-1,122,0,31,91,,no_path,0,,Bot1|Bot2|Bot3|Bot4,0,1
208,0.35,75,440,1921987437,1998653501,3636,0.646400,506,1373,74-46,4-55,7-25,107,79,108,88,45,33,1,0,1,107,0,,100,0,,,0,fire_reached_bot,0,106,106,0,-5,1,0.9907,,0.012408,101,101,fire_reached_bot,0,118,100,18,-17,7,0.9346,,0.154908,,-1,fire_reached_bot,0,118,100,18,-17,7,0.9346,,0.259534,-1,,fire_reached_bot,0,118,100,18,-17,7,0.9346,,27.427747,-1,-1,118,15,85,18,0.99,no_path,0,,Bot1|Bot2|Bot3|Bot4,0,1
209,0.35,75,440,2984244257,2435512816,3670,0.652444,500,1412,29-21,22-1,14-24,37,27,42,18,53,31,0,0,1,37,1,37,125,1,37,88,1,button,1,37,37,0,58,0,1.0000,107,0.000853,-1,-1,button,1,37,37,0,58,0,1.0000,107,0.004529,,-1,button,1,37,37,0,58,0,1.0000,107,0.004894,-1,,button,1,37,37,0,58,0,1.0000,107,3.224014,-1,-1,37,0,0,0,0.4,risk_path,4,Bot1|Bot2|Bot3|Bot4,,1,0
210,0.35,75,440,1735617669,2279655686,3643,0.647644,510,1392,61-49,6-10,2-50,100,94,80,60,72,44,1,0,1,100,0,,190,1,100,90,1,button,1,100,100,0,70,0,1.0000,488,0.007105,-1,-1,button,1,100,100,0,70,0,1.0000,488,0.048996,,-1,button,1,100,100,0,70,0,1.0000,488,0.053883,-1,,button,1,100,100,0,70,0,1.0000,488,21.449927,-1,-1,100,0,0,0,0.4,risk_path,4,Bot1|Bot2|Bot3|Bot4,,1,0
211,0.35,75,440,741719091,4088483574,3654,0.649600,511,1417,7-48,46-4,1-6,87,83,60,48,63,47,1,0,1,87,0,,172,1,87,85,1,button,1,87,87,0,56,0,1.0000,243,0.004575,-1,-1,button,1,87,87,0,56,0,1.0000,243,0.032941,,-1,button,1,87,87,0,56,0,1.0000,243,0.032521,-1,,button,1,87,87,0,83,0,1.0000,243,17.026336,29,29,87,0,0,0,0.4,risk_path,4,Bot1|Bot2|Bot3|Bot4,,1,0
212,0.35,75,440,43164127,71827648,3665,0.651556,501,1384,71-28,42-51,34-71,58,52,92,80,34,28,1,0,1,58,0,,93,1,58,35,1,button,1,58,58,0,35,0,1.0000,134,0.001725,-1,-1,button,1,58,58,0,35,0,1.0000,134,0.013037,,-1,button,1,58,58,0,35,0,1.0000,134,0.011432,-1,,button,1,58,58,0,35,0,1.0000,134,8.812447,-1,-1,58,15,0,0,0.99,risk_path,4,Bot1|Bot2|Bot3|Bot4,,1,0
213,0.35,75,440,1597394174,606359399,3657,0.650133,510,1407,65-30,32-37,23-68,54,40,86,80,52,40,1,0,1,54,0,,152,1,54,98,1,button,1,54,54,0,74,0,1.0000,284,0.002426,-1,-1,button,1,54,54,0,74,0,1.0000,284,0.011350,,-1,button,1,54,54,0,74,0,1.0000,284,0.012104,-1,,button,1,54,54,0,74,0,1.0000,284,6.800926,-1,-1,54,0,0,0,0.4,risk_path,4,Bot1|Bot2|Bot3|Bot4,,1,0
214,0.35,75,440,3435905294,2392089260,3647,0.648356,496,1383,21-73,38-43,5-63,65,47,30,26,71,53,0,0,1,65,1,65,189,1,65,124,1,button,1,65,65,0,47,0,1.0000,407,0.004028,-1,-1,button,1,65,65,0,47,0,1.0000,407,0.029226,,-1,button,1,65,65,0,47,0,1.0000,407,0.021939,-1,,button,1,65,65,0,49,0,1.0000,407,9.810888,2,2,65,0,0,0,0.4,risk_path,4,Bot1|Bot2|Bot3|Bot4,,1,0
215,0.35,75,440,538301983,4070519892,3626,0.644622,499,1356,51-64,36-73,37-37,50,24,51,41,51,37,0,0,1,50,1,50,122,1,50,72,1,button,1,50,50,0,58,0,1.0000,259,0.001877,-1,-1,button,1,50,50,0,58,0,1.0000,259,0.014875,,-1,button,1,50,50,0,58,0,1.0000,259,0.012481,-1,,button,1,50,50,0,58,0,1.0000,259,5.803822,39,39,50,0,0,0,0.4,risk_path,4,Bot1|Bot2|Bot3|Bot4,,1,0
216,0.35,75,440,1948681360,2814169751,3667,0.651911,505,1403,15-18,25-22,10-13,14,14,30,10,30,24,0,0,1,14,1,14,63,1,14,49,1,button,1,14,14,0,39,0,1.0000,21,0.000135,-1,-1,button,1,14,14,0,39,0,1.0000,21,0.000600,,-1,button,1,14,14,0,39,0,1.0000,21,0.000454,-1,,button,1,14,14,0,39,0,1.0000,21,0.569158,-1,-1,14,0,0,0,0.4,risk_path,4,Bot1|Bot2|Bot3|Bot4,,1,0
217,0.35,75,440,234546496,899763894,3644,0.647822,506,1364,33-28,9-36,33-5,44,32,45,23,61,55,0,0,1,44,1,44,136,1,44,92,1,button,1,44,44,0,84,0,1.0000,128,0.001268,-1,-1,button,1,44,44,0,84,0,1.0000,128,0.012336,,-1,button,1,44,44,0,84,0,1.0000,128,0.008382,-1,,button,1,44,44,0,84,0,1.0000,128,4.689801,43,43,44,0,0,0,0.4,risk_path,4,Bot1|Bot2|Bot3|Bot4,,1,0
218,0.35,75,440,2601635953,347498,3653,0.649422,506,1409,29-59,4-21,38-7,73,63,75,61,62,48,1,0,1,73,0,,129,1,73,56,1,button,1,73,73,0,56,0,1.0000,498,0.006294,-1,-1,button,1,73,73,0,56,0,1.0000,498,0.032840,,-1,button,1,73,73,0,56,0,1.0000,498,0.035321,-1,,button,1,73,73,0,47,0,1.0000,498,12.447747,60,60,73,0,0,0,0.4,risk_path,4,Bot1|Bot2|Bot3|Bot4,,1,0
219,0.35,75,440,1873523526,189957216,3638,0.646756,508,1348,47-9,28-54,6-25,72,64,71,57,51,51,1,0,1,72,0,,142,1,72,70,1,button,1,72,72,0,54,0,1.0000,350,0.003675,-1,-1,button,1,72,72,0,54,0,1.0000,350,0.019419,,-1,button,1,72,72,0,54,0,1.0000,350,0.022378,-1,,button,1,72,72,0,54,0,1.0000,350,12.066694,-1,-1,72,0,0,0,0.4,risk_path,4,Bot1|Bot2|Bot3|Bot4,,1,0
220,0.35,75,440,650066665,1525053087,3651,0.649067,495,1389,47-54,47-10,5-72,80,44,60,60,126,104,0,0,1,80,1,80,293,1,80,213,1,button,1,80,80,0,139,0,1.0000,319,0.005149,-1,-1,button,1,80,80,0,139,0,1.0000,319,0.050106,,-1,button,1,80,80,0,139,0,1.0000,319,0.055384,-1,,button,1,80,80,0,139,0,1.0000,319,15.236081,39,39,80,0,0,0,0.4,risk_path,4,Bot1|Bot2|Bot3|Bot4,,1,0
221,0.35,75,440,1404877065,2420011909,3640,0.647111,507,1408,54-38,31-51,53-61,38,36,34,24,34,32,1,0,1,38,0,,88,1,38,50,1,button,1,38,38,0,26,0,1.0000,182,0.001063,-1,-1,button,1,38,38,0,26,0,1.0000,182,0.003727,,-1,button,1,38,38,0,26,0,1.0000,182,0.006762,-1,,button,1,38,38,0,26,0,1.0000,182,3.577317,-1,-1,38,0,0,0,0.4,risk_path,4,Bot1|Bot2|Bot3|Bot4,,1,0
222,0.35,75,440,1871520942,110449919,3642,0.647467,513,1411,44-69,25-70,38-55,30,20,22,20,30,28,0,0,1,30,0,,72,1,30,42,1,button,1,30,30,0,11,0,1.0000,124,0.000917,-1,-1,button,1,30,30,0,11,0,1.0000,124,0.002535,,-1,button,1,30,30,0,11,0,1.0000,124,0.004485,-1,,button,1,30,30,0,11,0,1.0000,124,2.197172,-1,-1,30,0,0,0,0.4,risk_path,4,Bot1|Bot2|Bot3|Bot4,,1,0
223,0.35,75,440,1891869098,1845810528,3648,0.648533,505,1371,6-33,19-36,72-72,22,16,113,105,101,89,0,0,1,22,1,22,217,1,22,195,1,button,1,22,22,0,195,0,1.0000,31,0.000351,-1,-1,button,1,22,22,0,195,0,1.0000,31,0.001602,,-1,button,1,22,22,0,195,0,1.0000,31,0.002516,-1,,button,1,22,22,0,195,0,1.0000,31,1.268588,6,6,22,0,0,0,0.4,risk_path,4,Bot1|Bot2|Bot3|Bot4,,1,0
224,0.35,75,440,3946411396,399432510,3628,0.644978,507,1377,14-74,47-31,63-44,84,76,81,79,29,29,1,0,1,84,0,,67,0,,,0,walked_into_fire,0,66,66,0,-3,18,0.7857,473,0.003890,64,58,fire_reached_bot,0,78,67,11,-10,25,0.7024,,0.080316,,58,fire_reached_bot,0,117,67,50,-49,37,0.5595,,0.451435,58,,fire_reached_bot,0,78,67,11,-10,25,0.7024,,17.214267,-1,58,78,0,67,11,,no_path,0,,Bot1|Bot2|Bot3|Bot4,0,1
225,0.35,75,440,395123674,1705726284,3633,0.645867,498,1354,41-14,11-70,23-1,104,86,31,31,101,81,1,0,1,104,0,,240,1,104,136,1,button,1,104,104,0,13,0,1.0000,997,0.012699,-1,-1,button,1,104,104,0,13,0,1.0000,997,0.096140,,-1,button,1,104,104,0,13,0,1.0000,997,0.109888,-1,,button,1,104,104,0,13,0,1.0000,997,22.196222,-1,-1,104,0,0,0,0.4,risk_path,4,Bot1|Bot2|Bot3|Bot4,,1,0
226,0.35,75,440,3383174174,417879336,3627,0.644800,505,1348,17-6,56-70,55-30,107,103,74,62,69,41,1,0,1,107,0,,158,1,107,51,1,button,1,107,107,0,20,0,1.0000,1292,0.015303,-1,-1,button,1,107,107,0,20,0,1.0000,1292,0.068211,,-1,button,1,107,107,0,20,0,1.0000,1292,0.087925,-1,,button,1,107,107,0,8,0,1.0000,1292,22.710999,41,41,107,24,7,0,0.99,risk_path,4,Bot1|Bot2|Bot3|Bot4,,1,0
227,0.35,75,440,3707428535,2930291685,3639,0.646933,499,1357,56-26,19-62,37-36,75,73,29,29,46,44,1,1,1,77,0,,105,1,99,6,0,walked_into_fire,0,26,26,0,-2,51,0.3200,114,0.001240,21,21,button,1,99,99,0,2,0,1.0000,1482,0.041538,,-1,button,1,99,99,0,2,0,1.0000,1482,0.070315,-1,,button,1,99,99,0,2,0,1.0000,1482,20.085047,-1,-1,99,12,80,0,0.99,risk_path,3,Bot2|Bot3|Bot4,Bot1,0,0
228,0.35,75,440,3499156370,436825089,3645,0.648000,501,1328,35-35,25-53,19-70,28,28,53,51,25,23,1,0,1,28,0,,61,1,28,33,1,button,1,28,28,0,33,0,1.0000,86,0.000662,-1,-1,button,1,28,28,0,33,0,1.0000,86,0.001626,,-1,button,1,28,28,0,33,0,1.0000,86,0.002580,-1,,button,1,28,28,0,33,0,1.0000,86,1.965695,-1,-1,28,0,0,0,0.4,risk_path,4,Bot1|Bot2|Bot3|Bot4,,1,0
229,0.35,75,440,3921431972,3691631192,3657,0.650133,515,1411,71-56,12-49,11-66,82,66,84,70,36,18,1,0,1,82,0,,91,0,,,0,walked_into_fire,0,66,66,0,-2,16,0.8049,410,0.005059,65,65,fire_reached_bot,0,94,80,14,-2,12,0.8537,,0.118007,,68,fire_reached_bot,0,87,80,7,0,10,0.8780,649,0.135658,68,,fire_reached_bot,0,94,80,14,-2,12,0.8537,,18.086419,-1,68,94,8,72,14,0.99,no_path,0,,Bot1|Bot2|Bot3|Bot4,0,1
230,0.35,75,440,2971960596,3817885116,3644,0.647822,509,1406,9-53,0-65,17-45,21,21,24,16,45,37,0,0,1,21,1,21,98,1,21,77,1,button,1,21,21,0,47,0,1.0000,62,0.000329,-1,-1,button,1,21,21,0,47,0,1.0000,62,0.001700,,-1,button,1,21,21,0,47,0,1.0000,62,0.001394,-1,,button,1,21,21,0,47,0,1.0000,62,1.183072,-1,-1,21,0,0,0,0.4,risk_path,4,Bot1|Bot2|Bot3|Bot4,,1,0
231,0.35,75,440,230717013,2732343365,3677,0.653689,507,1415,18-47,11-37,32-8,17,17,63,53,56,50,0,0,1,17,1,17,143,1,17,126,1,button,1,17,17,0,118,0,1.0000,27,0.000207,-1,-1,button,1,17,17,0,118,0,1.0000,27,0.000999,,-1,button,1,17,17,0,118,0,1.0000,27,0.000811,-1,,button,1,17,17,0,118,0,1.0000,27,0.792477,-1,-1,17,0,0,0,0.4,risk_path,4,Bot1|Bot2|Bot3|Bot4,,1,0
232,0.35,75,440,1277540315,2568731835,3650,0.648889,492,1378,51-49,20-26,68-25,56,54,47,41,73,49,0,0,1,56,1,56,187,1,56,131,1,button,1,56,56,0,96,0,1.0000,284,0.002598,-1,-1,button,1,56,56,0,96,0,1.0000,284,0.011221,,-1,button,1,56,56,0,96,0,1.0000,284,0.012925,-1,,button,1,56,56,0,96,0,1.0000,284,7.317753,-1,-1,56,0,0,0,0.4,risk_path,4,Bot1|Bot2|Bot3|Bot4,,1,0
233,0.35,75,440,2601371361,3429438074,3616,0.642844,495,1327,48-24,49-48,54-71,47,25,75,53,40,28,1,0,1,47,0,,96,1,47,49,1,button,1,47,47,0,49,0,1.0000,222,0.001879,-1,-1,button,1,47,47,0,49,0,1.0000,222,0.011566,,-1,button,1,47,47,0,49,0,1.0000,222,0.011122,-1,,button,1,47,47,0,49,0,1.0000,222,5.512360,1,1,47,0,0,0,0.4,risk_path,4,Bot1|Bot2|Bot3|Bot4,,1,0
234,0.35,75,440,2175815046,2513501025,3671,0.652622,515,1422,60-58,33-61,26-34,36,30,66,58,42,34,0,0,1,36,1,36,107,1,36,71,1,button,1,36,36,0,69,0,1.0000,57,0.000533,-1,-1,button,1,36,36,0,69,0,1.0000,57,0.004691,,-1,button,1,36,36,0,69,0,1.0000,57,0.003946,-1,,button,1,36,36,0,69,0,1.0000,57,3.426463,-1,-1,36,0,0,0,0.4,risk_path,4,Bot1|Bot2|Bot3|Bot4,,1,0
235,0.35,75,440,2903687551,1508666098,3664,0.651378,508,1412,62-11,20-70,59-72,105,101,88,64,77,41,1,0,1,105,0,,187,1,105,82,1,button,1,105,105,0,39,0,1.0000,702,0.009358,-1,-1,button,1,105,105,0,39,0,1.0000,702,0.075076,,-1,button,1,105,105,0,39,0,1.0000,702,0.090681,-1,,button,1,105,105,0,39,0,1.0000,702,24.178093,-1,-1,105,0,0,0,0.4,risk_path,4,Bot1|Bot2|Bot3|Bot4,,1,0
236,0.35,75,440,2767072028,3293256290,3657,0.650133,505,1375,27-0,15-28,25-43,46,40,61,45,33,25,1,0,1,46,0,,96,1,46,50,1,button,1,46,46,0,47,0,1.0000,95,0.000934,-1,-1,button,1,46,46,0,47,0,1.0000,95,0.007145,,-1,button,1,46,46,0,47,0,1.0000,95,0.009030,-1,,button,1,46,46,0,47,0,1.0000,95,5.963010,-1,-1,46,0,0,0,0.4,risk_path,4,Bot1|Bot2|Bot3|Bot4,,1,0
237,0.35,75,440,434350479,2119715637,3663,0.651200,511,1423,44-63,20-38,29-11,59,49,81,67,42,36,1,0,1,59,0,,117,1,59,58,1,button,1,59,59,0,54,0,1.0000,407,0.003228,-1,-1,button,1,59,59,0,54,0,1.0000,407,0.017608,,-1,button,1,59,59,0,54,0,1.0000,407,0.019993,-1,,button,1,59,59,0,54,0,1.0000,407,8.327164,-1,-1,59,0,0,0,0.4,risk_path,4,Bot1|Bot2|Bot3|Bot4,,1,0
238,0.35,75,440,860933267,2945000663,3628,0.644978,509,1350,25-29,50-8,50-6,48,46,48,48,4,2,1,0,1,48,0,,12,0,,,0,fire_reached_bot,0,32,32,0,-19,16,0.6667,,0.001005,10,10,fire_reached_bot,0,81,9,72,-68,39,0.1875,,0.384822,,-1,fire_reached_bot,0,81,9,72,-68,39,0.1875,,0.766639,-1,,fire_reached_bot,0,81,9,72,-68,39,0.1875,,3.124939,-1,-1,81,0,9,72,,no_path,0,,Bot1|Bot2|Bot3|Bot4,0,1
239,0.35,75,440,3847153091,2545232110,3641,0.647289,491,1366,31-51,0-30,58-14,56,52,76,64,80,74,0,0,1,56,1,56,199,1,56,143,1,button,1,56,56,0,130,0,1.0000,323,0.002205,-1,-1,button,1,56,56,0,130,0,1.0000,323,0.012169,,-1,button,1,56,56,0,130,0,1.0000,323,0.014221,-1,,button,1,56,56,0,130,0,1.0000,323,7.688687,-1,-1,56,0,0,0,0.4,risk_path,4,Bot1|Bot2|Bot3|Bot4,,1,0
240,0.35,75,440,3830646336,1583051720,3645,0.648000,501,1357,37-49,56-9,43-1,67,59,72,54,23,21,1,0,1,67,0,,52,0,,,0,walked_into_fire,0,52,52,0,-2,15,0.7761,204,0.002039,50,50,fire_reached_bot,0,53,52,1,0,17,0.7463,,0.024890,,51,fire_reached_bot,0,53,52,1,0,17,0.7463,,0.042356,51,,fire_reached_bot,0,53,52,1,0,17,0.7463,,12.933519,-1,51,53,0,52,1,,no_path,0,,Bot1|Bot2|Bot3|Bot4,0,1
241,0.35,75,440,50286375,2368400549,3661,0.650844,522,1437,27-9,46-22,65-3,40,32,62,44,44,38,0,0,1,40,1,40,117,1,40,77,1,button,1,40,40,0,68,0,1.0000,115,0.001045,-1,-1,button,1,40,40,0,68,0,1.0000,115,0.005917,,-1,button,1,40,40,0,68,0,1.0000,115,0.007323,-1,,button,1,40,40,0,68,0,1.0000,115,3.813044,37,37,40,0,0,0,0.4,risk_path,4,Bot1|Bot2|Bot3|Bot4,,1,0
242,0.35,75,440,229134076,547575414,3636,0.646400,512,1351,44-13,33-41,33-18,41,39,46,16,53,23,0,0,1,41,1,41,150,1,41,109,1,button,1,41,41,0,107,0,1.0000,8,0.000284,-1,-1,button,1,41,41,0,107,0,1.0000,8,0.003121,,-1,button,1,41,41,0,107,0,1.0000,8,0.003527,-1,,button,1,41,41,0,107,0,1.0000,8,4.009757,-1,-1,41,0,0,0,0.4,risk_path,4,Bot1|Bot2|Bot3|Bot4,,1,0
243,0.35,75,440,3829884547,2736529294,3653,0.649422,512,1397,6-66,44-36,13-50,68,68,31,23,45,45,1,0,1,68,0,,92,1,80,12,0,walked_into_fire,0,33,33,0,-3,35,0.4853,148,0.000869,31,30,button,1,88,88,0,1,0,1.0000,851,0.019687,,30,fire_reached_bot,0,124,92,32,-31,18,0.7353,,0.303213,30,,button,1,84,84,0,6,0,1.0000,800,14.052317,73,30,84,21,54,0,0.99,risk_path,2,Bot2|Bot4,Bot1|Bot3,0,0
244,0.35,75,440,2905315126,631340303,3628,0.644978,494,1376,22-71,69-35,61-25,87,83,93,85,18,18,1,0,1,87,0,,47,0,,,0,walked_into_fire,0,77,77,0,-29,10,0.8851,,0.007688,48,48,fire_reached_bot,0,137,47,90,-89,40,0.5402,,0.372582,,-1,fire_reached_bot,0,137,47,90,-89,40,0.5402,,0.751002,-1,,fire_reached_bot,0,137,47,90,-89,40,0.5402,,15.475993,-1,-1,137,0,47,90,,no_path,0,,Bot1|Bot2|Bot3|Bot4,0,1
245,0.35,75,440,3180725409,3525950523,3641,0.647289,501,1379,46-21,33-48,70-57,40,40,62,60,66,46,0,0,1,40,1,40,172,1,40,132,1,button,1,40,40,0,83,0,1.0000,111,0.001317,-1,-1,button,1,40,40,0,83,0,1.0000,111,0.003720,,-1,button,1,40,40,0,83,0,1.0000,111,0.007924,-1,,button,1,40,40,0,83,0,1.0000,111,3.959593,-1,-1,40,0,0,0,0.4,risk_path,4,Bot1|Bot2|Bot3|Bot4,,1,0
246,0.35,75,440,3527288279,2290517008,3632,0.645689,488,1357,49-48,15-4,50-34,86,78,37,15,71,65,1,0,1,86,0,,158,1,86,72,1,button,1,86,86,0,32,0,1.0000,864,0.014182,-1,-1,button,1,86,86,0,32,0,1.0000,864,0.054081,,-1,button,1,86,86,0,32,0,1.0000,864,0.061419,-1,,button,1,86,86,0,32,0,1.0000,864,14.970113,-1,-1,86,0,0,0,0.4,risk_path,4,Bot1|Bot2|Bot3|Bot4,,1,0
247,0.35,75,440,2693909744,892987441,3653,0.649422,508,1396,12-31,19-16,27-15,24,22,37,31,13,9,1,0,1,24,0,,29,1,24,5,1,button,1,24,24,0,5,0,1.0000,36,0.000457,-1,-1,button,1,24,24,0,5,0,1.0000,36,0.001770,,-1,button,1,24,24,0,5,0,1.0000,36,0.001181,-1,,button,1,24,24,0,5,0,1.0000,36,1.665604,1,1,24,7,0,0,0.99,risk_path,4,Bot1|Bot2|Bot3|Bot4,,1,0
248,0.35,75,440,3466483215,701012700,3661,0.650844,506,1362,70-13,27-29,57-25,77,59,27,25,52,34,1,0,1,77,0,,133,1,89,44,0,walked_into_fire,0,21,21,0,-1,56,0.2727,28,0.001689,21,18,button,1,125,125,0,2,0,1.0000,1534,0.075346,,18,button,1,125,125,0,3,0,1.0000,1534,0.103311,18,,button,1,125,125,0,2,0,1.0000,1534,27.967752,-1,18,125,24,65,0,0.99,risk_path,3,Bot2|Bot3|Bot4,Bot1,0,0
249,0.35,75,440,3499659840,3439355226,3673,0.652978,514,1426,22-34,21-64,21-4,43,31,43,31,86,60,0,0,1,43,1,43,212,1,43,169,1,button,1,43,43,0,101,0,1.0000,180,0.001954,-1,-1,button,1,43,43,0,101,0,1.0000,180,0.005770,,-1,button,1,43,43,0,101,0,1.0000,180,0.008299,-1,,button,1,43,43,0,101,0,1.0000,180,4.357875,-1,-1,43,0,0,0,0.4,risk_path,4,Bot1|Bot2|Bot3|Bot4,,1,0
250,0.35,75,440,1517605910,2955868487,3642,0.647467,504,1373,46-30,45-21,67-21,12,10,30,30,36,22,0,0,1,12,1,12,97,1,12,85,1,button,1,12,12,0,81,0,1.0000,16,0.000237,-1,-1,button,1,12,12,0,81,0,1.0000,16,0.000355,,-1,button,1,12,12,0,81,0,1.0000,16,0.000443,-1,,button,1,12,12,0,81,0,1.0000,16,0.438577,-1,-1,12,0,0,0,0.4,risk_path,4,Bot1|Bot2|Bot3|Bot4,,1,0
251,0.35,75,440,742681489,3514916377,3632,0.645689,501,1338,21-17,13-44,11-71,43,35,84,64,41,29,1,0,1,43,0,,104,1,43,61,1,button,1,43,43,0,61,0,1.0000,96,0.001253,-1,-1,button,1,43,43,0,61,0,1.0000,96,0.003926,,-1,button,1,43,43,0,61,0,1.0000,96,0.004455,-1,,button,1,43,43,0,61,0,1.0000,96,4.315642,-1,-1,43,0,0,0,0.4,risk_path,4,Bot1|Bot2|Bot3|Bot4,,1,0
252,0.35,75,440,389585178,1768587399,3635,0.646222,502,1366,66-16,51-57,64-53,72,56,59,39,33,17,1,0,1,72,0,,89,1,78,11,0,fire_reached_bot,0,63,63,0,0,9,0.8750,273,0.003325,60,59,button,1,86,86,0,3,0,1.0000,551,0.029040,,59,button,1,84,84,0,5,0,1.0000,526,0.036639,59,,button,1,82,82,0,6,0,1.0000,506,14.830163,56,56,82,17,60,0,0.99,risk_path,3,Bot2|Bot3|Bot4,Bot1,0,0
253,0.35,75,440,3332814137,1126990968,3634,0.646044,504,1387,69-32,59-13,32-53,89,29,70,58,95,67,0,0,1,89,1,89,228,1,89,139,1,button,1,89,89,0,80,0,1.0000,1124,0.012549,-1,-1,button,1,89,89,0,80,0,1.0000,1124,0.090451,,-1,button,1,89,89,0,80,0,1.0000,1124,0.091880,-1,,button,1,89,89,0,80,0,1.0000,1124,15.084215,47,47,89,0,0,0,0.4,risk_path,4,Bot1|Bot2|Bot3|Bot4,,1,0
254,0.35,75,440,1495801011,917814670,3676,0.653511,528,1432,47-21,14-43,57-68,59,55,71,57,92,68,0,0,1,59,1,59,234,1,59,175,1,button,1,59,59,0,139,0,1.0000,208,0.001978,-1,-1,button,1,59,59,0,139,0,1.0000,208,0.011426,,-1,button,1,59,59,0,139,0,1.0000,208,0.015365,-1,,button,1,59,59,0,139,0,1.0000,208,8.744327,-1,-1,59,0,0,0,0.4,risk_path,4,Bot1|Bot2|Bot3|Bot4,,1,0
255,0.35,75,440,2990102404,731289034,3646,0.648178,513,1347,4-13,3-46,4-57,48,34,66,44,20,12,1,0,1,48,0,,53,1,48,5,1,button,1,48,48,0,5,0,1.0000,166,0.001547,-1,-1,button,1,48,48,0,5,0,1.0000,166,0.006275,,-1,button,1,48,48,0,5,0,1.0000,166,0.010512,-1,,button,1,48,48,0,5,0,1.0000,166,5.867354,45,45,48,15,20,0,0.99,risk_path,4,Bot1|Bot2|Bot3|Bot4,,1,0
256,0.35,75,440,1232018688,2548799540,3612,0.642133,502,1307,72-37,46-52,56-73,49,41,62,52,33,31,1,0,1,49,0,,76,1,49,27,1,button,1,49,49,0,27,0,1.0000,145,0.001431,-1,-1,button,1,49,49,0,27,0,1.0000,145,0.007271,,-1,button,1,49,49,0,27,0,1.0000,145,0.011377,-1,,button,1,49,49,0,27,0,1.0000,145,5.642686,-1,-1,49,0,0,0,0.4,risk_path,4,Bot1|Bot2|Bot3|Bot4,,1,0
257,0.35,75,440,107580103,4254696228,3638,0.646756,494,1325,72-15,40-45,29-23,70,62,85,51,49,33,1,0,1,70,0,,127,1,70,57,1,button,1,70,70,0,57,0,1.0000,430,0.003901,-1,-1,button,1,70,70,0,57,0,1.0000,430,0.015846,,-1,button,1,70,70,0,57,0,1.0000,430,0.019166,-1,,button,1,70,70,0,57,0,1.0000,430,10.819240,-1,-1,70,0,0,0,0.4,risk_path,4,Bot1|Bot2|Bot3|Bot4,,1,0
258,0.35,75,440,2403017489,1321081877,3632,0.645689,502,1356,25-59,15-60,72-57,21,11,69,49,90,60,0,0,1,21,1,21,222,1,21,201,1,button,1,21,21,0,178,0,1.0000,55,0.000423,-1,-1,button,1,21,21,0,178,0,1.0000,55,0.001451,,-1,button,1,21,21,0,178,0,1.0000,55,0.001518,-1,,button,1,21,21,0,178,0,1.0000,55,1.105672,-1,-1,21,0,0,0,0.4,risk_path,4,Bot1|Bot2|Bot3|Bot4,,1,0
259,0.35,75,440,3247152571,688223439,3631,0.645511,509,1371,69-74,26-34,10-32,85,83,103,101,20,18,1,0,1,85,0,,42,0,,,0,fire_reached_bot,0,73,73,0,-30,12,0.8588,,0.003554,43,43,fire_reached_bot,0,148,42,106,-105,43,0.4941,,0.391953,,-1,fire_reached_bot,0,148,42,106,-105,43,0.4941,,0.840970,-1,,fire_reached_bot,0,148,42,106,-105,43,0.4941,,14.035096,-1,-1,148,0,42,106,,no_path,0,,Bot1|Bot2|Bot3|Bot4,0,1
260,0.35,75,440,2786424847,3343057812,3666,0.651733,505,1445,11-26,51-68,14-46,82,82,41,23,65,59,1,0,1,82,0,,160,1,82,78,1,button,1,82,82,0,23,0,1.0000,489,0.004256,-1,-1,button,1,82,82,0,23,0,1.0000,489,0.017783,,-1,button,1,82,82,0,23,0,1.0000,489,0.028208,-1,,button,1,82,82,0,49,0,1.0000,489,15.411793,1,1,82,0,0,0,0.4,risk_path,4,Bot1|Bot2|Bot3|Bot4,,1,0
261,0.35,75,440,2797536688,4050217512,3651,0.649067,503,1365,0-14,53-28,35-60,81,67,99,81,54,50,1,0,1,81,0,,124,1,81,43,1,button,1,81,81,0,36,0,1.0000,782,0.008041,-1,-1,button,1,81,81,0,36,0,1.0000,782,0.033275,,-1,button,1,81,81,0,36,0,1.0000,782,0.048347,-1,,button,1,81,81,0,36,0,1.0000,782,14.059958,6,6,81,0,0,0,0.4,risk_path,4,Bot1|Bot2|Bot3|Bot4,,1,0
262,0.35,75,440,3920002231,96578032,3642,0.647467,510,1405,70-17,18-0,22-20,83,69,75,51,30,24,1,0,1,83,0,,72,0,,,0,walked_into_fire,0,57,57,0,-2,26,0.6867,360,0.003584,37,37,fire_reached_bot,0,108,36,72,-35,47,0.4337,,0.307722,,-1,fire_reached_bot,0,108,36,72,-35,47,0.4337,,0.698304,-1,,fire_reached_bot,0,108,36,72,-35,47,0.4337,,10.393709,-1,-1,108,0,36,72,,no_path,0,,Bot1|Bot2|Bot3|Bot4,0,1
263,0.35,75,440,221242311,932793819,3625,0.644444,502,1344,3-28,11-56,64-10,40,36,85,79,113,99,0,0,1,40,1,40,268,1,40,228,1,button,1,40,40,0,222,0,1.0000,171,0.001291,-1,-1,button,1,40,40,0,222,0,1.0000,171,0.004968,,-1,button,1,40,40,0,222,0,1.0000,171,0.007721,-1,,button,1,40,40,0,222,0,1.0000,171,3.584673,19,19,40,0,0,0,0.4,risk_path,4,Bot1|Bot2|Bot3|Bot4,,1,0
264,0.35,75,440,1006815665,3029020804,3650,0.648889,508,1335,0-54,26-44,69-74,48,36,107,89,75,73,0,0,1,48,1,48,167,1,48,119,1,button,1,48,48,0,119,0,1.0000,199,0.001753,-1,-1,button,1,48,48,0,119,0,1.0000,199,0.010675,,-1,button,1,48,48,0,119,0,1.0000,199,0.015945,-1,,button,1,48,48,0,119,0,1.0000,199,4.862937,1,1,48,0,0,0,0.4,risk_path,4,Bot1|Bot2|Bot3|Bot4,,1,0
265,0.35,75,440,3550384,2803946996,3652,0.649244,496,1359,36-68,30-18,50-16,72,56,86,66,32,22,1,0,1,72,0,,80,1,72,8,1,button,1,72,72,0,8,0,1.0000,422,0.003333,-1,-1,button,1,72,72,0,8,0,1.0000,422,0.019615,,-1,button,1,72,72,0,8,0,1.0000,422,0.026714,-1,,button,1,72,72,0,8,0,1.0000,422,12.589529,-1,-1,72,12,34,0,0.99,risk_path,4,Bot1|Bot2|Bot3|Bot4,,1,0
266,0.35,75,440,1459446169,848544576,3647,0.648356,503,1372,12-53,23-15,51-21,59,49,79,71,36,34,1,0,1,59,0,,81,1,59,22,1,button,1,59,59,0,21,0,1.0000,625,0.005328,-1,-1,button,1,59,59,0,21,0,1.0000,625,0.013736,,-1,button,1,59,59,0,21,0,1.0000,625,0.024872,-1,,button,1,59,59,0,21,0,1.0000,625,7.782019,14,14,59,29,0,0,0.99,risk_path,4,Bot1|Bot2|Bot3|Bot4,,1,0
267,0.35,75,440,1897333980,3152261953,3618,0.643200,496,1339,34-62,30-66,59-38,10,8,53,49,61,57,0,0,1,10,1,10,161,1,10,151,1,button,1,10,10,0,127,0,1.0000,24,0.000163,-1,-1,button,1,10,10,0,127,0,1.0000,24,0.000289,,-1,button,1,10,10,0,127,0,1.0000,24,0.000641,-1,,button,1,10,10,0,127,0,1.0000,24,0.506985,-1,-1,10,0,0,0,0.4,risk_path,4,Bot1|Bot2|Bot3|Bot4,,1,0
268,0.35,75,440,1652118545,685776228,3653,0.649422,509,1418,3-27,46-74,31-68,92,90,71,69,21,21,1,0,1,92,0,,53,0,,,0,walked_into_fire,0,57,57,0,-3,35,0.6196,,0.002866,10,10,fire_reached_bot,0,86,46,40,-32,56,0.3913,,0.242462,,-1,fire_reached_bot,0,86,46,40,-32,56,0.3913,,0.593086,-1,,fire_reached_bot,0,86,46,40,-32,56,0.3913,,16.389182,-1,-1,86,0,46,40,,no_path,0,,Bot1|Bot2|Bot3|Bot4,0,1
269,0.35,75,440,943373969,2848700176,3631,0.645511,501,1392,10-22,36-18,37-71,38,30,82,76,72,54,0,0,1,38,1,38,180,1,38,142,1,button,1,38,38,0,142,0,1.0000,159,0.001118,-1,-1,button,1,38,38,0,142,0,1.0000,159,0.004246,,-1,button,1,38,38,0,142,0,1.0000,159,0.004867,-1,,button,1,38,38,0,142,0,1.0000,159,3.265217,1,1,38,0,0,0,0.4,risk_path,4,Bot1|Bot2|Bot3|Bot4,,1,0
270,0.35,75,440,1415906743,1027550563,3643,0.647644,499,1344,71-56,1-44,50-21,96,82,60,56,80,72,1,0,1,96,0,,188,1,96,92,1,button,1,96,96,0,57,0,1.0000,967,0.008476,-1,-1,button,1,96,96,0,57,0,1.0000,967,0.065790,,-1,button,1,96,96,0,57,0,1.0000,967,0.067590,-1,,button,1,96,96,0,57,0,1.0000,967,16.415106,9,9,96,0,0,0,0.4,risk_path,4,Bot1|Bot2|Bot3|Bot4,,1,0
271,0.35,75,440,4249967921,3928420346,3633,0.645867,503,1392,3-30,29-44,72-6,50,40,101,93,83,81,0,0,1,50,1,50,225,1,50,175,1,button,1,50,50,0,175,0,1.0000,130,0.001259,-1,-1,button,1,50,50,0,175,0,1.0000,130,0.007379,,-1,button,1,50,50,0,175,0,1.0000,130,0.009400,-1,,button,1,50,50,0,175,0,1.0000,130,5.740121,10,10,50,0,0,0,0.4,risk_path,4,Bot1|Bot2|Bot3|Bot4,,1,0
272,0.35,75,440,3406299465,3246889654,3643,0.647644,495,1345,7-69,26-14,52-56,82,74,64,58,78,68,1,0,1,82,0,,177,1,82,95,1,button,1,82,82,0,76,0,1.0000,649,0.007109,-1,-1,button,1,82,82,0,76,0,1.0000,649,0.037577,,-1,button,1,82,82,0,76,0,1.0000,649,0.046650,-1,,button,1,82,82,0,76,0,1.0000,649,12.607198,1,1,82,0,0,0,0.4,risk_path,4,Bot1|Bot2|Bot3|Bot4,,1,0
273,0.35,75,440,2347823433,2610306846,3633,0.645867,506,1373,13-74,74-39,46-24,106,96,87,83,55,43,1,0,1,106,0,,121,1,112,9,0,fire_reached_bot,0,85,85,0,0,21,0.8019,1248,0.015686,85,84,fire_reached_bot,0,116,104,12,0,30,0.7170,2044,0.097687,,84,fire_reached_bot,0,113,104,9,0,32,0.6981,1966,0.127613,84,,fire_reached_bot,0,116,104,12,0,30,0.7170,2044,20.985978,-1,84,116,0,104,12,,no_path,0,,Bot1|Bot2|Bot3|Bot4,0,1
274,0.35,75,440,2266113072,2703714323,3649,0.648711,509,1393,60-40,45-73,70-6,54,48,58,44,108,92,0,0,1,54,1,54,274,1,54,220,1,button,1,54,54,0,146,0,1.0000,133,0.001488,-1,-1,button,1,54,54,0,146,0,1.0000,133,0.009276,,-1,button,1,54,54,0,146,0,1.0000,133,0.010209,-1,,button,1,54,54,0,146,0,1.0000,133,6.057272,-1,-1,54,0,0,0,0.4,risk_path,4,Bot1|Bot2|Bot3|Bot4,,1,0
275,0.35,75,440,572313208,4115807259,3673,0.652978,515,1382,27-14,6-71,71-65,96,78,101,95,101,71,0,0,1,96,1,96,259,1,96,163,1,button,1,96,96,0,146,0,1.0000,175,0.004093,-1,-1,button,1,96,96,0,146,0,1.0000,175,0.053116,,-1,button,1,96,96,0,146,0,1.0000,175,0.065974,-1,,button,1,96,96,0,146,0,1.0000,175,17.467542,76,76,96,0,0,0,0.4,risk_path,4,Bot1|Bot2|Bot3|Bot4,,1,0
276,0.35,75,440,441933108,3198590936,3653,0.649422,500,1388,16-39,72-3,74-20,98,92,85,77,29,19,1,0,1,98,0,,78,0,,,0,walked_into_fire,0,79,79,0,-1,19,0.8061,228,0.003575,78,78,fire_reached_bot,0,83,77,6,-4,21,0.7857,,0.062450,,-1,fire_reached_bot,0,83,77,6,-4,21,0.7857,,0.102328,-1,,fire_reached_bot,0,83,77,6,-4,21,0.7857,,19.854985,-1,-1,83,0,77,6,,no_path,0,,Bot1|Bot2|Bot3|Bot4,0,1
277,0.35,75,440,3418122606,1333948928,3641,0.647289,508,1374,47-46,22-43,66-36,32,28,37,29,67,51,0,0,1,32,1,32,150,1,32,118,1,button,1,32,32,0,84,0,1.0000,89,0.000589,-1,-1,button,1,32,32,0,84,0,1.0000,89,0.001978,,-1,button,1,32,32,0,84,0,1.0000,89,0.002380,-1,,button,1,32,32,0,84,0,1.0000,89,2.484640,-1,-1,32,0,0,0,0.4,risk_path,4,Bot1|Bot2|Bot3|Bot4,,1,0
278,0.35,75,440,2893733061,2995401778,3638,0.646756,510,1380,32-62,48-27,5-67,57,51,48,32,89,83,0,0,1,57,1,57,209,1,57,152,1,button,1,57,57,0,115,0,1.0000,170,0.002274,-1,-1,button,1,57,57,0,115,0,1.0000,170,0.011599,,-1,button,1,57,57,0,115,0,1.0000,170,0.013490,-1,,button,1,57,57,0,115,0,1.0000,170,7.071143,22,22,57,0,0,0,0.4,risk_path,4,Bot1|Bot2|Bot3|Bot4,,1,0
279,0.35,75,440,3773649777,926245506,3628,0.644978,495,1368,32-63,60-72,25-22,47,37,60,48,87,85,0,0,1,47,1,47,188,1,47,141,1,button,1,47,47,0,124,0,1.0000,312,0.002595,-1,-1,button,1,47,47,0,124,0,1.0000,312,0.008688,,-1,button,1,47,47,0,124,0,1.0000,312,0.010707,-1,,button,1,47,47,0,124,0,1.0000,312,4.761312,7,7,47,0,0,0,0.4,risk_path,4,Bot1|Bot2|Bot3|Bot4,,1,0
280,0.35,75,440,2985125786,3442015289,3635,0.646222,507,1348,28-4,7-3,50-1,34,22,41,25,63,45,0,0,1,34,1,34,160,1,34,126,1,button,1,34,34,0,89,0,1.0000,54,0.000574,-1,-1,button,1,34,34,0,89,0,1.0000,54,0.002634,,-1,button,1,34,34,0,89,0,1.0000,54,0.002957,-1,,button,1,34,34,0,89,0,1.0000,54,2.825928,-1,-1,34,0,0,0,0.4,risk_path,4,Bot1|Bot2|Bot3|Bot4,,1,0
281,0.35,75,440,2521516864,696713569,3648,0.648533,502,1389,44-7,32-14,41-1,25,19,11,9,28,22,0,0,1,25,1,25,59,1,25,34,1,button,1,25,25,0,28,0,1.0000,47,0.000437,-1,-1,button,1,25,25,0,28,0,1.0000,47,0.001776,,-1,button,1,25,25,0,28,0,1.0000,47,0.002104,-1,,button,1,25,25,0,28,0,1.0000,47,1.312305,-1,-1,25,0,0,0,0.4,risk_path,4,Bot1|Bot2|Bot3|Bot4,,1,0
282,0.35,75,440,3512670226,3470638926,3653,0.649422,513,1374,59-63,33-58,21-65,53,31,74,40,31,19,1,0,1,53,0,,64,1,53,11,1,button,1,53,53,0,11,0,1.0000,268,0.002252,-1,-1,button,1,53,53,0,11,0,1.0000,268,0.011179,,-1,button,1,53,53,0,11,0,1.0000,268,0.013299,-1,,button,1,53,53,0,11,0,1.0000,268,7.012841,-1,-1,53,7,0,0,0.99,risk_path,4,Bot1|Bot2|Bot3|Bot4,,1,0
283,0.35,75,440,139254943,2871586275,3638,0.646756,499,1382,4-42,66-69,7-3,103,89,60,42,127,125,0,0,1,103,1,103,318,1,103,215,1,button,1,103,103,0,98,0,1.0000,641,0.008753,-1,-1,button,1,103,103,0,98,0,1.0000,641,0.062395,,-1,button,1,103,103,0,98,0,1.0000,641,0.078293,-1,,button,1,103,103,0,98,0,1.0000,641,21.669710,38,38,103,0,0,0,0.4,risk_path,4,Bot1|Bot2|Bot3|Bot4,,1,0
284,0.35,75,440,2016013904,2387887068,3654,0.649600,510,1422,62-39,27-35,2-37,59,39,92,62,39,27,1,0,1,59,0,,87,1,59,28,1,button,1,59,59,0,28,0,1.0000,268,0.002389,-1,-1,button,1,59,59,0,28,0,1.0000,268,0.011164,,-1,button,1,59,59,0,28,0,1.0000,268,0.021137,-1,,button,1,59,59,0,28,0,1.0000,268,7.266414,-1,-1,59,0,0,0,0.4,risk_path,4,Bot1|Bot2|Bot3|Bot4,,1,0
285,0.35,75,440,2152869414,3950020351,3662,0.651022,509,1413,46-68,12-66,41-41,46,36,40,32,58,54,0,0,1,46,1,46,143,1,46,97,1,button,1,46,46,0,69,0,1.0000,209,0.001358,-1,-1,button,1,46,46,0,69,0,1.0000,209,0.006740,,-1,button,1,46,46,0,69,0,1.0000,209,0.008972,-1,,button,1,46,46,0,69,0,1.0000,209,4.456907,34,34,46,0,0,0,0.4,risk_path,4,Bot1|Bot2|Bot3|Bot4,,1,0
286,0.35,75,440,1157899962,1993066084,3639,0.646933,494,1362,35-40,45-7,36-3,55,43,56,38,15,13,1,0,1,55,0,,40,0,,,0,walked_into_fire,0,44,44,0,-3,11,0.8000,,0.001396,41,23,fire_reached_bot,0,52,40,12,-11,15,0.7273,,0.068326,,23,fire_reached_bot,0,53,40,13,-12,15,0.7273,,0.176535,23,,fire_reached_bot,0,52,40,12,-11,15,0.7273,,6.741975,-1,23,52,0,40,12,,no_path,0,,Bot1|Bot2|Bot3|Bot4,0,1
287,0.35,75,440,3991210846,343377854,3657,0.650133,514,1363,38-53,25-9,44-54,67,57,19,7,86,64,0,0,1,67,1,67,215,1,67,148,1,button,1,67,67,0,51,0,1.0000,242,0.002287,-1,-1,button,1,67,67,0,51,0,1.0000,242,0.018162,,-1,button,1,67,67,0,51,0,1.0000,242,0.019888,-1,,button,1,67,67,0,51,0,1.0000,242,9.966846,65,65,67,0,0,0,0.4,risk_path,4,Bot1|Bot2|Bot3|Bot4,,1,0
288,0.35,75,440,3830897319,2464422491,3661,0.650844,511,1430,65-37,32-41,39-55,47,37,46,44,33,21,1,0,1,47,0,,84,1,47,37,1,button,1,47,47,0,36,0,1.0000,316,0.002549,-1,-1,button,1,47,47,0,36,0,1.0000,316,0.007272,,-1,button,1,47,47,0,36,0,1.0000,316,0.009467,-1,,button,1,47,47,0,36,0,1.0000,316,4.608621,-1,-1,47,0,0,0,0.4,risk_path,4,Bot1|Bot2|Bot3|Bot4,,1,0
289,0.35,75,440,718415510,2147925118,3645,0.648000,499,1380,34-46,50-13,2-73,57,49,61,59,118,108,0,0,1,57,1,57,277,1,57,220,1,button,1,57,57,0,131,0,1.0000,132,0.001996,-1,-1,button,1,57,57,0,131,0,1.0000,132,0.009914,,-1,button,1,57,57,0,131,0,1.0000,132,0.011097,-1,,button,1,57,57,0,131,0,1.0000,132,7.076238,3,3,57,0,0,0,0.4,risk_path,4,Bot1|Bot2|Bot3|Bot4,,1,0
290,0.35,75,440,3810450922,1091198838,3649,0.648711,509,1393,38-31,8-34,21-59,45,33,45,45,44,38,1,0,1,45,0,,109,1,45,64,1,button,1,45,45,0,59,0,1.0000,263,0.002226,-1,-1,button,1,45,45,0,59,0,1.0000,263,0.006505,,-1,button,1,45,45,0,59,0,1.0000,263,0.008441,-1,,button,1,45,45,0,59,0,1.0000,263,4.261097,-1,-1,45,0,0,0,0.4,risk_path,4,Bot1|Bot2|Bot3|Bot4,,1,0
291,0.35,75,440,488650922,3463263512,3635,0.646222,503,1370,28-52,57-36,37-65,51,45,30,22,53,49,0,0,1,51,1,51,149,1,51,98,1,button,1,51,51,0,63,0,1.0000,113,0.001360,-1,-1,button,1,51,51,0,63,0,1.0000,113,0.008253,,-1,button,1,51,51,0,63,0,1.0000,113,0.009243,-1,,button,1,51,51,0,51,0,1.0000,113,5.882575,1,1,51,0,0,0,0.4,risk_path,4,Bot1|Bot2|Bot3|Bot4,,1,0
292,0.35,75,440,1069063252,2129452804,3641,0.647289,498,1356,46-5,62-39,70-24,56,50,59,43,23,23,1,0,1,56,0,,47,0,,,0,fire_reached_bot,0,51,51,0,-3,5,0.9107,,0.001851,48,48,fire_reached_bot,0,58,47,11,-10,9,0.8393,,0.062377,,-1,fire_reached_bot,0,58,47,11,-10,9,0.8393,,0.158750,-1,,fire_reached_bot,0,58,47,11,-10,9,0.8393,,7.445646,-1,-1,58,0,47,11,,no_path,0,,Bot1|Bot2|Bot3|Bot4,0,1
293,0.35,75,440,2939677069,3588486604,3656,0.649956,511,1377,31-9,16-62,11-71,74,68,88,82,14,14,1,0,1,74,0,,29,0,,,0,walked_into_fire,0,64,64,0,-34,10,0.8649,,0.003709,30,30,fire_reached_bot,0,173,29,144,-143,45,0.3919,,0.608967,,-1,fire_reached_bot,0,173,29,144,-143,45,0.3919,,1.534395,-1,,fire_reached_bot,0,173,29,144,-143,45,0.3919,,9.228062,-1,-1,173,0,29,144,,no_path,0,,Bot1|Bot2|Bot3|Bot4,0,1
294,0.35,75,440,3448987124,1070658387,3646,0.648178,504,1370,1-64,0-32,53-31,51,33,87,85,68,54,0,0,1,51,1,51,168,1,51,117,1,button,1,51,51,0,102,0,1.0000,341,0.002248,-1,-1,button,1,51,51,0,102,0,1.0000,341,0.008083,,-1,button,1,51,51,0,102,0,1.0000,341,0.016417,-1,,button,1,51,51,0,102,0,1.0000,341,5.882209,-1,-1,51,0,0,0,0.4,risk_path,4,Bot1|Bot2|Bot3|Bot4,,1,0
295,0.35,75,440,3957383876,3993555280,3636,0.646400,488,1349,43-23,34-19,37-37,15,13,26,20,23,21,0,0,1,15,1,15,57,1,15,42,1,button,1,15,15,0,33,0,1.0000,26,0.000246,-1,-1,button,1,15,15,0,33,0,1.0000,26,0.000444,,-1,button,1,15,15,0,33,0,1.0000,26,0.000580,-1,,button,1,15,15,0,33,0,1.0000,26,0.466502,-1,-1,15,0,0,0,0.4,risk_path,4,Bot1|Bot2|Bot3|Bot4,,1,0
296,0.35,75,440,1682334534,1630947947,3617,0.643022,503,1320,22-65,9-42,33-4,52,36,102,72,66,62,0,0,1,52,1,52,147,1,52,95,1,button,1,52,52,0,95,0,1.0000,231,0.003246,-1,-1,button,1,52,52,0,95,0,1.0000,231,0.009783,,-1,button,1,52,52,0,95,0,1.0000,231,0.013842,-1,,button,1,52,52,0,95,0,1.0000,231,5.247744,47,47,52,0,0,0,0.4,risk_path,4,Bot1|Bot2|Bot3|Bot4,,1,0
297,0.35,75,440,3826954389,2667375914,3627,0.644800,504,1383,45-29,20-58,24-32,58,54,32,24,34,30,1,0,1,58,0,,98,1,58,40,0,walked_into_fire,0,25,25,0,-1,33,0.4310,52,0.001641,23,16,fire_reached_bot,0,64,64,0,0,34,0.4138,476,0.020439,,16,button,1,68,68,0,8,0,1.0000,529,0.023864,16,,button,1,58,58,0,18,0,1.0000,370,7.611521,4,4,58,10,2,0,0.99,risk_path,2,Bot3|Bot4,Bot1|Bot2,0,0
298,0.35,75,440,1463647553,2324460761,3676,0.653511,516,1382,7-73,14-7,18-37,113,73,73,47,48,34,1,0,1,113,0,,127,1,115,12,0,walked_into_fire,0,57,57,0,-1,56,0.5044,122,0.004676,52,52,button,1,115,115,0,6,0,1.0000,1076,0.093251,,-1,button,1,115,115,0,6,0,1.0000,1076,0.128582,-1,,button,1,115,115,0,6,0,1.0000,1076,25.013544,92,92,115,16,63,0,0.99,risk_path,3,Bot2|Bot3|Bot4,Bot1,0,0
299,0.35,75,440,290523079,465395590,3655,0.649778,518,1381,69-18,62-58,22-38,57,47,77,67,66,60,0,0,1,57,1,57,152,1,57,95,1,button,1,57,57,0,95,0,1.0000,270,0.003471,-1,-1,button,1,57,57,0,95,0,1.0000,270,0.010199,,-1,button,1,57,57,0,95,0,1.0000,270,0.017093,-1,,button,1,57,57,0,95,0,1.0000,270,6.845978,-1,-1,57,0,0,0,0.4,risk_path,4,Bot1|Bot2|Bot3|Bot4,,1,0
300,0.35,75,440,2918341021,4123951292,3643,0.647644,507,1388,3-20,42-65,72-2,98,84,121,87,103,93,0,0,1,98,1,98,266,1,98,168,1,button,1,98,98,0,165,0,1.0000,274,0.004926,-1,-1,button,1,98,98,0,165,0,1.0000,274,0.058382,,-1,button,1,98,98,0,165,0,1.0000,274,0.075118,-1,,button,1,98,98,0,165,0,1.0000,274,20.533616,17,17,98,0,0,0,0.4,risk_path,4,Bot1|Bot2|Bot3|Bot4,,1,0
301,0.35,75,440,1819333381,488089373,3635,0.646222,494,1346,46-31,45-39,54-54,11,9,35,31,24,24,0,0,1,11,1,11,75,1,11,64,1,button,1,11,11,0,64,0,1.0000,11,0.000135,-1,-1,button,1,11,11,0,64,0,1.0000,11,0.000226,,-1,button,1,11,11,0,64,0,1.0000,11,0.000325,-1,,button,1,11,11,0,64,0,1.0000,11,0.293359,-1,-1,11,0,0,0,0.4,risk_path,4,Bot1|Bot2|Bot3|Bot4,,1,0
302,0.35,75,440,1770019578,3777455532,3626,0.644622,501,1376,59-48,49-47,28-6,21,11,73,73,64,62,0,0,1,21,1,21,144,1,21,123,1,button,1,21,21,0,123,0,1.0000,42,0.000370,-1,-1,button,1,21,21,0,123,0,1.0000,42,0.000933,,-1,button,1,21,21,0,123,0,1.0000,42,0.001212,-1,,button,1,21,21,0,123,0,1.0000,42,0.792229,8,8,21,0,0,0,0.4,risk_path,4,Bot1|Bot2|Bot3|Bot4,,1,0
303,0.35,75,440,1560084379,2039133605,3629,0.645156,497,1345,39-25,1-70,74-53,97,83,69,63,96,90,1,0,1,97,0,,237,1,97,140,1,button,1,97,97,0,80,0,1.0000,734,0.008502,-1,-1,button,1,97,97,0,80,0,1.0000,734,0.053402,,-1,button,1,97,97,0,80,0,1.0000,734,0.073986,-1,,button,1,97,97,0,80,0,1.0000,734,18.524449,-1,-1,97,0,0,0,0.4,risk_path,4,Bot1|Bot2|Bot3|Bot4,,1,0
304,0.35,75,440,3262132408,1721014697,3658,0.650311,496,1385,65-54,0-53,27-37,96,66,59,55,49,43,1,0,1,96,0,,114,1,100,14,0,walked_into_fire,0,65,65,0,-1,31,0.6771,358,0.004736,65,63,button,1,106,106,0,1,0,1.0000,1265,0.064516,,63,button,1,102,102,0,5,0,1.0000,1142,0.082616,63,,button,1,106,106,0,1,0,1.0000,1265,19.181470,-1,63,106,11,85,0,0.99,risk_path,3,Bot2|Bot3|Bot4,Bot1,0,0
305,0.35,75,440,77630353,3086096505,3634,0.646044,490,1370,32-73,64-44,11-31,65,61,67,63,74,66,0,0,1,65,1,65,187,1,65,122,1,button,1,65,65,0,110,0,1.0000,363,0.002974,-1,-1,button,1,65,65,0,110,0,1.0000,363,0.012051,,-1,button,1,65,65,0,110,0,1.0000,363,0.016935,-1,,button,1,65,65,0,116,0,1.0000,363,8.256307,9,9,65,0,0,0,0.4,risk_path,4,Bot1|Bot2|Bot3|Bot4,,1,0
306,0.35,75,440,3978666814,258631395,3644,0.647822,494,1394,3-14,7-13,33-47,15,5,73,63,68,60,0,0,1,15,1,15,165,1,15,150,1,button,1,15,15,0,148,0,1.0000,37,0.000363,-1,-1,button,1,15,15,0,148,0,1.0000,37,0.000482,,-1,button,1,15,15,0,148,0,1.0000,37,0.000630,-1,,button,1,15,15,0,148,0,1.0000,37,0.958317,-1,-1,15,0,0,0,0.4,risk_path,4,Bot1|Bot2|Bot3|Bot4,,1,0
307,0.35,75,440,1680995527,3003881739,3653,0.649422,507,1391,65-55,74-12,61-23,66,52,44,36,24,24,1,0,1,66,0,,57,0,,,0,fire_reached_bot,0,31,31,0,0,35,0.4697,121,0.001332,27,27,fire_reached_bot,0,45,37,8,0,41,0.3788,273,0.081572,,-1,fire_reached_bot,0,45,37,8,0,41,0.3788,273,0.135594,-1,,fire_reached_bot,0,45,37,8,0,41,0.3788,273,9.696593,-1,-1,45,0,37,8,,no_path,0,,Bot1|Bot2|Bot3|Bot4,0,1
308,0.35,75,440,3117523694,2309348517,3656,0.649956,515,1390,15-41,1-38,23-35,31,17,14,14,39,25,0,0,1,31,1,31,82,1,31,51,1,button,1,31,31,0,24,0,1.0000,127,0.000708,-1,-1,button,1,31,31,0,24,0,1.0000,127,0.002149,,-1,button,1,31,31,0,24,0,1.0000,127,0.002825,-1,,button,1,31,31,0,24,0,1.0000,127,2.274237,-1,-1,31,0,0,0,0.4,risk_path,4,Bot1|Bot2|Bot3|Bot4,,1,0
309,0.35,75,440,2835355592,297263676,3627,0.644800,500,1373,11-50,68-37,68-60,86,70,97,67,41,23,1,0,1,86,0,,88,0,,,0,walked_into_fire,0,71,71,0,-3,15,0.8256,303,0.005649,67,63,fire_reached_bot,0,109,80,29,-20,20,0.7674,,0.164160,,63,fire_reached_bot,0,109,80,29,-20,20,0.7674,,0.411474,63,,fire_reached_bot,0,109,80,29,-20,20,0.7674,,19.552819,-1,63,109,0,80,29,,no_path,0,,Bot1|Bot2|Bot3|Bot4,0,1
310,0.35,75,440,2898697772,2994729344,3622,0.643911,510,1334,29-24,19-52,44-21,56,38,22,18,58,56,0,0,1,56,1,56,147,1,56,91,1,button,1,56,56,0,67,0,1.0000,339,0.005104,-1,-1,button,1,56,56,0,67,0,1.0000,339,0.015187,,-1,button,1,56,56,0,67,0,1.0000,339,0.021851,-1,,button,1,56,56,0,67,0,1.0000,339,6.275520,-1,-1,56,0,0,0,0.4,risk_path,4,Bot1|Bot2|Bot3|Bot4,,1,0
311,0.35,75,440,1005567868,222496869,3643,0.647644,506,1381,16-45,13-59,40-62,35,17,65,41,50,30,0,0,1,35,1,35,143,1,35,108,1,button,1,35,35,0,106,0,1.0000,86,0.001102,-1,-1,button,1,35,35,0,106,0,1.0000,86,0.002741,,-1,button,1,35,35,0,106,0,1.0000,86,0.003506,-1,,button,1,35,35,0,106,0,1.0000,86,2.804185,-1,-1,35,0,0,0,0.4,risk_path,4,Bot1|Bot2|Bot3|Bot4,,1,0
312,0.35,75,440,3042795674,2137903543,3656,0.649956,523,1394,37-7,45-46,3-20,65,47,55,47,74,68,0,0,1,65,1,65,208,1,65,143,1,button,1,65,65,0,117,0,1.0000,247,0.003389,-1,-1,button,1,65,65,0,117,0,1.0000,247,0.011016,,-1,button,1,65,65,0,117,0,1.0000,247,0.014525,-1,,button,1,65,65,0,119,0,1.0000,247,8.513465,39,39,65,0,0,0,0.4,risk_path,4,Bot1|Bot2|Bot3|Bot4,,1,0
313,0.35,75,440,1246630585,1554748669,3644,0.647822,515,1381,70-15,74-36,60-13,39,25,58,12,53,37,0,0,1,39,1,39,125,1,39,86,1,button,1,39,39,0,67,0,1.0000,138,0.001712,-1,-1,button,1,39,39,0,67,0,1.0000,138,0.004360,,-1,button,1,39,39,0,67,0,1.0000,138,0.006695,-1,,button,1,39,39,0,67,0,1.0000,138,3.299962,25,25,39,0,0,0,0.4,risk_path,4,Bot1|Bot2|Bot3|Bot4,,1,0
314,0.35,75,440,2358439391,771830428,3651,0.649067,506,1369,54-13,45-40,7-28,40,36,82,62,62,50,0,0,1,40,1,40,178,1,40,138,1,button,1,40,40,0,138,0,1.0000,70,0.001034,-1,-1,button,1,40,40,0,138,0,1.0000,70,0.002981,,-1,button,1,40,40,0,138,0,1.0000,70,0.004127,-1,,button,1,40,40,0,138,0,1.0000,70,3.520410,-1,-1,40,0,0,0,0.4,risk_path,4,Bot1|Bot2|Bot3|Bot4,,1,0
315,0.35,75,440,773523320,1401553363,3618,0.643200,495,1376,24-48,24-35,13-9,19,13,58,50,53,37,0,0,1,19,1,19,135,1,19,116,1,button,1,19,19,0,100,0,1.0000,61,0.000574,-1,-1,button,1,19,19,0,100,0,1.0000,61,0.000809,,-1,button,1,19,19,0,100,0,1.0000,61,0.001425,-1,,button,1,19,19,0,100,0,1.0000,61,0.685561,6,6,19,0,0,0,0.4,risk_path,4,Bot1|Bot2|Bot3|Bot4,,1,0
316,0.35,75,440,1738134723,2008269550,3615,0.642667,493,1361,13-28,74-55,16-9,92,88,34,22,108,104,0,0,1,92,1,92,268,1,92,176,1,button,1,92,92,0,70,0,1.0000,616,0.011395,-1,-1,button,1,92,92,0,70,0,1.0000,616,0.036562,,-1,button,1,92,92,0,70,0,1.0000,616,0.047837,-1,,button,1,92,92,0,70,0,1.0000,616,16.464654,15,15,92,0,0,0,0.4,risk_path,4,Bot1|Bot2|Bot3|Bot4,,1,0
317,0.35,75,440,979263756,953799673,3669,0.652267,502,1402,13-59,8-50,29-50,16,14,31,25,31,21,0,0,1,16,1,16,88,1,16,72,1,button,1,16,16,0,70,0,1.0000,29,0.000341,-1,-1,button,1,16,16,0,70,0,1.0000,29,0.000440,,-1,button,1,16,16,0,70,0,1.0000,29,0.000596,-1,,button,1,16,16,0,70,0,1.0000,29,0.859439,-1,-1,16,0,0,0,0.4,risk_path,4,Bot1|Bot2|Bot3|Bot4,,1,0
318,0.35,75,440,1739095726,662417193,3613,0.642311,484,1308,66-39,40-23,28-18,42,42,59,59,17,17,1,0,1,42,0,,38,0,,,0,walked_into_fire,0,42,42,0,-4,0,1.0000,,0.001687,39,39,fire_reached_bot,0,46,38,8,-7,4,0.9048,,0.043378,,-1,fire_reached_bot,0,46,38,8,-7,4,0.9048,,0.110152,-1,,fire_reached_bot,0,46,38,8,-7,4,0.9048,,3.896464,-1,-1,46,6,32,8,0.99,no_path,0,,Bot1|Bot2|Bot3|Bot4,0,1
319,0.35,75,440,868483726,487361327,3650,0.648889,508,1404,55-23,16-9,32-68,67,53,68,68,83,75,0,0,1,67,1,67,196,1,67,129,1,button,1,67,67,0,128,0,1.0000,544,0.004711,-1,-1,button,1,67,67,0,128,0,1.0000,544,0.020171,,-1,button,1,67,67,0,128,0,1.0000,544,0.030546,-1,,button,1,67,67,0,128,0,1.0000,544,9.178929,-1,-1,67,0,0,0,0.4,risk_path,4,Bot1|Bot2|Bot3|Bot4,,1,0
320,0.35,75,440,780381394,1436591598,3617,0.643022,490,1335,61-29,72-65,25-35,67,47,64,42,83,77,0,0,1,67,1,67,194,1,67,127,1,button,1,67,67,0,102,0,1.0000,640,0.005133,-1,-1,button,1,67,67,0,102,0,1.0000,640,0.021139,,-1,button,1,67,67,0,102,0,1.0000,640,0.031755,-1,,button,1,67,67,0,102,0,1.0000,640,8.598991,9,9,67,0,0,0,0.4,risk_path,4,Bot1|Bot2|Bot3|Bot4,,1,0
321,0.35,75,440,3438593776,3903306868,3635,0.646222,502,1352,60-59,50-8,12-9,89,61,106,98,51,39,1,0,1,89,0,,120,1,89,31,1,button,1,89,89,0,31,0,1.0000,672,0.007021,-1,-1,button,1,89,89,0,31,0,1.0000,672,0.038431,,-1,button,1,89,89,0,31,0,1.0000,672,0.056608,-1,,button,1,89,89,0,31,0,1.0000,672,13.324811,-1,-1,89,22,5,0,0.99,risk_path,4,Bot1|Bot2|Bot3|Bot4,,1,0
322,0.35,75,440,3986935069,3858830174,3609,0.641600,489,1337,31-41,40-34,16-58,18,16,38,32,56,48,0,0,1,18,1,18,154,1,18,136,1,button,1,18,18,0,102,0,1.0000,41,0.000255,-1,-1,button,1,18,18,0,102,0,1.0000,41,0.000685,,-1,button,1,18,18,0,102,0,1.0000,41,0.001000,-1,,button,1,18,18,0,102,0,1.0000,41,0.582766,4,4,18,0,0,0,0.4,risk_path,4,Bot1|Bot2|Bot3|Bot4,,1,0
323,0.35,75,440,509776406,2567658253,3634,0.646044,501,1378,47-21,69-44,53-74,53,45,81,59,48,46,1,0,1,53,0,,130,1,53,77,1,button,1,53,53,0,73,0,1.0000,81,0.001133,-1,-1,button,1,53,53,0,73,0,1.0000,81,0.008380,,-1,button,1,53,53,0,73,0,1.0000,81,0.010829,-1,,button,1,53,53,0,73,0,1.0000,81,4.350955,35,35,53,0,0,0,0.4,risk_path,4,Bot1|Bot2|Bot3|Bot4,,1,0
324,0.35,75,440,1895927736,3210878789,3644,0.647822,498,1357,21-58,33-29,37-60,47,41,24,18,53,35,0,0,1,47,1,47,135,1,47,88,1,button,1,47,47,0,53,0,1.0000,177,0.001343,-1,-1,button,1,47,47,0,53,0,1.0000,177,0.007584,,-1,button,1,47,47,0,53,0,1.0000,177,0.010141,-1,,button,1,47,47,0,49,0,1.0000,177,3.480981,1,1,47,0,0,0,0.4,risk_path,4,Bot1|Bot2|Bot3|Bot4,,1,0
325,0.35,75,440,75942277,1867417450,3633,0.645867,498,1373,42-69,9-37,54-41,67,65,52,40,73,49,0,0,1,67,1,67,189,1,67,122,1,button,1,67,67,0,88,0,1.0000,531,0.003885,-1,-1,button,1,67,67,0,88,0,1.0000,531,0.013156,,-1,button,1,67,67,0,88,0,1.0000,531,0.025924,-1,,button,1,67,67,0,88,0,1.0000,531,7.840997,-1,-1,67,0,0,0,0.4,risk_path,4,Bot1|Bot2|Bot3|Bot4,,1,0
326,0.35,75,440,4250529820,1484301454,3643,0.647644,502,1368,33-23,2-23,69-51,49,31,74,64,107,95,0,0,1,49,1,49,253,1,49,204,1,button,1,49,49,0,155,0,1.0000,177,0.001721,-1,-1,button,1,49,49,0,155,0,1.0000,177,0.008093,,-1,button,1,49,49,0,155,0,1.0000,177,0.010141,-1,,button,1,49,49,0,155,0,1.0000,177,5.437180,-1,-1,49,0,0,0,0.4,risk_path,4,Bot1|Bot2|Bot3|Bot4,,1,0
327,0.35,75,440,3071567326,2258578127,3628,0.644978,495,1351,17-29,32-6,61-47,52,38,68,62,86,70,0,0,1,52,1,52,193,1,52,141,1,button,1,52,52,0,104,0,1.0000,399,0.003103,-1,-1,button,1,52,52,0,104,0,1.0000,399,0.013731,,-1,button,1,52,52,0,104,0,1.0000,399,0.018589,-1,,button,1,52,52,0,104,0,1.0000,399,5.106990,-1,-1,52,0,0,0,0.4,risk_path,4,Bot1|Bot2|Bot3|Bot4,,1,0
328,0.35,75,440,407302120,1091993989,3642,0.647467,494,1375,69-30,27-56,9-73,68,68,105,103,41,35,1,0,1,68,0,,95,1,68,27,1,button,1,68,68,0,25,0,1.0000,233,0.002273,-1,-1,button,1,68,68,0,25,0,1.0000,233,0.012566,,-1,button,1,68,68,0,25,0,1.0000,233,0.017815,-1,,button,1,68,68,0,25,0,1.0000,233,10.120199,-1,-1,68,7,1,0,0.99,risk_path,4,Bot1|Bot2|Bot3|Bot4,,1,0
329,0.35,75,440,403694093,443635467,3638,0.646756,512,1379,43-13,3-72,5-9,105,99,52,42,99,65,1,0,1,105,0,,218,1,105,113,1,button,1,105,105,0,48,0,1.0000,743,0.008898,-1,-1,button,1,105,105,0,48,0,1.0000,743,0.050294,,-1,button,1,105,105,0,48,0,1.0000,743,0.071678,-1,,button,1,105,105,0,48,0,1.0000,743,22.299741,-1,-1,105,0,0,0,0.4,risk_path,4,Bot1|Bot2|Bot3|Bot4,,1,0
330,0.35,75,440,2933929372,24815168,3657,0.650133,506,1413,16-47,12-13,7-1,58,38,71,55,21,17,1,0,1,58,0,,68,1,58,10,1,button,1,58,58,0,10,0,1.0000,141,0.001899,-1,-1,button,1,58,58,0,10,0,1.0000,141,0.017582,,-1,button,1,58,58,0,10,0,1.0000,141,0.024272,-1,,button,1,58,58,0,10,0,1.0000,141,8.135046,-1,-1,58,14,33,0,0.99,risk_path,4,Bot1|Bot2|Bot3|Bot4,,1,0
331,0.35,75,440,571489985,3669167757,3662,0.651022,499,1410,27-33,16-4,24-50,66,40,26,20,70,54,0,0,1,66,1,66,177,1,66,111,1,button,1,66,66,0,32,0,1.0000,658,0.004803,-1,-1,button,1,66,66,0,32,0,1.0000,658,0.018328,,-1,button,1,66,66,0,32,0,1.0000,658,0.029921,-1,,button,1,66,66,0,32,0,1.0000,658,8.111385,-1,-1,66,0,0,0,0.4,risk_path,4,Bot1|Bot2|Bot3|Bot4,,1,0
332,0.35,75,440,2718824820,2814868908,3642,0.647467,500,1367,69-72,7-71,1-31,107,63,123,109,68,46,1,0,1,107,0,,177,1,107,70,1,button,1,107,107,0,69,0,1.0000,650,0.007284,-1,-1,button,1,107,107,0,69,0,1.0000,650,0.059192,,-1,button,1,107,107,0,69,0,1.0000,650,0.083014,-1,,button,1,107,107,0,69,0,1.0000,650,21.688011,-1,-1,107,2,0,0,0.8,risk_path,4,Bot1|Bot2|Bot3|Bot4,,1,0
333,0.35,75,440,1458069241,3379700867,3616,0.642844,488,1368,54-44,9-44,37-18,71,45,51,43,70,54,1,0,1,71,0,,192,1,71,121,1,button,1,71,71,0,82,0,1.0000,525,0.004684,-1,-1,button,1,71,71,0,82,0,1.0000,525,0.028086,,-1,button,1,71,71,0,82,0,1.0000,525,0.043924,-1,,button,1,71,71,0,82,0,1.0000,525,10.273006,-1,-1,71,0,0,0,0.4,risk_path,4,Bot1|Bot2|Bot3|Bot4,,1,0
334,0.35,75,440,110822976,411924728,3637,0.646578,500,1351,9-14,47-13,64-72,57,39,113,113,90,76,0,0,1,57,1,57,219,1,57,162,1,button,1,57,57,0,161,0,1.0000,171,0.001836,-1,-1,button,1,57,57,0,161,0,1.0000,171,0.008632,,-1,button,1,57,57,0,161,0,1.0000,171,0.010355,-1,,button,1,57,57,0,161,0,1.0000,171,6.736341,30,30,57,0,0,0,0.4,risk_path,4,Bot1|Bot2|Bot3|Bot4,,1,0
335,0.35,75,440,3526644172,994635310,3650,0.648889,506,1412,56-5,54-63,8-20,98,60,75,63,97,89,1,0,1,98,0,,224,1,98,126,1,button,1,98,98,0,126,0,1.0000,838,0.010066,-1,-1,button,1,98,98,0,126,0,1.0000,838,0.068862,,-1,button,1,98,98,0,126,0,1.0000,838,0.094766,-1,,button,1,98,98,0,126,0,1.0000,838,18.108010,-1,-1,98,0,0,0,0.4,risk_path,4,Bot1|Bot2|Bot3|Bot4,,1,0
336,0.35,75,440,1087217453,2269991397,3621,0.643733,494,1334,22-61,69-15,6-53,93,93,28,24,111,101,0,0,1,93,1,93,272,1,93,179,1,button,1,93,93,0,56,0,1.0000,772,0.008339,-1,-1,button,1,93,93,0,56,0,1.0000,772,0.029263,,-1,button,1,93,93,0,56,0,1.0000,772,0.050669,-1,,button,1,93,93,0,56,0,1.0000,772,16.585717,9,9,93,0,0,0,0.4,risk_path,4,Bot1|Bot2|Bot3|Bot4,,1,0
337,0.35,75,440,4182190525,591908680,3630,0.645333,507,1374,56-6,63-6,60-53,15,7,63,51,64,50,0,0,1,15,1,15,166,1,15,151,1,button,1,15,15,0,151,0,1.0000,35,0.000273,-1,-1,button,1,15,15,0,151,0,1.0000,35,0.000451,,-1,button,1,15,15,0,151,0,1.0000,35,0.000893,-1,,button,1,15,15,0,151,0,1.0000,35,0.535789,1,1,15,0,0,0,0.4,risk_path,4,Bot1|Bot2|Bot3|Bot4,,1,0
338,0.35,75,440,131814599,1043486984,3657,0.650133,523,1389,39-55,70-4,56-15,84,82,63,57,25,25,1,0,1,84,0,,61,0,,,0,walked_into_fire,0,50,50,0,-1,34,0.5952,383,0.002672,44,44,fire_reached_bot,0,57,46,11,0,38,0.5476,527,0.069770,,-1,fire_reached_bot,0,57,46,11,0,38,0.5476,527,0.152973,-1,,fire_reached_bot,0,57,46,11,0,38,0.5476,527,13.570725,-1,-1,57,0,46,11,,no_path,0,,Bot1|Bot2|Bot3|Bot4,0,1
339,0.35,75,440,1857643394,677001930,3667,0.651911,510,1436,66-71,67-49,25-46,29,23,70,66,57,45,0,0,1,29,1,29,149,1,29,120,1,button,1,29,29,0,120,0,1.0000,50,0.000428,-1,-1,button,1,29,29,0,120,0,1.0000,50,0.001696,,-1,button,1,29,29,0,120,0,1.0000,50,0.002693,-1,,button,1,29,29,0,120,0,1.0000,50,1.615652,20,20,29,0,0,0,0.4,risk_path,4,Bot1|Bot2|Bot3|Bot4,,1,0
340,0.35,75,440,3864308138,3978975570,3644,0.647822,513,1385,10-9,61-25,64-45,83,67,100,90,27,23,1,0,1,83,0,,61,0,,,0,walked_into_fire,0,73,73,0,-11,10,0.8795,,0.005270,55,55,fire_reached_bot,0,111,54,57,-49,29,0.6506,,0.270046,,-1,fire_reached_bot,0,111,54,57,-49,29,0.6506,,0.616552,-1,,fire_reached_bot,0,111,54,57,-49,29,0.6506,,13.815572,-1,-1,111,0,54,57,,no_path,0,,Bot1|Bot2|Bot3|Bot4,0,1
341,0.35,75,440,3005494717,346531541,3669,0.652267,514,1446,23-73,11-56,43-56,29,29,51,37,56,32,0,0,1,29,1,29,150,1,29,121,1,button,1,29,29,0,119,0,1.0000,60,0.000464,-1,-1,button,1,29,29,0,119,0,1.0000,60,0.001881,,-1,button,1,29,29,0,119,0,1.0000,60,0.002135,-1,,button,1,29,29,0,119,0,1.0000,60,2.285911,-1,-1,29,0,0,0,0.4,risk_path,4,Bot1|Bot2|Bot3|Bot4,,1,0
342,0.35,75,440,2387691047,1277799577,3628,0.644978,496,1375,63-32,0-59,64-69,110,90,48,38,108,74,1,0,1,110,0,,276,1,110,166,1,button,1,110,110,0,95,0,1.0000,633,0.014094,-1,-1,button,1,110,110,0,95,0,1.0000,633,0.122674,,-1,button,1,110,110,0,95,0,1.0000,633,0.119485,-1,,button,1,110,110,0,95,0,1.0000,633,22.709014,80,80,110,0,0,0,0.4,risk_path,4,Bot1|Bot2|Bot3|Bot4,,1,0
343,0.35,75,440,909155234,2602241716,3644,0.647822,500,1364,16-23,49-50,35-2,60,60,42,40,74,62,0,0,1,60,1,60,189,1,60,129,1,button,1,60,60,0,104,0,1.0000,125,0.001639,-1,-1,button,1,60,60,0,104,0,1.0000,125,0.009253,,-1,button,1,60,60,0,104,0,1.0000,125,0.011246,-1,,button,1,60,60,0,104,0,1.0000,125,7.358264,1,1,60,0,0,0,0.4,risk_path,4,Bot1|Bot2|Bot3|Bot4,,1,0
344,0.35,75,440,3582665592,3009362077,3649,0.648711,507,1382,35-73,60-54,29-72,46,44,9,7,55,49,0,0,1,46,1,46,160,1,46,114,1,button,1,46,46,0,42,0,1.0000,65,0.001159,-1,-1,button,1,46,46,0,42,0,1.0000,65,0.006306,,-1,button,1,46,46,0,42,0,1.0000,65,0.007268,-1,,button,1,46,46,0,42,0,1.0000,65,4.339782,-1,-1,46,0,0,0,0.4,risk_path,4,Bot1|Bot2|Bot3|Bot4,,1,0
345,0.35,75,440,2398338138,2828610287,3658,0.650311,518,1407,57-10,11-57,39-61,101,93,79,69,44,32,1,0,1,101,0,,120,1,101,19,1,button,1,101,101,0,19,0,1.0000,1136,0.017971,-1,-1,button,1,101,101,0,19,0,1.0000,1136,0.077184,,-1,button,1,101,101,0,19,0,1.0000,1136,0.084178,-1,,button,1,101,101,0,19,0,1.0000,1136,21.759389,-1,-1,101,11,58,0,0.99,risk_path,4,Bot1|Bot2|Bot3|Bot4,,1,0
346,0.35,75,440,1634039232,257003492,3623,0.644089,481,1315,15-50,50-34,67-55,55,51,73,57,58,38,0,0,1,55,1,55,172,1,55,117,1,button,1,55,55,0,83,0,1.0000,160,0.002395,-1,-1,button,1,55,55,0,83,0,1.0000,160,0.010884,,-1,button,1,55,55,0,83,0,1.0000,160,0.012284,-1,,button,1,55,55,0,76,0,1.0000,160,6.062189,9,9,55,0,0,0,0.4,risk_path,4,Bot1|Bot2|Bot3|Bot4,,1,0
347,0.35,75,440,2513077685,551885425,3649,0.648711,526,1370,16-2,51-8,61-32,45,41,77,75,40,34,1,0,1,45,0,,100,1,45,55,1,button,1,45,45,0,55,0,1.0000,221,0.002712,-1,-1,button,1,45,45,0,55,0,1.0000,221,0.006307,,-1,button,1,45,45,0,55,0,1.0000,221,0.009948,-1,,button,1,45,45,0,55,0,1.0000,221,4.207868,-1,-1,45,0,0,0,0.4,risk_path,4,Bot1|Bot2|Bot3|Bot4,,1,0
348,0.35,75,440,2812461286,2193935649,3611,0.641956,483,1301,15-34,23-68,70-39,52,42,84,60,90,76,0,0,1,52,1,52,200,1,52,148,1,button,1,52,52,0,140,0,1.0000,178,0.002316,-1,-1,button,1,52,52,0,140,0,1.0000,178,0.016622,,-1,button,1,52,52,0,140,0,1.0000,178,0.013255,-1,,button,1,52,52,0,140,0,1.0000,178,5.908111,5,5,52,0,0,0,0.4,risk_path,4,Bot1|Bot2|Bot3|Bot4,,1,0
349,0.35,75,440,1831191962,3675714604,3639,0.646933,513,1405,21-49,42-73,62-57,47,45,61,49,38,36,1,0,1,47,0,,121,1,47,74,1,button,1,47,47,0,67,0,1.0000,188,0.002116,-1,-1,button,1,47,47,0,67,0,1.0000,188,0.009150,,-1,button,1,47,47,0,67,0,1.0000,188,0.009740,-1,,button,1,47,47,0,67,0,1.0000,188,4.882943,6,6,47,0,0,0,0.4,risk_path,4,Bot1|Bot2|Bot3|Bot4,,1,0
350,0.35,75,440,2219431423,1820989950,3664,0.651378,510,1364,40-51,48-66,2-54,35,23,61,41,64,58,0,0,1,35,1,35,164,1,35,129,1,button,1,35,35,0,124,0,1.0000,87,0.000869,-1,-1,button,1,35,35,0,124,0,1.0000,87,0.003639,,-1,button,1,35,35,0,124,0,1.0000,87,0.004087,-1,,button,1,35,35,0,124,0,1.0000,87,2.835706,9,9,35,0,0,0,0.4,risk_path,4,Bot1|Bot2|Bot3|Bot4,,1,0
351,0.35,75,440,509892709,3321225519,3631,0.645511,492,1334,68-20,35-61,33-59,76,74,84,74,8,4,1,0,1,76,0,,45,0,,,0,walked_into_fire,0,67,67,0,-21,9,0.8816,,0.002898,46,46,fire_reached_bot,0,106,45,61,-60,31,0.5921,,0.382824,,-1,fire_reached_bot,0,106,45,61,-60,31,0.5921,,0.712742,-1,,fire_reached_bot,0,106,45,61,-60,31,0.5921,,11.348119,-1,-1,106,0,45,61,,no_path,0,,Bot1|Bot2|Bot3|Bot4,0,1
352,0.35,75,440,410674036,2790386272,3625,0.644444,506,1354,26-67,69-15,65-27,97,95,79,79,18,16,1,0,1,97,0,,40,0,,,0,walked_into_fire,0,57,57,0,-16,40,0.5876,,0.003759,39,39,fire_reached_bot,0,83,40,43,-42,59,0.3918,,0.258907,,-1,fire_reached_bot,0,83,40,43,-42,59,0.3918,,0.500353,-1,,fire_reached_bot,0,83,40,43,-42,59,0.3918,,13.836066,-1,-1,83,0,40,43,,no_path,0,,Bot1|Bot2|Bot3|Bot4,0,1
353,0.35,75,440,43560433,194753494,3664,0.651378,509,1414,18-45,35-35,14-41,29,27,10,8,31,27,0,0,1,29,1,29,69,1,29,40,1,button,1,29,29,0,12,0,1.0000,94,0.000836,-1,-1,button,1,29,29,0,12,0,1.0000,94,0.002034,,-1,button,1,29,29,0,12,0,1.0000,94,0.004010,-1,,button,1,29,29,0,12,0,1.0000,94,2.284920,13,13,29,0,0,0,0.4,risk_path,4,Bot1|Bot2|Bot3|Bot4,,1,0
354,0.35,75,440,4123683559,484405637,3632,0.645689,495,1346,35-23,17-71,73-61,72,66,80,76,106,66,0,0,1,72,1,72,240,1,72,168,1,button,1,72,72,0,107,0,1.0000,329,0.005010,-1,-1,button,1,72,72,0,107,0,1.0000,329,0.021365,,-1,button,1,72,72,0,107,0,1.0000,329,0.042915,-1,,button,1,72,72,0,107,0,1.0000,329,10.835721,-1,-1,72,0,0,0,0.4,risk_path,4,Bot1|Bot2|Bot3|Bot4,,1,0
355,0.35,75,440,2102547529,3795932170,3646,0.648178,505,1407,50-36,69-58,9-56,41,41,71,61,84,62,0,0,1,41,1,41,219,1,41,178,1,button,1,41,41,0,158,0,1.0000,233,0.001800,-1,-1,button,1,41,41,0,158,0,1.0000,233,0.004194,,-1,button,1,41,41,0,158,0,1.0000,233,0.009190,-1,,button,1,41,41,0,161,0,1.0000,233,3.654419,22,22,41,0,0,0,0.4,risk_path,4,Bot1|Bot2|Bot3|Bot4,,1,0
356,0.35,75,440,1989372477,1712784801,3669,0.652267,524,1424,21-34,59-12,66-55,66,60,78,66,60,50,1,0,1,66,0,,175,1,66,109,1,button,1,66,66,0,107,0,1.0000,533,0.005212,-1,-1,button,1,66,66,0,107,0,1.0000,533,0.015459,,-1,button,1,66,66,0,107,0,1.0000,533,0.033420,-1,,button,1,66,66,0,105,0,1.0000,533,8.800889,1,1,66,0,0,0,0.4,risk_path,4,Bot1|Bot2|Bot3|Bot4,,1,0
357,0.35,75,440,3146175691,832631895,3635,0.646222,504,1390,18-0,68-9,10-61,87,59,87,69,126,110,0,0,1,87,1,87,304,1,87,217,1,button,1,87,87,0,205,0,1.0000,601,0.006025,-1,-1,button,1,87,87,0,205,0,1.0000,601,0.043862,,-1,button,1,87,87,0,205,0,1.0000,601,0.052531,-1,,button,1,87,87,0,205,0,1.0000,601,14.911606,2,2,87,0,0,0,0.4,risk_path,4,Bot1|Bot2|Bot3|Bot4,,1,0
358,0.35,75,440,619419441,2208452547,3652,0.649244,505,1413,54-66,47-12,11-43,71,61,70,66,77,67,0,0,1,71,1,71,188,1,71,117,1,button,1,71,71,0,80,0,1.0000,648,0.005448,-1,-1,button,1,71,71,0,80,0,1.0000,648,0.018024,,-1,button,1,71,71,0,80,0,1.0000,648,0.024084,-1,,button,1,71,71,0,80,0,1.0000,648,10.396519,-1,-1,71,0,0,0,0.4,risk_path,4,Bot1|Bot2|Bot3|Bot4,,1,0
359,0.35,75,440,1223795627,3036548846,3649,0.648711,506,1394,57-7,12-54,8-43,92,92,87,85,21,15,1,0,1,92,0,,50,0,,,0,walked_into_fire,0,73,73,0,-22,19,0.7935,,0.004012,51,51,fire_reached_bot,0,107,50,57,-56,42,0.5435,,0.287538,,-1,fire_reached_bot,0,107,50,57,-56,42,0.5435,,0.604743,-1,,fire_reached_bot,0,107,50,57,-56,42,0.5435,,15.800111,-1,-1,107,0,50,57,,no_path,0,,Bot1|Bot2|Bot3|Bot4,0,1
360,0.35,75,440,579359964,1186995808,3635,0.646222,507,1379,22-42,54-3,35-52,77,71,23,23,78,68,0,0,1,77,1,77,222,1,77,145,1,button,1,77,77,0,38,0,1.0000,677,0.005973,-1,-1,button,1,77,77,0,38,0,1.0000,677,0.028233,,-1,button,1,77,77,0,38,0,1.0000,677,0.031871,-1,,button,1,77,77,0,38,0,1.0000,677,8.784079,21,21,77,0,0,0,0.4,risk_path,4,Bot1|Bot2|Bot3|Bot4,,1,0
361,0.35,75,440,2365814492,1911836688,3652,0.649244,497,1410,17-70,13-44,49-34,44,30,72,68,52,46,0,0,1,44,1,44,123,1,44,79,1,button,1,44,44,0,72,0,1.0000,209,0.001843,-1,-1,button,1,44,44,0,72,0,1.0000,209,0.006375,,-1,button,1,44,44,0,72,0,1.0000,209,0.009937,-1,,button,1,44,44,0,72,0,1.0000,209,3.400405,-1,-1,44,0,0,0,0.4,risk_path,4,Bot1|Bot2|Bot3|Bot4,,1,0
362,0.35,75,440,1556033072,2435529583,3641,0.647289,503,1362,41-9,37-54,29-58,73,49,81,61,12,12,1,0,1,73,0,,36,0,,,0,walked_into_fire,0,65,65,0,-28,8,0.8904,,0.003992,37,37,fire_reached_bot,0,104,36,68,-67,37,0.4932,,0.349624,,-1,fire_reached_bot,0,104,36,68,-67,37,0.4932,,0.940693,-1,,fire_reached_bot,0,104,36,68,-67,37,0.4932,,7.990211,-1,-1,104,0,36,68,,no_path,0,,Bot1|Bot2|Bot3|Bot4,0,1
363,0.35,75,440,4172303545,2847709414,3659,0.650489,521,1372,18-5,16-3,65-55,4,4,97,97,101,101,0,0,1,4,1,4,241,1,4,237,1,button,1,4,4,0,237,0,1.0000,4,0.000078,-1,-1,button,1,4,4,0,237,0,1.0000,4,0.000076,,-1,button,1,4,4,0,237,0,1.0000,4,0.000117,-1,,button,1,4,4,0,237,0,1.0000,4,0.087057,-1,-1,4,0,0,0,0.4,risk_path,4,Bot1|Bot2|Bot3|Bot4,,1,0
364,0.35,75,440,2579275816,973970230,3634,0.646044,504,1359,6-44,19-58,62-43,33,27,91,57,60,58,0,0,1,33,1,33,145,1,33,112,1,button,1,33,33,0,112,0,1.0000,146,0.000904,-1,-1,button,1,33,33,0,112,0,1.0000,146,0.002564,,-1,button,1,33,33,0,112,0,1.0000,146,0.003230,-1,,button,1,33,33,0,112,0,1.0000,146,1.985217,10,10,33,0,0,0,0.4,risk_path,4,Bot1|Bot2|Bot3|Bot4,,1,0
365,0.35,75,440,1952802954,979129697,3639,0.646933,509,1412,74-40,7-52,23-65,93,79,90,76,39,29,1,0,1,93,0,,102,1,93,9,1,button,1,93,93,0,9,0,1.0000,702,0.007669,-1,-1,button,1,93,93,0,9,0,1.0000,702,0.042795,,-1,button,1,93,93,0,9,0,1.0000,702,0.049222,-1,,button,1,93,93,0,9,0,1.0000,702,19.355433,-1,-1,93,23,53,0,0.99,risk_path,4,Bot1|Bot2|Bot3|Bot4,,1,0
366,0.35,75,440,3081393282,309076382,3638,0.646756,493,1349,36-74,8-31,36-50,71,71,36,24,47,47,1,0,1,71,0,,123,1,71,52,1,button,1,71,71,0,5,0,1.0000,454,0.003479,-1,-1,button,1,71,71,0,5,0,1.0000,454,0.013790,,-1,button,1,71,71,0,5,0,1.0000,454,0.017436,-1,,button,1,71,71,0,5,0,1.0000,454,10.057656,-1,-1,71,18,0,0,0.99,risk_path,4,Bot1|Bot2|Bot3|Bot4,,1,0
367,0.35,75,440,3151380601,1716409728,3657,0.650133,505,1413,67-49,55-9,62-54,58,52,10,10,66,52,0,0,1,58,1,58,164,1,58,106,1,button,1,58,58,0,17,0,1.0000,497,0.005432,-1,-1,button,1,58,58,0,17,0,1.0000,497,0.010727,,-1,button,1,58,58,0,17,0,1.0000,497,0.014445,-1,,button,1,58,58,0,17,0,1.0000,497,6.882323,50,50,58,0,0,0,0.4,risk_path,4,Bot1|Bot2|Bot3|Bot4,,1,0
368,0.35,75,440,2032139050,1891626865,3643,0.647644,499,1406,56-19,54-8,30-48,15,13,57,55,66,64,0,0,1,15,1,15,189,1,15,174,1,button,1,15,15,0,154,0,1.0000,21,0.000317,-1,-1,button,1,15,15,0,154,0,1.0000,21,0.000525,,-1,button,1,15,15,0,154,0,1.0000,21,0.000651,-1,,button,1,15,15,0,154,0,1.0000,21,0.439474,-1,-1,15,0,0,0,0.4,risk_path,4,Bot1|Bot2|Bot3|Bot4,,1,0
369,0.35,75,440,737645428,557148272,3635,0.646222,500,1363,5-39,12-37,1-60,21,9,31,25,40,34,0,0,1,21,1,21,97,1,21,76,1,button,1,21,21,0,74,0,1.0000,22,0.000445,-1,-1,button,1,21,21,0,74,0,1.0000,22,0.001041,,-1,button,1,21,21,0,74,0,1.0000,22,0.001176,-1,,button,1,21,21,0,74,0,1.0000,22,0.780774,-1,-1,21,0,0,0,0.4,risk_path,4,Bot1|Bot2|Bot3|Bot4,,1,0
370,0.35,75,440,2602577069,3193247753,3645,0.648000,514,1391,69-45,24-59,39-7,83,59,82,68,87,67,0,0,1,83,1,83,206,1,83,123,1,button,1,83,83,0,109,0,1.0000,562,0.009195,-1,-1,button,1,83,83,0,109,0,1.0000,562,0.043694,,-1,button,1,83,83,0,109,0,1.0000,562,0.048806,-1,,button,1,83,83,0,109,0,1.0000,562,13.947513,-1,-1,83,0,0,0,0.4,risk_path,4,Bot1|Bot2|Bot3|Bot4,,1,0
371,0.35,75,440,1923164207,2685547185,3651,0.649067,505,1395,63-72,66-47,73-55,48,28,33,27,33,15,1,0,1,48,0,,90,1,48,42,1,button,1,48,48,0,5,0,1.0000,117,0.001985,-1,-1,button,1,48,48,0,5,0,1.0000,117,0.009561,,-1,button,1,48,48,0,5,0,1.0000,117,0.010187,-1,,button,1,48,48,0,5,0,1.0000,117,5.522543,-1,-1,48,5,0,0,0.8,risk_path,4,Bot1|Bot2|Bot3|Bot4,,1,0
372,0.35,75,440,3064658255,2591067856,3624,0.644267,503,1380,5-60,53-71,10-3,73,59,94,62,119,111,0,0,1,73,1,73,260,1,73,187,1,button,1,73,73,0,163,0,1.0000,317,0.006161,-1,-1,button,1,73,73,0,163,0,1.0000,317,0.018472,,-1,button,1,73,73,0,163,0,1.0000,317,0.022764,-1,,button,1,73,73,0,163,0,1.0000,317,11.383954,6,6,73,0,0,0,0.4,risk_path,4,Bot1|Bot2|Bot3|Bot4,,1,0
373,0.35,75,440,1154147649,4041770858,3645,0.648000,489,1406,62-19,40-29,24-69,34,32,106,88,72,56,0,0,1,34,1,34,178,1,34,144,1,button,1,34,34,0,142,0,1.0000,99,0.000924,-1,-1,button,1,34,34,0,142,0,1.0000,99,0.002664,,-1,button,1,34,34,0,142,0,1.0000,99,0.003102,-1,,button,1,34,34,0,142,0,1.0000,99,2.097516,-1,-1,34,0,0,0,0.4,risk_path,4,Bot1|Bot2|Bot3|Bot4,,1,0
374,0.35,75,440,1357385445,1134208027,3666,0.651733,513,1413,25-51,39-21,30-57,60,44,11,11,65,45,0,0,1,60,1,60,154,1,60,94,1,button,1,60,60,0,20,0,1.0000,468,0.006077,-1,-1,button,1,60,60,0,20,0,1.0000,468,0.018155,,-1,button,1,60,60,0,20,0,1.0000,468,0.021125,-1,,button,1,60,60,0,20,0,1.0000,468,7.476216,12,12,60,0,0,0,0.4,risk_path,4,Bot1|Bot2|Bot3|Bot4,,1,0
375,0.35,75,440,560426098,1461767624,3635,0.646222,513,1396,24-1,51-60,27-31,94,86,51,33,55,53,1,0,1,94,0,,128,1,102,26,0,walked_into_fire,0,51,51,0,-1,43,0.5426,194,0.002409,46,45,button,1,104,104,0,14,0,1.0000,1126,0.034053,,45,button,1,102,102,0,16,0,1.0000,1078,0.043486,45,,button,1,104,104,0,14,0,1.0000,1126,20.871244,55,45,104,16,47,0,0.99,risk_path,3,Bot2|Bot3|Bot4,Bot1,0,0
376,0.35,75,440,1829175360,2037474768,3618,0.643200,493,1325,46-28,2-26,69-70,64,46,67,65,119,111,0,0,1,64,1,64,283,1,64,219,1,button,1,64,64,0,155,0,1.0000,305,0.004710,-1,-1,button,1,64,64,0,155,0,1.0000,305,0.013589,,-1,button,1,64,64,0,155,0,1.0000,305,0.016105,-1,,button,1,64,64,0,155,0,1.0000,305,9.394623,-1,-1,64,0,0,0,0.4,risk_path,4,Bot1|Bot2|Bot3|Bot4,,1,0
377,0.35,75,440,3056335309,1867334455,3661,0.650844,500,1439,27-46,28-68,18-56,47,23,21,19,28,22,1,0,1,47,0,,81,1,47,34,1,button,1,47,47,0,4,0,1.0000,173,0.002035,-1,-1,button,1,47,47,0,4,0,1.0000,173,0.006923,,-1,button,1,47,47,0,4,0,1.0000,173,0.007682,-1,,button,1,55,55,0,4,0,1.0000,251,6.270325,20,20,55,13,9,0,0.99,risk_path,4,Bot1|Bot2|Bot3|Bot4,,1,0
378,0.35,75,440,3498759806,185762425,3635,0.646222,494,1353,44-3,7-68,63-11,110,102,29,27,117,113,0,0,1,110,1,110,252,1,110,142,1,button,1,110,110,0,42,0,1.0000,978,0.017489,-1,-1,button,1,110,110,0,42,0,1.0000,978,0.056708,,-1,button,1,110,110,0,42,0,1.0000,978,0.071273,-1,,button,1,110,110,0,42,0,1.0000,978,20.592066,-1,-1,110,0,0,0,0.4,risk_path,4,Bot1|Bot2|Bot3|Bot4,,1,0
379,0.35,75,440,743858379,262038232,3647,0.648356,504,1394,0-72,40-37,64-54,77,75,92,82,45,41,1,0,1,77,0,,119,1,77,42,1,button,1,77,77,0,42,0,1.0000,585,0.006656,-1,-1,button,1,77,77,0,42,0,1.0000,585,0.018666,,-1,button,1,77,77,0,42,0,1.0000,585,0.031592,-1,,button,1,77,77,0,42,0,1.0000,585,12.559669,9,9,77,9,4,0,0.99,risk_path,4,Bot1|Bot2|Bot3|Bot4,,1,0
380,0.35,75,440,3490957155,2695499596,3644,0.647822,514,1421,51-6,65-68,53-10,96,76,8,6,90,70,1,0,1,96,0,,217,1,108,109,0,walked_into_fire,0,6,6,0,-2,90,0.0625,4,0.002021,4,1,fire_reached_bot,0,28,28,0,0,78,0.1875,102,0.037893,,1,button,1,124,124,0,4,0,1.0000,1284,0.159948,1,,button,1,108,108,0,21,0,1.0000,1028,19.893364,1,12,108,0,0,0,0.4,risk_path,2,Bot3|Bot4,Bot1|Bot2,0,0
381,0.35,75,440,44469780,2130841903,3651,0.649067,517,1415,41-66,32-72,23-5,21,15,87,79,102,76,0,0,1,21,1,21,273,1,21,252,1,button,1,21,21,0,231,0,1.0000,45,0.000439,-1,-1,button,1,21,21,0,231,0,1.0000,45,0.001243,,-1,button,1,21,21,0,231,0,1.0000,45,0.001687,-1,,button,1,21,21,0,231,0,1.0000,45,1.145348,-1,-1,21,0,0,0,0.4,risk_path,4,Bot1|Bot2|Bot3|Bot4,,1,0
382,0.35,75,440,1350579762,3490582419,3658,0.650311,507,1374,20-31,25-6,46-43,44,30,48,38,76,58,0,0,1,44,1,44,200,1,44,156,1,button,1,44,44,0,108,0,1.0000,136,0.001400,-1,-1,button,1,44,44,0,108,0,1.0000,136,0.007256,,-1,button,1,44,44,0,108,0,1.0000,136,0.008007,-1,,button,1,44,44,0,108,0,1.0000,136,3.906873,1,1,44,0,0,0,0.4,risk_path,4,Bot1|Bot2|Bot3|Bot4,,1,0
383,0.35,75,440,2733807543,3538856808,3647,0.648356,506,1388,65-8,0-53,51-67,112,110,87,73,81,65,1,0,1,112,0,,239,1,112,127,1,button,1,112,112,0,127,0,1.0000,773,0.013317,-1,-1,button,1,112,112,0,127,0,1.0000,773,0.049956,,-1,button,1,112,112,0,127,0,1.0000,773,0.058547,-1,,button,1,112,112,0,127,0,1.0000,773,22.568168,-1,-1,112,0,0,0,0.4,risk_path,4,Bot1|Bot2|Bot3|Bot4,,1,0
384,0.35,75,440,144857897,2449621353,3659,0.650489,507,1392,72-6,70-33,45-20,53,29,45,41,44,38,1,0,1,53,0,,127,1,53,74,1,button,1,53,53,0,57,0,1.0000,365,0.003900,-1,-1,button,1,53,53,0,57,0,1.0000,365,0.010325,,-1,button,1,53,53,0,57,0,1.0000,365,0.013319,-1,,button,1,53,53,0,57,0,1.0000,365,5.987701,35,35,53,0,0,0,0.4,risk_path,4,Bot1|Bot2|Bot3|Bot4,,1,0
385,0.35,75,440,341761630,1725134005,3609,0.641600,497,1358,46-27,19-16,34-58,54,38,61,43,73,57,0,0,1,54,1,54,166,1,54,112,1,button,1,54,54,0,111,0,1.0000,385,0.005093,-1,-1,button,1,54,54,0,111,0,1.0000,385,0.017685,,-1,button,1,54,54,0,111,0,1.0000,385,0.020375,-1,,button,1,54,54,0,108,0,1.0000,385,5.826118,5,5,54,0,0,0,0.4,risk_path,4,Bot1|Bot2|Bot3|Bot4,,1,0
386,0.35,75,440,192649057,483095820,3649,0.648711,500,1326,43-10,1-65,10-16,107,97,47,39,70,58,1,0,1,107,0,,175,1,107,68,1,button,1,107,107,0,8,0,1.0000,1067,0.022450,-1,-1,button,1,107,107,0,8,0,1.0000,1067,0.088609,,-1,button,1,107,107,0,8,0,1.0000,1067,0.112247,-1,,button,1,107,107,0,8,0,1.0000,1067,21.736822,-1,-1,107,4,0,0,0.99,risk_path,4,Bot1|Bot2|Bot3|Bot4,,1,0
387,0.35,75,440,3803973244,2905068052,3617,0.643022,490,1340,11-68,71-0,70-47,134,128,102,80,66,48,1,0,1,134,0,,162,1,134,28,1,button,1,134,134,0,7,0,1.0000,1309,0.025106,-1,-1,button,1,134,134,0,7,0,1.0000,1309,0.118842,,-1,button,1,134,134,0,7,0,1.0000,1309,0.145610,-1,,button,1,134,134,0,7,0,1.0000,1309,34.029118,87,87,134,16,82,0,0.99,risk_path,4,Bot1|Bot2|Bot3|Bot4,,1,0
388,0.35,75,440,1436060441,193209266,3627,0.644800,496,1372,62-48,62-52,65-20,10,4,53,31,57,35,0,0,1,10,1,10,160,1,10,150,1,button,1,10,10,0,125,0,1.0000,9,0.000128,-1,-1,button,1,10,10,0,125,0,1.0000,9,0.000327,,-1,button,1,10,10,0,125,0,1.0000,9,0.000397,-1,,button,1,10,10,0,125,0,1.0000,9,0.243917,-1,-1,10,0,0,0,0.4,risk_path,4,Bot1|Bot2|Bot3|Bot4,,1,0
389,0.35,75,440,3826677250,268213696,3645,0.648000,517,1385,26-31,33-32,8-53,12,8,40,40,48,46,0,0,1,12,1,12,96,1,12,84,1,button,1,12,12,0,81,0,1.0000,31,0.000257,-1,-1,button,1,12,12,0,81,0,1.0000,31,0.000484,,-1,button,1,12,12,0,81,0,1.0000,31,0.000704,-1,,button,1,12,12,0,82,0,1.0000,31,0.368867,7,7,12,0,0,0,0.4,risk_path,4,Bot1|Bot2|Bot3|Bot4,,1,0
390,0.35,75,440,1922677758,3470194275,3657,0.650133,504,1385,3-43,21-19,17-61,44,42,34,32,58,46,0,0,1,44,1,44,153,1,44,109,1,button,1,44,44,0,65,0,1.0000,173,0.001595,-1,-1,button,1,44,44,0,65,0,1.0000,173,0.006356,,-1,button,1,44,44,0,65,0,1.0000,173,0.007961,-1,,button,1,44,44,0,65,0,1.0000,173,4.089701,32,32,44,0,0,0,0.4,risk_path,4,Bot1|Bot2|Bot3|Bot4,,1,0
391,0.35,75,440,220974170,2519797936,3660,0.650667,503,1355,72-66,1-1,16-34,142,136,96,88,52,48,1,0,1,142,0,,111,0,,,0,walked_into_fire,0,70,70,0,-1,72,0.4930,624,0.008509,45,45,fire_reached_bot,0,130,96,34,-18,84,0.4085,,0.210804,,78,fire_reached_bot,0,137,96,41,-25,82,0.4225,,0.424674,78,,fire_reached_bot,0,130,96,34,-18,84,0.4085,,30.462245,-1,78,130,0,96,34,,no_path,0,,Bot1|Bot2|Bot3|Bot4,0,1
392,0.35,75,440,311089741,15779671,3622,0.643911,498,1359,62-59,70-45,20-52,24,22,73,49,71,57,0,0,1,24,1,24,163,1,24,139,1,button,1,24,24,0,139,0,1.0000,82,0.000631,-1,-1,button,1,24,24,0,139,0,1.0000,82,0.001098,,-1,button,1,24,24,0,139,0,1.0000,82,0.001564,-1,,button,1,24,24,0,139,0,1.0000,82,1.029076,9,9,24,0,0,0,0.4,risk_path,4,Bot1|Bot2|Bot3|Bot4,,1,0
393,0.35,75,440,3786552960,3978206707,3625,0.644444,503,1356,59-68,38-39,26-64,58,50,49,37,57,37,1,0,1,58,0,,125,1,58,67,1,button,1,58,58,0,47,0,1.0000,307,0.002294,-1,-1,button,1,58,58,0,47,0,1.0000,307,0.009906,,-1,button,1,58,58,0,47,0,1.0000,307,0.015918,-1,,button,1,58,58,0,47,0,1.0000,307,6.779504,-1,-1,58,0,0,0,0.4,risk_path,4,Bot1|Bot2|Bot3|Bot4,,1,0
394,0.35,75,440,1026823686,935493975,3622,0.643911,526,1408,70-22,67-29,30-64,16,10,88,82,76,72,0,0,1,16,1,16,178,1,16,162,1,button,1,16,16,0,159,0,1.0000,48,0.000324,-1,-1,button,1,16,16,0,159,0,1.0000,48,0.000811,,-1,button,1,16,16,0,159,0,1.0000,48,0.001532,-1,,button,1,16,16,0,159,0,1.0000,48,0.643178,-1,-1,16,0,0,0,0.4,risk_path,4,Bot1|Bot2|Bot3|Bot4,,1,0
395,0.35,75,440,3873671478,4157908143,3653,0.649422,512,1406,63-33,71-71,3-25,56,46,82,68,116,114,0,0,1,56,1,56,269,1,56,213,1,button,1,56,56,0,190,0,1.0000,291,0.002677,-1,-1,button,1,56,56,0,190,0,1.0000,291,0.009981,,-1,button,1,56,56,0,190,0,1.0000,291,0.020130,-1,,button,1,56,56,0,200,0,1.0000,291,7.062217,5,5,56,0,0,0,0.4,risk_path,4,Bot1|Bot2|Bot3|Bot4,,1,0
396,0.35,75,440,1326410439,1678133499,3636,0.646400,501,1367,2-32,60-34,74-56,78,60,104,96,40,36,1,0,1,78,0,,125,1,78,47,1,button,1,78,78,0,45,0,1.0000,229,0.003624,-1,-1,button,1,78,78,0,45,0,1.0000,229,0.027537,,-1,button,1,78,78,0,45,0,1.0000,229,0.039154,-1,,button,1,78,78,0,45,0,1.0000,229,12.126846,21,21,78,12,23,0,0.99,risk_path,4,Bot1|Bot2|Bot3|Bot4,,1,0
397,0.35,75,440,613184341,3716848103,3654,0.649600,506,1368,74-57,2-1,55-66,134,128,32,28,126,118,1,0,1,134,0,,295,1,134,161,0,walked_into_fire,0,19,19,0,-2,115,0.1418,57,0.005036,18,16,button,1,150,150,0,3,0,1.0000,1930,0.171324,,16,button,1,146,146,0,7,0,1.0000,1858,0.237469,16,,button,1,134,134,0,32,0,1.0000,1636,22.262232,1,1,134,0,0,0,0.4,risk_path,3,Bot2|Bot3|Bot4,Bot1,0,0
398,0.35,75,440,140259070,1404237909,3636,0.646400,513,1339,1-48,63-13,41-37,97,97,53,51,54,46,1,0,1,97,0,,131,1,125,6,0,walked_into_fire,0,47,47,0,-2,50,0.4845,291,0.003195,46,45,button,1,125,125,0,1,0,1.0000,2342,0.066105,,45,button,1,125,125,0,2,0,1.0000,2342,0.131036,45,,button,1,125,125,0,1,0,1.0000,2342,16.087558,-1,45,125,15,99,0,0.99,risk_path,3,Bot2|Bot3|Bot4,Bot1,0,0
399,0.35,75,440,1706966771,3646661798,3652,0.649244,511,1407,32-34,29-13,48-3,40,24,55,47,35,29,1,0,1,40,0,,78,1,40,38,1,button,1,40,40,0,38,0,1.0000,178,0.001929,-1,-1,button,1,40,40,0,38,0,1.0000,178,0.005863,,-1,button,1,40,40,0,38,0,1.0000,178,0.011293,-1,,button,1,40,40,0,38,0,1.0000,178,2.625492,-1,-1,40,0,0,0,0.4,risk_path,4,Bot1|Bot2|Bot3|Bot4,,1,0
400,0.35,75,440,1557608422,587872040,3654,0.649600,504,1397,49-5,1-60,36-26,109,103,40,34,73,69,1,0,1,109,0,,178,1,125,53,0,fire_reached_bot,0,35,35,0,0,74,0.3211,176,0.002360,35,35,button,1,125,125,0,3,0,1.0000,2256,0.081870,,-1,button,1,125,125,0,3,0,1.0000,2256,0.146025,-1,,button,1,129,129,0,3,0,1.0000,2361,18.194199,58,58,129,12,46,0,0.99,risk_path,3,Bot2|Bot3|Bot4,Bot1,0,0
401,0.35,75,440,2000075961,2745563048,3647,0.648356,506,1360,53-41,74-15,43-8,51,47,65,43,46,38,1,0,1,51,0,,98,1,51,47,1,button,1,51,51,0,47,0,1.0000,244,0.002396,-1,-1,button,1,51,51,0,47,0,1.0000,244,0.009386,,-1,button,1,51,51,0,47,0,1.0000,244,0.018833,-1,,button,1,51,51,0,47,0,1.0000,244,4.168251,19,19,51,0,0,0,0.4,risk_path,4,Bot1|Bot2|Bot3|Bot4,,1,0
402,0.35,75,440,4291152545,2741335827,3641,0.647289,513,1401,4-47,39-45,36-43,57,37,58,36,5,5,1,0,1,57,0,,12,0,,,0,walked_into_fire,0,42,42,0,-29,15,0.7368,,0.001599,13,13,fire_reached_bot,0,111,12,99,-98,45,0.2105,,0.418119,,-1,fire_reached_bot,0,111,12,99,-98,45,0.2105,,0.976442,-1,,fire_reached_bot,0,111,12,99,-98,45,0.2105,,2.559203,-1,-1,111,0,12,99,,no_path,0,,Bot1|Bot2|Bot3|Bot4,0,1
403,0.35,75,440,2060592027,3688875005,3646,0.648178,499,1396,8-70,21-2,51-54,107,81,71,59,86,82,1,0,1,107,0,,185,1,107,78,1,button,1,107,107,0,62,0,1.0000,1266,0.014365,-1,-1,button,1,107,107,0,62,0,1.0000,1266,0.067094,,-1,button,1,107,107,0,62,0,1.0000,1266,0.114457,-1,,button,1,107,107,0,60,0,1.0000,1266,15.114093,2,2,107,0,0,0,0.4,risk_path,4,Bot1|Bot2|Bot3|Bot4,,1,0
404,0.35,75,440,1918492199,551143425,3649,0.648711,506,1398,38-59,6-65,53-74,52,38,30,30,68,56,0,0,1,52,1,52,184,1,52,132,1,button,1,52,52,0,65,0,1.0000,225,0.001914,-1,-1,button,1,52,52,0,65,0,1.0000,225,0.008715,,-1,button,1,52,52,0,65,0,1.0000,225,0.015340,-1,,button,1,52,52,0,65,0,1.0000,225,4.202541,-1,-1,52,0,0,0,0.4,risk_path,4,Bot1|Bot2|Bot3|Bot4,,1,0
405,0.35,75,440,4258988007,102048511,3637,0.646578,505,1392,3-50,24-64,58-47,35,35,74,58,57,51,0,0,1,35,1,35,126,1,35,91,1,button,1,35,35,0,89,0,1.0000,101,0.000683,-1,-1,button,1,35,35,0,89,0,1.0000,101,0.002804,,-1,button,1,35,35,0,89,0,1.0000,101,0.004981,-1,,button,1,35,35,0,89,0,1.0000,101,1.967868,7,7,35,0,0,0,0.4,risk_path,4,Bot1|Bot2|Bot3|Bot4,,1,0
406,0.35,75,440,1836645683,3217807480,3644,0.647822,502,1331,0-46,40-23,63-28,79,63,105,81,32,28,1,0,1,79,0,,67,0,,,0,walked_into_fire,0,73,73,0,-5,6,0.9241,,0.004785,67,67,fire_reached_bot,0,91,66,25,-23,13,0.8354,,0.143476,,-1,fire_reached_bot,0,91,66,25,-23,13,0.8354,,0.347943,-1,,fire_reached_bot,0,91,66,25,-23,13,0.8354,,11.029511,-1,-1,91,0,66,25,,no_path,0,,Bot1|Bot2|Bot3|Bot4,0,1
407,0.35,75,440,348380400,1235727142,3621,0.643733,502,1332,23-11,33-46,23-72,49,45,79,61,46,36,1,0,1,49,0,,117,1,49,68,1,button,1,49,49,0,68,0,1.0000,91,0.000948,-1,-1,button,1,49,49,0,68,0,1.0000,91,0.005472,,-1,button,1,49,49,0,68,0,1.0000,91,0.006063,-1,,button,1,49,49,0,68,0,1.0000,91,3.760226,15,15,49,0,0,0,0.4,risk_path,4,Bot1|Bot2|Bot3|Bot4,,1,0
408,0.35,75,440,649723473,128509568,3652,0.649244,507,1389,26-9,6-2,14-47,31,27,66,50,73,53,0,0,1,31,1,31,178,1,31,147,1,button,1,31,31,0,140,0,1.0000,81,0.000581,-1,-1,button,1,31,31,0,140,0,1.0000,81,0.002595,,-1,button,1,31,31,0,140,0,1.0000,81,0.003060,-1,,button,1,31,31,0,140,0,1.0000,81,1.612673,-1,-1,31,0,0,0,0.4,risk_path,4,Bot1|Bot2|Bot3|Bot4,,1,0
409,0.35,75,440,1213574996,1326260514,3647,0.648356,488,1368,55-57,35-55,55-12,30,22,69,45,67,63,0,0,1,30,1,30,160,1,30,130,1,button,1,30,30,0,129,0,1.0000,111,0.000745,-1,-1,button,1,30,30,0,129,0,1.0000,111,0.003989,,-1,button,1,30,30,0,129,0,1.0000,111,0.003493,-1,,button,1,30,30,0,120,0,1.0000,111,1.503454,6,6,30,0,0,0,0.4,risk_path,4,Bot1|Bot2|Bot3|Bot4,,1,0
410,0.35,75,440,399927594,1172635717,3649,0.648711,503,1395,70-34,60-58,10-58,38,34,88,84,70,50,0,0,1,38,1,38,166,1,38,128,1,button,1,38,38,0,128,0,1.0000,98,0.000803,-1,-1,button,1,38,38,0,128,0,1.0000,98,0.005048,,-1,button,1,38,38,0,128,0,1.0000,98,0.004602,-1,,button,1,38,38,0,128,0,1.0000,98,2.312669,-1,-1,38,0,0,0,0.4,risk_path,4,Bot1|Bot2|Bot3|Bot4,,1,0
411,0.35,75,440,94789281,138735109,3646,0.648178,506,1409,35-29,8-74,34-65,78,72,51,37,39,35,1,0,1,78,0,,98,1,78,20,1,button,1,78,78,0,6,0,1.0000,667,0.006451,-1,-1,button,1,78,78,0,6,0,1.0000,667,0.037637,,-1,button,1,78,78,0,6,0,1.0000,667,0.040560,-1,,button,1,80,80,0,14,0,1.0000,698,10.707064,47,47,80,21,41,0,0.99,risk_path,4,Bot1|Bot2|Bot3|Bot4,,1,0
412,0.35,75,440,4204771711,1699448702,3649,0.648711,521,1344,25-68,64-22,8-1,101,85,108,84,83,77,1,0,1,101,0,,198,1,101,97,1,button,1,101,101,0,71,0,1.0000,488,0.005463,-1,-1,button,1,101,101,0,71,0,1.0000,488,0.039224,,-1,button,1,101,101,0,71,0,1.0000,488,0.047231,-1,,button,1,101,101,0,71,0,1.0000,488,15.896252,39,39,101,0,0,0,0.4,risk_path,4,Bot1|Bot2|Bot3|Bot4,,1,0
413,0.35,75,440,823494903,3566751827,3642,0.647467,516,1387,71-17,60-13,29-23,25,15,60,48,45,41,0,0,1,25,1,25,108,1,25,83,1,button,1,25,25,0,76,0,1.0000,96,0.000529,-1,-1,button,1,25,25,0,76,0,1.0000,96,0.001460,,-1,button,1,25,25,0,76,0,1.0000,96,0.001830,-1,,button,1,25,25,0,76,0,1.0000,96,1.120113,-1,-1,25,0,0,0,0.4,risk_path,4,Bot1|Bot2|Bot3|Bot4,,1,0
414,0.35,75,440,277766336,146189312,3644,0.647822,499,1356,58-60,40-20,62-46,72,58,22,18,64,48,1,0,1,72,0,,163,1,72,91,1,button,1,72,72,0,43,0,1.0000,552,0.005164,-1,-1,button,1,72,72,0,43,0,1.0000,552,0.034146,,-1,button,1,72,72,0,43,0,1.0000,552,0.034668,-1,,button,1,72,72,0,43,0,1.0000,552,8.015660,62,62,72,0,0,0,0.4,risk_path,4,Bot1|Bot2|Bot3|Bot4,,1,0
415,0.35,75,440,2294360336,2377130893,3660,0.650667,509,1386,42-45,54-71,24-24,44,38,39,39,83,77,0,0,1,44,1,44,223,1,44,179,1,button,1,44,44,0,114,0,1.0000,86,0.000764,-1,-1,button,1,44,44,0,114,0,1.0000,86,0.005702,,-1,button,1,44,44,0,114,0,1.0000,86,0.004743,-1,,button,1,44,44,0,114,0,1.0000,86,3.019473,11,11,44,0,0,0,0.4,risk_path,4,Bot1|Bot2|Bot3|Bot4,,1,0
416,0.35,75,440,4063297683,2159750137,3631,0.645511,496,1409,73-41,65-67,49-26,38,34,53,39,63,57,0,0,1,38,1,38,161,1,38,123,1,button,1,38,38,0,122,0,1.0000,76,0.000711,-1,-1,button,1,38,38,0,122,0,1.0000,76,0.004174,,-1,button,1,38,38,0,122,0,1.0000,76,0.004651,-1,,button,1,38,38,0,122,0,1.0000,76,2.252146,-1,-1,38,0,0,0,0.4,risk_path,4,Bot1|Bot2|Bot3|Bot4,,1,0
417,0.35,75,440,4136068613,3935871520,3621,0.643733,502,1362,57-26,62-4,25-23,29,27,53,35,62,56,0,0,1,29,1,29,180,1,29,151,1,button,1,29,29,0,124,0,1.0000,98,0.000612,-1,-1,button,1,29,29,0,124,0,1.0000,98,0.002021,,-1,button,1,29,29,0,124,0,1.0000,98,0.002425,-1,,button,1,29,29,0,124,0,1.0000,98,1.345720,23,23,29,0,0,0,0.4,risk_path,4,Bot1|Bot2|Bot3|Bot4,,1,0
418,0.35,75,440,3079297320,2426746488,3636,0.646400,501,1421,50-61,33-15,73-21,71,63,79,63,60,46,1,0,1,71,0,,189,1,71,118,1,button,1,71,71,0,109,0,1.0000,178,0.002200,-1,-1,button,1,71,71,0,109,0,1.0000,178,0.018715,,-1,button,1,71,71,0,109,0,1.0000,178,0.017888,-1,,button,1,71,71,0,109,0,1.0000,178,8.081935,-1,-1,71,0,0,0,0.4,risk_path,4,Bot1|Bot2|Bot3|Bot4,,1,0
419,0.35,75,440,4257723732,3495392713,3654,0.649600,498,1377,48-73,69-49,48-45,53,45,42,28,33,25,1,0,1,53,0,,82,1,53,29,1,button,1,53,53,0,16,0,1.0000,292,0.002252,-1,-1,button,1,53,53,0,16,0,1.0000,292,0.013457,,-1,button,1,53,53,0,16,0,1.0000,292,0.014849,-1,,button,1,53,53,0,28,0,1.0000,292,4.328171,2,2,53,2,0,0,0.8,risk_path,4,Bot1|Bot2|Bot3|Bot4,,1,0
420,0.35,75,440,4078690204,3768167155,3654,0.649600,511,1398,67-28,21-7,28-59,79,67,74,70,75,59,1,0,1,79,0,,183,1,79,104,1,button,1,79,79,0,104,0,1.0000,612,0.006448,-1,-1,button,1,79,79,0,104,0,1.0000,612,0.043825,,-1,button,1,79,79,0,104,0,1.0000,612,0.044883,-1,,button,1,79,79,0,104,0,1.0000,612,9.037538,-1,-1,79,0,0,0,0.4,risk_path,4,Bot1|Bot2|Bot3|Bot4,,1,0
421,0.35,75,440,958537604,1453352966,3651,0.649067,500,1404,28-43,1-30,35-32,50,40,18,18,50,36,0,0,1,50,0,,145,1,50,95,1,button,1,50,50,0,29,0,1.0000,165,0.001252,-1,-1,button,1,50,50,0,29,0,1.0000,165,0.008255,,-1,button,1,50,50,0,29,0,1.0000,165,0.007108,-1,,button,1,50,50,0,29,0,1.0000,165,4.298027,-1,-1,50,0,0,0,0.4,risk_path,4,Bot1|Bot2|Bot3|Bot4,,1,0
422,0.35,75,440,2355762477,2963328483,3669,0.652267,526,1440,54-11,49-40,53-34,40,34,34,24,10,10,1,0,1,40,0,,21,0,,,0,walked_into_fire,0,27,27,0,-5,13,0.6750,,0.000568,18,12,fire_reached_bot,0,55,19,36,-33,25,0.3750,,0.214824,,12,fire_reached_bot,0,63,19,44,-41,27,0.3250,,0.524470,12,,fire_reached_bot,0,55,19,36,-33,25,0.3750,,3.263463,-1,12,55,0,19,36,,no_path,0,,Bot1|Bot2|Bot3|Bot4,0,1
423,0.35,75,440,3860660340,1064690405,3656,0.649956,501,1379,41-13,19-25,56-67,36,34,91,69,81,79,0,0,1,36,1,36,185,1,36,149,1,button,1,36,36,0,147,0,1.0000,146,0.000907,-1,-1,button,1,36,36,0,147,0,1.0000,146,0.003237,,-1,button,1,36,36,0,147,0,1.0000,146,0.004876,-1,,button,1,36,36,0,147,0,1.0000,146,2.080220,-1,-1,36,0,0,0,0.4,risk_path,4,Bot1|Bot2|Bot3|Bot4,,1,0
424,0.35,75,440,4240931953,1182499683,3665,0.651556,513,1403,19-9,38-33,56-58,51,43,90,86,51,43,0,0,1,51,1,51,131,1,51,80,1,button,1,51,51,0,74,0,1.0000,284,0.002128,-1,-1,button,1,51,51,0,74,0,1.0000,284,0.010944,,-1,button,1,51,51,0,74,0,1.0000,284,0.013763,-1,,button,1,51,51,0,74,0,1.0000,284,3.998921,1,1,51,0,0,0,0.4,risk_path,4,Bot1|Bot2|Bot3|Bot4,,1,0
425,0.35,75,440,2493525027,414517936,3643,0.647644,501,1383,58-63,3-72,18-64,90,64,67,41,25,23,1,0,1,90,0,,69,0,,,0,walked_into_fire,0,53,53,0,-1,37,0.5889,217,0.002261,47,40,fire_reached_bot,0,68,46,22,0,44,0.5111,435,0.158980,,40,fire_reached_bot,0,74,46,28,-4,48,0.4667,,0.414877,40,,fire_reached_bot,0,68,46,22,0,44,0.5111,435,11.835844,-1,40,68,0,46,22,,no_path,0,,Bot1|Bot2|Bot3|Bot4,0,1
426,0.35,75,440,836001522,3918252539,3632,0.645689,504,1368,22-45,44-49,26-42,34,26,7,7,29,25,1,0,1,34,0,,80,1,44,36,0,walked_into_fire,0,5,5,0,-3,29,0.1471,4,0.000268,3,2,fire_reached_bot,0,15,15,0,0,35,-0.0294,52,0.003532,,2,button,1,46,46,0,9,0,1.0000,264,0.013343,2,,fire_reached_bot,0,15,15,0,0,35,-0.0294,52,2.684481,-1,2,15,2,13,0,0.99,shortest_path_fallback,1,Bot3,Bot1|Bot2|Bot4,0,0
427,0.35,75,440,435955948,1367064018,3647,0.648356,496,1404,47-12,21-74,60-61,96,88,70,62,82,52,1,0,1,96,0,,188,1,96,92,1,button,1,96,96,0,61,0,1.0000,816,0.010940,-1,-1,button,1,96,96,0,61,0,1.0000,816,0.066138,,-1,button,1,96,96,0,61,0,1.0000,816,0.107213,-1,,button,1,96,96,0,61,0,1.0000,816,12.913091,-1,-1,96,0,0,0,0.4,risk_path,4,Bot1|Bot2|Bot3|Bot4,,1,0
428,0.35,75,440,2279097245,954607641,3621,0.643733,485,1323,11-38,1-39,51-68,11,11,76,70,81,79,0,0,1,11,1,11,178,1,11,167,1,button,1,11,11,0,166,0,1.0000,24,0.000171,-1,-1,button,1,11,11,0,166,0,1.0000,24,0.000274,,-1,button,1,11,11,0,166,0,1.0000,24,0.000384,-1,,button,1,11,11,0,166,0,1.0000,24,0.297544,-1,-1,11,0,0,0,0.4,risk_path,4,Bot1|Bot2|Bot3|Bot4,,1,0
429,0.35,75,440,2932552292,18426317,3674,0.653156,511,1398,22-34,51-14,67-21,59,49,66,58,37,23,1,0,1,59,0,,93,1,59,34,1,button,1,59,59,0,34,0,1.0000,202,0.002178,-1,-1,button,1,59,59,0,34,0,1.0000,202,0.018670,,-1,button,1,59,59,0,34,0,1.0000,202,0.023728,-1,,button,1,59,59,0,34,0,1.0000,202,6.257942,5,5,59,1,0,0,0.6,risk_path,4,Bot1|Bot2|Bot3|Bot4,,1,0
430,0.35,75,440,2526166132,2004277368,3663,0.651200,520,1424,48-54,7-1,3-67,98,94,78,58,90,70,1,0,1,98,0,,242,1,98,144,1,button,1,98,98,0,69,0,1.0000,400,0.005489,-1,-1,button,1,98,98,0,69,0,1.0000,400,0.049112,,-1,button,1,98,98,0,69,0,1.0000,400,0.072133,-1,,button,1,98,98,0,69,0,1.0000,400,15.851336,-1,-1,98,0,0,0,0.4,risk_path,4,Bot1|Bot2|Bot3|Bot4,,1,0
431,0.35,75,440,2360711024,676293112,3646,0.648178,499,1381,49-31,9-40,65-23,57,49,28,24,81,73,0,0,1,57,1,57,209,1,57,152,1,button,1,57,57,0,67,0,1.0000,421,0.003152,-1,-1,button,1,57,57,0,67,0,1.0000,421,0.011279,,-1,button,1,57,57,0,67,0,1.0000,421,0.015518,-1,,button,1,57,57,0,67,0,1.0000,421,5.710997,-1,-1,57,0,0,0,0.4,risk_path,4,Bot1|Bot2|Bot3|Bot4,,1,0
432,0.35,75,440,1910899855,3074822446,3643,0.647644,516,1359,33-54,51-29,56-40,55,43,49,37,16,16,1,0,1,55,0,,33,0,,,0,walked_into_fire,0,38,38,0,-4,17,0.6909,,0.001640,28,28,fire_reached_bot,0,82,33,49,-48,34,0.3818,,0.264620,,-1,fire_reached_bot,0,82,33,49,-48,34,0.3818,,0.551134,-1,,fire_reached_bot,0,82,33,49,-48,34,0.3818,,6.230247,-1,-1,82,0,33,49,,no_path,0,,Bot1|Bot2|Bot3|Bot4,0,1
433,0.35,75,440,2661614459,1963583143,3649,0.648711,498,1378,42-68,17-18,56-34,83,75,52,48,59,55,1,0,1,83,0,,137,1,83,54,1,button,1,83,83,0,19,0,1.0000,928,0.008473,-1,-1,button,1,83,83,0,19,0,1.0000,928,0.032059,,-1,button,1,83,83,0,19,0,1.0000,928,0.070490,-1,,button,1,83,83,0,19,0,1.0000,928,11.094976,-1,-1,83,6,0,0,0.99,risk_path,4,Bot1|Bot2|Bot3|Bot4,,1,0
434,0.35,75,440,3282060075,882283043,3638,0.646756,507,1363,17-63,15-48,25-14,17,17,75,57,60,44,0,0,1,17,1,17,136,1,17,119,1,button,1,17,17,0,113,0,1.0000,25,0.000194,-1,-1,button,1,17,17,0,113,0,1.0000,25,0.000544,,-1,button,1,17,17,0,113,0,1.0000,25,0.001149,-1,,button,1,17,17,0,113,0,1.0000,25,0.581548,-1,-1,17,0,0,0,0.4,risk_path,4,Bot1|Bot2|Bot3|Bot4,,1,0
435,0.35,75,440,3996130700,1346204788,3641,0.647289,510,1369,33-13,9-17,51-33,36,28,48,38,72,58,0,0,1,36,1,36,167,1,36,131,1,button,1,36,36,0,105,0,1.0000,138,0.000882,-1,-1,button,1,36,36,0,105,0,1.0000,138,0.003984,,-1,button,1,36,36,0,105,0,1.0000,138,0.008284,-1,,button,1,36,36,0,105,0,1.0000,138,2.296672,-1,-1,36,0,0,0,0.4,risk_path,4,Bot1|Bot2|Bot3|Bot4,,1,0
436,0.35,75,440,836374606,2519469390,3644,0.647822,514,1410,66-40,20-42,12-26,64,48,78,68,26,24,1,0,1,64,0,,50,0,,,0,walked_into_fire,0,61,61,0,-10,3,0.9531,,0.004071,51,51,fire_reached_bot,0,85,50,35,-34,14,0.7812,,0.176444,,-1,fire_reached_bot,0,85,50,35,-34,14,0.7812,,0.403344,-1,,fire_reached_bot,0,85,50,35,-34,14,0.7812,,7.759505,-1,-1,85,0,50,35,,no_path,0,,Bot1|Bot2|Bot3|Bot4,0,1
437,0.35,75,440,3431814037,2475972391,3665,0.651556,509,1430,18-47,46-36,51-30,43,39,54,50,11,11,1,0,1,43,0,,33,0,,,0,walked_into_fire,0,38,38,0,-4,5,0.8837,,0.001182,34,34,fire_reached_bot,0,55,33,22,-21,10,0.7674,,0.116712,,-1,fire_reached_bot,0,55,33,22,-21,10,0.7674,,0.295886,-1,,fire_reached_bot,0,55,33,22,-21,10,0.7674,,3.236699,-1,-1,55,0,33,22,,no_path,0,,Bot1|Bot2|Bot3|Bot4,0,1
438,0.35,75,440,1717278258,3909387573,3628,0.644978,489,1365,62-2,11-7,19-66,66,56,109,107,83,67,0,0,1,66,1,66,204,1,66,138,1,button,1,66,66,0,134,0,1.0000,590,0.004437,-1,-1,button,1,66,66,0,134,0,1.0000,590,0.014894,,-1,button,1,66,66,0,134,0,1.0000,590,0.025689,-1,,button,1,66,66,0,134,0,1.0000,590,7.150953,-1,-1,66,0,0,0,0.4,risk_path,4,Bot1|Bot2|Bot3|Bot4,,1,0
439,0.35,75,440,601328095,3338845994,3660,0.650667,513,1409,49-10,22-21,7-64,58,38,102,96,64,58,0,0,1,58,1,58,169,1,58,111,1,button,1,58,58,0,106,0,1.0000,253,0.002553,-1,-1,button,1,58,58,0,106,0,1.0000,253,0.018855,,-1,button,1,58,58,0,106,0,1.0000,253,0.029106,-1,,button,1,58,58,0,106,0,1.0000,253,5.785180,-1,-1,58,0,0,0,0.4,risk_path,4,Bot1|Bot2|Bot3|Bot4,,1,0
440,0.35,75,440,2216123474,76203067,3642,0.647467,521,1396,71-40,18-70,58-46,91,83,25,19,66,64,1,0,1,91,0,,166,1,93,73,0,walked_into_fire,0,19,19,0,-1,72,0.2088,58,0.001355,16,16,fire_reached_bot,0,35,24,11,0,77,0.1538,220,0.017529,,19,fire_reached_bot,0,66,36,30,0,89,0.0220,689,0.048442,19,,fire_reached_bot,0,35,24,11,0,77,0.1538,220,7.239066,-1,19,35,0,24,11,,no_path,0,,Bot1|Bot2|Bot3|Bot4,0,1
441,0.35,75,440,2952930947,3442715,3633,0.645867,493,1336,34-33,4-65,13-73,70,62,69,61,21,17,1,0,1,70,0,,47,0,,,0,walked_into_fire,0,52,52,0,-6,18,0.7429,,0.001773,43,43,fire_reached_bot,0,68,42,26,-20,28,0.6000,,0.165786,,-1,fire_reached_bot,0,68,42,26,-20,28,0.6000,,0.358561,-1,,fire_reached_bot,0,68,42,26,-20,28,0.6000,,8.901637,-1,-1,68,0,42,26,,no_path,0,,Bot1|Bot2|Bot3|Bot4,0,1
442,0.35,75,440,954329560,321467233,3659,0.650489,499,1374,67-24,7-24,36-66,86,60,77,73,75,71,1,0,1,86,0,,165,1,86,79,1,button,1,86,86,0,64,0,1.0000,801,0.008134,-1,-1,button,1,86,86,0,64,0,1.0000,801,0.046873,,-1,button,1,86,86,0,64,0,1.0000,801,0.061425,-1,,button,1,86,86,0,64,0,1.0000,801,11.134454,-1,-1,86,0,0,0,0.4,risk_path,4,Bot1|Bot2|Bot3|Bot4,,1,0
443,0.35,75,440,2194090034,1836282544,3620,0.643556,485,1382,59-51,66-29,6-24,39,29,88,80,83,65,0,0,1,39,1,39,219,1,39,180,1,button,1,39,39,0,172,0,1.0000,110,0.000994,-1,-1,button,1,39,39,0,172,0,1.0000,110,0.006058,,-1,button,1,39,39,0,172,0,1.0000,110,0.008255,-1,,button,1,39,39,0,172,0,1.0000,110,2.413554,27,27,39,0,0,0,0.4,risk_path,4,Bot1|Bot2|Bot3|Bot4,,1,0
444,0.35,75,440,99980322,3105913063,3629,0.645156,499,1364,32-3,62-72,50-46,109,99,71,61,52,38,1,0,1,109,0,,126,0,,,0,fire_reached_bot,0,48,48,0,0,61,0.4404,322,0.003049,33,33,fire_reached_bot,0,93,86,7,0,63,0.4220,1187,0.143359,,36,fire_reached_bot,0,105,86,19,0,61,0.4404,1548,0.242217,36,,fire_reached_bot,0,93,86,7,0,63,0.4220,1187,20.824459,-1,36,93,0,86,7,,no_path,0,,Bot1|Bot2|Bot3|Bot4,0,1
445,0.35,75,440,4143197766,1623788008,3645,0.648000,506,1364,60-66,70-44,12-31,34,32,91,83,97,71,0,0,1,34,1,34,246,1,34,212,1,button,1,34,34,0,204,0,1.0000,58,0.000580,-1,-1,button,1,34,34,0,204,0,1.0000,58,0.002349,,-1,button,1,34,34,0,204,0,1.0000,58,0.003382,-1,,button,1,34,34,0,207,0,1.0000,58,2.425872,13,13,34,0,0,0,0.4,risk_path,4,Bot1|Bot2|Bot3|Bot4,,1,0
446,0.35,75,440,846446360,2130916755,3634,0.646044,496,1358,39-19,71-58,53-21,79,71,24,16,73,55,1,0,1,79,0,,175,1,79,96,1,button,1,79,79,0,31,0,1.0000,709,0.006410,-1,-1,button,1,79,79,0,31,0,1.0000,709,0.044404,,-1,button,1,79,79,0,31,0,1.0000,709,0.053300,-1,,button,1,79,79,0,31,0,1.0000,709,10.142388,32,32,79,0,0,0,0.4,risk_path,4,Bot1|Bot2|Bot3|Bot4,,1,0
447,0.35,75,440,779460035,79676451,3647,0.648356,502,1429,35-37,33-67,8-44,46,32,60,34,56,48,0,0,1,46,1,46,120,1,46,74,1,button,1,46,46,0,73,0,1.0000,239,0.001481,-1,-1,button,1,46,46,0,73,0,1.0000,239,0.007654,,-1,button,1,46,46,0,73,0,1.0000,239,0.007142,-1,,button,1,46,46,0,73,0,1.0000,239,3.616023,-1,-1,46,0,0,0,0.4,risk_path,4,Bot1|Bot2|Bot3|Bot4,,1,0
448,0.35,75,440,1123366057,3344577641,3660,0.650667,494,1419,30-32,27-34,73-46,11,5,79,57,84,58,0,0,1,11,1,11,189,1,11,178,1,button,1,11,11,0,171,0,1.0000,18,0.000140,-1,-1,button,1,11,11,0,171,0,1.0000,18,0.000299,,-1,button,1,11,11,0,171,0,1.0000,18,0.000364,-1,,button,1,11,11,0,171,0,1.0000,18,0.307132,-1,-1,11,0,0,0,0.4,risk_path,4,Bot1|Bot2|Bot3|Bot4,,1,0
449,0.35,75,440,2060266283,3682968219,3648,0.648533,502,1416,66-6,7-5,44-56,86,60,86,72,98,88,0,0,1,86,1,86,253,1,86,167,1,button,1,86,86,0,151,0,1.0000,760,0.008258,-1,-1,button,1,86,86,0,151,0,1.0000,760,0.036665,,-1,button,1,86,86,0,151,0,1.0000,760,0.044691,-1,,button,1,86,86,0,151,0,1.0000,760,11.587377,-1,-1,86,0,0,0,0.4,risk_path,4,Bot1|Bot2|Bot3|Bot4,,1,0
450,0.35,75,440,3271714734,783943413,3641,0.647289,494,1354,33-11,36-11,36-6,3,3,8,8,5,5,0,0,1,3,1,3,17,1,3,14,1,button,1,3,3,0,14,0,1.0000,3,0.000057,-1,-1,button,1,3,3,0,14,0,1.0000,3,0.000101,,-1,button,1,3,3,0,14,0,1.0000,3,0.000098,-1,,button,1,3,3,0,14,0,1.0000,3,0.056423,-1,-1,3,0,0,0,0.4,risk_path,4,Bot1|Bot2|Bot3|Bot4,,1,0
451,0.35,75,440,1682450521,2218722123,3650,0.648889,500,1388,63-74,74-28,41-74,67,57,62,22,85,79,0,0,1,67,1,67,203,1,67,136,1,button,1,67,67,0,127,0,1.0000,111,0.001061,-1,-1,button,1,67,67,0,127,0,1.0000,111,0.016025,,-1,button,1,67,67,0,127,0,1.0000,111,0.011876,-1,,button,1,67,67,0,127,0,1.0000,111,7.638750,42,42,67,0,0,0,0.4,risk_path,4,Bot1|Bot2|Bot3|Bot4,,1,0
452,0.35,75,440,4253021220,2834508363,3667,0.651911,506,1400,26-8,16-57,57-74,77,59,103,97,70,58,1,0,1,77,0,,172,1,77,95,1,button,1,77,77,0,95,0,1.0000,306,0.003637,-1,-1,button,1,77,77,0,95,0,1.0000,306,0.037620,,-1,button,1,77,77,0,95,0,1.0000,306,0.029701,-1,,button,1,77,77,0,95,0,1.0000,306,10.243818,1,1,77,0,0,0,0.4,risk_path,4,Bot1|Bot2|Bot3|Bot4,,1,0
453,0.35,75,440,2952658635,970395582,3617,0.643022,500,1329,73-24,20-35,66-32,74,64,55,15,63,49,1,0,1,74,0,,148,1,74,74,1,button,1,74,74,0,26,0,1.0000,321,0.002957,-1,-1,button,1,74,74,0,26,0,1.0000,321,0.022055,,-1,button,1,74,74,0,26,0,1.0000,321,0.020669,-1,,button,1,74,74,0,26,0,1.0000,321,8.504524,-1,-1,74,0,0,0,0.4,risk_path,4,Bot1|Bot2|Bot3|Bot4,,1,0
454,0.35,75,440,473146384,3945293444,3628,0.644978,501,1342,49-65,65-42,31-59,53,39,28,24,65,51,0,0,1,53,1,53,123,1,53,70,1,button,1,53,53,0,61,0,1.0000,255,0.001897,-1,-1,button,1,53,53,0,61,0,1.0000,255,0.010181,,-1,button,1,53,53,0,61,0,1.0000,255,0.011059,-1,,button,1,53,53,0,61,0,1.0000,255,4.679692,24,24,53,0,0,0,0.4,risk_path,4,Bot1|Bot2|Bot3|Bot4,,1,0
455,0.35,75,440,2903495406,1402952168,3639,0.646933,510,1381,26-31,73-0,14-53,80,78,44,34,112,112,0,0,1,80,1,80,275,1,80,195,1,button,1,80,80,0,104,0,1.0000,755,0.006197,-1,-1,button,1,80,80,0,104,0,1.0000,755,0.028899,,-1,button,1,80,80,0,104,0,1.0000,755,0.038781,-1,,button,1,80,80,0,104,0,1.0000,755,10.502223,37,37,80,0,0,0,0.4,risk_path,4,Bot1|Bot2|Bot3|Bot4,,1,0
456,0.35,75,440,1612596313,1606830779,3651,0.649067,494,1390,61-73,9-34,31-53,97,91,56,50,41,41,1,0,1,97,0,,106,0,,,0,walked_into_fire,0,39,39,0,-2,58,0.4021,226,0.002069,37,37,fire_reached_bot,0,147,106,41,-40,39,0.5979,,0.201833,,69,fire_reached_bot,0,152,106,46,-45,41,0.5773,,0.433816,69,,fire_reached_bot,0,147,106,41,-40,39,0.5979,,19.023846,-1,69,147,0,106,41,,no_path,0,,Bot1|Bot2|Bot3|Bot4,0,1
457,0.35,75,440,2590130515,196957734,3647,0.648356,507,1384,54-67,36-66,67-8,27,19,114,72,103,89,0,0,1,27,1,27,229,1,27,202,1,button,1,27,27,0,202,0,1.0000,82,0.000465,-1,-1,button,1,27,27,0,202,0,1.0000,82,0.002643,,-1,button,1,27,27,0,202,0,1.0000,82,0.002406,-1,,button,1,27,27,0,202,0,1.0000,82,1.298911,6,6,27,0,0,0,0.4,risk_path,4,Bot1|Bot2|Bot3|Bot4,,1,0
458,0.35,75,440,3410208556,1748041653,3630,0.645333,504,1401,43-42,53-52,35-68,20,20,44,34,38,34,0,0,1,20,1,20,98,1,20,78,1,button,1,20,20,0,77,0,1.0000,59,0.000251,-1,-1,button,1,20,20,0,77,0,1.0000,59,0.000777,,-1,button,1,20,20,0,77,0,1.0000,59,0.001075,-1,,button,1,20,20,0,77,0,1.0000,59,0.756012,1,1,20,0,0,0,0.4,risk_path,4,Bot1|Bot2|Bot3|Bot4,,1,0
459,0.35,75,440,1944609791,705594675,3674,0.653156,521,1406,73-3,42-69,11-71,103,97,132,130,43,33,1,0,1,103,0,,112,1,103,9,1,button,1,103,103,0,9,0,1.0000,577,0.007310,-1,-1,button,1,103,103,0,9,0,1.0000,577,0.065773,,-1,button,1,103,103,0,9,0,1.0000,577,0.088114,-1,,button,1,103,103,0,9,0,1.0000,577,19.589935,-1,-1,103,17,56,0,0.99,risk_path,4,Bot1|Bot2|Bot3|Bot4,,1,0
460,0.35,75,440,3380480183,1588023217,3661,0.650844,511,1422,4-70,35-43,9-64,60,58,11,11,49,47,1,0,1,60,0,,130,1,62,68,0,walked_into_fire,0,13,13,0,-1,47,0.2167,29,0.000517,13,9,button,1,62,62,0,1,0,1.0000,373,0.017695,,9,button,1,74,74,0,9,0,1.0000,441,0.025738,9,,button,1,70,70,0,13,0,1.0000,419,7.403849,8,8,70,4,0,0,0.8,risk_path,3,Bot2|Bot3|Bot4,Bot1,0,0
461,0.35,75,440,545968031,3785375886,3639,0.646933,498,1365,43-6,61-58,1-42,76,70,84,78,86,76,0,0,1,76,1,76,195,1,76,119,1,button,1,76,76,0,101,0,1.0000,339,0.003077,-1,-1,button,1,76,76,0,101,0,1.0000,339,0.025121,,-1,button,1,76,76,0,101,0,1.0000,339,0.028630,-1,,button,1,76,76,0,101,0,1.0000,339,9.315612,43,43,76,0,0,0,0.4,risk_path,4,Bot1|Bot2|Bot3|Bot4,,1,0
462,0.35,75,440,3450460134,238140626,3636,0.646400,504,1363,56-10,14-8,20-65,68,44,93,91,83,63,0,0,1,68,1,68,217,1,68,149,1,button,1,68,68,0,148,0,1.0000,428,0.003233,-1,-1,button,1,68,68,0,148,0,1.0000,428,0.014754,,-1,button,1,68,68,0,148,0,1.0000,428,0.024351,-1,,button,1,68,68,0,148,0,1.0000,428,8.249557,-1,-1,68,0,0,0,0.4,risk_path,4,Bot1|Bot2|Bot3|Bot4,,1,0
463,0.35,75,440,1149964191,3065534945,3643,0.647644,509,1362,40-25,17-31,0-32,35,29,63,47,36,18,0,0,1,35,1,35,97,1,35,62,1,button,1,35,35,0,55,0,1.0000,69,0.000599,-1,-1,button,1,35,35,0,55,0,1.0000,69,0.004425,,-1,button,1,35,35,0,55,0,1.0000,69,0.004345,-1,,button,1,35,35,0,55,0,1.0000,69,2.197644,2,2,35,0,0,0,0.4,risk_path,4,Bot1|Bot2|Bot3|Bot4,,1,0
464,0.35,75,440,2588932194,3317267967,3638,0.646756,502,1370,62-19,40-53,74-66,68,56,83,59,61,47,1,0,1,68,0,,163,1,68,95,1,button,1,68,68,0,88,0,1.0000,151,0.002040,-1,-1,button,1,68,68,0,88,0,1.0000,151,0.022949,,-1,button,1,68,68,0,88,0,1.0000,151,0.023922,-1,,button,1,68,68,0,88,0,1.0000,151,7.718798,-1,-1,68,0,0,0,0.4,risk_path,4,Bot1|Bot2|Bot3|Bot4,,1,0
465,0.35,75,440,283204915,3485829726,3629,0.645156,508,1367,64-59,65-68,21-63,12,10,71,47,71,49,0,0,1,12,1,12,192,1,12,180,1,button,1,12,12,0,178,0,1.0000,11,0.000096,-1,-1,button,1,12,12,0,178,0,1.0000,11,0.000312,,-1,button,1,12,12,0,178,0,1.0000,11,0.000327,-1,,button,1,12,12,0,178,0,1.0000,11,0.335287,-1,-1,12,0,0,0,0.4,risk_path,4,Bot1|Bot2|Bot3|Bot4,,1,0
466,0.35,75,440,519884690,3415390693,3660,0.650667,498,1397,42-44,2-19,17-64,65,65,47,45,82,60,0,0,1,65,1,65,191,1,65,126,1,button,1,65,65,0,82,0,1.0000,476,0.003372,-1,-1,button,1,65,65,0,82,0,1.0000,476,0.017308,,-1,button,1,65,65,0,82,0,1.0000,476,0.021008,-1,,button,1,65,65,0,82,0,1.0000,476,7.343285,-1,-1,65,0,0,0,0.4,risk_path,4,Bot1|Bot2|Bot3|Bot4,,1,0
467,0.35,75,440,3826963234,2865125719,3651,0.649067,514,1442,46-13,18-38,44-2,53,53,13,13,62,62,0,0,1,53,1,53,145,1,53,92,1,button,1,53,53,0,30,0,1.0000,208,0.001320,-1,-1,button,1,53,53,0,30,0,1.0000,208,0.004505,,-1,button,1,53,53,0,30,0,1.0000,208,0.006803,-1,,button,1,53,53,0,30,0,1.0000,208,5.460212,-1,-1,53,0,0,0,0.4,risk_path,4,Bot1|Bot2|Bot3|Bot4,,1,0
468,0.35,75,440,4243052957,3832579543,3655,0.649778,512,1362,20-47,35-34,1-59,40,28,31,31,67,59,0,0,1,40,1,40,154,1,40,114,1,button,1,40,40,0,67,0,1.0000,103,0.000766,-1,-1,button,1,40,40,0,67,0,1.0000,103,0.005685,,-1,button,1,40,40,0,67,0,1.0000,103,0.007298,-1,,button,1,40,40,0,67,0,1.0000,103,3.054674,11,11,40,0,0,0,0.4,risk_path,4,Bot1|Bot2|Bot3|Bot4,,1,0
469,0.35,75,440,2512400746,3515949097,3651,0.649067,508,1372,72-67,69-59,59-74,27,11,22,20,29,25,0,0,1,27,1,27,71,1,27,44,1,button,1,27,27,0,24,0,1.0000,70,0.000522,-1,-1,button,1,27,27,0,24,0,1.0000,70,0.002159,,-1,button,1,27,27,0,24,0,1.0000,70,0.003349,-1,,button,1,27,27,0,24,0,1.0000,70,1.272200,-1,-1,27,0,0,0,0.4,risk_path,4,Bot1|Bot2|Bot3|Bot4,,1,0
470,0.35,75,440,3413718978,1893227172,3673,0.652978,501,1432,59-29,30-55,41-69,67,55,72,58,33,25,1,0,1,67,0,,93,1,67,26,1,button,1,67,67,0,16,0,1.0000,295,0.003227,-1,-1,button,1,67,67,0,16,0,1.0000,295,0.027281,,-1,button,1,67,67,0,16,0,1.0000,295,0.037256,-1,,button,1,67,67,0,16,0,1.0000,295,8.744202,-1,-1,67,6,36,0,0.99,risk_path,4,Bot1|Bot2|Bot3|Bot4,,1,0
471,0.35,75,440,503817407,3717343413,3672,0.652800,514,1425,13-45,72-30,24-35,84,74,23,21,75,53,1,0,1,84,0,,160,1,104,56,0,walked_into_fire,0,22,22,0,-1,62,0.2619,70,0.001292,22,19,fire_reached_bot,0,165,146,19,-4,38,0.5476,,0.165396,,19,fire_reached_bot,0,151,148,3,0,22,0.7381,3103,0.224142,19,,button,1,104,104,0,15,0,1.0000,1708,13.145529,17,17,104,0,0,0,0.4,risk_path,1,Bot4,Bot1|Bot2|Bot3,0,0
472,0.35,75,440,2819638129,3975689994,3623,0.644089,510,1354,74-33,36-23,31-36,66,48,70,46,34,18,1,0,1,66,0,,69,1,66,3,0,fire_reached_bot,0,64,64,0,0,2,0.9697,453,0.003929,-1,63,fire_reached_bot,0,64,64,0,0,2,0.9697,453,0.027708,,63,button,1,66,66,0,3,0,1.0000,470,0.034905,63,,button,1,66,66,0,3,0,1.0000,470,7.882602,63,-1,66,24,31,0,0.99,risk_path,2,Bot3|Bot4,Bot1|Bot2,0,0
473,0.35,75,440,2272994969,415899555,3671,0.652622,516,1414,5-54,58-0,43-33,113,107,75,59,50,48,1,0,1,113,0,,120,0,,,0,fire_reached_bot,0,65,65,0,0,48,0.5752,381,0.004366,60,58,fire_reached_bot,0,126,105,21,-5,34,0.6991,,0.129381,,58,fire_reached_bot,0,126,105,21,-5,30,0.7345,,0.197150,58,,fire_reached_bot,0,126,105,21,-5,34,0.6991,,20.836814,-1,58,126,0,105,21,,no_path,0,,Bot1|Bot2|Bot3|Bot4,0,1
474,0.35,75,440,3800817311,3697787141,3626,0.644622,492,1343,5-7,13-60,73-20,75,61,97,81,102,100,0,0,1,75,1,75,254,1,75,179,1,button,1,75,75,0,146,0,1.0000,357,0.004010,-1,-1,button,1,75,75,0,146,0,1.0000,357,0.032696,,-1,button,1,75,75,0,146,0,1.0000,357,0.029101,-1,,button,1,75,75,0,146,0,1.0000,357,9.781865,12,12,75,0,0,0,0.4,risk_path,4,Bot1|Bot2|Bot3|Bot4,,1,0
475,0.35,75,440,3913921988,874549696,3647,0.648356,511,1362,56-1,38-43,52-0,66,60,15,5,67,57,0,0,1,66,1,66,171,1,66,105,1,button,1,66,66,0,33,0,1.0000,219,0.002005,-1,-1,button,1,66,66,0,33,0,1.0000,219,0.017747,,-1,button,1,66,66,0,33,0,1.0000,219,0.018181,-1,,button,1,66,66,0,33,0,1.0000,219,7.287828,-1,-1,66,0,0,0,0.4,risk_path,4,Bot1|Bot2|Bot3|Bot4,,1,0
476,0.35,75,440,2149910873,4090412208,3621,0.643733,513,1361,26-55,26-4,18-31,83,51,34,32,49,35,1,0,1,83,0,,117,1,95,22,0,walked_into_fire,0,44,44,0,-1,39,0.5301,238,0.002488,44,44,fire_reached_bot,0,75,75,0,0,28,0.6627,714,0.042976,,71,fire_reached_bot,0,107,93,14,0,24,0.7108,1521,0.172409,71,,fire_reached_bot,0,75,75,0,0,28,0.6627,714,13.267376,-1,71,75,0,75,0,,shortest_path_fallback,0,,Bot1|Bot2|Bot3|Bot4,0,1
477,0.35,75,440,2557168548,667988557,3659,0.650489,494,1407,58-32,54-42,13-19,30,14,66,58,80,64,0,0,1,30,1,30,189,1,30,159,1,button,1,30,30,0,138,0,1.0000,72,0.000488,-1,-1,button,1,30,30,0,138,0,1.0000,72,0.002569,,-1,button,1,30,30,0,138,0,1.0000,72,0.003270,-1,,button,1,30,30,0,138,0,1.0000,72,1.595632,27,27,30,0,0,0,0.4,risk_path,4,Bot1|Bot2|Bot3|Bot4,,1,0
478,0.35,75,440,364875584,1296068607,3621,0.643733,496,1338,45-17,14-59,55-11,91,73,20,16,105,89,0,0,1,91,1,91,253,1,91,162,1,button,1,91,91,0,61,0,1.0000,672,0.007504,-1,-1,button,1,91,91,0,61,0,1.0000,672,0.071649,,-1,button,1,91,91,0,61,0,1.0000,672,0.092787,-1,,button,1,91,91,0,61,0,1.0000,672,12.581777,-1,-1,91,0,0,0,0.4,risk_path,4,Bot1|Bot2|Bot3|Bot4,,1,0
479,0.35,75,440,1145681825,3225904011,3615,0.642667,492,1333,39-32,63-60,60-51,54,52,42,40,14,12,1,0,1,54,0,,40,0,,,0,walked_into_fire,0,41,41,0,-1,13,0.7593,77,0.001085,40,37,fire_reached_bot,0,47,40,7,-6,16,0.7037,,0.048386,,37,fire_reached_bot,0,53,40,13,-12,18,0.6667,,0.165965,37,,fire_reached_bot,0,47,40,7,-6,16,0.7037,,5.067359,-1,37,47,0,40,7,,no_path,0,,Bot1|Bot2|Bot3|Bot4,0,1
480,0.35,75,440,348230519,1372939948,3638,0.646756,505,1386,59-43,51-1,23-1,54,50,82,78,52,28,1,0,1,54,0,,115,1,54,61,1,button,1,54,54,0,60,0,1.0000,185,0.001488,-1,-1,button,1,54,54,0,60,0,1.0000,185,0.009564,,-1,button,1,54,54,0,60,0,1.0000,185,0.008881,-1,,button,1,54,54,0,60,0,1.0000,185,4.938055,-1,-1,54,0,0,0,0.4,risk_path,4,Bot1|Bot2|Bot3|Bot4,,1,0
481,0.35,75,440,1613761028,1186564994,3628,0.644978,490,1360,42-69,73-38,64-51,70,62,44,40,32,22,1,0,1,70,0,,92,1,76,16,0,fire_reached_bot,0,35,35,0,0,35,0.5000,145,0.001496,33,32,fire_reached_bot,0,93,88,5,0,28,0.6000,,0.069782,,32,fire_reached_bot,0,101,88,13,-8,30,0.5714,,0.207363,32,,fire_reached_bot,0,93,88,5,0,28,0.6000,,15.460865,-1,32,93,0,88,5,,no_path,0,,Bot1|Bot2|Bot3|Bot4,0,1
482,0.35,75,440,2244013405,2091786480,3633,0.645867,501,1376,17-42,31-61,59-17,39,33,75,67,92,72,0,0,1,39,1,39,233,1,39,194,1,button,1,39,39,0,179,0,1.0000,176,0.001082,-1,-1,button,1,39,39,0,179,0,1.0000,176,0.005945,,-1,button,1,39,39,0,179,0,1.0000,176,0.006624,-1,,button,1,39,39,0,179,0,1.0000,176,2.998075,10,10,39,0,0,0,0.4,risk_path,4,Bot1|Bot2|Bot3|Bot4,,1,0
483,0.35,75,440,944778932,1478825027,3640,0.647111,504,1358,32-47,39-21,6-61,37,33,54,40,91,73,0,0,1,37,1,37,246,1,37,209,1,button,1,37,37,0,144,0,1.0000,93,0.000534,-1,-1,button,1,37,37,0,144,0,1.0000,93,0.002568,,-1,button,1,37,37,0,144,0,1.0000,93,0.002901,-1,,button,1,37,37,0,144,0,1.0000,93,2.407607,7,7,37,0,0,0,0.4,risk_path,4,Bot1|Bot2|Bot3|Bot4,,1,0
484,0.35,75,440,575576,2379172882,3653,0.649422,507,1391,49-28,31-22,13-1,24,24,65,63,41,39,0,0,1,24,1,24,134,1,24,110,1,button,1,24,24,0,110,0,1.0000,14,0.000215,-1,-1,button,1,24,24,0,110,0,1.0000,14,0.001002,,-1,button,1,24,24,0,110,0,1.0000,14,0.001615,-1,,button,1,24,24,0,110,0,1.0000,14,1.015503,-1,-1,24,0,0,0,0.4,risk_path,4,Bot1|Bot2|Bot3|Bot4,,1,0
485,0.35,75,440,2872471504,826922753,3634,0.646044,499,1374,45-66,31-68,39-51,22,16,25,21,29,25,0,0,1,22,1,22,63,1,22,41,1,button,1,22,22,0,34,0,1.0000,76,0.000385,-1,-1,button,1,22,22,0,34,0,1.0000,76,0.001109,,-1,button,1,22,22,0,34,0,1.0000,76,0.001512,-1,,button,1,22,22,0,35,0,1.0000,76,0.878733,1,1,22,0,0,0,0.4,risk_path,4,Bot1|Bot2|Bot3|Bot4,,1,0
486,0.35,75,440,2028298929,2150041132,3626,0.644622,502,1364,44-42,46-42,65-27,8,2,42,36,36,34,0,0,1,8,1,8,93,1,8,85,1,button,1,8,8,0,83,0,1.0000,8,0.000075,-1,-1,button,1,8,8,0,83,0,1.0000,8,0.000165,,-1,button,1,8,8,0,83,0,1.0000,8,0.000252,-1,,button,1,8,8,0,83,0,1.0000,8,0.193256,-1,-1,8,0,0,0,0.4,risk_path,4,Bot1|Bot2|Bot3|Bot4,,1,0
487,0.35,75,440,2834803892,1468566193,3640,0.647111,512,1367,16-6,32-47,25-59,69,57,88,62,23,19,1,0,1,69,0,,70,1,69,1,1,button,1,69,69,0,1,0,1.0000,212,0.002065,-1,-1,button,1,69,69,0,1,0,1.0000,212,0.020302,,-1,button,1,69,69,0,1,0,1.0000,212,0.038162,-1,,button,1,69,69,0,1,0,1.0000,212,8.886128,-1,-1,69,9,59,0,0.99,risk_path,4,Bot1|Bot2|Bot3|Bot4,,1,0
488,0.35,75,440,1595770306,3510375444,3647,0.648356,509,1358,34-49,38-18,27-62,53,35,40,20,81,55,0,0,1,53,1,53,194,1,53,141,1,button,1,53,53,0,94,0,1.0000,324,0.002233,-1,-1,button,1,53,53,0,94,0,1.0000,324,0.011918,,-1,button,1,53,53,0,94,0,1.0000,324,0.013337,-1,,button,1,53,53,0,94,0,1.0000,324,4.605068,4,4,53,0,0,0,0.4,risk_path,4,Bot1|Bot2|Bot3|Bot4,,1,0
489,0.35,75,440,4171940784,3372629387,3636,0.646400,499,1366,69-26,7-39,72-72,87,75,81,49,106,98,0,0,1,87,1,87,232,1,87,145,1,button,1,87,87,0,102,0,1.0000,297,0.003904,-1,-1,button,1,87,87,0,102,0,1.0000,297,0.042361,,-1,button,1,87,87,0,102,0,1.0000,297,0.039886,-1,,button,1,87,87,0,124,0,1.0000,297,12.413318,24,24,87,0,0,0,0.4,risk_path,4,Bot1|Bot2|Bot3|Bot4,,1,0
490,0.35,75,440,3646037766,3925754981,3637,0.646578,497,1370,8-53,48-10,13-11,87,83,61,47,62,36,1,0,1,87,0,,164,1,87,77,1,button,1,87,87,0,34,0,1.0000,679,0.006046,-1,-1,button,1,87,87,0,34,0,1.0000,679,0.043658,,-1,button,1,87,87,0,34,0,1.0000,679,0.041800,-1,,button,1,87,87,0,39,0,1.0000,679,11.554549,7,7,87,0,0,0,0.4,risk_path,4,Bot1|Bot2|Bot3|Bot4,,1,0
491,0.35,75,440,1715550879,3700416209,3644,0.647822,514,1416,15-65,62-11,56-66,107,101,64,42,87,61,1,0,1,107,0,,189,1,107,82,1,button,1,107,107,0,57,0,1.0000,827,0.011102,-1,-1,button,1,107,107,0,57,0,1.0000,827,0.087241,,-1,button,1,107,107,0,57,0,1.0000,827,0.102655,-1,,button,1,107,107,0,46,0,1.0000,827,16.032474,14,14,107,0,0,0,0.4,risk_path,4,Bot1|Bot2|Bot3|Bot4,,1,0
492,0.35,75,440,1948605556,4065344269,3640,0.647111,507,1371,51-69,52-25,18-50,63,45,52,52,61,59,1,0,1,63,0,,145,1,63,82,1,button,1,63,63,0,67,0,1.0000,643,0.004620,-1,-1,button,1,63,63,0,67,0,1.0000,643,0.018850,,-1,button,1,63,63,0,67,0,1.0000,643,0.026636,-1,,button,1,63,63,0,67,0,1.0000,643,6.023504,13,13,63,0,0,0,0.4,risk_path,4,Bot1|Bot2|Bot3|Bot4,,1,0
493,0.35,75,440,627320740,1943041704,3628,0.644978,504,1383,15-31,53-41,42-35,54,48,37,31,17,17,1,1,1,58,0,,59,0,,,0,walked_into_fire,0,27,27,0,-7,27,0.5000,81,0.001058,25,25,fire_reached_bot,0,71,59,12,-11,11,0.7963,,0.086481,,53,fire_reached_bot,0,76,59,17,-16,15,0.7222,,0.199718,53,,fire_reached_bot,0,71,59,12,-11,11,0.7963,,7.346426,-1,53,71,6,53,12,0.99,no_path,0,,Bot1|Bot2|Bot3|Bot4,0,1
494,0.35,75,440,3909912075,2078630651,3651,0.649067,498,1390,32-62,42-47,11-0,29,25,101,83,82,78,0,0,1,29,1,29,174,1,29,145,1,button,1,29,29,0,145,0,1.0000,84,0.000432,-1,-1,button,1,29,29,0,145,0,1.0000,84,0.001463,,-1,button,1,29,29,0,145,0,1.0000,84,0.002535,-1,,button,1,29,29,0,145,0,1.0000,84,1.530451,-1,-1,29,0,0,0,0.4,risk_path,4,Bot1|Bot2|Bot3|Bot4,,1,0
495,0.35,75,440,1510466362,86062878,3646,0.648178,503,1410,1-6,28-20,9-50,43,41,82,52,65,49,0,0,1,43,1,43,142,1,43,99,1,button,1,43,43,0,99,0,1.0000,133,0.000938,-1,-1,button,1,43,43,0,99,0,1.0000,133,0.005036,,-1,button,1,43,43,0,99,0,1.0000,133,0.008104,-1,,button,1,43,43,0,99,0,1.0000,133,3.084787,24,24,43,0,0,0,0.4,risk_path,4,Bot1|Bot2|Bot3|Bot4,,1,0
496,0.35,75,440,1673293873,26139537,3663,0.651200,514,1389,47-11,12-26,34-36,62,50,44,38,46,32,1,0,1,62,0,,102,1,62,40,1,button,1,62,62,0,22,0,1.0000,531,0.003686,-1,-1,button,1,62,62,0,22,0,1.0000,531,0.018517,,-1,button,1,62,62,0,22,0,1.0000,531,0.030547,-1,,button,1,62,62,0,22,0,1.0000,531,6.034090,-1,-1,62,0,0,0,0.4,risk_path,4,Bot1|Bot2|Bot3|Bot4,,1,0
497,0.35,75,440,475465390,3774680164,3640,0.647111,505,1390,35-60,0-27,45-26,72,68,48,44,60,46,1,0,1,72,0,,159,1,72,87,1,button,1,72,72,0,68,0,1.0000,619,0.004654,-1,-1,button,1,72,72,0,68,0,1.0000,619,0.018019,,-1,button,1,72,72,0,68,0,1.0000,619,0.038024,-1,,button,1,72,72,0,68,0,1.0000,619,7.752809,-1,-1,72,0,0,0,0.4,risk_path,4,Bot1|Bot2|Bot3|Bot4,,1,0
498,0.35,75,440,662792833,1871343044,3645,0.648000,508,1402,32-8,35-37,6-34,48,32,60,52,40,32,1,0,1,48,0,,105,1,48,57,1,button,1,48,48,0,46,0,1.0000,169,0.001471,-1,-1,button,1,48,48,0,46,0,1.0000,169,0.010103,,-1,button,1,48,48,0,46,0,1.0000,169,0.019575,-1,,button,1,48,48,0,46,0,1.0000,169,4.016360,39,39,48,0,0,0,0.4,risk_path,4,Bot1|Bot2|Bot3|Bot4,,1,0
499,0.35,75,440,2014376753,1909772166,3652,0.649244,495,1363,33-38,36-40,60-38,5,5,57,27,54,26,0,0,1,5,1,5,126,1,5,121,1,button,1,5,5,0,119,0,1.0000,1,0.000041,-1,-1,button,1,5,5,0,119,0,1.0000,1,0.000064,,-1,button,1,5,5,0,119,0,1.0000,1,0.000149,-1,,button,1,5,5,0,119,0,1.0000,1,0.097727,-1,-1,5,0,0,0,0.4,risk_path,4,Bot1|Bot2|Bot3|Bot4,,1,0
