scenario_id,q,grid_size,seed,layout_seed,fire_seed,open_cells,open_fraction,dead_ends,junctions,start,button,fire_start,start_button_dist,start_button_manhattan,start_fire_dist,start_fire_manhattan,button_fire_dist,button_fire_manhattan,fire_closer_to_button,fire_start_on_shortest_path,path_exists_avoiding_fire_start,bot1_path_len,guaranteed_win,guaranteed_win_route_len,fire_button_time,oracle_win,oracle_route_len,oracle_margin,bot1_predicted_win,Bot1_result,Bot1_success,Bot1_steps,Bot1_moves,Bot1_waits,Bot1_min_slack,Bot1_final_dist_to_button,Bot1_progress_to_button,Bot1_fire_cells_at_end,Bot1_trial_seconds,Bot1_diverges_from_Bot2,Bot1_diverges_from_Bot3,Bot2_result,Bot2_success,Bot2_steps,Bot2_moves,Bot2_waits,Bot2_min_slack,Bot2_final_dist_to_button,Bot2_progress_to_button,Bot2_fire_cells_at_end,Bot2_trial_seconds,Bot2_diverges_from_Bot2,Bot2_diverges_from_Bot3,Bot3_result,Bot3_success,Bot3_steps,Bot3_moves,Bot3_waits,Bot3_min_slack,Bot3_final_dist_to_button,Bot3_progress_to_button,Bot3_fire_cells_at_end,Bot3_trial_seconds,Bot3_diverges_from_Bot2,Bot3_diverges_from_Bot3,Bot4_result,Bot4_success,Bot4_steps,Bot4_moves,Bot4_waits,Bot4_min_slack,Bot4_final_dist_to_button,Bot4_progress_to_button,Bot4_fire_cells_at_end,Bot4_trial_seconds,Bot4_diverges_from_Bot2,Bot4_diverges_from_Bot3,Bot4_plan_count,Bot4_relaxed_count,Bot4_fallback_count,Bot4_no_path_count,Bot4_max_active_threshold,Bot4_final_strategy,n_bots_succeeded,succeeded_bots,failed_bots,all_bots_succeeded,all_bots_failed
0,0.50,75,440,1268951711,594470288,3627,0.644800,505,1370,17-28,16-61,4-73,52,34,68,58,26,24,1,0,1,52,0,,59,1,52,7,1,button,1,52,52,0,7,0,1.0000,228,0.001852,-1,-1,button,1,52,52,0,7,0,1.0000,228,0.009807,,-1,button,1,52,52,0,7,0,1.0000,228,0.012443,-1,,button,1,52,52,0,7,0,1.0000,228,5.625404,-1,-1,52,7,32,0,0.99,risk_path,4,Bot1|Bot2|Bot3|Bot4,,1,0
1,0.50,75,440,2520073151,427107123,3637,0.646578,501,1318,1-73,6-66,34-48,14,12,72,58,60,46,0,0,1,14,1,14,99,1,14,85,1,button,1,14,14,0,85,0,1.0000,21,0.000153,-1,-1,button,1,14,14,0,85,0,1.0000,21,0.000380,,-1,button,1,14,14,0,85,0,1.0000,21,0.000571,-1,,button,1,14,14,0,85,0,1.0000,21,0.479080,12,12,14,0,0,0,0.4,risk_path,4,Bot1|Bot2|Bot3|Bot4,,1,0
2,0.50,75,440,1257125778,1539091741,3644,0.647822,495,1360,33-34,5-11,72-13,55,51,74,60,93,69,0,0,1,55,1,55,153,1,55,98,1,button,1,55,55,0,93,0,1.0000,417,0.002996,-1,-1,button,1,55,55,0,93,0,1.0000,417,0.011049,,-1,button,1,55,55,0,93,0,1.0000,417,0.014648,-1,,button,1,55,55,0,93,0,1.0000,417,4.779379,-1,-1,55,0,0,0,0.4,risk_path,4,Bot1|Bot2|Bot3|Bot4,,1,0
3,0.50,75,440,3219619760,4192021694,3647,0.648356,513,1356,57-62,26-5,53-47,110,88,43,19,75,69,1,0,1,110,0,,128,0,,,0,walked_into_fire,0,45,45,0,-1,65,0.4091,376,0.003274,37,37,fire_reached_bot,0,125,120,5,0,24,0.7818,3031,0.110729,,50,fire_reached_bot,0,131,126,5,-2,20,0.8182,,0.177593,50,,fire_reached_bot,0,125,120,5,0,24,0.7818,3031,16.764463,-1,50,125,0,120,5,,no_path,0,,Bot1|Bot2|Bot3|Bot4,0,1
4,0.50,75,440,4248281429,536808686,3633,0.645867,506,1351,44-73,59-42,40-8,54,46,87,69,57,53,0,0,1,54,1,54,100,1,54,46,1,button,1,54,54,0,42,0,1.0000,417,0.003082,-1,-1,button,1,54,54,0,42,0,1.0000,417,0.010401,,-1,button,1,54,54,0,42,0,1.0000,417,0.016818,-1,,button,1,54,54,0,42,0,1.0000,417,4.411435,10,10,54,0,0,0,0.4,risk_path,4,Bot1|Bot2|Bot3|Bot4,,1,0
5,0.50,75,440,3037363144,91013559,3636,0.646400,501,1364,0-7,1-17,69-60,65,11,124,122,117,111,0,0,1,65,1,65,203,1,65,138,1,button,1,65,65,0,125,0,1.0000,654,0.005382,-1,-1,button,1,65,65,0,125,0,1.0000,654,0.023040,,-1,button,1,65,65,0,125,0,1.0000,654,0.033417,-1,,button,1,65,65,0,125,0,1.0000,654,6.250025,-1,-1,65,0,0,0,0.4,risk_path,4,Bot1|Bot2|Bot3|Bot4,,1,0
6,0.50,75,440,1074636703,574306319,3647,0.648356,496,1322,54-62,27-69,48-74,44,34,18,18,28,26,1,0,1,44,0,,49,1,44,5,1,button,1,44,44,0,1,0,1.0000,223,0.001294,-1,28,button,1,44,44,0,1,0,1.0000,223,0.005382,,28,fire_reached_bot,0,69,47,22,-19,21,0.5227,,0.227677,28,,button,1,44,44,0,1,0,1.0000,223,3.507954,-1,28,44,11,20,0,0.99,risk_path,3,Bot1|Bot2|Bot4,Bot3,0,0
7,0.50,75,440,1849467998,3035649632,3658,0.650311,499,1404,22-44,18-46,73-3,6,6,92,92,98,98,0,0,1,6,1,6,160,1,6,154,1,button,1,6,6,0,147,0,1.0000,18,0.000098,-1,-1,button,1,6,6,0,147,0,1.0000,18,0.000096,,-1,button,1,6,6,0,147,0,1.0000,18,0.000174,-1,,button,1,6,6,0,147,0,1.0000,18,0.123587,-1,-1,6,0,0,0,0.4,risk_path,4,Bot1|Bot2|Bot3|Bot4,,1,0
8,0.50,75,440,2909181240,3215246687,3620,0.643556,506,1362,12-1,70-49,6-29,106,106,62,34,92,84,1,0,1,106,0,,171,1,106,65,1,button,1,106,106,0,31,0,1.0000,1462,0.014078,-1,-1,button,1,106,106,0,31,0,1.0000,1462,0.038571,,-1,button,1,106,106,0,31,0,1.0000,1462,0.071248,-1,,button,1,106,106,0,39,0,1.0000,1462,13.594453,8,8,106,0,0,0,0.4,risk_path,4,Bot1|Bot2|Bot3|Bot4,,1,0
9,0.50,75,440,3923003300,2956249458,3664,0.651378,525,1435,41-54,51-65,1-72,21,21,64,58,71,57,0,0,1,21,1,21,127,1,21,106,1,button,1,21,21,0,104,0,1.0000,65,0.000329,-1,-1,button,1,21,21,0,104,0,1.0000,65,0.000890,,-1,button,1,21,21,0,104,0,1.0000,65,0.001513,-1,,button,1,21,21,0,104,0,1.0000,65,0.777342,7,7,21,0,0,0,0.4,risk_path,4,Bot1|Bot2|Bot3|Bot4,,1,0
10,0.50,75,440,4156351459,864755998,3658,0.650311,493,1376,2-7,26-2,45-26,33,29,64,62,47,43,0,0,1,33,1,33,92,1,33,59,1,button,1,33,33,0,58,0,1.0000,219,0.000963,-1,-1,button,1,33,33,0,58,0,1.0000,219,0.002949,,-1,button,1,33,33,0,58,0,1.0000,219,0.004289,-1,,button,1,33,33,0,57,0,1.0000,219,1.782012,28,28,33,0,0,0,0.4,risk_path,4,Bot1|Bot2|Bot3|Bot4,,1,0
11,0.50,75,440,1031185214,4103681230,3664,0.651378,508,1398,69-16,41-61,63-36,77,73,28,26,51,47,1,0,1,77,0,,97,1,85,12,0,walked_into_fire,0,19,19,0,-1,58,0.2468,114,0.001282,11,11,button,1,89,89,0,1,0,1.0000,1302,0.034824,,51,fire_reached_bot,0,106,97,9,-8,50,0.3506,,0.149126,51,,button,1,89,89,0,1,0,1.0000,1302,10.267894,86,51,89,13,56,0,0.99,risk_path,2,Bot2|Bot4,Bot1|Bot3,0,0
12,0.50,75,440,2377238433,762642544,3645,0.648000,497,1380,5-25,25-21,70-55,52,24,109,95,85,79,0,0,1,52,1,52,153,1,52,101,1,button,1,52,52,0,94,0,1.0000,412,0.002704,-1,-1,button,1,52,52,0,94,0,1.0000,412,0.011916,,-1,button,1,52,52,0,94,0,1.0000,412,0.015803,-1,,button,1,52,52,0,94,0,1.0000,412,4.469201,-1,-1,52,0,0,0,0.4,risk_path,4,Bot1|Bot2|Bot3|Bot4,,1,0
13,0.50,75,440,942222858,1891687492,3628,0.644978,514,1353,17-65,38-60,0-9,40,26,103,73,93,89,0,0,1,40,1,40,152,1,40,112,1,button,1,40,40,0,112,0,1.0000,224,0.001144,-1,-1,button,1,40,40,0,112,0,1.0000,224,0.004362,,-1,button,1,40,40,0,112,0,1.0000,224,0.005408,-1,,button,1,40,40,0,112,0,1.0000,224,2.811365,25,25,40,0,0,0,0.4,risk_path,4,Bot1|Bot2|Bot3|Bot4,,1,0
14,0.50,75,440,1794572316,2153723049,3632,0.645689,513,1338,29-67,13-50,1-15,37,33,80,80,47,47,0,0,1,37,1,37,88,1,37,51,1,button,1,37,37,0,51,0,1.0000,203,0.000980,-1,-1,button,1,37,37,0,51,0,1.0000,203,0.003977,,-1,button,1,37,37,0,51,0,1.0000,203,0.004841,-1,,button,1,37,37,0,51,0,1.0000,203,2.315308,-1,-1,37,0,0,0,0.4,risk_path,4,Bot1|Bot2|Bot3|Bot4,,1,0
15,0.50,75,440,2441200447,3899617149,3635,0.646222,492,1390,6-57,27-10,39-18,76,68,74,72,22,20,1,0,1,76,0,,38,0,,,0,walked_into_fire,0,52,52,0,-13,24,0.6842,,0.004588,39,39,fire_reached_bot,0,74,38,36,-35,38,0.5000,,0.162239,,-1,fire_reached_bot,0,74,38,36,-35,38,0.5000,,0.361796,-1,,fire_reached_bot,0,74,38,36,-35,38,0.5000,,6.647502,-1,-1,74,0,38,36,,no_path,0,,Bot1|Bot2|Bot3|Bot4,0,1
16,0.50,75,440,1409741764,2153672354,3659,0.650489,494,1408,10-46,25-53,31-39,26,22,36,28,22,20,1,0,1,26,0,,35,1,26,9,1,button,1,26,26,0,7,0,1.0000,153,0.000645,-1,-1,button,1,26,26,0,7,0,1.0000,153,0.001800,,-1,button,1,26,26,0,7,0,1.0000,153,0.003461,-1,,button,1,26,26,0,9,0,1.0000,153,1.157848,8,8,26,0,0,0,0.4,risk_path,4,Bot1|Bot2|Bot3|Bot4,,1,0
17,0.50,75,440,4196951117,430857384,3656,0.649956,505,1381,14-41,64-28,8-72,71,63,55,37,102,100,0,0,1,71,1,71,192,1,71,121,1,button,1,71,71,0,80,0,1.0000,494,0.004177,-1,-1,button,1,71,71,0,80,0,1.0000,494,0.017040,,-1,button,1,71,71,0,80,0,1.0000,494,0.031598,-1,,button,1,71,71,0,80,0,1.0000,494,7.810377,24,24,71,0,0,0,0.4,risk_path,4,Bot1|Bot2|Bot3|Bot4,,1,0
18,0.50,75,440,4233149764,1616157659,3637,0.646578,497,1393,11-0,16-18,0-66,29,23,99,77,86,64,0,0,1,29,1,29,160,1,29,131,1,button,1,29,29,0,127,0,1.0000,50,0.000347,-1,-1,button,1,29,29,0,127,0,1.0000,50,0.001845,,-1,button,1,29,29,0,127,0,1.0000,50,0.003161,-1,,button,1,29,29,0,127,0,1.0000,50,1.478548,-1,-1,29,0,0,0,0.4,risk_path,4,Bot1|Bot2|Bot3|Bot4,,1,0
19,0.50,75,440,4064511795,2171928469,3659,0.650489,507,1409,57-65,50-20,26-74,72,52,56,40,90,78,0,0,1,72,1,72,145,1,72,73,1,button,1,72,72,0,56,0,1.0000,672,0.005280,-1,-1,button,1,72,72,0,56,0,1.0000,672,0.025966,,-1,button,1,72,72,0,56,0,1.0000,672,0.031141,-1,,button,1,72,72,0,56,0,1.0000,672,8.527556,54,54,72,0,0,0,0.4,risk_path,4,Bot1|Bot2|Bot3|Bot4,,1,0
20,0.50,75,440,1699899743,2977238066,3632,0.645689,499,1358,65-61,56-62,5-33,12,10,94,88,84,80,0,0,1,12,1,12,146,1,12,134,1,button,1,12,12,0,132,0,1.0000,30,0.000151,-1,-1,button,1,12,12,0,132,0,1.0000,30,0.000287,,-1,button,1,12,12,0,132,0,1.0000,30,0.000380,-1,,button,1,12,12,0,132,0,1.0000,30,0.340244,-1,-1,12,0,0,0,0.4,risk_path,4,Bot1|Bot2|Bot3|Bot4,,1,0
21,0.50,75,440,2732194428,1130965774,3628,0.644978,500,1341,59-18,44-33,32-32,42,30,53,41,17,13,1,0,1,42,0,,32,0,,,0,fire_reached_bot,0,40,40,0,-7,2,0.9524,,0.002112,33,33,fire_reached_bot,0,49,32,17,-16,10,0.7619,,0.081341,,-1,fire_reached_bot,0,49,32,17,-16,10,0.7619,,0.158271,-1,,fire_reached_bot,0,49,32,17,-16,10,0.7619,,2.995991,-1,-1,49,0,32,17,,no_path,0,,Bot1|Bot2|Bot3|Bot4,0,1
22,0.50,75,440,2997683836,1911204995,3630,0.645333,512,1370,1-26,1-47,5-0,43,21,52,30,83,51,0,0,1,43,1,43,154,1,43,111,1,button,1,43,43,0,83,0,1.0000,198,0.001145,-1,-1,button,1,43,43,0,83,0,1.0000,198,0.005260,,-1,button,1,43,43,0,83,0,1.0000,198,0.012444,-1,,button,1,43,43,0,83,0,1.0000,198,3.094636,-1,-1,43,0,0,0,0.4,risk_path,4,Bot1|Bot2|Bot3|Bot4,,1,0
23,0.50,75,440,1097742752,1414824977,3616,0.642844,520,1378,33-68,31-51,41-66,27,19,28,10,31,25,0,0,1,27,1,27,57,1,27,30,1,button,1,27,27,0,22,0,1.0000,95,0.000474,-1,-1,button,1,27,27,0,22,0,1.0000,95,0.001638,,-1,button,1,27,27,0,22,0,1.0000,95,0.001876,-1,,button,1,27,27,0,22,0,1.0000,95,1.276556,15,15,27,0,0,0,0.4,risk_path,4,Bot1|Bot2|Bot3|Bot4,,1,0
24,0.50,75,440,1337507337,2865046632,3623,0.644089,507,1335,32-73,70-9,19-6,112,102,98,80,76,54,1,0,1,112,0,,162,1,112,50,1,button,1,112,112,0,41,0,1.0000,1330,0.015650,-1,-1,button,1,112,112,0,41,0,1.0000,1330,0.091555,,-1,button,1,112,112,0,41,0,1.0000,1330,0.111927,-1,,button,1,112,112,0,41,0,1.0000,1330,17.074506,37,37,112,4,29,0,0.99,risk_path,4,Bot1|Bot2|Bot3|Bot4,,1,0
25,0.50,75,440,2498745009,4169581797,3635,0.646222,494,1385,46-65,45-48,5-39,32,18,69,67,59,49,0,0,1,32,1,32,113,1,32,81,1,button,1,32,32,0,79,0,1.0000,214,0.001059,-1,-1,button,1,32,32,0,79,0,1.0000,214,0.004997,,-1,button,1,32,32,0,79,0,1.0000,214,0.004218,-1,,button,1,32,32,0,81,0,1.0000,214,1.753371,27,27,32,0,0,0,0.4,risk_path,4,Bot1|Bot2|Bot3|Bot4,,1,0
26,0.50,75,440,702485085,3014187463,3632,0.645689,514,1384,50-33,57-15,62-49,27,25,30,28,49,39,0,0,1,27,1,27,91,1,27,64,1,button,1,27,27,0,58,0,1.0000,75,0.000484,-1,-1,button,1,27,27,0,58,0,1.0000,75,0.001999,,-1,button,1,27,27,0,58,0,1.0000,75,0.001819,-1,,button,1,27,27,0,57,0,1.0000,75,1.246818,9,9,27,0,0,0,0.4,risk_path,4,Bot1|Bot2|Bot3|Bot4,,1,0
27,0.50,75,440,643282798,4265031986,3649,0.648711,511,1394,1-17,44-11,69-37,79,49,110,88,53,51,1,0,1,79,0,,90,1,79,11,1,button,1,79,79,0,11,0,1.0000,1038,0.009204,-1,-1,button,1,79,79,0,11,0,1.0000,1038,0.035563,,-1,button,1,79,79,0,11,0,1.0000,1038,0.044125,-1,,button,1,79,79,0,11,0,1.0000,1038,9.788192,39,39,79,32,17,0,0.99,risk_path,4,Bot1|Bot2|Bot3|Bot4,,1,0
28,0.50,75,440,1804062868,1517241965,3645,0.648000,508,1398,11-0,21-47,20-45,67,57,66,54,3,3,1,0,1,67,0,,8,0,,,0,walked_into_fire,0,46,46,0,-37,21,0.6866,,0.002913,9,9,fire_reached_bot,0,113,8,105,-104,59,0.1194,,0.400580,,-1,fire_reached_bot,0,113,8,105,-104,59,0.1194,,0.779031,-1,,fire_reached_bot,0,113,8,105,-104,59,0.1194,,1.718331,-1,-1,113,0,8,105,,no_path,0,,Bot1|Bot2|Bot3|Bot4,0,1
29,0.50,75,440,566956298,2924771251,3644,0.647822,501,1370,50-7,18-23,45-30,52,48,40,28,40,34,1,0,1,52,0,,69,1,52,17,1,button,1,52,52,0,10,0,1.0000,686,0.003490,-1,-1,button,1,52,52,0,10,0,1.0000,686,0.009802,,-1,button,1,52,52,0,10,0,1.0000,686,0.015450,-1,,button,1,52,52,0,10,0,1.0000,686,4.020350,-1,-1,52,5,0,0,0.99,risk_path,4,Bot1|Bot2|Bot3|Bot4,,1,0
30,0.50,75,440,2308806563,965244565,3657,0.650133,511,1407,30-30,52-69,10-51,77,61,45,41,68,60,1,0,1,77,0,,123,1,77,46,1,button,1,77,77,0,29,0,1.0000,1092,0.009659,-1,-1,button,1,77,77,0,29,0,1.0000,1092,0.044832,,-1,button,1,77,77,0,29,0,1.0000,1092,0.060852,-1,,button,1,77,77,0,29,0,1.0000,1092,7.901885,18,18,77,0,0,0,0.4,risk_path,4,Bot1|Bot2|Bot3|Bot4,,1,0
31,0.50,75,440,462864162,1041021291,3639,0.646933,509,1365,21-23,18-74,12-3,78,54,35,29,107,77,0,0,1,78,1,78,177,1,78,99,1,button,1,78,78,0,52,0,1.0000,810,0.007526,-1,-1,button,1,78,78,0,52,0,1.0000,810,0.030232,,-1,button,1,78,78,0,52,0,1.0000,810,0.037340,-1,,button,1,78,78,0,52,0,1.0000,810,9.604217,-1,-1,78,0,0,0,0.4,risk_path,4,Bot1|Bot2|Bot3|Bot4,,1,0
32,0.50,75,440,1155299482,2171726374,3641,0.647289,493,1387,25-45,7-61,54-71,34,34,61,55,61,57,0,0,1,34,1,34,112,1,34,78,1,button,1,34,34,0,73,0,1.0000,237,0.001099,-1,-1,button,1,34,34,0,73,0,1.0000,237,0.002499,,-1,button,1,34,34,0,73,0,1.0000,237,0.003468,-1,,button,1,34,34,0,73,0,1.0000,237,2.031086,-1,-1,34,0,0,0,0.4,risk_path,4,Bot1|Bot2|Bot3|Bot4,,1,0
33,0.50,75,440,2179890998,1736700740,3656,0.649956,513,1434,34-4,10-2,6-32,38,26,62,56,50,34,0,0,1,38,1,38,90,1,38,52,1,button,1,38,38,0,40,0,1.0000,264,0.001180,-1,-1,button,1,38,38,0,40,0,1.0000,264,0.005088,,-1,button,1,38,38,0,40,0,1.0000,264,0.005669,-1,,button,1,38,38,0,40,0,1.0000,264,2.516934,-1,-1,38,0,0,0,0.4,risk_path,4,Bot1|Bot2|Bot3|Bot4,,1,0
34,0.50,75,440,1845197330,3869115511,3638,0.646756,501,1332,22-74,62-5,5-2,117,109,105,89,100,60,1,0,1,117,0,,177,1,117,60,1,button,1,117,117,0,32,0,1.0000,975,0.013195,-1,-1,button,1,117,117,0,32,0,1.0000,975,0.084358,,-1,button,1,117,117,0,32,0,1.0000,975,0.099960,-1,,button,1,117,117,0,36,0,1.0000,975,18.694794,25,25,117,0,0,0,0.4,risk_path,4,Bot1|Bot2|Bot3|Bot4,,1,0
35,0.50,75,440,2606653398,2211110660,3655,0.649778,520,1407,30-55,10-46,12-4,33,29,77,69,54,44,0,0,1,33,1,33,97,1,33,64,1,button,1,33,33,0,64,0,1.0000,226,0.001086,-1,-1,button,1,33,33,0,64,0,1.0000,226,0.002926,,-1,button,1,33,33,0,64,0,1.0000,226,0.003826,-1,,button,1,33,33,0,64,0,1.0000,226,1.830164,-1,-1,33,0,0,0,0.4,risk_path,4,Bot1|Bot2|Bot3|Bot4,,1,0
36,0.50,75,440,185924975,3982104193,3640,0.647111,501,1382,69-56,63-24,28-5,56,38,104,92,68,54,0,0,1,56,1,56,117,1,56,61,1,button,1,56,56,0,61,0,1.0000,247,0.002044,-1,-1,button,1,56,56,0,61,0,1.0000,247,0.021872,,-1,button,1,56,56,0,61,0,1.0000,247,0.020159,-1,,button,1,56,56,0,61,0,1.0000,247,5.387023,49,49,56,0,0,0,0.4,risk_path,4,Bot1|Bot2|Bot3|Bot4,,1,0
37,0.50,75,440,3568169848,3649924492,3650,0.648889,506,1389,70-37,57-65,26-62,57,41,93,69,66,34,0,0,1,57,1,57,132,1,57,75,1,button,1,57,57,0,73,0,1.0000,331,0.002309,-1,-1,button,1,57,57,0,73,0,1.0000,331,0.013959,,-1,button,1,57,57,0,73,0,1.0000,331,0.019974,-1,,button,1,57,57,0,73,0,1.0000,331,5.264748,-1,-1,57,0,0,0,0.4,risk_path,4,Bot1|Bot2|Bot3|Bot4,,1,0
38,0.50,75,440,3097759363,742922130,3644,0.647822,512,1377,53-33,58-19,16-17,25,19,57,53,64,44,0,0,1,25,1,25,130,1,25,105,1,button,1,25,25,0,92,0,1.0000,197,0.000877,-1,-1,button,1,25,25,0,92,0,1.0000,197,0.001891,,-1,button,1,25,25,0,92,0,1.0000,197,0.003222,-1,,button,1,25,25,0,92,0,1.0000,197,1.199622,11,11,25,0,0,0,0.4,risk_path,4,Bot1|Bot2|Bot3|Bot4,,1,0
39,0.50,75,440,3219368855,3088895621,3631,0.645511,504,1368,38-4,59-25,64-72,50,42,100,94,70,52,0,0,1,50,1,50,111,1,50,61,1,button,1,50,50,0,61,0,1.0000,273,0.002242,-1,-1,button,1,50,50,0,61,0,1.0000,273,0.011709,,-1,button,1,50,50,0,61,0,1.0000,273,0.014929,-1,,button,1,50,50,0,61,0,1.0000,273,4.174444,2,2,50,0,0,0,0.4,risk_path,4,Bot1|Bot2|Bot3|Bot4,,1,0
40,0.50,75,440,3029962385,3015429521,3622,0.643911,504,1322,30-34,46-20,61-2,32,30,67,63,43,33,0,0,1,32,1,32,68,1,32,36,1,button,1,32,32,0,36,0,1.0000,179,0.001209,-1,-1,button,1,32,32,0,36,0,1.0000,179,0.002373,,-1,button,1,32,32,0,36,0,1.0000,179,0.003337,-1,,button,1,32,32,0,36,0,1.0000,179,1.722093,13,13,32,0,0,0,0.4,risk_path,4,Bot1|Bot2|Bot3|Bot4,,1,0
41,0.50,75,440,4017667363,2471176468,3640,0.647111,508,1366,47-32,62-11,3-74,48,36,92,86,138,122,0,0,1,48,1,48,222,1,48,174,1,button,1,48,48,0,135,0,1.0000,163,0.001461,-1,-1,button,1,48,48,0,135,0,1.0000,163,0.008925,,-1,button,1,48,48,0,135,0,1.0000,163,0.010714,-1,,button,1,48,48,0,135,0,1.0000,163,3.923507,-1,-1,48,0,0,0,0.4,risk_path,4,Bot1|Bot2|Bot3|Bot4,,1,0
42,0.50,75,440,287415481,3615322627,3640,0.647111,512,1371,33-53,74-35,48-20,65,59,62,48,45,41,1,0,1,65,0,,93,1,65,28,1,button,1,65,65,0,14,0,1.0000,877,0.006050,-1,-1,button,1,65,65,0,14,0,1.0000,877,0.018394,,-1,button,1,65,65,0,14,0,1.0000,877,0.030746,-1,,button,1,65,65,0,24,0,1.0000,877,7.309840,14,14,65,3,12,0,0.99,risk_path,4,Bot1|Bot2|Bot3|Bot4,,1,0
43,0.50,75,440,3343635005,3613099639,3644,0.647822,513,1424,40-63,49-41,34-34,39,31,43,35,30,22,1,0,1,39,0,,59,1,39,20,1,button,1,39,39,0,17,0,1.0000,358,0.001872,-1,-1,button,1,39,39,0,17,0,1.0000,358,0.005657,,-1,button,1,39,39,0,17,0,1.0000,358,0.008638,-1,,button,1,39,39,0,17,0,1.0000,358,2.826275,1,1,39,11,0,0,0.99,risk_path,4,Bot1|Bot2|Bot3|Bot4,,1,0
44,0.50,75,440,2433726094,1705541714,3627,0.644800,494,1308,60-20,48-7,31-29,35,25,46,38,41,39,0,0,1,35,1,35,74,1,35,39,1,button,1,35,35,0,37,0,1.0000,351,0.001694,-1,-1,button,1,35,35,0,37,0,1.0000,351,0.003820,,-1,button,1,35,35,0,37,0,1.0000,351,0.005396,-1,,button,1,35,35,0,37,0,1.0000,351,2.051017,-1,-1,35,0,0,0,0.4,risk_path,4,Bot1|Bot2|Bot3|Bot4,,1,0
45,0.50,75,440,3245280877,583972034,3621,0.643733,504,1351,40-56,38-63,23-69,15,9,38,30,25,21,0,0,1,15,1,15,45,1,15,30,1,button,1,15,15,0,30,0,1.0000,28,0.000224,-1,-1,button,1,15,15,0,30,0,1.0000,28,0.000511,,-1,button,1,15,15,0,30,0,1.0000,28,0.000642,-1,,button,1,15,15,0,30,0,1.0000,28,0.493924,-1,-1,15,0,0,0,0.4,risk_path,4,Bot1|Bot2|Bot3|Bot4,,1,0
46,0.50,75,440,744039592,481665536,3664,0.651378,517,1383,42-67,5-61,36-15,65,43,76,58,87,77,0,0,1,65,1,65,145,1,65,80,1,button,1,65,65,0,80,0,1.0000,1070,0.007637,-1,-1,button,1,65,65,0,80,0,1.0000,1070,0.020788,,-1,button,1,65,65,0,80,0,1.0000,1070,0.027974,-1,,button,1,65,65,0,80,0,1.0000,1070,6.126856,-1,-1,65,0,0,0,0.4,risk_path,4,Bot1|Bot2|Bot3|Bot4,,1,0
47,0.50,75,440,1407365857,2116346229,3670,0.652444,517,1423,35-11,51-53,61-53,72,58,84,68,14,10,1,0,1,72,0,,27,0,,,0,walked_into_fire,0,56,56,0,-28,16,0.7778,,0.004700,27,27,fire_reached_bot,0,116,26,90,-88,46,0.3611,,0.388730,,-1,fire_reached_bot,0,116,26,90,-88,46,0.3611,,0.844455,-1,,fire_reached_bot,0,116,26,90,-88,46,0.3611,,6.317540,-1,-1,116,0,26,90,,no_path,0,,Bot1|Bot2|Bot3|Bot4,0,1
48,0.50,75,440,3906747135,3253557841,3652,0.649244,514,1378,38-31,19-45,43-34,35,33,8,8,37,35,0,0,1,35,1,35,58,1,35,23,1,button,1,35,35,0,13,0,1.0000,266,0.001291,-1,-1,button,1,35,35,0,13,0,1.0000,266,0.004048,,-1,button,1,35,35,0,13,0,1.0000,266,0.005296,-1,,button,1,35,35,0,13,0,1.0000,266,2.186705,-1,-1,35,0,0,0,0.4,risk_path,4,Bot1|Bot2|Bot3|Bot4,,1,0
49,0.50,75,440,568842183,2915534142,3635,0.646222,500,1368,31-65,44-71,44-59,47,19,31,19,16,12,1,1,1,101,0,,26,0,,,0,walked_into_fire,0,21,21,0,-5,26,0.4468,91,0.002928,10,10,fire_reached_bot,0,42,9,33,-15,38,0.1915,,0.193320,,-1,fire_reached_bot,0,42,9,33,-15,38,0.1915,,0.387143,-1,,fire_reached_bot,0,42,9,33,-15,38,0.1915,,2.332050,-1,-1,42,0,9,33,,no_path,0,,Bot1|Bot2|Bot3|Bot4,0,1
50,0.50,75,440,514431646,1809119261,3651,0.649067,517,1393,25-17,63-18,11-57,51,39,58,54,109,91,0,0,1,51,1,51,194,1,51,143,1,button,1,51,51,0,96,0,1.0000,412,0.002382,-1,-1,button,1,51,51,0,96,0,1.0000,412,0.008652,,-1,button,1,51,51,0,96,0,1.0000,412,0.010586,-1,,button,1,51,51,0,96,0,1.0000,412,4.431667,33,33,51,0,0,0,0.4,risk_path,4,Bot1|Bot2|Bot3|Bot4,,1,0
51,0.50,75,440,3235510554,1802600594,3623,0.644089,494,1355,2-10,68-24,9-57,110,80,66,54,94,92,1,0,1,110,0,,171,1,110,61,1,button,1,110,110,0,27,0,1.0000,1591,0.022072,-1,-1,button,1,110,110,0,27,0,1.0000,1591,0.131877,,-1,button,1,110,110,0,27,0,1.0000,1591,0.147243,-1,,button,1,110,110,0,27,0,1.0000,1591,14.128711,4,4,110,0,0,0,0.4,risk_path,4,Bot1|Bot2|Bot3|Bot4,,1,0
52,0.50,75,440,639085731,3543395183,3638,0.646756,515,1390,32-9,6-35,41-25,56,52,25,25,51,45,1,0,1,56,0,,97,1,56,41,1,button,1,56,56,0,23,0,1.0000,876,0.005149,-1,-1,button,1,56,56,0,23,0,1.0000,876,0.013992,,-1,button,1,56,56,0,23,0,1.0000,876,0.017854,-1,,button,1,56,56,0,23,0,1.0000,876,4.943765,-1,-1,56,0,0,0,0.4,risk_path,4,Bot1|Bot2|Bot3|Bot4,,1,0
53,0.50,75,440,4049135280,482899726,3625,0.644444,501,1359,43-44,33-34,49-33,36,20,23,17,25,17,1,0,1,36,0,,46,1,36,10,1,button,1,36,36,0,5,0,1.0000,290,0.001551,-1,-1,button,1,36,36,0,5,0,1.0000,290,0.003583,,-1,button,1,36,36,0,5,0,1.0000,290,0.004814,-1,,button,1,36,36,0,5,0,1.0000,290,2.322408,-1,-1,36,7,2,0,0.99,risk_path,4,Bot1|Bot2|Bot3|Bot4,,1,0
54,0.50,75,440,2561198562,2236996756,3645,0.648000,500,1328,20-62,0-59,47-37,29,23,58,52,79,69,0,0,1,29,1,29,139,1,29,110,1,button,1,29,29,0,99,0,1.0000,134,0.000738,-1,-1,button,1,29,29,0,99,0,1.0000,134,0.001971,,-1,button,1,29,29,0,99,0,1.0000,134,0.002474,-1,,button,1,29,29,0,99,0,1.0000,134,1.583817,-1,-1,29,0,0,0,0.4,risk_path,4,Bot1|Bot2|Bot3|Bot4,,1,0
55,0.50,75,440,2251065692,286865008,3616,0.642844,496,1335,58-63,9-0,53-16,120,112,64,52,62,60,1,0,1,120,0,,130,0,,,0,walked_into_fire,0,53,53,0,-1,67,0.4417,795,0.005861,50,50,fire_reached_bot,0,98,92,6,0,38,0.6833,1888,0.084540,,85,fire_reached_bot,0,128,108,20,0,54,0.5500,2675,0.213940,85,,fire_reached_bot,0,98,92,6,0,38,0.6833,1888,15.610554,-1,85,98,0,92,6,,no_path,0,,Bot1|Bot2|Bot3|Bot4,0,1
56,0.50,75,440,489761711,2230263378,3623,0.644089,501,1372,42-25,42-63,50-53,54,38,40,36,24,18,1,0,1,54,0,,41,0,,,0,walked_into_fire,0,24,24,0,-1,30,0.4444,211,0.001189,23,21,fire_reached_bot,0,54,41,13,-12,41,0.2407,,0.074320,,21,fire_reached_bot,0,64,41,23,-22,45,0.1667,,0.226798,21,,fire_reached_bot,0,54,41,13,-12,41,0.2407,,6.703139,-1,21,54,0,41,13,,no_path,0,,Bot1|Bot2|Bot3|Bot4,0,1
57,0.50,75,440,3274284638,313157239,3626,0.644622,513,1371,46-14,73-22,58-60,39,35,62,58,59,53,0,0,1,39,1,39,102,1,39,63,1,button,1,39,39,0,50,0,1.0000,393,0.002006,-1,-1,button,1,39,39,0,50,0,1.0000,393,0.004547,,-1,button,1,39,39,0,50,0,1.0000,393,0.006808,-1,,button,1,39,39,0,50,0,1.0000,393,2.634553,8,8,39,0,0,0,0.4,risk_path,4,Bot1|Bot2|Bot3|Bot4,,1,0
58,0.50,75,440,3129249196,3379267321,3657,0.650133,513,1417,60-25,1-56,25-34,90,90,46,44,46,46,1,0,1,90,0,,80,0,,,0,walked_into_fire,0,41,41,0,-2,49,0.4556,436,0.002649,35,35,fire_reached_bot,0,61,61,0,0,55,0.3889,1083,0.040315,,45,fire_reached_bot,0,94,80,14,-13,54,0.4000,,0.146937,45,,fire_reached_bot,0,61,61,0,0,55,0.3889,1083,10.214188,-1,45,61,0,61,0,,shortest_path_fallback,0,,Bot1|Bot2|Bot3|Bot4,0,1
59,0.50,75,440,894121229,1668138513,3639,0.646933,508,1374,35-29,71-66,49-2,75,73,43,41,98,86,0,0,1,75,1,75,185,1,75,110,1,button,1,75,75,0,76,0,1.0000,682,0.005750,-1,-1,button,1,75,75,0,76,0,1.0000,682,0.025593,,-1,button,1,75,75,0,76,0,1.0000,682,0.032182,-1,,button,1,75,75,0,76,0,1.0000,682,8.325657,11,11,75,0,0,0,0.4,risk_path,4,Bot1|Bot2|Bot3|Bot4,,1,0
60,0.50,75,440,2937611675,2098551990,3661,0.650844,517,1463,74-51,28-50,7-34,75,47,98,84,43,37,1,0,1,75,0,,83,1,75,8,1,button,1,75,75,0,3,0,1.0000,1138,0.010519,-1,-1,button,1,75,75,0,3,0,1.0000,1138,0.044446,,-1,button,1,75,75,0,3,0,1.0000,1138,0.062937,-1,,button,1,75,75,0,3,0,1.0000,1138,8.444299,-1,-1,75,12,58,0,0.99,risk_path,4,Bot1|Bot2|Bot3|Bot4,,1,0
61,0.50,75,440,2158948882,4161325205,3649,0.648711,504,1375,55-43,55-56,72-7,43,13,55,53,98,66,0,0,1,43,1,43,180,1,43,137,1,button,1,43,43,0,97,0,1.0000,169,0.001896,-1,-1,button,1,43,43,0,97,0,1.0000,169,0.009617,,-1,button,1,43,43,0,97,0,1.0000,169,0.012662,-1,,button,1,43,43,0,97,0,1.0000,169,3.406851,-1,-1,43,0,0,0,0.4,risk_path,4,Bot1|Bot2|Bot3|Bot4,,1,0
62,0.50,75,440,3393563913,2253549308,3667,0.651911,508,1380,24-27,32-68,1-59,71,49,57,55,46,40,1,0,1,71,0,,88,1,83,5,0,walked_into_fire,0,49,49,0,-1,22,0.6901,288,0.002523,49,48,fire_reached_bot,0,93,88,5,-4,15,0.7887,,0.058084,,48,fire_reached_bot,0,93,88,5,-4,13,0.8169,,0.108077,48,,fire_reached_bot,0,93,88,5,-4,15,0.7887,,12.350792,43,43,93,7,81,5,0.99,no_path,0,,Bot1|Bot2|Bot3|Bot4,0,1
63,0.50,75,440,3798218772,3326087650,3629,0.645156,502,1335,46-27,21-72,19-59,74,70,59,59,17,15,1,0,1,74,0,,35,0,,,0,walked_into_fire,0,42,42,0,-6,32,0.5676,,0.002827,31,31,fire_reached_bot,0,68,35,33,-32,49,0.3378,,0.165184,,-1,fire_reached_bot,0,68,35,33,-32,49,0.3378,,0.341491,-1,,fire_reached_bot,0,68,35,33,-32,49,0.3378,,7.652641,-1,-1,68,0,35,33,,no_path,0,,Bot1|Bot2|Bot3|Bot4,0,1
64,0.50,75,440,2494522029,654045650,3638,0.646756,507,1370,7-38,4-33,70-44,8,8,99,69,103,77,0,0,1,8,1,8,201,1,8,193,1,button,1,8,8,0,193,0,1.0000,9,0.000106,-1,-1,button,1,8,8,0,193,0,1.0000,9,0.000171,,-1,button,1,8,8,0,193,0,1.0000,9,0.000221,-1,,button,1,8,8,0,193,0,1.0000,9,0.178753,-1,-1,8,0,0,0,0.4,risk_path,4,Bot1|Bot2|Bot3|Bot4,,1,0
65,0.50,75,440,282407045,3208019061,3667,0.651911,507,1402,71-60,44-21,48-55,68,66,40,28,64,38,1,0,1,68,0,,113,1,68,45,1,button,1,68,68,0,18,0,1.0000,1278,0.009779,-1,-1,button,1,68,68,0,18,0,1.0000,1278,0.022591,,-1,button,1,68,68,0,18,0,1.0000,1278,0.034465,-1,,button,1,68,68,0,18,0,1.0000,1278,6.806668,-1,-1,68,0,0,0,0.4,risk_path,4,Bot1|Bot2|Bot3|Bot4,,1,0
66,0.50,75,440,2624712765,892082244,3630,0.645333,514,1350,67-68,51-49,10-44,39,35,91,81,62,46,0,0,1,39,1,39,114,1,39,75,1,button,1,39,39,0,75,0,1.0000,330,0.001721,-1,-1,button,1,39,39,0,75,0,1.0000,330,0.003766,,-1,button,1,39,39,0,75,0,1.0000,330,0.009468,-1,,button,1,39,39,0,75,0,1.0000,330,2.585258,-1,-1,39,0,0,0,0.4,risk_path,4,Bot1|Bot2|Bot3|Bot4,,1,0
67,0.50,75,440,1729019775,856386472,3624,0.644267,517,1409,60-53,29-59,62-26,39,37,43,29,68,66,0,0,1,39,1,39,127,1,39,88,1,button,1,39,39,0,58,0,1.0000,409,0.001952,-1,-1,button,1,39,39,0,58,0,1.0000,409,0.004726,,-1,button,1,39,39,0,58,0,1.0000,409,0.011102,-1,,button,1,39,39,0,58,0,1.0000,409,2.551448,-1,-1,39,0,0,0,0.4,risk_path,4,Bot1|Bot2|Bot3|Bot4,,1,0
68,0.50,75,440,4025098533,459075162,3613,0.642311,482,1310,53-46,53-73,41-17,43,27,43,41,86,68,0,0,1,43,1,43,154,1,43,111,1,button,1,43,43,0,78,0,1.0000,335,0.001731,-1,-1,button,1,43,43,0,78,0,1.0000,335,0.006344,,-1,button,1,43,43,0,78,0,1.0000,335,0.013075,-1,,button,1,43,43,0,78,0,1.0000,335,3.158297,-1,-1,43,0,0,0,0.4,risk_path,4,Bot1|Bot2|Bot3|Bot4,,1,0
69,0.50,75,440,266228852,4289431394,3621,0.643733,500,1398,43-3,26-13,19-65,43,27,102,86,79,59,0,0,1,43,1,43,134,1,43,91,1,button,1,43,43,0,89,0,1.0000,446,0.002576,-1,-1,button,1,43,43,0,89,0,1.0000,446,0.007245,,-1,button,1,43,43,0,89,0,1.0000,446,0.016559,-1,,button,1,43,43,0,89,0,1.0000,446,3.054188,-1,-1,43,0,0,0,0.4,risk_path,4,Bot1|Bot2|Bot3|Bot4,,1,0
70,0.50,75,440,3288517247,2662616909,3639,0.646933,504,1347,14-60,54-8,52-56,96,92,58,42,64,50,1,0,1,96,0,,109,1,96,13,0,fire_reached_bot,0,51,51,0,0,45,0.5312,644,0.005203,-1,50,fire_reached_bot,0,51,51,0,0,45,0.5312,644,0.051333,,50,fire_reached_bot,0,126,109,17,-16,11,0.8854,,0.185534,50,,fire_reached_bot,0,51,51,0,0,45,0.5312,644,10.306069,-1,50,51,4,47,0,0.99,risk_path,0,,Bot1|Bot2|Bot3|Bot4,0,1
71,0.50,75,440,3168276635,2131575540,3624,0.644267,484,1358,74-4,42-32,8-21,64,60,93,83,49,45,1,0,1,64,0,,89,1,64,25,1,button,1,64,64,0,24,0,1.0000,725,0.005280,-1,-1,button,1,64,64,0,24,0,1.0000,725,0.017387,,-1,button,1,64,64,0,24,0,1.0000,725,0.022818,-1,,button,1,64,64,0,24,0,1.0000,725,6.808716,-1,-1,64,1,0,0,0.6,risk_path,4,Bot1|Bot2|Bot3|Bot4,,1,0
72,0.50,75,440,3264989703,3396489466,3645,0.648000,501,1378,40-20,63-53,65-66,60,56,81,71,27,15,1,0,1,60,0,,55,0,,,0,fire_reached_bot,0,54,54,0,0,6,0.9000,381,0.003390,50,49,fire_reached_bot,0,65,53,12,-9,13,0.7833,,0.069473,,49,fire_reached_bot,0,69,53,16,-13,13,0.7833,,0.169020,49,,fire_reached_bot,0,65,53,12,-9,13,0.7833,,6.398442,-1,49,65,0,53,12,,no_path,0,,Bot1|Bot2|Bot3|Bot4,0,1
73,0.50,75,440,3661586234,851551463,3654,0.649600,496,1346,19-42,55-11,6-19,77,67,48,36,73,57,1,0,1,77,0,,133,1,77,56,1,button,1,77,77,0,25,0,1.0000,791,0.006766,-1,-1,button,1,77,77,0,25,0,1.0000,791,0.039881,,-1,button,1,77,77,0,25,0,1.0000,791,0.047110,-1,,button,1,77,77,0,32,0,1.0000,791,8.831805,30,30,77,0,0,0,0.4,risk_path,4,Bot1|Bot2|Bot3|Bot4,,1,0
74,0.50,75,440,1507352610,3438827500,3616,0.642844,480,1296,44-65,19-74,3-51,36,34,71,55,43,39,0,0,1,36,1,36,79,1,36,43,1,button,1,36,36,0,41,0,1.0000,136,0.000837,-1,-1,button,1,36,36,0,41,0,1.0000,136,0.003388,,-1,button,1,36,36,0,41,0,1.0000,136,0.003527,-1,,button,1,36,36,0,41,0,1.0000,136,2.774821,-1,-1,36,0,0,0,0.4,risk_path,4,Bot1|Bot2|Bot3|Bot4,,1,0
75,0.50,75,440,2046749167,4286327507,3627,0.644800,499,1365,2-9,37-12,35-29,62,38,61,53,25,19,1,0,1,62,0,,50,0,,,0,walked_into_fire,0,51,51,0,-7,11,0.8226,641,0.004331,41,41,fire_reached_bot,0,56,40,16,-5,22,0.6452,,0.074931,,-1,fire_reached_bot,0,56,40,16,-5,22,0.6452,,0.124035,-1,,fire_reached_bot,0,56,40,16,-5,22,0.6452,,5.399553,-1,-1,56,0,40,16,,no_path,0,,Bot1|Bot2|Bot3|Bot4,0,1
76,0.50,75,440,3008379624,3615876865,3655,0.649778,515,1384,43-36,1-62,52-64,72,68,49,37,85,53,0,0,1,72,1,72,146,1,72,74,1,button,1,72,72,0,54,0,1.0000,674,0.005503,-1,-1,button,1,72,72,0,54,0,1.0000,674,0.024281,,-1,button,1,72,72,0,54,0,1.0000,674,0.038512,-1,,button,1,72,72,0,54,0,1.0000,674,8.384930,54,54,72,0,0,0,0.4,risk_path,4,Bot1|Bot2|Bot3|Bot4,,1,0
77,0.50,75,440,168951023,2051054311,3646,0.648178,498,1387,63-46,7-52,36-46,78,62,39,27,41,35,1,0,1,78,0,,67,0,,,0,walked_into_fire,0,25,25,0,-1,53,0.3205,61,0.001184,12,12,fire_reached_bot,0,83,67,16,-15,53,0.3205,,0.092435,,42,fire_reached_bot,0,89,67,22,-21,49,0.3718,,0.193882,42,,fire_reached_bot,0,83,67,16,-15,53,0.3205,,10.401929,-1,42,83,0,67,16,,no_path,0,,Bot1|Bot2|Bot3|Bot4,0,1
78,0.50,75,440,2349810379,2265303479,3641,0.647289,501,1376,71-31,32-73,47-46,91,81,51,39,46,42,1,0,1,91,0,,80,0,,,0,walked_into_fire,0,33,33,0,-1,58,0.3626,112,0.001670,17,17,fire_reached_bot,0,72,64,8,0,43,0.5275,1022,0.054664,,54,fire_reached_bot,0,69,64,5,0,41,0.5495,906,0.055955,54,,fire_reached_bot,0,72,64,8,0,43,0.5275,1022,10.528681,-1,54,72,0,64,8,,no_path,0,,Bot1|Bot2|Bot3|Bot4,0,1
79,0.50,75,440,2763321522,3868111401,3664,0.651378,494,1408,50-59,10-66,49-54,63,47,6,6,63,51,0,0,1,63,0,,128,1,63,65,1,button,1,63,63,0,6,0,1.0000,760,0.005632,-1,-1,button,1,63,63,0,6,0,1.0000,760,0.021064,,-1,button,1,63,63,0,6,0,1.0000,760,0.023988,-1,,button,1,63,63,0,6,0,1.0000,760,6.115904,34,34,63,0,0,0,0.4,risk_path,4,Bot1|Bot2|Bot3|Bot4,,1,0
80,0.50,75,440,3716998955,3442828106,3643,0.647644,507,1384,32-60,45-60,19-26,29,13,51,47,72,60,0,0,1,29,1,29,114,1,29,85,1,button,1,29,29,0,67,0,1.0000,195,0.001028,-1,-1,button,1,29,29,0,67,0,1.0000,195,0.004451,,-1,button,1,29,29,0,67,0,1.0000,195,0.006123,-1,,button,1,29,29,0,67,0,1.0000,195,1.525528,15,15,29,0,0,0,0.4,risk_path,4,Bot1|Bot2|Bot3|Bot4,,1,0
81,0.50,75,440,2802822109,1173380791,3659,0.650489,505,1348,72-70,46-13,62-73,91,83,29,13,92,76,0,0,1,91,1,91,155,1,91,64,1,button,1,91,91,0,13,0,1.0000,904,0.009221,-1,-1,button,1,91,91,0,13,0,1.0000,904,0.051676,,-1,button,1,91,91,0,13,0,1.0000,904,0.050355,-1,,button,1,91,91,0,13,0,1.0000,904,11.727805,-1,-1,91,0,0,0,0.4,risk_path,4,Bot1|Bot2|Bot3|Bot4,,1,0
82,0.50,75,440,1458696374,4138283831,3640,0.647111,513,1373,14-4,25-57,6-47,78,64,63,51,31,29,1,0,1,78,0,,49,0,,,0,walked_into_fire,0,49,49,0,-2,29,0.6282,454,0.003536,49,34,fire_reached_bot,0,50,49,1,0,31,0.6026,,0.042273,,34,fire_reached_bot,0,84,49,35,-34,43,0.4487,,0.328131,34,,fire_reached_bot,0,50,49,1,0,31,0.6026,,8.757941,-1,34,50,0,49,1,,no_path,0,,Bot1|Bot2|Bot3|Bot4,0,1
83,0.50,75,440,2432187744,4169280272,3642,0.647467,503,1356,40-58,45-19,12-50,66,44,46,36,86,64,0,0,1,66,1,66,158,1,66,92,1,button,1,66,66,0,60,0,1.0000,633,0.004551,-1,-1,button,1,66,66,0,60,0,1.0000,633,0.033395,,-1,button,1,66,66,0,60,0,1.0000,633,0.023514,-1,,button,1,66,66,0,61,0,1.0000,633,6.923913,14,14,66,0,0,0,0.4,risk_path,4,Bot1|Bot2|Bot3|Bot4,,1,0
84,0.50,75,440,117610117,309971403,3649,0.648711,513,1375,38-60,71-19,27-60,80,74,29,11,91,85,0,0,1,80,1,80,163,1,80,83,1,button,1,80,80,0,59,0,1.0000,1211,0.011125,-1,-1,button,1,80,80,0,59,0,1.0000,1211,0.043029,,-1,button,1,80,80,0,59,0,1.0000,1211,0.050408,-1,,button,1,80,80,0,59,0,1.0000,1211,8.425191,1,1,80,0,0,0,0.4,risk_path,4,Bot1|Bot2|Bot3|Bot4,,1,0
85,0.50,75,440,2351945767,3852249623,3652,0.649244,513,1378,46-2,42-17,48-41,27,19,63,41,48,30,0,0,1,27,1,27,83,1,27,56,1,button,1,27,27,0,54,0,1.0000,230,0.001192,-1,-1,button,1,27,27,0,54,0,1.0000,230,0.003261,,-1,button,1,27,27,0,54,0,1.0000,230,0.003532,-1,,button,1,27,27,0,54,0,1.0000,230,1.212206,-1,-1,27,0,0,0,0.4,risk_path,4,Bot1|Bot2|Bot3|Bot4,,1,0
86,0.50,75,440,2895808900,3809999560,3632,0.645689,498,1315,29-67,1-17,74-52,80,78,78,60,124,108,0,0,1,80,1,80,245,1,80,165,1,button,1,80,80,0,122,0,1.0000,369,0.004255,-1,-1,button,1,80,80,0,122,0,1.0000,369,0.026459,,-1,button,1,80,80,0,122,0,1.0000,369,0.029321,-1,,button,1,80,80,0,122,0,1.0000,369,9.471297,-1,-1,80,0,0,0,0.4,risk_path,4,Bot1|Bot2|Bot3|Bot4,,1,0
87,0.50,75,440,2723283324,3272133986,3648,0.648533,511,1411,47-73,31-5,7-43,104,84,90,70,88,62,1,0,1,104,0,,153,1,104,49,1,button,1,104,104,0,32,0,1.0000,1519,0.026408,-1,-1,button,1,104,104,0,32,0,1.0000,1519,0.084838,,-1,button,1,104,104,0,32,0,1.0000,1519,0.090740,-1,,button,1,104,104,0,32,0,1.0000,1519,12.937780,-1,-1,104,1,0,0,0.6,risk_path,4,Bot1|Bot2|Bot3|Bot4,,1,0
88,0.50,75,440,442504758,736042750,3679,0.654044,508,1420,16-28,1-29,31-35,26,16,30,22,46,36,0,0,1,26,1,26,79,1,26,53,1,button,1,26,26,0,50,0,1.0000,205,0.000965,-1,-1,button,1,26,26,0,50,0,1.0000,205,0.002464,,-1,button,1,26,26,0,50,0,1.0000,205,0.002832,-1,,button,1,26,26,0,50,0,1.0000,205,1.231343,-1,-1,26,0,0,0,0.4,risk_path,4,Bot1|Bot2|Bot3|Bot4,,1,0
89,0.50,75,440,2689907484,1240102764,3643,0.647644,497,1379,16-33,54-64,7-11,73,69,33,31,104,100,0,0,1,73,1,73,203,1,73,130,1,button,1,73,73,0,70,0,1.0000,670,0.007448,-1,-1,button,1,73,73,0,70,0,1.0000,670,0.014964,,-1,button,1,73,73,0,70,0,1.0000,670,0.019857,-1,,button,1,73,73,0,70,0,1.0000,670,8.080988,15,15,73,0,0,0,0.4,risk_path,4,Bot1|Bot2|Bot3|Bot4,,1,0
90,0.50,75,440,1410515791,2649707326,3622,0.643911,490,1314,8-14,42-56,9-9,84,76,8,6,88,80,0,0,1,84,1,84,165,1,84,81,1,button,1,84,84,0,12,0,1.0000,777,0.011432,-1,-1,button,1,84,84,0,12,0,1.0000,777,0.044789,,-1,button,1,84,84,0,12,0,1.0000,777,0.045245,-1,,button,1,84,84,0,12,0,1.0000,777,10.231725,15,15,84,0,0,0,0.4,risk_path,4,Bot1|Bot2|Bot3|Bot4,,1,0
91,0.50,75,440,1198831680,429899597,3632,0.645689,491,1347,53-16,73-34,18-42,46,38,65,61,73,63,0,0,1,46,1,46,131,1,46,85,1,button,1,46,46,0,85,0,1.0000,455,0.002627,-1,-1,button,1,46,46,0,85,0,1.0000,455,0.007115,,-1,button,1,46,46,0,85,0,1.0000,455,0.009193,-1,,button,1,46,46,0,85,0,1.0000,455,3.477782,1,1,46,0,0,0,0.4,risk_path,4,Bot1|Bot2|Bot3|Bot4,,1,0
92,0.50,75,440,2479440059,167758409,3623,0.644089,483,1277,70-63,69-1,24-59,93,63,66,50,109,103,0,0,1,93,1,93,202,1,93,109,1,button,1,93,93,0,86,0,1.0000,1403,0.015046,-1,-1,button,1,93,93,0,86,0,1.0000,1403,0.051706,,-1,button,1,93,93,0,86,0,1.0000,1403,0.067189,-1,,button,1,93,93,0,86,0,1.0000,1403,10.734555,10,10,93,0,0,0,0.4,risk_path,4,Bot1|Bot2|Bot3|Bot4,,1,0
93,0.50,75,440,2629098381,3995597651,3617,0.643022,492,1335,43-38,0-52,68-32,73,57,45,31,106,88,0,0,1,73,1,73,184,1,73,111,1,button,1,73,73,0,66,0,1.0000,838,0.007794,-1,-1,button,1,73,73,0,66,0,1.0000,838,0.032285,,-1,button,1,73,73,0,66,0,1.0000,838,0.039426,-1,,button,1,73,73,0,66,0,1.0000,838,7.316526,-1,-1,73,0,0,0,0.4,risk_path,4,Bot1|Bot2|Bot3|Bot4,,1,0
94,0.50,75,440,4034527632,2373009210,3618,0.643200,497,1351,2-63,74-14,29-36,133,121,56,54,79,67,1,0,1,133,0,,151,0,,,0,fire_reached_bot,0,34,34,0,0,99,0.2556,322,0.005680,33,32,fire_reached_bot,0,76,69,7,0,122,0.0827,1601,0.215849,,32,fire_reached_bot,0,78,69,9,0,124,0.0677,1708,0.239187,32,,fire_reached_bot,0,76,69,7,0,122,0.0827,1601,14.855180,-1,32,76,0,69,7,,no_path,0,,Bot1|Bot2|Bot3|Bot4,0,1
95,0.50,75,440,83074924,374331740,3621,0.643733,498,1346,0-52,43-16,43-65,89,79,64,56,81,49,1,0,1,89,0,,137,1,89,48,1,button,1,89,89,0,47,0,1.0000,1374,0.014195,-1,-1,button,1,89,89,0,47,0,1.0000,1374,0.051207,,-1,button,1,89,89,0,47,0,1.0000,1374,0.071117,-1,,button,1,89,89,0,45,0,1.0000,1374,10.312173,9,9,89,0,0,0,0.4,risk_path,4,Bot1|Bot2|Bot3|Bot4,,1,0
96,0.50,75,440,902943538,3127573542,3621,0.643733,508,1388,18-50,22-44,54-28,10,10,60,58,50,48,0,0,1,10,1,10,84,1,10,74,1,button,1,10,10,0,74,0,1.0000,21,0.000240,-1,-1,button,1,10,10,0,74,0,1.0000,21,0.000292,,-1,button,1,10,10,0,74,0,1.0000,21,0.000356,-1,,button,1,10,10,0,74,0,1.0000,21,0.294005,3,3,10,0,0,0,0.4,risk_path,4,Bot1|Bot2|Bot3|Bot4,,1,0
97,0.50,75,440,1323143353,2588849054,3631,0.645511,502,1329,18-54,46-56,54-72,50,30,56,54,26,24,1,0,1,50,0,,40,0,,,0,fire_reached_bot,0,40,40,0,0,10,0.8000,331,0.003608,40,39,fire_reached_bot,0,46,40,6,-5,12,0.7600,,0.039237,,39,fire_reached_bot,0,51,40,11,-10,14,0.7200,,0.119963,39,,fire_reached_bot,0,46,40,6,-5,12,0.7600,,4.294058,-1,39,46,0,40,6,,no_path,0,,Bot1|Bot2|Bot3|Bot4,0,1
98,0.50,75,440,172568286,2343787580,3644,0.647822,511,1392,60-60,70-36,25-9,36,34,88,86,90,72,0,0,1,36,1,36,150,1,36,114,1,button,1,36,36,0,111,0,1.0000,301,0.002452,-1,-1,button,1,36,36,0,111,0,1.0000,301,0.003655,,-1,button,1,36,36,0,111,0,1.0000,301,0.006284,-1,,button,1,36,36,0,111,0,1.0000,301,2.311514,7,7,36,0,0,0,0.4,risk_path,4,Bot1|Bot2|Bot3|Bot4,,1,0
99,0.50,75,440,398009931,2986606611,3623,0.644089,501,1378,64-44,52-32,42-2,24,24,70,64,48,40,0,0,1,24,1,24,90,1,24,66,1,button,1,24,24,0,66,0,1.0000,80,0.000740,-1,-1,button,1,24,24,0,66,0,1.0000,80,0.001262,,-1,button,1,24,24,0,66,0,1.0000,80,0.001510,-1,,button,1,24,24,0,66,0,1.0000,80,1.030051,-1,-1,24,0,0,0,0.4,risk_path,4,Bot1|Bot2|Bot3|Bot4,,1,0
100,0.50,75,440,2731167691,650338235,3631,0.645511,511,1398,15-65,12-41,22-36,51,27,44,36,15,15,1,0,1,51,0,,23,0,,,0,walked_into_fire,0,41,41,0,-17,10,0.8039,,0.004662,24,24,fire_reached_bot,0,70,23,47,-46,28,0.4510,,0.207189,,-1,fire_reached_bot,0,70,23,47,-46,28,0.4510,,0.486029,-1,,fire_reached_bot,0,70,23,47,-46,28,0.4510,,3.052604,-1,-1,70,0,23,47,,no_path,0,,Bot1|Bot2|Bot3|Bot4,0,1
101,0.50,75,440,3976025462,1984228406,3637,0.646578,518,1371,60-37,47-47,45-51,35,23,37,29,8,6,1,0,1,35,0,,11,0,,,0,walked_into_fire,0,25,25,0,-13,10,0.7143,,0.001099,9,9,fire_reached_bot,0,53,8,45,-41,27,0.2286,,0.237665,,-1,fire_reached_bot,0,53,8,45,-41,27,0.2286,,0.551373,-1,,fire_reached_bot,0,53,8,45,-41,27,0.2286,,1.077351,-1,-1,53,0,8,45,,no_path,0,,Bot1|Bot2|Bot3|Bot4,0,1
102,0.50,75,440,3469237606,1649159914,3647,0.648356,506,1395,16-63,59-25,55-5,89,81,101,97,32,24,1,0,1,89,0,,65,0,,,0,walked_into_fire,0,81,81,0,-15,8,0.9101,,0.013693,66,66,fire_reached_bot,0,102,65,37,-36,24,0.7303,,0.194195,,-1,fire_reached_bot,0,102,65,37,-36,24,0.7303,,0.430970,-1,,fire_reached_bot,0,102,65,37,-36,24,0.7303,,11.688821,-1,-1,102,0,65,37,,no_path,0,,Bot1|Bot2|Bot3|Bot4,0,1
103,0.50,75,440,1354804743,391426036,3643,0.647644,507,1361,49-52,55-52,69-35,8,6,39,37,35,31,0,0,1,8,1,8,59,1,8,51,1,button,1,8,8,0,51,0,1.0000,19,0.000204,-1,-1,button,1,8,8,0,51,0,1.0000,19,0.000244,,-1,button,1,8,8,0,51,0,1.0000,19,0.000316,-1,,button,1,8,8,0,51,0,1.0000,19,0.178418,6,6,8,0,0,0,0.4,risk_path,4,Bot1|Bot2|Bot3|Bot4,,1,0
104,0.50,75,440,4136514547,4012823104,3668,0.652089,517,1436,46-54,39-69,8-3,24,22,95,89,115,97,0,0,1,24,1,24,201,1,24,177,1,button,1,24,24,0,170,0,1.0000,62,0.000451,-1,-1,button,1,24,24,0,170,0,1.0000,62,0.001581,,-1,button,1,24,24,0,170,0,1.0000,62,0.002264,-1,,button,1,24,24,0,170,0,1.0000,62,1.053022,-1,-1,24,0,0,0,0.4,risk_path,4,Bot1|Bot2|Bot3|Bot4,,1,0
105,0.50,75,440,1802906948,4050598220,3643,0.647644,499,1382,33-16,18-43,1-63,58,42,83,79,39,37,1,0,1,58,0,,80,1,58,22,1,button,1,58,58,0,21,0,1.0000,359,0.002978,-1,-1,button,1,58,58,0,21,0,1.0000,359,0.014312,,-1,button,1,58,58,0,21,0,1.0000,359,0.024386,-1,,button,1,58,58,0,22,0,1.0000,359,6.132005,24,24,58,8,12,0,0.99,risk_path,4,Bot1|Bot2|Bot3|Bot4,,1,0
106,0.50,75,440,4274087871,3596512109,3639,0.646933,511,1331,55-51,1-14,4-69,91,91,81,69,78,58,1,0,1,91,0,,149,1,91,58,1,button,1,91,91,0,37,0,1.0000,763,0.007313,-1,-1,button,1,91,91,0,37,0,1.0000,763,0.022299,,-1,button,1,91,91,0,37,0,1.0000,763,0.031646,-1,,button,1,91,91,0,37,0,1.0000,763,11.362932,-1,-1,91,0,0,0,0.4,risk_path,4,Bot1|Bot2|Bot3|Bot4,,1,0
107,0.50,75,440,3806192457,1257605443,3641,0.647289,497,1368,71-43,46-0,13-11,72,68,100,90,64,44,1,0,1,72,0,,132,1,72,60,1,button,1,72,72,0,60,0,1.0000,776,0.007181,-1,-1,button,1,72,72,0,60,0,1.0000,776,0.023958,,-1,button,1,72,72,0,60,0,1.0000,776,0.039934,-1,,button,1,72,72,0,60,0,1.0000,776,7.908342,-1,-1,72,0,0,0,0.4,risk_path,4,Bot1|Bot2|Bot3|Bot4,,1,0
108,0.50,75,440,3395390498,1222503905,3664,0.651378,520,1390,12-36,29-30,4-71,31,23,53,43,68,66,0,0,1,31,1,31,134,1,31,103,1,button,1,31,31,0,85,0,1.0000,132,0.000687,-1,-1,button,1,31,31,0,85,0,1.0000,132,0.002727,,-1,button,1,31,31,0,85,0,1.0000,132,0.004263,-1,,button,1,31,31,0,85,0,1.0000,132,1.687648,14,14,31,0,0,0,0.4,risk_path,4,Bot1|Bot2|Bot3|Bot4,,1,0
109,0.50,75,440,3653473380,1973034153,3655,0.649778,504,1448,65-67,22-22,34-51,96,88,61,47,51,41,1,0,1,96,0,,110,0,,,0,walked_into_fire,0,42,42,0,-1,54,0.4375,314,0.002720,42,42,fire_reached_bot,0,115,110,5,-4,52,0.4583,,0.124401,,79,fire_reached_bot,0,118,110,8,-7,50,0.4792,,0.169792,79,,fire_reached_bot,0,115,110,5,-4,52,0.4583,,16.010081,-1,79,115,0,110,5,,no_path,0,,Bot1|Bot2|Bot3|Bot4,0,1
110,0.50,75,440,4082012561,1074635792,3655,0.649778,497,1382,49-25,32-5,37-65,37,37,64,52,87,65,0,0,1,37,1,37,141,1,37,104,1,button,1,37,37,0,88,0,1.0000,192,0.001126,-1,-1,button,1,37,37,0,88,0,1.0000,192,0.003060,,-1,button,1,37,37,0,88,0,1.0000,192,0.003996,-1,,button,1,37,37,0,88,0,1.0000,192,2.282970,-1,-1,37,0,0,0,0.4,risk_path,4,Bot1|Bot2|Bot3|Bot4,,1,0
111,0.50,75,440,416203697,1615190462,3657,0.650133,504,1392,10-8,49-62,1-12,95,93,25,13,100,98,0,0,1,95,1,95,174,1,95,79,1,button,1,95,95,0,24,0,1.0000,921,0.007816,-1,-1,button,1,95,95,0,24,0,1.0000,921,0.037146,,-1,button,1,95,95,0,24,0,1.0000,921,0.042686,-1,,button,1,95,95,0,29,0,1.0000,921,12.901313,4,4,95,0,0,0,0.4,risk_path,4,Bot1|Bot2|Bot3|Bot4,,1,0
112,0.50,75,440,2193764734,2138228930,3634,0.646044,495,1355,5-53,26-8,50-73,84,66,77,65,95,89,0,0,1,84,1,84,164,1,84,80,1,button,1,84,84,0,70,0,1.0000,989,0.010383,-1,-1,button,1,84,84,0,70,0,1.0000,989,0.060960,,-1,button,1,84,84,0,70,0,1.0000,989,0.063788,-1,,button,1,84,84,0,70,0,1.0000,989,9.899407,17,17,84,0,0,0,0.4,risk_path,4,Bot1|Bot2|Bot3|Bot4,,1,0
113,0.50,75,440,901889356,3820153862,3646,0.648178,513,1391,62-42,17-55,3-0,66,58,105,101,77,69,0,0,1,66,1,66,129,1,66,63,1,button,1,66,66,0,54,0,1.0000,407,0.003709,-1,-1,button,1,66,66,0,54,0,1.0000,407,0.012076,,-1,button,1,66,66,0,54,0,1.0000,407,0.015150,-1,,button,1,66,66,0,54,0,1.0000,407,6.993431,-1,-1,66,0,0,0,0.4,risk_path,4,Bot1|Bot2|Bot3|Bot4,,1,0
114,0.50,75,440,1911151784,3134867747,3627,0.644800,498,1377,36-73,65-72,37-32,52,30,56,42,72,68,0,0,1,52,1,52,128,1,52,76,1,button,1,52,52,0,68,0,1.0000,643,0.004094,-1,-1,button,1,52,52,0,68,0,1.0000,643,0.013084,,-1,button,1,52,52,0,68,0,1.0000,643,0.013884,-1,,button,1,52,52,0,67,0,1.0000,643,3.998121,35,35,52,0,0,0,0.4,risk_path,4,Bot1|Bot2|Bot3|Bot4,,1,0
115,0.50,75,440,1828045502,3560377918,3637,0.646578,489,1362,63-14,43-70,18-23,94,76,60,54,80,72,1,0,1,94,0,,151,1,94,57,1,button,1,94,94,0,57,0,1.0000,1854,0.022546,-1,-1,button,1,94,94,0,57,0,1.0000,1854,0.079377,,-1,button,1,94,94,0,57,0,1.0000,1854,0.105510,-1,,button,1,94,94,0,57,0,1.0000,1854,10.003904,-1,-1,94,0,0,0,0.4,risk_path,4,Bot1|Bot2|Bot3|Bot4,,1,0
116,0.50,75,440,794248593,1319229455,3632,0.645689,513,1408,15-60,69-51,1-71,83,63,27,25,92,88,0,0,1,83,1,83,151,1,83,68,1,button,1,83,83,0,18,0,1.0000,773,0.007187,-1,-1,button,1,83,83,0,18,0,1.0000,773,0.027171,,-1,button,1,83,83,0,18,0,1.0000,773,0.033495,-1,,button,1,83,83,0,18,0,1.0000,773,10.098514,22,22,83,0,0,0,0.4,risk_path,4,Bot1|Bot2|Bot3|Bot4,,1,0
117,0.50,75,440,247906182,231731730,3642,0.647467,494,1409,20-61,54-52,41-36,51,43,52,46,37,29,1,0,1,51,0,,64,1,51,13,1,button,1,51,51,0,10,0,1.0000,670,0.004135,-1,-1,button,1,51,51,0,10,0,1.0000,670,0.009226,,-1,button,1,51,51,0,10,0,1.0000,670,0.013190,-1,,button,1,51,51,0,10,0,1.0000,670,4.069857,4,4,51,14,2,0,0.99,risk_path,4,Bot1|Bot2|Bot3|Bot4,,1,0
118,0.50,75,440,2338859109,2503174722,3651,0.649067,498,1365,60-47,39-67,22-52,49,41,55,43,40,32,1,0,1,49,0,,80,1,49,31,1,button,1,49,49,0,12,0,1.0000,578,0.003425,-1,-1,button,1,49,49,0,12,0,1.0000,578,0.008418,,-1,button,1,49,49,0,12,0,1.0000,578,0.011422,-1,,button,1,49,49,0,12,0,1.0000,578,4.263114,-1,-1,49,14,3,0,0.99,risk_path,4,Bot1|Bot2|Bot3|Bot4,,1,0
119,0.50,75,440,2795650116,841446020,3644,0.647822,511,1355,59-73,29-38,14-26,65,65,92,92,27,27,1,0,1,65,0,,51,0,,,0,walked_into_fire,0,60,60,0,-8,5,0.9231,,0.006760,52,52,fire_reached_bot,0,75,51,24,-23,14,0.7846,,0.110201,,-1,fire_reached_bot,0,75,51,24,-23,14,0.7846,,0.214946,-1,,fire_reached_bot,0,75,51,24,-23,14,0.7846,,6.271250,-1,-1,75,0,51,24,,no_path,0,,Bot1|Bot2|Bot3|Bot4,0,1
120,0.50,75,440,2363225837,4020754255,3642,0.647467,496,1398,9-74,30-27,35-63,78,68,53,37,53,41,1,0,1,78,0,,91,1,78,13,1,button,1,78,78,0,4,0,1.0000,1260,0.011353,-1,-1,button,1,78,78,0,4,0,1.0000,1260,0.032912,,-1,button,1,78,78,0,4,0,1.0000,1260,0.045114,-1,,button,1,78,78,0,4,0,1.0000,1260,8.862435,51,51,78,16,36,0,0.99,risk_path,4,Bot1|Bot2|Bot3|Bot4,,1,0
121,0.50,75,440,272157506,212865656,3665,0.651556,503,1381,45-19,17-12,29-12,43,35,25,23,24,12,1,0,1,43,0,,39,0,,,0,fire_reached_bot,0,27,27,0,0,16,0.6279,163,0.001131,27,27,fire_reached_bot,0,39,37,2,0,26,0.3953,385,0.021270,,-1,fire_reached_bot,0,39,37,2,0,26,0.3953,385,0.036739,-1,,fire_reached_bot,0,39,37,2,0,26,0.3953,385,4.614111,-1,-1,39,0,37,2,,no_path,0,,Bot1|Bot2|Bot3|Bot4,0,1
122,0.50,75,440,377564765,534516638,3632,0.645689,502,1362,27-3,24-11,67-44,15,11,83,81,82,76,0,0,1,15,1,15,139,1,15,124,1,button,1,15,15,0,124,0,1.0000,68,0.000332,-1,-1,button,1,15,15,0,124,0,1.0000,68,0.000632,,-1,button,1,15,15,0,124,0,1.0000,68,0.000785,-1,,button,1,15,15,0,124,0,1.0000,68,0.477041,-1,-1,15,0,0,0,0.4,risk_path,4,Bot1|Bot2|Bot3|Bot4,,1,0
123,0.50,75,440,1595995648,4164420774,3638,0.646756,514,1373,61-17,41-64,33-69,75,67,88,80,21,13,1,0,1,75,0,,32,0,,,0,walked_into_fire,0,57,57,0,-24,18,0.7600,,0.003212,32,32,fire_reached_bot,0,97,31,66,-64,44,0.4133,,0.352662,,-1,fire_reached_bot,0,97,31,66,-64,44,0.4133,,0.685551,-1,,fire_reached_bot,0,97,31,66,-64,44,0.4133,,6.987493,-1,-1,97,0,31,66,,no_path,0,,Bot1|Bot2|Bot3|Bot4,0,1
124,0.50,75,440,2851316964,3849568425,3612,0.642133,497,1349,30-47,1-14,18-2,64,62,73,57,31,29,1,0,1,64,0,,59,0,,,0,walked_into_fire,0,57,57,0,-2,7,0.8906,408,0.003246,51,51,fire_reached_bot,0,68,50,18,-8,14,0.7812,,0.112893,,-1,fire_reached_bot,0,68,50,18,-8,14,0.7812,,0.177410,-1,,fire_reached_bot,0,68,50,18,-8,14,0.7812,,7.015089,-1,-1,68,0,50,18,,no_path,0,,Bot1|Bot2|Bot3|Bot4,0,1
125,0.50,75,440,75640016,983425269,3623,0.644089,509,1341,47-43,18-9,40-9,73,63,43,41,34,22,1,0,1,73,0,,59,0,,,0,walked_into_fire,0,55,55,0,-2,18,0.7534,537,0.005067,54,52,fire_reached_bot,0,68,59,9,-8,24,0.6712,,0.047627,,52,fire_reached_bot,0,62,59,3,-2,20,0.7260,,0.055544,52,,fire_reached_bot,0,68,59,9,-8,24,0.6712,,8.903441,-1,52,68,0,59,9,,no_path,0,,Bot1|Bot2|Bot3|Bot4,0,1
126,0.50,75,440,2257855052,553856936,3648,0.648533,488,1395,40-62,42-9,71-44,85,55,51,49,70,64,1,0,1,85,0,,143,1,85,58,1,button,1,85,85,0,27,0,1.0000,991,0.010730,-1,-1,button,1,85,85,0,27,0,1.0000,991,0.051152,,-1,button,1,85,85,0,27,0,1.0000,991,0.054821,-1,,button,1,85,85,0,27,0,1.0000,991,11.167228,-1,-1,85,12,4,0,0.99,risk_path,4,Bot1|Bot2|Bot3|Bot4,,1,0
127,0.50,75,440,2387835660,4210166861,3638,0.646756,493,1389,16-46,13-0,26-22,61,49,38,34,35,35,1,0,1,61,0,,54,0,,,0,walked_into_fire,0,34,34,0,-2,27,0.5574,411,0.002114,29,29,fire_reached_bot,0,59,47,12,-4,38,0.3770,,0.028468,,-1,fire_reached_bot,0,59,47,12,-4,38,0.3770,,0.027568,-1,,fire_reached_bot,0,59,47,12,-4,38,0.3770,,6.032954,-1,-1,59,0,47,12,,no_path,0,,Bot1|Bot2|Bot3|Bot4,0,1
128,0.50,75,440,880119995,1942672215,3641,0.647289,524,1390,39-49,62-0,18-73,82,72,45,45,127,117,0,0,1,82,1,82,230,1,82,148,1,button,1,82,82,0,84,0,1.0000,1018,0.010291,-1,-1,button,1,82,82,0,84,0,1.0000,1018,0.054014,,-1,button,1,82,82,0,84,0,1.0000,1018,0.050285,-1,,button,1,82,82,0,84,0,1.0000,1018,10.046801,4,4,82,0,0,0,0.4,risk_path,4,Bot1|Bot2|Bot3|Bot4,,1,0
129,0.50,75,440,2335898079,2211249253,3628,0.644978,514,1381,37-2,64-0,45-5,67,29,11,11,58,24,1,0,1,67,0,,122,0,,,0,walked_into_fire,0,7,7,0,-1,60,0.1045,7,0.000642,3,1,fire_reached_bot,0,70,70,0,0,55,0.1791,380,0.041565,,1,fire_reached_bot,0,120,114,6,0,59,0.1194,1647,0.114670,1,,fire_reached_bot,0,70,70,0,0,55,0.1791,380,13.544125,-1,1,70,0,70,0,,shortest_path_fallback,0,,Bot1|Bot2|Bot3|Bot4,0,1
130,0.50,75,440,1465691200,1383389641,3648,0.648533,504,1394,67-45,2-1,32-38,111,109,54,42,67,67,1,0,1,111,0,,107,0,,,0,fire_reached_bot,0,35,35,0,0,76,0.3153,297,0.002472,33,33,fire_reached_bot,0,95,81,14,0,62,0.4414,2722,0.083713,,54,fire_reached_bot,0,92,81,11,0,60,0.4595,2588,0.108167,54,,fire_reached_bot,0,95,81,14,0,62,0.4414,2722,13.231591,-1,54,95,0,81,14,,no_path,0,,Bot1|Bot2|Bot3|Bot4,0,1
131,0.50,75,440,440757090,857276793,3614,0.642489,500,1344,44-57,14-72,67-57,47,45,29,23,76,68,0,0,1,47,1,47,133,1,47,86,1,button,1,47,47,0,55,0,1.0000,406,0.004552,-1,-1,button,1,47,47,0,55,0,1.0000,406,0.008101,,-1,button,1,47,47,0,55,0,1.0000,406,0.010925,-1,,button,1,47,47,0,55,0,1.0000,406,3.653000,-1,-1,47,0,0,0,0.4,risk_path,4,Bot1|Bot2|Bot3|Bot4,,1,0
132,0.50,75,440,3555543580,3812448778,3626,0.644622,494,1308,13-24,61-74,48-37,102,98,60,48,52,50,1,0,1,102,0,,86,0,,,0,walked_into_fire,0,44,44,0,-3,58,0.4314,276,0.003472,43,43,fire_reached_bot,0,106,77,29,-19,73,0.2843,,0.135114,,43,fire_reached_bot,0,108,77,31,-21,71,0.3039,,0.219016,43,,fire_reached_bot,0,106,77,29,-19,73,0.2843,,14.515187,-1,43,106,0,77,29,,no_path,0,,Bot1|Bot2|Bot3|Bot4,0,1
133,0.50,75,440,948442129,703702193,3606,0.641067,489,1329,17-44,66-21,47-52,80,72,44,38,60,50,1,0,1,80,0,,119,1,80,39,1,button,1,80,80,0,39,0,1.0000,1033,0.016233,-1,-1,button,1,80,80,0,39,0,1.0000,1033,0.047977,,-1,button,1,80,80,0,39,0,1.0000,1033,0.049673,-1,,button,1,80,80,0,39,0,1.0000,1033,10.055919,7,7,80,11,0,0,0.99,risk_path,4,Bot1|Bot2|Bot3|Bot4,,1,0
134,0.50,75,440,1102281211,3563752405,3654,0.649600,503,1348,15-61,46-3,6-5,101,89,91,65,70,42,1,0,1,101,0,,134,1,103,31,0,fire_reached_bot,0,76,76,0,0,25,0.7525,521,0.009125,-1,76,fire_reached_bot,0,76,76,0,0,25,0.7525,521,0.058784,,76,fire_reached_bot,0,141,132,9,-6,13,0.8713,,0.123026,76,,button,1,103,103,0,19,0,1.0000,986,17.708685,50,50,103,19,49,0,0.99,risk_path,1,Bot4,Bot1|Bot2|Bot3,0,0
135,0.50,75,440,807723142,2871911597,3642,0.647467,509,1338,62-61,53-43,38-3,37,27,96,82,69,55,0,0,1,37,1,37,120,1,37,83,1,button,1,37,37,0,83,0,1.0000,340,0.003369,-1,-1,button,1,37,37,0,83,0,1.0000,340,0.005295,,-1,button,1,37,37,0,83,0,1.0000,340,0.006797,-1,,button,1,37,37,0,83,0,1.0000,340,2.271503,-1,-1,37,0,0,0,0.4,risk_path,4,Bot1|Bot2|Bot3|Bot4,,1,0
136,0.50,75,440,1899007051,3079980098,3638,0.646756,507,1386,8-11,70-74,66-70,137,125,125,117,32,8,1,0,1,137,0,,53,0,,,0,walked_into_fire,0,83,83,0,-29,54,0.6058,,0.010901,24,24,fire_reached_bot,0,180,23,157,-126,114,0.1679,,0.665480,,-1,fire_reached_bot,0,180,23,157,-126,114,0.1679,,1.251992,-1,,fire_reached_bot,0,180,23,157,-126,114,0.1679,,7.968205,-1,-1,180,0,23,157,,no_path,0,,Bot1|Bot2|Bot3|Bot4,0,1
137,0.50,75,440,647213272,3488528219,3639,0.646933,496,1345,70-47,48-57,68-22,44,32,33,27,57,55,0,0,1,44,1,44,103,1,44,59,1,button,1,44,44,0,47,0,1.0000,510,0.003066,-1,-1,button,1,44,44,0,47,0,1.0000,510,0.007546,,-1,button,1,44,44,0,47,0,1.0000,510,0.014044,-1,,button,1,44,44,0,47,0,1.0000,510,3.030036,-1,-1,44,0,0,0,0.4,risk_path,4,Bot1|Bot2|Bot3|Bot4,,1,0
138,0.50,75,440,2955646883,1522454323,3639,0.646933,498,1348,70-34,60-68,42-16,66,44,52,46,88,70,0,0,1,66,1,66,148,1,66,82,1,button,1,66,66,0,77,0,1.0000,835,0.005890,-1,-1,button,1,66,66,0,77,0,1.0000,835,0.022571,,-1,button,1,66,66,0,77,0,1.0000,835,0.028495,-1,,button,1,66,66,0,77,0,1.0000,835,7.022880,60,60,66,0,0,0,0.4,risk_path,4,Bot1|Bot2|Bot3|Bot4,,1,0
139,0.50,75,440,3313783522,2464351505,3645,0.648000,495,1407,56-27,40-63,31-4,64,52,54,48,80,68,0,0,1,64,1,64,133,1,64,69,1,button,1,64,64,0,56,0,1.0000,748,0.005583,-1,-1,button,1,64,64,0,56,0,1.0000,748,0.020539,,-1,button,1,64,64,0,56,0,1.0000,748,0.027941,-1,,button,1,64,64,0,56,0,1.0000,748,6.416412,50,50,64,0,0,0,0.4,risk_path,4,Bot1|Bot2|Bot3|Bot4,,1,0
140,0.50,75,440,3452405857,2375599770,3649,0.648711,506,1372,37-2,71-34,45-58,70,66,82,64,60,50,1,0,1,70,0,,121,1,70,51,1,button,1,70,70,0,45,0,1.0000,1116,0.009196,-1,-1,button,1,70,70,0,45,0,1.0000,1116,0.027648,,-1,button,1,70,70,0,45,0,1.0000,1116,0.035052,-1,,button,1,70,70,0,45,0,1.0000,1116,7.345732,6,6,70,0,0,0,0.4,risk_path,4,Bot1|Bot2|Bot3|Bot4,,1,0
141,0.50,75,440,1002585984,1855575115,3672,0.652800,510,1408,39-60,63-11,65-29,83,73,63,57,26,20,1,0,1,83,0,,47,0,,,0,walked_into_fire,0,40,40,0,-2,43,0.4819,286,0.002553,20,20,fire_reached_bot,0,66,47,19,-18,46,0.4458,,0.093694,,36,fire_reached_bot,0,53,47,6,-5,42,0.4940,,0.098374,36,,fire_reached_bot,0,66,47,19,-18,46,0.4458,,10.123812,-1,36,66,0,47,19,,no_path,0,,Bot1|Bot2|Bot3|Bot4,0,1
142,0.50,75,440,216244798,858947628,3652,0.649244,509,1403,47-4,42-58,32-25,87,59,40,36,61,43,1,0,1,87,0,,106,1,89,17,0,walked_into_fire,0,44,44,0,-2,43,0.5057,489,0.003638,38,35,fire_reached_bot,0,102,102,0,0,3,0.9655,2490,0.078613,,35,fire_reached_bot,0,104,102,2,0,5,0.9425,2560,0.117132,35,,fire_reached_bot,0,102,102,0,0,3,0.9655,2490,12.641214,-1,35,102,23,79,0,0.99,risk_path,0,,Bot1|Bot2|Bot3|Bot4,0,1
143,0.50,75,440,1035138522,1426829652,3638,0.646756,509,1403,25-73,20-22,66-72,76,56,68,42,98,96,0,0,1,76,1,76,179,1,76,103,1,button,1,76,76,0,89,0,1.0000,544,0.005737,-1,-1,button,1,76,76,0,89,0,1.0000,544,0.034569,,-1,button,1,76,76,0,89,0,1.0000,544,0.037632,-1,,button,1,76,76,0,89,0,1.0000,544,8.551356,-1,-1,76,0,0,0,0.4,risk_path,4,Bot1|Bot2|Bot3|Bot4,,1,0
144,0.50,75,440,833741974,2067007930,3647,0.648356,507,1395,18-23,49-6,31-6,66,48,50,30,28,18,1,0,1,66,0,,53,0,,,0,fire_reached_bot,0,37,37,0,0,29,0.5606,177,0.001371,-1,36,fire_reached_bot,0,37,37,0,0,29,0.5606,177,0.008246,,36,fire_reached_bot,0,54,53,1,0,25,0.6212,,0.031583,36,,fire_reached_bot,0,37,37,0,0,29,0.5606,177,6.073302,-1,36,37,0,37,0,,shortest_path_fallback,0,,Bot1|Bot2|Bot3|Bot4,0,1
145,0.50,75,440,2337670084,113731334,3646,0.648178,502,1417,55-29,37-24,34-37,45,23,45,29,28,16,1,0,1,45,0,,57,1,45,12,1,button,1,45,45,0,6,0,1.0000,498,0.003307,-1,-1,button,1,45,45,0,6,0,1.0000,498,0.012077,,-1,button,1,45,45,0,6,0,1.0000,498,0.014187,-1,,button,1,45,45,0,6,0,1.0000,498,3.408118,-1,-1,45,9,18,0,0.99,risk_path,4,Bot1|Bot2|Bot3|Bot4,,1,0
146,0.50,75,440,1787649367,1167024077,3657,0.650133,512,1392,14-28,1-15,50-67,26,26,83,75,107,101,0,0,1,26,1,26,195,1,26,169,1,button,1,26,26,0,148,0,1.0000,97,0.000699,-1,-1,button,1,26,26,0,148,0,1.0000,97,0.001673,,-1,button,1,26,26,0,148,0,1.0000,97,0.002071,-1,,button,1,26,26,0,148,0,1.0000,97,1.186529,-1,-1,26,0,0,0,0.4,risk_path,4,Bot1|Bot2|Bot3|Bot4,,1,0
147,0.50,75,440,979999953,4214328274,3643,0.647644,509,1369,73-50,6-59,2-35,108,76,110,86,54,28,1,0,1,108,0,,108,0,,,0,walked_into_fire,0,86,86,0,-2,22,0.7963,931,0.009823,86,83,fire_reached_bot,0,89,85,4,0,23,0.7870,1012,0.075513,,83,fire_reached_bot,0,127,108,19,-18,30,0.7222,,0.203403,83,,fire_reached_bot,0,89,85,4,0,23,0.7870,1012,15.663752,-1,83,89,0,85,4,,no_path,0,,Bot1|Bot2|Bot3|Bot4,0,1
148,0.50,75,440,1054847335,3500475643,3631,0.645511,510,1332,16-42,50-74,65-40,70,66,67,51,55,49,1,0,1,70,0,,115,1,70,45,1,button,1,70,70,0,38,0,1.0000,908,0.006510,-1,-1,button,1,70,70,0,38,0,1.0000,908,0.015165,,-1,button,1,70,70,0,38,0,1.0000,908,0.022124,-1,,button,1,70,70,0,38,0,1.0000,908,6.680065,49,49,70,0,0,0,0.4,risk_path,4,Bot1|Bot2|Bot3|Bot4,,1,0
149,0.50,75,440,175257072,1831328636,3645,0.648000,497,1375,51-67,36-24,24-26,78,58,76,68,16,14,1,0,1,78,0,,44,0,,,0,fire_reached_bot,0,56,56,0,-11,22,0.7179,,0.005994,42,42,fire_reached_bot,0,88,41,47,-43,37,0.5256,,0.203577,,-1,fire_reached_bot,0,88,41,47,-43,37,0.5256,,0.376160,-1,,fire_reached_bot,0,88,41,47,-43,37,0.5256,,7.155613,-1,-1,88,0,41,47,,no_path,0,,Bot1|Bot2|Bot3|Bot4,0,1
150,0.50,75,440,782275208,1449296483,3626,0.644622,490,1345,36-22,61-74,74-15,91,77,59,45,76,72,1,0,1,91,0,,148,1,91,57,1,button,1,91,91,0,51,0,1.0000,1063,0.019068,-1,-1,button,1,91,91,0,51,0,1.0000,1063,0.047824,,-1,button,1,91,91,0,51,0,1.0000,1063,0.052436,-1,,button,1,91,91,0,49,0,1.0000,1063,10.619566,10,10,91,0,0,0,0.4,risk_path,4,Bot1|Bot2|Bot3|Bot4,,1,0
151,0.50,75,440,1315622670,76071239,3641,0.647289,502,1361,31-53,41-5,48-29,80,58,61,41,35,31,1,0,1,80,0,,55,0,,,0,fire_reached_bot,0,40,40,0,0,40,0.5000,258,0.002599,39,39,fire_reached_bot,0,66,52,14,-10,38,0.5250,,0.089658,,-1,fire_reached_bot,0,66,52,14,-10,38,0.5250,,0.155079,-1,,fire_reached_bot,0,66,52,14,-10,38,0.5250,,8.673778,-1,-1,66,0,52,14,,no_path,0,,Bot1|Bot2|Bot3|Bot4,0,1
152,0.50,75,440,3579991625,3229194548,3608,0.641422,497,1331,48-13,34-13,13-45,32,14,69,67,65,53,0,0,1,32,1,32,106,1,32,74,1,button,1,32,32,0,66,0,1.0000,186,0.001143,-1,-1,button,1,32,32,0,66,0,1.0000,186,0.004814,,-1,button,1,32,32,0,66,0,1.0000,186,0.004963,-1,,button,1,32,32,0,66,0,1.0000,186,1.646026,-1,-1,32,0,0,0,0.4,risk_path,4,Bot1|Bot2|Bot3|Bot4,,1,0
153,0.50,75,440,3847139812,3509606694,3641,0.647289,498,1353,5-25,63-60,7-65,105,93,70,42,91,61,1,0,1,105,0,,176,1,105,71,1,button,1,105,105,0,23,0,1.0000,1062,0.014048,-1,-1,button,1,105,105,0,23,0,1.0000,1062,0.077363,,-1,button,1,105,105,0,23,0,1.0000,1062,0.087674,-1,,button,1,105,105,0,23,0,1.0000,1062,14.339442,16,16,105,0,0,0,0.4,risk_path,4,Bot1|Bot2|Bot3|Bot4,,1,0
154,0.50,75,440,3024991366,1532867464,3642,0.647467,510,1382,14-15,44-47,50-59,66,62,86,80,20,18,1,0,1,66,0,,40,0,,,0,walked_into_fire,0,58,58,0,-17,8,0.8788,,0.004388,41,41,fire_reached_bot,0,86,40,46,-45,26,0.6061,,0.234607,,-1,fire_reached_bot,0,86,40,46,-45,26,0.6061,,0.394206,-1,,fire_reached_bot,0,86,40,46,-45,26,0.6061,,6.079852,-1,-1,86,0,40,46,,no_path,0,,Bot1|Bot2|Bot3|Bot4,0,1
155,0.50,75,440,77398656,2952771356,3656,0.649956,502,1378,31-28,68-3,37-6,66,62,34,28,46,34,1,0,1,66,0,,97,1,66,31,1,button,1,66,66,0,16,0,1.0000,743,0.005963,-1,-1,button,1,66,66,0,16,0,1.0000,743,0.013546,,-1,button,1,66,66,0,16,0,1.0000,743,0.019357,-1,,button,1,66,66,0,19,0,1.0000,743,7.057159,35,35,66,8,8,0,0.99,risk_path,4,Bot1|Bot2|Bot3|Bot4,,1,0
156,0.50,75,440,1479374087,890278548,3637,0.646578,485,1364,25-27,72-41,49-50,75,61,57,47,46,32,1,0,1,75,0,,90,1,75,15,0,fire_reached_bot,0,43,43,0,0,32,0.5733,270,0.002443,40,39,fire_reached_bot,0,94,90,4,-3,17,0.7733,,0.042544,,39,fire_reached_bot,0,106,90,16,-15,13,0.8267,,0.071893,39,,fire_reached_bot,0,94,90,4,-3,17,0.7733,,11.113307,-1,39,94,1,89,4,0.99,no_path,0,,Bot1|Bot2|Bot3|Bot4,0,1
157,0.50,75,440,2224295823,2491851967,3652,0.649244,510,1364,9-52,44-18,52-33,75,69,76,62,25,23,1,0,1,75,0,,43,0,,,0,walked_into_fire,0,54,54,0,-10,21,0.7200,,0.005526,44,44,fire_reached_bot,0,72,43,29,-28,32,0.5733,,0.130050,,-1,fire_reached_bot,0,72,43,29,-28,32,0.5733,,0.245562,-1,,fire_reached_bot,0,72,43,29,-28,32,0.5733,,6.674196,-1,-1,72,0,43,29,,no_path,0,,Bot1|Bot2|Bot3|Bot4,0,1
158,0.50,75,440,4250350007,863802251,3634,0.646044,516,1368,52-14,14-5,70-62,57,47,82,66,123,113,0,0,1,57,1,57,225,1,57,168,1,button,1,57,57,0,140,0,1.0000,337,0.003674,-1,-1,button,1,57,57,0,140,0,1.0000,337,0.009493,,-1,button,1,57,57,0,140,0,1.0000,337,0.011632,-1,,button,1,57,57,0,140,0,1.0000,337,5.109106,-1,-1,57,0,0,0,0.4,risk_path,4,Bot1|Bot2|Bot3|Bot4,,1,0
159,0.50,75,440,1797411092,3333033759,3625,0.644444,505,1318,69-22,18-54,2-51,89,83,106,96,21,19,1,0,1,89,0,,41,0,,,0,fire_reached_bot,0,70,70,0,-28,19,0.7865,,0.005143,42,42,fire_reached_bot,0,114,41,73,-72,48,0.4607,,0.348518,,-1,fire_reached_bot,0,114,41,73,-72,48,0.4607,,0.695965,-1,,fire_reached_bot,0,114,41,73,-72,48,0.4607,,10.101202,-1,-1,114,0,41,73,,no_path,0,,Bot1|Bot2|Bot3|Bot4,0,1
160,0.50,75,440,2622103724,4030296821,3630,0.645333,510,1345,71-28,17-69,71-57,103,95,41,29,98,66,1,0,1,103,0,,167,1,103,64,1,button,1,103,103,0,42,0,1.0000,1239,0.017007,-1,-1,button,1,103,103,0,42,0,1.0000,1239,0.092359,,-1,button,1,103,103,0,42,0,1.0000,1239,0.098244,-1,,button,1,103,103,0,30,0,1.0000,1239,13.406362,16,16,103,0,0,0,0.4,risk_path,4,Bot1|Bot2|Bot3|Bot4,,1,0
161,0.50,75,440,2317555799,151919511,3653,0.649422,497,1386,39-11,9-48,34-21,71,67,19,15,58,52,1,0,1,71,0,,107,1,71,36,1,button,1,71,71,0,2,0,1.0000,1028,0.007709,-1,16,button,1,71,71,0,2,0,1.0000,1028,0.020130,,16,fire_reached_bot,0,18,18,0,0,55,0.2254,71,0.011463,16,,button,1,71,71,0,2,0,1.0000,1028,6.987713,-1,16,71,13,2,0,0.99,risk_path,3,Bot1|Bot2|Bot4,Bot3,0,0
162,0.50,75,440,197254622,1131390103,3628,0.644978,492,1357,64-4,48-48,10-59,78,60,119,109,69,49,1,0,1,78,0,,135,1,78,57,1,button,1,78,78,0,55,0,1.0000,641,0.009848,-1,-1,button,1,78,78,0,55,0,1.0000,641,0.035837,,-1,button,1,78,78,0,55,0,1.0000,641,0.040993,-1,,button,1,78,78,0,55,0,1.0000,641,9.611154,-1,-1,78,0,0,0,0.4,risk_path,4,Bot1|Bot2|Bot3|Bot4,,1,0
163,0.50,75,440,2939572986,872181782,3637,0.646578,492,1354,24-49,24-6,26-14,61,43,47,37,26,10,1,0,1,61,0,,48,0,,,0,walked_into_fire,0,32,32,0,-1,29,0.5246,205,0.002295,27,23,fire_reached_bot,0,65,43,22,-16,40,0.3443,,0.124591,,23,fire_reached_bot,0,51,43,8,-2,32,0.4754,,0.108864,23,,fire_reached_bot,0,65,43,22,-16,40,0.3443,,6.914646,-1,23,65,0,43,22,,no_path,0,,Bot1|Bot2|Bot3|Bot4,0,1
164,0.50,75,440,318478055,3662582948,3642,0.647467,515,1402,71-51,66-61,54-8,21,15,76,60,89,65,0,0,1,21,1,21,173,1,21,152,1,button,1,21,21,0,130,0,1.0000,47,0.000562,-1,-1,button,1,21,21,0,130,0,1.0000,47,0.001281,,-1,button,1,21,21,0,130,0,1.0000,47,0.001383,-1,,button,1,21,21,0,130,0,1.0000,47,0.891115,-1,-1,21,0,0,0,0.4,risk_path,4,Bot1|Bot2|Bot3|Bot4,,1,0
165,0.50,75,440,4153650681,247554762,3644,0.647822,510,1382,64-68,47-30,67-69,71,55,10,4,81,59,0,0,1,71,1,71,130,1,71,59,1,button,1,71,71,0,16,0,1.0000,518,0.005263,-1,-1,button,1,71,71,0,16,0,1.0000,518,0.027889,,-1,button,1,71,71,0,16,0,1.0000,518,0.031167,-1,,button,1,71,71,0,16,0,1.0000,518,8.398163,-1,-1,71,0,0,0,0.4,risk_path,4,Bot1|Bot2|Bot3|Bot4,,1,0
166,0.50,75,440,3449166865,1705888709,3633,0.645867,507,1380,4-1,11-58,21-60,82,64,84,76,34,12,1,0,1,82,0,,87,0,,,0,fire_reached_bot,0,56,56,0,0,26,0.6829,637,0.004490,54,54,fire_reached_bot,0,99,77,22,-11,41,0.5000,,0.120586,,55,fire_reached_bot,0,103,77,26,-15,37,0.5488,,0.198318,55,,fire_reached_bot,0,99,77,22,-11,41,0.5000,,11.314680,-1,55,99,0,77,22,,no_path,0,,Bot1|Bot2|Bot3|Bot4,0,1
167,0.50,75,440,922269232,2098977963,3647,0.648356,511,1360,13-1,33-41,63-8,76,60,65,57,65,63,1,0,1,76,0,,116,1,76,40,1,button,1,76,76,0,32,0,1.0000,864,0.008826,-1,-1,button,1,76,76,0,32,0,1.0000,864,0.037825,,-1,button,1,76,76,0,32,0,1.0000,864,0.043468,-1,,button,1,76,76,0,32,0,1.0000,864,8.214845,26,26,76,0,0,0,0.4,risk_path,4,Bot1|Bot2|Bot3|Bot4,,1,0
168,0.50,75,440,544612032,2877135198,3672,0.652800,519,1443,73-8,4-23,58-24,108,84,33,31,77,55,1,0,1,108,0,,139,1,108,31,1,button,1,108,108,0,10,0,1.0000,2187,0.030814,-1,-1,button,1,108,108,0,10,0,1.0000,2187,0.104354,,-1,button,1,108,108,0,10,0,1.0000,2187,0.139425,-1,,button,1,108,108,0,10,0,1.0000,2187,12.253055,57,57,108,12,24,0,0.99,risk_path,4,Bot1|Bot2|Bot3|Bot4,,1,0
169,0.50,75,440,3778881665,2740835865,3659,0.650489,524,1370,53-11,25-60,12-64,89,77,106,94,17,17,1,0,1,89,0,,38,0,,,0,walked_into_fire,0,69,69,0,-30,20,0.7753,,0.008481,39,39,fire_reached_bot,0,110,38,72,-71,51,0.4270,,0.337051,,-1,fire_reached_bot,0,110,38,72,-71,51,0.4270,,0.652371,-1,,fire_reached_bot,0,110,38,72,-71,51,0.4270,,8.910263,-1,-1,110,0,38,72,,no_path,0,,Bot1|Bot2|Bot3|Bot4,0,1
170,0.50,75,440,229250927,3518222234,3643,0.647644,495,1356,14-12,17-54,46-5,67,45,45,39,78,78,0,0,1,67,1,67,128,1,67,61,1,button,1,67,67,0,61,0,1.0000,749,0.005737,-1,-1,button,1,67,67,0,61,0,1.0000,749,0.022986,,-1,button,1,67,67,0,61,0,1.0000,749,0.028471,-1,,button,1,67,67,0,61,0,1.0000,749,6.670273,26,26,67,0,0,0,0.4,risk_path,4,Bot1|Bot2|Bot3|Bot4,,1,0
171,0.50,75,440,1085318485,4112605803,3639,0.646933,508,1381,36-73,72-19,35-7,98,90,87,67,55,49,1,0,1,98,0,,92,0,,,0,walked_into_fire,0,75,75,0,-1,23,0.7653,906,0.009187,75,75,fire_reached_bot,0,100,91,9,-7,29,0.7041,,0.113956,,-1,fire_reached_bot,0,100,91,9,-7,29,0.7041,,0.150673,-1,,fire_reached_bot,0,100,91,9,-7,29,0.7041,,13.568861,-1,-1,100,0,91,9,,no_path,0,,Bot1|Bot2|Bot3|Bot4,0,1
172,0.50,75,440,1943131252,2533243586,3649,0.648711,504,1361,49-28,24-40,33-20,43,37,28,24,33,29,1,0,1,43,0,,56,1,43,13,1,button,1,43,43,0,8,0,1.0000,533,0.002750,-1,-1,button,1,43,43,0,8,0,1.0000,533,0.010579,,-1,button,1,43,43,0,8,0,1.0000,533,0.010351,-1,,button,1,43,43,0,8,0,1.0000,533,3.009525,-1,-1,43,4,0,0,0.99,risk_path,4,Bot1|Bot2|Bot3|Bot4,,1,0
173,0.50,75,440,815405907,3357921857,3626,0.644622,501,1351,17-10,2-58,1-70,77,63,88,76,23,13,1,0,1,77,0,,32,0,,,0,walked_into_fire,0,58,58,0,-25,19,0.7532,,0.003322,25,25,fire_reached_bot,0,112,24,88,-79,53,0.3117,,0.462155,,-1,fire_reached_bot,0,112,24,88,-79,53,0.3117,,0.795465,-1,,fire_reached_bot,0,112,24,88,-79,53,0.3117,,6.230314,-1,-1,112,0,24,88,,no_path,0,,Bot1|Bot2|Bot3|Bot4,0,1
174,0.50,75,440,2300978891,2614612160,3647,0.648356,501,1375,29-35,5-65,18-74,54,54,60,50,26,22,1,0,1,54,0,,48,0,,,0,fire_reached_bot,0,37,37,0,0,17,0.6852,154,0.001334,-1,36,fire_reached_bot,0,37,37,0,0,17,0.6852,154,0.007615,,36,fire_reached_bot,0,51,39,12,-2,23,0.5741,,0.134325,36,,fire_reached_bot,0,37,37,0,0,17,0.6852,154,4.644163,-1,36,37,0,37,0,,shortest_path_fallback,0,,Bot1|Bot2|Bot3|Bot4,0,1
175,0.50,75,440,2018207897,3314081923,3620,0.643556,501,1355,16-10,53-27,60-70,66,54,122,104,56,50,1,0,1,66,0,,105,1,66,39,1,button,1,66,66,0,39,0,1.0000,622,0.005461,-1,-1,button,1,66,66,0,39,0,1.0000,622,0.022656,,-1,button,1,66,66,0,39,0,1.0000,622,0.026782,-1,,button,1,66,66,0,39,0,1.0000,622,6.917839,23,23,66,0,0,0,0.4,risk_path,4,Bot1|Bot2|Bot3|Bot4,,1,0
176,0.50,75,440,2818097894,3512310857,3632,0.645689,509,1342,11-44,26-37,59-48,46,22,74,52,66,44,0,0,1,46,1,46,132,1,46,86,1,button,1,46,46,0,73,0,1.0000,214,0.001752,-1,-1,button,1,46,46,0,73,0,1.0000,214,0.012333,,-1,button,1,46,46,0,73,0,1.0000,214,0.012751,-1,,button,1,46,46,0,73,0,1.0000,214,3.754244,6,6,46,0,0,0,0.4,risk_path,4,Bot1|Bot2|Bot3|Bot4,,1,0
177,0.50,75,440,2027427399,1220179851,3630,0.645333,486,1356,30-38,73-15,50-71,66,66,63,53,95,79,0,0,1,66,1,66,195,1,66,129,1,button,1,66,66,0,101,0,1.0000,273,0.001801,-1,-1,button,1,66,66,0,101,0,1.0000,273,0.008204,,-1,button,1,66,66,0,101,0,1.0000,273,0.009600,-1,,button,1,66,66,0,101,0,1.0000,273,7.001511,37,37,66,0,0,0,0.4,risk_path,4,Bot1|Bot2|Bot3|Bot4,,1,0
178,0.50,75,440,3599993327,1032513067,3649,0.648711,514,1379,52-28,3-70,60-5,101,91,39,31,122,122,0,0,1,101,1,101,205,1,101,104,1,button,1,101,101,0,61,0,1.0000,1310,0.015300,-1,-1,button,1,101,101,0,61,0,1.0000,1310,0.045825,,-1,button,1,101,101,0,61,0,1.0000,1310,0.059549,-1,,button,1,101,101,0,61,0,1.0000,1310,12.792858,-1,-1,101,0,0,0,0.4,risk_path,4,Bot1|Bot2|Bot3|Bot4,,1,0
179,0.50,75,440,2543364003,1899170686,3632,0.645689,503,1387,41-38,55-52,67-5,34,28,63,59,69,59,0,0,1,34,1,34,141,1,34,107,1,button,1,34,34,0,102,0,1.0000,98,0.000724,-1,-1,button,1,34,34,0,102,0,1.0000,98,0.003440,,-1,button,1,34,34,0,102,0,1.0000,98,0.003677,-1,,button,1,34,34,0,102,0,1.0000,98,2.069978,19,19,34,0,0,0,0.4,risk_path,4,Bot1|Bot2|Bot3|Bot4,,1,0
180,0.50,75,440,1116830270,123999137,3635,0.646222,502,1362,41-21,71-69,61-69,92,78,78,68,30,10,1,0,1,92,0,,60,0,,,0,fire_reached_bot,0,50,50,0,0,42,0.5435,238,0.003144,29,29,fire_reached_bot,0,81,28,53,-20,64,0.3043,,0.298332,,-1,fire_reached_bot,0,81,28,53,-20,64,0.3043,,0.517148,-1,,fire_reached_bot,0,81,28,53,-20,64,0.3043,,7.374754,-1,-1,81,0,28,53,,no_path,0,,Bot1|Bot2|Bot3|Bot4,0,1
181,0.50,75,440,4129245186,2777447817,3675,0.653333,520,1414,58-11,69-10,38-59,16,12,74,68,86,80,0,0,1,16,1,16,162,1,16,146,1,button,1,16,16,0,133,0,1.0000,33,0.000295,-1,-1,button,1,16,16,0,133,0,1.0000,33,0.000770,,-1,button,1,16,16,0,133,0,1.0000,33,0.000852,-1,,button,1,16,16,0,133,0,1.0000,33,0.507973,2,2,16,0,0,0,0.4,risk_path,4,Bot1|Bot2|Bot3|Bot4,,1,0
182,0.50,75,440,699038936,1084992602,3641,0.647289,516,1390,25-21,56-28,5-35,46,38,36,34,74,58,0,0,1,46,1,46,137,1,46,91,1,button,1,46,46,0,70,0,1.0000,295,0.001913,-1,-1,button,1,46,46,0,70,0,1.0000,295,0.007402,,-1,button,1,46,46,0,70,0,1.0000,295,0.007697,-1,,button,1,46,46,0,70,0,1.0000,295,3.458390,18,18,46,0,0,0,0.4,risk_path,4,Bot1|Bot2|Bot3|Bot4,,1,0
183,0.50,75,440,3412191491,4070376951,3637,0.646578,496,1387,62-44,41-67,63-45,54,44,2,2,56,44,0,0,1,54,1,54,94,1,54,40,1,button,1,54,54,0,2,0,1.0000,669,0.004563,-1,-1,button,1,54,54,0,2,0,1.0000,669,0.013391,,-1,button,1,54,54,0,2,0,1.0000,669,0.017201,-1,,button,1,54,54,0,2,0,1.0000,669,4.435409,-1,-1,54,0,0,0,0.4,risk_path,4,Bot1|Bot2|Bot3|Bot4,,1,0
184,0.50,75,440,1126362104,2531367481,3631,0.645511,503,1386,31-17,21-48,48-3,53,41,39,31,78,72,0,0,1,53,1,53,147,1,53,94,1,button,1,53,53,0,65,0,1.0000,301,0.002191,-1,-1,button,1,53,53,0,65,0,1.0000,301,0.010431,,-1,button,1,53,53,0,65,0,1.0000,301,0.012076,-1,,button,1,53,53,0,65,0,1.0000,301,4.359964,-1,-1,53,0,0,0,0.4,risk_path,4,Bot1|Bot2|Bot3|Bot4,,1,0
185,0.50,75,440,3977488963,3994077294,3647,0.648356,515,1343,30-40,24-6,35-13,52,40,46,32,18,18,1,0,1,52,0,,28,0,,,0,fire_reached_bot,0,37,37,0,-8,15,0.7115,,0.002034,26,26,fire_reached_bot,0,51,25,26,-22,27,0.4808,,0.126269,,-1,fire_reached_bot,0,51,25,26,-22,27,0.4808,,0.244958,-1,,fire_reached_bot,0,51,25,26,-22,27,0.4808,,3.998103,-1,-1,51,0,25,26,,no_path,0,,Bot1|Bot2|Bot3|Bot4,0,1
186,0.50,75,440,2126553979,2609949610,3626,0.644622,490,1334,13-61,42-74,58-35,42,42,73,71,61,55,0,0,1,42,1,42,121,1,42,79,1,button,1,42,42,0,79,0,1.0000,308,0.001710,-1,-1,button,1,42,42,0,79,0,1.0000,308,0.004986,,-1,button,1,42,42,0,79,0,1.0000,308,0.006578,-1,,button,1,42,42,0,79,0,1.0000,308,2.926076,6,6,42,0,0,0,0.4,risk_path,4,Bot1|Bot2|Bot3|Bot4,,1,0
187,0.50,75,440,604629814,3122588556,3651,0.649067,512,1393,42-22,48-26,40-11,12,10,19,13,31,23,0,0,1,12,1,12,54,1,12,42,1,button,1,12,12,0,28,0,1.0000,41,0.000224,-1,-1,button,1,12,12,0,28,0,1.0000,41,0.000444,,-1,button,1,12,12,0,28,0,1.0000,41,0.000541,-1,,button,1,12,12,0,28,0,1.0000,41,0.316754,-1,-1,12,0,0,0,0.4,risk_path,4,Bot1|Bot2|Bot3|Bot4,,1,0
188,0.50,75,440,2717215071,3838181151,3669,0.652267,516,1402,4-12,43-12,69-67,83,39,120,120,91,81,0,0,1,83,1,83,177,1,83,94,1,button,1,83,83,0,89,0,1.0000,734,0.008879,-1,-1,button,1,83,83,0,89,0,1.0000,734,0.064896,,-1,button,1,83,83,0,89,0,1.0000,734,0.070159,-1,,button,1,83,83,0,89,0,1.0000,734,10.101452,34,34,83,0,0,0,0.4,risk_path,4,Bot1|Bot2|Bot3|Bot4,,1,0
189,0.50,75,440,899400218,1033562852,3653,0.649422,519,1408,15-65,68-61,7-10,91,57,95,63,132,112,0,0,1,91,1,91,245,1,91,154,1,button,1,91,91,0,135,0,1.0000,356,0.004052,-1,-1,button,1,91,91,0,135,0,1.0000,356,0.035839,,-1,button,1,91,91,0,135,0,1.0000,356,0.040566,-1,,button,1,91,91,0,135,0,1.0000,356,13.732500,22,22,91,0,0,0,0.4,risk_path,4,Bot1|Bot2|Bot3|Bot4,,1,0
190,0.50,75,440,3481980839,2844192455,3636,0.646400,506,1365,69-53,58-13,16-44,61,51,78,62,77,73,0,0,1,61,1,61,133,1,61,72,1,button,1,61,61,0,61,0,1.0000,923,0.007257,-1,-1,button,1,61,61,0,61,0,1.0000,923,0.019470,,-1,button,1,61,61,0,61,0,1.0000,923,0.029001,-1,,button,1,61,61,0,61,0,1.0000,923,5.516891,-1,-1,61,0,0,0,0.4,risk_path,4,Bot1|Bot2|Bot3|Bot4,,1,0
191,0.50,75,440,1615916817,2432315316,3635,0.646222,508,1385,2-12,63-7,37-53,84,66,84,76,96,72,0,0,1,84,1,84,159,1,84,75,1,button,1,84,84,0,75,0,1.0000,1516,0.013243,-1,-1,button,1,84,84,0,75,0,1.0000,1516,0.032408,,-1,button,1,84,84,0,75,0,1.0000,1516,0.052151,-1,,button,1,84,84,0,75,0,1.0000,1516,9.443493,4,4,84,0,0,0,0.4,risk_path,4,Bot1|Bot2|Bot3|Bot4,,1,0
192,0.50,75,440,3898521735,118069459,3640,0.647111,503,1357,65-51,13-31,35-4,78,72,95,77,65,49,1,0,1,78,0,,109,1,78,31,1,button,1,78,78,0,28,0,1.0000,617,0.005299,-1,-1,button,1,78,78,0,28,0,1.0000,617,0.025588,,-1,button,1,78,78,0,28,0,1.0000,617,0.033218,-1,,button,1,78,78,0,28,0,1.0000,617,9.910251,-1,-1,78,0,0,0,0.4,risk_path,4,Bot1|Bot2|Bot3|Bot4,,1,0
193,0.50,75,440,2444658365,2126892776,3649,0.648711,505,1399,33-16,18-42,60-74,45,41,103,85,80,74,0,0,1,45,1,45,145,1,45,100,1,button,1,45,45,0,84,0,1.0000,370,0.002591,-1,-1,button,1,45,45,0,84,0,1.0000,370,0.007904,,-1,button,1,45,45,0,84,0,1.0000,370,0.010767,-1,,button,1,45,45,0,84,0,1.0000,370,3.314129,-1,-1,45,0,0,0,0.4,risk_path,4,Bot1|Bot2|Bot3|Bot4,,1,0
194,0.50,75,440,2214062488,49670459,3680,0.654222,504,1424,54-28,6-56,20-24,80,76,58,38,60,46,1,0,1,80,0,,107,1,80,27,1,button,1,80,80,0,15,0,1.0000,1398,0.014076,-1,-1,button,1,80,80,0,15,0,1.0000,1398,0.039857,,-1,button,1,80,80,0,15,0,1.0000,1398,0.055433,-1,,button,1,80,80,0,18,0,1.0000,1398,9.840343,42,42,80,15,19,0,0.99,risk_path,4,Bot1|Bot2|Bot3|Bot4,,1,0
195,0.50,75,440,1449191703,2718877568,3592,0.638578,491,1324,33-21,17-58,26-24,55,53,12,10,53,43,1,0,1,55,0,,104,1,55,49,1,button,1,55,55,0,15,0,1.0000,535,0.002973,-1,-1,button,1,55,55,0,15,0,1.0000,535,0.009175,,-1,button,1,55,55,0,15,0,1.0000,535,0.012337,-1,,button,1,55,55,0,15,0,1.0000,535,4.649928,-1,-1,55,0,0,0,0.4,risk_path,4,Bot1|Bot2|Bot3|Bot4,,1,0
196,0.50,75,440,2745450280,3961164760,3646,0.648178,520,1434,24-70,36-17,51-9,95,65,110,88,25,23,1,0,1,95,0,,44,0,,,0,fire_reached_bot,0,77,77,0,-32,18,0.8105,,0.009130,45,45,fire_reached_bot,0,127,44,83,-82,51,0.4632,,0.343838,,-1,fire_reached_bot,0,127,44,83,-82,51,0.4632,,0.689743,-1,,fire_reached_bot,0,127,44,83,-82,51,0.4632,,10.720102,-1,-1,127,0,44,83,,no_path,0,,Bot1|Bot2|Bot3|Bot4,0,1
197,0.50,75,440,1134599302,4132178095,3653,0.649422,495,1397,20-37,62-2,57-46,77,77,56,46,65,49,1,0,1,77,0,,114,1,77,37,1,button,1,77,77,0,27,0,1.0000,1165,0.010119,-1,-1,button,1,77,77,0,27,0,1.0000,1165,0.023310,,-1,button,1,77,77,0,27,0,1.0000,1165,0.034208,-1,,button,1,77,77,0,27,0,1.0000,1165,8.095243,20,20,77,0,0,0,0.4,risk_path,4,Bot1|Bot2|Bot3|Bot4,,1,0
198,0.50,75,440,3387618525,4213744687,3637,0.646578,501,1335,25-12,26-27,73-32,32,16,80,68,70,52,0,0,1,32,1,32,119,1,32,87,1,button,1,32,32,0,87,0,1.0000,192,0.001087,-1,-1,button,1,32,32,0,87,0,1.0000,192,0.002974,,-1,button,1,32,32,0,87,0,1.0000,192,0.003750,-1,,button,1,32,32,0,87,0,1.0000,192,2.310214,-1,-1,32,0,0,0,0.4,risk_path,4,Bot1|Bot2|Bot3|Bot4,,1,0
199,0.50,75,440,3963364150,1255751458,3646,0.648178,503,1378,31-11,73-33,7-36,76,64,53,49,91,69,0,0,1,76,1,76,188,1,76,112,1,button,1,76,76,0,71,0,1.0000,824,0.007687,-1,-1,button,1,76,76,0,71,0,1.0000,824,0.025123,,-1,button,1,76,76,0,71,0,1.0000,824,0.033477,-1,,button,1,76,76,0,88,0,1.0000,824,8.162684,1,1,76,0,0,0,0.4,risk_path,4,Bot1|Bot2|Bot3|Bot4,,1,0
200,0.50,75,440,687047578,4017936739,3628,0.644978,511,1337,27-51,69-32,8-40,65,61,30,30,79,69,0,0,1,65,1,65,132,1,65,67,1,button,1,65,65,0,30,0,1.0000,990,0.007567,-1,-1,button,1,65,65,0,30,0,1.0000,990,0.021345,,-1,button,1,65,65,0,30,0,1.0000,990,0.029193,-1,,button,1,65,65,0,30,0,1.0000,990,5.968993,16,16,65,0,0,0,0.4,risk_path,4,Bot1|Bot2|Bot3|Bot4,,1,0
201,0.50,75,440,3808654913,1437651723,3644,0.647822,506,1376,73-63,38-16,62-70,86,82,34,18,84,78,1,0,1,86,0,,151,1,86,65,1,button,1,86,86,0,20,0,1.0000,607,0.006791,-1,-1,button,1,86,86,0,20,0,1.0000,607,0.031460,,-1,button,1,86,86,0,20,0,1.0000,607,0.038615,-1,,button,1,86,86,0,20,0,1.0000,607,11.166621,9,9,86,0,0,0,0.4,risk_path,4,Bot1|Bot2|Bot3|Bot4,,1,0
202,0.50,75,440,479682215,117614757,3621,0.643733,510,1341,36-35,34-65,43-19,46,32,39,23,81,55,0,0,1,46,1,46,142,1,46,96,1,button,1,46,46,0,70,0,1.0000,236,0.001465,-1,-1,button,1,46,46,0,70,0,1.0000,236,0.008354,,-1,button,1,46,46,0,70,0,1.0000,236,0.009623,-1,,button,1,46,46,0,70,0,1.0000,236,3.446701,-1,-1,46,0,0,0,0.4,risk_path,4,Bot1|Bot2|Bot3|Bot4,,1,0
203,0.50,75,440,1496475200,4047105304,3645,0.648000,514,1350,51-1,14-73,56-29,117,109,43,33,88,86,1,0,1,117,0,,145,0,,,0,walked_into_fire,0,28,28,0,-1,89,0.2393,225,0.002287,23,22,fire_reached_bot,0,39,39,0,0,82,0.2991,481,0.043769,,22,fire_reached_bot,0,60,58,2,0,83,0.2906,1053,0.078464,22,,fire_reached_bot,0,39,39,0,0,82,0.2991,481,7.795121,-1,22,39,0,39,0,,shortest_path_fallback,0,,Bot1|Bot2|Bot3|Bot4,0,1
204,0.50,75,440,505044942,177768735,3649,0.648711,507,1385,16-40,65-14,63-49,81,75,68,56,65,37,1,0,1,81,0,,102,1,81,21,1,button,1,81,81,0,4,0,1.0000,1230,0.011994,-1,-1,button,1,81,81,0,4,0,1.0000,1230,0.036503,,-1,button,1,81,81,0,4,0,1.0000,1230,0.048810,-1,,button,1,81,81,0,2,0,1.0000,1230,9.867000,38,38,81,12,3,0,0.99,risk_path,4,Bot1|Bot2|Bot3|Bot4,,1,0
205,0.50,75,440,2592851329,1842348790,3662,0.651022,518,1377,6-43,55-29,67-0,81,63,112,104,51,41,1,0,1,81,0,,96,1,81,15,1,button,1,81,81,0,14,0,1.0000,456,0.005646,-1,-1,button,1,81,81,0,14,0,1.0000,456,0.040693,,-1,button,1,81,81,0,14,0,1.0000,456,0.044741,-1,,button,1,81,81,0,10,0,1.0000,456,12.656808,56,56,81,7,46,0,0.99,risk_path,4,Bot1|Bot2|Bot3|Bot4,,1,0
206,0.50,75,440,3837839052,4278048444,3662,0.651022,509,1415,49-20,41-20,45-66,10,8,62,50,64,50,0,0,1,10,1,10,123,1,10,113,1,button,1,10,10,0,105,0,1.0000,26,0.000173,-1,-1,button,1,10,10,0,105,0,1.0000,26,0.000411,,-1,button,1,10,10,0,105,0,1.0000,26,0.000321,-1,,button,1,10,10,0,105,0,1.0000,26,0.303054,1,1,10,0,0,0,0.4,risk_path,4,Bot1|Bot2|Bot3|Bot4,,1,0
207,0.50,75,440,4060788553,845069922,3646,0.648178,517,1375,13-16,67-34,60-28,86,72,81,59,13,13,1,0,1,86,0,,27,0,,,0,fire_reached_bot,0,51,51,0,-23,35,0.5930,,0.004402,26,26,fire_reached_bot,0,98,25,73,-70,61,0.2907,,0.342869,,-1,fire_reached_bot,0,98,25,73,-70,61,0.2907,,0.618570,-1,,fire_reached_bot,0,98,25,73,-70,61,0.2907,,6.676897,-1,-1,98,0,25,73,,no_path,0,,Bot1|Bot2|Bot3|Bot4,0,1
208,0.50,75,440,1921987437,1998653501,3636,0.646400,506,1373,74-46,4-55,7-25,107,79,108,88,45,33,1,0,1,107,0,,76,0,,,0,walked_into_fire,0,92,92,0,-15,15,0.8598,,0.013624,77,77,fire_reached_bot,0,96,76,20,-19,31,0.7103,,0.139547,,-1,fire_reached_bot,0,96,76,20,-19,31,0.7103,,0.235400,-1,,fire_reached_bot,0,96,76,20,-19,31,0.7103,,15.220620,-1,-1,96,0,76,20,,no_path,0,,Bot1|Bot2|Bot3|Bot4,0,1
209,0.50,75,440,2984244257,2435512816,3670,0.652444,500,1412,29-21,22-1,14-24,37,27,42,18,53,31,0,0,1,37,1,37,103,1,37,66,1,button,1,37,37,0,47,0,1.0000,172,0.000955,-1,-1,button,1,37,37,0,47,0,1.0000,172,0.004658,,-1,button,1,37,37,0,47,0,1.0000,172,0.005215,-1,,button,1,37,37,0,47,0,1.0000,172,2.319426,-1,-1,37,0,0,0,0.4,risk_path,4,Bot1|Bot2|Bot3|Bot4,,1,0
210,0.50,75,440,1735617669,2279655686,3643,0.647644,510,1392,61-49,6-10,2-50,100,94,80,60,72,44,1,0,1,100,0,,133,1,100,33,1,button,1,100,100,0,29,0,1.0000,1166,0.011995,-1,-1,button,1,100,100,0,29,0,1.0000,1166,0.055984,,-1,button,1,100,100,0,29,0,1.0000,1166,0.066455,-1,,button,1,100,100,0,29,0,1.0000,1166,14.939390,-1,-1,100,18,21,0,0.99,risk_path,4,Bot1|Bot2|Bot3|Bot4,,1,0
211,0.50,75,440,741719091,4088483574,3654,0.649600,511,1417,7-48,46-4,1-6,87,83,60,48,63,47,1,0,1,87,0,,121,1,87,34,1,button,1,87,87,0,16,0,1.0000,573,0.006146,-1,-1,button,1,87,87,0,16,0,1.0000,573,0.033190,,-1,button,1,87,87,0,16,0,1.0000,573,0.037557,-1,,button,1,87,87,0,34,0,1.0000,573,12.014704,29,29,87,4,4,0,0.99,risk_path,4,Bot1|Bot2|Bot3|Bot4,,1,0
212,0.50,75,440,43164127,71827648,3665,0.651556,501,1384,71-28,42-51,34-71,58,52,92,80,34,28,1,0,1,58,0,,65,1,58,7,1,button,1,58,58,0,7,0,1.0000,273,0.001866,-1,-1,button,1,58,58,0,7,0,1.0000,273,0.010874,,-1,button,1,58,58,0,7,0,1.0000,273,0.012193,-1,,button,1,58,58,0,7,0,1.0000,273,6.449905,-1,-1,58,11,20,0,0.99,risk_path,4,Bot1|Bot2|Bot3|Bot4,,1,0
213,0.50,75,440,1597394174,606359399,3657,0.650133,510,1407,65-30,32-37,23-68,54,40,86,80,52,40,1,0,1,54,0,,86,1,54,32,1,button,1,54,54,0,29,0,1.0000,495,0.003855,-1,-1,button,1,54,54,0,29,0,1.0000,495,0.012094,,-1,button,1,54,54,0,29,0,1.0000,495,0.014278,-1,,button,1,54,54,0,29,0,1.0000,495,4.537371,-1,-1,54,0,0,0,0.4,risk_path,4,Bot1|Bot2|Bot3|Bot4,,1,0
214,0.50,75,440,3435905294,2392089260,3647,0.648356,496,1383,21-73,38-43,5-63,65,47,30,26,71,53,0,0,1,65,1,65,134,1,65,69,1,button,1,65,65,0,29,0,1.0000,525,0.005382,-1,-1,button,1,65,65,0,29,0,1.0000,525,0.018692,,-1,button,1,65,65,0,29,0,1.0000,525,0.023739,-1,,button,1,65,65,0,29,0,1.0000,525,6.562919,2,2,65,0,0,0,0.4,risk_path,4,Bot1|Bot2|Bot3|Bot4,,1,0
215,0.50,75,440,538301983,4070519892,3626,0.644622,499,1356,51-64,36-73,37-37,50,24,51,41,51,37,0,0,1,50,1,50,88,1,50,38,1,button,1,50,50,0,32,0,1.0000,563,0.003261,-1,-1,button,1,50,50,0,32,0,1.0000,563,0.010737,,-1,button,1,50,50,0,32,0,1.0000,563,0.013704,-1,,button,1,50,50,0,32,0,1.0000,563,3.880847,39,39,50,0,0,0,0.4,risk_path,4,Bot1|Bot2|Bot3|Bot4,,1,0
216,0.50,75,440,1948681360,2814169751,3667,0.651911,505,1403,15-18,25-22,10-13,14,14,30,10,30,24,0,0,1,14,1,14,49,1,14,35,1,button,1,14,14,0,31,0,1.0000,33,0.000199,-1,-1,button,1,14,14,0,31,0,1.0000,33,0.000390,,-1,button,1,14,14,0,31,0,1.0000,33,0.000456,-1,,button,1,14,14,0,31,0,1.0000,33,0.405871,-1,-1,14,0,0,0,0.4,risk_path,4,Bot1|Bot2|Bot3|Bot4,,1,0
217,0.50,75,440,234546496,899763894,3644,0.647822,506,1364,33-28,9-36,33-5,44,32,45,23,61,55,0,0,1,44,1,44,115,1,44,71,1,button,1,44,44,0,58,0,1.0000,238,0.001594,-1,-1,button,1,44,44,0,58,0,1.0000,238,0.007555,,-1,button,1,44,44,0,58,0,1.0000,238,0.008398,-1,,button,1,44,44,0,58,0,1.0000,238,3.196062,43,43,44,0,0,0,0.4,risk_path,4,Bot1|Bot2|Bot3|Bot4,,1,0
218,0.50,75,440,2601635953,347498,3653,0.649422,506,1409,29-59,4-21,38-7,73,63,75,61,62,48,1,0,1,73,0,,110,1,73,37,1,button,1,73,73,0,32,0,1.0000,875,0.008024,-1,-1,button,1,73,73,0,32,0,1.0000,875,0.030687,,-1,button,1,73,73,0,32,0,1.0000,875,0.038815,-1,,button,1,73,73,0,25,0,1.0000,875,7.814993,60,60,73,0,0,0,0.4,risk_path,4,Bot1|Bot2|Bot3|Bot4,,1,0
219,0.50,75,440,1873523526,189957216,3638,0.646756,508,1348,47-9,28-54,6-25,72,64,71,57,51,51,1,0,1,72,0,,91,1,72,19,1,button,1,72,72,0,15,0,1.0000,714,0.006246,-1,-1,button,1,72,72,0,15,0,1.0000,714,0.022979,,-1,button,1,72,72,0,15,0,1.0000,714,0.034155,-1,,button,1,72,72,0,15,0,1.0000,714,8.705625,-1,-1,72,18,17,0,0.99,risk_path,4,Bot1|Bot2|Bot3|Bot4,,1,0
220,0.50,75,440,650066665,1525053087,3651,0.649067,495,1389,47-54,47-10,5-72,80,44,60,60,126,104,0,0,1,80,1,80,203,1,80,123,1,button,1,80,80,0,111,0,1.0000,541,0.006780,-1,-1,button,1,80,80,0,111,0,1.0000,541,0.047239,,-1,button,1,80,80,0,111,0,1.0000,541,0.064605,-1,,button,1,80,80,0,111,0,1.0000,541,9.444575,39,39,80,0,0,0,0.4,risk_path,4,Bot1|Bot2|Bot3|Bot4,,1,0
221,0.50,75,440,1404877065,2420011909,3640,0.647111,507,1408,54-38,31-51,53-61,38,36,34,24,34,32,1,0,1,38,0,,54,1,38,16,1,button,1,38,38,0,12,0,1.0000,349,0.001745,-1,-1,button,1,38,38,0,12,0,1.0000,349,0.003842,,-1,button,1,38,38,0,12,0,1.0000,349,0.006718,-1,,button,1,38,38,0,12,0,1.0000,349,2.282547,-1,-1,38,1,0,0,0.6,risk_path,4,Bot1|Bot2|Bot3|Bot4,,1,0
222,0.50,75,440,1871520942,110449919,3642,0.647467,513,1411,44-69,25-70,38-55,30,20,22,20,30,28,0,0,1,30,0,,45,1,30,15,1,button,1,30,30,0,11,0,1.0000,184,0.000982,-1,-1,button,1,30,30,0,11,0,1.0000,184,0.002280,,-1,button,1,30,30,0,11,0,1.0000,184,0.003547,-1,,button,1,30,30,0,11,0,1.0000,184,1.481085,-1,-1,30,0,0,0,0.4,risk_path,4,Bot1|Bot2|Bot3|Bot4,,1,0
223,0.50,75,440,1891869098,1845810528,3648,0.648533,505,1371,6-33,19-36,72-72,22,16,113,105,101,89,0,0,1,22,1,22,179,1,22,157,1,button,1,22,22,0,150,0,1.0000,44,0.000440,-1,-1,button,1,22,22,0,150,0,1.0000,44,0.001330,,-1,button,1,22,22,0,150,0,1.0000,44,0.001570,-1,,button,1,22,22,0,150,0,1.0000,44,0.864745,6,6,22,0,0,0,0.4,risk_path,4,Bot1|Bot2|Bot3|Bot4,,1,0
224,0.50,75,440,3946411396,399432510,3628,0.644978,507,1377,14-74,47-31,63-44,84,76,81,79,29,29,1,0,1,84,0,,41,0,,,0,fire_reached_bot,0,63,63,0,-21,21,0.7500,,0.006917,37,37,fire_reached_bot,0,109,36,73,-67,48,0.4286,,0.275988,,-1,fire_reached_bot,0,109,36,73,-67,48,0.4286,,0.583308,-1,,fire_reached_bot,0,109,36,73,-67,48,0.4286,,6.979460,-1,-1,109,0,36,73,,no_path,0,,Bot1|Bot2|Bot3|Bot4,0,1
225,0.50,75,440,395123674,1705726284,3633,0.645867,498,1354,41-14,11-70,23-1,104,86,31,31,101,81,1,0,1,104,0,,179,1,104,75,1,button,1,104,104,0,8,0,1.0000,1625,0.020418,-1,-1,button,1,104,104,0,8,0,1.0000,1625,0.083638,,-1,button,1,104,104,0,8,0,1.0000,1625,0.120922,-1,,button,1,104,104,0,8,0,1.0000,1625,13.218796,-1,-1,104,0,0,0,0.4,risk_path,4,Bot1|Bot2|Bot3|Bot4,,1,0
226,0.50,75,440,3383174174,417879336,3627,0.644800,505,1348,17-6,56-70,55-30,107,103,74,62,69,41,1,0,1,107,0,,118,1,107,11,1,button,1,107,107,0,4,0,1.0000,1973,0.024230,-1,-1,button,1,107,107,0,4,0,1.0000,1973,0.077573,,-1,button,1,107,107,0,4,0,1.0000,1973,0.124808,-1,,button,1,107,107,0,4,0,1.0000,1973,15.430880,60,60,107,3,57,0,0.99,risk_path,4,Bot1|Bot2|Bot3|Bot4,,1,0
227,0.50,75,440,3707428535,2930291685,3639,0.646933,499,1357,56-26,19-62,37-36,75,73,29,29,46,44,1,1,1,77,0,,88,0,,,0,fire_reached_bot,0,21,21,0,0,56,0.2533,167,0.001272,21,21,fire_reached_bot,0,63,60,3,0,55,0.2667,1194,0.038749,,56,fire_reached_bot,0,93,88,5,-4,37,0.5067,,0.116711,56,,fire_reached_bot,0,63,60,3,0,55,0.2667,1194,9.547795,-1,56,63,0,60,3,,no_path,0,,Bot1|Bot2|Bot3|Bot4,0,1
228,0.50,75,440,3499156370,436825089,3645,0.648000,501,1328,35-35,25-53,19-70,28,28,53,51,25,23,1,0,1,28,0,,44,1,28,16,1,button,1,28,28,0,16,0,1.0000,165,0.000856,-1,-1,button,1,28,28,0,16,0,1.0000,165,0.001949,,-1,button,1,28,28,0,16,0,1.0000,165,0.003081,-1,,button,1,28,28,0,16,0,1.0000,165,1.411674,-1,-1,28,0,0,0,0.4,risk_path,4,Bot1|Bot2|Bot3|Bot4,,1,0
229,0.50,75,440,3921431972,3691631192,3657,0.650133,515,1411,71-56,12-49,11-66,82,66,84,70,36,18,1,0,1,82,0,,72,0,,,0,walked_into_fire,0,57,57,0,-1,25,0.6951,484,0.004436,57,53,fire_reached_bot,0,60,60,0,0,30,0.6341,529,0.033662,,53,fire_reached_bot,0,75,63,12,-2,41,0.5000,,0.169857,53,,fire_reached_bot,0,60,60,0,0,30,0.6341,529,11.098040,-1,53,60,0,60,0,,shortest_path_fallback,0,,Bot1|Bot2|Bot3|Bot4,0,1
230,0.50,75,440,2971960596,3817885116,3644,0.647822,509,1406,9-53,0-65,17-45,21,21,24,16,45,37,0,0,1,21,1,21,79,1,21,58,1,button,1,21,21,0,41,0,1.0000,82,0.000423,-1,-1,button,1,21,21,0,41,0,1.0000,82,0.001142,,-1,button,1,21,21,0,41,0,1.0000,82,0.001986,-1,,button,1,21,21,0,41,0,1.0000,82,0.820159,-1,-1,21,0,0,0,0.4,risk_path,4,Bot1|Bot2|Bot3|Bot4,,1,0
231,0.50,75,440,230717013,2732343365,3677,0.653689,507,1415,18-47,11-37,32-8,17,17,63,53,56,50,0,0,1,17,1,17,96,1,17,79,1,button,1,17,17,0,77,0,1.0000,38,0.000271,-1,-1,button,1,17,17,0,77,0,1.0000,38,0.000698,,-1,button,1,17,17,0,77,0,1.0000,38,0.000966,-1,,button,1,17,17,0,77,0,1.0000,38,0.607223,-1,-1,17,0,0,0,0.4,risk_path,4,Bot1|Bot2|Bot3|Bot4,,1,0
232,0.50,75,440,1277540315,2568731835,3650,0.648889,492,1378,51-49,20-26,68-25,56,54,47,41,73,49,0,0,1,56,1,56,123,1,56,67,1,button,1,56,56,0,64,0,1.0000,608,0.003848,-1,-1,button,1,56,56,0,64,0,1.0000,608,0.011751,,-1,button,1,56,56,0,64,0,1.0000,608,0.017082,-1,,button,1,56,56,0,64,0,1.0000,608,5.009203,-1,-1,56,0,0,0,0.4,risk_path,4,Bot1|Bot2|Bot3|Bot4,,1,0
233,0.50,75,440,2601371361,3429438074,3616,0.642844,495,1327,48-24,49-48,54-71,47,25,75,53,40,28,1,0,1,47,0,,71,1,47,24,1,button,1,47,47,0,24,0,1.0000,363,0.002749,-1,-1,button,1,47,47,0,24,0,1.0000,363,0.009953,,-1,button,1,47,47,0,24,0,1.0000,363,0.013510,-1,,button,1,47,47,0,24,0,1.0000,363,3.611332,1,1,47,0,0,0,0.4,risk_path,4,Bot1|Bot2|Bot3|Bot4,,1,0
234,0.50,75,440,2175815046,2513501025,3671,0.652622,515,1422,60-58,33-61,26-34,36,30,66,58,42,34,0,0,1,36,1,36,80,1,36,44,1,button,1,36,36,0,39,0,1.0000,117,0.000765,-1,-1,button,1,36,36,0,39,0,1.0000,117,0.003731,,-1,button,1,36,36,0,39,0,1.0000,117,0.004265,-1,,button,1,36,36,0,39,0,1.0000,117,2.249523,-1,-1,36,0,0,0,0.4,risk_path,4,Bot1|Bot2|Bot3|Bot4,,1,0
235,0.50,75,440,2903687551,1508666098,3664,0.651378,508,1412,62-11,20-70,59-72,105,101,88,64,77,41,1,0,1,105,0,,145,1,105,40,1,button,1,105,105,0,20,0,1.0000,1073,0.013660,-1,-1,button,1,105,105,0,20,0,1.0000,1073,0.066455,,-1,button,1,105,105,0,20,0,1.0000,1073,0.084045,-1,,button,1,105,105,0,20,0,1.0000,1073,16.987152,-1,-1,105,8,26,0,0.99,risk_path,4,Bot1|Bot2|Bot3|Bot4,,1,0
236,0.50,75,440,2767072028,3293256290,3657,0.650133,505,1375,27-0,15-28,25-43,46,40,61,45,33,25,1,0,1,46,0,,58,1,46,12,1,button,1,46,46,0,12,0,1.0000,270,0.001638,-1,-1,button,1,46,46,0,12,0,1.0000,270,0.007535,,-1,button,1,46,46,0,12,0,1.0000,270,0.008843,-1,,button,1,46,46,0,12,0,1.0000,270,3.659445,-1,-1,46,9,1,0,0.99,risk_path,4,Bot1|Bot2|Bot3|Bot4,,1,0
237,0.50,75,440,434350479,2119715637,3663,0.651200,511,1423,44-63,20-38,29-11,59,49,81,67,42,36,1,0,1,59,0,,83,1,59,24,1,button,1,59,59,0,19,0,1.0000,639,0.004943,-1,-1,button,1,59,59,0,19,0,1.0000,639,0.016963,,-1,button,1,59,59,0,19,0,1.0000,639,0.023193,-1,,button,1,59,59,0,19,0,1.0000,639,6.412490,-1,-1,59,5,5,0,0.99,risk_path,4,Bot1|Bot2|Bot3|Bot4,,1,0
238,0.50,75,440,860933267,2945000663,3628,0.644978,509,1350,25-29,50-8,50-6,48,46,48,48,4,2,1,0,1,48,0,,6,0,,,0,walked_into_fire,0,33,33,0,-26,15,0.6875,,0.001401,6,6,fire_reached_bot,0,66,5,61,-59,43,0.1042,,0.310888,,-1,fire_reached_bot,0,66,5,61,-59,43,0.1042,,0.582551,-1,,fire_reached_bot,0,66,5,61,-59,43,0.1042,,1.118686,-1,-1,66,0,5,61,,no_path,0,,Bot1|Bot2|Bot3|Bot4,0,1
239,0.50,75,440,3847153091,2545232110,3641,0.647289,491,1366,31-51,0-30,58-14,56,52,76,64,80,74,0,0,1,56,1,56,150,1,56,94,1,button,1,56,56,0,91,0,1.0000,633,0.004344,-1,-1,button,1,56,56,0,91,0,1.0000,633,0.018151,,-1,button,1,56,56,0,91,0,1.0000,633,0.017695,-1,,button,1,56,56,0,91,0,1.0000,633,4.959538,-1,-1,56,0,0,0,0.4,risk_path,4,Bot1|Bot2|Bot3|Bot4,,1,0
240,0.50,75,440,3830646336,1583051720,3645,0.648000,501,1357,37-49,56-9,43-1,67,59,72,54,23,21,1,0,1,67,0,,39,0,,,0,fire_reached_bot,0,51,51,0,-11,16,0.7612,,0.002659,36,36,fire_reached_bot,0,71,39,32,-31,28,0.5821,,0.173132,,-1,fire_reached_bot,0,71,39,32,-31,28,0.5821,,0.317429,-1,,fire_reached_bot,0,71,39,32,-31,28,0.5821,,7.833321,-1,-1,71,0,39,32,,no_path,0,,Bot1|Bot2|Bot3|Bot4,0,1
241,0.50,75,440,50286375,2368400549,3661,0.650844,522,1437,27-9,46-22,65-3,40,32,62,44,44,38,0,0,1,40,1,40,69,1,40,29,1,button,1,40,40,0,29,0,1.0000,178,0.001528,-1,-1,button,1,40,40,0,29,0,1.0000,178,0.006833,,-1,button,1,40,40,0,29,0,1.0000,178,0.007513,-1,,button,1,40,40,0,28,0,1.0000,178,2.811352,37,37,40,0,0,0,0.4,risk_path,4,Bot1|Bot2|Bot3|Bot4,,1,0
242,0.50,75,440,229134076,547575414,3636,0.646400,512,1351,44-13,33-41,33-18,41,39,46,16,53,23,0,0,1,41,1,41,120,1,41,79,1,button,1,41,41,0,66,0,1.0000,75,0.000618,-1,-1,button,1,41,41,0,66,0,1.0000,75,0.002917,,-1,button,1,41,41,0,66,0,1.0000,75,0.003426,-1,,button,1,41,41,0,66,0,1.0000,75,2.990238,-1,-1,41,0,0,0,0.4,risk_path,4,Bot1|Bot2|Bot3|Bot4,,1,0
243,0.50,75,440,3829884547,2736529294,3653,0.649422,512,1397,6-66,44-36,13-50,68,68,31,23,45,45,1,0,1,68,0,,71,0,,,0,fire_reached_bot,0,29,29,0,0,39,0.4265,223,0.001212,-1,-1,fire_reached_bot,0,29,29,0,0,39,0.4265,223,0.006464,,-1,fire_reached_bot,0,29,29,0,0,39,0.4265,223,0.008289,-1,,fire_reached_bot,0,29,29,0,0,39,0.4265,223,4.929765,-1,-1,29,0,29,0,,shortest_path_fallback,0,,Bot1|Bot2|Bot3|Bot4,0,1
244,0.50,75,440,2905315126,631340303,3628,0.644978,494,1376,22-71,69-35,61-25,87,83,93,85,18,18,1,0,1,87,0,,33,0,,,0,walked_into_fire,0,67,67,0,-33,20,0.7701,,0.007359,34,34,fire_reached_bot,0,109,33,76,-75,54,0.3793,,0.303901,,-1,fire_reached_bot,0,109,33,76,-75,54,0.3793,,0.646383,-1,,fire_reached_bot,0,109,33,76,-75,54,0.3793,,7.207711,-1,-1,109,0,33,76,,no_path,0,,Bot1|Bot2|Bot3|Bot4,0,1
245,0.50,75,440,3180725409,3525950523,3641,0.647289,501,1379,46-21,33-48,70-57,40,40,62,60,66,46,0,0,1,40,1,40,126,1,40,86,1,button,1,40,40,0,69,0,1.0000,195,0.001198,-1,-1,button,1,40,40,0,69,0,1.0000,195,0.004076,,-1,button,1,40,40,0,69,0,1.0000,195,0.005351,-1,,button,1,40,40,0,69,0,1.0000,195,2.941008,-1,-1,40,0,0,0,0.4,risk_path,4,Bot1|Bot2|Bot3|Bot4,,1,0
246,0.50,75,440,3527288279,2290517008,3632,0.645689,488,1357,49-48,15-4,50-34,86,78,37,15,71,65,1,0,1,86,0,,121,1,86,35,1,button,1,86,86,0,14,0,1.0000,1665,0.015094,-1,-1,button,1,86,86,0,14,0,1.0000,1665,0.047831,,-1,button,1,86,86,0,14,0,1.0000,1665,0.069509,-1,,button,1,86,86,0,14,0,1.0000,1665,10.159978,-1,-1,86,11,0,0,0.99,risk_path,4,Bot1|Bot2|Bot3|Bot4,,1,0
247,0.50,75,440,2693909744,892987441,3653,0.649422,508,1396,12-31,19-16,27-15,24,22,37,31,13,9,1,0,1,24,0,,23,0,,,0,walked_into_fire,0,24,24,0,-1,0,1.0000,56,0.000373,24,24,fire_reached_bot,0,26,23,3,-2,1,0.9583,,0.016930,,-1,fire_reached_bot,0,26,23,3,-2,1,0.9583,,0.040555,-1,,fire_reached_bot,0,26,23,3,-2,1,0.9583,,1.242210,-1,-1,26,12,9,3,0.99,no_path,0,,Bot1|Bot2|Bot3|Bot4,0,1
248,0.50,75,440,3466483215,701012700,3661,0.650844,506,1362,70-13,27-29,57-25,77,59,27,25,52,34,1,0,1,77,0,,97,1,89,8,0,walked_into_fire,0,18,18,0,-1,59,0.2338,43,0.001214,16,12,fire_reached_bot,0,105,95,10,-7,20,0.7403,,0.086153,,12,fire_reached_bot,0,97,95,2,0,8,0.8961,1656,0.094707,12,,fire_reached_bot,0,105,95,10,-7,20,0.7403,,14.323027,-1,12,105,0,95,10,,no_path,0,,Bot1|Bot2|Bot3|Bot4,0,1
249,0.50,75,440,3499659840,3439355226,3673,0.652978,514,1426,22-34,21-64,21-4,43,31,43,31,86,60,0,0,1,43,1,43,143,1,43,100,1,button,1,43,43,0,80,0,1.0000,332,0.002065,-1,-1,button,1,43,43,0,80,0,1.0000,332,0.006809,,-1,button,1,43,43,0,80,0,1.0000,332,0.009302,-1,,button,1,43,43,0,80,0,1.0000,332,3.144628,-1,-1,43,0,0,0,0.4,risk_path,4,Bot1|Bot2|Bot3|Bot4,,1,0
250,0.50,75,440,1517605910,2955868487,3642,0.647467,504,1373,46-30,45-21,67-21,12,10,30,30,36,22,0,0,1,12,1,12,81,1,12,69,1,button,1,12,12,0,58,0,1.0000,40,0.000224,-1,-1,button,1,12,12,0,58,0,1.0000,40,0.000421,,-1,button,1,12,12,0,58,0,1.0000,40,0.000510,-1,,button,1,12,12,0,58,0,1.0000,40,0.334183,-1,-1,12,0,0,0,0.4,risk_path,4,Bot1|Bot2|Bot3|Bot4,,1,0
251,0.50,75,440,742681489,3514916377,3632,0.645689,501,1338,21-17,13-44,11-71,43,35,84,64,41,29,1,0,1,43,0,,64,1,43,21,1,button,1,43,43,0,21,0,1.0000,253,0.001423,-1,-1,button,1,43,43,0,21,0,1.0000,253,0.004838,,-1,button,1,43,43,0,21,0,1.0000,253,0.006390,-1,,button,1,43,43,0,21,0,1.0000,253,3.157649,-1,-1,43,0,0,0,0.4,risk_path,4,Bot1|Bot2|Bot3|Bot4,,1,0
252,0.50,75,440,389585178,1768587399,3635,0.646222,502,1366,66-16,51-57,64-53,72,56,59,39,33,17,1,0,1,72,0,,66,0,,,0,walked_into_fire,0,60,60,0,-1,12,0.8333,445,0.003311,56,56,fire_reached_bot,0,85,66,19,-18,12,0.8333,,0.103674,,-1,fire_reached_bot,0,85,66,19,-18,12,0.8333,,0.198037,-1,,fire_reached_bot,0,85,66,19,-18,12,0.8333,,9.499436,-1,-1,85,0,66,19,,no_path,0,,Bot1|Bot2|Bot3|Bot4,0,1
253,0.50,75,440,3332814137,1126990968,3634,0.646044,504,1387,69-32,59-13,32-53,89,29,70,58,95,67,0,0,1,89,1,89,172,1,89,83,1,button,1,89,89,0,44,0,1.0000,1920,0.018548,-1,-1,button,1,89,89,0,44,0,1.0000,1920,0.072891,,-1,button,1,89,89,0,44,0,1.0000,1920,0.100590,-1,,button,1,89,89,0,44,0,1.0000,1920,9.413860,47,47,89,0,0,0,0.4,risk_path,4,Bot1|Bot2|Bot3|Bot4,,1,0
254,0.50,75,440,1495801011,917814670,3676,0.653511,528,1432,47-21,14-43,57-68,59,55,71,57,92,68,0,0,1,59,1,59,162,1,59,103,1,button,1,59,59,0,76,0,1.0000,585,0.004251,-1,-1,button,1,59,59,0,76,0,1.0000,585,0.013359,,-1,button,1,59,59,0,76,0,1.0000,585,0.018545,-1,,button,1,59,59,0,76,0,1.0000,585,6.109597,-1,-1,59,0,0,0,0.4,risk_path,4,Bot1|Bot2|Bot3|Bot4,,1,0
255,0.50,75,440,2990102404,731289034,3646,0.648178,513,1347,4-13,3-46,4-57,48,34,66,44,20,12,1,0,1,48,0,,37,0,,,0,walked_into_fire,0,42,42,0,-4,6,0.8750,,0.001523,38,38,fire_reached_bot,0,54,37,17,-16,11,0.7708,,0.083944,,-1,fire_reached_bot,0,54,37,17,-16,11,0.7708,,0.191150,-1,,fire_reached_bot,0,54,37,17,-16,11,0.7708,,3.768850,-1,-1,54,0,37,17,,no_path,0,,Bot1|Bot2|Bot3|Bot4,0,1
256,0.50,75,440,1232018688,2548799540,3612,0.642133,502,1307,72-37,46-52,56-73,49,41,62,52,33,31,1,0,1,49,0,,59,1,49,10,1,button,1,49,49,0,10,0,1.0000,285,0.002093,-1,-1,button,1,49,49,0,10,0,1.0000,285,0.008047,,-1,button,1,49,49,0,10,0,1.0000,285,0.009577,-1,,button,1,49,49,0,10,0,1.0000,285,4.260848,-1,-1,49,5,15,0,0.99,risk_path,4,Bot1|Bot2|Bot3|Bot4,,1,0
257,0.50,75,440,107580103,4254696228,3638,0.646756,494,1325,72-15,40-45,29-23,70,62,85,51,49,33,1,0,1,70,0,,89,1,70,19,1,button,1,70,70,0,14,0,1.0000,923,0.005709,-1,-1,button,1,70,70,0,14,0,1.0000,923,0.017613,,-1,button,1,70,70,0,14,0,1.0000,923,0.024672,-1,,button,1,70,70,0,14,0,1.0000,923,8.331226,-1,-1,70,12,4,0,0.99,risk_path,4,Bot1|Bot2|Bot3|Bot4,,1,0
258,0.50,75,440,2403017489,1321081877,3632,0.645689,502,1356,25-59,15-60,72-57,21,11,69,49,90,60,0,0,1,21,1,21,152,1,21,131,1,button,1,21,21,0,121,0,1.0000,81,0.000523,-1,-1,button,1,21,21,0,121,0,1.0000,81,0.001418,,-1,button,1,21,21,0,121,0,1.0000,81,0.002085,-1,,button,1,21,21,0,121,0,1.0000,81,0.831203,-1,-1,21,0,0,0,0.4,risk_path,4,Bot1|Bot2|Bot3|Bot4,,1,0
259,0.50,75,440,3247152571,688223439,3631,0.645511,509,1371,69-74,26-34,10-32,85,83,103,101,20,18,1,0,1,85,0,,56,0,,,0,walked_into_fire,0,75,75,0,-18,10,0.8824,,0.004497,57,57,fire_reached_bot,0,100,56,44,-43,29,0.6588,,0.256502,,-1,fire_reached_bot,0,100,56,44,-43,29,0.6588,,0.371749,-1,,fire_reached_bot,0,100,56,44,-43,29,0.6588,,10.370442,-1,-1,100,0,56,44,,no_path,0,,Bot1|Bot2|Bot3|Bot4,0,1
260,0.50,75,440,2786424847,3343057812,3666,0.651733,505,1445,11-26,51-68,14-46,82,82,41,23,65,59,1,0,1,82,0,,120,1,82,38,1,button,1,82,82,0,1,0,1.0000,1130,0.009540,-1,-1,button,1,82,82,0,1,0,1.0000,1130,0.022505,,-1,button,1,82,82,0,1,0,1.0000,1130,0.036234,-1,,button,1,82,82,0,14,0,1.0000,1130,9.611476,1,1,82,8,0,0,0.99,risk_path,4,Bot1|Bot2|Bot3|Bot4,,1,0
261,0.50,75,440,2797536688,4050217512,3651,0.649067,503,1365,0-14,53-28,35-60,81,67,99,81,54,50,1,0,1,81,0,,111,1,81,30,1,button,1,81,81,0,29,0,1.0000,1175,0.012001,-1,-1,button,1,81,81,0,29,0,1.0000,1175,0.036992,,-1,button,1,81,81,0,29,0,1.0000,1175,0.055295,-1,,button,1,81,81,0,29,0,1.0000,1175,10.267017,40,40,81,8,25,0,0.99,risk_path,4,Bot1|Bot2|Bot3|Bot4,,1,0
262,0.50,75,440,3920002231,96578032,3642,0.647467,510,1405,70-17,18-0,22-20,83,69,75,51,30,24,1,0,1,83,0,,59,0,,,0,fire_reached_bot,0,49,49,0,0,34,0.5904,570,0.003673,32,32,fire_reached_bot,0,79,31,48,-19,52,0.3735,,0.208762,,-1,fire_reached_bot,0,79,31,48,-19,52,0.3735,,0.437056,-1,,fire_reached_bot,0,79,31,48,-19,52,0.3735,,6.321980,-1,-1,79,0,31,48,,no_path,0,,Bot1|Bot2|Bot3|Bot4,0,1
263,0.50,75,440,221242311,932793819,3625,0.644444,502,1344,3-28,11-56,64-10,40,36,85,79,113,99,0,0,1,40,1,40,198,1,40,158,1,button,1,40,40,0,155,0,1.0000,302,0.001708,-1,-1,button,1,40,40,0,155,0,1.0000,302,0.005828,,-1,button,1,40,40,0,155,0,1.0000,302,0.007902,-1,,button,1,40,40,0,155,0,1.0000,302,2.641084,19,19,40,0,0,0,0.4,risk_path,4,Bot1|Bot2|Bot3|Bot4,,1,0
264,0.50,75,440,1006815665,3029020804,3650,0.648889,508,1335,0-54,26-44,69-74,48,36,107,89,75,73,0,0,1,48,1,48,130,1,48,82,1,button,1,48,48,0,82,0,1.0000,286,0.002151,-1,-1,button,1,48,48,0,82,0,1.0000,286,0.011385,,-1,button,1,48,48,0,82,0,1.0000,286,0.014246,-1,,button,1,48,48,0,82,0,1.0000,286,4.087014,1,1,48,0,0,0,0.4,risk_path,4,Bot1|Bot2|Bot3|Bot4,,1,0
265,0.50,75,440,3550384,2803946996,3652,0.649244,496,1359,36-68,30-18,50-16,72,56,86,66,32,22,1,0,1,72,0,,50,0,,,0,fire_reached_bot,0,65,65,0,-14,7,0.9028,,0.005769,51,51,fire_reached_bot,0,87,50,37,-36,22,0.6944,,0.171143,,-1,fire_reached_bot,0,87,50,37,-36,22,0.6944,,0.329648,-1,,fire_reached_bot,0,87,50,37,-36,22,0.6944,,8.908494,-1,-1,87,0,50,37,,no_path,0,,Bot1|Bot2|Bot3|Bot4,0,1
266,0.50,75,440,1459446169,848544576,3647,0.648356,503,1372,12-53,23-15,51-21,59,49,79,71,36,34,1,0,1,59,0,,73,1,59,14,1,button,1,59,59,0,13,0,1.0000,1106,0.007136,-1,-1,button,1,59,59,0,13,0,1.0000,1106,0.017082,,-1,button,1,59,59,0,13,0,1.0000,1106,0.032708,-1,,button,1,59,59,0,13,0,1.0000,1106,6.053947,26,26,59,12,22,0,0.99,risk_path,4,Bot1|Bot2|Bot3|Bot4,,1,0
267,0.50,75,440,1897333980,3152261953,3618,0.643200,496,1339,34-62,30-66,59-38,10,8,53,49,61,57,0,0,1,10,1,10,99,1,10,89,1,button,1,10,10,0,79,0,1.0000,32,0.000148,-1,-1,button,1,10,10,0,79,0,1.0000,32,0.000328,,-1,button,1,10,10,0,79,0,1.0000,32,0.000419,-1,,button,1,10,10,0,79,0,1.0000,32,0.265844,-1,-1,10,0,0,0,0.4,risk_path,4,Bot1|Bot2|Bot3|Bot4,,1,0
268,0.50,75,440,1652118545,685776228,3653,0.649422,509,1418,3-27,46-74,31-68,92,90,71,69,21,21,1,0,1,92,0,,36,0,,,0,fire_reached_bot,0,46,46,0,-9,46,0.5000,,0.003066,10,10,fire_reached_bot,0,76,29,47,-39,63,0.3152,,0.245955,,-1,fire_reached_bot,0,76,29,47,-39,63,0.3152,,0.563854,-1,,fire_reached_bot,0,76,29,47,-39,63,0.3152,,7.955978,-1,-1,76,0,29,47,,no_path,0,,Bot1|Bot2|Bot3|Bot4,0,1
269,0.50,75,440,943373969,2848700176,3631,0.645511,501,1392,10-22,36-18,37-71,38,30,82,76,72,54,0,0,1,38,1,38,137,1,38,99,1,button,1,38,38,0,99,0,1.0000,221,0.001230,-1,-1,button,1,38,38,0,99,0,1.0000,221,0.004393,,-1,button,1,38,38,0,99,0,1.0000,221,0.006201,-1,,button,1,38,38,0,99,0,1.0000,221,2.721968,1,1,38,0,0,0,0.4,risk_path,4,Bot1|Bot2|Bot3|Bot4,,1,0
270,0.50,75,440,1415906743,1027550563,3643,0.647644,499,1344,71-56,1-44,50-21,96,82,60,56,80,72,1,0,1,96,0,,140,1,96,44,1,button,1,96,96,0,34,0,1.0000,1809,0.018887,-1,-1,button,1,96,96,0,34,0,1.0000,1809,0.057245,,-1,button,1,96,96,0,34,0,1.0000,1809,0.088534,-1,,button,1,96,96,0,34,0,1.0000,1809,11.992054,9,9,96,0,0,0,0.4,risk_path,4,Bot1|Bot2|Bot3|Bot4,,1,0
271,0.50,75,440,4249967921,3928420346,3633,0.645867,503,1392,3-30,29-44,72-6,50,40,101,93,83,81,0,0,1,50,1,50,157,1,50,107,1,button,1,50,50,0,104,0,1.0000,205,0.001709,-1,-1,button,1,50,50,0,104,0,1.0000,205,0.006277,,-1,button,1,50,50,0,104,0,1.0000,205,0.008786,-1,,button,1,50,50,0,104,0,1.0000,205,4.522161,10,10,50,0,0,0,0.4,risk_path,4,Bot1|Bot2|Bot3|Bot4,,1,0
272,0.50,75,440,3406299465,3246889654,3643,0.647644,495,1345,7-69,26-14,52-56,82,74,64,58,78,68,1,0,1,82,0,,134,1,82,52,1,button,1,82,82,0,49,0,1.0000,1112,0.010123,-1,-1,button,1,82,82,0,49,0,1.0000,1112,0.035183,,-1,button,1,82,82,0,49,0,1.0000,1112,0.052348,-1,,button,1,82,82,0,49,0,1.0000,1112,10.205016,1,1,82,0,0,0,0.4,risk_path,4,Bot1|Bot2|Bot3|Bot4,,1,0
273,0.50,75,440,2347823433,2610306846,3633,0.645867,506,1373,13-74,74-39,46-24,106,96,87,83,55,43,1,0,1,106,0,,96,0,,,0,walked_into_fire,0,73,73,0,-2,33,0.6887,1498,0.012815,70,70,fire_reached_bot,0,87,84,3,0,30,0.7170,2012,0.055887,,-1,fire_reached_bot,0,87,84,3,0,30,0.7170,2012,0.088351,-1,,fire_reached_bot,0,87,84,3,0,30,0.7170,2012,12.199943,-1,-1,87,0,84,3,,no_path,0,,Bot1|Bot2|Bot3|Bot4,0,1
274,0.50,75,440,2266113072,2703714323,3649,0.648711,509,1393,60-40,45-73,70-6,54,48,58,44,108,92,0,0,1,54,1,54,193,1,54,139,1,button,1,54,54,0,98,0,1.0000,294,0.002171,-1,-1,button,1,54,54,0,98,0,1.0000,294,0.010676,,-1,button,1,54,54,0,98,0,1.0000,294,0.013934,-1,,button,1,54,54,0,98,0,1.0000,294,4.579197,-1,-1,54,0,0,0,0.4,risk_path,4,Bot1|Bot2|Bot3|Bot4,,1,0
275,0.50,75,440,572313208,4115807259,3673,0.652978,515,1382,27-14,6-71,71-65,96,78,101,95,101,71,0,0,1,96,1,96,174,1,96,78,1,button,1,96,96,0,74,0,1.0000,795,0.008488,-1,-1,button,1,96,96,0,74,0,1.0000,795,0.058931,,-1,button,1,96,96,0,74,0,1.0000,795,0.077178,-1,,button,1,96,96,0,73,0,1.0000,795,12.585989,76,76,96,0,0,0,0.4,risk_path,4,Bot1|Bot2|Bot3|Bot4,,1,0
276,0.50,75,440,441933108,3198590936,3653,0.649422,500,1388,16-39,72-3,74-20,98,92,85,77,29,19,1,0,1,98,0,,54,0,,,0,fire_reached_bot,0,66,66,0,-11,32,0.6735,,0.004949,45,45,fire_reached_bot,0,96,44,52,-41,54,0.4490,,0.250557,,-1,fire_reached_bot,0,96,44,52,-41,54,0.4490,,0.585525,-1,,fire_reached_bot,0,96,44,52,-41,54,0.4490,,9.952821,-1,-1,96,0,44,52,,no_path,0,,Bot1|Bot2|Bot3|Bot4,0,1
277,0.50,75,440,3418122606,1333948928,3641,0.647289,508,1374,47-46,22-43,66-36,32,28,37,29,67,51,0,0,1,32,1,32,113,1,32,81,1,button,1,32,32,0,56,0,1.0000,181,0.000820,-1,-1,button,1,32,32,0,56,0,1.0000,181,0.002451,,-1,button,1,32,32,0,56,0,1.0000,181,0.003389,-1,,button,1,32,32,0,56,0,1.0000,181,1.686507,-1,-1,32,0,0,0,0.4,risk_path,4,Bot1|Bot2|Bot3|Bot4,,1,0
278,0.50,75,440,2893733061,2995401778,3638,0.646756,510,1380,32-62,48-27,5-67,57,51,48,32,89,83,0,0,1,57,1,57,162,1,57,105,1,button,1,57,57,0,84,0,1.0000,246,0.002337,-1,-1,button,1,57,57,0,84,0,1.0000,246,0.013108,,-1,button,1,57,57,0,84,0,1.0000,246,0.015645,-1,,button,1,57,57,0,86,0,1.0000,246,5.087424,22,22,57,0,0,0,0.4,risk_path,4,Bot1|Bot2|Bot3|Bot4,,1,0
279,0.50,75,440,3773649777,926245506,3628,0.644978,495,1368,32-63,60-72,25-22,47,37,60,48,87,85,0,0,1,47,1,47,160,1,47,113,1,button,1,47,47,0,102,0,1.0000,506,0.002723,-1,-1,button,1,47,47,0,102,0,1.0000,506,0.009761,,-1,button,1,47,47,0,102,0,1.0000,506,0.013231,-1,,button,1,47,47,0,102,0,1.0000,506,3.916586,7,7,47,0,0,0,0.4,risk_path,4,Bot1|Bot2|Bot3|Bot4,,1,0
280,0.50,75,440,2985125786,3442015289,3635,0.646222,507,1348,28-4,7-3,50-1,34,22,41,25,63,45,0,0,1,34,1,34,140,1,34,106,1,button,1,34,34,0,77,0,1.0000,78,0.000545,-1,-1,button,1,34,34,0,77,0,1.0000,78,0.002856,,-1,button,1,34,34,0,77,0,1.0000,78,0.003666,-1,,button,1,34,34,0,77,0,1.0000,78,1.913399,-1,-1,34,0,0,0,0.4,risk_path,4,Bot1|Bot2|Bot3|Bot4,,1,0
281,0.50,75,440,2521516864,696713569,3648,0.648533,502,1389,44-7,32-14,41-1,25,19,11,9,28,22,0,0,1,25,1,25,51,1,25,26,1,button,1,25,25,0,16,0,1.0000,100,0.000491,-1,-1,button,1,25,25,0,16,0,1.0000,100,0.001925,,-1,button,1,25,25,0,16,0,1.0000,100,0.002439,-1,,button,1,25,25,0,16,0,1.0000,100,1.088365,-1,-1,25,0,0,0,0.4,risk_path,4,Bot1|Bot2|Bot3|Bot4,,1,0
282,0.50,75,440,3512670226,3470638926,3653,0.649422,513,1374,59-63,33-58,21-65,53,31,74,40,31,19,1,0,1,53,0,,54,1,53,1,1,button,1,53,53,0,1,0,1.0000,502,0.003464,-1,-1,button,1,53,53,0,1,0,1.0000,502,0.013015,,-1,button,1,53,53,0,1,0,1.0000,502,0.016757,-1,,button,1,53,53,0,1,0,1.0000,502,4.848758,-1,-1,53,19,29,0,0.99,risk_path,4,Bot1|Bot2|Bot3|Bot4,,1,0
283,0.50,75,440,139254943,2871586275,3638,0.646756,499,1382,4-42,66-69,7-3,103,89,60,42,127,125,0,0,1,103,1,103,214,1,103,111,1,button,1,103,103,0,60,0,1.0000,1221,0.014424,-1,-1,button,1,103,103,0,60,0,1.0000,1221,0.071950,,-1,button,1,103,103,0,60,0,1.0000,1221,0.099849,-1,,button,1,103,103,0,60,0,1.0000,1221,13.871409,38,38,103,0,0,0,0.4,risk_path,4,Bot1|Bot2|Bot3|Bot4,,1,0
284,0.50,75,440,2016013904,2387887068,3654,0.649600,510,1422,62-39,27-35,2-37,59,39,92,62,39,27,1,0,1,59,0,,68,1,59,9,1,button,1,59,59,0,9,0,1.0000,658,0.004393,-1,-1,button,1,59,59,0,9,0,1.0000,658,0.014527,,-1,button,1,59,59,0,9,0,1.0000,658,0.020318,-1,,button,1,59,59,0,9,0,1.0000,658,6.009886,-1,-1,59,8,32,0,0.99,risk_path,4,Bot1|Bot2|Bot3|Bot4,,1,0
285,0.50,75,440,2152869414,3950020351,3662,0.651022,509,1413,46-68,12-66,41-41,46,36,40,32,58,54,0,0,1,46,1,46,92,1,46,46,1,button,1,46,46,0,41,0,1.0000,521,0.002476,-1,-1,button,1,46,46,0,41,0,1.0000,521,0.008189,,-1,button,1,46,46,0,41,0,1.0000,521,0.014021,-1,,button,1,46,46,0,43,0,1.0000,521,3.804067,34,34,46,0,0,0,0.4,risk_path,4,Bot1|Bot2|Bot3|Bot4,,1,0
286,0.50,75,440,1157899962,1993066084,3639,0.646933,494,1362,35-40,45-7,36-3,55,43,56,38,15,13,1,0,1,55,0,,27,0,,,0,walked_into_fire,0,38,38,0,-10,17,0.6909,,0.001489,23,23,fire_reached_bot,0,62,27,35,-34,32,0.4182,,0.176164,,25,fire_reached_bot,0,65,27,38,-37,34,0.3818,,0.396944,25,,fire_reached_bot,0,62,27,35,-34,32,0.4182,,4.103990,-1,25,62,0,27,35,,no_path,0,,Bot1|Bot2|Bot3|Bot4,0,1
287,0.50,75,440,3991210846,343377854,3657,0.650133,514,1363,38-53,25-9,44-54,67,57,19,7,86,64,0,0,1,67,1,67,153,1,67,86,1,button,1,67,67,0,24,0,1.0000,672,0.004560,-1,-1,button,1,67,67,0,24,0,1.0000,672,0.020704,,-1,button,1,67,67,0,24,0,1.0000,672,0.027756,-1,,button,1,67,67,0,24,0,1.0000,672,6.493349,65,65,67,0,0,0,0.4,risk_path,4,Bot1|Bot2|Bot3|Bot4,,1,0
288,0.50,75,440,3830897319,2464422491,3661,0.650844,511,1430,65-37,32-41,39-55,47,37,46,44,33,21,1,0,1,47,0,,59,1,47,12,1,button,1,47,47,0,11,0,1.0000,551,0.003025,-1,-1,button,1,47,47,0,11,0,1.0000,551,0.008957,,-1,button,1,47,47,0,11,0,1.0000,551,0.012985,-1,,button,1,47,47,0,11,0,1.0000,551,3.830556,-1,-1,47,7,6,0,0.99,risk_path,4,Bot1|Bot2|Bot3|Bot4,,1,0
289,0.50,75,440,718415510,2147925118,3645,0.648000,499,1380,34-46,50-13,2-73,57,49,61,59,118,108,0,0,1,57,1,57,198,1,57,141,1,button,1,57,57,0,106,0,1.0000,303,0.002487,-1,-1,button,1,57,57,0,106,0,1.0000,303,0.011319,,-1,button,1,57,57,0,106,0,1.0000,303,0.014727,-1,,button,1,57,57,0,107,0,1.0000,303,5.824996,3,3,57,0,0,0,0.4,risk_path,4,Bot1|Bot2|Bot3|Bot4,,1,0
290,0.50,75,440,3810450922,1091198838,3649,0.648711,509,1393,38-31,8-34,21-59,45,33,45,45,44,38,1,0,1,45,0,,80,1,45,35,1,button,1,45,45,0,33,0,1.0000,610,0.003517,-1,-1,button,1,45,45,0,33,0,1.0000,610,0.008702,,-1,button,1,45,45,0,33,0,1.0000,610,0.012426,-1,,button,1,45,45,0,33,0,1.0000,610,3.311398,-1,-1,45,0,0,0,0.4,risk_path,4,Bot1|Bot2|Bot3|Bot4,,1,0
291,0.50,75,440,488650922,3463263512,3635,0.646222,503,1370,28-52,57-36,37-65,51,45,30,22,53,49,0,0,1,51,1,51,98,1,51,47,1,button,1,51,51,0,30,0,1.0000,241,0.001622,-1,-1,button,1,51,51,0,30,0,1.0000,241,0.009558,,-1,button,1,51,51,0,30,0,1.0000,241,0.010607,-1,,button,1,51,51,0,30,0,1.0000,241,4.275719,1,1,51,0,0,0,0.4,risk_path,4,Bot1|Bot2|Bot3|Bot4,,1,0
292,0.50,75,440,1069063252,2129452804,3641,0.647289,498,1356,46-5,62-39,70-24,56,50,59,43,23,23,1,0,1,56,0,,40,0,,,0,walked_into_fire,0,40,40,0,-1,16,0.7143,235,0.001279,40,40,fire_reached_bot,0,41,40,1,0,18,0.6786,,0.018195,,-1,fire_reached_bot,0,41,40,1,0,18,0.6786,,0.029800,-1,,fire_reached_bot,0,41,40,1,0,18,0.6786,,4.810133,-1,-1,41,0,40,1,,no_path,0,,Bot1|Bot2|Bot3|Bot4,0,1
293,0.50,75,440,2939677069,3588486604,3656,0.649956,511,1377,31-9,16-62,11-71,74,68,88,82,14,14,1,0,1,74,0,,26,0,,,0,walked_into_fire,0,58,58,0,-31,16,0.7838,,0.003343,27,27,fire_reached_bot,0,111,26,85,-84,48,0.3514,,0.379028,,-1,fire_reached_bot,0,111,26,85,-84,48,0.3514,,0.863872,-1,,fire_reached_bot,0,111,26,85,-84,48,0.3514,,6.046922,-1,-1,111,0,26,85,,no_path,0,,Bot1|Bot2|Bot3|Bot4,0,1
294,0.50,75,440,3448987124,1070658387,3646,0.648178,504,1370,1-64,0-32,53-31,51,33,87,85,68,54,0,0,1,51,1,51,119,1,51,68,1,button,1,51,51,0,62,0,1.0000,701,0.004255,-1,-1,button,1,51,51,0,62,0,1.0000,701,0.010173,,-1,button,1,51,51,0,62,0,1.0000,701,0.016179,-1,,button,1,51,51,0,62,0,1.0000,701,3.957610,-1,-1,51,0,0,0,0.4,risk_path,4,Bot1|Bot2|Bot3|Bot4,,1,0
295,0.50,75,440,3957383876,3993555280,3636,0.646400,488,1349,43-23,34-19,37-37,15,13,26,20,23,21,0,0,1,15,1,15,35,1,15,20,1,button,1,15,15,0,19,0,1.0000,36,0.000222,-1,-1,button,1,15,15,0,19,0,1.0000,36,0.000504,,-1,button,1,15,15,0,19,0,1.0000,36,0.000682,-1,,button,1,15,15,0,19,0,1.0000,36,0.427861,-1,-1,15,0,0,0,0.4,risk_path,4,Bot1|Bot2|Bot3|Bot4,,1,0
296,0.50,75,440,1682334534,1630947947,3617,0.643022,503,1320,22-65,9-42,33-4,52,36,102,72,66,62,0,0,1,52,1,52,114,1,52,62,1,button,1,52,52,0,62,0,1.0000,438,0.002794,-1,-1,button,1,52,52,0,62,0,1.0000,438,0.010692,,-1,button,1,52,52,0,62,0,1.0000,438,0.015933,-1,,button,1,52,52,0,61,0,1.0000,438,4.206725,47,47,52,0,0,0,0.4,risk_path,4,Bot1|Bot2|Bot3|Bot4,,1,0
297,0.50,75,440,3826954389,2667375914,3627,0.644800,504,1383,45-29,20-58,24-32,58,54,32,24,34,30,1,0,1,58,0,,58,0,,,0,walked_into_fire,0,21,21,0,-1,37,0.3621,61,0.001005,16,16,fire_reached_bot,0,44,44,0,0,24,0.5862,415,0.013206,,44,fire_reached_bot,0,49,47,2,0,29,0.5000,543,0.021314,44,,fire_reached_bot,0,44,44,0,0,24,0.5862,415,6.344219,-1,44,44,0,44,0,,shortest_path_fallback,0,,Bot1|Bot2|Bot3|Bot4,0,1
298,0.50,75,440,1463647553,2324460761,3676,0.653511,516,1382,7-73,14-7,18-37,113,73,73,47,48,34,1,0,1,113,0,,92,0,,,0,fire_reached_bot,0,51,51,0,0,62,0.4513,312,0.003375,-1,51,fire_reached_bot,0,51,51,0,0,62,0.4513,312,0.065713,,51,fire_reached_bot,0,83,63,20,0,72,0.3628,1187,0.095242,51,,fire_reached_bot,0,51,51,0,0,62,0.4513,312,9.882891,-1,51,51,0,51,0,,shortest_path_fallback,0,,Bot1|Bot2|Bot3|Bot4,0,1
299,0.50,75,440,290523079,465395590,3655,0.649778,518,1381,69-18,62-58,22-38,57,47,77,67,66,60,0,0,1,57,1,57,113,1,57,56,1,button,1,57,57,0,56,0,1.0000,567,0.003403,-1,-1,button,1,57,57,0,56,0,1.0000,567,0.011622,,-1,button,1,57,57,0,56,0,1.0000,567,0.016084,-1,,button,1,57,57,0,56,0,1.0000,567,5.009301,-1,-1,57,0,0,0,0.4,risk_path,4,Bot1|Bot2|Bot3|Bot4,,1,0
300,0.50,75,440,2918341021,4123951292,3643,0.647644,507,1388,3-20,42-65,72-2,98,84,121,87,103,93,0,0,1,98,1,98,179,1,98,81,1,button,1,98,98,0,72,0,1.0000,657,0.006959,-1,-1,button,1,98,98,0,72,0,1.0000,657,0.060248,,-1,button,1,98,98,0,72,0,1.0000,657,0.072796,-1,,button,1,98,98,0,72,0,1.0000,657,14.322503,17,17,98,0,0,0,0.4,risk_path,4,Bot1|Bot2|Bot3|Bot4,,1,0
301,0.50,75,440,1819333381,488089373,3635,0.646222,494,1346,46-31,45-39,54-54,11,9,35,31,24,24,0,0,1,11,1,11,39,1,11,28,1,button,1,11,11,0,28,0,1.0000,32,0.000220,-1,-1,button,1,11,11,0,28,0,1.0000,32,0.000313,,-1,button,1,11,11,0,28,0,1.0000,32,0.000475,-1,,button,1,11,11,0,28,0,1.0000,32,0.272488,-1,-1,11,0,0,0,0.4,risk_path,4,Bot1|Bot2|Bot3|Bot4,,1,0
302,0.50,75,440,1770019578,3777455532,3626,0.644622,501,1376,59-48,49-47,28-6,21,11,73,73,64,62,0,0,1,21,1,21,115,1,21,94,1,button,1,21,21,0,94,0,1.0000,65,0.000432,-1,-1,button,1,21,21,0,94,0,1.0000,65,0.001058,,-1,button,1,21,21,0,94,0,1.0000,65,0.001355,-1,,button,1,21,21,0,94,0,1.0000,65,0.801577,8,8,21,0,0,0,0.4,risk_path,4,Bot1|Bot2|Bot3|Bot4,,1,0
303,0.50,75,440,1560084379,2039133605,3629,0.645156,497,1345,39-25,1-70,74-53,97,83,69,63,96,90,1,0,1,97,0,,180,1,97,83,1,button,1,97,97,0,47,0,1.0000,1299,0.014913,-1,-1,button,1,97,97,0,47,0,1.0000,1299,0.066254,,-1,button,1,97,97,0,47,0,1.0000,1299,0.083919,-1,,button,1,97,97,0,47,0,1.0000,1299,12.097127,-1,-1,97,0,0,0,0.4,risk_path,4,Bot1|Bot2|Bot3|Bot4,,1,0
304,0.50,75,440,3262132408,1721014697,3658,0.650311,496,1385,65-54,0-53,27-37,96,66,59,55,49,43,1,0,1,96,0,,94,0,,,0,walked_into_fire,0,52,52,0,-1,44,0.5417,514,0.004180,50,48,fire_reached_bot,0,95,79,16,0,43,0.5521,,0.103610,,48,fire_reached_bot,0,93,79,14,0,39,0.5938,2304,0.120114,48,,fire_reached_bot,0,95,79,16,0,43,0.5521,,11.556749,-1,48,95,0,79,16,,no_path,0,,Bot1|Bot2|Bot3|Bot4,0,1
305,0.50,75,440,77630353,3086096505,3634,0.646044,490,1370,32-73,64-44,11-31,65,61,67,63,74,66,0,0,1,65,1,65,121,1,65,56,1,button,1,65,65,0,56,0,1.0000,754,0.005354,-1,-1,button,1,65,65,0,56,0,1.0000,754,0.014613,,-1,button,1,65,65,0,56,0,1.0000,754,0.020951,-1,,button,1,65,65,0,56,0,1.0000,754,6.207289,9,9,65,0,0,0,0.4,risk_path,4,Bot1|Bot2|Bot3|Bot4,,1,0
306,0.50,75,440,3978666814,258631395,3644,0.647822,494,1394,3-14,7-13,33-47,15,5,73,63,68,60,0,0,1,15,1,15,122,1,15,107,1,button,1,15,15,0,107,0,1.0000,71,0.000313,-1,-1,button,1,15,15,0,107,0,1.0000,71,0.000625,,-1,button,1,15,15,0,107,0,1.0000,71,0.000822,-1,,button,1,15,15,0,107,0,1.0000,71,0.441438,-1,-1,15,0,0,0,0.4,risk_path,4,Bot1|Bot2|Bot3|Bot4,,1,0
307,0.50,75,440,1680995527,3003881739,3653,0.649422,507,1391,65-55,74-12,61-23,66,52,44,36,24,24,1,0,1,66,0,,48,0,,,0,walked_into_fire,0,27,27,0,-1,39,0.4091,168,0.001355,22,22,fire_reached_bot,0,40,33,7,0,47,0.2879,393,0.063222,,27,fire_reached_bot,0,45,33,12,0,49,0.2576,477,0.149825,27,,fire_reached_bot,0,40,33,7,0,47,0.2879,393,6.811795,-1,27,40,0,33,7,,no_path,0,,Bot1|Bot2|Bot3|Bot4,0,1
308,0.50,75,440,3117523694,2309348517,3656,0.649956,515,1390,15-41,1-38,23-35,31,17,14,14,39,25,0,0,1,31,1,31,84,1,31,53,1,button,1,31,31,0,21,0,1.0000,232,0.001049,-1,-1,button,1,31,31,0,21,0,1.0000,232,0.002789,,-1,button,1,31,31,0,21,0,1.0000,232,0.003867,-1,,button,1,31,31,0,21,0,1.0000,232,1.678682,-1,-1,31,0,0,0,0.4,risk_path,4,Bot1|Bot2|Bot3|Bot4,,1,0
309,0.50,75,440,2835355592,297263676,3627,0.644800,500,1373,11-50,68-37,68-60,86,70,97,67,41,23,1,0,1,86,0,,82,0,,,0,fire_reached_bot,0,69,69,0,0,17,0.8023,409,0.004821,67,63,fire_reached_bot,0,93,81,12,-10,19,0.7791,,0.091668,,63,fire_reached_bot,0,93,81,12,-10,19,0.7791,,0.172518,63,,fire_reached_bot,0,93,81,12,-10,19,0.7791,,14.017703,-1,63,93,0,81,12,,no_path,0,,Bot1|Bot2|Bot3|Bot4,0,1
310,0.50,75,440,2898697772,2994729344,3622,0.643911,510,1334,29-24,19-52,44-21,56,38,22,18,58,56,0,0,1,56,1,56,109,1,56,53,1,button,1,56,56,0,37,0,1.0000,864,0.005495,-1,-1,button,1,56,56,0,37,0,1.0000,864,0.019209,,-1,button,1,56,56,0,37,0,1.0000,864,0.026388,-1,,button,1,56,56,0,37,0,1.0000,864,4.472324,-1,-1,56,0,0,0,0.4,risk_path,4,Bot1|Bot2|Bot3|Bot4,,1,0
311,0.50,75,440,1005567868,222496869,3643,0.647644,506,1381,16-45,13-59,40-62,35,17,65,41,50,30,0,0,1,35,1,35,76,1,35,41,1,button,1,35,35,0,41,0,1.0000,207,0.001087,-1,-1,button,1,35,35,0,41,0,1.0000,207,0.003594,,-1,button,1,35,35,0,41,0,1.0000,207,0.004483,-1,,button,1,35,35,0,41,0,1.0000,207,1.977635,-1,-1,35,0,0,0,0.4,risk_path,4,Bot1|Bot2|Bot3|Bot4,,1,0
312,0.50,75,440,3042795674,2137903543,3656,0.649956,523,1394,37-7,45-46,3-20,65,47,55,47,74,68,0,0,1,65,1,65,131,1,65,66,1,button,1,65,65,0,61,0,1.0000,567,0.004158,-1,-1,button,1,65,65,0,61,0,1.0000,567,0.014697,,-1,button,1,65,65,0,61,0,1.0000,567,0.018766,-1,,button,1,65,65,0,66,0,1.0000,567,6.431909,39,39,65,0,0,0,0.4,risk_path,4,Bot1|Bot2|Bot3|Bot4,,1,0
313,0.50,75,440,1246630585,1554748669,3644,0.647822,515,1381,70-15,74-36,60-13,39,25,58,12,53,37,0,0,1,39,1,39,104,1,39,65,1,button,1,39,39,0,47,0,1.0000,178,0.001239,-1,-1,button,1,39,39,0,47,0,1.0000,178,0.005299,,-1,button,1,39,39,0,47,0,1.0000,178,0.006244,-1,,button,1,39,39,0,47,0,1.0000,178,2.605998,25,25,39,0,0,0,0.4,risk_path,4,Bot1|Bot2|Bot3|Bot4,,1,0
314,0.50,75,440,2358439391,771830428,3651,0.649067,506,1369,54-13,45-40,7-28,40,36,82,62,62,50,0,0,1,40,1,40,131,1,40,91,1,button,1,40,40,0,91,0,1.0000,120,0.000870,-1,-1,button,1,40,40,0,91,0,1.0000,120,0.003811,,-1,button,1,40,40,0,91,0,1.0000,120,0.004124,-1,,button,1,40,40,0,91,0,1.0000,120,2.760088,-1,-1,40,0,0,0,0.4,risk_path,4,Bot1|Bot2|Bot3|Bot4,,1,0
315,0.50,75,440,773523320,1401553363,3618,0.643200,495,1376,24-48,24-35,13-9,19,13,58,50,53,37,0,0,1,19,1,19,102,1,19,83,1,button,1,19,19,0,78,0,1.0000,121,0.000518,-1,-1,button,1,19,19,0,78,0,1.0000,121,0.001055,,-1,button,1,19,19,0,78,0,1.0000,121,0.001439,-1,,button,1,19,19,0,78,0,1.0000,121,0.719083,6,6,19,0,0,0,0.4,risk_path,4,Bot1|Bot2|Bot3|Bot4,,1,0
316,0.50,75,440,1738134723,2008269550,3615,0.642667,493,1361,13-28,74-55,16-9,92,88,34,22,108,104,0,0,1,92,1,92,186,1,92,94,1,button,1,92,92,0,44,0,1.0000,1346,0.013107,-1,-1,button,1,92,92,0,44,0,1.0000,1346,0.048999,,-1,button,1,92,92,0,44,0,1.0000,1346,0.071340,-1,,button,1,92,92,0,44,0,1.0000,1346,10.777438,15,15,92,0,0,0,0.4,risk_path,4,Bot1|Bot2|Bot3|Bot4,,1,0
317,0.50,75,440,979263756,953799673,3669,0.652267,502,1402,13-59,8-50,29-50,16,14,31,25,31,21,0,0,1,16,1,16,62,1,16,46,1,button,1,16,16,0,46,0,1.0000,40,0.000235,-1,-1,button,1,16,16,0,46,0,1.0000,40,0.000513,,-1,button,1,16,16,0,46,0,1.0000,40,0.000697,-1,,button,1,16,16,0,46,0,1.0000,40,0.490026,-1,-1,16,0,0,0,0.4,risk_path,4,Bot1|Bot2|Bot3|Bot4,,1,0
318,0.50,75,440,1739095726,662417193,3613,0.642311,484,1308,66-39,40-23,28-18,42,42,59,59,17,17,1,0,1,42,0,,33,0,,,0,fire_reached_bot,0,38,38,0,-4,4,0.9048,,0.001285,34,34,fire_reached_bot,0,46,33,13,-12,9,0.7857,,0.094233,,-1,fire_reached_bot,0,46,33,13,-12,9,0.7857,,0.167915,-1,,fire_reached_bot,0,46,33,13,-12,9,0.7857,,2.852148,-1,-1,46,0,33,13,,no_path,0,,Bot1|Bot2|Bot3|Bot4,0,1
319,0.50,75,440,868483726,487361327,3650,0.648889,508,1404,55-23,16-9,32-68,67,53,68,68,83,75,0,0,1,67,1,67,159,1,67,92,1,button,1,67,67,0,92,0,1.0000,866,0.006911,-1,-1,button,1,67,67,0,92,0,1.0000,866,0.033931,,-1,button,1,67,67,0,92,0,1.0000,866,0.039159,-1,,button,1,67,67,0,92,0,1.0000,866,6.730606,-1,-1,67,0,0,0,0.4,risk_path,4,Bot1|Bot2|Bot3|Bot4,,1,0
320,0.50,75,440,780381394,1436591598,3617,0.643022,490,1335,61-29,72-65,25-35,67,47,64,42,83,77,0,0,1,67,1,67,146,1,67,79,1,button,1,67,67,0,71,0,1.0000,1069,0.008566,-1,-1,button,1,67,67,0,71,0,1.0000,1069,0.028294,,-1,button,1,67,67,0,71,0,1.0000,1069,0.039599,-1,,button,1,67,67,0,71,0,1.0000,1069,5.848153,9,9,67,0,0,0,0.4,risk_path,4,Bot1|Bot2|Bot3|Bot4,,1,0
321,0.50,75,440,3438593776,3903306868,3635,0.646222,502,1352,60-59,50-8,12-9,89,61,106,98,51,39,1,0,1,89,0,,95,1,89,6,1,button,1,89,89,0,6,0,1.0000,1166,0.012233,-1,-1,button,1,89,89,0,6,0,1.0000,1166,0.046182,,-1,button,1,89,89,0,6,0,1.0000,1166,0.068971,-1,,button,1,89,89,0,6,0,1.0000,1166,11.518602,-1,-1,89,14,60,0,0.99,risk_path,4,Bot1|Bot2|Bot3|Bot4,,1,0
322,0.50,75,440,3986935069,3858830174,3609,0.641600,489,1337,31-41,40-34,16-58,18,16,38,32,56,48,0,0,1,18,1,18,87,1,18,69,1,button,1,18,18,0,62,0,1.0000,67,0.000344,-1,-1,button,1,18,18,0,62,0,1.0000,67,0.000852,,-1,button,1,18,18,0,62,0,1.0000,67,0.001126,-1,,button,1,18,18,0,62,0,1.0000,67,0.581564,4,4,18,0,0,0,0.4,risk_path,4,Bot1|Bot2|Bot3|Bot4,,1,0
323,0.50,75,440,509776406,2567658253,3634,0.646044,501,1378,47-21,69-44,53-74,53,45,81,59,48,46,1,0,1,53,0,,98,1,53,45,1,button,1,53,53,0,45,0,1.0000,206,0.001865,-1,-1,button,1,53,53,0,45,0,1.0000,206,0.009547,,-1,button,1,53,53,0,45,0,1.0000,206,0.011880,-1,,button,1,53,53,0,45,0,1.0000,206,4.358849,35,35,53,0,0,0,0.4,risk_path,4,Bot1|Bot2|Bot3|Bot4,,1,0
324,0.50,75,440,1895927736,3210878789,3644,0.647822,498,1357,21-58,33-29,37-60,47,41,24,18,53,35,0,0,1,47,1,47,105,1,47,58,1,button,1,47,47,0,41,0,1.0000,421,0.002195,-1,-1,button,1,47,47,0,41,0,1.0000,421,0.008969,,-1,button,1,47,47,0,41,0,1.0000,421,0.011686,-1,,button,1,47,47,0,34,0,1.0000,421,3.448218,1,1,47,0,0,0,0.4,risk_path,4,Bot1|Bot2|Bot3|Bot4,,1,0
325,0.50,75,440,75942277,1867417450,3633,0.645867,498,1373,42-69,9-37,54-41,67,65,52,40,73,49,0,0,1,67,1,67,152,1,67,85,1,button,1,67,67,0,76,0,1.0000,770,0.006314,-1,-1,button,1,67,67,0,76,0,1.0000,770,0.016687,,-1,button,1,67,67,0,76,0,1.0000,770,0.025073,-1,,button,1,67,67,0,76,0,1.0000,770,6.695545,-1,-1,67,0,0,0,0.4,risk_path,4,Bot1|Bot2|Bot3|Bot4,,1,0
326,0.50,75,440,4250529820,1484301454,3643,0.647644,502,1368,33-23,2-23,69-51,49,31,74,64,107,95,0,0,1,49,1,49,205,1,49,156,1,button,1,49,49,0,134,0,1.0000,284,0.002381,-1,-1,button,1,49,49,0,134,0,1.0000,284,0.009366,,-1,button,1,49,49,0,134,0,1.0000,284,0.012734,-1,,button,1,49,49,0,134,0,1.0000,284,3.895998,-1,-1,49,0,0,0,0.4,risk_path,4,Bot1|Bot2|Bot3|Bot4,,1,0
327,0.50,75,440,3071567326,2258578127,3628,0.644978,495,1351,17-29,32-6,61-47,52,38,68,62,86,70,0,0,1,52,1,52,133,1,52,81,1,button,1,52,52,0,74,0,1.0000,686,0.004448,-1,-1,button,1,52,52,0,74,0,1.0000,686,0.016097,,-1,button,1,52,52,0,74,0,1.0000,686,0.022426,-1,,button,1,52,52,0,74,0,1.0000,686,4.028628,-1,-1,52,0,0,0,0.4,risk_path,4,Bot1|Bot2|Bot3|Bot4,,1,0
328,0.50,75,440,407302120,1091993989,3642,0.647467,494,1375,69-30,27-56,9-73,68,68,105,103,41,35,1,0,1,68,0,,75,1,68,7,1,button,1,68,68,0,7,0,1.0000,422,0.003782,-1,-1,button,1,68,68,0,7,0,1.0000,422,0.017524,,-1,button,1,68,68,0,7,0,1.0000,422,0.026111,-1,,button,1,68,68,0,7,0,1.0000,422,8.064890,-1,-1,68,10,32,0,0.99,risk_path,4,Bot1|Bot2|Bot3|Bot4,,1,0
329,0.50,75,440,403694093,443635467,3638,0.646756,512,1379,43-13,3-72,5-9,105,99,52,42,99,65,1,0,1,105,0,,170,1,105,65,1,button,1,105,105,0,17,0,1.0000,1160,0.014931,-1,-1,button,1,105,105,0,17,0,1.0000,1160,0.084664,,-1,button,1,105,105,0,17,0,1.0000,1160,0.091963,-1,,button,1,105,105,0,17,0,1.0000,1160,14.058508,-1,-1,105,0,0,0,0.4,risk_path,4,Bot1|Bot2|Bot3|Bot4,,1,0
330,0.50,75,440,2933929372,24815168,3657,0.650133,506,1413,16-47,12-13,7-1,58,38,71,55,21,17,1,0,1,58,0,,43,0,,,0,fire_reached_bot,0,51,51,0,-7,7,0.8793,,0.002081,42,42,fire_reached_bot,0,67,41,26,-23,17,0.7069,,0.139748,,-1,fire_reached_bot,0,67,41,26,-23,17,0.7069,,0.331599,-1,,fire_reached_bot,0,67,41,26,-23,17,0.7069,,5.580165,-1,-1,67,0,41,26,,no_path,0,,Bot1|Bot2|Bot3|Bot4,0,1
331,0.50,75,440,571489985,3669167757,3662,0.651022,499,1410,27-33,16-4,24-50,66,40,26,20,70,54,0,0,1,66,1,66,126,1,66,60,1,button,1,66,66,0,21,0,1.0000,1258,0.009368,-1,-1,button,1,66,66,0,21,0,1.0000,1258,0.022870,,-1,button,1,66,66,0,21,0,1.0000,1258,0.041848,-1,,button,1,66,66,0,21,0,1.0000,1258,6.258505,-1,-1,66,0,0,0,0.4,risk_path,4,Bot1|Bot2|Bot3|Bot4,,1,0
332,0.50,75,440,2718824820,2814868908,3642,0.647467,500,1367,69-72,7-71,1-31,107,63,123,109,68,46,1,0,1,107,0,,126,1,107,19,1,button,1,107,107,0,19,0,1.0000,1210,0.012726,-1,-1,button,1,107,107,0,19,0,1.0000,1210,0.064740,,-1,button,1,107,107,0,19,0,1.0000,1210,0.101167,-1,,button,1,107,107,0,19,0,1.0000,1210,15.791008,-1,-1,107,5,45,0,0.99,risk_path,4,Bot1|Bot2|Bot3|Bot4,,1,0
333,0.50,75,440,1458069241,3379700867,3616,0.642844,488,1368,54-44,9-44,37-18,71,45,51,43,70,54,1,0,1,71,0,,134,1,71,63,1,button,1,71,71,0,52,0,1.0000,848,0.007630,-1,-1,button,1,71,71,0,52,0,1.0000,848,0.032801,,-1,button,1,71,71,0,52,0,1.0000,848,0.047894,-1,,button,1,71,71,0,52,0,1.0000,848,6.795676,-1,-1,71,0,0,0,0.4,risk_path,4,Bot1|Bot2|Bot3|Bot4,,1,0
334,0.50,75,440,110822976,411924728,3637,0.646578,500,1351,9-14,47-13,64-72,57,39,113,113,90,76,0,0,1,57,1,57,172,1,57,115,1,button,1,57,57,0,112,0,1.0000,326,0.002647,-1,-1,button,1,57,57,0,112,0,1.0000,326,0.013059,,-1,button,1,57,57,0,112,0,1.0000,326,0.013333,-1,,button,1,57,57,0,112,0,1.0000,326,5.577424,30,30,57,0,0,0,0.4,risk_path,4,Bot1|Bot2|Bot3|Bot4,,1,0
335,0.50,75,440,3526644172,994635310,3650,0.648889,506,1412,56-5,54-63,8-20,98,60,75,63,97,89,1,0,1,98,0,,172,1,98,74,1,button,1,98,98,0,73,0,1.0000,1279,0.015196,-1,-1,button,1,98,98,0,73,0,1.0000,1279,0.085562,,-1,button,1,98,98,0,73,0,1.0000,1279,0.101978,-1,,button,1,98,98,0,73,0,1.0000,1279,12.149859,-1,-1,98,0,0,0,0.4,risk_path,4,Bot1|Bot2|Bot3|Bot4,,1,0
336,0.50,75,440,1087217453,2269991397,3621,0.643733,494,1334,22-61,69-15,6-53,93,93,28,24,111,101,0,0,1,93,1,93,201,1,93,108,1,button,1,93,93,0,43,0,1.0000,1125,0.011805,-1,-1,button,1,93,93,0,43,0,1.0000,1125,0.043734,,-1,button,1,93,93,0,43,0,1.0000,1125,0.050355,-1,,button,1,93,93,0,43,0,1.0000,1125,11.545589,9,9,93,0,0,0,0.4,risk_path,4,Bot1|Bot2|Bot3|Bot4,,1,0
337,0.50,75,440,4182190525,591908680,3630,0.645333,507,1374,56-6,63-6,60-53,15,7,63,51,64,50,0,0,1,15,1,15,117,1,15,102,1,button,1,15,15,0,102,0,1.0000,39,0.000308,-1,-1,button,1,15,15,0,102,0,1.0000,39,0.000558,,-1,button,1,15,15,0,102,0,1.0000,39,0.000744,-1,,button,1,15,15,0,102,0,1.0000,39,0.467130,1,1,15,0,0,0,0.4,risk_path,4,Bot1|Bot2|Bot3|Bot4,,1,0
338,0.50,75,440,131814599,1043486984,3657,0.650133,523,1389,39-55,70-4,56-15,84,82,63,57,25,25,1,0,1,84,0,,41,0,,,0,walked_into_fire,0,44,44,0,-2,40,0.5238,,0.002989,36,36,fire_reached_bot,0,62,35,27,-20,49,0.4167,,0.140990,,-1,fire_reached_bot,0,62,35,27,-20,49,0.4167,,0.276388,-1,,fire_reached_bot,0,62,35,27,-20,49,0.4167,,7.817855,-1,-1,62,0,35,27,,no_path,0,,Bot1|Bot2|Bot3|Bot4,0,1
339,0.50,75,440,1857643394,677001930,3667,0.651911,510,1436,66-71,67-49,25-46,29,23,70,66,57,45,0,0,1,29,1,29,108,1,29,79,1,button,1,29,29,0,79,0,1.0000,96,0.000572,-1,-1,button,1,29,29,0,79,0,1.0000,96,0.001930,,-1,button,1,29,29,0,79,0,1.0000,96,0.002519,-1,,button,1,29,29,0,79,0,1.0000,96,1.587505,20,20,29,0,0,0,0.4,risk_path,4,Bot1|Bot2|Bot3|Bot4,,1,0
340,0.50,75,440,3864308138,3978975570,3644,0.647822,513,1385,10-9,61-25,64-45,83,67,100,90,27,23,1,0,1,83,0,,52,0,,,0,fire_reached_bot,0,60,60,0,-7,23,0.7229,,0.006903,52,52,fire_reached_bot,0,80,51,29,-27,32,0.6145,,0.168310,,-1,fire_reached_bot,0,80,51,29,-27,32,0.6145,,0.298326,-1,,fire_reached_bot,0,80,51,29,-27,32,0.6145,,9.232221,-1,-1,80,0,51,29,,no_path,0,,Bot1|Bot2|Bot3|Bot4,0,1
341,0.50,75,440,3005494717,346531541,3669,0.652267,514,1446,23-73,11-56,43-56,29,29,51,37,56,32,0,0,1,29,1,29,106,1,29,77,1,button,1,29,29,0,77,0,1.0000,88,0.000556,-1,-1,button,1,29,29,0,77,0,1.0000,88,0.002084,,-1,button,1,29,29,0,77,0,1.0000,88,0.002512,-1,,button,1,29,29,0,77,0,1.0000,88,1.613357,-1,-1,29,0,0,0,0.4,risk_path,4,Bot1|Bot2|Bot3|Bot4,,1,0
342,0.50,75,440,2387691047,1277799577,3628,0.644978,496,1375,63-32,0-59,64-69,110,90,48,38,108,74,1,0,1,110,0,,189,1,110,79,1,button,1,110,110,0,46,0,1.0000,1331,0.018554,-1,-1,button,1,110,110,0,46,0,1.0000,1331,0.117487,,-1,button,1,110,110,0,46,0,1.0000,1331,0.141095,-1,,button,1,110,110,0,46,0,1.0000,1331,15.779898,80,80,110,0,0,0,0.4,risk_path,4,Bot1|Bot2|Bot3|Bot4,,1,0
343,0.50,75,440,909155234,2602241716,3644,0.647822,500,1364,16-23,49-50,35-2,60,60,42,40,74,62,0,0,1,60,1,60,137,1,60,77,1,button,1,60,60,0,61,0,1.0000,317,0.001987,-1,-1,button,1,60,60,0,61,0,1.0000,317,0.010601,,-1,button,1,60,60,0,61,0,1.0000,317,0.011453,-1,,button,1,60,60,0,61,0,1.0000,317,5.942718,1,1,60,0,0,0,0.4,risk_path,4,Bot1|Bot2|Bot3|Bot4,,1,0
344,0.50,75,440,3582665592,3009362077,3649,0.648711,507,1382,35-73,60-54,29-72,46,44,9,7,55,49,0,0,1,46,1,46,114,1,46,68,1,button,1,46,46,0,20,0,1.0000,182,0.001321,-1,-1,button,1,46,46,0,20,0,1.0000,182,0.005387,,-1,button,1,46,46,0,20,0,1.0000,182,0.007296,-1,,button,1,46,46,0,20,0,1.0000,182,3.528173,-1,-1,46,0,0,0,0.4,risk_path,4,Bot1|Bot2|Bot3|Bot4,,1,0
345,0.50,75,440,2398338138,2828610287,3658,0.650311,518,1407,57-10,11-57,39-61,101,93,79,69,44,32,1,0,1,101,0,,101,0,,,0,fire_reached_bot,0,68,68,0,0,33,0.6733,878,0.007761,59,59,fire_reached_bot,0,83,70,13,0,35,0.6535,1375,0.115240,,-1,fire_reached_bot,0,83,70,13,0,35,0.6535,1375,0.156202,-1,,fire_reached_bot,0,83,70,13,0,35,0.6535,1375,11.556569,-1,-1,83,0,70,13,,no_path,0,,Bot1|Bot2|Bot3|Bot4,0,1
346,0.50,75,440,1634039232,257003492,3623,0.644089,481,1315,15-50,50-34,67-55,55,51,73,57,58,38,0,0,1,55,1,55,106,1,55,51,1,button,1,55,55,0,46,0,1.0000,330,0.002460,-1,-1,button,1,55,55,0,46,0,1.0000,330,0.012299,,-1,button,1,55,55,0,46,0,1.0000,330,0.012407,-1,,button,1,55,55,0,46,0,1.0000,330,5.130813,9,9,55,0,0,0,0.4,risk_path,4,Bot1|Bot2|Bot3|Bot4,,1,0
347,0.50,75,440,2513077685,551885425,3649,0.648711,526,1370,16-2,51-8,61-32,45,41,77,75,40,34,1,0,1,45,0,,68,1,45,23,1,button,1,45,45,0,23,0,1.0000,486,0.003218,-1,-1,button,1,45,45,0,23,0,1.0000,486,0.010049,,-1,button,1,45,45,0,23,0,1.0000,486,0.009645,-1,,button,1,45,45,0,23,0,1.0000,486,3.361776,-1,-1,45,0,0,0,0.4,risk_path,4,Bot1|Bot2|Bot3|Bot4,,1,0
348,0.50,75,440,2812461286,2193935649,3611,0.641956,483,1301,15-34,23-68,70-39,52,42,84,60,90,76,0,0,1,52,1,52,158,1,52,106,1,button,1,52,52,0,98,0,1.0000,310,0.002261,-1,-1,button,1,52,52,0,98,0,1.0000,310,0.015572,,-1,button,1,52,52,0,98,0,1.0000,310,0.013490,-1,,button,1,52,52,0,98,0,1.0000,310,4.137111,5,5,52,0,0,0,0.4,risk_path,4,Bot1|Bot2|Bot3|Bot4,,1,0
349,0.50,75,440,1831191962,3675714604,3639,0.646933,513,1405,21-49,42-73,62-57,47,45,61,49,38,36,1,0,1,47,0,,79,1,47,32,1,button,1,47,47,0,25,0,1.0000,388,0.002375,-1,-1,button,1,47,47,0,25,0,1.0000,388,0.008616,,-1,button,1,47,47,0,25,0,1.0000,388,0.010917,-1,,button,1,47,47,0,25,0,1.0000,388,3.394055,6,6,47,0,0,0,0.4,risk_path,4,Bot1|Bot2|Bot3|Bot4,,1,0
350,0.50,75,440,2219431423,1820989950,3664,0.651378,510,1364,40-51,48-66,2-54,35,23,61,41,64,58,0,0,1,35,1,35,107,1,35,72,1,button,1,35,35,0,69,0,1.0000,185,0.000931,-1,-1,button,1,35,35,0,69,0,1.0000,185,0.003185,,-1,button,1,35,35,0,69,0,1.0000,185,0.004408,-1,,button,1,35,35,0,69,0,1.0000,185,2.122176,9,9,35,0,0,0,0.4,risk_path,4,Bot1|Bot2|Bot3|Bot4,,1,0
351,0.50,75,440,509892709,3321225519,3631,0.645511,492,1334,68-20,35-61,33-59,76,74,84,74,8,4,1,0,1,76,0,,15,0,,,0,walked_into_fire,0,54,54,0,-38,22,0.7105,,0.002965,16,16,fire_reached_bot,0,121,15,106,-105,61,0.1974,,0.412379,,-1,fire_reached_bot,0,121,15,106,-105,61,0.1974,,0.889239,-1,,fire_reached_bot,0,121,15,106,-105,61,0.1974,,3.383160,-1,-1,121,0,15,106,,no_path,0,,Bot1|Bot2|Bot3|Bot4,0,1
352,0.50,75,440,410674036,2790386272,3625,0.644444,506,1354,26-67,69-15,65-27,97,95,79,79,18,16,1,0,1,97,0,,31,0,,,0,walked_into_fire,0,50,50,0,-18,47,0.5155,,0.003823,32,32,fire_reached_bot,0,81,31,50,-49,66,0.3196,,0.253142,,-1,fire_reached_bot,0,81,31,50,-49,66,0.3196,,0.467946,-1,,fire_reached_bot,0,81,31,50,-49,66,0.3196,,7.169834,-1,-1,81,0,31,50,,no_path,0,,Bot1|Bot2|Bot3|Bot4,0,1
353,0.50,75,440,43560433,194753494,3664,0.651378,509,1414,18-45,35-35,14-41,29,27,10,8,31,27,0,0,1,29,1,29,60,1,29,31,1,button,1,29,29,0,4,0,1.0000,168,0.000827,-1,-1,button,1,29,29,0,4,0,1.0000,168,0.002758,,-1,button,1,29,29,0,4,0,1.0000,168,0.003626,-1,,button,1,29,29,0,4,0,1.0000,168,1.469483,13,13,29,0,0,0,0.4,risk_path,4,Bot1|Bot2|Bot3|Bot4,,1,0
354,0.50,75,440,4123683559,484405637,3632,0.645689,495,1346,35-23,17-71,73-61,72,66,80,76,106,66,0,0,1,72,1,72,179,1,72,107,1,button,1,72,72,0,83,0,1.0000,551,0.005136,-1,-1,button,1,72,72,0,83,0,1.0000,551,0.023768,,-1,button,1,72,72,0,83,0,1.0000,551,0.035690,-1,,button,1,72,72,0,83,0,1.0000,551,7.938540,-1,-1,72,0,0,0,0.4,risk_path,4,Bot1|Bot2|Bot3|Bot4,,1,0
355,0.50,75,440,2102547529,3795932170,3646,0.648178,505,1407,50-36,69-58,9-56,41,41,71,61,84,62,0,0,1,41,1,41,165,1,41,124,1,button,1,41,41,0,107,0,1.0000,424,0.002086,-1,-1,button,1,41,41,0,107,0,1.0000,424,0.005151,,-1,button,1,41,41,0,107,0,1.0000,424,0.008325,-1,,button,1,41,41,0,107,0,1.0000,424,2.579057,22,22,41,0,0,0,0.4,risk_path,4,Bot1|Bot2|Bot3|Bot4,,1,0
356,0.50,75,440,1989372477,1712784801,3669,0.652267,524,1424,21-34,59-12,66-55,66,60,78,66,60,50,1,0,1,66,0,,112,1,66,46,1,button,1,66,66,0,45,0,1.0000,829,0.008859,-1,-1,button,1,66,66,0,45,0,1.0000,829,0.017956,,-1,button,1,66,66,0,45,0,1.0000,829,0.031963,-1,,button,1,66,66,0,44,0,1.0000,829,6.051456,1,1,66,0,0,0,0.4,risk_path,4,Bot1|Bot2|Bot3|Bot4,,1,0
357,0.50,75,440,3146175691,832631895,3635,0.646222,504,1390,18-0,68-9,10-61,87,59,87,69,126,110,0,0,1,87,1,87,227,1,87,140,1,button,1,87,87,0,117,0,1.0000,1027,0.014811,-1,-1,button,1,87,87,0,117,0,1.0000,1027,0.052855,,-1,button,1,87,87,0,117,0,1.0000,1027,0.065194,-1,,button,1,87,87,0,117,0,1.0000,1027,10.395382,2,2,87,0,0,0,0.4,risk_path,4,Bot1|Bot2|Bot3|Bot4,,1,0
358,0.50,75,440,619419441,2208452547,3652,0.649244,505,1413,54-66,47-12,11-43,71,61,70,66,77,67,0,0,1,71,1,71,139,1,71,68,1,button,1,71,71,0,47,0,1.0000,1092,0.008434,-1,-1,button,1,71,71,0,47,0,1.0000,1092,0.023742,,-1,button,1,71,71,0,47,0,1.0000,1092,0.031233,-1,,button,1,71,71,0,47,0,1.0000,1092,6.990666,-1,-1,71,0,0,0,0.4,risk_path,4,Bot1|Bot2|Bot3|Bot4,,1,0
359,0.50,75,440,1223795627,3036548846,3649,0.648711,506,1394,57-7,12-54,8-43,92,92,87,85,21,15,1,0,1,92,0,,35,0,,,0,walked_into_fire,0,61,61,0,-25,31,0.6630,,0.004091,36,36,fire_reached_bot,0,108,35,73,-72,57,0.3804,,0.351799,,-1,fire_reached_bot,0,108,35,73,-72,57,0.3804,,0.625418,-1,,fire_reached_bot,0,108,35,73,-72,57,0.3804,,8.514812,-1,-1,108,0,35,73,,no_path,0,,Bot1|Bot2|Bot3|Bot4,0,1
360,0.50,75,440,579359964,1186995808,3635,0.646222,507,1379,22-42,54-3,35-52,77,71,23,23,78,68,0,0,1,77,1,77,137,1,77,60,1,button,1,77,77,0,15,0,1.0000,1317,0.011479,-1,-1,button,1,77,77,0,15,0,1.0000,1317,0.037040,,-1,button,1,77,77,0,15,0,1.0000,1317,0.038463,-1,,button,1,77,77,0,15,0,1.0000,1317,7.715563,21,21,77,0,0,0,0.4,risk_path,4,Bot1|Bot2|Bot3|Bot4,,1,0
361,0.50,75,440,2365814492,1911836688,3652,0.649244,497,1410,17-70,13-44,49-34,44,30,72,68,52,46,0,0,1,44,1,44,90,1,44,46,1,button,1,44,44,0,46,0,1.0000,350,0.001947,-1,-1,button,1,44,44,0,46,0,1.0000,350,0.009915,,-1,button,1,44,44,0,46,0,1.0000,350,0.008518,-1,,button,1,44,44,0,46,0,1.0000,350,3.169233,-1,-1,44,0,0,0,0.4,risk_path,4,Bot1|Bot2|Bot3|Bot4,,1,0
362,0.50,75,440,1556033072,2435529583,3641,0.647289,503,1362,41-9,37-54,29-58,73,49,81,61,12,12,1,0,1,73,0,,21,0,,,0,fire_reached_bot,0,55,55,0,-33,18,0.7534,,0.004677,22,22,fire_reached_bot,0,101,21,80,-79,52,0.2877,,0.381008,,-1,fire_reached_bot,0,101,21,80,-79,52,0.2877,,0.651982,-1,,fire_reached_bot,0,101,21,80,-79,52,0.2877,,4.392958,-1,-1,101,0,21,80,,no_path,0,,Bot1|Bot2|Bot3|Bot4,0,1
363,0.50,75,440,4172303545,2847709414,3659,0.650489,521,1372,18-5,16-3,65-55,4,4,97,97,101,101,0,0,1,4,1,4,172,1,4,168,1,button,1,4,4,0,168,0,1.0000,4,0.000064,-1,-1,button,1,4,4,0,168,0,1.0000,4,0.000093,,-1,button,1,4,4,0,168,0,1.0000,4,0.000101,-1,,button,1,4,4,0,168,0,1.0000,4,0.076407,-1,-1,4,0,0,0,0.4,risk_path,4,Bot1|Bot2|Bot3|Bot4,,1,0
364,0.50,75,440,2579275816,973970230,3634,0.646044,504,1359,6-44,19-58,62-43,33,27,91,57,60,58,0,0,1,33,1,33,99,1,33,66,1,button,1,33,33,0,65,0,1.0000,307,0.001343,-1,-1,button,1,33,33,0,65,0,1.0000,307,0.003073,,-1,button,1,33,33,0,65,0,1.0000,307,0.004304,-1,,button,1,33,33,0,65,0,1.0000,307,1.729285,10,10,33,0,0,0,0.4,risk_path,4,Bot1|Bot2|Bot3|Bot4,,1,0
365,0.50,75,440,1952802954,979129697,3639,0.646933,509,1412,74-40,7-52,23-65,93,79,90,76,39,29,1,0,1,93,0,,64,0,,,0,walked_into_fire,0,57,57,0,-2,36,0.6129,582,0.004455,56,56,fire_reached_bot,0,76,64,12,-11,41,0.5591,,0.104826,,-1,fire_reached_bot,0,76,64,12,-11,41,0.5591,,0.143464,-1,,fire_reached_bot,0,76,64,12,-11,41,0.5591,,11.888098,-1,-1,76,0,64,12,,no_path,0,,Bot1|Bot2|Bot3|Bot4,0,1
366,0.50,75,440,3081393282,309076382,3638,0.646756,493,1349,36-74,8-31,36-50,71,71,36,24,47,47,1,0,1,71,0,,86,1,71,15,1,button,1,71,71,0,2,0,1.0000,1086,0.008164,-1,-1,button,1,71,71,0,2,0,1.0000,1086,0.026383,,-1,button,1,71,71,0,2,0,1.0000,1086,0.025584,-1,,button,1,71,71,0,2,0,1.0000,1086,6.490617,-1,-1,71,8,26,0,0.99,risk_path,4,Bot1|Bot2|Bot3|Bot4,,1,0
367,0.50,75,440,3151380601,1716409728,3657,0.650133,505,1413,67-49,55-9,62-54,58,52,10,10,66,52,0,0,1,58,1,58,108,1,58,50,1,button,1,58,58,0,22,0,1.0000,741,0.005546,-1,-1,button,1,58,58,0,22,0,1.0000,741,0.015326,,-1,button,1,58,58,0,22,0,1.0000,741,0.018599,-1,,button,1,58,58,0,22,0,1.0000,741,4.769943,50,50,58,0,0,0,0.4,risk_path,4,Bot1|Bot2|Bot3|Bot4,,1,0
368,0.50,75,440,2032139050,1891626865,3643,0.647644,499,1406,56-19,54-8,30-48,15,13,57,55,66,64,0,0,1,15,1,15,111,1,15,96,1,button,1,15,15,0,96,0,1.0000,39,0.000260,-1,-1,button,1,15,15,0,96,0,1.0000,39,0.000830,,-1,button,1,15,15,0,96,0,1.0000,39,0.000704,-1,,button,1,15,15,0,96,0,1.0000,39,0.424548,-1,-1,15,0,0,0,0.4,risk_path,4,Bot1|Bot2|Bot3|Bot4,,1,0
369,0.50,75,440,737645428,557148272,3635,0.646222,500,1363,5-39,12-37,1-60,21,9,31,25,40,34,0,0,1,21,1,21,83,1,21,62,1,button,1,21,21,0,60,0,1.0000,31,0.000320,-1,-1,button,1,21,21,0,60,0,1.0000,31,0.001544,,-1,button,1,21,21,0,60,0,1.0000,31,0.001185,-1,,button,1,21,21,0,60,0,1.0000,31,0.765748,-1,-1,21,0,0,0,0.4,risk_path,4,Bot1|Bot2|Bot3|Bot4,,1,0
370,0.50,75,440,2602577069,3193247753,3645,0.648000,514,1391,69-45,24-59,39-7,83,59,82,68,87,67,0,0,1,83,1,83,160,1,83,77,1,button,1,83,83,0,75,0,1.0000,1139,0.010285,-1,-1,button,1,83,83,0,75,0,1.0000,1139,0.058467,,-1,button,1,83,83,0,75,0,1.0000,1139,0.057686,-1,,button,1,83,83,0,75,0,1.0000,1139,9.300558,-1,-1,83,0,0,0,0.4,risk_path,4,Bot1|Bot2|Bot3|Bot4,,1,0
371,0.50,75,440,1923164207,2685547185,3651,0.649067,505,1395,63-72,66-47,73-55,48,28,33,27,33,15,1,0,1,48,0,,64,1,52,12,0,walked_into_fire,0,28,28,0,-3,20,0.5833,66,0.000906,28,27,button,1,52,52,0,1,0,1.0000,264,0.010318,,27,fire_reached_bot,0,54,51,3,0,17,0.6458,297,0.022483,27,,button,1,52,52,0,1,0,1.0000,264,4.202801,-1,27,52,17,26,0,0.99,risk_path,2,Bot2|Bot4,Bot1|Bot3,0,0
372,0.50,75,440,3064658255,2591067856,3624,0.644267,503,1380,5-60,53-71,10-3,73,59,94,62,119,111,0,0,1,73,1,73,187,1,73,114,1,button,1,73,73,0,110,0,1.0000,489,0.004860,-1,-1,button,1,73,73,0,110,0,1.0000,489,0.023546,,-1,button,1,73,73,0,110,0,1.0000,489,0.024150,-1,,button,1,73,73,0,110,0,1.0000,489,7.908706,6,6,73,0,0,0,0.4,risk_path,4,Bot1|Bot2|Bot3|Bot4,,1,0
373,0.50,75,440,1154147649,4041770858,3645,0.648000,489,1406,62-19,40-29,24-69,34,32,106,88,72,56,0,0,1,34,1,34,132,1,34,98,1,button,1,34,34,0,98,0,1.0000,164,0.000909,-1,-1,button,1,34,34,0,98,0,1.0000,164,0.003507,,-1,button,1,34,34,0,98,0,1.0000,164,0.003616,-1,,button,1,34,34,0,98,0,1.0000,164,1.928274,-1,-1,34,0,0,0,0.4,risk_path,4,Bot1|Bot2|Bot3|Bot4,,1,0
374,0.50,75,440,1357385445,1134208027,3666,0.651733,513,1413,25-51,39-21,30-57,60,44,11,11,65,45,0,0,1,60,1,60,125,1,60,65,1,button,1,60,60,0,12,0,1.0000,774,0.005063,-1,-1,button,1,60,60,0,12,0,1.0000,774,0.030187,,-1,button,1,60,60,0,12,0,1.0000,774,0.023793,-1,,button,1,60,60,0,12,0,1.0000,774,5.110953,12,12,60,0,0,0,0.4,risk_path,4,Bot1|Bot2|Bot3|Bot4,,1,0
375,0.50,75,440,560426098,1461767624,3635,0.646222,513,1396,24-1,51-60,27-31,94,86,51,33,55,53,1,0,1,94,0,,90,0,,,0,walked_into_fire,0,46,46,0,-2,48,0.4894,350,0.002151,45,45,fire_reached_bot,0,80,73,7,0,45,0.5213,1634,0.056048,,65,fire_reached_bot,0,80,73,7,0,43,0.5426,1634,0.071496,65,,fire_reached_bot,0,80,73,7,0,45,0.5213,1634,10.429912,-1,65,80,0,73,7,,no_path,0,,Bot1|Bot2|Bot3|Bot4,0,1
376,0.50,75,440,1829175360,2037474768,3618,0.643200,493,1325,46-28,2-26,69-70,64,46,67,65,119,111,0,0,1,64,1,64,209,1,64,145,1,button,1,64,64,0,121,0,1.0000,435,0.003840,-1,-1,button,1,64,64,0,121,0,1.0000,435,0.018923,,-1,button,1,64,64,0,121,0,1.0000,435,0.017703,-1,,button,1,64,64,0,121,0,1.0000,435,5.998939,-1,-1,64,0,0,0,0.4,risk_path,4,Bot1|Bot2|Bot3|Bot4,,1,0
377,0.50,75,440,3056335309,1867334455,3661,0.650844,500,1439,27-46,28-68,18-56,47,23,21,19,28,22,1,0,1,47,0,,44,0,,,0,walked_into_fire,0,17,17,0,-1,30,0.3617,34,0.000639,17,13,fire_reached_bot,0,19,18,1,0,33,0.2979,54,0.006947,,13,fire_reached_bot,0,75,44,31,-30,45,0.0426,,0.296459,13,,fire_reached_bot,0,19,18,1,0,33,0.2979,54,2.754492,-1,13,19,0,18,1,,no_path,0,,Bot1|Bot2|Bot3|Bot4,0,1
378,0.50,75,440,3498759806,185762425,3635,0.646222,494,1353,44-3,7-68,63-11,110,102,29,27,117,113,0,0,1,110,1,110,185,1,110,75,1,button,1,110,110,0,24,0,1.0000,1738,0.021757,-1,-1,button,1,110,110,0,24,0,1.0000,1738,0.076906,,-1,button,1,110,110,0,24,0,1.0000,1738,0.087480,-1,,button,1,110,110,0,24,0,1.0000,1738,13.092827,-1,-1,110,0,0,0,0.4,risk_path,4,Bot1|Bot2|Bot3|Bot4,,1,0
379,0.50,75,440,743858379,262038232,3647,0.648356,504,1394,0-72,40-37,64-54,77,75,92,82,45,41,1,0,1,77,0,,85,1,77,8,1,button,1,77,77,0,8,0,1.0000,1043,0.009515,-1,-1,button,1,77,77,0,8,0,1.0000,1043,0.028944,,-1,button,1,77,77,0,8,0,1.0000,1043,0.033522,-1,,button,1,77,77,0,8,0,1.0000,1043,8.857879,74,74,77,7,63,0,0.99,risk_path,4,Bot1|Bot2|Bot3|Bot4,,1,0
380,0.50,75,440,3490957155,2695499596,3644,0.647822,514,1421,51-6,65-68,53-10,96,76,8,6,90,70,1,0,1,96,0,,148,1,108,40,0,walked_into_fire,0,7,7,0,-5,89,0.0729,8,0.001726,4,1,fire_reached_bot,0,25,25,0,0,81,0.1562,138,0.030788,,1,fire_reached_bot,0,44,36,8,0,84,0.1250,499,0.048563,1,,button,1,108,108,0,6,0,1.0000,1866,12.285371,1,14,108,0,0,0,0.4,risk_path,1,Bot4,Bot1|Bot2|Bot3,0,0
381,0.50,75,440,44469780,2130841903,3651,0.649067,517,1415,41-66,32-72,23-5,21,15,87,79,102,76,0,0,1,21,1,21,174,1,21,153,1,button,1,21,21,0,144,0,1.0000,95,0.000488,-1,-1,button,1,21,21,0,144,0,1.0000,95,0.001323,,-1,button,1,21,21,0,144,0,1.0000,95,0.001545,-1,,button,1,21,21,0,144,0,1.0000,95,0.768344,-1,-1,21,0,0,0,0.4,risk_path,4,Bot1|Bot2|Bot3|Bot4,,1,0
382,0.50,75,440,1350579762,3490582419,3658,0.650311,507,1374,20-31,25-6,46-43,44,30,48,38,76,58,0,0,1,44,1,44,147,1,44,103,1,button,1,44,44,0,79,0,1.0000,456,0.002381,-1,-1,button,1,44,44,0,79,0,1.0000,456,0.008943,,-1,button,1,44,44,0,79,0,1.0000,456,0.010760,-1,,button,1,44,44,0,79,0,1.0000,456,2.962039,1,1,44,0,0,0,0.4,risk_path,4,Bot1|Bot2|Bot3|Bot4,,1,0
383,0.50,75,440,2733807543,3538856808,3647,0.648356,506,1388,65-8,0-53,51-67,112,110,87,73,81,65,1,0,1,112,0,,155,1,112,43,1,button,1,112,112,0,43,0,1.0000,1663,0.019836,-1,-1,button,1,112,112,0,43,0,1.0000,1663,0.064107,,-1,button,1,112,112,0,43,0,1.0000,1663,0.080987,-1,,button,1,112,112,0,43,0,1.0000,1663,13.929003,-1,-1,112,13,3,0,0.99,risk_path,4,Bot1|Bot2|Bot3|Bot4,,1,0
384,0.50,75,440,144857897,2449621353,3659,0.650489,507,1392,72-6,70-33,45-20,53,29,45,41,44,38,1,0,1,53,0,,84,1,53,31,1,button,1,53,53,0,19,0,1.0000,631,0.003961,-1,-1,button,1,53,53,0,19,0,1.0000,631,0.011426,,-1,button,1,53,53,0,19,0,1.0000,631,0.016003,-1,,button,1,53,53,0,19,0,1.0000,631,4.036299,35,35,53,0,0,0,0.4,risk_path,4,Bot1|Bot2|Bot3|Bot4,,1,0
385,0.50,75,440,341761630,1725134005,3609,0.641600,497,1358,46-27,19-16,34-58,54,38,61,43,73,57,0,0,1,54,1,54,120,1,54,66,1,button,1,54,54,0,66,0,1.0000,728,0.004890,-1,-1,button,1,54,54,0,66,0,1.0000,728,0.021348,,-1,button,1,54,54,0,66,0,1.0000,728,0.022017,-1,,button,1,54,54,0,63,0,1.0000,728,4.505223,5,5,54,0,0,0,0.4,risk_path,4,Bot1|Bot2|Bot3|Bot4,,1,0
386,0.50,75,440,192649057,483095820,3649,0.648711,500,1326,43-10,1-65,10-16,107,97,47,39,70,58,1,0,1,107,0,,131,1,109,22,0,walked_into_fire,0,45,45,0,-3,62,0.4206,446,0.003998,45,43,button,1,123,123,0,1,0,1.0000,2220,0.110841,,43,button,1,119,119,0,5,0,1.0000,2116,0.123587,43,,button,1,123,123,0,1,0,1.0000,2220,16.157970,91,43,123,19,87,0,0.99,risk_path,3,Bot2|Bot3|Bot4,Bot1,0,0
387,0.50,75,440,3803973244,2905068052,3617,0.643022,490,1340,11-68,71-0,70-47,134,128,102,80,66,48,1,0,1,134,0,,118,0,,,0,walked_into_fire,0,98,98,0,-1,36,0.7313,1086,0.013123,96,94,fire_reached_bot,0,120,106,14,-1,48,0.6418,,0.204703,,94,fire_reached_bot,0,133,106,27,-14,44,0.6716,,0.220777,94,,fire_reached_bot,0,120,106,14,-1,48,0.6418,,19.988223,-1,94,120,0,106,14,,no_path,0,,Bot1|Bot2|Bot3|Bot4,0,1
388,0.50,75,440,1436060441,193209266,3627,0.644800,496,1372,62-48,62-52,65-20,10,4,53,31,57,35,0,0,1,10,1,10,103,1,10,93,1,button,1,10,10,0,83,0,1.0000,17,0.000226,-1,-1,button,1,10,10,0,83,0,1.0000,17,0.000430,,-1,button,1,10,10,0,83,0,1.0000,17,0.000307,-1,,button,1,10,10,0,83,0,1.0000,17,0.261002,-1,-1,10,0,0,0,0.4,risk_path,4,Bot1|Bot2|Bot3|Bot4,,1,0
389,0.50,75,440,3826677250,268213696,3645,0.648000,517,1385,26-31,33-32,8-53,12,8,40,40,48,46,0,0,1,12,1,12,91,1,12,79,1,button,1,12,12,0,72,0,1.0000,46,0.000323,-1,-1,button,1,12,12,0,72,0,1.0000,46,0.000753,,-1,button,1,12,12,0,72,0,1.0000,46,0.000528,-1,,button,1,12,12,0,72,0,1.0000,46,0.349211,7,7,12,0,0,0,0.4,risk_path,4,Bot1|Bot2|Bot3|Bot4,,1,0
390,0.50,75,440,1922677758,3470194275,3657,0.650133,504,1385,3-43,21-19,17-61,44,42,34,32,58,46,0,0,1,44,1,44,107,1,44,63,1,button,1,44,44,0,54,0,1.0000,414,0.003338,-1,-1,button,1,44,44,0,54,0,1.0000,414,0.009629,,-1,button,1,44,44,0,54,0,1.0000,414,0.007777,-1,,button,1,44,44,0,54,0,1.0000,414,3.017137,32,32,44,0,0,0,0.4,risk_path,4,Bot1|Bot2|Bot3|Bot4,,1,0
391,0.50,75,440,220974170,2519797936,3660,0.650667,503,1355,72-66,1-1,16-34,142,136,96,88,52,48,1,0,1,142,0,,91,0,,,0,walked_into_fire,0,61,61,0,-4,81,0.4296,1066,0.009310,45,45,fire_reached_bot,0,78,60,18,0,86,0.3944,1679,0.138061,,54,fire_reached_bot,0,79,60,19,0,92,0.3521,1714,0.200158,54,,fire_reached_bot,0,78,60,18,0,86,0.3944,1679,12.441389,-1,54,78,0,60,18,,no_path,0,,Bot1|Bot2|Bot3|Bot4,0,1
392,0.50,75,440,311089741,15779671,3622,0.643911,498,1359,62-59,70-45,20-52,24,22,73,49,71,57,0,0,1,24,1,24,138,1,24,114,1,button,1,24,24,0,114,0,1.0000,125,0.000586,-1,-1,button,1,24,24,0,114,0,1.0000,125,0.001304,,-1,button,1,24,24,0,114,0,1.0000,125,0.001670,-1,,button,1,24,24,0,114,0,1.0000,125,0.973669,9,9,24,0,0,0,0.4,risk_path,4,Bot1|Bot2|Bot3|Bot4,,1,0
393,0.50,75,440,3786552960,3978206707,3625,0.644444,503,1356,59-68,38-39,26-64,58,50,49,37,57,37,1,0,1,58,0,,104,1,58,46,1,button,1,58,58,0,36,0,1.0000,563,0.003837,-1,-1,button,1,58,58,0,36,0,1.0000,563,0.011324,,-1,button,1,58,58,0,36,0,1.0000,563,0.014757,-1,,button,1,58,58,0,36,0,1.0000,563,4.944856,-1,-1,58,0,0,0,0.4,risk_path,4,Bot1|Bot2|Bot3|Bot4,,1,0
394,0.50,75,440,1026823686,935493975,3622,0.643911,526,1408,70-22,67-29,30-64,16,10,88,82,76,72,0,0,1,16,1,16,136,1,16,120,1,button,1,16,16,0,116,0,1.0000,81,0.000404,-1,-1,button,1,16,16,0,116,0,1.0000,81,0.000911,,-1,button,1,16,16,0,116,0,1.0000,81,0.001099,-1,,button,1,16,16,0,116,0,1.0000,81,0.498303,-1,-1,16,0,0,0,0.4,risk_path,4,Bot1|Bot2|Bot3|Bot4,,1,0
395,0.50,75,440,3873671478,4157908143,3653,0.649422,512,1406,63-33,71-71,3-25,56,46,82,68,116,114,0,0,1,56,1,56,204,1,56,148,1,button,1,56,56,0,130,0,1.0000,612,0.004003,-1,-1,button,1,56,56,0,130,0,1.0000,612,0.011397,,-1,button,1,56,56,0,130,0,1.0000,612,0.015026,-1,,button,1,56,56,0,140,0,1.0000,612,5.214093,5,5,56,0,0,0,0.4,risk_path,4,Bot1|Bot2|Bot3|Bot4,,1,0
396,0.50,75,440,1326410439,1678133499,3636,0.646400,501,1367,2-32,60-34,74-56,78,60,104,96,40,36,1,0,1,78,0,,70,0,,,0,walked_into_fire,0,74,74,0,-3,4,0.9487,,0.004281,71,71,fire_reached_bot,0,77,70,7,-6,8,0.8974,,0.060674,,-1,fire_reached_bot,0,77,70,7,-6,8,0.8974,,0.098776,-1,,fire_reached_bot,0,77,70,7,-6,8,0.8974,,10.219097,-1,-1,77,0,70,7,,no_path,0,,Bot1|Bot2|Bot3|Bot4,0,1
397,0.50,75,440,613184341,3716848103,3654,0.649600,506,1368,74-57,2-1,55-66,134,128,32,28,126,118,1,0,1,134,0,,212,1,134,78,1,button,1,134,134,0,8,0,1.0000,2399,0.041330,-1,-1,button,1,134,134,0,8,0,1.0000,2399,0.156097,,-1,button,1,134,134,0,8,0,1.0000,2399,0.186088,-1,,button,1,134,134,0,21,0,1.0000,2399,17.509770,1,1,134,0,0,0,0.4,risk_path,4,Bot1|Bot2|Bot3|Bot4,,1,0
398,0.50,75,440,140259070,1404237909,3636,0.646400,513,1339,1-48,63-13,41-37,97,97,53,51,54,46,1,0,1,97,0,,88,0,,,0,fire_reached_bot,0,34,34,0,0,63,0.3505,324,0.001926,-1,34,fire_reached_bot,0,34,34,0,0,63,0.3505,324,0.013061,,34,fire_reached_bot,0,45,42,3,0,61,0.3711,573,0.023174,34,,fire_reached_bot,0,34,34,0,0,63,0.3505,324,5.824685,-1,34,34,0,34,0,,shortest_path_fallback,0,,Bot1|Bot2|Bot3|Bot4,0,1
399,0.50,75,440,1706966771,3646661798,3652,0.649244,511,1407,32-34,29-13,48-3,40,24,55,47,35,29,1,0,1,40,0,,67,1,40,27,1,button,1,40,40,0,27,0,1.0000,314,0.001950,-1,-1,button,1,40,40,0,27,0,1.0000,314,0.006172,,-1,button,1,40,40,0,27,0,1.0000,314,0.007597,-1,,button,1,40,40,0,27,0,1.0000,314,2.945171,-1,-1,40,0,0,0,0.4,risk_path,4,Bot1|Bot2|Bot3|Bot4,,1,0
400,0.50,75,440,1557608422,587872040,3654,0.649600,504,1397,49-5,1-60,36-26,109,103,40,34,73,69,1,0,1,109,0,,100,0,,,0,fire_reached_bot,0,32,32,0,0,77,0.2936,315,0.001877,-1,30,fire_reached_bot,0,32,32,0,0,77,0.2936,315,0.021238,,30,fire_reached_bot,0,87,74,13,0,81,0.2569,2321,0.104327,30,,fire_reached_bot,0,32,32,0,0,77,0.2936,315,5.352314,-1,30,32,0,32,0,,shortest_path_fallback,0,,Bot1|Bot2|Bot3|Bot4,0,1
401,0.50,75,440,2000075961,2745563048,3647,0.648356,506,1360,53-41,74-15,43-8,51,47,65,43,46,38,1,0,1,51,0,,78,1,51,27,1,button,1,51,51,0,26,0,1.0000,430,0.002919,-1,-1,button,1,51,51,0,26,0,1.0000,430,0.010875,,-1,button,1,51,51,0,26,0,1.0000,430,0.013223,-1,,button,1,51,51,0,26,0,1.0000,430,3.885557,19,19,51,0,0,0,0.4,risk_path,4,Bot1|Bot2|Bot3|Bot4,,1,0
402,0.50,75,440,4291152545,2741335827,3641,0.647289,513,1401,4-47,39-45,36-43,57,37,58,36,5,5,1,0,1,57,0,,8,0,,,0,fire_reached_bot,0,35,35,0,-26,22,0.6140,,0.002386,9,9,fire_reached_bot,0,73,8,65,-64,49,0.1404,,0.266593,,-1,fire_reached_bot,0,73,8,65,-64,49,0.1404,,0.502209,-1,,fire_reached_bot,0,73,8,65,-64,49,0.1404,,1.854072,-1,-1,73,0,8,65,,no_path,0,,Bot1|Bot2|Bot3|Bot4,0,1
403,0.50,75,440,2060592027,3688875005,3646,0.648178,499,1396,8-70,21-2,51-54,107,81,71,59,86,82,1,0,1,107,0,,158,1,107,51,1,button,1,107,107,0,46,0,1.0000,1833,0.021865,-1,-1,button,1,107,107,0,46,0,1.0000,1833,0.072914,,-1,button,1,107,107,0,46,0,1.0000,1833,0.095290,-1,,button,1,107,107,0,46,0,1.0000,1833,12.005247,2,2,107,0,0,0,0.4,risk_path,4,Bot1|Bot2|Bot3|Bot4,,1,0
404,0.50,75,440,1918492199,551143425,3649,0.648711,506,1398,38-59,6-65,53-74,52,38,30,30,68,56,0,0,1,52,1,52,125,1,52,73,1,button,1,52,52,0,43,0,1.0000,358,0.002577,-1,-1,button,1,52,52,0,43,0,1.0000,358,0.009769,,-1,button,1,52,52,0,43,0,1.0000,358,0.011452,-1,,button,1,52,52,0,43,0,1.0000,358,4.113197,-1,-1,52,0,0,0,0.4,risk_path,4,Bot1|Bot2|Bot3|Bot4,,1,0
405,0.50,75,440,4258988007,102048511,3637,0.646578,505,1392,3-50,24-64,58-47,35,35,74,58,57,51,0,0,1,35,1,35,96,1,35,61,1,button,1,35,35,0,56,0,1.0000,269,0.001465,-1,-1,button,1,35,35,0,56,0,1.0000,269,0.003494,,-1,button,1,35,35,0,56,0,1.0000,269,0.004391,-1,,button,1,35,35,0,56,0,1.0000,269,1.942406,7,7,35,0,0,0,0.4,risk_path,4,Bot1|Bot2|Bot3|Bot4,,1,0
406,0.50,75,440,1836645683,3217807480,3644,0.647822,502,1331,0-46,40-23,63-28,79,63,105,81,32,28,1,0,1,79,0,,70,0,,,0,walked_into_fire,0,77,77,0,-6,2,0.9747,,0.009729,71,71,fire_reached_bot,0,90,70,20,-19,9,0.8861,,0.104333,,-1,fire_reached_bot,0,90,70,20,-19,9,0.8861,,0.184524,-1,,fire_reached_bot,0,90,70,20,-19,9,0.8861,,9.488302,-1,-1,90,0,70,20,,no_path,0,,Bot1|Bot2|Bot3|Bot4,0,1
407,0.50,75,440,348380400,1235727142,3621,0.643733,502,1332,23-11,33-46,23-72,49,45,79,61,46,36,1,0,1,49,0,,84,1,49,35,1,button,1,49,49,0,35,0,1.0000,247,0.001621,-1,-1,button,1,49,49,0,35,0,1.0000,247,0.005913,,-1,button,1,49,49,0,35,0,1.0000,247,0.007006,-1,,button,1,49,49,0,35,0,1.0000,247,3.698704,15,15,49,0,0,0,0.4,risk_path,4,Bot1|Bot2|Bot3|Bot4,,1,0
408,0.50,75,440,649723473,128509568,3652,0.649244,507,1389,26-9,6-2,14-47,31,27,66,50,73,53,0,0,1,31,1,31,135,1,31,104,1,button,1,31,31,0,101,0,1.0000,148,0.000812,-1,-1,button,1,31,31,0,101,0,1.0000,148,0.002820,,-1,button,1,31,31,0,101,0,1.0000,148,0.003355,-1,,button,1,31,31,0,101,0,1.0000,148,1.652116,-1,-1,31,0,0,0,0.4,risk_path,4,Bot1|Bot2|Bot3|Bot4,,1,0
409,0.50,75,440,1213574996,1326260514,3647,0.648356,488,1368,55-57,35-55,55-12,30,22,69,45,67,63,0,0,1,30,1,30,115,1,30,85,1,button,1,30,30,0,85,0,1.0000,205,0.001025,-1,-1,button,1,30,30,0,85,0,1.0000,205,0.003327,,-1,button,1,30,30,0,85,0,1.0000,205,0.004314,-1,,button,1,30,30,0,80,0,1.0000,205,1.529255,6,6,30,0,0,0,0.4,risk_path,4,Bot1|Bot2|Bot3|Bot4,,1,0
410,0.50,75,440,399927594,1172635717,3649,0.648711,503,1395,70-34,60-58,10-58,38,34,88,84,70,50,0,0,1,38,1,38,122,1,38,84,1,button,1,38,38,0,84,0,1.0000,166,0.001213,-1,-1,button,1,38,38,0,84,0,1.0000,166,0.004319,,-1,button,1,38,38,0,84,0,1.0000,166,0.004979,-1,,button,1,38,38,0,84,0,1.0000,166,2.300716,-1,-1,38,0,0,0,0.4,risk_path,4,Bot1|Bot2|Bot3|Bot4,,1,0
411,0.50,75,440,94789281,138735109,3646,0.648178,506,1409,35-29,8-74,34-65,78,72,51,37,39,35,1,0,1,78,0,,68,0,,,0,fire_reached_bot,0,47,47,0,0,31,0.6026,604,0.004306,47,47,fire_reached_bot,0,76,60,16,-7,38,0.5128,,0.093227,,-1,fire_reached_bot,0,76,60,16,-7,38,0.5128,,0.171517,-1,,fire_reached_bot,0,76,60,16,-7,38,0.5128,,8.992597,-1,-1,76,0,60,16,,no_path,0,,Bot1|Bot2|Bot3|Bot4,0,1
412,0.50,75,440,4204771711,1699448702,3649,0.648711,521,1344,25-68,64-22,8-1,101,85,108,84,83,77,1,0,1,101,0,,158,1,101,57,1,button,1,101,101,0,33,0,1.0000,886,0.009161,-1,-1,button,1,101,101,0,33,0,1.0000,886,0.038901,,-1,button,1,101,101,0,33,0,1.0000,886,0.056278,-1,,button,1,101,101,0,33,0,1.0000,886,14.448156,39,39,101,0,0,0,0.4,risk_path,4,Bot1|Bot2|Bot3|Bot4,,1,0
413,0.50,75,440,823494903,3566751827,3642,0.647467,516,1387,71-17,60-13,29-23,25,15,60,48,45,41,0,0,1,25,1,25,83,1,25,58,1,button,1,25,25,0,55,0,1.0000,185,0.000930,-1,-1,button,1,25,25,0,55,0,1.0000,185,0.001693,,-1,button,1,25,25,0,55,0,1.0000,185,0.002226,-1,,button,1,25,25,0,55,0,1.0000,185,1.190662,-1,-1,25,0,0,0,0.4,risk_path,4,Bot1|Bot2|Bot3|Bot4,,1,0
414,0.50,75,440,277766336,146189312,3644,0.647822,499,1356,58-60,40-20,62-46,72,58,22,18,64,48,1,0,1,72,0,,109,1,72,37,1,button,1,72,72,0,25,0,1.0000,939,0.007781,-1,-1,button,1,72,72,0,25,0,1.0000,939,0.032409,,-1,button,1,72,72,0,25,0,1.0000,939,0.054569,-1,,button,1,72,72,0,25,0,1.0000,939,7.687992,62,62,72,0,0,0,0.4,risk_path,4,Bot1|Bot2|Bot3|Bot4,,1,0
415,0.50,75,440,2294360336,2377130893,3660,0.650667,509,1386,42-45,54-71,24-24,44,38,39,39,83,77,0,0,1,44,1,44,156,1,44,112,1,button,1,44,44,0,82,0,1.0000,176,0.001068,-1,-1,button,1,44,44,0,82,0,1.0000,176,0.004515,,-1,button,1,44,44,0,82,0,1.0000,176,0.005150,-1,,button,1,44,44,0,82,0,1.0000,176,3.361368,11,11,44,0,0,0,0.4,risk_path,4,Bot1|Bot2|Bot3|Bot4,,1,0
416,0.50,75,440,4063297683,2159750137,3631,0.645511,496,1409,73-41,65-67,49-26,38,34,53,39,63,57,0,0,1,38,1,38,112,1,38,74,1,button,1,38,38,0,74,0,1.0000,228,0.001160,-1,-1,button,1,38,38,0,74,0,1.0000,228,0.004917,,-1,button,1,38,38,0,74,0,1.0000,228,0.005461,-1,,button,1,38,38,0,74,0,1.0000,228,2.650452,-1,-1,38,0,0,0,0.4,risk_path,4,Bot1|Bot2|Bot3|Bot4,,1,0
417,0.50,75,440,4136068613,3935871520,3621,0.643733,502,1362,57-26,62-4,25-23,29,27,53,35,62,56,0,0,1,29,1,29,99,1,29,70,1,button,1,29,29,0,66,0,1.0000,264,0.001106,-1,-1,button,1,29,29,0,66,0,1.0000,264,0.002651,,-1,button,1,29,29,0,66,0,1.0000,264,0.003761,-1,,button,1,29,29,0,66,0,1.0000,264,1.598385,23,23,29,0,0,0,0.4,risk_path,4,Bot1|Bot2|Bot3|Bot4,,1,0
418,0.50,75,440,3079297320,2426746488,3636,0.646400,501,1421,50-61,33-15,73-21,71,63,79,63,60,46,1,0,1,71,0,,116,1,71,45,1,button,1,71,71,0,45,0,1.0000,437,0.003666,-1,-1,button,1,71,71,0,45,0,1.0000,437,0.017561,,-1,button,1,71,71,0,45,0,1.0000,437,0.020548,-1,,button,1,71,71,0,45,0,1.0000,437,8.803239,-1,-1,71,0,0,0,0.4,risk_path,4,Bot1|Bot2|Bot3|Bot4,,1,0
419,0.50,75,440,4257723732,3495392713,3654,0.649600,498,1377,48-73,69-49,48-45,53,45,42,28,33,25,1,0,1,53,0,,51,0,,,0,walked_into_fire,0,44,44,0,-1,9,0.8302,474,0.002788,43,30,fire_reached_bot,0,46,44,2,0,13,0.7547,558,0.014394,,30,fire_reached_bot,0,68,51,17,-16,16,0.6981,,0.050961,30,,fire_reached_bot,0,59,51,8,-7,4,0.9245,,4.791475,23,23,59,30,21,8,0.99,no_path,0,,Bot1|Bot2|Bot3|Bot4,0,1
420,0.50,75,440,4078690204,3768167155,3654,0.649600,511,1398,67-28,21-7,28-59,79,67,74,70,75,59,1,0,1,79,0,,128,1,79,49,1,button,1,79,79,0,48,0,1.0000,1293,0.012879,-1,-1,button,1,79,79,0,48,0,1.0000,1293,0.045618,,-1,button,1,79,79,0,48,0,1.0000,1293,0.061371,-1,,button,1,79,79,0,48,0,1.0000,1293,8.700063,-1,-1,79,0,0,0,0.4,risk_path,4,Bot1|Bot2|Bot3|Bot4,,1,0
421,0.50,75,440,958537604,1453352966,3651,0.649067,500,1404,28-43,1-30,35-32,50,40,18,18,50,36,0,0,1,50,0,,103,1,50,53,1,button,1,50,50,0,25,0,1.0000,461,0.002452,-1,-1,button,1,50,50,0,25,0,1.0000,461,0.007127,,-1,button,1,50,50,0,25,0,1.0000,461,0.010388,-1,,button,1,50,50,0,25,0,1.0000,461,4.163146,-1,-1,50,0,0,0,0.4,risk_path,4,Bot1|Bot2|Bot3|Bot4,,1,0
422,0.50,75,440,2355762477,2963328483,3669,0.652267,526,1440,54-11,49-40,53-34,40,34,34,24,10,10,1,0,1,40,0,,18,0,,,0,walked_into_fire,0,21,21,0,-2,19,0.5250,,0.000628,12,12,fire_reached_bot,0,39,13,26,-20,31,0.2250,,0.115728,,-1,fire_reached_bot,0,39,13,26,-20,31,0.2250,,0.259854,-1,,fire_reached_bot,0,39,13,26,-20,31,0.2250,,2.542884,-1,-1,39,0,13,26,,no_path,0,,Bot1|Bot2|Bot3|Bot4,0,1
423,0.50,75,440,3860660340,1064690405,3656,0.649956,501,1379,41-13,19-25,56-67,36,34,91,69,81,79,0,0,1,36,1,36,141,1,36,105,1,button,1,36,36,0,101,0,1.0000,283,0.001442,-1,-1,button,1,36,36,0,101,0,1.0000,283,0.003840,,-1,button,1,36,36,0,101,0,1.0000,283,0.006299,-1,,button,1,36,36,0,101,0,1.0000,283,2.265606,-1,-1,36,0,0,0,0.4,risk_path,4,Bot1|Bot2|Bot3|Bot4,,1,0
424,0.50,75,440,4240931953,1182499683,3665,0.651556,513,1403,19-9,38-33,56-58,51,43,90,86,51,43,0,0,1,51,1,51,83,1,51,32,1,button,1,51,51,0,28,0,1.0000,613,0.003900,-1,-1,button,1,51,51,0,28,0,1.0000,613,0.012962,,-1,button,1,51,51,0,28,0,1.0000,613,0.021606,-1,,button,1,51,51,0,28,0,1.0000,613,4.413327,1,1,51,0,0,0,0.4,risk_path,4,Bot1|Bot2|Bot3|Bot4,,1,0
425,0.50,75,440,2493525027,414517936,3643,0.647644,501,1383,58-63,3-72,18-64,90,64,67,41,25,23,1,0,1,90,0,,53,0,,,0,fire_reached_bot,0,43,43,0,0,47,0.4778,308,0.002413,29,29,fire_reached_bot,0,61,40,21,-7,56,0.3778,,0.178884,,-1,fire_reached_bot,0,61,40,21,-7,56,0.3778,,0.272414,-1,,fire_reached_bot,0,61,40,21,-7,56,0.3778,,10.790226,-1,-1,61,0,40,21,,no_path,0,,Bot1|Bot2|Bot3|Bot4,0,1
426,0.50,75,440,836001522,3918252539,3632,0.645689,504,1368,22-45,44-49,26-42,34,26,7,7,29,25,1,0,1,34,0,,41,0,,,0,walked_into_fire,0,5,5,0,-1,29,0.1471,10,0.000263,5,2,fire_reached_bot,0,39,35,4,0,19,0.4412,444,0.007790,,2,fire_reached_bot,0,52,41,11,-10,17,0.5000,,0.122903,2,,fire_reached_bot,0,39,35,4,0,19,0.4412,444,3.948546,-1,2,39,4,31,4,0.99,no_path,0,,Bot1|Bot2|Bot3|Bot4,0,1
427,0.50,75,440,435955948,1367064018,3647,0.648356,496,1404,47-12,21-74,60-61,96,88,70,62,82,52,1,0,1,96,0,,133,1,96,37,1,button,1,96,96,0,28,0,1.0000,1349,0.017181,-1,-1,button,1,96,96,0,28,0,1.0000,1349,0.064624,,-1,button,1,96,96,0,28,0,1.0000,1349,0.082406,-1,,button,1,96,96,0,28,0,1.0000,1349,12.795747,-1,-1,96,0,0,0,0.4,risk_path,4,Bot1|Bot2|Bot3|Bot4,,1,0
428,0.50,75,440,2279097245,954607641,3621,0.643733,485,1323,11-38,1-39,51-68,11,11,76,70,81,79,0,0,1,11,1,11,138,1,11,127,1,button,1,11,11,0,124,0,1.0000,36,0.000200,-1,-1,button,1,11,11,0,124,0,1.0000,36,0.000323,,-1,button,1,11,11,0,124,0,1.0000,36,0.000393,-1,,button,1,11,11,0,124,0,1.0000,36,0.285368,-1,-1,11,0,0,0,0.4,risk_path,4,Bot1|Bot2|Bot3|Bot4,,1,0
429,0.50,75,440,2932552292,18426317,3674,0.653156,511,1398,22-34,51-14,67-21,59,49,66,58,37,23,1,0,1,59,0,,75,1,59,16,1,button,1,59,59,0,16,0,1.0000,340,0.003082,-1,-1,button,1,59,59,0,16,0,1.0000,340,0.018245,,-1,button,1,59,59,0,16,0,1.0000,340,0.020103,-1,,button,1,59,59,0,16,0,1.0000,340,6.467434,19,19,59,7,20,0,0.99,risk_path,4,Bot1|Bot2|Bot3|Bot4,,1,0
430,0.50,75,440,2526166132,2004277368,3663,0.651200,520,1424,48-54,7-1,3-67,98,94,78,58,90,70,1,0,1,98,0,,158,1,98,60,1,button,1,98,98,0,29,0,1.0000,958,0.010798,-1,-1,button,1,98,98,0,29,0,1.0000,958,0.052544,,-1,button,1,98,98,0,29,0,1.0000,958,0.063487,-1,,button,1,98,98,0,29,0,1.0000,958,14.036620,-1,-1,98,0,0,0,0.4,risk_path,4,Bot1|Bot2|Bot3|Bot4,,1,0
431,0.50,75,440,2360711024,676293112,3646,0.648178,499,1381,49-31,9-40,65-23,57,49,28,24,81,73,0,0,1,57,1,57,151,1,57,94,1,button,1,57,57,0,46,0,1.0000,631,0.004422,-1,-1,button,1,57,57,0,46,0,1.0000,631,0.011999,,-1,button,1,57,57,0,46,0,1.0000,631,0.016371,-1,,button,1,57,57,0,46,0,1.0000,631,5.043802,-1,-1,57,0,0,0,0.4,risk_path,4,Bot1|Bot2|Bot3|Bot4,,1,0
432,0.50,75,440,1910899855,3074822446,3643,0.647644,516,1359,33-54,51-29,56-40,55,43,49,37,16,16,1,0,1,55,0,,31,0,,,0,walked_into_fire,0,31,31,0,-1,24,0.5636,196,0.001609,28,28,fire_reached_bot,0,40,31,9,-8,32,0.4182,,0.060942,,-1,fire_reached_bot,0,40,31,9,-8,32,0.4182,,0.136226,-1,,fire_reached_bot,0,40,31,9,-8,32,0.4182,,5.231953,-1,-1,40,0,31,9,,no_path,0,,Bot1|Bot2|Bot3|Bot4,0,1
433,0.50,75,440,2661614459,1963583143,3649,0.648711,498,1378,42-68,17-18,56-34,83,75,52,48,59,55,1,0,1,83,0,,98,1,93,5,0,walked_into_fire,0,52,52,0,-2,31,0.6265,586,0.004356,51,49,fire_reached_bot,0,129,98,31,-30,57,0.3133,,0.139307,,49,fire_reached_bot,0,104,98,6,-5,3,0.9639,,0.110189,49,,fire_reached_bot,0,129,98,31,-30,57,0.3133,,14.319187,-1,49,129,7,91,31,0.99,no_path,0,,Bot1|Bot2|Bot3|Bot4,0,1
434,0.50,75,440,3282060075,882283043,3638,0.646756,507,1363,17-63,15-48,25-14,17,17,75,57,60,44,0,0,1,17,1,17,103,1,17,86,1,button,1,17,17,0,86,0,1.0000,21,0.000187,-1,-1,button,1,17,17,0,86,0,1.0000,21,0.000795,,-1,button,1,17,17,0,86,0,1.0000,21,0.000641,-1,,button,1,17,17,0,86,0,1.0000,21,0.599716,-1,-1,17,0,0,0,0.4,risk_path,4,Bot1|Bot2|Bot3|Bot4,,1,0
435,0.50,75,440,3996130700,1346204788,3641,0.647289,510,1369,33-13,9-17,51-33,36,28,48,38,72,58,0,0,1,36,1,36,122,1,36,86,1,button,1,36,36,0,76,0,1.0000,336,0.001556,-1,-1,button,1,36,36,0,76,0,1.0000,336,0.006981,,-1,button,1,36,36,0,76,0,1.0000,336,0.006141,-1,,button,1,36,36,0,76,0,1.0000,336,2.295521,-1,-1,36,0,0,0,0.4,risk_path,4,Bot1|Bot2|Bot3|Bot4,,1,0
436,0.50,75,440,836374606,2519469390,3644,0.647822,514,1410,66-40,20-42,12-26,64,48,78,68,26,24,1,0,1,64,0,,52,0,,,0,fire_reached_bot,0,61,61,0,-8,3,0.9531,,0.005892,53,53,fire_reached_bot,0,66,52,14,-13,12,0.8125,,0.081957,,-1,fire_reached_bot,0,66,52,14,-13,12,0.8125,,0.150558,-1,,fire_reached_bot,0,66,52,14,-13,12,0.8125,,7.718638,-1,-1,66,0,52,14,,no_path,0,,Bot1|Bot2|Bot3|Bot4,0,1
437,0.50,75,440,3431814037,2475972391,3665,0.651556,509,1430,18-47,46-36,51-30,43,39,54,50,11,11,1,0,1,43,0,,20,0,,,0,walked_into_fire,0,36,36,0,-15,7,0.8372,,0.001630,21,21,fire_reached_bot,0,60,20,40,-39,23,0.4651,,0.223585,,-1,fire_reached_bot,0,60,20,40,-39,23,0.4651,,0.433310,-1,,fire_reached_bot,0,60,20,40,-39,23,0.4651,,2.456092,-1,-1,60,0,20,40,,no_path,0,,Bot1|Bot2|Bot3|Bot4,0,1
438,0.50,75,440,1717278258,3909387573,3628,0.644978,489,1365,62-2,11-7,19-66,66,56,109,107,83,67,0,0,1,66,1,66,160,1,66,94,1,button,1,66,66,0,94,0,1.0000,851,0.007585,-1,-1,button,1,66,66,0,94,0,1.0000,851,0.021934,,-1,button,1,66,66,0,94,0,1.0000,851,0.035072,-1,,button,1,66,66,0,94,0,1.0000,851,6.256324,-1,-1,66,0,0,0,0.4,risk_path,4,Bot1|Bot2|Bot3|Bot4,,1,0
439,0.50,75,440,601328095,3338845994,3660,0.650667,513,1409,49-10,22-21,7-64,58,38,102,96,64,58,0,0,1,58,1,58,126,1,58,68,1,button,1,58,58,0,64,0,1.0000,384,0.003425,-1,-1,button,1,58,58,0,64,0,1.0000,384,0.022089,,-1,button,1,58,58,0,64,0,1.0000,384,0.032300,-1,,button,1,58,58,0,64,0,1.0000,384,5.572798,-1,-1,58,0,0,0,0.4,risk_path,4,Bot1|Bot2|Bot3|Bot4,,1,0
440,0.50,75,440,2216123474,76203067,3642,0.647467,521,1396,71-40,18-70,58-46,91,83,25,19,66,64,1,0,1,91,0,,115,0,,,0,fire_reached_bot,0,17,17,0,0,74,0.1868,80,0.001388,16,16,fire_reached_bot,0,24,20,4,0,75,0.1758,187,0.020529,,-1,fire_reached_bot,0,24,20,4,0,75,0.1758,187,0.020597,-1,,fire_reached_bot,0,24,20,4,0,75,0.1758,187,4.872824,-1,-1,24,0,20,4,,no_path,0,,Bot1|Bot2|Bot3|Bot4,0,1
441,0.50,75,440,2952930947,3442715,3633,0.645867,493,1336,34-33,4-65,13-73,70,62,69,61,21,17,1,0,1,70,0,,59,0,,,0,fire_reached_bot,0,49,49,0,0,21,0.7000,286,0.002285,48,48,fire_reached_bot,0,49,47,2,0,23,0.6714,286,0.038632,,-1,fire_reached_bot,0,49,47,2,0,23,0.6714,286,0.062426,-1,,fire_reached_bot,0,49,47,2,0,23,0.6714,286,9.160932,-1,-1,49,0,47,2,,no_path,0,,Bot1|Bot2|Bot3|Bot4,0,1
442,0.50,75,440,954329560,321467233,3659,0.650489,499,1374,67-24,7-24,36-66,86,60,77,73,75,71,1,0,1,86,0,,108,1,86,22,1,button,1,86,86,0,22,0,1.0000,1511,0.014096,-1,-1,button,1,86,86,0,22,0,1.0000,1511,0.045792,,-1,button,1,86,86,0,22,0,1.0000,1511,0.059169,-1,,button,1,86,86,0,22,0,1.0000,1511,9.952436,-1,-1,86,0,0,0,0.4,risk_path,4,Bot1|Bot2|Bot3|Bot4,,1,0
443,0.50,75,440,2194090034,1836282544,3620,0.643556,485,1382,59-51,66-29,6-24,39,29,88,80,83,65,0,0,1,39,1,39,142,1,39,103,1,button,1,39,39,0,97,0,1.0000,203,0.001482,-1,-1,button,1,39,39,0,97,0,1.0000,203,0.005485,,-1,button,1,39,39,0,97,0,1.0000,203,0.007699,-1,,button,1,39,39,0,97,0,1.0000,203,2.700753,27,27,39,0,0,0,0.4,risk_path,4,Bot1|Bot2|Bot3|Bot4,,1,0
444,0.50,75,440,99980322,3105913063,3629,0.645156,499,1364,32-3,62-72,50-46,109,99,71,61,52,38,1,0,1,109,0,,91,0,,,0,fire_reached_bot,0,43,43,0,0,66,0.3945,421,0.003439,33,33,fire_reached_bot,0,80,68,12,0,85,0.2202,1546,0.180815,,37,fire_reached_bot,0,82,68,14,0,85,0.2202,1626,0.253617,37,,fire_reached_bot,0,80,68,12,0,85,0.2202,1546,14.552720,-1,37,80,0,68,12,,no_path,0,,Bot1|Bot2|Bot3|Bot4,0,1
445,0.50,75,440,4143197766,1623788008,3645,0.648000,506,1364,60-66,70-44,12-31,34,32,91,83,97,71,0,0,1,34,1,34,180,1,34,146,1,button,1,34,34,0,142,0,1.0000,158,0.000896,-1,-1,button,1,34,34,0,142,0,1.0000,158,0.003750,,-1,button,1,34,34,0,142,0,1.0000,158,0.003108,-1,,button,1,34,34,0,142,0,1.0000,158,2.035722,13,13,34,0,0,0,0.4,risk_path,4,Bot1|Bot2|Bot3|Bot4,,1,0
446,0.50,75,440,846446360,2130916755,3634,0.646044,496,1358,39-19,71-58,53-21,79,71,24,16,73,55,1,0,1,79,0,,130,1,79,51,1,button,1,79,79,0,12,0,1.0000,1306,0.012964,-1,-1,button,1,79,79,0,12,0,1.0000,1306,0.066198,,-1,button,1,79,79,0,12,0,1.0000,1306,0.078227,-1,,button,1,79,79,0,12,0,1.0000,1306,8.236983,32,32,79,0,0,0,0.4,risk_path,4,Bot1|Bot2|Bot3|Bot4,,1,0
447,0.50,75,440,779460035,79676451,3647,0.648356,502,1429,35-37,33-67,8-44,46,32,60,34,56,48,0,0,1,46,1,46,100,1,46,54,1,button,1,46,46,0,54,0,1.0000,302,0.001819,-1,-1,button,1,46,46,0,54,0,1.0000,302,0.010315,,-1,button,1,46,46,0,54,0,1.0000,302,0.007886,-1,,button,1,46,46,0,54,0,1.0000,302,3.606898,-1,-1,46,0,0,0,0.4,risk_path,4,Bot1|Bot2|Bot3|Bot4,,1,0
448,0.50,75,440,1123366057,3344577641,3660,0.650667,494,1419,30-32,27-34,73-46,11,5,79,57,84,58,0,0,1,11,1,11,141,1,11,130,1,button,1,11,11,0,127,0,1.0000,22,0.000155,-1,-1,button,1,11,11,0,127,0,1.0000,22,0.000527,,-1,button,1,11,11,0,127,0,1.0000,22,0.000390,-1,,button,1,11,11,0,127,0,1.0000,22,0.294614,-1,-1,11,0,0,0,0.4,risk_path,4,Bot1|Bot2|Bot3|Bot4,,1,0
449,0.50,75,440,2060266283,3682968219,3648,0.648533,502,1416,66-6,7-5,44-56,86,60,86,72,98,88,0,0,1,86,1,86,169,1,86,83,1,button,1,86,86,0,83,0,1.0000,1364,0.013251,-1,-1,button,1,86,86,0,83,0,1.0000,1364,0.044887,,-1,button,1,86,86,0,83,0,1.0000,1364,0.048428,-1,,button,1,86,86,0,83,0,1.0000,1364,10.233050,-1,-1,86,0,0,0,0.4,risk_path,4,Bot1|Bot2|Bot3|Bot4,,1,0
450,0.50,75,440,3271714734,783943413,3641,0.647289,494,1354,33-11,36-11,36-6,3,3,8,8,5,5,0,0,1,3,1,3,6,1,3,3,1,button,1,3,3,0,3,0,1.0000,4,0.000060,-1,-1,button,1,3,3,0,3,0,1.0000,4,0.000079,,-1,button,1,3,3,0,3,0,1.0000,4,0.000094,-1,,button,1,3,3,0,3,0,1.0000,4,0.056338,-1,-1,3,0,0,0,0.4,risk_path,4,Bot1|Bot2|Bot3|Bot4,,1,0
451,0.50,75,440,1682450521,2218722123,3650,0.648889,500,1388,63-74,74-28,41-74,67,57,62,22,85,79,0,0,1,67,1,67,153,1,67,86,1,button,1,67,67,0,78,0,1.0000,337,0.002262,-1,-1,button,1,67,67,0,78,0,1.0000,337,0.012266,,-1,button,1,67,67,0,78,0,1.0000,337,0.019538,-1,,button,1,67,67,0,78,0,1.0000,337,7.354513,42,42,67,0,0,0,0.4,risk_path,4,Bot1|Bot2|Bot3|Bot4,,1,0
452,0.50,75,440,4253021220,2834508363,3667,0.651911,506,1400,26-8,16-57,57-74,77,59,103,97,70,58,1,0,1,77,0,,100,1,77,23,1,button,1,77,77,0,23,0,1.0000,722,0.006818,-1,-1,button,1,77,77,0,23,0,1.0000,722,0.031290,,-1,button,1,77,77,0,23,0,1.0000,722,0.049946,-1,,button,1,77,77,0,23,0,1.0000,722,9.236076,1,1,77,0,0,0,0.4,risk_path,4,Bot1|Bot2|Bot3|Bot4,,1,0
453,0.50,75,440,2952658635,970395582,3617,0.643022,500,1329,73-24,20-35,66-32,74,64,55,15,63,49,1,0,1,74,0,,114,1,74,40,1,button,1,74,74,0,11,0,1.0000,680,0.005536,-1,-1,button,1,74,74,0,11,0,1.0000,680,0.021678,,-1,button,1,74,74,0,11,0,1.0000,680,0.028339,-1,,button,1,74,74,0,11,0,1.0000,680,8.025531,-1,-1,74,9,0,0,0.99,risk_path,4,Bot1|Bot2|Bot3|Bot4,,1,0
454,0.50,75,440,473146384,3945293444,3628,0.644978,501,1342,49-65,65-42,31-59,53,39,28,24,65,51,0,0,1,53,1,53,109,1,53,56,1,button,1,53,53,0,42,0,1.0000,665,0.004496,-1,-1,button,1,53,53,0,42,0,1.0000,665,0.012093,,-1,button,1,53,53,0,42,0,1.0000,665,0.020632,-1,,button,1,53,53,0,42,0,1.0000,665,4.631307,24,24,53,0,0,0,0.4,risk_path,4,Bot1|Bot2|Bot3|Bot4,,1,0
455,0.50,75,440,2903495406,1402952168,3639,0.646933,510,1381,26-31,73-0,14-53,80,78,44,34,112,112,0,0,1,80,1,80,206,1,80,126,1,button,1,80,80,0,69,0,1.0000,1319,0.012651,-1,-1,button,1,80,80,0,69,0,1.0000,1319,0.034826,,-1,button,1,80,80,0,69,0,1.0000,1319,0.060232,-1,,button,1,80,80,0,69,0,1.0000,1319,9.225917,37,37,80,0,0,0,0.4,risk_path,4,Bot1|Bot2|Bot3|Bot4,,1,0
456,0.50,75,440,1612596313,1606830779,3651,0.649067,494,1390,61-73,9-34,31-53,97,91,56,50,41,41,1,0,1,97,0,,73,0,,,0,fire_reached_bot,0,39,39,0,0,58,0.4021,353,0.002578,34,33,fire_reached_bot,0,96,73,23,-22,68,0.2990,,0.122844,,33,fire_reached_bot,0,100,73,27,-26,68,0.2990,,0.257210,33,,fire_reached_bot,0,96,73,23,-22,68,0.2990,,13.645515,-1,33,96,0,73,23,,no_path,0,,Bot1|Bot2|Bot3|Bot4,0,1
457,0.50,75,440,2590130515,196957734,3647,0.648356,507,1384,54-67,36-66,67-8,27,19,114,72,103,89,0,0,1,27,1,27,173,1,27,146,1,button,1,27,27,0,145,0,1.0000,153,0.000783,-1,-1,button,1,27,27,0,145,0,1.0000,153,0.002226,,-1,button,1,27,27,0,145,0,1.0000,153,0.003249,-1,,button,1,27,27,0,145,0,1.0000,153,1.327038,6,6,27,0,0,0,0.4,risk_path,4,Bot1|Bot2|Bot3|Bot4,,1,0
458,0.50,75,440,3410208556,1748041653,3630,0.645333,504,1401,43-42,53-52,35-68,20,20,44,34,38,34,0,0,1,20,1,20,72,1,20,52,1,button,1,20,20,0,49,0,1.0000,116,0.000457,-1,-1,button,1,20,20,0,49,0,1.0000,116,0.000969,,-1,button,1,20,20,0,49,0,1.0000,116,0.001314,-1,,button,1,20,20,0,50,0,1.0000,116,0.776948,1,1,20,0,0,0,0.4,risk_path,4,Bot1|Bot2|Bot3|Bot4,,1,0
459,0.50,75,440,1944609791,705594675,3674,0.653156,521,1406,73-3,42-69,11-71,103,97,132,130,43,33,1,0,1,103,0,,70,0,,,0,walked_into_fire,0,93,93,0,-22,10,0.9029,,0.011160,71,71,fire_reached_bot,0,131,70,61,-60,33,0.6796,,0.289721,,-1,fire_reached_bot,0,131,70,61,-60,33,0.6796,,0.613367,-1,,fire_reached_bot,0,131,70,61,-60,33,0.6796,,15.655403,-1,-1,131,0,70,61,,no_path,0,,Bot1|Bot2|Bot3|Bot4,0,1
460,0.50,75,440,3380480183,1588023217,3661,0.650844,511,1422,4-70,35-43,9-64,60,58,11,11,49,47,1,0,1,60,0,,78,0,,,0,walked_into_fire,0,10,10,0,-1,50,0.1667,25,0.000606,9,8,fire_reached_bot,0,18,14,4,0,54,0.1000,106,0.005717,,8,fire_reached_bot,0,51,47,4,0,23,0.6167,569,0.019673,8,,fire_reached_bot,0,18,14,4,0,54,0.1000,106,2.365100,-1,8,18,0,14,4,,no_path,0,,Bot1|Bot2|Bot3|Bot4,0,1
461,0.50,75,440,545968031,3785375886,3639,0.646933,498,1365,43-6,61-58,1-42,76,70,84,78,86,76,0,0,1,76,1,76,150,1,76,74,1,button,1,76,76,0,61,0,1.0000,815,0.006216,-1,-1,button,1,76,76,0,61,0,1.0000,815,0.027158,,-1,button,1,76,76,0,61,0,1.0000,815,0.035186,-1,,button,1,76,76,0,61,0,1.0000,815,7.964420,43,43,76,0,0,0,0.4,risk_path,4,Bot1|Bot2|Bot3|Bot4,,1,0
462,0.50,75,440,3450460134,238140626,3636,0.646400,504,1363,56-10,14-8,20-65,68,44,93,91,83,63,0,0,1,68,1,68,146,1,68,78,1,button,1,68,68,0,78,0,1.0000,872,0.007225,-1,-1,button,1,68,68,0,78,0,1.0000,872,0.017183,,-1,button,1,68,68,0,78,0,1.0000,872,0.024706,-1,,button,1,68,68,0,78,0,1.0000,872,6.441897,-1,-1,68,0,0,0,0.4,risk_path,4,Bot1|Bot2|Bot3|Bot4,,1,0
463,0.50,75,440,1149964191,3065534945,3643,0.647644,509,1362,40-25,17-31,0-32,35,29,63,47,36,18,0,0,1,35,1,35,58,1,35,23,1,button,1,35,35,0,23,0,1.0000,132,0.000851,-1,-1,button,1,35,35,0,23,0,1.0000,132,0.003213,,-1,button,1,35,35,0,23,0,1.0000,132,0.004565,-1,,button,1,35,35,0,23,0,1.0000,132,2.336243,2,2,35,0,0,0,0.4,risk_path,4,Bot1|Bot2|Bot3|Bot4,,1,0
464,0.50,75,440,2588932194,3317267967,3638,0.646756,502,1370,62-19,40-53,74-66,68,56,83,59,61,47,1,0,1,68,0,,110,1,68,42,1,button,1,68,68,0,38,0,1.0000,208,0.002683,-1,-1,button,1,68,68,0,38,0,1.0000,208,0.018933,,-1,button,1,68,68,0,38,0,1.0000,208,0.028091,-1,,button,1,68,68,0,38,0,1.0000,208,7.075931,-1,-1,68,0,0,0,0.4,risk_path,4,Bot1|Bot2|Bot3|Bot4,,1,0
465,0.50,75,440,283204915,3485829726,3629,0.645156,508,1367,64-59,65-68,21-63,12,10,71,47,71,49,0,0,1,12,1,12,126,1,12,114,1,button,1,12,12,0,111,0,1.0000,20,0.000152,-1,-1,button,1,12,12,0,111,0,1.0000,20,0.000324,,-1,button,1,12,12,0,111,0,1.0000,20,0.000380,-1,,button,1,12,12,0,111,0,1.0000,20,0.322024,-1,-1,12,0,0,0,0.4,risk_path,4,Bot1|Bot2|Bot3|Bot4,,1,0
466,0.50,75,440,519884690,3415390693,3660,0.650667,498,1397,42-44,2-19,17-64,65,65,47,45,82,60,0,0,1,65,1,65,145,1,65,80,1,button,1,65,65,0,58,0,1.0000,647,0.004724,-1,-1,button,1,65,65,0,58,0,1.0000,647,0.015902,,-1,button,1,65,65,0,58,0,1.0000,647,0.021345,-1,,button,1,65,65,0,58,0,1.0000,647,6.693990,-1,-1,65,0,0,0,0.4,risk_path,4,Bot1|Bot2|Bot3|Bot4,,1,0
467,0.50,75,440,3826963234,2865125719,3651,0.649067,514,1442,46-13,18-38,44-2,53,53,13,13,62,62,0,0,1,53,1,53,114,1,53,61,1,button,1,53,53,0,25,0,1.0000,367,0.002199,-1,-1,button,1,53,53,0,25,0,1.0000,367,0.005404,,-1,button,1,53,53,0,25,0,1.0000,367,0.008674,-1,,button,1,53,53,0,25,0,1.0000,367,5.092669,-1,-1,53,0,0,0,0.4,risk_path,4,Bot1|Bot2|Bot3|Bot4,,1,0
468,0.50,75,440,4243052957,3832579543,3655,0.649778,512,1362,20-47,35-34,1-59,40,28,31,31,67,59,0,0,1,40,1,40,115,1,40,75,1,button,1,40,40,0,49,0,1.0000,249,0.001465,-1,-1,button,1,40,40,0,49,0,1.0000,249,0.006481,,-1,button,1,40,40,0,49,0,1.0000,249,0.007391,-1,,button,1,40,40,0,49,0,1.0000,249,2.800127,11,11,40,0,0,0,0.4,risk_path,4,Bot1|Bot2|Bot3|Bot4,,1,0
469,0.50,75,440,2512400746,3515949097,3651,0.649067,508,1372,72-67,69-59,59-74,27,11,22,20,29,25,0,0,1,27,1,27,51,1,27,24,1,button,1,27,27,0,20,0,1.0000,106,0.000691,-1,-1,button,1,27,27,0,20,0,1.0000,106,0.002397,,-1,button,1,27,27,0,20,0,1.0000,106,0.002810,-1,,button,1,27,27,0,20,0,1.0000,106,1.367169,-1,-1,27,0,0,0,0.4,risk_path,4,Bot1|Bot2|Bot3|Bot4,,1,0
470,0.50,75,440,3413718978,1893227172,3673,0.652978,501,1432,59-29,30-55,41-69,67,55,72,58,33,25,1,0,1,67,0,,66,0,,,0,fire_reached_bot,0,50,50,0,0,17,0.7463,452,0.003537,44,42,fire_reached_bot,0,83,54,29,-16,35,0.4776,,0.151735,,42,fire_reached_bot,0,87,54,33,-20,35,0.4776,,0.332341,42,,fire_reached_bot,0,83,54,29,-16,35,0.4776,,9.402604,-1,42,83,0,54,29,,no_path,0,,Bot1|Bot2|Bot3|Bot4,0,1
471,0.50,75,440,503817407,3717343413,3672,0.652800,514,1425,13-45,72-30,24-35,84,74,23,21,75,53,1,0,1,84,0,,121,1,104,17,0,walked_into_fire,0,19,19,0,-1,65,0.2262,60,0.001467,18,17,fire_reached_bot,0,39,33,6,0,59,0.2976,466,0.023297,,17,fire_reached_bot,0,35,33,2,0,57,0.3214,360,0.025607,17,,fire_reached_bot,0,39,33,6,0,59,0.2976,466,6.699668,-1,17,39,13,20,6,0.99,no_path,0,,Bot1|Bot2|Bot3|Bot4,0,1
472,0.50,75,440,2819638129,3975689994,3623,0.644089,510,1354,74-33,36-23,31-36,66,48,70,46,34,18,1,0,1,66,0,,66,1,66,0,0,walked_into_fire,0,63,63,0,-2,3,0.9545,737,0.005409,63,62,button,1,66,66,0,0,0,1.0000,828,0.025596,,62,button,1,66,66,0,0,0,1.0000,828,0.045337,62,,button,1,66,66,0,0,0,1.0000,828,6.608460,62,-1,66,14,52,0,0.99,risk_path,3,Bot2|Bot3|Bot4,Bot1,0,0
473,0.50,75,440,2272994969,415899555,3671,0.652622,516,1414,5-54,58-0,43-33,113,107,75,59,50,48,1,0,1,113,0,,87,0,,,0,walked_into_fire,0,60,60,0,-1,53,0.5310,701,0.005507,56,56,fire_reached_bot,0,73,69,4,0,66,0.4159,1119,0.071039,,65,fire_reached_bot,0,85,69,16,0,70,0.3805,1563,0.202201,65,,fire_reached_bot,0,73,69,4,0,66,0.4159,1119,13.702163,-1,65,73,0,69,4,,no_path,0,,Bot1|Bot2|Bot3|Bot4,0,1
474,0.50,75,440,3800817311,3697787141,3626,0.644622,492,1343,5-7,13-60,73-20,75,61,97,81,102,100,0,0,1,75,1,75,180,1,75,105,1,button,1,75,75,0,89,0,1.0000,716,0.006118,-1,-1,button,1,75,75,0,89,0,1.0000,716,0.027561,,-1,button,1,75,75,0,89,0,1.0000,716,0.034107,-1,,button,1,75,75,0,89,0,1.0000,716,9.447563,12,12,75,0,0,0,0.4,risk_path,4,Bot1|Bot2|Bot3|Bot4,,1,0
475,0.50,75,440,3913921988,874549696,3647,0.648356,511,1362,56-1,38-43,52-0,66,60,15,5,67,57,0,0,1,66,1,66,120,1,66,54,1,button,1,66,66,0,18,0,1.0000,554,0.004263,-1,-1,button,1,66,66,0,18,0,1.0000,554,0.017673,,-1,button,1,66,66,0,18,0,1.0000,554,0.022678,-1,,button,1,66,66,0,18,0,1.0000,554,7.014655,-1,-1,66,0,0,0,0.4,risk_path,4,Bot1|Bot2|Bot3|Bot4,,1,0
476,0.50,75,440,2149910873,4090412208,3621,0.643733,513,1361,26-55,26-4,18-31,83,51,34,32,49,35,1,0,1,83,0,,89,0,,,0,walked_into_fire,0,41,41,0,-2,42,0.4940,253,0.003328,36,36,fire_reached_bot,0,90,84,6,0,11,0.8675,,0.069149,,77,fire_reached_bot,0,90,84,6,0,11,0.8675,,0.095370,77,,fire_reached_bot,0,90,84,6,0,11,0.8675,,11.342150,-1,77,90,0,84,6,,no_path,0,,Bot1|Bot2|Bot3|Bot4,0,1
477,0.50,75,440,2557168548,667988557,3659,0.650489,494,1407,58-32,54-42,13-19,30,14,66,58,80,64,0,0,1,30,1,30,146,1,30,116,1,button,1,30,30,0,96,0,1.0000,160,0.000982,-1,-1,button,1,30,30,0,96,0,1.0000,160,0.004836,,-1,button,1,30,30,0,96,0,1.0000,160,0.004832,-1,,button,1,30,30,0,96,0,1.0000,160,1.652508,27,27,30,0,0,0,0.4,risk_path,4,Bot1|Bot2|Bot3|Bot4,,1,0
478,0.50,75,440,364875584,1296068607,3621,0.643733,496,1338,45-17,14-59,55-11,91,73,20,16,105,89,0,0,1,91,1,91,197,1,91,106,1,button,1,91,91,0,34,0,1.0000,1203,0.013021,-1,-1,button,1,91,91,0,34,0,1.0000,1203,0.071994,,-1,button,1,91,91,0,34,0,1.0000,1203,0.081602,-1,,button,1,91,91,0,34,0,1.0000,1203,11.610299,-1,-1,91,0,0,0,0.4,risk_path,4,Bot1|Bot2|Bot3|Bot4,,1,0
479,0.50,75,440,1145681825,3225904011,3615,0.642667,492,1333,39-32,63-60,60-51,54,52,42,40,14,12,1,0,1,54,0,,32,0,,,0,walked_into_fire,0,39,39,0,-6,15,0.7222,,0.001756,26,26,fire_reached_bot,0,50,32,18,-17,32,0.4074,,0.093471,,-1,fire_reached_bot,0,50,32,18,-17,32,0.4074,,0.184205,-1,,fire_reached_bot,0,50,32,18,-17,32,0.4074,,4.809394,-1,-1,50,0,32,18,,no_path,0,,Bot1|Bot2|Bot3|Bot4,0,1
480,0.50,75,440,348230519,1372939948,3638,0.646756,505,1386,59-43,51-1,23-1,54,50,82,78,52,28,1,0,1,54,0,,91,1,54,37,1,button,1,54,54,0,34,0,1.0000,352,0.002295,-1,-1,button,1,54,54,0,34,0,1.0000,352,0.007989,,-1,button,1,54,54,0,34,0,1.0000,352,0.010021,-1,,button,1,54,54,0,34,0,1.0000,352,4.699543,-1,-1,54,0,0,0,0.4,risk_path,4,Bot1|Bot2|Bot3|Bot4,,1,0
481,0.50,75,440,1613761028,1186564994,3628,0.644978,490,1360,42-69,73-38,64-51,70,62,44,40,32,22,1,0,1,70,0,,70,0,,,0,walked_into_fire,0,31,31,0,-1,39,0.4429,174,0.001616,31,30,fire_reached_bot,0,69,64,5,0,46,0.3429,822,0.055331,,30,fire_reached_bot,0,71,64,7,0,48,0.3143,,0.102057,30,,fire_reached_bot,0,69,64,5,0,46,0.3429,822,11.236592,-1,30,69,0,64,5,,no_path,0,,Bot1|Bot2|Bot3|Bot4,0,1
482,0.50,75,440,2244013405,2091786480,3633,0.645867,501,1376,17-42,31-61,59-17,39,33,75,67,92,72,0,0,1,39,1,39,171,1,39,132,1,button,1,39,39,0,132,0,1.0000,331,0.001850,-1,-1,button,1,39,39,0,132,0,1.0000,331,0.006171,,-1,button,1,39,39,0,132,0,1.0000,331,0.007849,-1,,button,1,39,39,0,132,0,1.0000,331,2.772250,10,10,39,0,0,0,0.4,risk_path,4,Bot1|Bot2|Bot3|Bot4,,1,0
483,0.50,75,440,944778932,1478825027,3640,0.647111,504,1358,32-47,39-21,6-61,37,33,54,40,91,73,0,0,1,37,1,37,175,1,37,138,1,button,1,37,37,0,102,0,1.0000,121,0.000756,-1,-1,button,1,37,37,0,102,0,1.0000,121,0.002503,,-1,button,1,37,37,0,102,0,1.0000,121,0.003074,-1,,button,1,37,37,0,102,0,1.0000,121,2.524658,7,7,37,0,0,0,0.4,risk_path,4,Bot1|Bot2|Bot3|Bot4,,1,0
484,0.50,75,440,575576,2379172882,3653,0.649422,507,1391,49-28,31-22,13-1,24,24,65,63,41,39,0,0,1,24,1,24,70,1,24,46,1,button,1,24,24,0,46,0,1.0000,38,0.000308,-1,-1,button,1,24,24,0,46,0,1.0000,38,0.001103,,-1,button,1,24,24,0,46,0,1.0000,38,0.008619,-1,,button,1,24,24,0,46,0,1.0000,38,1.077110,-1,-1,24,0,0,0,0.4,risk_path,4,Bot1|Bot2|Bot3|Bot4,,1,0
485,0.50,75,440,2872471504,826922753,3634,0.646044,499,1374,45-66,31-68,39-51,22,16,25,21,29,25,0,0,1,22,1,22,50,1,22,28,1,button,1,22,22,0,28,0,1.0000,108,0.000511,-1,-1,button,1,22,22,0,28,0,1.0000,108,0.001222,,-1,button,1,22,22,0,28,0,1.0000,108,0.001573,-1,,button,1,22,22,0,28,0,1.0000,108,0.882436,1,1,22,0,0,0,0.4,risk_path,4,Bot1|Bot2|Bot3|Bot4,,1,0
486,0.50,75,440,2028298929,2150041132,3626,0.644622,502,1364,44-42,46-42,65-27,8,2,42,36,36,34,0,0,1,8,1,8,67,1,8,59,1,button,1,8,8,0,59,0,1.0000,15,0.000121,-1,-1,button,1,8,8,0,59,0,1.0000,15,0.000223,,-1,button,1,8,8,0,59,0,1.0000,15,0.000253,-1,,button,1,8,8,0,59,0,1.0000,15,0.184359,-1,-1,8,0,0,0,0.4,risk_path,4,Bot1|Bot2|Bot3|Bot4,,1,0
487,0.50,75,440,2834803892,1468566193,3640,0.647111,512,1367,16-6,32-47,25-59,69,57,88,62,23,19,1,0,1,69,0,,44,0,,,0,fire_reached_bot,0,59,59,0,-14,10,0.8551,,0.002864,41,41,fire_reached_bot,0,95,40,55,-50,29,0.5797,,0.244438,,-1,fire_reached_bot,0,95,40,55,-50,29,0.5797,,0.460998,-1,,fire_reached_bot,0,95,40,55,-50,29,0.5797,,7.380531,-1,-1,95,0,40,55,,no_path,0,,Bot1|Bot2|Bot3|Bot4,0,1
488,0.50,75,440,1595770306,3510375444,3647,0.648356,509,1358,34-49,38-18,27-62,53,35,40,20,81,55,0,0,1,53,1,53,126,1,53,73,1,button,1,53,53,0,65,0,1.0000,526,0.004817,-1,-1,button,1,53,53,0,65,0,1.0000,526,0.011517,,-1,button,1,53,53,0,65,0,1.0000,526,0.014666,-1,,button,1,53,53,0,67,0,1.0000,526,4.790909,4,4,53,0,0,0,0.4,risk_path,4,Bot1|Bot2|Bot3|Bot4,,1,0
489,0.50,75,440,4171940784,3372629387,3636,0.646400,499,1366,69-26,7-39,72-72,87,75,81,49,106,98,0,0,1,87,1,87,181,1,87,94,1,button,1,87,87,0,69,0,1.0000,471,0.007718,-1,-1,button,1,87,87,0,69,0,1.0000,471,0.040206,,-1,button,1,87,87,0,69,0,1.0000,471,0.042340,-1,,button,1,87,87,0,78,0,1.0000,471,11.861084,24,24,87,0,0,0,0.4,risk_path,4,Bot1|Bot2|Bot3|Bot4,,1,0
490,0.50,75,440,3646037766,3925754981,3637,0.646578,497,1370,8-53,48-10,13-11,87,83,61,47,62,36,1,0,1,87,0,,127,1,87,40,1,button,1,87,87,0,28,0,1.0000,901,0.007737,-1,-1,button,1,87,87,0,28,0,1.0000,901,0.045378,,-1,button,1,87,87,0,28,0,1.0000,901,0.043213,-1,,button,1,87,87,0,28,0,1.0000,901,11.746897,9,9,87,5,8,0,0.99,risk_path,4,Bot1|Bot2|Bot3|Bot4,,1,0
491,0.50,75,440,1715550879,3700416209,3644,0.647822,514,1416,15-65,62-11,56-66,107,101,64,42,87,61,1,0,1,107,0,,141,1,107,34,1,button,1,107,107,0,11,0,1.0000,1645,0.022871,-1,-1,button,1,107,107,0,11,0,1.0000,1645,0.083302,,-1,button,1,107,107,0,11,0,1.0000,1645,0.108600,-1,,button,1,107,107,0,11,0,1.0000,1645,13.956547,14,14,107,0,0,0,0.4,risk_path,4,Bot1|Bot2|Bot3|Bot4,,1,0
492,0.50,75,440,1948605556,4065344269,3640,0.647111,507,1371,51-69,52-25,18-50,63,45,52,52,61,59,1,0,1,63,0,,102,1,63,39,1,button,1,63,63,0,39,0,1.0000,1059,0.007442,-1,-1,button,1,63,63,0,39,0,1.0000,1059,0.019876,,-1,button,1,63,63,0,39,0,1.0000,1059,0.027215,-1,,button,1,63,63,0,39,0,1.0000,1059,5.541772,13,13,63,0,0,0,0.4,risk_path,4,Bot1|Bot2|Bot3|Bot4,,1,0
493,0.50,75,440,627320740,1943041704,3628,0.644978,504,1383,15-31,53-41,42-35,54,48,37,31,17,17,1,1,1,58,0,,29,0,,,0,fire_reached_bot,0,23,23,0,0,31,0.4259,109,0.001170,22,21,fire_reached_bot,0,38,29,9,-8,35,0.3519,,0.056789,,21,fire_reached_bot,0,41,29,12,-11,33,0.3889,,0.136279,21,,fire_reached_bot,0,38,29,9,-8,35,0.3519,,4.049285,-1,21,38,0,29,9,,no_path,0,,Bot1|Bot2|Bot3|Bot4,0,1
494,0.50,75,440,3909912075,2078630651,3651,0.649067,498,1390,32-62,42-47,11-0,29,25,101,83,82,78,0,0,1,29,1,29,136,1,29,107,1,button,1,29,29,0,107,0,1.0000,112,0.000578,-1,-1,button,1,29,29,0,107,0,1.0000,112,0.001661,,-1,button,1,29,29,0,107,0,1.0000,112,0.002190,-1,,button,1,29,29,0,107,0,1.0000,112,1.422289,-1,-1,29,0,0,0,0.4,risk_path,4,Bot1|Bot2|Bot3|Bot4,,1,0
495,0.50,75,440,1510466362,86062878,3646,0.648178,503,1410,1-6,28-20,9-50,43,41,82,52,65,49,0,0,1,43,1,43,119,1,43,76,1,button,1,43,43,0,76,0,1.0000,245,0.001383,-1,-1,button,1,43,43,0,76,0,1.0000,245,0.005447,,-1,button,1,43,43,0,76,0,1.0000,245,0.006644,-1,,button,1,43,43,0,76,0,1.0000,245,3.346871,24,24,43,0,0,0,0.4,risk_path,4,Bot1|Bot2|Bot3|Bot4,,1,0
496,0.50,75,440,1673293873,26139537,3663,0.651200,514,1389,47-11,12-26,34-36,62,50,44,38,46,32,1,0,1,62,0,,81,1,62,19,1,button,1,62,62,0,18,0,1.0000,1006,0.006424,-1,-1,button,1,62,62,0,18,0,1.0000,1006,0.021323,,-1,button,1,62,62,0,18,0,1.0000,1006,0.028164,-1,,button,1,62,62,0,18,0,1.0000,1006,5.404234,-1,-1,62,17,0,0,0.99,risk_path,4,Bot1|Bot2|Bot3|Bot4,,1,0
497,0.50,75,440,475465390,3774680164,3640,0.647111,505,1390,35-60,0-27,45-26,72,68,48,44,60,46,1,0,1,72,0,,113,1,72,41,1,button,1,72,72,0,25,0,1.0000,1251,0.008723,-1,-1,button,1,72,72,0,25,0,1.0000,1251,0.023163,,-1,button,1,72,72,0,25,0,1.0000,1251,0.031142,-1,,button,1,72,72,0,25,0,1.0000,1251,6.488703,-1,-1,72,0,0,0,0.4,risk_path,4,Bot1|Bot2|Bot3|Bot4,,1,0
498,0.50,75,440,662792833,1871343044,3645,0.648000,508,1402,32-8,35-37,6-34,48,32,60,52,40,32,1,0,1,48,0,,82,1,48,34,1,button,1,48,48,0,32,0,1.0000,300,0.002074,-1,-1,button,1,48,48,0,32,0,1.0000,300,0.012040,,-1,button,1,48,48,0,32,0,1.0000,300,0.012216,-1,,button,1,48,48,0,32,0,1.0000,300,3.629269,39,39,48,0,0,0,0.4,risk_path,4,Bot1|Bot2|Bot3|Bot4,,1,0
499,0.50,75,440,2014376753,1909772166,3652,0.649244,495,1363,33-38,36-40,60-38,5,5,57,27,54,26,0,0,1,5,1,5,100,1,5,95,1,button,1,5,5,0,95,0,1.0000,7,0.000061,-1,-1,button,1,5,5,0,95,0,1.0000,7,0.000096,,-1,button,1,5,5,0,95,0,1.0000,7,0.000105,-1,,button,1,5,5,0,95,0,1.0000,7,0.102642,-1,-1,5,0,0,0,0.4,risk_path,4,Bot1|Bot2|Bot3|Bot4,,1,0
