scenario_id,q,grid_size,seed,layout_seed,fire_seed,open_cells,open_fraction,dead_ends,junctions,start,button,fire_start,start_button_dist,start_button_manhattan,start_fire_dist,start_fire_manhattan,button_fire_dist,button_fire_manhattan,fire_closer_to_button,fire_start_on_shortest_path,path_exists_avoiding_fire_start,bot1_path_len,guaranteed_win,guaranteed_win_route_len,fire_button_time,oracle_win,oracle_route_len,oracle_margin,bot1_predicted_win,Bot1_result,Bot1_success,Bot1_steps,Bot1_moves,Bot1_waits,Bot1_min_slack,Bot1_final_dist_to_button,Bot1_progress_to_button,Bot1_fire_cells_at_end,Bot1_trial_seconds,Bot1_diverges_from_Bot2,Bot1_diverges_from_Bot3,Bot2_result,Bot2_success,Bot2_steps,Bot2_moves,Bot2_waits,Bot2_min_slack,Bot2_final_dist_to_button,Bot2_progress_to_button,Bot2_fire_cells_at_end,Bot2_trial_seconds,Bot2_diverges_from_Bot2,Bot2_diverges_from_Bot3,Bot3_result,Bot3_success,Bot3_steps,Bot3_moves,Bot3_waits,Bot3_min_slack,Bot3_final_dist_to_button,Bot3_progress_to_button,Bot3_fire_cells_at_end,Bot3_trial_seconds,Bot3_diverges_from_Bot2,Bot3_diverges_from_Bot3,Bot4_result,Bot4_success,Bot4_steps,Bot4_moves,Bot4_waits,Bot4_min_slack,Bot4_final_dist_to_button,Bot4_progress_to_button,Bot4_fire_cells_at_end,Bot4_trial_seconds,Bot4_diverges_from_Bot2,Bot4_diverges_from_Bot3,Bot4_plan_count,Bot4_relaxed_count,Bot4_fallback_count,Bot4_no_path_count,Bot4_max_active_threshold,Bot4_final_strategy,n_bots_succeeded,succeeded_bots,failed_bots,all_bots_succeeded,all_bots_failed
0,0.30,75,440,1268951711,594470288,3627,0.644800,505,1370,17-28,16-61,4-73,52,34,68,58,26,24,1,0,1,52,0,,75,1,52,23,1,button,1,52,52,0,21,0,1.0000,100,0.001378,-1,-1,button,1,52,52,0,21,0,1.0000,100,0.008836,,-1,button,1,52,52,0,21,0,1.0000,100,0.011315,-1,,button,1,52,52,0,21,0,1.0000,100,5.953537,-1,-1,52,7,0,0,0.99,risk_path,4,Bot1|Bot2|Bot3|Bot4,,1,0
1,0.30,75,440,2520073151,427107123,3637,0.646578,501,1318,1-73,6-66,34-48,14,12,72,58,60,46,0,0,1,14,1,14,176,1,14,162,1,button,1,14,14,0,162,0,1.0000,11,0.000166,-1,-1,button,1,14,14,0,162,0,1.0000,11,0.000368,,-1,button,1,14,14,0,162,0,1.0000,11,0.000557,-1,,button,1,14,14,0,160,0,1.0000,11,0.426539,12,12,14,0,0,0,0.4,risk_path,4,Bot1|Bot2|Bot3|Bot4,,1,0
2,0.30,75,440,1257125778,1539091741,3644,0.647822,495,1360,33-34,5-11,72-13,55,51,74,60,93,69,0,0,1,55,1,55,275,1,55,220,1,button,1,55,55,0,182,0,1.0000,188,0.002150,-1,-1,button,1,55,55,0,182,0,1.0000,188,0.009387,,-1,button,1,55,55,0,182,0,1.0000,188,0.011555,-1,,button,1,55,55,0,182,0,1.0000,188,5.538729,-1,-1,55,0,0,0,0.4,risk_path,4,Bot1|Bot2|Bot3|Bot4,,1,0
3,0.30,75,440,3219619760,4192021694,3647,0.648356,513,1356,57-62,26-5,53-47,110,88,43,19,75,69,1,0,1,110,0,,225,1,110,115,1,button,1,110,110,0,6,0,1.0000,1006,0.014992,-1,-1,button,1,110,110,0,6,0,1.0000,1006,0.078302,,-1,button,1,110,110,0,6,0,1.0000,1006,0.088869,-1,,button,1,110,110,0,6,0,1.0000,1006,18.828454,28,28,110,4,0,0,0.99,risk_path,4,Bot1|Bot2|Bot3|Bot4,,1,0
4,0.30,75,440,4248281429,536808686,3633,0.645867,506,1351,44-73,59-42,40-8,54,46,87,69,57,53,0,0,1,54,1,54,160,1,54,106,1,button,1,54,54,0,100,0,1.0000,214,0.002264,-1,-1,button,1,54,54,0,100,0,1.0000,214,0.008613,,-1,button,1,54,54,0,100,0,1.0000,214,0.011470,-1,,button,1,54,54,0,100,0,1.0000,214,5.205363,10,10,54,0,0,0,0.4,risk_path,4,Bot1|Bot2|Bot3|Bot4,,1,0
5,0.30,75,440,3037363144,91013559,3636,0.646400,501,1364,0-7,1-17,69-60,65,11,124,122,117,111,0,0,1,65,1,65,319,1,65,254,1,button,1,65,65,0,206,0,1.0000,341,0.004461,-1,-1,button,1,65,65,0,206,0,1.0000,341,0.021063,,-1,button,1,65,65,0,206,0,1.0000,341,0.024532,-1,,button,1,65,65,0,206,0,1.0000,341,7.412553,-1,-1,65,0,0,0,0.4,risk_path,4,Bot1|Bot2|Bot3|Bot4,,1,0
6,0.30,75,440,1074636703,574306319,3647,0.648356,496,1322,54-62,27-69,48-74,44,34,18,18,28,26,1,0,1,44,0,,72,1,44,28,1,button,1,44,44,0,15,0,1.0000,55,0.000744,-1,-1,button,1,44,44,0,15,0,1.0000,55,0.004809,,-1,button,1,44,44,0,15,0,1.0000,55,0.005134,-1,,button,1,44,44,0,15,0,1.0000,55,4.233849,-1,-1,44,7,0,0,0.99,risk_path,4,Bot1|Bot2|Bot3|Bot4,,1,0
7,0.30,75,440,1849467998,3035649632,3658,0.650311,499,1404,22-44,18-46,73-3,6,6,92,92,98,98,0,0,1,6,1,6,271,1,6,265,1,button,1,6,6,0,246,0,1.0000,15,0.000083,-1,-1,button,1,6,6,0,246,0,1.0000,15,0.000092,,-1,button,1,6,6,0,246,0,1.0000,15,0.000134,-1,,button,1,6,6,0,246,0,1.0000,15,0.130174,-1,-1,6,0,0,0,0.4,risk_path,4,Bot1|Bot2|Bot3|Bot4,,1,0
8,0.30,75,440,2909181240,3215246687,3620,0.643556,506,1362,12-1,70-49,6-29,106,106,62,34,92,84,1,0,1,106,0,,268,1,106,162,1,button,1,106,106,0,63,0,1.0000,688,0.009411,-1,-1,button,1,106,106,0,63,0,1.0000,688,0.034125,,-1,button,1,106,106,0,63,0,1.0000,688,0.040285,-1,,button,1,106,106,0,63,0,1.0000,688,17.997393,8,8,106,0,0,0,0.4,risk_path,4,Bot1|Bot2|Bot3|Bot4,,1,0
9,0.30,75,440,3923003300,2956249458,3664,0.651378,525,1435,41-54,51-65,1-72,21,21,64,58,71,57,0,0,1,21,1,21,191,1,21,170,1,button,1,21,21,0,143,0,1.0000,38,0.000322,-1,-1,button,1,21,21,0,143,0,1.0000,38,0.000830,,-1,button,1,21,21,0,143,0,1.0000,38,0.000996,-1,,button,1,21,21,0,143,0,1.0000,38,0.880478,7,7,21,0,0,0,0.4,risk_path,4,Bot1|Bot2|Bot3|Bot4,,1,0
10,0.30,75,440,4156351459,864755998,3658,0.650311,493,1376,2-7,26-2,45-26,33,29,64,62,47,43,0,0,1,33,1,33,167,1,33,134,1,button,1,33,33,0,118,0,1.0000,51,0.000507,-1,-1,button,1,33,33,0,118,0,1.0000,51,0.002761,,-1,button,1,33,33,0,118,0,1.0000,51,0.003096,-1,,button,1,33,33,0,118,0,1.0000,51,1.885791,28,28,33,0,0,0,0.4,risk_path,4,Bot1|Bot2|Bot3|Bot4,,1,0
11,0.30,75,440,1031185214,4103681230,3664,0.651378,508,1398,69-16,41-61,63-36,77,73,28,26,51,47,1,0,1,77,0,,148,1,81,67,0,walked_into_fire,0,26,26,0,-8,51,0.3377,73,0.001822,11,11,button,1,101,101,0,2,0,1.0000,741,0.037144,,54,button,1,97,97,0,2,0,1.0000,672,0.042218,54,,button,1,85,85,0,28,0,1.0000,534,10.830828,3,3,85,1,0,0,0.6,risk_path,3,Bot2|Bot3|Bot4,Bot1,0,0
12,0.30,75,440,2377238433,762642544,3645,0.648000,497,1380,5-25,25-21,70-55,52,24,109,95,85,79,0,0,1,52,1,52,264,1,52,212,1,button,1,52,52,0,179,0,1.0000,169,0.002137,-1,-1,button,1,52,52,0,179,0,1.0000,169,0.012174,,-1,button,1,52,52,0,179,0,1.0000,169,0.014583,-1,,button,1,52,52,0,179,0,1.0000,169,4.678980,-1,-1,52,0,0,0,0.4,risk_path,4,Bot1|Bot2|Bot3|Bot4,,1,0
13,0.30,75,440,942222858,1891687492,3628,0.644978,514,1353,17-65,38-60,0-9,40,26,103,73,93,89,0,0,1,40,1,40,243,1,40,203,1,button,1,40,40,0,203,0,1.0000,58,0.000697,-1,-1,button,1,40,40,0,203,0,1.0000,58,0.003868,,-1,button,1,40,40,0,203,0,1.0000,58,0.004202,-1,,button,1,40,40,0,203,0,1.0000,58,2.788300,25,25,40,0,0,0,0.4,risk_path,4,Bot1|Bot2|Bot3|Bot4,,1,0
14,0.30,75,440,1794572316,2153723049,3632,0.645689,513,1338,29-67,13-50,1-15,37,33,80,80,47,47,0,0,1,37,1,37,128,1,37,91,1,button,1,37,37,0,91,0,1.0000,75,0.000690,-1,-1,button,1,37,37,0,91,0,1.0000,75,0.004476,,-1,button,1,37,37,0,91,0,1.0000,75,0.003928,-1,,button,1,37,37,0,91,0,1.0000,75,2.974239,-1,-1,37,0,0,0,0.4,risk_path,4,Bot1|Bot2|Bot3|Bot4,,1,0
15,0.30,75,440,2441200447,3899617149,3635,0.646222,492,1390,6-57,27-10,39-18,76,68,74,72,22,20,1,0,1,76,0,,59,0,,,0,walked_into_fire,0,56,56,0,-5,20,0.7368,334,0.003374,55,47,fire_reached_bot,0,82,59,23,-22,27,0.6447,,0.139224,,47,fire_reached_bot,0,104,59,45,-44,33,0.5658,,0.419030,47,,fire_reached_bot,0,82,59,23,-22,27,0.6447,,10.304055,-1,47,82,0,59,23,,no_path,0,,Bot1|Bot2|Bot3|Bot4,0,1
16,0.30,75,440,1409741764,2153672354,3659,0.650489,494,1408,10-46,25-53,31-39,26,22,36,28,22,20,1,0,1,26,0,,71,1,26,45,1,button,1,26,26,0,43,0,1.0000,70,0.000510,-1,-1,button,1,26,26,0,43,0,1.0000,70,0.001465,,-1,button,1,26,26,0,43,0,1.0000,70,0.003070,-1,,button,1,26,26,0,45,0,1.0000,70,1.274942,8,8,26,0,0,0,0.4,risk_path,4,Bot1|Bot2|Bot3|Bot4,,1,0
17,0.30,75,440,4196951117,430857384,3656,0.649956,505,1381,14-41,64-28,8-72,71,63,55,37,102,100,0,0,1,71,1,71,272,1,71,201,1,button,1,71,71,0,122,0,1.0000,230,0.002841,-1,-1,button,1,71,71,0,122,0,1.0000,230,0.015379,,-1,button,1,71,71,0,122,0,1.0000,230,0.019413,-1,,button,1,71,71,0,122,0,1.0000,230,8.978231,24,24,71,0,0,0,0.4,risk_path,4,Bot1|Bot2|Bot3|Bot4,,1,0
18,0.30,75,440,4233149764,1616157659,3637,0.646578,497,1393,11-0,16-18,0-66,29,23,99,77,86,64,0,0,1,29,1,29,241,1,29,212,1,button,1,29,29,0,212,0,1.0000,19,0.000356,-1,-1,button,1,29,29,0,212,0,1.0000,19,0.001795,,-1,button,1,29,29,0,212,0,1.0000,19,0.001887,-1,,button,1,29,29,0,212,0,1.0000,19,1.468692,-1,-1,29,0,0,0,0.4,risk_path,4,Bot1|Bot2|Bot3|Bot4,,1,0
19,0.30,75,440,4064511795,2171928469,3659,0.650489,507,1409,57-65,50-20,26-74,72,52,56,40,90,78,0,0,1,72,1,72,265,1,72,193,1,button,1,72,72,0,137,0,1.0000,197,0.002675,-1,-1,button,1,72,72,0,137,0,1.0000,197,0.021949,,-1,button,1,72,72,0,137,0,1.0000,197,0.024903,-1,,button,1,72,72,0,137,0,1.0000,197,8.867909,54,54,72,0,0,0,0.4,risk_path,4,Bot1|Bot2|Bot3|Bot4,,1,0
20,0.30,75,440,1699899743,2977238066,3632,0.645689,499,1358,65-61,56-62,5-33,12,10,94,88,84,80,0,0,1,12,1,12,233,1,12,221,1,button,1,12,12,0,221,0,1.0000,10,0.000207,-1,-1,button,1,12,12,0,221,0,1.0000,10,0.000256,,-1,button,1,12,12,0,221,0,1.0000,10,0.000302,-1,,button,1,12,12,0,221,0,1.0000,10,0.430319,-1,-1,12,0,0,0,0.4,risk_path,4,Bot1|Bot2|Bot3|Bot4,,1,0
21,0.30,75,440,2732194428,1130965774,3628,0.644978,500,1341,59-18,44-33,32-32,42,30,53,41,17,13,1,0,1,42,0,,33,0,,,0,fire_reached_bot,0,39,39,0,-5,3,0.9286,,0.001614,34,34,fire_reached_bot,0,49,33,16,-15,9,0.7857,,0.082122,,-1,fire_reached_bot,0,49,33,16,-15,9,0.7857,,0.174469,-1,,fire_reached_bot,0,49,33,16,-15,9,0.7857,,3.363138,-1,-1,49,14,19,16,0.99,no_path,0,,Bot1|Bot2|Bot3|Bot4,0,1
22,0.30,75,440,2997683836,1911204995,3630,0.645333,512,1370,1-26,1-47,5-0,43,21,52,30,83,51,0,0,1,43,1,43,242,1,43,199,1,button,1,43,43,0,129,0,1.0000,80,0.001001,-1,-1,button,1,43,43,0,129,0,1.0000,80,0.004759,,-1,button,1,43,43,0,129,0,1.0000,80,0.005688,-1,,button,1,43,43,0,129,0,1.0000,80,3.519697,-1,-1,43,0,0,0,0.4,risk_path,4,Bot1|Bot2|Bot3|Bot4,,1,0
23,0.30,75,440,1097742752,1414824977,3616,0.642844,520,1378,33-68,31-51,41-66,27,19,28,10,31,25,0,0,1,27,1,27,84,1,27,57,1,button,1,27,27,0,42,0,1.0000,57,0.000496,-1,-1,button,1,27,27,0,42,0,1.0000,57,0.001447,,-1,button,1,27,27,0,42,0,1.0000,57,0.001594,-1,,button,1,27,27,0,42,0,1.0000,57,1.412565,15,15,27,0,0,0,0.4,risk_path,4,Bot1|Bot2|Bot3|Bot4,,1,0
24,0.30,75,440,1337507337,2865046632,3623,0.644089,507,1335,32-73,70-9,19-6,112,102,98,80,76,54,1,0,1,112,0,,255,1,112,143,1,button,1,112,112,0,106,0,1.0000,514,0.006691,-1,-1,button,1,112,112,0,106,0,1.0000,514,0.079845,,-1,button,1,112,112,0,106,0,1.0000,514,0.080495,-1,,button,1,112,112,0,106,0,1.0000,514,26.701997,37,37,112,0,0,0,0.4,risk_path,4,Bot1|Bot2|Bot3|Bot4,,1,0
25,0.30,75,440,2498745009,4169581797,3635,0.646222,494,1385,46-65,45-48,5-39,32,18,69,67,59,49,0,0,1,32,1,32,188,1,32,156,1,button,1,32,32,0,150,0,1.0000,119,0.000827,-1,-1,button,1,32,32,0,150,0,1.0000,119,0.003383,,-1,button,1,32,32,0,150,0,1.0000,119,0.003884,-1,,button,1,32,32,0,150,0,1.0000,119,2.651113,27,27,32,0,0,0,0.4,risk_path,4,Bot1|Bot2|Bot3|Bot4,,1,0
26,0.30,75,440,702485085,3014187463,3632,0.645689,514,1384,50-33,57-15,62-49,27,25,30,28,49,39,0,0,1,27,1,27,120,1,27,93,1,button,1,27,27,0,81,0,1.0000,30,0.000379,-1,-1,button,1,27,27,0,81,0,1.0000,30,0.001607,,-1,button,1,27,27,0,81,0,1.0000,30,0.001662,-1,,button,1,27,27,0,81,0,1.0000,30,1.763429,9,9,27,0,0,0,0.4,risk_path,4,Bot1|Bot2|Bot3|Bot4,,1,0
27,0.30,75,440,643282798,4265031986,3649,0.648711,511,1394,1-17,44-11,69-37,79,49,110,88,53,51,1,0,1,79,0,,156,1,79,77,1,button,1,79,79,0,77,0,1.0000,425,0.004423,-1,-1,button,1,79,79,0,77,0,1.0000,425,0.033990,,-1,button,1,79,79,0,77,0,1.0000,425,0.031520,-1,,button,1,79,79,0,77,0,1.0000,425,13.980375,5,5,79,0,0,0,0.4,risk_path,4,Bot1|Bot2|Bot3|Bot4,,1,0
28,0.30,75,440,1804062868,1517241965,3645,0.648000,508,1398,11-0,21-47,20-45,67,57,66,54,3,3,1,0,1,67,0,,6,0,,,0,walked_into_fire,0,53,53,0,-46,14,0.7910,,0.002412,7,7,fire_reached_bot,0,154,6,148,-147,61,0.0896,,0.678758,,-1,fire_reached_bot,0,154,6,148,-147,61,0.0896,,1.225158,-1,,fire_reached_bot,0,154,6,148,-147,61,0.0896,,2.755206,-1,-1,154,0,6,148,,no_path,0,,Bot1|Bot2|Bot3|Bot4,0,1
29,0.30,75,440,566956298,2924771251,3644,0.647822,501,1370,50-7,18-23,45-30,52,48,40,28,40,34,1,0,1,52,0,,110,1,52,58,1,button,1,52,52,0,44,0,1.0000,165,0.001322,-1,-1,button,1,52,52,0,44,0,1.0000,165,0.007085,,-1,button,1,52,52,0,44,0,1.0000,165,0.009012,-1,,button,1,52,52,0,44,0,1.0000,165,7.280776,-1,-1,52,0,0,0,0.4,risk_path,4,Bot1|Bot2|Bot3|Bot4,,1,0
30,0.30,75,440,2308806563,965244565,3657,0.650133,511,1407,30-30,52-69,10-51,77,61,45,41,68,60,1,0,1,77,0,,201,1,77,124,1,button,1,77,77,0,62,0,1.0000,504,0.005997,-1,-1,button,1,77,77,0,62,0,1.0000,504,0.037246,,-1,button,1,77,77,0,62,0,1.0000,504,0.050850,-1,,button,1,77,77,0,62,0,1.0000,504,13.696048,18,18,77,0,0,0,0.4,risk_path,4,Bot1|Bot2|Bot3|Bot4,,1,0
31,0.30,75,440,462864162,1041021291,3639,0.646933,509,1365,21-23,18-74,12-3,78,54,35,29,107,77,0,0,1,78,1,78,280,1,78,202,1,button,1,78,78,0,87,0,1.0000,326,0.003967,-1,-1,button,1,78,78,0,87,0,1.0000,326,0.024561,,-1,button,1,78,78,0,87,0,1.0000,326,0.031228,-1,,button,1,78,78,0,87,0,1.0000,326,14.181294,-1,-1,78,0,0,0,0.4,risk_path,4,Bot1|Bot2|Bot3|Bot4,,1,0
32,0.30,75,440,1155299482,2171726374,3641,0.647289,493,1387,25-45,7-61,54-71,34,34,61,55,61,57,0,0,1,34,1,34,169,1,34,135,1,button,1,34,34,0,113,0,1.0000,127,0.001352,-1,-1,button,1,34,34,0,113,0,1.0000,127,0.002126,,-1,button,1,34,34,0,113,0,1.0000,127,0.004538,-1,,button,1,34,34,0,113,0,1.0000,127,2.813870,-1,-1,34,0,0,0,0.4,risk_path,4,Bot1|Bot2|Bot3|Bot4,,1,0
33,0.30,75,440,2179890998,1736700740,3656,0.649956,513,1434,34-4,10-2,6-32,38,26,62,56,50,34,0,0,1,38,1,38,148,1,38,110,1,button,1,38,38,0,91,0,1.0000,57,0.001004,-1,-1,button,1,38,38,0,91,0,1.0000,57,0.004022,,-1,button,1,38,38,0,91,0,1.0000,57,0.005405,-1,,button,1,38,38,0,91,0,1.0000,57,3.543808,-1,-1,38,0,0,0,0.4,risk_path,4,Bot1|Bot2|Bot3|Bot4,,1,0
34,0.30,75,440,1845197330,3869115511,3638,0.646756,501,1332,22-74,62-5,5-2,117,109,105,89,100,60,1,0,1,117,0,,283,1,117,166,1,button,1,117,117,0,119,0,1.0000,402,0.007944,-1,-1,button,1,117,117,0,119,0,1.0000,402,0.078194,,-1,button,1,117,117,0,119,0,1.0000,402,0.095432,-1,,button,1,117,117,0,121,0,1.0000,402,29.954057,25,25,117,0,0,0,0.4,risk_path,4,Bot1|Bot2|Bot3|Bot4,,1,0
35,0.30,75,440,2606653398,2211110660,3655,0.649778,520,1407,30-55,10-46,12-4,33,29,77,69,54,44,0,0,1,33,1,33,152,1,33,119,1,button,1,33,33,0,119,0,1.0000,80,0.000708,-1,-1,button,1,33,33,0,119,0,1.0000,80,0.002587,,-1,button,1,33,33,0,119,0,1.0000,80,0.002896,-1,,button,1,33,33,0,119,0,1.0000,80,2.652738,-1,-1,33,0,0,0,0.4,risk_path,4,Bot1|Bot2|Bot3|Bot4,,1,0
36,0.30,75,440,185924975,3982104193,3640,0.647111,501,1382,69-56,63-24,28-5,56,38,104,92,68,54,0,0,1,56,1,56,205,1,56,149,1,button,1,56,56,0,134,0,1.0000,94,0.001587,-1,-1,button,1,56,56,0,134,0,1.0000,94,0.017481,,-1,button,1,56,56,0,134,0,1.0000,94,0.017912,-1,,button,1,56,56,0,135,0,1.0000,94,7.916884,49,49,56,0,0,0,0.4,risk_path,4,Bot1|Bot2|Bot3|Bot4,,1,0
37,0.30,75,440,3568169848,3649924492,3650,0.648889,506,1389,70-37,57-65,26-62,57,41,93,69,66,34,0,0,1,57,1,57,233,1,57,176,1,button,1,57,57,0,173,0,1.0000,33,0.001175,-1,-1,button,1,57,57,0,173,0,1.0000,33,0.013700,,-1,button,1,57,57,0,173,0,1.0000,33,0.015169,-1,,button,1,57,57,0,173,0,1.0000,33,7.819061,-1,-1,57,0,0,0,0.4,risk_path,4,Bot1|Bot2|Bot3|Bot4,,1,0
38,0.30,75,440,3097759363,742922130,3644,0.647822,512,1377,53-33,58-19,16-17,25,19,57,53,64,44,0,0,1,25,1,25,188,1,25,163,1,button,1,25,25,0,159,0,1.0000,101,0.000595,-1,-1,button,1,25,25,0,159,0,1.0000,101,0.001693,,-1,button,1,25,25,0,159,0,1.0000,101,0.002328,-1,,button,1,25,25,0,159,0,1.0000,101,1.526304,11,11,25,0,0,0,0.4,risk_path,4,Bot1|Bot2|Bot3|Bot4,,1,0
39,0.30,75,440,3219368855,3088895621,3631,0.645511,504,1368,38-4,59-25,64-72,50,42,100,94,70,52,0,0,1,50,1,50,211,1,50,161,1,button,1,50,50,0,161,0,1.0000,120,0.001719,-1,-1,button,1,50,50,0,161,0,1.0000,120,0.010841,,-1,button,1,50,50,0,161,0,1.0000,120,0.013321,-1,,button,1,50,50,0,161,0,1.0000,120,5.785498,2,2,50,0,0,0,0.4,risk_path,4,Bot1|Bot2|Bot3|Bot4,,1,0
40,0.30,75,440,3029962385,3015429521,3622,0.643911,504,1322,30-34,46-20,61-2,32,30,67,63,43,33,0,0,1,32,1,32,111,1,32,79,1,button,1,32,32,0,77,0,1.0000,64,0.000676,-1,-1,button,1,32,32,0,77,0,1.0000,64,0.002311,,-1,button,1,32,32,0,77,0,1.0000,64,0.002670,-1,,button,1,32,32,0,77,0,1.0000,64,2.640064,13,13,32,0,0,0,0.4,risk_path,4,Bot1|Bot2|Bot3|Bot4,,1,0
41,0.30,75,440,4017667363,2471176468,3640,0.647111,508,1366,47-32,62-11,3-74,48,36,92,86,138,122,0,0,1,48,1,48,384,1,48,336,1,button,1,48,48,0,253,0,1.0000,65,0.001150,-1,-1,button,1,48,48,0,253,0,1.0000,65,0.008812,,-1,button,1,48,48,0,253,0,1.0000,65,0.009730,-1,,button,1,48,48,0,253,0,1.0000,65,5.514047,-1,-1,48,0,0,0,0.4,risk_path,4,Bot1|Bot2|Bot3|Bot4,,1,0
42,0.30,75,440,287415481,3615322627,3640,0.647111,512,1371,33-53,74-35,48-20,65,59,62,48,45,41,1,0,1,65,0,,141,1,65,76,1,button,1,65,65,0,37,0,1.0000,289,0.002556,-1,-1,button,1,65,65,0,37,0,1.0000,289,0.014838,,-1,button,1,65,65,0,37,0,1.0000,289,0.018079,-1,,button,1,65,65,0,37,0,1.0000,289,9.430152,14,14,65,0,0,0,0.4,risk_path,4,Bot1|Bot2|Bot3|Bot4,,1,0
43,0.30,75,440,3343635005,3613099639,3644,0.647822,513,1424,40-63,49-41,34-34,39,31,43,35,30,22,1,0,1,39,0,,90,1,39,51,1,button,1,39,39,0,48,0,1.0000,102,0.000925,-1,-1,button,1,39,39,0,48,0,1.0000,102,0.004432,,-1,button,1,39,39,0,48,0,1.0000,102,0.005583,-1,,button,1,39,39,0,48,0,1.0000,102,3.601889,1,1,39,0,0,0,0.4,risk_path,4,Bot1|Bot2|Bot3|Bot4,,1,0
44,0.30,75,440,2433726094,1705541714,3627,0.644800,494,1308,60-20,48-7,31-29,35,25,46,38,41,39,0,0,1,35,1,35,116,1,35,81,1,button,1,35,35,0,79,0,1.0000,121,0.000900,-1,-1,button,1,35,35,0,79,0,1.0000,121,0.003020,,-1,button,1,35,35,0,79,0,1.0000,121,0.003670,-1,,button,1,35,35,0,79,0,1.0000,121,3.033084,-1,-1,35,0,0,0,0.4,risk_path,4,Bot1|Bot2|Bot3|Bot4,,1,0
45,0.30,75,440,3245280877,583972034,3621,0.643733,504,1351,40-56,38-63,23-69,15,9,38,30,25,21,0,0,1,15,1,15,70,1,15,55,1,button,1,15,15,0,55,0,1.0000,10,0.000187,-1,-1,button,1,15,15,0,55,0,1.0000,10,0.000477,,-1,button,1,15,15,0,55,0,1.0000,10,0.000533,-1,,button,1,15,15,0,55,0,1.0000,10,0.615180,-1,-1,15,0,0,0,0.4,risk_path,4,Bot1|Bot2|Bot3|Bot4,,1,0
46,0.30,75,440,744039592,481665536,3664,0.651378,517,1383,42-67,5-61,36-15,65,43,76,58,87,77,0,0,1,65,1,65,267,1,65,202,1,button,1,65,65,0,180,0,1.0000,413,0.003520,-1,-1,button,1,65,65,0,180,0,1.0000,413,0.015870,,-1,button,1,65,65,0,180,0,1.0000,413,0.023478,-1,,button,1,65,65,0,180,0,1.0000,413,10.133309,-1,-1,65,0,0,0,0.4,risk_path,4,Bot1|Bot2|Bot3|Bot4,,1,0
47,0.30,75,440,1407365857,2116346229,3670,0.652444,517,1423,35-11,51-53,61-53,72,58,84,68,14,10,1,0,1,72,0,,49,0,,,0,fire_reached_bot,0,65,65,0,-15,7,0.9028,,0.003516,46,46,fire_reached_bot,0,112,45,67,-62,27,0.6250,,0.356564,,-1,fire_reached_bot,0,112,45,67,-62,27,0.6250,,0.725637,-1,,fire_reached_bot,0,112,45,67,-62,27,0.6250,,12.722662,-1,-1,112,0,45,67,,no_path,0,,Bot1|Bot2|Bot3|Bot4,0,1
48,0.30,75,440,3906747135,3253557841,3652,0.649244,514,1378,38-31,19-45,43-34,35,33,8,8,37,35,0,0,1,35,1,35,108,1,35,73,1,button,1,35,35,0,26,0,1.0000,78,0.000697,-1,-1,button,1,35,35,0,26,0,1.0000,78,0.003967,,-1,button,1,35,35,0,26,0,1.0000,78,0.004235,-1,,button,1,35,35,0,26,0,1.0000,78,2.911469,-1,-1,35,0,0,0,0.4,risk_path,4,Bot1|Bot2|Bot3|Bot4,,1,0
49,0.30,75,440,568842183,2915534142,3635,0.646222,500,1368,31-65,44-71,44-59,47,19,31,19,16,12,1,1,1,101,0,,45,0,,,0,walked_into_fire,0,25,25,0,-9,22,0.5319,64,0.003150,14,14,fire_reached_bot,0,67,13,54,-21,34,0.2766,,0.293490,,-1,fire_reached_bot,0,67,13,54,-21,34,0.2766,,0.680004,-1,,fire_reached_bot,0,67,13,54,-21,34,0.2766,,5.809870,-1,-1,67,0,13,54,,no_path,0,,Bot1|Bot2|Bot3|Bot4,0,1
50,0.30,75,440,514431646,1809119261,3651,0.649067,517,1393,25-17,63-18,11-57,51,39,58,54,109,91,0,0,1,51,1,51,296,1,51,245,1,button,1,51,51,0,172,0,1.0000,109,0.001237,-1,-1,button,1,51,51,0,172,0,1.0000,109,0.007561,,-1,button,1,51,51,0,172,0,1.0000,109,0.008730,-1,,button,1,51,51,0,172,0,1.0000,109,6.110932,33,33,51,0,0,0,0.4,risk_path,4,Bot1|Bot2|Bot3|Bot4,,1,0
51,0.30,75,440,3235510554,1802600594,3623,0.644089,494,1355,2-10,68-24,9-57,110,80,66,54,94,92,1,0,1,110,0,,247,1,110,137,1,button,1,110,110,0,74,0,1.0000,824,0.012994,-1,-1,button,1,110,110,0,74,0,1.0000,824,0.110226,,-1,button,1,110,110,0,74,0,1.0000,824,0.123468,-1,,button,1,110,110,0,74,0,1.0000,824,26.914669,4,4,110,0,0,0,0.4,risk_path,4,Bot1|Bot2|Bot3|Bot4,,1,0
52,0.30,75,440,639085731,3543395183,3638,0.646756,515,1390,32-9,6-35,41-25,56,52,25,25,51,45,1,0,1,56,0,,135,1,56,79,1,button,1,56,56,0,39,0,1.0000,246,0.002163,-1,-1,button,1,56,56,0,39,0,1.0000,246,0.010178,,-1,button,1,56,56,0,39,0,1.0000,246,0.010269,-1,,button,1,56,56,0,39,0,1.0000,246,7.836478,-1,-1,56,0,0,0,0.4,risk_path,4,Bot1|Bot2|Bot3|Bot4,,1,0
53,0.30,75,440,4049135280,482899726,3625,0.644444,501,1359,43-44,33-34,49-33,36,20,23,17,25,17,1,0,1,36,0,,69,1,36,33,1,button,1,36,36,0,33,0,1.0000,47,0.000722,-1,-1,button,1,36,36,0,33,0,1.0000,47,0.003500,,-1,button,1,36,36,0,33,0,1.0000,47,0.002836,-1,,button,1,36,36,0,33,0,1.0000,47,3.033903,-1,-1,36,0,0,0,0.4,risk_path,4,Bot1|Bot2|Bot3|Bot4,,1,0
54,0.30,75,440,2561198562,2236996756,3645,0.648000,500,1328,20-62,0-59,47-37,29,23,58,52,79,69,0,0,1,29,1,29,194,1,29,165,1,button,1,29,29,0,150,0,1.0000,45,0.000661,-1,-1,button,1,29,29,0,150,0,1.0000,45,0.002214,,-1,button,1,29,29,0,150,0,1.0000,45,0.001914,-1,,button,1,29,29,0,150,0,1.0000,45,2.032456,-1,-1,29,0,0,0,0.4,risk_path,4,Bot1|Bot2|Bot3|Bot4,,1,0
55,0.30,75,440,2251065692,286865008,3616,0.642844,496,1335,58-63,9-0,53-16,120,112,64,52,62,60,1,0,1,120,0,,168,1,120,48,1,button,1,120,120,0,13,0,1.0000,1312,0.023209,-1,-1,button,1,120,120,0,13,0,1.0000,1312,0.059761,,-1,button,1,120,120,0,13,0,1.0000,1312,0.086401,-1,,button,1,120,120,0,13,0,1.0000,1312,29.997150,-1,-1,120,10,56,0,0.99,risk_path,4,Bot1|Bot2|Bot3|Bot4,,1,0
56,0.30,75,440,489761711,2230263378,3623,0.644089,501,1372,42-25,42-63,50-53,54,38,40,36,24,18,1,0,1,54,0,,67,0,,,0,walked_into_fire,0,33,33,0,-5,21,0.6111,145,0.001551,32,31,fire_reached_bot,0,97,67,30,-29,39,0.2778,,0.150326,,31,fire_reached_bot,0,95,67,28,-27,37,0.3148,,0.274334,31,,fire_reached_bot,0,97,67,30,-29,39,0.2778,,15.920113,-1,31,97,2,65,30,0.99,no_path,0,,Bot1|Bot2|Bot3|Bot4,0,1
57,0.30,75,440,3274284638,313157239,3626,0.644622,513,1371,46-14,73-22,58-60,39,35,62,58,59,53,0,0,1,39,1,39,168,1,39,129,1,button,1,39,39,0,102,0,1.0000,175,0.001279,-1,-1,button,1,39,39,0,102,0,1.0000,175,0.003603,,-1,button,1,39,39,0,102,0,1.0000,175,0.004678,-1,,button,1,39,39,0,102,0,1.0000,175,3.481171,8,8,39,0,0,0,0.4,risk_path,4,Bot1|Bot2|Bot3|Bot4,,1,0
58,0.30,75,440,3129249196,3379267321,3657,0.650133,513,1417,60-25,1-56,25-34,90,90,46,44,46,46,1,0,1,90,0,,135,1,96,39,0,walked_into_fire,0,49,49,0,-1,41,0.5444,176,0.001968,49,47,fire_reached_bot,0,73,69,4,0,37,0.5889,492,0.031414,,47,fire_reached_bot,0,78,69,9,0,33,0.6333,563,0.038100,47,,button,1,96,96,0,5,0,1.0000,873,20.600835,44,44,96,8,30,0,0.99,risk_path,1,Bot4,Bot1|Bot2|Bot3,0,0
59,0.30,75,440,894121229,1668138513,3639,0.646933,508,1374,35-29,71-66,49-2,75,73,43,41,98,86,0,0,1,75,1,75,253,1,75,178,1,button,1,75,75,0,115,0,1.0000,335,0.003513,-1,-1,button,1,75,75,0,115,0,1.0000,335,0.022010,,-1,button,1,75,75,0,115,0,1.0000,335,0.028057,-1,,button,1,75,75,0,115,0,1.0000,335,13.086478,11,11,75,0,0,0,0.4,risk_path,4,Bot1|Bot2|Bot3|Bot4,,1,0
60,0.30,75,440,2937611675,2098551990,3661,0.650844,517,1463,74-51,28-50,7-34,75,47,98,84,43,37,1,0,1,75,0,,140,1,75,65,1,button,1,75,75,0,46,0,1.0000,454,0.004629,-1,-1,button,1,75,75,0,46,0,1.0000,454,0.037798,,-1,button,1,75,75,0,46,0,1.0000,454,0.045484,-1,,button,1,75,75,0,46,0,1.0000,454,14.063033,-1,-1,75,8,0,0,0.99,risk_path,4,Bot1|Bot2|Bot3|Bot4,,1,0
61,0.30,75,440,2158948882,4161325205,3649,0.648711,504,1375,55-43,55-56,72-7,43,13,55,53,98,66,0,0,1,43,1,43,309,1,43,266,1,button,1,43,43,0,160,0,1.0000,92,0.001389,-1,-1,button,1,43,43,0,160,0,1.0000,92,0.009317,,-1,button,1,43,43,0,160,0,1.0000,92,0.010168,-1,,button,1,43,43,0,160,0,1.0000,92,4.389918,-1,-1,43,0,0,0,0.4,risk_path,4,Bot1|Bot2|Bot3|Bot4,,1,0
62,0.30,75,440,3393563913,2253549308,3667,0.651911,508,1380,24-27,32-68,1-59,71,49,57,55,46,40,1,0,1,71,0,,108,1,71,37,1,button,1,71,71,0,25,0,1.0000,258,0.003083,-1,-1,button,1,71,71,0,25,0,1.0000,258,0.019698,,-1,button,1,71,71,0,25,0,1.0000,258,0.023612,-1,,button,1,71,71,0,25,0,1.0000,258,11.803532,41,41,71,0,0,0,0.4,risk_path,4,Bot1|Bot2|Bot3|Bot4,,1,0
63,0.30,75,440,3798218772,3326087650,3629,0.645156,502,1335,46-27,21-72,19-59,74,70,59,59,17,15,1,0,1,74,0,,43,0,,,0,walked_into_fire,0,43,43,0,-4,31,0.5811,166,0.001716,31,31,fire_reached_bot,0,144,43,101,-100,53,0.2838,,0.461266,,-1,fire_reached_bot,0,144,43,101,-100,53,0.2838,,0.906880,-1,,fire_reached_bot,0,144,43,101,-100,53,0.2838,,14.502858,-1,-1,144,0,43,101,,no_path,0,,Bot1|Bot2|Bot3|Bot4,0,1
64,0.30,75,440,2494522029,654045650,3638,0.646756,507,1370,7-38,4-33,70-44,8,8,99,69,103,77,0,0,1,8,1,8,294,1,8,286,1,button,1,8,8,0,267,0,1.0000,6,0.000118,-1,-1,button,1,8,8,0,267,0,1.0000,6,0.000152,,-1,button,1,8,8,0,267,0,1.0000,6,0.000230,-1,,button,1,8,8,0,267,0,1.0000,6,0.252539,-1,-1,8,0,0,0,0.4,risk_path,4,Bot1|Bot2|Bot3|Bot4,,1,0
65,0.30,75,440,282407045,3208019061,3667,0.651911,507,1402,71-60,44-21,48-55,68,66,40,28,64,38,1,0,1,68,0,,159,1,68,91,1,button,1,68,68,0,48,0,1.0000,500,0.004410,-1,-1,button,1,68,68,0,48,0,1.0000,500,0.017712,,-1,button,1,68,68,0,48,0,1.0000,500,0.021593,-1,,button,1,68,68,0,48,0,1.0000,500,10.635820,-1,-1,68,0,0,0,0.4,risk_path,4,Bot1|Bot2|Bot3|Bot4,,1,0
66,0.30,75,440,2624712765,892082244,3630,0.645333,514,1350,67-68,51-49,10-44,39,35,91,81,62,46,0,0,1,39,1,39,196,1,39,157,1,button,1,39,39,0,157,0,1.0000,154,0.001066,-1,-1,button,1,39,39,0,157,0,1.0000,154,0.002971,,-1,button,1,39,39,0,157,0,1.0000,154,0.004166,-1,,button,1,39,39,0,157,0,1.0000,154,3.501425,-1,-1,39,0,0,0,0.4,risk_path,4,Bot1|Bot2|Bot3|Bot4,,1,0
67,0.30,75,440,1729019775,856386472,3624,0.644267,517,1409,60-53,29-59,62-26,39,37,43,29,68,66,0,0,1,39,1,39,170,1,39,131,1,button,1,39,39,0,92,0,1.0000,161,0.001226,-1,-1,button,1,39,39,0,92,0,1.0000,161,0.003925,,-1,button,1,39,39,0,92,0,1.0000,161,0.005096,-1,,button,1,39,39,0,92,0,1.0000,161,3.546601,-1,-1,39,0,0,0,0.4,risk_path,4,Bot1|Bot2|Bot3|Bot4,,1,0
68,0.30,75,440,4025098533,459075162,3613,0.642311,482,1310,53-46,53-73,41-17,43,27,43,41,86,68,0,0,1,43,1,43,238,1,43,195,1,button,1,43,43,0,116,0,1.0000,133,0.001150,-1,-1,button,1,43,43,0,116,0,1.0000,133,0.006097,,-1,button,1,43,43,0,116,0,1.0000,133,0.007081,-1,,button,1,43,43,0,116,0,1.0000,133,4.225090,-1,-1,43,0,0,0,0.4,risk_path,4,Bot1|Bot2|Bot3|Bot4,,1,0
69,0.30,75,440,266228852,4289431394,3621,0.643733,500,1398,43-3,26-13,19-65,43,27,102,86,79,59,0,0,1,43,1,43,249,1,43,206,1,button,1,43,43,0,187,0,1.0000,161,0.001128,-1,-1,button,1,43,43,0,187,0,1.0000,161,0.005770,,-1,button,1,43,43,0,187,0,1.0000,161,0.006660,-1,,button,1,43,43,0,187,0,1.0000,161,4.247235,-1,-1,43,0,0,0,0.4,risk_path,4,Bot1|Bot2|Bot3|Bot4,,1,0
70,0.30,75,440,3288517247,2662616909,3639,0.646933,504,1347,14-60,54-8,52-56,96,92,58,42,64,50,1,0,1,96,0,,180,1,96,84,1,button,1,96,96,0,24,0,1.0000,933,0.011600,-1,-1,button,1,96,96,0,24,0,1.0000,933,0.043834,,-1,button,1,96,96,0,24,0,1.0000,933,0.056751,-1,,button,1,96,96,0,60,0,1.0000,933,19.392115,18,18,96,0,0,0,0.4,risk_path,4,Bot1|Bot2|Bot3|Bot4,,1,0
71,0.30,75,440,3168276635,2131575540,3624,0.644267,484,1358,74-4,42-32,8-21,64,60,93,83,49,45,1,0,1,64,0,,144,1,64,80,1,button,1,64,64,0,74,0,1.0000,212,0.002138,-1,-1,button,1,64,64,0,74,0,1.0000,212,0.013737,,-1,button,1,64,64,0,74,0,1.0000,212,0.015453,-1,,button,1,64,64,0,74,0,1.0000,212,9.261244,-1,-1,64,0,0,0,0.4,risk_path,4,Bot1|Bot2|Bot3|Bot4,,1,0
72,0.30,75,440,3264989703,3396489466,3645,0.648000,501,1378,40-20,63-53,65-66,60,56,81,71,27,15,1,0,1,60,0,,82,1,60,22,1,button,1,60,60,0,13,0,1.0000,253,0.002949,-1,-1,button,1,60,60,0,13,0,1.0000,253,0.011294,,-1,button,1,60,60,0,13,0,1.0000,253,0.014024,-1,,button,1,60,60,0,13,0,1.0000,253,9.518061,41,41,60,9,26,0,0.99,risk_path,4,Bot1|Bot2|Bot3|Bot4,,1,0
73,0.30,75,440,3661586234,851551463,3654,0.649600,496,1346,19-42,55-11,6-19,77,67,48,36,73,57,1,0,1,77,0,,195,1,77,118,1,button,1,77,77,0,60,0,1.0000,265,0.003775,-1,-1,button,1,77,77,0,60,0,1.0000,265,0.034226,,-1,button,1,77,77,0,60,0,1.0000,265,0.037655,-1,,button,1,77,77,0,60,0,1.0000,265,14.189242,30,30,77,0,0,0,0.4,risk_path,4,Bot1|Bot2|Bot3|Bot4,,1,0
74,0.30,75,440,1507352610,3438827500,3616,0.642844,480,1296,44-65,19-74,3-51,36,34,71,55,43,39,0,0,1,36,1,36,152,1,36,116,1,button,1,36,36,0,116,0,1.0000,36,0.000546,-1,-1,button,1,36,36,0,116,0,1.0000,36,0.002178,,-1,button,1,36,36,0,116,0,1.0000,36,0.002616,-1,,button,1,36,36,0,116,0,1.0000,36,3.056070,-1,-1,36,0,0,0,0.4,risk_path,4,Bot1|Bot2|Bot3|Bot4,,1,0
75,0.30,75,440,2046749167,4286327507,3627,0.644800,499,1365,2-9,37-12,35-29,62,38,61,53,25,19,1,0,1,62,0,,82,1,62,20,1,button,1,62,62,0,13,0,1.0000,371,0.003392,-1,-1,button,1,62,62,0,13,0,1.0000,371,0.017368,,-1,button,1,62,62,0,13,0,1.0000,371,0.020688,-1,,button,1,62,62,0,13,0,1.0000,371,9.267643,-1,-1,62,14,28,0,0.99,risk_path,4,Bot1|Bot2|Bot3|Bot4,,1,0
76,0.30,75,440,3008379624,3615876865,3655,0.649778,515,1384,43-36,1-62,52-64,72,68,49,37,85,53,0,0,1,72,1,72,248,1,72,176,1,button,1,72,72,0,119,0,1.0000,167,0.001958,-1,-1,button,1,72,72,0,119,0,1.0000,167,0.020041,,-1,button,1,72,72,0,119,0,1.0000,167,0.023487,-1,,button,1,72,72,0,119,0,1.0000,167,12.683037,54,54,72,0,0,0,0.4,risk_path,4,Bot1|Bot2|Bot3|Bot4,,1,0
77,0.30,75,440,168951023,2051054311,3646,0.648178,498,1387,63-46,7-52,36-46,78,62,39,27,41,35,1,0,1,78,0,,106,1,96,10,0,fire_reached_bot,0,34,34,0,0,44,0.4359,39,0.001191,12,12,fire_reached_bot,0,75,70,5,0,34,0.5641,388,0.027530,,59,fire_reached_bot,0,70,70,0,0,36,0.5385,342,0.030755,59,,fire_reached_bot,0,75,70,5,0,34,0.5641,388,18.411892,-1,59,75,0,70,5,,no_path,0,,Bot1|Bot2|Bot3|Bot4,0,1
78,0.30,75,440,2349810379,2265303479,3641,0.647289,501,1376,71-31,32-73,47-46,91,81,51,39,46,42,1,0,1,91,0,,117,1,97,20,0,walked_into_fire,0,41,41,0,-3,50,0.4505,56,0.001666,37,31,fire_reached_bot,0,86,86,0,0,23,0.7473,334,0.046784,,31,fire_reached_bot,0,115,102,13,0,41,0.5495,789,0.117246,31,,fire_reached_bot,0,86,86,0,0,23,0.7473,334,24.192814,-1,31,86,0,86,0,,shortest_path_fallback,0,,Bot1|Bot2|Bot3|Bot4,0,1
79,0.30,75,440,2763321522,3868111401,3664,0.651378,494,1408,50-59,10-66,49-54,63,47,6,6,63,51,0,0,1,63,0,,175,1,63,112,1,button,1,63,63,0,15,0,1.0000,328,0.003247,-1,-1,button,1,63,63,0,15,0,1.0000,328,0.015069,,-1,button,1,63,63,0,15,0,1.0000,328,0.018385,-1,,button,1,63,63,0,15,0,1.0000,328,10.392901,34,34,63,0,0,0,0.4,risk_path,4,Bot1|Bot2|Bot3|Bot4,,1,0
80,0.30,75,440,3716998955,3442828106,3643,0.647644,507,1384,32-60,45-60,19-26,29,13,51,47,72,60,0,0,1,29,1,29,211,1,29,182,1,button,1,29,29,0,111,0,1.0000,84,0.000714,-1,-1,button,1,29,29,0,111,0,1.0000,84,0.002325,,-1,button,1,29,29,0,111,0,1.0000,84,0.002912,-1,,button,1,29,29,0,111,0,1.0000,84,2.181259,15,15,29,0,0,0,0.4,risk_path,4,Bot1|Bot2|Bot3|Bot4,,1,0
81,0.30,75,440,2802822109,1173380791,3659,0.650489,505,1348,72-70,46-13,62-73,91,83,29,13,92,76,0,0,1,91,1,91,228,1,91,137,1,button,1,91,91,0,34,0,1.0000,378,0.004506,-1,-1,button,1,91,91,0,34,0,1.0000,378,0.033280,,-1,button,1,91,91,0,34,0,1.0000,378,0.035093,-1,,button,1,91,91,0,34,0,1.0000,378,18.606235,-1,-1,91,0,0,0,0.4,risk_path,4,Bot1|Bot2|Bot3|Bot4,,1,0
82,0.30,75,440,1458696374,4138283831,3640,0.647111,513,1373,14-4,25-57,6-47,78,64,63,51,31,29,1,0,1,78,0,,88,1,78,10,1,button,1,78,78,0,3,0,1.0000,429,0.005150,-1,-1,button,1,78,78,0,3,0,1.0000,429,0.029281,,-1,button,1,78,78,0,3,0,1.0000,429,0.033041,-1,,button,1,78,78,0,3,0,1.0000,429,16.250248,-1,-1,78,12,49,0,0.99,risk_path,4,Bot1|Bot2|Bot3|Bot4,,1,0
83,0.30,75,440,2432187744,4169280272,3642,0.647467,503,1356,40-58,45-19,12-50,66,44,46,36,86,64,0,0,1,66,1,66,246,1,66,180,1,button,1,66,66,0,86,0,1.0000,243,0.002969,-1,-1,button,1,66,66,0,86,0,1.0000,243,0.017316,,-1,button,1,66,66,0,86,0,1.0000,243,0.019131,-1,,button,1,66,66,0,88,0,1.0000,243,10.465306,14,14,66,0,0,0,0.4,risk_path,4,Bot1|Bot2|Bot3|Bot4,,1,0
84,0.30,75,440,117610117,309971403,3649,0.648711,513,1375,38-60,71-19,27-60,80,74,29,11,91,85,0,0,1,80,1,80,256,1,80,176,1,button,1,80,80,0,86,0,1.0000,418,0.004823,-1,-1,button,1,80,80,0,86,0,1.0000,418,0.032046,,-1,button,1,80,80,0,86,0,1.0000,418,0.038116,-1,,button,1,80,80,0,88,0,1.0000,418,13.880153,1,1,80,0,0,0,0.4,risk_path,4,Bot1|Bot2|Bot3|Bot4,,1,0
85,0.30,75,440,2351945767,3852249623,3652,0.649244,513,1378,46-2,42-17,48-41,27,19,63,41,48,30,0,0,1,27,1,27,128,1,27,101,1,button,1,27,27,0,93,0,1.0000,62,0.000517,-1,-1,button,1,27,27,0,93,0,1.0000,62,0.002278,,-1,button,1,27,27,0,93,0,1.0000,62,0.002460,-1,,button,1,27,27,0,93,0,1.0000,62,1.883265,-1,-1,27,0,0,0,0.4,risk_path,4,Bot1|Bot2|Bot3|Bot4,,1,0
86,0.30,75,440,2895808900,3809999560,3632,0.645689,498,1315,29-67,1-17,74-52,80,78,78,60,124,108,0,0,1,80,1,80,370,1,80,290,1,button,1,80,80,0,211,0,1.0000,139,0.002404,-1,-1,button,1,80,80,0,211,0,1.0000,139,0.026230,,-1,button,1,80,80,0,211,0,1.0000,139,0.034501,-1,,button,1,80,80,0,211,0,1.0000,139,15.147294,-1,-1,80,0,0,0,0.4,risk_path,4,Bot1|Bot2|Bot3|Bot4,,1,0
87,0.30,75,440,2723283324,3272133986,3648,0.648533,511,1411,47-73,31-5,7-43,104,84,90,70,88,62,1,0,1,104,0,,294,1,104,190,1,button,1,104,104,0,118,0,1.0000,493,0.007897,-1,-1,button,1,104,104,0,118,0,1.0000,493,0.069332,,-1,button,1,104,104,0,118,0,1.0000,493,0.073602,-1,,button,1,104,104,0,118,0,1.0000,493,23.158183,-1,-1,104,0,0,0,0.4,risk_path,4,Bot1|Bot2|Bot3|Bot4,,1,0
88,0.30,75,440,442504758,736042750,3679,0.654044,508,1420,16-28,1-29,31-35,26,16,30,22,46,36,0,0,1,26,1,26,152,1,26,126,1,button,1,26,26,0,82,0,1.0000,88,0.000600,-1,-1,button,1,26,26,0,82,0,1.0000,88,0.001613,,-1,button,1,26,26,0,82,0,1.0000,88,0.002062,-1,,button,1,26,26,0,82,0,1.0000,88,1.675791,-1,-1,26,0,0,0,0.4,risk_path,4,Bot1|Bot2|Bot3|Bot4,,1,0
89,0.30,75,440,2689907484,1240102764,3643,0.647644,497,1379,16-33,54-64,7-11,73,69,33,31,104,100,0,0,1,73,1,73,282,1,73,209,1,button,1,73,73,0,91,0,1.0000,325,0.003189,-1,-1,button,1,73,73,0,91,0,1.0000,325,0.011387,,-1,button,1,73,73,0,91,0,1.0000,325,0.014612,-1,,button,1,73,73,0,91,0,1.0000,325,11.689501,15,15,73,0,0,0,0.4,risk_path,4,Bot1|Bot2|Bot3|Bot4,,1,0
90,0.30,75,440,1410515791,2649707326,3622,0.643911,490,1314,8-14,42-56,9-9,84,76,8,6,88,80,0,0,1,84,1,84,235,1,84,151,1,button,1,84,84,0,18,0,1.0000,414,0.004586,-1,-1,button,1,84,84,0,18,0,1.0000,414,0.034031,,-1,button,1,84,84,0,18,0,1.0000,414,0.038239,-1,,button,1,84,84,0,18,0,1.0000,414,16.253446,15,15,84,0,0,0,0.4,risk_path,4,Bot1|Bot2|Bot3|Bot4,,1,0
91,0.30,75,440,1198831680,429899597,3632,0.645689,491,1347,53-16,73-34,18-42,46,38,65,61,73,63,0,0,1,46,1,46,209,1,46,163,1,button,1,46,46,0,155,0,1.0000,129,0.001197,-1,-1,button,1,46,46,0,155,0,1.0000,129,0.005522,,-1,button,1,46,46,0,155,0,1.0000,129,0.006195,-1,,button,1,46,46,0,155,0,1.0000,129,4.899342,1,1,46,0,0,0,0.4,risk_path,4,Bot1|Bot2|Bot3|Bot4,,1,0
92,0.30,75,440,2479440059,167758409,3623,0.644089,483,1277,70-63,69-1,24-59,93,63,66,50,109,103,0,0,1,93,1,93,323,1,93,230,1,button,1,93,93,0,170,0,1.0000,619,0.007033,-1,-1,button,1,93,93,0,170,0,1.0000,619,0.042842,,-1,button,1,93,93,0,170,0,1.0000,619,0.052835,-1,,button,1,93,93,0,170,0,1.0000,619,18.292540,10,10,93,0,0,0,0.4,risk_path,4,Bot1|Bot2|Bot3|Bot4,,1,0
93,0.30,75,440,2629098381,3995597651,3617,0.643022,492,1335,43-38,0-52,68-32,73,57,45,31,106,88,0,0,1,73,1,73,327,1,73,254,1,button,1,73,73,0,105,0,1.0000,319,0.004433,-1,-1,button,1,73,73,0,105,0,1.0000,319,0.028349,,-1,button,1,73,73,0,105,0,1.0000,319,0.034633,-1,,button,1,73,73,0,105,0,1.0000,319,12.979991,-1,-1,73,0,0,0,0.4,risk_path,4,Bot1|Bot2|Bot3|Bot4,,1,0
94,0.30,75,440,4034527632,2373009210,3618,0.643200,497,1351,2-63,74-14,29-36,133,121,56,54,79,67,1,0,1,133,0,,262,1,161,101,0,walked_into_fire,0,40,40,0,-5,93,0.3008,207,0.008048,37,37,fire_reached_bot,0,109,89,20,0,88,0.3383,1308,0.238292,,43,fire_reached_bot,0,118,89,29,0,84,0.3684,1559,0.328613,43,,fire_reached_bot,0,109,89,20,0,88,0.3383,1308,32.243577,-1,43,109,0,89,20,,no_path,0,,Bot1|Bot2|Bot3|Bot4,0,1
95,0.30,75,440,83074924,374331740,3621,0.643733,498,1346,0-52,43-16,43-65,89,79,64,56,81,49,1,0,1,89,0,,226,1,89,137,1,button,1,89,89,0,112,0,1.0000,482,0.007957,-1,-1,button,1,89,89,0,112,0,1.0000,482,0.041090,,-1,button,1,89,89,0,112,0,1.0000,482,0.046426,-1,,button,1,89,89,0,112,0,1.0000,482,17.753810,9,9,89,0,0,0,0.4,risk_path,4,Bot1|Bot2|Bot3|Bot4,,1,0
96,0.30,75,440,902943538,3127573542,3621,0.643733,508,1388,18-50,22-44,54-28,10,10,60,58,50,48,0,0,1,10,1,10,157,1,10,147,1,button,1,10,10,0,147,0,1.0000,5,0.000134,-1,-1,button,1,10,10,0,147,0,1.0000,5,0.000227,,-1,button,1,10,10,0,147,0,1.0000,5,0.000291,-1,,button,1,10,10,0,147,0,1.0000,5,0.393071,3,3,10,0,0,0,0.4,risk_path,4,Bot1|Bot2|Bot3|Bot4,,1,0
97,0.30,75,440,1323143353,2588849054,3631,0.645511,502,1329,18-54,46-56,54-72,50,30,56,54,26,24,1,0,1,50,0,,57,1,50,7,1,button,1,50,50,0,5,0,1.0000,219,0.002393,-1,-1,button,1,50,50,0,5,0,1.0000,219,0.008526,,-1,button,1,50,50,0,5,0,1.0000,219,0.011674,-1,,button,1,50,50,0,5,0,1.0000,219,6.271017,28,28,50,14,23,0,0.99,risk_path,4,Bot1|Bot2|Bot3|Bot4,,1,0
98,0.30,75,440,172568286,2343787580,3644,0.647822,511,1392,60-60,70-36,25-9,36,34,88,86,90,72,0,0,1,36,1,36,263,1,36,227,1,button,1,36,36,0,211,0,1.0000,134,0.000959,-1,-1,button,1,36,36,0,211,0,1.0000,134,0.002877,,-1,button,1,36,36,0,211,0,1.0000,134,0.003771,-1,,button,1,36,36,0,222,0,1.0000,134,3.232158,7,7,36,0,0,0,0.4,risk_path,4,Bot1|Bot2|Bot3|Bot4,,1,0
99,0.30,75,440,398009931,2986606611,3623,0.644089,501,1378,64-44,52-32,42-2,24,24,70,64,48,40,0,0,1,24,1,24,134,1,24,110,1,button,1,24,24,0,110,0,1.0000,28,0.000395,-1,-1,button,1,24,24,0,110,0,1.0000,28,0.001021,,-1,button,1,24,24,0,110,0,1.0000,28,0.001283,-1,,button,1,24,24,0,110,0,1.0000,28,1.397118,-1,-1,24,0,0,0,0.4,risk_path,4,Bot1|Bot2|Bot3|Bot4,,1,0
100,0.30,75,440,2731167691,650338235,3631,0.645511,511,1398,15-65,12-41,22-36,51,27,44,36,15,15,1,0,1,51,0,,36,0,,,0,walked_into_fire,0,47,47,0,-10,4,0.9216,,0.002482,35,35,fire_reached_bot,0,69,34,35,-32,17,0.6667,,0.171671,,-1,fire_reached_bot,0,69,34,35,-32,17,0.6667,,0.378926,-1,,fire_reached_bot,0,69,34,35,-32,17,0.6667,,6.050494,-1,-1,69,0,34,35,,no_path,0,,Bot1|Bot2|Bot3|Bot4,0,1
101,0.30,75,440,3976025462,1984228406,3637,0.646578,518,1371,60-37,47-47,45-51,35,23,37,29,8,6,1,0,1,35,0,,28,0,,,0,fire_reached_bot,0,22,22,0,0,13,0.6286,56,0.000778,14,14,fire_reached_bot,0,52,13,39,-23,22,0.3714,,0.201192,,-1,fire_reached_bot,0,52,13,39,-23,22,0.3714,,0.473437,-1,,fire_reached_bot,0,52,13,39,-23,22,0.3714,,3.748991,-1,-1,52,0,13,39,,no_path,0,,Bot1|Bot2|Bot3|Bot4,0,1
102,0.30,75,440,3469237606,1649159914,3647,0.648356,506,1395,16-63,59-25,55-5,89,81,101,97,32,24,1,0,1,89,0,,108,1,89,19,1,button,1,89,89,0,19,0,1.0000,344,0.004488,-1,-1,button,1,89,89,0,19,0,1.0000,344,0.036730,,-1,button,1,89,89,0,19,0,1.0000,344,0.044404,-1,,button,1,89,89,0,19,0,1.0000,344,23.527190,65,65,89,9,49,0,0.99,risk_path,4,Bot1|Bot2|Bot3|Bot4,,1,0
103,0.30,75,440,1354804743,391426036,3643,0.647644,507,1361,49-52,55-52,69-35,8,6,39,37,35,31,0,0,1,8,1,8,106,1,8,98,1,button,1,8,8,0,97,0,1.0000,9,0.000201,-1,-1,button,1,8,8,0,97,0,1.0000,9,0.000170,,-1,button,1,8,8,0,97,0,1.0000,9,0.000390,-1,,button,1,8,8,0,96,0,1.0000,9,0.258854,6,6,8,0,0,0,0.4,risk_path,4,Bot1|Bot2|Bot3|Bot4,,1,0
104,0.30,75,440,4136514547,4012823104,3668,0.652089,517,1436,46-54,39-69,8-3,24,22,95,89,115,97,0,0,1,24,1,24,338,1,24,314,1,button,1,24,24,0,272,0,1.0000,33,0.000500,-1,-1,button,1,24,24,0,272,0,1.0000,33,0.001399,,-1,button,1,24,24,0,272,0,1.0000,33,0.002761,-1,,button,1,24,24,0,272,0,1.0000,33,1.439703,-1,-1,24,0,0,0,0.4,risk_path,4,Bot1|Bot2|Bot3|Bot4,,1,0
105,0.30,75,440,1802906948,4050598220,3643,0.647644,499,1382,33-16,18-43,1-63,58,42,83,79,39,37,1,0,1,58,0,,105,1,58,47,1,button,1,58,58,0,42,0,1.0000,163,0.002316,-1,-1,button,1,58,58,0,42,0,1.0000,163,0.012318,,-1,button,1,58,58,0,42,0,1.0000,163,0.016050,-1,,button,1,58,58,0,47,0,1.0000,163,8.232416,24,24,58,0,0,0,0.4,risk_path,4,Bot1|Bot2|Bot3|Bot4,,1,0
106,0.30,75,440,4274087871,3596512109,3639,0.646933,511,1331,55-51,1-14,4-69,91,91,81,69,78,58,1,0,1,91,0,,256,1,91,165,1,button,1,91,91,0,107,0,1.0000,217,0.003076,-1,-1,button,1,91,91,0,107,0,1.0000,217,0.016776,,-1,button,1,91,91,0,107,0,1.0000,217,0.019714,-1,,button,1,91,91,0,107,0,1.0000,217,18.971302,-1,-1,91,0,0,0,0.4,risk_path,4,Bot1|Bot2|Bot3|Bot4,,1,0
107,0.30,75,440,3806192457,1257605443,3641,0.647289,497,1368,71-43,46-0,13-11,72,68,100,90,64,44,1,0,1,72,0,,193,1,72,121,1,button,1,72,72,0,121,0,1.0000,425,0.003942,-1,-1,button,1,72,72,0,121,0,1.0000,425,0.019529,,-1,button,1,72,72,0,121,0,1.0000,425,0.025647,-1,,button,1,72,72,0,121,0,1.0000,425,13.564158,-1,-1,72,0,0,0,0.4,risk_path,4,Bot1|Bot2|Bot3|Bot4,,1,0
108,0.30,75,440,3395390498,1222503905,3664,0.651378,520,1390,12-36,29-30,4-71,31,23,53,43,68,66,0,0,1,31,1,31,192,1,31,161,1,button,1,31,31,0,126,0,1.0000,49,0.000658,-1,-1,button,1,31,31,0,126,0,1.0000,49,0.002210,,-1,button,1,31,31,0,126,0,1.0000,49,0.002633,-1,,button,1,31,31,0,126,0,1.0000,49,2.760835,14,14,31,0,0,0,0.4,risk_path,4,Bot1|Bot2|Bot3|Bot4,,1,0
109,0.30,75,440,3653473380,1973034153,3655,0.649778,504,1448,65-67,22-22,34-51,96,88,61,47,51,41,1,0,1,96,0,,158,1,108,50,0,walked_into_fire,0,47,47,0,-1,49,0.4896,102,0.002941,43,43,button,1,116,116,0,8,0,1.0000,919,0.054771,,-1,button,1,116,116,0,8,0,1.0000,919,0.071096,-1,,button,1,108,108,0,12,0,1.0000,747,25.814741,65,65,108,16,26,0,0.99,risk_path,3,Bot2|Bot3|Bot4,Bot1,0,0
110,0.30,75,440,4082012561,1074635792,3655,0.649778,497,1382,49-25,32-5,37-65,37,37,64,52,87,65,0,0,1,37,1,37,277,1,37,240,1,button,1,37,37,0,194,0,1.0000,45,0.000688,-1,-1,button,1,37,37,0,194,0,1.0000,45,0.002335,,-1,button,1,37,37,0,194,0,1.0000,45,0.002674,-1,,button,1,37,37,0,194,0,1.0000,45,3.240798,-1,-1,37,0,0,0,0.4,risk_path,4,Bot1|Bot2|Bot3|Bot4,,1,0
111,0.30,75,440,416203697,1615190462,3657,0.650133,504,1392,10-8,49-62,1-12,95,93,25,13,100,98,0,0,1,95,1,95,266,1,95,171,1,button,1,95,95,0,49,0,1.0000,268,0.004784,-1,-1,button,1,95,95,0,49,0,1.0000,268,0.031203,,-1,button,1,95,95,0,49,0,1.0000,268,0.033783,-1,,button,1,95,95,0,58,0,1.0000,268,20.227104,4,4,95,0,0,0,0.4,risk_path,4,Bot1|Bot2|Bot3|Bot4,,1,0
112,0.30,75,440,2193764734,2138228930,3634,0.646044,495,1355,5-53,26-8,50-73,84,66,77,65,95,89,0,0,1,84,1,84,253,1,84,169,1,button,1,84,84,0,139,0,1.0000,504,0.009205,-1,-1,button,1,84,84,0,139,0,1.0000,504,0.042954,,-1,button,1,84,84,0,139,0,1.0000,504,0.052291,-1,,button,1,84,84,0,139,0,1.0000,504,15.205969,17,17,84,0,0,0,0.4,risk_path,4,Bot1|Bot2|Bot3|Bot4,,1,0
113,0.30,75,440,901889356,3820153862,3646,0.648178,513,1391,62-42,17-55,3-0,66,58,105,101,77,69,0,0,1,66,1,66,214,1,66,148,1,button,1,66,66,0,125,0,1.0000,180,0.003556,-1,-1,button,1,66,66,0,125,0,1.0000,180,0.009991,,-1,button,1,66,66,0,125,0,1.0000,180,0.012284,-1,,button,1,66,66,0,125,0,1.0000,180,10.287385,-1,-1,66,0,0,0,0.4,risk_path,4,Bot1|Bot2|Bot3|Bot4,,1,0
114,0.30,75,440,1911151784,3134867747,3627,0.644800,498,1377,36-73,65-72,37-32,52,30,56,42,72,68,0,0,1,52,1,52,212,1,52,160,1,button,1,52,52,0,147,0,1.0000,233,0.003105,-1,-1,button,1,52,52,0,147,0,1.0000,233,0.007918,,-1,button,1,52,52,0,147,0,1.0000,233,0.009401,-1,,button,1,52,52,0,147,0,1.0000,233,6.010365,35,35,52,0,0,0,0.4,risk_path,4,Bot1|Bot2|Bot3|Bot4,,1,0
115,0.30,75,440,1828045502,3560377918,3637,0.646578,489,1362,63-14,43-70,18-23,94,76,60,54,80,72,1,0,1,94,0,,227,1,94,133,1,button,1,94,94,0,72,0,1.0000,1005,0.018615,-1,-1,button,1,94,94,0,72,0,1.0000,1005,0.073120,,-1,button,1,94,94,0,72,0,1.0000,1005,0.086008,-1,,button,1,94,94,0,72,0,1.0000,1005,18.225513,-1,-1,94,0,0,0,0.4,risk_path,4,Bot1|Bot2|Bot3|Bot4,,1,0
116,0.30,75,440,794248593,1319229455,3632,0.645689,513,1408,15-60,69-51,1-71,83,63,27,25,92,88,0,0,1,83,1,83,279,1,83,196,1,button,1,83,83,0,49,0,1.0000,229,0.003426,-1,-1,button,1,83,83,0,49,0,1.0000,229,0.026438,,-1,button,1,83,83,0,49,0,1.0000,229,0.034461,-1,,button,1,83,83,0,49,0,1.0000,229,16.335397,22,22,83,0,0,0,0.4,risk_path,4,Bot1|Bot2|Bot3|Bot4,,1,0
117,0.30,75,440,247906182,231731730,3642,0.647467,494,1409,20-61,54-52,41-36,51,43,52,46,37,29,1,0,1,51,0,,112,1,51,61,1,button,1,51,51,0,55,0,1.0000,254,0.002060,-1,-1,button,1,51,51,0,55,0,1.0000,254,0.006724,,-1,button,1,51,51,0,55,0,1.0000,254,0.015540,-1,,button,1,51,51,0,55,0,1.0000,254,6.878914,4,4,51,0,0,0,0.4,risk_path,4,Bot1|Bot2|Bot3|Bot4,,1,0
118,0.30,75,440,2338859109,2503174722,3651,0.649067,498,1365,60-47,39-67,22-52,49,41,55,43,40,32,1,0,1,49,0,,125,1,49,76,1,button,1,49,49,0,41,0,1.0000,209,0.001748,-1,-1,button,1,49,49,0,41,0,1.0000,209,0.006254,,-1,button,1,49,49,0,41,0,1.0000,209,0.014197,-1,,button,1,49,49,0,41,0,1.0000,209,5.526995,-1,-1,49,0,0,0,0.4,risk_path,4,Bot1|Bot2|Bot3|Bot4,,1,0
119,0.30,75,440,2795650116,841446020,3644,0.647822,511,1355,59-73,29-38,14-26,65,65,92,92,27,27,1,0,1,65,0,,85,1,65,20,1,button,1,65,65,0,20,0,1.0000,509,0.004361,-1,-1,button,1,65,65,0,20,0,1.0000,509,0.014270,,-1,button,1,65,65,0,20,0,1.0000,509,0.018802,-1,,button,1,65,65,0,20,0,1.0000,509,10.801448,-1,-1,65,6,36,0,0.99,risk_path,4,Bot1|Bot2|Bot3|Bot4,,1,0
120,0.30,75,440,2363225837,4020754255,3642,0.647467,496,1398,9-74,30-27,35-63,78,68,53,37,53,41,1,0,1,78,0,,156,1,78,78,1,button,1,78,78,0,57,0,1.0000,365,0.004990,-1,-1,button,1,78,78,0,57,0,1.0000,365,0.024843,,-1,button,1,78,78,0,57,0,1.0000,365,0.028831,-1,,button,1,78,78,0,57,0,1.0000,365,14.110066,6,6,78,0,0,0,0.4,risk_path,4,Bot1|Bot2|Bot3|Bot4,,1,0
121,0.30,75,440,272157506,212865656,3665,0.651556,503,1381,45-19,17-12,29-12,43,35,25,23,24,12,1,0,1,43,0,,70,1,43,27,1,button,1,43,43,0,8,0,1.0000,111,0.001369,-1,-1,button,1,43,43,0,8,0,1.0000,111,0.005348,,-1,button,1,43,43,0,8,0,1.0000,111,0.005968,-1,,button,1,43,43,0,8,0,1.0000,111,5.007056,-1,-1,43,10,6,0,0.99,risk_path,4,Bot1|Bot2|Bot3|Bot4,,1,0
122,0.30,75,440,377564765,534516638,3632,0.645689,502,1362,27-3,24-11,67-44,15,11,83,81,82,76,0,0,1,15,1,15,240,1,15,225,1,button,1,15,15,0,225,0,1.0000,19,0.000257,-1,-1,button,1,15,15,0,225,0,1.0000,19,0.000441,,-1,button,1,15,15,0,225,0,1.0000,19,0.000578,-1,,button,1,15,15,0,225,0,1.0000,19,0.699475,-1,-1,15,0,0,0,0.4,risk_path,4,Bot1|Bot2|Bot3|Bot4,,1,0
123,0.30,75,440,1595995648,4164420774,3638,0.646756,514,1373,61-17,41-64,33-69,75,67,88,80,21,13,1,0,1,75,0,,57,0,,,0,walked_into_fire,0,63,63,0,-5,12,0.8400,,0.002759,48,48,fire_reached_bot,0,122,47,75,-64,28,0.6267,,0.396693,,-1,fire_reached_bot,0,122,47,75,-64,28,0.6267,,0.797542,-1,,fire_reached_bot,0,122,47,75,-64,28,0.6267,,14.267100,-1,-1,122,0,47,75,,no_path,0,,Bot1|Bot2|Bot3|Bot4,0,1
124,0.30,75,440,2851316964,3849568425,3612,0.642133,497,1349,30-47,1-14,18-2,64,62,73,57,31,29,1,0,1,64,0,,83,1,64,19,1,button,1,64,64,0,17,0,1.0000,221,0.002781,-1,-1,button,1,64,64,0,17,0,1.0000,221,0.015065,,-1,button,1,64,64,0,17,0,1.0000,221,0.015141,-1,,button,1,64,64,0,17,0,1.0000,221,10.308141,-1,-1,64,11,10,0,0.99,risk_path,4,Bot1|Bot2|Bot3|Bot4,,1,0
125,0.30,75,440,75640016,983425269,3623,0.644089,509,1341,47-43,18-9,40-9,73,63,43,41,34,22,1,0,1,73,0,,104,1,73,31,1,button,1,73,73,0,16,0,1.0000,391,0.005821,-1,-1,button,1,73,73,0,16,0,1.0000,391,0.022610,,-1,button,1,73,73,0,16,0,1.0000,391,0.032971,-1,,button,1,73,73,0,16,0,1.0000,391,14.125685,-1,-1,73,32,18,0,0.99,risk_path,4,Bot1|Bot2|Bot3|Bot4,,1,0
126,0.30,75,440,2257855052,553856936,3648,0.648533,488,1395,40-62,42-9,71-44,85,55,51,49,70,64,1,0,1,85,0,,197,1,85,112,1,button,1,85,85,0,41,0,1.0000,481,0.007429,-1,-1,button,1,85,85,0,41,0,1.0000,481,0.041134,,-1,button,1,85,85,0,41,0,1.0000,481,0.046741,-1,,button,1,85,85,0,41,0,1.0000,481,15.843310,-1,-1,85,0,0,0,0.4,risk_path,4,Bot1|Bot2|Bot3|Bot4,,1,0
127,0.30,75,440,2387835660,4210166861,3638,0.646756,493,1389,16-46,13-0,26-22,61,49,38,34,35,35,1,0,1,61,0,,96,1,61,35,1,button,1,61,61,0,13,0,1.0000,427,0.003295,-1,-1,button,1,61,61,0,13,0,1.0000,427,0.012720,,-1,button,1,61,61,0,13,0,1.0000,427,0.013051,-1,,button,1,61,61,0,13,0,1.0000,427,8.695146,-1,-1,61,7,19,0,0.99,risk_path,4,Bot1|Bot2|Bot3|Bot4,,1,0
128,0.30,75,440,880119995,1942672215,3641,0.647289,524,1390,39-49,62-0,18-73,82,72,45,45,127,117,0,0,1,82,1,82,338,1,82,256,1,button,1,82,82,0,135,0,1.0000,333,0.004213,-1,-1,button,1,82,82,0,135,0,1.0000,333,0.032987,,-1,button,1,82,82,0,135,0,1.0000,333,0.037001,-1,,button,1,82,82,0,135,0,1.0000,333,15.278909,4,4,82,0,0,0,0.4,risk_path,4,Bot1|Bot2|Bot3|Bot4,,1,0
129,0.30,75,440,2335898079,2211249253,3628,0.644978,514,1381,37-2,64-0,45-5,67,29,11,11,58,24,1,0,1,67,0,,145,1,111,34,0,fire_reached_bot,0,8,8,0,0,59,0.1194,7,0.000603,3,1,fire_reached_bot,0,65,65,0,0,46,0.3134,198,0.036637,,1,fire_reached_bot,0,168,129,39,-22,58,0.1343,,0.224930,1,,fire_reached_bot,0,65,65,0,0,46,0.3134,198,22.595862,-1,1,65,4,61,0,0.99,risk_path,0,,Bot1|Bot2|Bot3|Bot4,0,1
130,0.30,75,440,1465691200,1383389641,3648,0.648533,504,1394,67-45,2-1,32-38,111,109,54,42,67,67,1,0,1,111,0,,192,1,111,81,0,walked_into_fire,0,61,61,0,-1,50,0.5495,273,0.002274,61,59,button,1,113,113,0,7,0,1.0000,1304,0.044868,,59,button,1,111,111,0,7,0,1.0000,1264,0.060606,59,,button,1,111,111,0,7,0,1.0000,1264,24.643605,53,53,111,9,27,0,0.99,risk_path,3,Bot2|Bot3|Bot4,Bot1,0,0
131,0.30,75,440,440757090,857276793,3614,0.642489,500,1344,44-57,14-72,67-57,47,45,29,23,76,68,0,0,1,47,1,47,181,1,47,134,1,button,1,47,47,0,67,0,1.0000,231,0.001842,-1,-1,button,1,47,47,0,67,0,1.0000,231,0.006973,,-1,button,1,47,47,0,67,0,1.0000,231,0.010231,-1,,button,1,47,47,0,67,0,1.0000,231,5.092573,-1,-1,47,0,0,0,0.4,risk_path,4,Bot1|Bot2|Bot3|Bot4,,1,0
132,0.30,75,440,3555543580,3812448778,3626,0.644622,494,1308,13-24,61-74,48-37,102,98,60,48,52,50,1,0,1,102,0,,144,1,118,26,0,fire_reached_bot,0,57,57,0,0,45,0.5588,191,0.002160,55,55,button,1,136,136,0,2,0,1.0000,1573,0.065044,,-1,button,1,136,136,0,2,0,1.0000,1573,0.106930,-1,,button,1,136,136,0,2,0,1.0000,1573,31.246701,131,131,136,17,102,0,0.99,risk_path,3,Bot2|Bot3|Bot4,Bot1,0,0
133,0.30,75,440,948442129,703702193,3606,0.641067,489,1329,17-44,66-21,47-52,80,72,44,38,60,50,1,0,1,80,0,,179,1,80,99,1,button,1,80,80,0,87,0,1.0000,676,0.007278,-1,-1,button,1,80,80,0,87,0,1.0000,676,0.036695,,-1,button,1,80,80,0,87,0,1.0000,676,0.053017,-1,,button,1,80,80,0,78,0,1.0000,676,14.648405,7,7,80,0,0,0,0.4,risk_path,4,Bot1|Bot2|Bot3|Bot4,,1,0
134,0.30,75,440,1102281211,3563752405,3654,0.649600,503,1348,15-61,46-3,6-5,101,89,91,65,70,42,1,0,1,101,0,,236,1,101,135,1,button,1,101,101,0,64,0,1.0000,371,0.005088,-1,-1,button,1,101,101,0,64,0,1.0000,371,0.063521,,-1,button,1,101,101,0,64,0,1.0000,371,0.074100,-1,,button,1,101,101,0,70,0,1.0000,371,24.349248,29,29,101,0,0,0,0.4,risk_path,4,Bot1|Bot2|Bot3|Bot4,,1,0
135,0.30,75,440,807723142,2871911597,3642,0.647467,509,1338,62-61,53-43,38-3,37,27,96,82,69,55,0,0,1,37,1,37,182,1,37,145,1,button,1,37,37,0,145,0,1.0000,127,0.001096,-1,-1,button,1,37,37,0,145,0,1.0000,127,0.003945,,-1,button,1,37,37,0,145,0,1.0000,127,0.007359,-1,,button,1,37,37,0,145,0,1.0000,127,3.425169,-1,-1,37,0,0,0,0.4,risk_path,4,Bot1|Bot2|Bot3|Bot4,,1,0
136,0.30,75,440,1899007051,3079980098,3638,0.646756,507,1386,8-11,70-74,66-70,137,125,125,117,32,8,1,0,1,137,0,,91,0,,,0,fire_reached_bot,0,92,92,0,0,45,0.6715,,0.008107,24,24,fire_reached_bot,0,292,23,269,-200,114,0.1679,,1.159393,,-1,fire_reached_bot,0,292,23,269,-200,114,0.1679,,2.417910,-1,,fire_reached_bot,0,292,23,269,-200,114,0.1679,,15.343952,-1,-1,292,0,23,269,,no_path,0,,Bot1|Bot2|Bot3|Bot4,0,1
137,0.30,75,440,647213272,3488528219,3639,0.646933,496,1345,70-47,48-57,68-22,44,32,33,27,57,55,0,0,1,44,1,44,152,1,44,108,1,button,1,44,44,0,89,0,1.0000,268,0.001701,-1,-1,button,1,44,44,0,89,0,1.0000,268,0.006696,,-1,button,1,44,44,0,89,0,1.0000,268,0.010451,-1,,button,1,44,44,0,89,0,1.0000,268,5.012893,-1,-1,44,0,0,0,0.4,risk_path,4,Bot1|Bot2|Bot3|Bot4,,1,0
138,0.30,75,440,2955646883,1522454323,3639,0.646933,498,1348,70-34,60-68,42-16,66,44,52,46,88,70,0,0,1,66,1,66,216,1,66,150,1,button,1,66,66,0,137,0,1.0000,285,0.002710,-1,-1,button,1,66,66,0,137,0,1.0000,285,0.019269,,-1,button,1,66,66,0,137,0,1.0000,285,0.021786,-1,,button,1,66,66,0,137,0,1.0000,285,11.328911,60,60,66,0,0,0,0.4,risk_path,4,Bot1|Bot2|Bot3|Bot4,,1,0
139,0.30,75,440,3313783522,2464351505,3645,0.648000,495,1407,56-27,40-63,31-4,64,52,54,48,80,68,0,0,1,64,1,64,231,1,64,167,1,button,1,64,64,0,101,0,1.0000,326,0.002792,-1,-1,button,1,64,64,0,101,0,1.0000,326,0.017372,,-1,button,1,64,64,0,101,0,1.0000,326,0.020431,-1,,button,1,64,64,0,101,0,1.0000,326,11.253028,50,50,64,0,0,0,0.4,risk_path,4,Bot1|Bot2|Bot3|Bot4,,1,0
140,0.30,75,440,3452405857,2375599770,3649,0.648711,506,1372,37-2,71-34,45-58,70,66,82,64,60,50,1,0,1,70,0,,199,1,70,129,1,button,1,70,70,0,121,0,1.0000,424,0.003839,-1,-1,button,1,70,70,0,121,0,1.0000,424,0.027596,,-1,button,1,70,70,0,121,0,1.0000,424,0.025963,-1,,button,1,70,70,0,121,0,1.0000,424,13.192379,6,6,70,0,0,0,0.4,risk_path,4,Bot1|Bot2|Bot3|Bot4,,1,0
141,0.30,75,440,1002585984,1855575115,3672,0.652800,510,1408,39-60,63-11,65-29,83,73,63,57,26,20,1,0,1,83,0,,82,0,,,0,walked_into_fire,0,51,51,0,-14,32,0.6145,224,0.002746,20,20,fire_reached_bot,0,58,58,0,0,39,0.5301,303,0.046258,,49,fire_reached_bot,0,74,67,7,0,46,0.4458,496,0.065038,49,,fire_reached_bot,0,58,58,0,0,39,0.5301,303,21.472115,-1,49,58,0,58,0,,shortest_path_fallback,0,,Bot1|Bot2|Bot3|Bot4,0,1
142,0.30,75,440,216244798,858947628,3652,0.649244,509,1403,47-4,42-58,32-25,87,59,40,36,61,43,1,0,1,87,0,,175,1,87,88,1,button,1,87,87,0,9,0,1.0000,656,0.006230,-1,-1,button,1,87,87,0,9,0,1.0000,656,0.063853,,-1,button,1,87,87,0,9,0,1.0000,656,0.061784,-1,,button,1,87,87,0,9,0,1.0000,656,18.952794,-1,-1,87,0,0,0,0.4,risk_path,4,Bot1|Bot2|Bot3|Bot4,,1,0
143,0.30,75,440,1035138522,1426829652,3638,0.646756,509,1403,25-73,20-22,66-72,76,56,68,42,98,96,0,0,1,76,1,76,256,1,76,180,1,button,1,76,76,0,146,0,1.0000,322,0.003963,-1,-1,button,1,76,76,0,146,0,1.0000,322,0.031020,,-1,button,1,76,76,0,146,0,1.0000,322,0.043857,-1,,button,1,76,76,0,146,0,1.0000,322,14.330676,-1,-1,76,0,0,0,0.4,risk_path,4,Bot1|Bot2|Bot3|Bot4,,1,0
144,0.30,75,440,833741974,2067007930,3647,0.648356,507,1395,18-23,49-6,31-6,66,48,50,30,28,18,1,0,1,66,0,,99,1,66,33,0,walked_into_fire,0,36,36,0,-2,30,0.5455,104,0.000943,36,35,button,1,66,66,0,1,0,1.0000,273,0.009845,,35,button,1,78,78,0,3,0,1.0000,371,0.018492,35,,button,1,66,66,0,1,0,1.0000,273,12.694531,-1,35,66,11,19,0,0.99,risk_path,3,Bot2|Bot3|Bot4,Bot1,0,0
145,0.30,75,440,2337670084,113731334,3646,0.648178,502,1417,55-29,37-24,34-37,45,23,45,29,28,16,1,0,1,45,0,,90,1,45,45,1,button,1,45,45,0,30,0,1.0000,158,0.001487,-1,-1,button,1,45,45,0,30,0,1.0000,158,0.010084,,-1,button,1,45,45,0,30,0,1.0000,158,0.012233,-1,,button,1,45,45,0,30,0,1.0000,158,4.956379,-1,-1,45,0,0,0,0.4,risk_path,4,Bot1|Bot2|Bot3|Bot4,,1,0
146,0.30,75,440,1787649367,1167024077,3657,0.650133,512,1392,14-28,1-15,50-67,26,26,83,75,107,101,0,0,1,26,1,26,317,1,26,291,1,button,1,26,26,0,243,0,1.0000,48,0.000468,-1,-1,button,1,26,26,0,243,0,1.0000,48,0.001583,,-1,button,1,26,26,0,243,0,1.0000,48,0.001831,-1,,button,1,26,26,0,243,0,1.0000,48,1.645217,-1,-1,26,0,0,0,0.4,risk_path,4,Bot1|Bot2|Bot3|Bot4,,1,0
147,0.30,75,440,979999953,4214328274,3643,0.647644,509,1369,73-50,6-59,2-35,108,76,110,86,54,28,1,0,1,108,0,,194,1,108,86,1,button,1,108,108,0,41,0,1.0000,542,0.007642,-1,-1,button,1,108,108,0,41,0,1.0000,542,0.069294,,-1,button,1,108,108,0,41,0,1.0000,542,0.087461,-1,,button,1,108,108,0,41,0,1.0000,542,30.452360,-1,-1,108,21,25,0,0.99,risk_path,4,Bot1|Bot2|Bot3|Bot4,,1,0
148,0.30,75,440,1054847335,3500475643,3631,0.645511,510,1332,16-42,50-74,65-40,70,66,67,51,55,49,1,0,1,70,0,,182,1,70,112,1,button,1,70,70,0,106,0,1.0000,266,0.002355,-1,-1,button,1,70,70,0,106,0,1.0000,266,0.010234,,-1,button,1,70,70,0,106,0,1.0000,266,0.017922,-1,,button,1,70,70,0,106,0,1.0000,266,11.977034,49,49,70,0,0,0,0.4,risk_path,4,Bot1|Bot2|Bot3|Bot4,,1,0
149,0.30,75,440,175257072,1831328636,3645,0.648000,497,1375,51-67,36-24,24-26,78,58,76,68,16,14,1,0,1,78,0,,51,0,,,0,fire_reached_bot,0,63,63,0,-11,15,0.8077,,0.004259,46,46,fire_reached_bot,0,123,45,78,-71,33,0.5769,,0.355477,,-1,fire_reached_bot,0,123,45,78,-71,33,0.5769,,0.744581,-1,,fire_reached_bot,0,123,45,78,-71,33,0.5769,,15.355022,-1,-1,123,0,45,78,,no_path,0,,Bot1|Bot2|Bot3|Bot4,0,1
150,0.30,75,440,782275208,1449296483,3626,0.644622,490,1345,36-22,61-74,74-15,91,77,59,45,76,72,1,0,1,91,0,,219,1,91,128,1,button,1,91,91,0,91,0,1.0000,592,0.006520,-1,-1,button,1,91,91,0,91,0,1.0000,592,0.038836,,-1,button,1,91,91,0,91,0,1.0000,592,0.053121,-1,,button,1,91,91,0,91,0,1.0000,592,21.020003,10,10,91,0,0,0,0.4,risk_path,4,Bot1|Bot2|Bot3|Bot4,,1,0
151,0.30,75,440,1315622670,76071239,3641,0.647289,502,1361,31-53,41-5,48-29,80,58,61,41,35,31,1,0,1,80,0,,105,1,80,25,0,fire_reached_bot,0,54,54,0,0,26,0.6750,135,0.002566,-1,40,fire_reached_bot,0,54,54,0,0,26,0.6750,135,0.038004,,40,button,1,82,82,0,11,0,1.0000,415,0.040920,40,,fire_reached_bot,0,54,54,0,0,26,0.6750,135,17.388670,-1,40,54,12,39,0,0.99,risk_path,1,Bot3,Bot1|Bot2|Bot4,0,0
152,0.30,75,440,3579991625,3229194548,3608,0.641422,497,1331,48-13,34-13,13-45,32,14,69,67,65,53,0,0,1,32,1,32,180,1,32,148,1,button,1,32,32,0,132,0,1.0000,80,0.000914,-1,-1,button,1,32,32,0,132,0,1.0000,80,0.006229,,-1,button,1,32,32,0,132,0,1.0000,80,0.004486,-1,,button,1,32,32,0,132,0,1.0000,80,2.851400,-1,-1,32,0,0,0,0.4,risk_path,4,Bot1|Bot2|Bot3|Bot4,,1,0
153,0.30,75,440,3847139812,3509606694,3641,0.647289,498,1353,5-25,63-60,7-65,105,93,70,42,91,61,1,0,1,105,0,,246,1,105,141,1,button,1,105,105,0,64,0,1.0000,555,0.008308,-1,-1,button,1,105,105,0,64,0,1.0000,555,0.073899,,-1,button,1,105,105,0,64,0,1.0000,555,0.088650,-1,,button,1,105,105,0,64,0,1.0000,555,26.617357,16,16,105,0,0,0,0.4,risk_path,4,Bot1|Bot2|Bot3|Bot4,,1,0
154,0.30,75,440,3024991366,1532867464,3642,0.647467,510,1382,14-15,44-47,50-59,66,62,86,80,20,18,1,0,1,66,0,,66,1,66,0,1,button,1,66,66,0,0,0,1.0000,437,0.003145,-1,-1,button,1,66,66,0,0,0,1.0000,437,0.015007,,-1,button,1,66,66,0,0,0,1.0000,437,0.023131,-1,,button,1,66,66,0,0,0,1.0000,437,13.650805,54,54,66,19,38,0,0.99,risk_path,4,Bot1|Bot2|Bot3|Bot4,,1,0
155,0.30,75,440,77398656,2952771356,3656,0.649956,502,1378,31-28,68-3,37-6,66,62,34,28,46,34,1,0,1,66,0,,140,1,66,74,1,button,1,66,66,0,59,0,1.0000,288,0.002749,-1,-1,button,1,66,66,0,59,0,1.0000,288,0.009917,,-1,button,1,66,66,0,59,0,1.0000,288,0.012634,-1,,button,1,66,66,0,60,0,1.0000,288,10.771342,35,35,66,0,0,0,0.4,risk_path,4,Bot1|Bot2|Bot3|Bot4,,1,0
156,0.30,75,440,1479374087,890278548,3637,0.646578,485,1364,25-27,72-41,49-50,75,61,57,47,46,32,1,0,1,75,0,,141,1,75,66,1,button,1,75,75,0,17,0,1.0000,279,0.003447,-1,-1,button,1,75,75,0,17,0,1.0000,279,0.026165,,-1,button,1,75,75,0,17,0,1.0000,279,0.031694,-1,,button,1,75,75,0,58,0,1.0000,279,14.724865,2,2,75,0,0,0,0.4,risk_path,4,Bot1|Bot2|Bot3|Bot4,,1,0
157,0.30,75,440,2224295823,2491851967,3652,0.649244,510,1364,9-52,44-18,52-33,75,69,76,62,25,23,1,0,1,75,0,,69,0,,,0,walked_into_fire,0,63,63,0,-3,12,0.8400,457,0.003405,62,62,fire_reached_bot,0,85,69,16,-15,14,0.8133,,0.062301,,-1,fire_reached_bot,0,85,69,16,-15,14,0.8133,,0.108107,-1,,fire_reached_bot,0,85,69,16,-15,14,0.8133,,15.967529,-1,-1,85,0,69,16,,no_path,0,,Bot1|Bot2|Bot3|Bot4,0,1
158,0.30,75,440,4250350007,863802251,3634,0.646044,516,1368,52-14,14-5,70-62,57,47,82,66,123,113,0,0,1,57,1,57,336,1,57,279,1,button,1,57,57,0,208,0,1.0000,181,0.001704,-1,-1,button,1,57,57,0,208,0,1.0000,181,0.007965,,-1,button,1,57,57,0,208,0,1.0000,181,0.010934,-1,,button,1,57,57,0,208,0,1.0000,181,9.156788,-1,-1,57,0,0,0,0.4,risk_path,4,Bot1|Bot2|Bot3|Bot4,,1,0
159,0.30,75,440,1797411092,3333033759,3625,0.644444,505,1318,69-22,18-54,2-51,89,83,106,96,21,19,1,0,1,89,0,,44,0,,,0,walked_into_fire,0,80,80,0,-35,9,0.8989,,0.004531,45,45,fire_reached_bot,0,152,44,108,-107,45,0.4944,,0.582102,,-1,fire_reached_bot,0,152,44,108,-107,45,0.4944,,1.120217,-1,,fire_reached_bot,0,152,44,108,-107,45,0.4944,,19.052757,-1,-1,152,0,44,108,,no_path,0,,Bot1|Bot2|Bot3|Bot4,0,1
160,0.30,75,440,2622103724,4030296821,3630,0.645333,510,1345,71-28,17-69,71-57,103,95,41,29,98,66,1,0,1,103,0,,294,1,103,191,1,button,1,103,103,0,84,0,1.0000,493,0.007518,-1,-1,button,1,103,103,0,84,0,1.0000,493,0.082113,,-1,button,1,103,103,0,84,0,1.0000,493,0.098728,-1,,button,1,103,103,0,70,0,1.0000,493,25.753492,16,16,103,0,0,0,0.4,risk_path,4,Bot1|Bot2|Bot3|Bot4,,1,0
161,0.30,75,440,2317555799,151919511,3653,0.649422,497,1386,39-11,9-48,34-21,71,67,19,15,58,52,1,0,1,71,0,,202,1,71,131,1,button,1,71,71,0,16,0,1.0000,370,0.003161,-1,-1,button,1,71,71,0,16,0,1.0000,370,0.016921,,-1,button,1,71,71,0,16,0,1.0000,370,0.021596,-1,,button,1,71,71,0,16,0,1.0000,370,13.246885,-1,-1,71,0,0,0,0.4,risk_path,4,Bot1|Bot2|Bot3|Bot4,,1,0
162,0.30,75,440,197254622,1131390103,3628,0.644978,492,1357,64-4,48-48,10-59,78,60,119,109,69,49,1,0,1,78,0,,188,1,78,110,1,button,1,78,78,0,108,0,1.0000,278,0.002798,-1,-1,button,1,78,78,0,108,0,1.0000,278,0.034781,,-1,button,1,78,78,0,108,0,1.0000,278,0.049105,-1,,button,1,78,78,0,108,0,1.0000,278,16.598840,-1,-1,78,0,0,0,0.4,risk_path,4,Bot1|Bot2|Bot3|Bot4,,1,0
163,0.30,75,440,2939572986,872181782,3637,0.646578,492,1354,24-49,24-6,26-14,61,43,47,37,26,10,1,0,1,61,0,,79,1,61,18,0,fire_reached_bot,0,37,37,0,0,24,0.6066,103,0.001225,-1,35,fire_reached_bot,0,37,37,0,0,24,0.6066,103,0.010308,,35,fire_reached_bot,0,112,75,37,-32,38,0.3770,,0.317409,35,,button,1,61,61,0,3,0,1.0000,302,11.007044,36,35,61,19,25,0,0.99,risk_path,1,Bot4,Bot1|Bot2|Bot3,0,0
164,0.30,75,440,318478055,3662582948,3642,0.647467,515,1402,71-51,66-61,54-8,21,15,76,60,89,65,0,0,1,21,1,21,256,1,21,235,1,button,1,21,21,0,208,0,1.0000,35,0.000338,-1,-1,button,1,21,21,0,208,0,1.0000,35,0.001141,,-1,button,1,21,21,0,208,0,1.0000,35,0.001426,-1,,button,1,21,21,0,208,0,1.0000,35,1.452786,-1,-1,21,0,0,0,0.4,risk_path,4,Bot1|Bot2|Bot3|Bot4,,1,0
165,0.30,75,440,4153650681,247554762,3644,0.647822,510,1382,64-68,47-30,67-69,71,55,10,4,81,59,0,0,1,71,1,71,240,1,71,169,1,button,1,71,71,0,30,0,1.0000,187,0.002500,-1,-1,button,1,71,71,0,30,0,1.0000,187,0.025829,,-1,button,1,71,71,0,30,0,1.0000,187,0.028719,-1,,button,1,71,71,0,30,0,1.0000,187,14.539783,-1,-1,71,0,0,0,0.4,risk_path,4,Bot1|Bot2|Bot3|Bot4,,1,0
166,0.30,75,440,3449166865,1705888709,3633,0.645867,507,1380,4-1,11-58,21-60,82,64,84,76,34,12,1,0,1,82,0,,142,1,82,60,1,button,1,82,82,0,11,0,1.0000,440,0.004100,-1,-1,button,1,82,82,0,11,0,1.0000,440,0.032387,,-1,button,1,82,82,0,11,0,1.0000,440,0.036656,-1,,button,1,82,82,0,36,0,1.0000,440,18.701570,54,54,82,19,31,0,0.99,risk_path,4,Bot1|Bot2|Bot3|Bot4,,1,0
167,0.30,75,440,922269232,2098977963,3647,0.648356,511,1360,13-1,33-41,63-8,76,60,65,57,65,63,1,0,1,76,0,,180,1,76,104,1,button,1,76,76,0,86,0,1.0000,374,0.003970,-1,-1,button,1,76,76,0,86,0,1.0000,374,0.025548,,-1,button,1,76,76,0,86,0,1.0000,374,0.029297,-1,,button,1,76,76,0,86,0,1.0000,374,14.622636,26,26,76,0,0,0,0.4,risk_path,4,Bot1|Bot2|Bot3|Bot4,,1,0
168,0.30,75,440,544612032,2877135198,3672,0.652800,519,1443,73-8,4-23,58-24,108,84,33,31,77,55,1,0,1,108,0,,224,1,108,116,1,button,1,108,108,0,38,0,1.0000,1090,0.014524,-1,-1,button,1,108,108,0,38,0,1.0000,1090,0.080968,,-1,button,1,108,108,0,38,0,1.0000,1090,0.099816,-1,,button,1,108,108,0,38,0,1.0000,1090,27.213791,57,57,108,0,0,0,0.4,risk_path,4,Bot1|Bot2|Bot3|Bot4,,1,0
169,0.30,75,440,3778881665,2740835865,3659,0.650489,524,1370,53-11,25-60,12-64,89,77,106,94,17,17,1,0,1,89,0,,66,0,,,0,fire_reached_bot,0,85,85,0,-18,4,0.9551,,0.006547,67,67,fire_reached_bot,0,129,66,63,-62,23,0.7416,,0.332019,,-1,fire_reached_bot,0,129,66,63,-62,23,0.7416,,0.685191,-1,,fire_reached_bot,0,129,66,63,-62,23,0.7416,,22.384222,-1,-1,129,0,66,63,,no_path,0,,Bot1|Bot2|Bot3|Bot4,0,1
170,0.30,75,440,229250927,3518222234,3643,0.647644,495,1356,14-12,17-54,46-5,67,45,45,39,78,78,0,0,1,67,1,67,235,1,67,168,1,button,1,67,67,0,115,0,1.0000,273,0.003161,-1,-1,button,1,67,67,0,115,0,1.0000,273,0.021481,,-1,button,1,67,67,0,115,0,1.0000,273,0.022631,-1,,button,1,67,67,0,115,0,1.0000,273,11.133837,26,26,67,0,0,0,0.4,risk_path,4,Bot1|Bot2|Bot3|Bot4,,1,0
171,0.30,75,440,1085318485,4112605803,3639,0.646933,508,1381,36-73,72-19,35-7,98,90,87,67,55,49,1,0,1,98,0,,156,1,98,58,1,button,1,98,98,0,29,0,1.0000,671,0.008710,-1,-1,button,1,98,98,0,29,0,1.0000,671,0.066500,,-1,button,1,98,98,0,29,0,1.0000,671,0.078164,-1,,button,1,98,98,0,38,0,1.0000,671,23.792404,11,11,98,8,3,0,0.99,risk_path,4,Bot1|Bot2|Bot3|Bot4,,1,0
172,0.30,75,440,1943131252,2533243586,3649,0.648711,504,1361,49-28,24-40,33-20,43,37,28,24,33,29,1,0,1,43,0,,117,1,43,74,1,button,1,43,43,0,22,0,1.0000,140,0.001135,-1,-1,button,1,43,43,0,22,0,1.0000,140,0.006656,,-1,button,1,43,43,0,22,0,1.0000,140,0.007827,-1,,button,1,43,43,0,22,0,1.0000,140,4.910660,-1,-1,43,0,0,0,0.4,risk_path,4,Bot1|Bot2|Bot3|Bot4,,1,0
173,0.30,75,440,815405907,3357921857,3626,0.644622,501,1351,17-10,2-58,1-70,77,63,88,76,23,13,1,0,1,77,0,,73,0,,,0,walked_into_fire,0,67,67,0,-1,10,0.8701,113,0.001802,57,57,fire_reached_bot,0,107,56,51,-33,21,0.7273,,0.286735,,-1,fire_reached_bot,0,107,56,51,-33,21,0.7273,,0.557030,-1,,fire_reached_bot,0,107,56,51,-33,21,0.7273,,17.029001,-1,-1,107,0,56,51,,no_path,0,,Bot1|Bot2|Bot3|Bot4,0,1
174,0.30,75,440,2300978891,2614612160,3647,0.648356,501,1375,29-35,5-65,18-74,54,54,60,50,26,22,1,0,1,54,0,,82,1,54,28,1,button,1,54,54,0,28,0,1.0000,77,0.001060,-1,-1,button,1,54,54,0,28,0,1.0000,77,0.008213,,-1,button,1,54,54,0,28,0,1.0000,77,0.010485,-1,,button,1,54,54,0,28,0,1.0000,77,9.304291,-1,-1,54,10,10,0,0.99,risk_path,4,Bot1|Bot2|Bot3|Bot4,,1,0
175,0.30,75,440,2018207897,3314081923,3620,0.643556,501,1355,16-10,53-27,60-70,66,54,122,104,56,50,1,0,1,66,0,,155,1,66,89,1,button,1,66,66,0,89,0,1.0000,314,0.003252,-1,-1,button,1,66,66,0,89,0,1.0000,314,0.020924,,-1,button,1,66,66,0,89,0,1.0000,314,0.029542,-1,,button,1,66,66,0,89,0,1.0000,314,10.749753,23,23,66,0,0,0,0.4,risk_path,4,Bot1|Bot2|Bot3|Bot4,,1,0
176,0.30,75,440,2818097894,3512310857,3632,0.645689,509,1342,11-44,26-37,59-48,46,22,74,52,66,44,0,0,1,46,1,46,203,1,46,157,1,button,1,46,46,0,116,0,1.0000,58,0.001146,-1,-1,button,1,46,46,0,116,0,1.0000,58,0.010666,,-1,button,1,46,46,0,116,0,1.0000,58,0.013717,-1,,button,1,46,46,0,116,0,1.0000,58,5.619633,6,6,46,0,0,0,0.4,risk_path,4,Bot1|Bot2|Bot3|Bot4,,1,0
177,0.30,75,440,2027427399,1220179851,3630,0.645333,486,1356,30-38,73-15,50-71,66,66,63,53,95,79,0,0,1,66,1,66,258,1,66,192,1,button,1,66,66,0,149,0,1.0000,81,0.000900,-1,-1,button,1,66,66,0,149,0,1.0000,81,0.007144,,-1,button,1,66,66,0,149,0,1.0000,81,0.008414,-1,,button,1,66,66,0,149,0,1.0000,81,11.208829,37,37,66,0,0,0,0.4,risk_path,4,Bot1|Bot2|Bot3|Bot4,,1,0
178,0.30,75,440,3599993327,1032513067,3649,0.648711,514,1379,52-28,3-70,60-5,101,91,39,31,122,122,0,0,1,101,1,101,306,1,101,205,1,button,1,101,101,0,108,0,1.0000,658,0.008806,-1,-1,button,1,101,101,0,108,0,1.0000,658,0.044412,,-1,button,1,101,101,0,108,0,1.0000,658,0.045560,-1,,button,1,101,101,0,108,0,1.0000,658,25.220358,-1,-1,101,0,0,0,0.4,risk_path,4,Bot1|Bot2|Bot3|Bot4,,1,0
179,0.30,75,440,2543364003,1899170686,3632,0.645689,503,1387,41-38,55-52,67-5,34,28,63,59,69,59,0,0,1,34,1,34,231,1,34,197,1,button,1,34,34,0,197,0,1.0000,27,0.000630,-1,-1,button,1,34,34,0,197,0,1.0000,27,0.003182,,-1,button,1,34,34,0,197,0,1.0000,27,0.003799,-1,,button,1,34,34,0,197,0,1.0000,27,2.937042,19,19,34,0,0,0,0.4,risk_path,4,Bot1|Bot2|Bot3|Bot4,,1,0
180,0.30,75,440,1116830270,123999137,3635,0.646222,502,1362,41-21,71-69,61-69,92,78,78,68,30,10,1,0,1,92,0,,91,0,,,0,walked_into_fire,0,58,58,0,-2,34,0.6304,145,0.003070,35,35,fire_reached_bot,0,124,34,90,-32,58,0.3696,,0.485730,,-1,fire_reached_bot,0,124,34,90,-32,58,0.3696,,0.973577,-1,,fire_reached_bot,0,124,34,90,-32,58,0.3696,,17.349398,-1,-1,124,0,34,90,,no_path,0,,Bot1|Bot2|Bot3|Bot4,0,1
181,0.30,75,440,4129245186,2777447817,3675,0.653333,520,1414,58-11,69-10,38-59,16,12,74,68,86,80,0,0,1,16,1,16,283,1,16,267,1,button,1,16,16,0,230,0,1.0000,5,0.000193,-1,-1,button,1,16,16,0,230,0,1.0000,5,0.000645,,-1,button,1,16,16,0,230,0,1.0000,5,0.000736,-1,,button,1,16,16,0,226,0,1.0000,5,0.723595,2,2,16,0,0,0,0.4,risk_path,4,Bot1|Bot2|Bot3|Bot4,,1,0
182,0.30,75,440,699038936,1084992602,3641,0.647289,516,1390,25-21,56-28,5-35,46,38,36,34,74,58,0,0,1,46,1,46,220,1,46,174,1,button,1,46,46,0,102,0,1.0000,189,0.001476,-1,-1,button,1,46,46,0,102,0,1.0000,189,0.005381,,-1,button,1,46,46,0,102,0,1.0000,189,0.007296,-1,,button,1,46,46,0,102,0,1.0000,189,5.531273,18,18,46,0,0,0,0.4,risk_path,4,Bot1|Bot2|Bot3|Bot4,,1,0
183,0.30,75,440,3412191491,4070376951,3637,0.646578,496,1387,62-44,41-67,63-45,54,44,2,2,56,44,0,0,1,54,1,54,159,1,54,105,1,button,1,54,54,0,8,0,1.0000,272,0.002237,-1,-1,button,1,54,54,0,8,0,1.0000,272,0.010881,,-1,button,1,54,54,0,8,0,1.0000,272,0.013038,-1,,button,1,54,54,0,8,0,1.0000,272,7.602771,-1,-1,54,0,0,0,0.4,risk_path,4,Bot1|Bot2|Bot3|Bot4,,1,0
184,0.30,75,440,1126362104,2531367481,3631,0.645511,503,1386,31-17,21-48,48-3,53,41,39,31,78,72,0,0,1,53,1,53,238,1,53,185,1,button,1,53,53,0,115,0,1.0000,100,0.001365,-1,-1,button,1,53,53,0,115,0,1.0000,100,0.009604,,-1,button,1,53,53,0,115,0,1.0000,100,0.010491,-1,,button,1,53,53,0,115,0,1.0000,100,7.777081,-1,-1,53,0,0,0,0.4,risk_path,4,Bot1|Bot2|Bot3|Bot4,,1,0
185,0.30,75,440,3977488963,3994077294,3647,0.648356,515,1343,30-40,24-6,35-13,52,40,46,32,18,18,1,0,1,52,0,,42,0,,,0,walked_into_fire,0,45,45,0,-7,7,0.8654,,0.001390,41,41,fire_reached_bot,0,56,40,16,-13,12,0.7692,,0.101374,,-1,fire_reached_bot,0,56,40,16,-13,12,0.7692,,0.173219,-1,,fire_reached_bot,0,56,40,16,-13,12,0.7692,,7.264484,-1,-1,56,0,40,16,,no_path,0,,Bot1|Bot2|Bot3|Bot4,0,1
186,0.30,75,440,2126553979,2609949610,3626,0.644622,490,1334,13-61,42-74,58-35,42,42,73,71,61,55,0,0,1,42,1,42,172,1,42,130,1,button,1,42,42,0,130,0,1.0000,110,0.001142,-1,-1,button,1,42,42,0,130,0,1.0000,110,0.004759,,-1,button,1,42,42,0,130,0,1.0000,110,0.004828,-1,,button,1,42,42,0,130,0,1.0000,110,4.814303,6,6,42,0,0,0,0.4,risk_path,4,Bot1|Bot2|Bot3|Bot4,,1,0
187,0.30,75,440,604629814,3122588556,3651,0.649067,512,1393,42-22,48-26,40-11,12,10,19,13,31,23,0,0,1,12,1,12,88,1,12,76,1,button,1,12,12,0,53,0,1.0000,9,0.000140,-1,-1,button,1,12,12,0,53,0,1.0000,9,0.000345,,-1,button,1,12,12,0,53,0,1.0000,9,0.000383,-1,,button,1,12,12,0,53,0,1.0000,9,0.438507,-1,-1,12,0,0,0,0.4,risk_path,4,Bot1|Bot2|Bot3|Bot4,,1,0
188,0.30,75,440,2717215071,3838181151,3669,0.652267,516,1402,4-12,43-12,69-67,83,39,120,120,91,81,0,0,1,83,1,83,290,1,83,207,1,button,1,83,83,0,176,0,1.0000,441,0.006399,-1,-1,button,1,83,83,0,176,0,1.0000,441,0.060272,,-1,button,1,83,83,0,176,0,1.0000,441,0.070335,-1,,button,1,83,83,0,176,0,1.0000,441,18.733774,34,34,83,0,0,0,0.4,risk_path,4,Bot1|Bot2|Bot3|Bot4,,1,0
189,0.30,75,440,899400218,1033562852,3653,0.649422,519,1408,15-65,68-61,7-10,91,57,95,63,132,112,0,0,1,91,1,91,390,1,91,299,1,button,1,91,91,0,250,0,1.0000,63,0.002049,-1,-1,button,1,91,91,0,250,0,1.0000,63,0.033793,,-1,button,1,91,91,0,250,0,1.0000,63,0.037003,-1,,button,1,91,91,0,250,0,1.0000,63,22.851918,22,22,91,0,0,0,0.4,risk_path,4,Bot1|Bot2|Bot3|Bot4,,1,0
190,0.30,75,440,3481980839,2844192455,3636,0.646400,506,1365,69-53,58-13,16-44,61,51,78,62,77,73,0,0,1,61,1,61,225,1,61,164,1,button,1,61,61,0,141,0,1.0000,335,0.002632,-1,-1,button,1,61,61,0,141,0,1.0000,335,0.013544,,-1,button,1,61,61,0,141,0,1.0000,335,0.016022,-1,,button,1,61,61,0,141,0,1.0000,335,9.896738,-1,-1,61,0,0,0,0.4,risk_path,4,Bot1|Bot2|Bot3|Bot4,,1,0
191,0.30,75,440,1615916817,2432315316,3635,0.646222,508,1385,2-12,63-7,37-53,84,66,84,76,96,72,0,0,1,84,1,84,277,1,84,193,1,button,1,84,84,0,152,0,1.0000,437,0.004650,-1,-1,button,1,84,84,0,152,0,1.0000,437,0.022362,,-1,button,1,84,84,0,152,0,1.0000,437,0.031487,-1,,button,1,84,84,0,152,0,1.0000,437,18.793118,4,4,84,0,0,0,0.4,risk_path,4,Bot1|Bot2|Bot3|Bot4,,1,0
192,0.30,75,440,3898521735,118069459,3640,0.647111,503,1357,65-51,13-31,35-4,78,72,95,77,65,49,1,0,1,78,0,,182,1,78,104,1,button,1,78,78,0,95,0,1.0000,249,0.002693,-1,-1,button,1,78,78,0,95,0,1.0000,249,0.024311,,-1,button,1,78,78,0,95,0,1.0000,249,0.025617,-1,,button,1,78,78,0,95,0,1.0000,249,15.961039,-1,-1,78,0,0,0,0.4,risk_path,4,Bot1|Bot2|Bot3|Bot4,,1,0
193,0.30,75,440,2444658365,2126892776,3649,0.648711,505,1399,33-16,18-42,60-74,45,41,103,85,80,74,0,0,1,45,1,45,185,1,45,140,1,button,1,45,45,0,121,0,1.0000,148,0.001215,-1,-1,button,1,45,45,0,121,0,1.0000,148,0.007047,,-1,button,1,45,45,0,121,0,1.0000,148,0.008256,-1,,button,1,45,45,0,121,0,1.0000,148,5.718202,-1,-1,45,0,0,0,0.4,risk_path,4,Bot1|Bot2|Bot3|Bot4,,1,0
194,0.30,75,440,2214062488,49670459,3680,0.654222,504,1424,54-28,6-56,20-24,80,76,58,38,60,46,1,0,1,80,0,,159,1,80,79,1,button,1,80,80,0,43,0,1.0000,620,0.005899,-1,-1,button,1,80,80,0,43,0,1.0000,620,0.034547,,-1,button,1,80,80,0,43,0,1.0000,620,0.040488,-1,,button,1,80,80,0,43,0,1.0000,620,16.466649,-1,-1,80,0,0,0,0.4,risk_path,4,Bot1|Bot2|Bot3|Bot4,,1,0
195,0.30,75,440,1449191703,2718877568,3592,0.638578,491,1324,33-21,17-58,26-24,55,53,12,10,53,43,1,0,1,55,0,,177,1,55,122,1,button,1,55,55,0,41,0,1.0000,103,0.001002,-1,-1,button,1,55,55,0,41,0,1.0000,103,0.009792,,-1,button,1,55,55,0,41,0,1.0000,103,0.007512,-1,,button,1,55,55,0,41,0,1.0000,103,8.098790,-1,-1,55,0,0,0,0.4,risk_path,4,Bot1|Bot2|Bot3|Bot4,,1,0
196,0.30,75,440,2745450280,3961164760,3646,0.648178,520,1434,24-70,36-17,51-9,95,65,110,88,25,23,1,0,1,95,0,,57,0,,,0,walked_into_fire,0,86,86,0,-28,9,0.9053,,0.007200,58,58,fire_reached_bot,0,199,57,142,-141,38,0.6000,,0.598804,,-1,fire_reached_bot,0,199,57,142,-141,38,0.6000,,1.190105,-1,,fire_reached_bot,0,199,57,142,-141,38,0.6000,,22.369040,-1,-1,199,0,57,142,,no_path,0,,Bot1|Bot2|Bot3|Bot4,0,1
197,0.30,75,440,1134599302,4132178095,3653,0.649422,495,1397,20-37,62-2,57-46,77,77,56,46,65,49,1,0,1,77,0,,194,1,77,117,1,button,1,77,77,0,61,0,1.0000,430,0.003871,-1,-1,button,1,77,77,0,61,0,1.0000,430,0.016845,,-1,button,1,77,77,0,61,0,1.0000,430,0.020406,-1,,button,1,77,77,0,52,0,1.0000,430,14.884683,20,20,77,0,0,0,0.4,risk_path,4,Bot1|Bot2|Bot3|Bot4,,1,0
198,0.30,75,440,3387618525,4213744687,3637,0.646578,501,1335,25-12,26-27,73-32,32,16,80,68,70,52,0,0,1,32,1,32,191,1,32,159,1,button,1,32,32,0,145,0,1.0000,44,0.000538,-1,-1,button,1,32,32,0,145,0,1.0000,44,0.002445,,-1,button,1,32,32,0,145,0,1.0000,44,0.002791,-1,,button,1,32,32,0,145,0,1.0000,44,2.810478,-1,-1,32,0,0,0,0.4,risk_path,4,Bot1|Bot2|Bot3|Bot4,,1,0
199,0.30,75,440,3963364150,1255751458,3646,0.648178,503,1378,31-11,73-33,7-36,76,64,53,49,91,69,0,0,1,76,1,76,251,1,76,175,1,button,1,76,76,0,97,0,1.0000,417,0.004447,-1,-1,button,1,76,76,0,97,0,1.0000,417,0.021101,,-1,button,1,76,76,0,97,0,1.0000,417,0.025737,-1,,button,1,76,76,0,126,0,1.0000,417,14.934658,1,1,76,0,0,0,0.4,risk_path,4,Bot1|Bot2|Bot3|Bot4,,1,0
200,0.30,75,440,687047578,4017936739,3628,0.644978,511,1337,27-51,69-32,8-40,65,61,30,30,79,69,0,0,1,65,1,65,245,1,65,180,1,button,1,65,65,0,82,0,1.0000,404,0.003658,-1,-1,button,1,65,65,0,82,0,1.0000,404,0.016379,,-1,button,1,65,65,0,82,0,1.0000,404,0.025252,-1,,button,1,65,65,0,82,0,1.0000,404,11.263813,16,16,65,0,0,0,0.4,risk_path,4,Bot1|Bot2|Bot3|Bot4,,1,0
201,0.30,75,440,3808654913,1437651723,3644,0.647822,506,1376,73-63,38-16,62-70,86,82,34,18,84,78,1,0,1,86,0,,216,1,86,130,1,button,1,86,86,0,27,0,1.0000,379,0.005236,-1,-1,button,1,86,86,0,27,0,1.0000,379,0.029858,,-1,button,1,86,86,0,27,0,1.0000,379,0.035672,-1,,button,1,86,86,0,31,0,1.0000,379,18.904175,9,9,86,0,0,0,0.4,risk_path,4,Bot1|Bot2|Bot3|Bot4,,1,0
202,0.30,75,440,479682215,117614757,3621,0.643733,510,1341,36-35,34-65,43-19,46,32,39,23,81,55,0,0,1,46,1,46,216,1,46,170,1,button,1,46,46,0,96,0,1.0000,60,0.000808,-1,-1,button,1,46,46,0,96,0,1.0000,60,0.006861,,-1,button,1,46,46,0,96,0,1.0000,60,0.008662,-1,,button,1,46,46,0,96,0,1.0000,60,5.990830,-1,-1,46,0,0,0,0.4,risk_path,4,Bot1|Bot2|Bot3|Bot4,,1,0
203,0.30,75,440,1496475200,4047105304,3645,0.648000,514,1350,51-1,14-73,56-29,117,109,43,33,88,86,1,0,1,117,0,,246,1,119,127,0,walked_into_fire,0,30,30,0,-2,87,0.2564,91,0.001801,29,28,button,1,143,143,0,12,0,1.0000,2002,0.111901,,28,button,1,143,143,0,19,0,1.0000,2002,0.165593,28,,button,1,119,119,0,8,0,1.0000,1458,29.304174,22,22,119,3,0,0,0.8,risk_path,3,Bot2|Bot3|Bot4,Bot1,0,0
204,0.30,75,440,505044942,177768735,3649,0.648711,507,1385,16-40,65-14,63-49,81,75,68,56,65,37,1,0,1,81,0,,204,1,81,123,1,button,1,81,81,0,83,0,1.0000,302,0.004067,-1,-1,button,1,81,81,0,83,0,1.0000,302,0.030744,,-1,button,1,81,81,0,83,0,1.0000,302,0.037458,-1,,button,1,81,81,0,74,0,1.0000,302,16.539709,38,38,81,0,0,0,0.4,risk_path,4,Bot1|Bot2|Bot3|Bot4,,1,0
205,0.30,75,440,2592851329,1842348790,3662,0.651022,518,1377,6-43,55-29,67-0,81,63,112,104,51,41,1,0,1,81,0,,155,1,81,74,1,button,1,81,81,0,54,0,1.0000,184,0.003521,-1,-1,button,1,81,81,0,54,0,1.0000,184,0.037287,,-1,button,1,81,81,0,54,0,1.0000,184,0.048633,-1,,button,1,81,81,0,53,0,1.0000,184,16.951661,17,17,81,0,0,0,0.4,risk_path,4,Bot1|Bot2|Bot3|Bot4,,1,0
206,0.30,75,440,3837839052,4278048444,3662,0.651022,509,1415,49-20,41-20,45-66,10,8,62,50,64,50,0,0,1,10,1,10,197,1,10,187,1,button,1,10,10,0,182,0,1.0000,20,0.000167,-1,-1,button,1,10,10,0,182,0,1.0000,20,0.000228,,-1,button,1,10,10,0,182,0,1.0000,20,0.000303,-1,,button,1,10,10,0,183,0,1.0000,20,0.339701,1,1,10,0,0,0,0.4,risk_path,4,Bot1|Bot2|Bot3|Bot4,,1,0
207,0.30,75,440,4060788553,845069922,3646,0.648178,517,1375,13-16,67-34,60-28,86,72,81,59,13,13,1,0,1,86,0,,61,0,,,0,walked_into_fire,0,59,59,0,-1,27,0.6860,326,0.003424,39,39,fire_reached_bot,0,82,57,25,-20,33,0.6163,,0.172011,,-1,fire_reached_bot,0,82,57,25,-20,33,0.6163,,0.296616,-1,,fire_reached_bot,0,82,57,25,-20,33,0.6163,,19.624954,-1,-1,82,0,57,25,,no_path,0,,Bot1|Bot2|Bot3|Bot4,0,1
208,0.30,75,440,1921987437,1998653501,3636,0.646400,506,1373,74-46,4-55,7-25,107,79,108,88,45,33,1,0,1,107,0,,138,1,107,31,1,button,1,107,107,0,31,0,1.0000,621,0.010487,-1,-1,button,1,107,107,0,31,0,1.0000,621,0.066941,,-1,button,1,107,107,0,31,0,1.0000,621,0.084101,-1,,button,1,107,107,0,31,0,1.0000,621,30.205228,-1,-1,107,16,47,0,0.99,risk_path,4,Bot1|Bot2|Bot3|Bot4,,1,0
209,0.30,75,440,2984244257,2435512816,3670,0.652444,500,1412,29-21,22-1,14-24,37,27,42,18,53,31,0,0,1,37,1,37,194,1,37,157,1,button,1,37,37,0,103,0,1.0000,61,0.000699,-1,-1,button,1,37,37,0,103,0,1.0000,61,0.004586,,-1,button,1,37,37,0,103,0,1.0000,61,0.004553,-1,,button,1,37,37,0,103,0,1.0000,61,3.851128,-1,-1,37,0,0,0,0.4,risk_path,4,Bot1|Bot2|Bot3|Bot4,,1,0
210,0.30,75,440,1735617669,2279655686,3643,0.647644,510,1392,61-49,6-10,2-50,100,94,80,60,72,44,1,0,1,100,0,,228,1,100,128,1,button,1,100,100,0,109,0,1.0000,288,0.004663,-1,-1,button,1,100,100,0,109,0,1.0000,288,0.048786,,-1,button,1,100,100,0,109,0,1.0000,288,0.059971,-1,,button,1,100,100,0,109,0,1.0000,288,23.349501,-1,-1,100,0,0,0,0.4,risk_path,4,Bot1|Bot2|Bot3|Bot4,,1,0
211,0.30,75,440,741719091,4088483574,3654,0.649600,511,1417,7-48,46-4,1-6,87,83,60,48,63,47,1,0,1,87,0,,219,1,87,132,1,button,1,87,87,0,60,0,1.0000,237,0.003944,-1,-1,button,1,87,87,0,60,0,1.0000,237,0.028985,,-1,button,1,87,87,0,60,0,1.0000,237,0.037773,-1,,button,1,87,87,0,100,0,1.0000,237,19.010660,29,29,87,0,0,0,0.4,risk_path,4,Bot1|Bot2|Bot3|Bot4,,1,0
212,0.30,75,440,43164127,71827648,3665,0.651556,501,1384,71-28,42-51,34-71,58,52,92,80,34,28,1,0,1,58,0,,96,1,58,38,1,button,1,58,58,0,38,0,1.0000,90,0.001318,-1,-1,button,1,58,58,0,38,0,1.0000,90,0.009334,,-1,button,1,58,58,0,38,0,1.0000,90,0.011142,-1,,button,1,58,58,0,38,0,1.0000,90,8.143323,-1,-1,58,0,0,0,0.4,risk_path,4,Bot1|Bot2|Bot3|Bot4,,1,0
213,0.30,75,440,1597394174,606359399,3657,0.650133,510,1407,65-30,32-37,23-68,54,40,86,80,52,40,1,0,1,54,0,,143,1,54,89,1,button,1,54,54,0,77,0,1.0000,234,0.002366,-1,-1,button,1,54,54,0,77,0,1.0000,234,0.009154,,-1,button,1,54,54,0,77,0,1.0000,234,0.012021,-1,,button,1,54,54,0,77,0,1.0000,234,7.775641,-1,-1,54,0,0,0,0.4,risk_path,4,Bot1|Bot2|Bot3|Bot4,,1,0
214,0.30,75,440,3435905294,2392089260,3647,0.648356,496,1383,21-73,38-43,5-63,65,47,30,26,71,53,0,0,1,65,1,65,202,1,65,137,1,button,1,65,65,0,51,0,1.0000,357,0.004358,-1,-1,button,1,65,65,0,51,0,1.0000,357,0.016426,,-1,button,1,65,65,0,51,0,1.0000,357,0.022867,-1,,button,1,65,65,0,51,0,1.0000,357,10.906778,2,2,65,0,0,0,0.4,risk_path,4,Bot1|Bot2|Bot3|Bot4,,1,0
215,0.30,75,440,538301983,4070519892,3626,0.644622,499,1356,51-64,36-73,37-37,50,24,51,41,51,37,0,0,1,50,1,50,143,1,50,93,1,button,1,50,50,0,72,0,1.0000,221,0.001930,-1,-1,button,1,50,50,0,72,0,1.0000,221,0.008879,,-1,button,1,50,50,0,72,0,1.0000,221,0.011278,-1,,button,1,50,50,0,72,0,1.0000,221,6.536658,39,39,50,0,0,0,0.4,risk_path,4,Bot1|Bot2|Bot3|Bot4,,1,0
216,0.30,75,440,1948681360,2814169751,3667,0.651911,505,1403,15-18,25-22,10-13,14,14,30,10,30,24,0,0,1,14,1,14,86,1,14,72,1,button,1,14,14,0,57,0,1.0000,15,0.000164,-1,-1,button,1,14,14,0,57,0,1.0000,15,0.000295,,-1,button,1,14,14,0,57,0,1.0000,15,0.000389,-1,,button,1,14,14,0,57,0,1.0000,15,0.714451,-1,-1,14,0,0,0,0.4,risk_path,4,Bot1|Bot2|Bot3|Bot4,,1,0
217,0.30,75,440,234546496,899763894,3644,0.647822,506,1364,33-28,9-36,33-5,44,32,45,23,61,55,0,0,1,44,1,44,199,1,44,155,1,button,1,44,44,0,101,0,1.0000,93,0.000999,-1,-1,button,1,44,44,0,101,0,1.0000,93,0.006465,,-1,button,1,44,44,0,101,0,1.0000,93,0.007986,-1,,button,1,44,44,0,101,0,1.0000,93,5.072549,43,43,44,0,0,0,0.4,risk_path,4,Bot1|Bot2|Bot3|Bot4,,1,0
218,0.30,75,440,2601635953,347498,3653,0.649422,506,1409,29-59,4-21,38-7,73,63,75,61,62,48,1,0,1,73,0,,171,1,73,98,1,button,1,73,73,0,98,0,1.0000,236,0.003440,-1,-1,button,1,73,73,0,98,0,1.0000,236,0.024653,,-1,button,1,73,73,0,98,0,1.0000,236,0.031958,-1,,button,1,73,73,0,91,0,1.0000,236,13.752114,60,60,73,0,0,0,0.4,risk_path,4,Bot1|Bot2|Bot3|Bot4,,1,0
219,0.30,75,440,1873523526,189957216,3638,0.646756,508,1348,47-9,28-54,6-25,72,64,71,57,51,51,1,0,1,72,0,,146,1,72,74,1,button,1,72,72,0,54,0,1.0000,310,0.002841,-1,-1,button,1,72,72,0,54,0,1.0000,310,0.018530,,-1,button,1,72,72,0,54,0,1.0000,310,0.023230,-1,,button,1,72,72,0,54,0,1.0000,310,13.336468,-1,-1,72,0,0,0,0.4,risk_path,4,Bot1|Bot2|Bot3|Bot4,,1,0
220,0.30,75,440,650066665,1525053087,3651,0.649067,495,1389,47-54,47-10,5-72,80,44,60,60,126,104,0,0,1,80,1,80,335,1,80,255,1,button,1,80,80,0,147,0,1.0000,241,0.004376,-1,-1,button,1,80,80,0,147,0,1.0000,241,0.042879,,-1,button,1,80,80,0,147,0,1.0000,241,0.047316,-1,,button,1,80,80,0,147,0,1.0000,241,16.256320,39,39,80,0,0,0,0.4,risk_path,4,Bot1|Bot2|Bot3|Bot4,,1,0
221,0.30,75,440,1404877065,2420011909,3640,0.647111,507,1408,54-38,31-51,53-61,38,36,34,24,34,32,1,0,1,38,0,,94,1,38,56,1,button,1,38,38,0,38,0,1.0000,111,0.001068,-1,-1,button,1,38,38,0,38,0,1.0000,111,0.002816,,-1,button,1,38,38,0,38,0,1.0000,111,0.003218,-1,,button,1,38,38,0,38,0,1.0000,111,3.849801,-1,-1,38,0,0,0,0.4,risk_path,4,Bot1|Bot2|Bot3|Bot4,,1,0
222,0.30,75,440,1871520942,110449919,3642,0.647467,513,1411,44-69,25-70,38-55,30,20,22,20,30,28,0,0,1,30,0,,100,1,30,70,1,button,1,30,30,0,31,0,1.0000,90,0.000921,-1,-1,button,1,30,30,0,31,0,1.0000,90,0.001900,,-1,button,1,30,30,0,31,0,1.0000,90,0.002597,-1,,button,1,30,30,0,31,0,1.0000,90,2.297265,-1,-1,30,0,0,0,0.4,risk_path,4,Bot1|Bot2|Bot3|Bot4,,1,0
223,0.30,75,440,1891869098,1845810528,3648,0.648533,505,1371,6-33,19-36,72-72,22,16,113,105,101,89,0,0,1,22,1,22,278,1,22,256,1,button,1,22,22,0,254,0,1.0000,25,0.000488,-1,-1,button,1,22,22,0,254,0,1.0000,25,0.001211,,-1,button,1,22,22,0,254,0,1.0000,25,0.001404,-1,,button,1,22,22,0,254,0,1.0000,25,1.464235,6,6,22,0,0,0,0.4,risk_path,4,Bot1|Bot2|Bot3|Bot4,,1,0
224,0.30,75,440,3946411396,399432510,3628,0.644978,507,1377,14-74,47-31,63-44,84,76,81,79,29,29,1,0,1,84,0,,79,0,,,0,fire_reached_bot,0,82,82,0,-2,2,0.9762,,0.007454,80,80,fire_reached_bot,0,93,79,14,-13,5,0.9405,,0.080793,,-1,fire_reached_bot,0,93,79,14,-13,5,0.9405,,0.149257,-1,,fire_reached_bot,0,93,79,14,-13,5,0.9405,,19.419084,-1,-1,93,11,68,14,0.99,no_path,0,,Bot1|Bot2|Bot3|Bot4,0,1
225,0.30,75,440,395123674,1705726284,3633,0.645867,498,1354,41-14,11-70,23-1,104,86,31,31,101,81,1,0,1,104,0,,275,1,104,171,1,button,1,104,104,0,22,0,1.0000,689,0.011645,-1,-1,button,1,104,104,0,22,0,1.0000,689,0.090505,,-1,button,1,104,104,0,22,0,1.0000,689,0.087864,-1,,button,1,104,104,0,22,0,1.0000,689,26.950044,-1,-1,104,0,0,0,0.4,risk_path,4,Bot1|Bot2|Bot3|Bot4,,1,0
226,0.30,75,440,3383174174,417879336,3627,0.644800,505,1348,17-6,56-70,55-30,107,103,74,62,69,41,1,0,1,107,0,,194,1,107,87,1,button,1,107,107,0,58,0,1.0000,820,0.009617,-1,-1,button,1,107,107,0,58,0,1.0000,820,0.069117,,-1,button,1,107,107,0,58,0,1.0000,820,0.076525,-1,,button,1,107,107,0,47,0,1.0000,820,26.141653,41,41,107,0,0,0,0.4,risk_path,4,Bot1|Bot2|Bot3|Bot4,,1,0
227,0.30,75,440,3707428535,2930291685,3639,0.646933,499,1357,56-26,19-62,37-36,75,73,29,29,46,44,1,1,1,77,0,,123,1,91,32,0,walked_into_fire,0,26,26,0,-2,51,0.3200,78,0.001543,15,15,button,1,103,103,0,8,0,1.0000,1106,0.057809,,16,button,1,101,101,0,12,0,1.0000,1064,0.060021,16,,button,1,103,103,0,8,0,1.0000,1106,25.580466,100,16,103,8,56,0,0.99,risk_path,3,Bot2|Bot3|Bot4,Bot1,0,0
228,0.30,75,440,3499156370,436825089,3645,0.648000,501,1328,35-35,25-53,19-70,28,28,53,51,25,23,1,0,1,28,0,,99,1,28,71,1,button,1,28,28,0,71,0,1.0000,61,0.000718,-1,-1,button,1,28,28,0,71,0,1.0000,61,0.001635,,-1,button,1,28,28,0,71,0,1.0000,61,0.002166,-1,,button,1,28,28,0,71,0,1.0000,61,2.608447,-1,-1,28,0,0,0,0.4,risk_path,4,Bot1|Bot2|Bot3|Bot4,,1,0
229,0.30,75,440,3921431972,3691631192,3657,0.650133,515,1411,71-56,12-49,11-66,82,66,84,70,36,18,1,0,1,82,0,,99,1,82,17,1,button,1,82,82,0,9,0,1.0000,432,0.005296,-1,-1,button,1,82,82,0,9,0,1.0000,432,0.038030,,-1,button,1,82,82,0,9,0,1.0000,432,0.047890,-1,,button,1,82,82,0,9,0,1.0000,432,19.803669,-1,-1,82,28,33,0,0.99,risk_path,4,Bot1|Bot2|Bot3|Bot4,,1,0
230,0.30,75,440,2971960596,3817885116,3644,0.647822,509,1406,9-53,0-65,17-45,21,21,24,16,45,37,0,0,1,21,1,21,127,1,21,106,1,button,1,21,21,0,63,0,1.0000,35,0.000295,-1,-1,button,1,21,21,0,63,0,1.0000,35,0.000963,,-1,button,1,21,21,0,63,0,1.0000,35,0.001174,-1,,button,1,21,21,0,63,0,1.0000,35,1.536094,-1,-1,21,0,0,0,0.4,risk_path,4,Bot1|Bot2|Bot3|Bot4,,1,0
231,0.30,75,440,230717013,2732343365,3677,0.653689,507,1415,18-47,11-37,32-8,17,17,63,53,56,50,0,0,1,17,1,17,174,1,17,157,1,button,1,17,17,0,153,0,1.0000,19,0.000210,-1,-1,button,1,17,17,0,153,0,1.0000,19,0.000611,,-1,button,1,17,17,0,153,0,1.0000,19,0.000755,-1,,button,1,17,17,0,153,0,1.0000,19,0.808798,-1,-1,17,0,0,0,0.4,risk_path,4,Bot1|Bot2|Bot3|Bot4,,1,0
232,0.30,75,440,1277540315,2568731835,3650,0.648889,492,1378,51-49,20-26,68-25,56,54,47,41,73,49,0,0,1,56,1,56,188,1,56,132,1,button,1,56,56,0,126,0,1.0000,216,0.002173,-1,-1,button,1,56,56,0,126,0,1.0000,216,0.008674,,-1,button,1,56,56,0,126,0,1.0000,216,0.011568,-1,,button,1,56,56,0,126,0,1.0000,216,8.276629,-1,-1,56,0,0,0,0.4,risk_path,4,Bot1|Bot2|Bot3|Bot4,,1,0
233,0.30,75,440,2601371361,3429438074,3616,0.642844,495,1327,48-24,49-48,54-71,47,25,75,53,40,28,1,0,1,47,0,,106,1,47,59,1,button,1,47,47,0,59,0,1.0000,201,0.001933,-1,-1,button,1,47,47,0,59,0,1.0000,201,0.009192,,-1,button,1,47,47,0,59,0,1.0000,201,0.018952,-1,,button,1,47,47,0,59,0,1.0000,201,6.229346,1,1,47,0,0,0,0.4,risk_path,4,Bot1|Bot2|Bot3|Bot4,,1,0
234,0.30,75,440,2175815046,2513501025,3671,0.652622,515,1422,60-58,33-61,26-34,36,30,66,58,42,34,0,0,1,36,1,36,131,1,36,95,1,button,1,36,36,0,77,0,1.0000,30,0.000522,-1,-1,button,1,36,36,0,77,0,1.0000,30,0.003401,,-1,button,1,36,36,0,77,0,1.0000,30,0.004113,-1,,button,1,36,36,0,77,0,1.0000,30,3.427581,-1,-1,36,0,0,0,0.4,risk_path,4,Bot1|Bot2|Bot3|Bot4,,1,0
235,0.30,75,440,2903687551,1508666098,3664,0.651378,508,1412,62-11,20-70,59-72,105,101,88,64,77,41,1,0,1,105,0,,228,1,105,123,1,button,1,105,105,0,76,0,1.0000,429,0.007121,-1,-1,button,1,105,105,0,76,0,1.0000,429,0.058238,,-1,button,1,105,105,0,76,0,1.0000,429,0.069588,-1,,button,1,105,105,0,76,0,1.0000,429,27.408013,-1,-1,105,0,0,0,0.4,risk_path,4,Bot1|Bot2|Bot3|Bot4,,1,0
236,0.30,75,440,2767072028,3293256290,3657,0.650133,505,1375,27-0,15-28,25-43,46,40,61,45,33,25,1,0,1,46,0,,136,1,46,90,1,button,1,46,46,0,84,0,1.0000,65,0.001366,-1,-1,button,1,46,46,0,84,0,1.0000,65,0.006587,,-1,button,1,46,46,0,84,0,1.0000,65,0.010966,-1,,button,1,46,46,0,84,0,1.0000,65,5.585217,-1,-1,46,0,0,0,0.4,risk_path,4,Bot1|Bot2|Bot3|Bot4,,1,0
237,0.30,75,440,434350479,2119715637,3663,0.651200,511,1423,44-63,20-38,29-11,59,49,81,67,42,36,1,0,1,59,0,,135,1,59,76,1,button,1,59,59,0,69,0,1.0000,298,0.003380,-1,-1,button,1,59,59,0,69,0,1.0000,298,0.015104,,-1,button,1,59,59,0,69,0,1.0000,298,0.023918,-1,,button,1,59,59,0,69,0,1.0000,298,9.456027,-1,-1,59,0,0,0,0.4,risk_path,4,Bot1|Bot2|Bot3|Bot4,,1,0
238,0.30,75,440,860933267,2945000663,3628,0.644978,509,1350,25-29,50-8,50-6,48,46,48,48,4,2,1,0,1,48,0,,12,0,,,0,fire_reached_bot,0,39,39,0,-26,9,0.8125,,0.000976,13,13,fire_reached_bot,0,142,12,130,-129,36,0.2500,,0.610810,,-1,fire_reached_bot,0,142,12,130,-129,36,0.2500,,1.349792,-1,,fire_reached_bot,0,142,12,130,-129,36,0.2500,,4.559201,-1,-1,142,0,12,130,,no_path,0,,Bot1|Bot2|Bot3|Bot4,0,1
239,0.30,75,440,3847153091,2545232110,3641,0.647289,491,1366,31-51,0-30,58-14,56,52,76,64,80,74,0,0,1,56,1,56,264,1,56,208,1,button,1,56,56,0,173,0,1.0000,246,0.002055,-1,-1,button,1,56,56,0,173,0,1.0000,246,0.011828,,-1,button,1,56,56,0,173,0,1.0000,246,0.013509,-1,,button,1,56,56,0,173,0,1.0000,246,8.317450,-1,-1,56,0,0,0,0.4,risk_path,4,Bot1|Bot2|Bot3|Bot4,,1,0
240,0.30,75,440,3830646336,1583051720,3645,0.648000,501,1357,37-49,56-9,43-1,67,59,72,54,23,21,1,0,1,67,0,,63,0,,,0,fire_reached_bot,0,60,60,0,0,7,0.8955,201,0.002187,55,55,fire_reached_bot,0,98,63,35,-34,18,0.7313,,0.181013,,-1,fire_reached_bot,0,98,63,35,-34,18,0.7313,,0.378003,-1,,fire_reached_bot,0,98,63,35,-34,18,0.7313,,13.795350,-1,-1,98,0,63,35,,no_path,0,,Bot1|Bot2|Bot3|Bot4,0,1
241,0.30,75,440,50286375,2368400549,3661,0.650844,522,1437,27-9,46-22,65-3,40,32,62,44,44,38,0,0,1,40,1,40,128,1,40,88,1,button,1,40,40,0,75,0,1.0000,110,0.001042,-1,-1,button,1,40,40,0,75,0,1.0000,110,0.005790,,-1,button,1,40,40,0,75,0,1.0000,110,0.009168,-1,,button,1,40,40,0,75,0,1.0000,110,4.438601,37,37,40,0,0,0,0.4,risk_path,4,Bot1|Bot2|Bot3|Bot4,,1,0
242,0.30,75,440,229134076,547575414,3636,0.646400,512,1351,44-13,33-41,33-18,41,39,46,16,53,23,0,0,1,41,1,41,163,1,41,122,1,button,1,41,41,0,119,0,1.0000,7,0.000314,-1,-1,button,1,41,41,0,119,0,1.0000,7,0.002624,,-1,button,1,41,41,0,119,0,1.0000,7,0.002909,-1,,button,1,41,41,0,119,0,1.0000,7,3.955534,-1,-1,41,0,0,0,0.4,risk_path,4,Bot1|Bot2|Bot3|Bot4,,1,0
243,0.30,75,440,3829884547,2736529294,3653,0.649422,512,1397,6-66,44-36,13-50,68,68,31,23,45,45,1,0,1,68,0,,103,1,76,27,0,walked_into_fire,0,43,43,0,-1,25,0.6324,181,0.001248,43,43,fire_reached_bot,0,44,42,2,0,26,0.6176,195,0.007768,,-1,fire_reached_bot,0,44,42,2,0,26,0.6176,195,0.009842,-1,,fire_reached_bot,0,44,42,2,0,26,0.6176,195,8.270413,6,6,44,21,4,2,0.99,no_path,0,,Bot1|Bot2|Bot3|Bot4,0,1
244,0.30,75,440,2905315126,631340303,3628,0.644978,494,1376,22-71,69-35,61-25,87,83,93,85,18,18,1,0,1,87,0,,48,0,,,0,walked_into_fire,0,74,74,0,-25,13,0.8506,,0.005809,49,49,fire_reached_bot,0,141,48,93,-92,39,0.5517,,0.367682,,-1,fire_reached_bot,0,141,48,93,-92,39,0.5517,,0.855760,-1,,fire_reached_bot,0,141,48,93,-92,39,0.5517,,14.391721,-1,-1,141,0,48,93,,no_path,0,,Bot1|Bot2|Bot3|Bot4,0,1
245,0.30,75,440,3180725409,3525950523,3641,0.647289,501,1379,46-21,33-48,70-57,40,40,62,60,66,46,0,0,1,40,1,40,223,1,40,183,1,button,1,40,40,0,128,0,1.0000,86,0.000792,-1,-1,button,1,40,40,0,128,0,1.0000,86,0.003608,,-1,button,1,40,40,0,128,0,1.0000,86,0.006036,-1,,button,1,40,40,0,128,0,1.0000,86,3.460138,-1,-1,40,0,0,0,0.4,risk_path,4,Bot1|Bot2|Bot3|Bot4,,1,0
246,0.30,75,440,3527288279,2290517008,3632,0.645689,488,1357,49-48,15-4,50-34,86,78,37,15,71,65,1,0,1,86,0,,201,1,86,115,1,button,1,86,86,0,28,0,1.0000,611,0.006390,-1,-1,button,1,86,86,0,28,0,1.0000,611,0.037367,,-1,button,1,86,86,0,28,0,1.0000,611,0.060525,-1,,button,1,86,86,0,28,0,1.0000,611,14.784784,-1,-1,86,0,0,0,0.4,risk_path,4,Bot1|Bot2|Bot3|Bot4,,1,0
247,0.30,75,440,2693909744,892987441,3653,0.649422,508,1396,12-31,19-16,27-15,24,22,37,31,13,9,1,0,1,24,0,,39,1,24,15,1,button,1,24,24,0,15,0,1.0000,32,0.000291,-1,-1,button,1,24,24,0,15,0,1.0000,32,0.000986,,-1,button,1,24,24,0,15,0,1.0000,32,0.001278,-1,,button,1,24,24,0,15,0,1.0000,32,1.076026,1,1,24,1,0,0,0.6,risk_path,4,Bot1|Bot2|Bot3|Bot4,,1,0
248,0.30,75,440,3466483215,701012700,3661,0.650844,506,1362,70-13,27-29,57-25,77,59,27,25,52,34,1,0,1,77,0,,154,1,89,65,0,fire_reached_bot,0,21,21,0,0,56,0.2727,27,0.001136,-1,18,fire_reached_bot,0,21,21,0,0,56,0.2727,27,0.017429,,18,button,1,145,145,0,6,0,1.0000,1473,0.165523,18,,button,1,89,89,0,57,0,1.0000,671,15.533865,1,1,89,0,0,0,0.4,risk_path,2,Bot3|Bot4,Bot1|Bot2,0,0
249,0.30,75,440,3499659840,3439355226,3673,0.652978,514,1426,22-34,21-64,21-4,43,31,43,31,86,60,0,0,1,43,1,43,262,1,43,219,1,button,1,43,43,0,120,0,1.0000,140,0.001119,-1,-1,button,1,43,43,0,120,0,1.0000,140,0.005582,,-1,button,1,43,43,0,120,0,1.0000,140,0.006725,-1,,button,1,43,43,0,120,0,1.0000,140,3.964646,-1,-1,43,0,0,0,0.4,risk_path,4,Bot1|Bot2|Bot3|Bot4,,1,0
250,0.30,75,440,1517605910,2955868487,3642,0.647467,504,1373,46-30,45-21,67-21,12,10,30,30,36,22,0,0,1,12,1,12,107,1,12,95,1,button,1,12,12,0,92,0,1.0000,12,0.000155,-1,-1,button,1,12,12,0,92,0,1.0000,12,0.000319,,-1,button,1,12,12,0,92,0,1.0000,12,0.000383,-1,,button,1,12,12,0,92,0,1.0000,12,0.601600,-1,-1,12,0,0,0,0.4,risk_path,4,Bot1|Bot2|Bot3|Bot4,,1,0
251,0.30,75,440,742681489,3514916377,3632,0.645689,501,1338,21-17,13-44,11-71,43,35,84,64,41,29,1,0,1,43,0,,145,1,43,102,1,button,1,43,43,0,102,0,1.0000,90,0.000981,-1,-1,button,1,43,43,0,102,0,1.0000,90,0.003718,,-1,button,1,43,43,0,102,0,1.0000,90,0.004366,-1,,button,1,43,43,0,102,0,1.0000,90,3.806144,-1,-1,43,0,0,0,0.4,risk_path,4,Bot1|Bot2|Bot3|Bot4,,1,0
252,0.30,75,440,389585178,1768587399,3635,0.646222,502,1366,66-16,51-57,64-53,72,56,59,39,33,17,1,0,1,72,0,,77,0,,,0,fire_reached_bot,0,65,65,0,0,7,0.9028,255,0.002749,-1,65,fire_reached_bot,0,65,65,0,0,7,0.9028,255,0.019614,,65,fire_reached_bot,0,98,77,21,-20,19,0.7361,,0.249718,65,,fire_reached_bot,0,65,65,0,0,7,0.9028,255,12.440460,-1,65,65,20,35,0,0.99,risk_path,0,,Bot1|Bot2|Bot3|Bot4,0,1
253,0.30,75,440,3332814137,1126990968,3634,0.646044,504,1387,69-32,59-13,32-53,89,29,70,58,95,67,0,0,1,89,1,89,305,1,89,216,1,button,1,89,89,0,112,0,1.0000,773,0.008926,-1,-1,button,1,89,89,0,112,0,1.0000,773,0.060730,,-1,button,1,89,89,0,112,0,1.0000,773,0.074370,-1,,button,1,89,89,0,112,0,1.0000,773,15.072757,47,47,89,0,0,0,0.4,risk_path,4,Bot1|Bot2|Bot3|Bot4,,1,0
254,0.30,75,440,1495801011,917814670,3676,0.653511,528,1432,47-21,14-43,57-68,59,55,71,57,92,68,0,0,1,59,1,59,244,1,59,185,1,button,1,59,59,0,185,0,1.0000,146,0.001546,-1,-1,button,1,59,59,0,185,0,1.0000,146,0.010254,,-1,button,1,59,59,0,185,0,1.0000,146,0.013001,-1,,button,1,59,59,0,185,0,1.0000,146,7.137724,-1,-1,59,0,0,0,0.4,risk_path,4,Bot1|Bot2|Bot3|Bot4,,1,0
255,0.30,75,440,2990102404,731289034,3646,0.648178,513,1347,4-13,3-46,4-57,48,34,66,44,20,12,1,0,1,48,0,,60,1,48,12,1,button,1,48,48,0,12,0,1.0000,126,0.001148,-1,-1,button,1,48,48,0,12,0,1.0000,126,0.005698,,-1,button,1,48,48,0,12,0,1.0000,126,0.007927,-1,,button,1,48,48,0,12,0,1.0000,126,4.855051,45,45,48,21,15,0,0.99,risk_path,4,Bot1|Bot2|Bot3|Bot4,,1,0
256,0.30,75,440,1232018688,2548799540,3612,0.642133,502,1307,72-37,46-52,56-73,49,41,62,52,33,31,1,0,1,49,0,,116,1,49,67,1,button,1,49,49,0,67,0,1.0000,77,0.001129,-1,-1,button,1,49,49,0,67,0,1.0000,77,0.006504,,-1,button,1,49,49,0,67,0,1.0000,77,0.010363,-1,,button,1,49,49,0,67,0,1.0000,77,4.438803,-1,-1,49,0,0,0,0.4,risk_path,4,Bot1|Bot2|Bot3|Bot4,,1,0
257,0.30,75,440,107580103,4254696228,3638,0.646756,494,1325,72-15,40-45,29-23,70,62,85,51,49,33,1,0,1,70,0,,143,1,70,73,1,button,1,70,70,0,73,0,1.0000,310,0.002409,-1,-1,button,1,70,70,0,73,0,1.0000,310,0.013303,,-1,button,1,70,70,0,73,0,1.0000,310,0.018740,-1,,button,1,70,70,0,73,0,1.0000,310,9.308294,-1,-1,70,0,0,0,0.4,risk_path,4,Bot1|Bot2|Bot3|Bot4,,1,0
258,0.30,75,440,2403017489,1321081877,3632,0.645689,502,1356,25-59,15-60,72-57,21,11,69,49,90,60,0,0,1,21,1,21,222,1,21,201,1,button,1,21,21,0,169,0,1.0000,40,0.000373,-1,-1,button,1,21,21,0,169,0,1.0000,40,0.001171,,-1,button,1,21,21,0,169,0,1.0000,40,0.001628,-1,,button,1,21,21,0,169,0,1.0000,40,1.194976,-1,-1,21,0,0,0,0.4,risk_path,4,Bot1|Bot2|Bot3|Bot4,,1,0
259,0.30,75,440,3247152571,688223439,3631,0.645511,509,1371,69-74,26-34,10-32,85,83,103,101,20,18,1,0,1,85,0,,77,0,,,0,fire_reached_bot,0,83,83,0,-5,2,0.9765,,0.003409,78,78,fire_reached_bot,0,99,77,22,-21,8,0.9059,,0.127509,,-1,fire_reached_bot,0,99,77,22,-21,8,0.9059,,0.281726,-1,,fire_reached_bot,0,99,77,22,-21,8,0.9059,,13.958977,-1,-1,99,5,72,22,0.99,no_path,0,,Bot1|Bot2|Bot3|Bot4,0,1
260,0.30,75,440,2786424847,3343057812,3666,0.651733,505,1445,11-26,51-68,14-46,82,82,41,23,65,59,1,0,1,82,0,,206,1,82,124,1,button,1,82,82,0,43,0,1.0000,336,0.003942,-1,-1,button,1,82,82,0,43,0,1.0000,336,0.016221,,-1,button,1,82,82,0,43,0,1.0000,336,0.021284,-1,,button,1,82,82,0,75,0,1.0000,336,12.445881,1,1,82,0,0,0,0.4,risk_path,4,Bot1|Bot2|Bot3|Bot4,,1,0
261,0.30,75,440,2797536688,4050217512,3651,0.649067,503,1365,0-14,53-28,35-60,81,67,99,81,54,50,1,0,1,81,0,,137,1,81,56,1,button,1,81,81,0,56,0,1.0000,573,0.005746,-1,-1,button,1,81,81,0,56,0,1.0000,573,0.030226,,-1,button,1,81,81,0,56,0,1.0000,573,0.040877,-1,,button,1,81,81,0,56,0,1.0000,573,12.308578,6,6,81,0,0,0,0.4,risk_path,4,Bot1|Bot2|Bot3|Bot4,,1,0
262,0.30,75,440,3920002231,96578032,3642,0.647467,510,1405,70-17,18-0,22-20,83,69,75,51,30,24,1,0,1,83,0,,90,0,,,0,walked_into_fire,0,62,62,0,-2,21,0.7470,266,0.002852,61,61,fire_reached_bot,0,65,60,5,0,23,0.7229,306,0.049569,,-1,fire_reached_bot,0,65,60,5,0,23,0.7229,306,0.089821,-1,,fire_reached_bot,0,65,60,5,0,23,0.7229,306,13.952945,-1,-1,65,0,60,5,,no_path,0,,Bot1|Bot2|Bot3|Bot4,0,1
263,0.30,75,440,221242311,932793819,3625,0.644444,502,1344,3-28,11-56,64-10,40,36,85,79,113,99,0,0,1,40,1,40,335,1,40,295,1,button,1,40,40,0,246,0,1.0000,142,0.001027,-1,-1,button,1,40,40,0,246,0,1.0000,142,0.004709,,-1,button,1,40,40,0,246,0,1.0000,142,0.005658,-1,,button,1,40,40,0,246,0,1.0000,142,3.410330,19,19,40,0,0,0,0.4,risk_path,4,Bot1|Bot2|Bot3|Bot4,,1,0
264,0.30,75,440,1006815665,3029020804,3650,0.648889,508,1335,0-54,26-44,69-74,48,36,107,89,75,73,0,0,1,48,1,48,211,1,48,163,1,button,1,48,48,0,158,0,1.0000,136,0.001500,-1,-1,button,1,48,48,0,158,0,1.0000,136,0.010158,,-1,button,1,48,48,0,158,0,1.0000,136,0.014812,-1,,button,1,48,48,0,158,0,1.0000,136,5.426112,1,1,48,0,0,0,0.4,risk_path,4,Bot1|Bot2|Bot3|Bot4,,1,0
265,0.30,75,440,3550384,2803946996,3652,0.649244,496,1359,36-68,30-18,50-16,72,56,86,66,32,22,1,0,1,72,0,,100,1,72,28,1,button,1,72,72,0,28,0,1.0000,275,0.002750,-1,-1,button,1,72,72,0,28,0,1.0000,275,0.019849,,-1,button,1,72,72,0,28,0,1.0000,275,0.023091,-1,,button,1,72,72,0,28,0,1.0000,275,11.460729,-1,-1,72,13,15,0,0.99,risk_path,4,Bot1|Bot2|Bot3|Bot4,,1,0
266,0.30,75,440,1459446169,848544576,3647,0.648356,503,1372,12-53,23-15,51-21,59,49,79,71,36,34,1,0,1,59,0,,118,1,59,59,1,button,1,59,59,0,56,0,1.0000,436,0.003544,-1,-1,button,1,59,59,0,56,0,1.0000,436,0.012045,,-1,button,1,59,59,0,56,0,1.0000,436,0.016313,-1,,button,1,59,59,0,51,0,1.0000,436,6.903226,14,14,59,0,0,0,0.4,risk_path,4,Bot1|Bot2|Bot3|Bot4,,1,0
267,0.30,75,440,1897333980,3152261953,3618,0.643200,496,1339,34-62,30-66,59-38,10,8,53,49,61,57,0,0,1,10,1,10,177,1,10,167,1,button,1,10,10,0,155,0,1.0000,21,0.000159,-1,-1,button,1,10,10,0,155,0,1.0000,21,0.000262,,-1,button,1,10,10,0,155,0,1.0000,21,0.000351,-1,,button,1,10,10,0,155,0,1.0000,21,0.528386,-1,-1,10,0,0,0,0.4,risk_path,4,Bot1|Bot2|Bot3|Bot4,,1,0
268,0.30,75,440,1652118545,685776228,3653,0.649422,509,1418,3-27,46-74,31-68,92,90,71,69,21,21,1,0,1,92,0,,65,0,,,0,walked_into_fire,0,59,59,0,-1,33,0.6413,338,0.003442,10,10,fire_reached_bot,0,117,44,73,-51,54,0.4130,,0.373846,,24,fire_reached_bot,0,163,44,119,-97,72,0.2174,,1.164990,24,,fire_reached_bot,0,117,44,73,-51,54,0.4130,,16.260149,-1,24,117,0,44,73,,no_path,0,,Bot1|Bot2|Bot3|Bot4,0,1
269,0.30,75,440,943373969,2848700176,3631,0.645511,501,1392,10-22,36-18,37-71,38,30,82,76,72,54,0,0,1,38,1,38,204,1,38,166,1,button,1,38,38,0,166,0,1.0000,115,0.001151,-1,-1,button,1,38,38,0,166,0,1.0000,115,0.003760,,-1,button,1,38,38,0,166,0,1.0000,115,0.004964,-1,,button,1,38,38,0,166,0,1.0000,115,3.200311,1,1,38,0,0,0,0.4,risk_path,4,Bot1|Bot2|Bot3|Bot4,,1,0
270,0.30,75,440,1415906743,1027550563,3643,0.647644,499,1344,71-56,1-44,50-21,96,82,60,56,80,72,1,0,1,96,0,,234,1,96,138,1,button,1,96,96,0,71,0,1.0000,600,0.007494,-1,-1,button,1,96,96,0,71,0,1.0000,600,0.042768,,-1,button,1,96,96,0,71,0,1.0000,600,0.053959,-1,,button,1,96,96,0,71,0,1.0000,600,17.833244,9,9,96,0,0,0,0.4,risk_path,4,Bot1|Bot2|Bot3|Bot4,,1,0
271,0.30,75,440,4249967921,3928420346,3633,0.645867,503,1392,3-30,29-44,72-6,50,40,101,93,83,81,0,0,1,50,1,50,234,1,50,184,1,button,1,50,50,0,183,0,1.0000,118,0.001393,-1,-1,button,1,50,50,0,183,0,1.0000,118,0.005404,,-1,button,1,50,50,0,183,0,1.0000,118,0.006818,-1,,button,1,50,50,0,183,0,1.0000,118,5.111325,10,10,50,0,0,0,0.4,risk_path,4,Bot1|Bot2|Bot3|Bot4,,1,0
272,0.30,75,440,3406299465,3246889654,3643,0.647644,495,1345,7-69,26-14,52-56,82,74,64,58,78,68,1,0,1,82,0,,211,1,82,129,1,button,1,82,82,0,89,0,1.0000,504,0.005663,-1,-1,button,1,82,82,0,89,0,1.0000,504,0.027804,,-1,button,1,82,82,0,89,0,1.0000,504,0.033939,-1,,button,1,82,82,0,89,0,1.0000,504,14.148776,1,1,82,0,0,0,0.4,risk_path,4,Bot1|Bot2|Bot3|Bot4,,1,0
273,0.30,75,440,2347823433,2610306846,3633,0.645867,506,1373,13-74,74-39,46-24,106,96,87,83,55,43,1,0,1,106,0,,133,1,106,27,1,button,1,106,106,0,4,0,1.0000,1374,0.018547,-1,89,button,1,106,106,0,4,0,1.0000,1374,0.047274,,89,button,1,106,106,0,5,0,1.0000,1374,0.077375,89,,button,1,112,112,0,20,0,1.0000,1488,22.407825,69,69,112,7,64,0,0.99,risk_path,4,Bot1|Bot2|Bot3|Bot4,,1,0
274,0.30,75,440,2266113072,2703714323,3649,0.648711,509,1393,60-40,45-73,70-6,54,48,58,44,108,92,0,0,1,54,1,54,309,1,54,255,1,button,1,54,54,0,185,0,1.0000,77,0.001125,-1,-1,button,1,54,54,0,185,0,1.0000,77,0.008754,,-1,button,1,54,54,0,185,0,1.0000,77,0.010507,-1,,button,1,54,54,0,185,0,1.0000,77,5.600434,-1,-1,54,0,0,0,0.4,risk_path,4,Bot1|Bot2|Bot3|Bot4,,1,0
275,0.30,75,440,572313208,4115807259,3673,0.652978,515,1382,27-14,6-71,71-65,96,78,101,95,101,71,0,0,1,96,1,96,306,1,96,210,1,button,1,96,96,0,189,0,1.0000,191,0.004342,-1,-1,button,1,96,96,0,189,0,1.0000,191,0.052538,,-1,button,1,96,96,0,189,0,1.0000,191,0.066734,-1,,button,1,96,96,0,189,0,1.0000,191,19.617509,76,76,96,0,0,0,0.4,risk_path,4,Bot1|Bot2|Bot3|Bot4,,1,0
276,0.30,75,440,441933108,3198590936,3653,0.649422,500,1388,16-39,72-3,74-20,98,92,85,77,29,19,1,0,1,98,0,,83,0,,,0,walked_into_fire,0,86,86,0,-2,12,0.8776,,0.003759,77,77,fire_reached_bot,0,89,76,13,-5,22,0.7755,,0.093413,,-1,fire_reached_bot,0,89,76,13,-5,22,0.7755,,0.196405,-1,,fire_reached_bot,0,89,76,13,-5,22,0.7755,,20.158838,-1,-1,89,0,76,13,,no_path,0,,Bot1|Bot2|Bot3|Bot4,0,1
277,0.30,75,440,3418122606,1333948928,3641,0.647289,508,1374,47-46,22-43,66-36,32,28,37,29,67,51,0,0,1,32,1,32,180,1,32,148,1,button,1,32,32,0,101,0,1.0000,70,0.000414,-1,-1,button,1,32,32,0,101,0,1.0000,70,0.001778,,-1,button,1,32,32,0,101,0,1.0000,70,0.002581,-1,,button,1,32,32,0,101,0,1.0000,70,2.432833,-1,-1,32,0,0,0,0.4,risk_path,4,Bot1|Bot2|Bot3|Bot4,,1,0
278,0.30,75,440,2893733061,2995401778,3638,0.646756,510,1380,32-62,48-27,5-67,57,51,48,32,89,83,0,0,1,57,1,57,236,1,57,179,1,button,1,57,57,0,116,0,1.0000,175,0.001713,-1,-1,button,1,57,57,0,116,0,1.0000,175,0.011454,,-1,button,1,57,57,0,116,0,1.0000,175,0.014419,-1,,button,1,57,57,0,116,0,1.0000,175,7.366898,22,22,57,0,0,0,0.4,risk_path,4,Bot1|Bot2|Bot3|Bot4,,1,0
279,0.30,75,440,3773649777,926245506,3628,0.644978,495,1368,32-63,60-72,25-22,47,37,60,48,87,85,0,0,1,47,1,47,251,1,47,204,1,button,1,47,47,0,166,0,1.0000,170,0.001223,-1,-1,button,1,47,47,0,166,0,1.0000,170,0.007675,,-1,button,1,47,47,0,166,0,1.0000,170,0.010673,-1,,button,1,47,47,0,166,0,1.0000,170,4.907047,7,7,47,0,0,0,0.4,risk_path,4,Bot1|Bot2|Bot3|Bot4,,1,0
280,0.30,75,440,2985125786,3442015289,3635,0.646222,507,1348,28-4,7-3,50-1,34,22,41,25,63,45,0,0,1,34,1,34,192,1,34,158,1,button,1,34,34,0,98,0,1.0000,37,0.000373,-1,-1,button,1,34,34,0,98,0,1.0000,37,0.002505,,-1,button,1,34,34,0,98,0,1.0000,37,0.003331,-1,,button,1,34,34,0,98,0,1.0000,37,2.227597,-1,-1,34,0,0,0,0.4,risk_path,4,Bot1|Bot2|Bot3|Bot4,,1,0
281,0.30,75,440,2521516864,696713569,3648,0.648533,502,1389,44-7,32-14,41-1,25,19,11,9,28,22,0,0,1,25,1,25,110,1,25,85,1,button,1,25,25,0,35,0,1.0000,42,0.000341,-1,-1,button,1,25,25,0,35,0,1.0000,42,0.001690,,-1,button,1,25,25,0,35,0,1.0000,42,0.002341,-1,,button,1,25,25,0,35,0,1.0000,42,1.873560,-1,-1,25,0,0,0,0.4,risk_path,4,Bot1|Bot2|Bot3|Bot4,,1,0
282,0.30,75,440,3512670226,3470638926,3653,0.649422,513,1374,59-63,33-58,21-65,53,31,74,40,31,19,1,0,1,53,0,,84,1,53,31,1,button,1,53,53,0,31,0,1.0000,288,0.002379,-1,-1,button,1,53,53,0,31,0,1.0000,288,0.011027,,-1,button,1,53,53,0,31,0,1.0000,288,0.015494,-1,,button,1,53,53,0,31,0,1.0000,288,5.431036,-1,-1,53,0,0,0,0.4,risk_path,4,Bot1|Bot2|Bot3|Bot4,,1,0
283,0.30,75,440,139254943,2871586275,3638,0.646756,499,1382,4-42,66-69,7-3,103,89,60,42,127,125,0,0,1,103,1,103,360,1,103,257,1,button,1,103,103,0,112,0,1.0000,507,0.006861,-1,-1,button,1,103,103,0,112,0,1.0000,507,0.059285,,-1,button,1,103,103,0,112,0,1.0000,507,0.072021,-1,,button,1,103,103,0,112,0,1.0000,507,20.901900,38,38,103,0,0,0,0.4,risk_path,4,Bot1|Bot2|Bot3|Bot4,,1,0
284,0.30,75,440,2016013904,2387887068,3654,0.649600,510,1422,62-39,27-35,2-37,59,39,92,62,39,27,1,0,1,59,0,,102,1,59,43,1,button,1,59,59,0,43,0,1.0000,207,0.002154,-1,-1,button,1,59,59,0,43,0,1.0000,207,0.010392,,-1,button,1,59,59,0,43,0,1.0000,207,0.012429,-1,,button,1,59,59,0,43,0,1.0000,207,7.124871,-1,-1,59,0,0,0,0.4,risk_path,4,Bot1|Bot2|Bot3|Bot4,,1,0
285,0.30,75,440,2152869414,3950020351,3662,0.651022,509,1413,46-68,12-66,41-41,46,36,40,32,58,54,0,0,1,46,1,46,164,1,46,118,1,button,1,46,46,0,97,0,1.0000,113,0.001054,-1,-1,button,1,46,46,0,97,0,1.0000,113,0.006096,,-1,button,1,46,46,0,97,0,1.0000,113,0.006858,-1,,button,1,46,46,0,97,0,1.0000,113,4.604434,34,34,46,0,0,0,0.4,risk_path,4,Bot1|Bot2|Bot3|Bot4,,1,0
286,0.30,75,440,1157899962,1993066084,3639,0.646933,494,1362,35-40,45-7,36-3,55,43,56,38,15,13,1,0,1,55,0,,46,0,,,0,walked_into_fire,0,44,44,0,-8,11,0.8000,87,0.001304,37,36,fire_reached_bot,0,69,46,23,-22,23,0.5818,,0.123258,,36,fire_reached_bot,0,74,46,28,-27,25,0.5455,,0.314215,36,,fire_reached_bot,0,69,46,23,-22,23,0.5818,,8.616680,-1,36,69,0,46,23,,no_path,0,,Bot1|Bot2|Bot3|Bot4,0,1
287,0.30,75,440,3991210846,343377854,3657,0.650133,514,1363,38-53,25-9,44-54,67,57,19,7,86,64,0,0,1,67,1,67,255,1,67,188,1,button,1,67,67,0,64,0,1.0000,143,0.001803,-1,-1,button,1,67,67,0,64,0,1.0000,143,0.017105,,-1,button,1,67,67,0,64,0,1.0000,143,0.018145,-1,,button,1,67,67,0,64,0,1.0000,143,8.962470,65,65,67,0,0,0,0.4,risk_path,4,Bot1|Bot2|Bot3|Bot4,,1,0
288,0.30,75,440,3830897319,2464422491,3661,0.650844,511,1430,65-37,32-41,39-55,47,37,46,44,33,21,1,0,1,47,0,,80,1,47,33,1,button,1,47,47,0,33,0,1.0000,240,0.001531,-1,-1,button,1,47,47,0,33,0,1.0000,240,0.008586,,-1,button,1,47,47,0,33,0,1.0000,240,0.008938,-1,,button,1,47,47,0,33,0,1.0000,240,4.971311,-1,-1,47,0,0,0,0.4,risk_path,4,Bot1|Bot2|Bot3|Bot4,,1,0
289,0.30,75,440,718415510,2147925118,3645,0.648000,499,1380,34-46,50-13,2-73,57,49,61,59,118,108,0,0,1,57,1,57,333,1,57,276,1,button,1,57,57,0,162,0,1.0000,96,0.001141,-1,-1,button,1,57,57,0,162,0,1.0000,96,0.013552,,-1,button,1,57,57,0,162,0,1.0000,96,0.010253,-1,,button,1,57,57,0,162,0,1.0000,96,7.191853,3,3,57,0,0,0,0.4,risk_path,4,Bot1|Bot2|Bot3|Bot4,,1,0
290,0.30,75,440,3810450922,1091198838,3649,0.648711,509,1393,38-31,8-34,21-59,45,33,45,45,44,38,1,0,1,45,0,,106,1,45,61,1,button,1,45,45,0,50,0,1.0000,223,0.001615,-1,-1,button,1,45,45,0,50,0,1.0000,223,0.009055,,-1,button,1,45,45,0,50,0,1.0000,223,0.007525,-1,,button,1,45,45,0,50,0,1.0000,223,4.175397,-1,-1,45,0,0,0,0.4,risk_path,4,Bot1|Bot2|Bot3|Bot4,,1,0
291,0.30,75,440,488650922,3463263512,3635,0.646222,503,1370,28-52,57-36,37-65,51,45,30,22,53,49,0,0,1,51,1,51,181,1,51,130,1,button,1,51,51,0,68,0,1.0000,87,0.001141,-1,-1,button,1,51,51,0,68,0,1.0000,87,0.008510,,-1,button,1,51,51,0,68,0,1.0000,87,0.008683,-1,,button,1,51,51,0,61,0,1.0000,87,5.984828,1,1,51,0,0,0,0.4,risk_path,4,Bot1|Bot2|Bot3|Bot4,,1,0
292,0.30,75,440,1069063252,2129452804,3641,0.647289,498,1356,46-5,62-39,70-24,56,50,59,43,23,23,1,0,1,56,0,,84,1,56,28,1,button,1,56,56,0,19,0,1.0000,128,0.000947,-1,-1,button,1,56,56,0,19,0,1.0000,128,0.007088,,-1,button,1,56,56,0,19,0,1.0000,128,0.007552,-1,,button,1,56,56,0,11,0,1.0000,128,6.760989,22,22,56,11,11,0,0.99,risk_path,4,Bot1|Bot2|Bot3|Bot4,,1,0
293,0.30,75,440,2939677069,3588486604,3656,0.649956,511,1377,31-9,16-62,11-71,74,68,88,82,14,14,1,0,1,74,0,,27,0,,,0,walked_into_fire,0,63,63,0,-35,11,0.8514,,0.002600,28,28,fire_reached_bot,0,183,27,156,-155,47,0.3649,,0.674707,,-1,fire_reached_bot,0,183,27,156,-155,47,0.3649,,1.413764,-1,,fire_reached_bot,0,183,27,156,-155,47,0.3649,,8.656525,-1,-1,183,0,27,156,,no_path,0,,Bot1|Bot2|Bot3|Bot4,0,1
294,0.30,75,440,3448987124,1070658387,3646,0.648178,504,1370,1-64,0-32,53-31,51,33,87,85,68,54,0,0,1,51,1,51,188,1,51,137,1,button,1,51,51,0,119,0,1.0000,277,0.002152,-1,-1,button,1,51,51,0,119,0,1.0000,277,0.007778,,-1,button,1,51,51,0,119,0,1.0000,277,0.009234,-1,,button,1,51,51,0,119,0,1.0000,277,4.937732,-1,-1,51,0,0,0,0.4,risk_path,4,Bot1|Bot2|Bot3|Bot4,,1,0
295,0.30,75,440,3957383876,3993555280,3636,0.646400,488,1349,43-23,34-19,37-37,15,13,26,20,23,21,0,0,1,15,1,15,62,1,15,47,1,button,1,15,15,0,33,0,1.0000,25,0.000150,-1,-1,button,1,15,15,0,33,0,1.0000,25,0.000467,,-1,button,1,15,15,0,33,0,1.0000,25,0.000500,-1,,button,1,15,15,0,33,0,1.0000,25,0.742592,-1,-1,15,0,0,0,0.4,risk_path,4,Bot1|Bot2|Bot3|Bot4,,1,0
296,0.30,75,440,1682334534,1630947947,3617,0.643022,503,1320,22-65,9-42,33-4,52,36,102,72,66,62,0,0,1,52,1,52,201,1,52,149,1,button,1,52,52,0,148,0,1.0000,185,0.001644,-1,-1,button,1,52,52,0,148,0,1.0000,185,0.009620,,-1,button,1,52,52,0,148,0,1.0000,185,0.013363,-1,,button,1,52,52,0,145,0,1.0000,185,5.521983,47,47,52,0,0,0,0.4,risk_path,4,Bot1|Bot2|Bot3|Bot4,,1,0
297,0.30,75,440,3826954389,2667375914,3627,0.644800,504,1383,45-29,20-58,24-32,58,54,32,24,34,30,1,0,1,58,0,,124,1,58,66,0,walked_into_fire,0,26,26,0,-3,32,0.4483,44,0.000920,24,22,button,1,84,84,0,1,0,1.0000,632,0.021117,,22,button,1,80,80,0,5,0,1.0000,556,0.031696,22,,button,1,58,58,0,27,0,1.0000,258,6.490072,4,4,58,3,0,0,0.8,risk_path,3,Bot2|Bot3|Bot4,Bot1,0,0
298,0.30,75,440,1463647553,2324460761,3676,0.653511,516,1382,7-73,14-7,18-37,113,73,73,47,48,34,1,0,1,113,0,,129,1,115,14,0,fire_reached_bot,0,59,59,0,0,54,0.5221,87,0.002979,52,52,button,1,115,115,0,14,0,1.0000,716,0.093650,,-1,button,1,115,115,0,14,0,1.0000,716,0.099791,-1,,button,1,115,115,0,14,0,1.0000,716,26.518385,92,92,115,14,43,0,0.99,risk_path,3,Bot2|Bot3|Bot4,Bot1,0,0
299,0.30,75,440,290523079,465395590,3655,0.649778,518,1381,69-18,62-58,22-38,57,47,77,67,66,60,0,0,1,57,1,57,185,1,57,128,1,button,1,57,57,0,128,0,1.0000,188,0.001714,-1,-1,button,1,57,57,0,128,0,1.0000,188,0.009638,,-1,button,1,57,57,0,128,0,1.0000,188,0.011079,-1,,button,1,57,57,0,128,0,1.0000,188,5.882922,-1,-1,57,0,0,0,0.4,risk_path,4,Bot1|Bot2|Bot3|Bot4,,1,0
300,0.30,75,440,2918341021,4123951292,3643,0.647644,507,1388,3-20,42-65,72-2,98,84,121,87,103,93,0,0,1,98,1,98,288,1,98,190,1,button,1,98,98,0,182,0,1.0000,192,0.003580,-1,-1,button,1,98,98,0,182,0,1.0000,192,0.057312,,-1,button,1,98,98,0,182,0,1.0000,192,0.064861,-1,,button,1,98,98,0,176,0,1.0000,192,15.305918,17,17,98,0,0,0,0.4,risk_path,4,Bot1|Bot2|Bot3|Bot4,,1,0
301,0.30,75,440,1819333381,488089373,3635,0.646222,494,1346,46-31,45-39,54-54,11,9,35,31,24,24,0,0,1,11,1,11,84,1,11,73,1,button,1,11,11,0,73,0,1.0000,7,0.000094,-1,-1,button,1,11,11,0,73,0,1.0000,7,0.000243,,-1,button,1,11,11,0,73,0,1.0000,7,0.000263,-1,,button,1,11,11,0,73,0,1.0000,7,0.266700,-1,-1,11,0,0,0,0.4,risk_path,4,Bot1|Bot2|Bot3|Bot4,,1,0
302,0.30,75,440,1770019578,3777455532,3626,0.644622,501,1376,59-48,49-47,28-6,21,11,73,73,64,62,0,0,1,21,1,21,169,1,21,148,1,button,1,21,21,0,148,0,1.0000,22,0.000259,-1,-1,button,1,21,21,0,148,0,1.0000,22,0.000958,,-1,button,1,21,21,0,148,0,1.0000,22,0.001022,-1,,button,1,21,21,0,148,0,1.0000,22,0.777101,8,8,21,0,0,0,0.4,risk_path,4,Bot1|Bot2|Bot3|Bot4,,1,0
303,0.30,75,440,1560084379,2039133605,3629,0.645156,497,1345,39-25,1-70,74-53,97,83,69,63,96,90,1,0,1,97,0,,280,1,97,183,1,button,1,97,97,0,119,0,1.0000,533,0.006996,-1,-1,button,1,97,97,0,119,0,1.0000,533,0.052047,,-1,button,1,97,97,0,119,0,1.0000,533,0.058471,-1,,button,1,97,97,0,119,0,1.0000,533,17.304180,-1,-1,97,0,0,0,0.4,risk_path,4,Bot1|Bot2|Bot3|Bot4,,1,0
304,0.30,75,440,3262132408,1721014697,3658,0.650311,496,1385,65-54,0-53,27-37,96,66,59,55,49,43,1,0,1,96,0,,129,1,100,29,0,walked_into_fire,0,70,70,0,-2,26,0.7292,361,0.004086,69,69,button,1,102,102,0,5,0,1.0000,930,0.060781,,-1,button,1,102,102,0,5,0,1.0000,930,0.072216,-1,,button,1,100,100,0,15,0,1.0000,893,20.299042,55,55,100,32,41,0,0.99,risk_path,3,Bot2|Bot3|Bot4,Bot1,0,0
305,0.30,75,440,77630353,3086096505,3634,0.646044,490,1370,32-73,64-44,11-31,65,61,67,63,74,66,0,0,1,65,1,65,212,1,65,147,1,button,1,65,65,0,123,0,1.0000,351,0.002731,-1,-1,button,1,65,65,0,123,0,1.0000,351,0.012275,,-1,button,1,65,65,0,123,0,1.0000,351,0.016732,-1,,button,1,65,65,0,123,0,1.0000,351,8.218698,9,9,65,0,0,0,0.4,risk_path,4,Bot1|Bot2|Bot3|Bot4,,1,0
306,0.30,75,440,3978666814,258631395,3644,0.647822,494,1394,3-14,7-13,33-47,15,5,73,63,68,60,0,0,1,15,1,15,181,1,15,166,1,button,1,15,15,0,166,0,1.0000,20,0.000159,-1,-1,button,1,15,15,0,166,0,1.0000,20,0.000576,,-1,button,1,15,15,0,166,0,1.0000,20,0.000548,-1,,button,1,15,15,0,166,0,1.0000,20,0.866524,-1,-1,15,0,0,0,0.4,risk_path,4,Bot1|Bot2|Bot3|Bot4,,1,0
307,0.30,75,440,1680995527,3003881739,3653,0.649422,507,1391,65-55,74-12,61-23,66,52,44,36,24,24,1,0,1,66,0,,72,0,,,0,fire_reached_bot,0,32,32,0,0,34,0.4848,75,0.001065,30,29,fire_reached_bot,0,81,64,17,-8,50,0.2424,,0.145315,,29,fire_reached_bot,0,78,64,14,-5,48,0.2727,,0.205353,29,,fire_reached_bot,0,81,64,17,-8,50,0.2424,,19.129927,-1,29,81,0,64,17,,no_path,0,,Bot1|Bot2|Bot3|Bot4,0,1
308,0.30,75,440,3117523694,2309348517,3656,0.649956,515,1390,15-41,1-38,23-35,31,17,14,14,39,25,0,0,1,31,1,31,123,1,31,92,1,button,1,31,31,0,38,0,1.0000,99,0.000734,-1,-1,button,1,31,31,0,38,0,1.0000,99,0.002271,,-1,button,1,31,31,0,38,0,1.0000,99,0.002316,-1,,button,1,31,31,0,38,0,1.0000,99,1.629486,-1,-1,31,0,0,0,0.4,risk_path,4,Bot1|Bot2|Bot3|Bot4,,1,0
309,0.30,75,440,2835355592,297263676,3627,0.644800,500,1373,11-50,68-37,68-60,86,70,97,67,41,23,1,0,1,86,0,,122,1,86,36,1,button,1,86,86,0,28,0,1.0000,260,0.004795,-1,-1,button,1,86,86,0,28,0,1.0000,260,0.030782,,-1,button,1,86,86,0,28,0,1.0000,260,0.034553,-1,,button,1,86,86,0,27,0,1.0000,260,16.862855,52,52,86,10,17,0,0.99,risk_path,4,Bot1|Bot2|Bot3|Bot4,,1,0
310,0.30,75,440,2898697772,2994729344,3622,0.643911,510,1334,29-24,19-52,44-21,56,38,22,18,58,56,0,0,1,56,1,56,165,1,56,109,1,button,1,56,56,0,60,0,1.0000,270,0.002314,-1,-1,button,1,56,56,0,60,0,1.0000,270,0.015609,,-1,button,1,56,56,0,60,0,1.0000,270,0.017267,-1,,button,1,56,56,0,60,0,1.0000,270,6.475212,-1,-1,56,0,0,0,0.4,risk_path,4,Bot1|Bot2|Bot3|Bot4,,1,0
311,0.30,75,440,1005567868,222496869,3643,0.647644,506,1381,16-45,13-59,40-62,35,17,65,41,50,30,0,0,1,35,1,35,140,1,35,105,1,button,1,35,35,0,105,0,1.0000,71,0.000503,-1,-1,button,1,35,35,0,105,0,1.0000,71,0.003133,,-1,button,1,35,35,0,105,0,1.0000,71,0.003146,-1,,button,1,35,35,0,105,0,1.0000,71,2.746025,-1,-1,35,0,0,0,0.4,risk_path,4,Bot1|Bot2|Bot3|Bot4,,1,0
312,0.30,75,440,3042795674,2137903543,3656,0.649956,523,1394,37-7,45-46,3-20,65,47,55,47,74,68,0,0,1,65,1,65,226,1,65,161,1,button,1,65,65,0,109,0,1.0000,209,0.001658,-1,-1,button,1,65,65,0,109,0,1.0000,209,0.011314,,-1,button,1,65,65,0,109,0,1.0000,209,0.011853,-1,,button,1,65,65,0,113,0,1.0000,209,8.346742,39,39,65,0,0,0,0.4,risk_path,4,Bot1|Bot2|Bot3|Bot4,,1,0
313,0.30,75,440,1246630585,1554748669,3644,0.647822,515,1381,70-15,74-36,60-13,39,25,58,12,53,37,0,0,1,39,1,39,145,1,39,106,1,button,1,39,39,0,85,0,1.0000,61,0.000698,-1,-1,button,1,39,39,0,85,0,1.0000,61,0.004461,,-1,button,1,39,39,0,85,0,1.0000,61,0.004729,-1,,button,1,39,39,0,85,0,1.0000,61,3.626730,25,25,39,0,0,0,0.4,risk_path,4,Bot1|Bot2|Bot3|Bot4,,1,0
314,0.30,75,440,2358439391,771830428,3651,0.649067,506,1369,54-13,45-40,7-28,40,36,82,62,62,50,0,0,1,40,1,40,200,1,40,160,1,button,1,40,40,0,156,0,1.0000,68,0.000515,-1,-1,button,1,40,40,0,156,0,1.0000,68,0.003158,,-1,button,1,40,40,0,156,0,1.0000,68,0.003700,-1,,button,1,40,40,0,156,0,1.0000,68,3.364148,-1,-1,40,0,0,0,0.4,risk_path,4,Bot1|Bot2|Bot3|Bot4,,1,0
315,0.30,75,440,773523320,1401553363,3618,0.643200,495,1376,24-48,24-35,13-9,19,13,58,50,53,37,0,0,1,19,1,19,181,1,19,162,1,button,1,19,19,0,147,0,1.0000,44,0.000253,-1,-1,button,1,19,19,0,147,0,1.0000,44,0.000831,,-1,button,1,19,19,0,147,0,1.0000,44,0.001080,-1,,button,1,19,19,0,147,0,1.0000,44,0.780549,6,6,19,0,0,0,0.4,risk_path,4,Bot1|Bot2|Bot3|Bot4,,1,0
316,0.30,75,440,1738134723,2008269550,3615,0.642667,493,1361,13-28,74-55,16-9,92,88,34,22,108,104,0,0,1,92,1,92,333,1,92,241,1,button,1,92,92,0,100,0,1.0000,359,0.003753,-1,-1,button,1,92,92,0,100,0,1.0000,359,0.034939,,-1,button,1,92,92,0,100,0,1.0000,359,0.043213,-1,,button,1,92,92,0,100,0,1.0000,359,16.235314,15,15,92,0,0,0,0.4,risk_path,4,Bot1|Bot2|Bot3|Bot4,,1,0
317,0.30,75,440,979263756,953799673,3669,0.652267,502,1402,13-59,8-50,29-50,16,14,31,25,31,21,0,0,1,16,1,16,102,1,16,86,1,button,1,16,16,0,75,0,1.0000,20,0.000154,-1,-1,button,1,16,16,0,75,0,1.0000,20,0.000456,,-1,button,1,16,16,0,75,0,1.0000,20,0.000502,-1,,button,1,16,16,0,75,0,1.0000,20,0.501147,-1,-1,16,0,0,0,0.4,risk_path,4,Bot1|Bot2|Bot3|Bot4,,1,0
318,0.30,75,440,1739095726,662417193,3613,0.642311,484,1308,66-39,40-23,28-18,42,42,59,59,17,17,1,0,1,42,0,,49,1,42,7,1,button,1,42,42,0,7,0,1.0000,135,0.000936,-1,-1,button,1,42,42,0,7,0,1.0000,135,0.003987,,-1,button,1,42,42,0,7,0,1.0000,135,0.004941,-1,,button,1,42,42,0,7,0,1.0000,135,3.861911,-1,-1,42,13,17,0,0.99,risk_path,4,Bot1|Bot2|Bot3|Bot4,,1,0
319,0.30,75,440,868483726,487361327,3650,0.648889,508,1404,55-23,16-9,32-68,67,53,68,68,83,75,0,0,1,67,1,67,226,1,67,159,1,button,1,67,67,0,159,0,1.0000,432,0.003846,-1,-1,button,1,67,67,0,159,0,1.0000,432,0.019711,,-1,button,1,67,67,0,159,0,1.0000,432,0.026514,-1,,button,1,67,67,0,159,0,1.0000,432,9.615548,-1,-1,67,0,0,0,0.4,risk_path,4,Bot1|Bot2|Bot3|Bot4,,1,0
320,0.30,75,440,780381394,1436591598,3617,0.643022,490,1335,61-29,72-65,25-35,67,47,64,42,83,77,0,0,1,67,1,67,270,1,67,203,1,button,1,67,67,0,161,0,1.0000,490,0.005456,-1,-1,button,1,67,67,0,161,0,1.0000,490,0.020717,,-1,button,1,67,67,0,161,0,1.0000,490,0.025146,-1,,button,1,67,67,0,165,0,1.0000,490,8.520721,9,9,67,0,0,0,0.4,risk_path,4,Bot1|Bot2|Bot3|Bot4,,1,0
321,0.30,75,440,3438593776,3903306868,3635,0.646222,502,1352,60-59,50-8,12-9,89,61,106,98,51,39,1,0,1,89,0,,138,1,89,49,1,button,1,89,89,0,49,0,1.0000,566,0.010138,-1,-1,button,1,89,89,0,49,0,1.0000,566,0.037770,,-1,button,1,89,89,0,49,0,1.0000,566,0.050058,-1,,button,1,89,89,0,49,0,1.0000,566,16.071856,-1,-1,89,0,0,0,0.4,risk_path,4,Bot1|Bot2|Bot3|Bot4,,1,0
322,0.30,75,440,3986935069,3858830174,3609,0.641600,489,1337,31-41,40-34,16-58,18,16,38,32,56,48,0,0,1,18,1,18,142,1,18,124,1,button,1,18,18,0,86,0,1.0000,26,0.000321,-1,-1,button,1,18,18,0,86,0,1.0000,26,0.000723,,-1,button,1,18,18,0,86,0,1.0000,26,0.001069,-1,,button,1,18,18,0,86,0,1.0000,26,0.620903,4,4,18,0,0,0,0.4,risk_path,4,Bot1|Bot2|Bot3|Bot4,,1,0
323,0.30,75,440,509776406,2567658253,3634,0.646044,501,1378,47-21,69-44,53-74,53,45,81,59,48,46,1,0,1,53,0,,166,1,53,113,1,button,1,53,53,0,108,0,1.0000,61,0.001752,-1,-1,button,1,53,53,0,108,0,1.0000,61,0.008532,,-1,button,1,53,53,0,108,0,1.0000,61,0.014580,-1,,button,1,53,53,0,108,0,1.0000,61,6.140393,35,35,53,0,0,0,0.4,risk_path,4,Bot1|Bot2|Bot3|Bot4,,1,0
324,0.30,75,440,1895927736,3210878789,3644,0.647822,498,1357,21-58,33-29,37-60,47,41,24,18,53,35,0,0,1,47,1,47,155,1,47,108,1,button,1,47,47,0,61,0,1.0000,131,0.001877,-1,-1,button,1,47,47,0,61,0,1.0000,131,0.007405,,-1,button,1,47,47,0,61,0,1.0000,131,0.012573,-1,,button,1,47,47,0,58,0,1.0000,131,4.515878,1,1,47,0,0,0,0.4,risk_path,4,Bot1|Bot2|Bot3|Bot4,,1,0
325,0.30,75,440,75942277,1867417450,3633,0.645867,498,1373,42-69,9-37,54-41,67,65,52,40,73,49,0,0,1,67,1,67,225,1,67,158,1,button,1,67,67,0,125,0,1.0000,278,0.003921,-1,-1,button,1,67,67,0,125,0,1.0000,278,0.012007,,-1,button,1,67,67,0,125,0,1.0000,278,0.017281,-1,,button,1,67,67,0,125,0,1.0000,278,8.819416,-1,-1,67,0,0,0,0.4,risk_path,4,Bot1|Bot2|Bot3|Bot4,,1,0
326,0.30,75,440,4250529820,1484301454,3643,0.647644,502,1368,33-23,2-23,69-51,49,31,74,64,107,95,0,0,1,49,1,49,262,1,49,213,1,button,1,49,49,0,178,0,1.0000,184,0.002775,-1,-1,button,1,49,49,0,178,0,1.0000,184,0.008259,,-1,button,1,49,49,0,178,0,1.0000,184,0.011314,-1,,button,1,49,49,0,178,0,1.0000,184,5.482093,-1,-1,49,0,0,0,0.4,risk_path,4,Bot1|Bot2|Bot3|Bot4,,1,0
327,0.30,75,440,3071567326,2258578127,3628,0.644978,495,1351,17-29,32-6,61-47,52,38,68,62,86,70,0,0,1,52,1,52,219,1,52,167,1,button,1,52,52,0,125,0,1.0000,258,0.003792,-1,-1,button,1,52,52,0,125,0,1.0000,258,0.013376,,-1,button,1,52,52,0,125,0,1.0000,258,0.015635,-1,,button,1,52,52,0,125,0,1.0000,258,5.247075,-1,-1,52,0,0,0,0.4,risk_path,4,Bot1|Bot2|Bot3|Bot4,,1,0
328,0.30,75,440,407302120,1091993989,3642,0.647467,494,1375,69-30,27-56,9-73,68,68,105,103,41,35,1,0,1,68,0,,121,1,68,53,1,button,1,68,68,0,43,0,1.0000,204,0.003632,-1,-1,button,1,68,68,0,43,0,1.0000,204,0.012734,,-1,button,1,68,68,0,43,0,1.0000,204,0.019509,-1,,button,1,68,68,0,43,0,1.0000,204,9.483927,-1,-1,68,0,0,0,0.4,risk_path,4,Bot1|Bot2|Bot3|Bot4,,1,0
329,0.30,75,440,403694093,443635467,3638,0.646756,512,1379,43-13,3-72,5-9,105,99,52,42,99,65,1,0,1,105,0,,290,1,105,185,1,button,1,105,105,0,81,0,1.0000,504,0.012859,-1,-1,button,1,105,105,0,81,0,1.0000,504,0.048146,,-1,button,1,105,105,0,81,0,1.0000,504,0.063827,-1,,button,1,105,105,0,81,0,1.0000,504,21.531779,-1,-1,105,0,0,0,0.4,risk_path,4,Bot1|Bot2|Bot3|Bot4,,1,0
330,0.30,75,440,2933929372,24815168,3657,0.650133,506,1413,16-47,12-13,7-1,58,38,71,55,21,17,1,0,1,58,0,,63,0,,,0,walked_into_fire,0,57,57,0,-2,1,0.9828,138,0.003221,56,56,fire_reached_bot,0,61,55,6,0,3,0.9483,160,0.051446,,-1,fire_reached_bot,0,61,55,6,0,3,0.9483,160,0.090681,-1,,fire_reached_bot,0,61,55,6,0,3,0.9483,160,7.945000,-1,-1,61,18,36,6,0.99,no_path,0,,Bot1|Bot2|Bot3|Bot4,0,1
331,0.30,75,440,571489985,3669167757,3662,0.651022,499,1410,27-33,16-4,24-50,66,40,26,20,70,54,0,0,1,66,1,66,253,1,66,187,1,button,1,66,66,0,69,0,1.0000,435,0.006700,-1,-1,button,1,66,66,0,69,0,1.0000,435,0.017143,,-1,button,1,66,66,0,69,0,1.0000,435,0.020884,-1,,button,1,66,66,0,69,0,1.0000,435,9.019664,-1,-1,66,0,0,0,0.4,risk_path,4,Bot1|Bot2|Bot3|Bot4,,1,0
332,0.30,75,440,2718824820,2814868908,3642,0.647467,500,1367,69-72,7-71,1-31,107,63,123,109,68,46,1,0,1,107,0,,199,1,107,92,1,button,1,107,107,0,92,0,1.0000,431,0.006476,-1,-1,button,1,107,107,0,92,0,1.0000,431,0.056594,,-1,button,1,107,107,0,92,0,1.0000,431,0.074247,-1,,button,1,107,107,0,92,0,1.0000,431,22.418883,-1,-1,107,0,0,0,0.4,risk_path,4,Bot1|Bot2|Bot3|Bot4,,1,0
333,0.30,75,440,1458069241,3379700867,3616,0.642844,488,1368,54-44,9-44,37-18,71,45,51,43,70,54,1,0,1,71,0,,178,1,71,107,1,button,1,71,71,0,78,0,1.0000,459,0.004021,-1,-1,button,1,71,71,0,78,0,1.0000,459,0.027772,,-1,button,1,71,71,0,78,0,1.0000,459,0.035255,-1,,button,1,71,71,0,78,0,1.0000,459,10.100029,-1,-1,71,0,0,0,0.4,risk_path,4,Bot1|Bot2|Bot3|Bot4,,1,0
334,0.30,75,440,110822976,411924728,3637,0.646578,500,1351,9-14,47-13,64-72,57,39,113,113,90,76,0,0,1,57,1,57,216,1,57,159,1,button,1,57,57,0,156,0,1.0000,163,0.001517,-1,-1,button,1,57,57,0,156,0,1.0000,163,0.008744,,-1,button,1,57,57,0,156,0,1.0000,163,0.009436,-1,,button,1,57,57,0,156,0,1.0000,163,7.242598,30,30,57,0,0,0,0.4,risk_path,4,Bot1|Bot2|Bot3|Bot4,,1,0
335,0.30,75,440,3526644172,994635310,3650,0.648889,506,1412,56-5,54-63,8-20,98,60,75,63,97,89,1,0,1,98,0,,244,1,98,146,1,button,1,98,98,0,135,0,1.0000,631,0.007675,-1,-1,button,1,98,98,0,135,0,1.0000,631,0.066773,,-1,button,1,98,98,0,135,0,1.0000,631,0.073496,-1,,button,1,98,98,0,135,0,1.0000,631,18.144398,-1,-1,98,0,0,0,0.4,risk_path,4,Bot1|Bot2|Bot3|Bot4,,1,0
336,0.30,75,440,1087217453,2269991397,3621,0.643733,494,1334,22-61,69-15,6-53,93,93,28,24,111,101,0,0,1,93,1,93,311,1,93,218,1,button,1,93,93,0,77,0,1.0000,504,0.005082,-1,-1,button,1,93,93,0,77,0,1.0000,504,0.027920,,-1,button,1,93,93,0,77,0,1.0000,504,0.031630,-1,,button,1,93,93,0,77,0,1.0000,504,16.297077,9,9,93,0,0,0,0.4,risk_path,4,Bot1|Bot2|Bot3|Bot4,,1,0
337,0.30,75,440,4182190525,591908680,3630,0.645333,507,1374,56-6,63-6,60-53,15,7,63,51,64,50,0,0,1,15,1,15,180,1,15,165,1,button,1,15,15,0,165,0,1.0000,28,0.000171,-1,-1,button,1,15,15,0,165,0,1.0000,28,0.000647,,-1,button,1,15,15,0,165,0,1.0000,28,0.000536,-1,,button,1,15,15,0,165,0,1.0000,28,0.453352,1,1,15,0,0,0,0.4,risk_path,4,Bot1|Bot2|Bot3|Bot4,,1,0
338,0.30,75,440,131814599,1043486984,3657,0.650133,523,1389,39-55,70-4,56-15,84,82,63,57,25,25,1,0,1,84,0,,51,0,,,0,walked_into_fire,0,58,58,0,-9,26,0.6905,,0.002744,40,40,fire_reached_bot,0,81,39,42,-29,45,0.4643,,0.202276,,-1,fire_reached_bot,0,81,39,42,-29,45,0.4643,,0.413836,-1,,fire_reached_bot,0,81,39,42,-29,45,0.4643,,11.943629,-1,-1,81,0,39,42,,no_path,0,,Bot1|Bot2|Bot3|Bot4,0,1
339,0.30,75,440,1857643394,677001930,3667,0.651911,510,1436,66-71,67-49,25-46,29,23,70,66,57,45,0,0,1,29,1,29,182,1,29,153,1,button,1,29,29,0,153,0,1.0000,25,0.000315,-1,-1,button,1,29,29,0,153,0,1.0000,25,0.001693,,-1,button,1,29,29,0,153,0,1.0000,25,0.001714,-1,,button,1,29,29,0,153,0,1.0000,25,1.841459,20,20,29,0,0,0,0.4,risk_path,4,Bot1|Bot2|Bot3|Bot4,,1,0
340,0.30,75,440,3864308138,3978975570,3644,0.647822,513,1385,10-9,61-25,64-45,83,67,100,90,27,23,1,0,1,83,0,,112,1,83,29,1,button,1,83,83,0,27,0,1.0000,580,0.005378,-1,-1,button,1,83,83,0,27,0,1.0000,580,0.039391,,-1,button,1,83,83,0,27,0,1.0000,580,0.048508,-1,,button,1,83,83,0,27,0,1.0000,580,14.650326,65,65,83,8,48,0,0.99,risk_path,4,Bot1|Bot2|Bot3|Bot4,,1,0
341,0.30,75,440,3005494717,346531541,3669,0.652267,514,1446,23-73,11-56,43-56,29,29,51,37,56,32,0,0,1,29,1,29,155,1,29,126,1,button,1,29,29,0,124,0,1.0000,25,0.000280,-1,-1,button,1,29,29,0,124,0,1.0000,25,0.001686,,-1,button,1,29,29,0,124,0,1.0000,25,0.002025,-1,,button,1,29,29,0,124,0,1.0000,25,1.517640,-1,-1,29,0,0,0,0.4,risk_path,4,Bot1|Bot2|Bot3|Bot4,,1,0
342,0.30,75,440,2387691047,1277799577,3628,0.644978,496,1375,63-32,0-59,64-69,110,90,48,38,108,74,1,0,1,110,0,,329,1,110,219,1,button,1,110,110,0,105,0,1.0000,533,0.008824,-1,-1,button,1,110,110,0,105,0,1.0000,533,0.094744,,-1,button,1,110,110,0,105,0,1.0000,533,0.116864,-1,,button,1,110,110,0,105,0,1.0000,533,19.010415,80,80,110,0,0,0,0.4,risk_path,4,Bot1|Bot2|Bot3|Bot4,,1,0
343,0.30,75,440,909155234,2602241716,3644,0.647822,500,1364,16-23,49-50,35-2,60,60,42,40,74,62,0,0,1,60,1,60,216,1,60,156,1,button,1,60,60,0,115,0,1.0000,100,0.001017,-1,-1,button,1,60,60,0,115,0,1.0000,100,0.007455,,-1,button,1,60,60,0,115,0,1.0000,100,0.008272,-1,,button,1,60,60,0,115,0,1.0000,100,7.136683,1,1,60,0,0,0,0.4,risk_path,4,Bot1|Bot2|Bot3|Bot4,,1,0
344,0.30,75,440,3582665592,3009362077,3649,0.648711,507,1382,35-73,60-54,29-72,46,44,9,7,55,49,0,0,1,46,1,46,178,1,46,132,1,button,1,46,46,0,36,0,1.0000,85,0.001206,-1,-1,button,1,46,46,0,36,0,1.0000,85,0.005228,,-1,button,1,46,46,0,36,0,1.0000,85,0.005513,-1,,button,1,46,46,0,36,0,1.0000,85,4.688872,-1,-1,46,0,0,0,0.4,risk_path,4,Bot1|Bot2|Bot3|Bot4,,1,0
345,0.30,75,440,2398338138,2828610287,3658,0.650311,518,1407,57-10,11-57,39-61,101,93,79,69,44,32,1,0,1,101,0,,119,1,101,18,1,button,1,101,101,0,18,0,1.0000,706,0.008268,-1,-1,button,1,101,101,0,18,0,1.0000,706,0.052657,,-1,button,1,101,101,0,18,0,1.0000,706,0.063218,-1,,button,1,101,101,0,18,0,1.0000,706,21.638036,-1,-1,101,13,32,0,0.99,risk_path,4,Bot1|Bot2|Bot3|Bot4,,1,0
346,0.30,75,440,1634039232,257003492,3623,0.644089,481,1315,15-50,50-34,67-55,55,51,73,57,58,38,0,0,1,55,1,55,180,1,55,125,1,button,1,55,55,0,113,0,1.0000,107,0.001241,-1,-1,button,1,55,55,0,113,0,1.0000,107,0.007519,,-1,button,1,55,55,0,113,0,1.0000,107,0.009323,-1,,button,1,55,55,0,109,0,1.0000,107,6.452383,9,9,55,0,0,0,0.4,risk_path,4,Bot1|Bot2|Bot3|Bot4,,1,0
347,0.30,75,440,2513077685,551885425,3649,0.648711,526,1370,16-2,51-8,61-32,45,41,77,75,40,34,1,0,1,45,0,,119,1,45,74,1,button,1,45,45,0,67,0,1.0000,196,0.002265,-1,-1,button,1,45,45,0,67,0,1.0000,196,0.004595,,-1,button,1,45,45,0,67,0,1.0000,196,0.006414,-1,,button,1,45,45,0,67,0,1.0000,196,4.686837,-1,-1,45,0,0,0,0.4,risk_path,4,Bot1|Bot2|Bot3|Bot4,,1,0
348,0.30,75,440,2812461286,2193935649,3611,0.641956,483,1301,15-34,23-68,70-39,52,42,84,60,90,76,0,0,1,52,1,52,296,1,52,244,1,button,1,52,52,0,188,0,1.0000,120,0.001352,-1,-1,button,1,52,52,0,188,0,1.0000,120,0.009134,,-1,button,1,52,52,0,188,0,1.0000,120,0.011272,-1,,button,1,52,52,0,188,0,1.0000,120,5.411093,5,5,52,0,0,0,0.4,risk_path,4,Bot1|Bot2|Bot3|Bot4,,1,0
349,0.30,75,440,1831191962,3675714604,3639,0.646933,513,1405,21-49,42-73,62-57,47,45,61,49,38,36,1,0,1,47,0,,118,1,47,71,1,button,1,47,47,0,68,0,1.0000,148,0.001254,-1,-1,button,1,47,47,0,68,0,1.0000,148,0.006713,,-1,button,1,47,47,0,68,0,1.0000,148,0.007787,-1,,button,1,47,47,0,68,0,1.0000,148,4.372239,6,6,47,0,0,0,0.4,risk_path,4,Bot1|Bot2|Bot3|Bot4,,1,0
350,0.30,75,440,2219431423,1820989950,3664,0.651378,510,1364,40-51,48-66,2-54,35,23,61,41,64,58,0,0,1,35,1,35,165,1,35,130,1,button,1,35,35,0,107,0,1.0000,66,0.000474,-1,-1,button,1,35,35,0,107,0,1.0000,66,0.002728,,-1,button,1,35,35,0,107,0,1.0000,66,0.004910,-1,,button,1,35,35,0,107,0,1.0000,66,2.838285,9,9,35,0,0,0,0.4,risk_path,4,Bot1|Bot2|Bot3|Bot4,,1,0
351,0.30,75,440,509892709,3321225519,3631,0.645511,492,1334,68-20,35-61,33-59,76,74,84,74,8,4,1,0,1,76,0,,45,0,,,0,walked_into_fire,0,70,70,0,-24,6,0.9211,,0.001160,46,46,fire_reached_bot,0,140,45,95,-94,31,0.5921,,0.453344,,-1,fire_reached_bot,0,140,45,95,-94,31,0.5921,,0.961597,-1,,fire_reached_bot,0,140,45,95,-94,31,0.5921,,12.107933,-1,-1,140,0,45,95,,no_path,0,,Bot1|Bot2|Bot3|Bot4,0,1
352,0.30,75,440,410674036,2790386272,3625,0.644444,506,1354,26-67,69-15,65-27,97,95,79,79,18,16,1,0,1,97,0,,48,0,,,0,walked_into_fire,0,58,58,0,-9,39,0.5979,,0.002763,39,39,fire_reached_bot,0,118,48,70,-69,51,0.4742,,0.372104,,-1,fire_reached_bot,0,118,48,70,-69,51,0.4742,,0.657729,-1,,fire_reached_bot,0,118,48,70,-69,51,0.4742,,18.162690,-1,-1,118,0,48,70,,no_path,0,,Bot1|Bot2|Bot3|Bot4,0,1
353,0.30,75,440,43560433,194753494,3664,0.651378,509,1414,18-45,35-35,14-41,29,27,10,8,31,27,0,0,1,29,1,29,82,1,29,53,1,button,1,29,29,0,15,0,1.0000,70,0.000442,-1,-1,button,1,29,29,0,15,0,1.0000,70,0.001853,,-1,button,1,29,29,0,15,0,1.0000,70,0.002077,-1,,button,1,29,29,0,15,0,1.0000,70,2.120838,13,13,29,0,0,0,0.4,risk_path,4,Bot1|Bot2|Bot3|Bot4,,1,0
354,0.30,75,440,4123683559,484405637,3632,0.645689,495,1346,35-23,17-71,73-61,72,66,80,76,106,66,0,0,1,72,1,72,273,1,72,201,1,button,1,72,72,0,119,0,1.0000,266,0.002776,-1,-1,button,1,72,72,0,119,0,1.0000,266,0.021284,,-1,button,1,72,72,0,119,0,1.0000,266,0.024788,-1,,button,1,72,72,0,119,0,1.0000,266,10.642734,-1,-1,72,0,0,0,0.4,risk_path,4,Bot1|Bot2|Bot3|Bot4,,1,0
355,0.30,75,440,2102547529,3795932170,3646,0.648178,505,1407,50-36,69-58,9-56,41,41,71,61,84,62,0,0,1,41,1,41,234,1,41,193,1,button,1,41,41,0,165,0,1.0000,200,0.001092,-1,-1,button,1,41,41,0,165,0,1.0000,200,0.004161,,-1,button,1,41,41,0,165,0,1.0000,200,0.007441,-1,,button,1,41,41,0,165,0,1.0000,200,3.577177,22,22,41,0,0,0,0.4,risk_path,4,Bot1|Bot2|Bot3|Bot4,,1,0
356,0.30,75,440,1989372477,1712784801,3669,0.652267,524,1424,21-34,59-12,66-55,66,60,78,66,60,50,1,0,1,66,0,,183,1,66,117,1,button,1,66,66,0,101,0,1.0000,348,0.003111,-1,-1,button,1,66,66,0,101,0,1.0000,348,0.013931,,-1,button,1,66,66,0,101,0,1.0000,348,0.020624,-1,,button,1,66,66,0,101,0,1.0000,348,9.182102,1,1,66,0,0,0,0.4,risk_path,4,Bot1|Bot2|Bot3|Bot4,,1,0
357,0.30,75,440,3146175691,832631895,3635,0.646222,504,1390,18-0,68-9,10-61,87,59,87,69,126,110,0,0,1,87,1,87,352,1,87,265,1,button,1,87,87,0,202,0,1.0000,569,0.005216,-1,-1,button,1,87,87,0,202,0,1.0000,569,0.044284,,-1,button,1,87,87,0,202,0,1.0000,569,0.045997,-1,,button,1,87,87,0,202,0,1.0000,569,15.328519,2,2,87,0,0,0,0.4,risk_path,4,Bot1|Bot2|Bot3|Bot4,,1,0
358,0.30,75,440,619419441,2208452547,3652,0.649244,505,1413,54-66,47-12,11-43,71,61,70,66,77,67,0,0,1,71,1,71,209,1,71,138,1,button,1,71,71,0,93,0,1.0000,516,0.004076,-1,-1,button,1,71,71,0,93,0,1.0000,516,0.016945,,-1,button,1,71,71,0,93,0,1.0000,516,0.023427,-1,,button,1,71,71,0,93,0,1.0000,516,9.984200,-1,-1,71,0,0,0,0.4,risk_path,4,Bot1|Bot2|Bot3|Bot4,,1,0
359,0.30,75,440,1223795627,3036548846,3649,0.648711,506,1394,57-7,12-54,8-43,92,92,87,85,21,15,1,0,1,92,0,,64,0,,,0,walked_into_fire,0,63,63,0,-5,29,0.6848,267,0.002505,58,58,fire_reached_bot,0,86,61,25,-21,31,0.6630,,0.174140,,-1,fire_reached_bot,0,86,61,25,-21,31,0.6630,,0.311489,-1,,fire_reached_bot,0,86,61,25,-21,31,0.6630,,18.624115,-1,-1,86,0,61,25,,no_path,0,,Bot1|Bot2|Bot3|Bot4,0,1
360,0.30,75,440,579359964,1186995808,3635,0.646222,507,1379,22-42,54-3,35-52,77,71,23,23,78,68,0,0,1,77,1,77,225,1,77,148,1,button,1,77,77,0,33,0,1.0000,527,0.004336,-1,-1,button,1,77,77,0,33,0,1.0000,527,0.019304,,-1,button,1,77,77,0,33,0,1.0000,527,0.026580,-1,,button,1,77,77,0,33,0,1.0000,527,11.318610,21,21,77,0,0,0,0.4,risk_path,4,Bot1|Bot2|Bot3|Bot4,,1,0
361,0.30,75,440,2365814492,1911836688,3652,0.649244,497,1410,17-70,13-44,49-34,44,30,72,68,52,46,0,0,1,44,1,44,183,1,44,139,1,button,1,44,44,0,131,0,1.0000,112,0.000927,-1,-1,button,1,44,44,0,131,0,1.0000,112,0.005731,,-1,button,1,44,44,0,131,0,1.0000,112,0.007436,-1,,button,1,44,44,0,131,0,1.0000,112,4.742301,-1,-1,44,0,0,0,0.4,risk_path,4,Bot1|Bot2|Bot3|Bot4,,1,0
362,0.30,75,440,1556033072,2435529583,3641,0.647289,503,1362,41-9,37-54,29-58,73,49,81,61,12,12,1,0,1,73,0,,28,0,,,0,walked_into_fire,0,63,63,0,-34,10,0.8630,,0.002474,29,29,fire_reached_bot,0,146,28,118,-117,45,0.3836,,0.567191,,-1,fire_reached_bot,0,146,28,118,-117,45,0.3836,,1.108590,-1,,fire_reached_bot,0,146,28,118,-117,45,0.3836,,8.729238,-1,-1,146,0,28,118,,no_path,0,,Bot1|Bot2|Bot3|Bot4,0,1
363,0.30,75,440,4172303545,2847709414,3659,0.650489,521,1372,18-5,16-3,65-55,4,4,97,97,101,101,0,0,1,4,1,4,277,1,4,273,1,button,1,4,4,0,265,0,1.0000,4,0.000041,-1,-1,button,1,4,4,0,265,0,1.0000,4,0.000093,,-1,button,1,4,4,0,265,0,1.0000,4,0.000103,-1,,button,1,4,4,0,265,0,1.0000,4,0.081629,-1,-1,4,0,0,0,0.4,risk_path,4,Bot1|Bot2|Bot3|Bot4,,1,0
364,0.30,75,440,2579275816,973970230,3634,0.646044,504,1359,6-44,19-58,62-43,33,27,91,57,60,58,0,0,1,33,1,33,175,1,33,142,1,button,1,33,33,0,137,0,1.0000,97,0.000588,-1,-1,button,1,33,33,0,137,0,1.0000,97,0.002412,,-1,button,1,33,33,0,137,0,1.0000,97,0.003038,-1,,button,1,33,33,0,137,0,1.0000,97,2.453194,10,10,33,0,0,0,0.4,risk_path,4,Bot1|Bot2|Bot3|Bot4,,1,0
365,0.30,75,440,1952802954,979129697,3639,0.646933,509,1412,74-40,7-52,23-65,93,79,90,76,39,29,1,0,1,93,0,,120,1,93,27,1,button,1,93,93,0,26,0,1.0000,527,0.005997,-1,-1,button,1,93,93,0,26,0,1.0000,527,0.039489,,-1,button,1,93,93,0,26,0,1.0000,527,0.051716,-1,,button,1,93,93,0,26,0,1.0000,527,20.133212,-1,-1,93,12,55,0,0.99,risk_path,4,Bot1|Bot2|Bot3|Bot4,,1,0
366,0.30,75,440,3081393282,309076382,3638,0.646756,493,1349,36-74,8-31,36-50,71,71,36,24,47,47,1,0,1,71,0,,130,1,71,59,1,button,1,71,71,0,20,0,1.0000,344,0.002503,-1,-1,button,1,71,71,0,20,0,1.0000,344,0.012609,,-1,button,1,71,71,0,20,0,1.0000,344,0.018470,-1,,button,1,71,71,0,20,0,1.0000,344,9.990596,-1,-1,71,0,0,0,0.4,risk_path,4,Bot1|Bot2|Bot3|Bot4,,1,0
367,0.30,75,440,3151380601,1716409728,3657,0.650133,505,1413,67-49,55-9,62-54,58,52,10,10,66,52,0,0,1,58,1,58,161,1,58,103,1,button,1,58,58,0,30,0,1.0000,301,0.002295,-1,-1,button,1,58,58,0,30,0,1.0000,301,0.009728,,-1,button,1,58,58,0,30,0,1.0000,301,0.012967,-1,,button,1,58,58,0,30,0,1.0000,301,6.820521,50,50,58,0,0,0,0.4,risk_path,4,Bot1|Bot2|Bot3|Bot4,,1,0
368,0.30,75,440,2032139050,1891626865,3643,0.647644,499,1406,56-19,54-8,30-48,15,13,57,55,66,64,0,0,1,15,1,15,189,1,15,174,1,button,1,15,15,0,160,0,1.0000,21,0.000165,-1,-1,button,1,15,15,0,160,0,1.0000,21,0.000688,,-1,button,1,15,15,0,160,0,1.0000,21,0.000618,-1,,button,1,15,15,0,160,0,1.0000,21,0.982154,-1,-1,15,0,0,0,0.4,risk_path,4,Bot1|Bot2|Bot3|Bot4,,1,0
369,0.30,75,440,737645428,557148272,3635,0.646222,500,1363,5-39,12-37,1-60,21,9,31,25,40,34,0,0,1,21,1,21,104,1,21,83,1,button,1,21,21,0,82,0,1.0000,18,0.000224,-1,-1,button,1,21,21,0,82,0,1.0000,18,0.001175,,-1,button,1,21,21,0,82,0,1.0000,18,0.001150,-1,,button,1,21,21,0,82,0,1.0000,18,1.072866,-1,-1,21,0,0,0,0.4,risk_path,4,Bot1|Bot2|Bot3|Bot4,,1,0
370,0.30,75,440,2602577069,3193247753,3645,0.648000,514,1391,69-45,24-59,39-7,83,59,82,68,87,67,0,0,1,83,1,83,205,1,83,122,1,button,1,83,83,0,101,0,1.0000,453,0.004610,-1,-1,button,1,83,83,0,101,0,1.0000,453,0.042552,,-1,button,1,83,83,0,101,0,1.0000,453,0.052929,-1,,button,1,83,83,0,101,0,1.0000,453,13.291904,-1,-1,83,0,0,0,0.4,risk_path,4,Bot1|Bot2|Bot3|Bot4,,1,0
371,0.30,75,440,1923164207,2685547185,3651,0.649067,505,1395,63-72,66-47,73-55,48,28,33,27,33,15,1,0,1,48,0,,114,1,48,66,1,button,1,48,48,0,9,0,1.0000,76,0.000998,-1,-1,button,1,48,48,0,9,0,1.0000,76,0.009314,,-1,button,1,48,48,0,9,0,1.0000,76,0.010375,-1,,button,1,48,48,0,9,0,1.0000,76,5.411120,-1,-1,48,0,0,0,0.4,risk_path,4,Bot1|Bot2|Bot3|Bot4,,1,0
372,0.30,75,440,3064658255,2591067856,3624,0.644267,503,1380,5-60,53-71,10-3,73,59,94,62,119,111,0,0,1,73,1,73,320,1,73,247,1,button,1,73,73,0,225,0,1.0000,264,0.002726,-1,-1,button,1,73,73,0,225,0,1.0000,264,0.017126,,-1,button,1,73,73,0,225,0,1.0000,264,0.023428,-1,,button,1,73,73,0,223,0,1.0000,264,11.170460,6,6,73,0,0,0,0.4,risk_path,4,Bot1|Bot2|Bot3|Bot4,,1,0
373,0.30,75,440,1154147649,4041770858,3645,0.648000,489,1406,62-19,40-29,24-69,34,32,106,88,72,56,0,0,1,34,1,34,226,1,34,192,1,button,1,34,34,0,184,0,1.0000,64,0.000422,-1,-1,button,1,34,34,0,184,0,1.0000,64,0.002531,,-1,button,1,34,34,0,184,0,1.0000,64,0.003514,-1,,button,1,34,34,0,184,0,1.0000,64,1.973133,-1,-1,34,0,0,0,0.4,risk_path,4,Bot1|Bot2|Bot3|Bot4,,1,0
374,0.30,75,440,1357385445,1134208027,3666,0.651733,513,1413,25-51,39-21,30-57,60,44,11,11,65,45,0,0,1,60,1,60,188,1,60,128,1,button,1,60,60,0,16,0,1.0000,208,0.001991,-1,-1,button,1,60,60,0,16,0,1.0000,208,0.016073,,-1,button,1,60,60,0,16,0,1.0000,208,0.023166,-1,,button,1,60,60,0,16,0,1.0000,208,7.219795,12,12,60,0,0,0,0.4,risk_path,4,Bot1|Bot2|Bot3|Bot4,,1,0
375,0.30,75,440,560426098,1461767624,3635,0.646222,513,1396,24-1,51-60,27-31,94,86,51,33,55,53,1,0,1,94,0,,161,1,102,59,0,walked_into_fire,0,53,53,0,-3,41,0.5638,141,0.001162,49,48,button,1,110,110,0,24,0,1.0000,766,0.033074,,48,button,1,108,108,0,26,0,1.0000,730,0.042870,48,,button,1,102,102,0,32,0,1.0000,638,19.983499,39,39,102,12,22,0,0.99,risk_path,3,Bot2|Bot3|Bot4,Bot1,0,0
376,0.30,75,440,1829175360,2037474768,3618,0.643200,493,1325,46-28,2-26,69-70,64,46,67,65,119,111,0,0,1,64,1,64,311,1,64,247,1,button,1,64,64,0,170,0,1.0000,204,0.002142,-1,-1,button,1,64,64,0,170,0,1.0000,204,0.016360,,-1,button,1,64,64,0,170,0,1.0000,204,0.014924,-1,,button,1,64,64,0,170,0,1.0000,204,7.847029,-1,-1,64,0,0,0,0.4,risk_path,4,Bot1|Bot2|Bot3|Bot4,,1,0
377,0.30,75,440,3056335309,1867334455,3661,0.650844,500,1439,27-46,28-68,18-56,47,23,21,19,28,22,1,0,1,47,0,,84,1,47,37,1,button,1,47,47,0,7,0,1.0000,119,0.000979,-1,-1,button,1,47,47,0,7,0,1.0000,119,0.007112,,-1,button,1,47,47,0,7,0,1.0000,119,0.007619,-1,,button,1,47,47,0,7,0,1.0000,119,4.858636,8,8,47,8,1,0,0.99,risk_path,4,Bot1|Bot2|Bot3|Bot4,,1,0
378,0.30,75,440,3498759806,185762425,3635,0.646222,494,1353,44-3,7-68,63-11,110,102,29,27,117,113,0,0,1,110,1,110,320,1,110,210,1,button,1,110,110,0,55,0,1.0000,772,0.010085,-1,-1,button,1,110,110,0,55,0,1.0000,772,0.058471,,-1,button,1,110,110,0,55,0,1.0000,772,0.066048,-1,,button,1,110,110,0,55,0,1.0000,772,21.629101,-1,-1,110,0,0,0,0.4,risk_path,4,Bot1|Bot2|Bot3|Bot4,,1,0
379,0.30,75,440,743858379,262038232,3647,0.648356,504,1394,0-72,40-37,64-54,77,75,92,82,45,41,1,0,1,77,0,,127,1,77,50,1,button,1,77,77,0,50,0,1.0000,524,0.004985,-1,-1,button,1,77,77,0,50,0,1.0000,524,0.017869,,-1,button,1,77,77,0,50,0,1.0000,524,0.023044,-1,,button,1,77,77,0,50,0,1.0000,524,9.188429,9,9,77,0,0,0,0.4,risk_path,4,Bot1|Bot2|Bot3|Bot4,,1,0
380,0.30,75,440,3490957155,2695499596,3644,0.647822,514,1421,51-6,65-68,53-10,96,76,8,6,90,70,1,0,1,96,0,,264,1,106,158,0,walked_into_fire,0,7,7,0,-1,89,0.0729,2,0.001649,7,1,button,1,118,118,0,1,0,1.0000,976,0.095105,,1,button,1,106,106,0,3,0,1.0000,842,0.097396,1,,button,1,108,108,0,20,0,1.0000,858,16.934885,1,12,108,0,0,0,0.4,risk_path,3,Bot2|Bot3|Bot4,Bot1,0,0
381,0.30,75,440,44469780,2130841903,3651,0.649067,517,1415,41-66,32-72,23-5,21,15,87,79,102,76,0,0,1,21,1,21,285,1,21,264,1,button,1,21,21,0,237,0,1.0000,31,0.000270,-1,-1,button,1,21,21,0,237,0,1.0000,31,0.001151,,-1,button,1,21,21,0,237,0,1.0000,31,0.001184,-1,,button,1,21,21,0,237,0,1.0000,31,0.789638,-1,-1,21,0,0,0,0.4,risk_path,4,Bot1|Bot2|Bot3|Bot4,,1,0
382,0.30,75,440,1350579762,3490582419,3658,0.650311,507,1374,20-31,25-6,46-43,44,30,48,38,76,58,0,0,1,44,1,44,239,1,44,195,1,button,1,44,44,0,141,0,1.0000,66,0.000763,-1,-1,button,1,44,44,0,141,0,1.0000,66,0.006774,,-1,button,1,44,44,0,141,0,1.0000,66,0.007150,-1,,button,1,44,44,0,141,0,1.0000,66,3.153568,1,1,44,0,0,0,0.4,risk_path,4,Bot1|Bot2|Bot3|Bot4,,1,0
383,0.30,75,440,2733807543,3538856808,3647,0.648356,506,1388,65-8,0-53,51-67,112,110,87,73,81,65,1,0,1,112,0,,241,1,112,129,1,button,1,112,112,0,129,0,1.0000,737,0.008538,-1,-1,button,1,112,112,0,129,0,1.0000,737,0.047425,,-1,button,1,112,112,0,129,0,1.0000,737,0.067725,-1,,button,1,112,112,0,129,0,1.0000,737,18.850909,-1,-1,112,0,0,0,0.4,risk_path,4,Bot1|Bot2|Bot3|Bot4,,1,0
384,0.30,75,440,144857897,2449621353,3659,0.650489,507,1392,72-6,70-33,45-20,53,29,45,41,44,38,1,0,1,53,0,,162,1,53,109,1,button,1,53,53,0,59,0,1.0000,255,0.001703,-1,-1,button,1,53,53,0,59,0,1.0000,255,0.009054,,-1,button,1,53,53,0,59,0,1.0000,255,0.010562,-1,,button,1,53,53,0,59,0,1.0000,255,4.533356,35,35,53,0,0,0,0.4,risk_path,4,Bot1|Bot2|Bot3|Bot4,,1,0
385,0.30,75,440,341761630,1725134005,3609,0.641600,497,1358,46-27,19-16,34-58,54,38,61,43,73,57,0,0,1,54,1,54,206,1,54,152,1,button,1,54,54,0,121,0,1.0000,295,0.002532,-1,-1,button,1,54,54,0,121,0,1.0000,295,0.014892,,-1,button,1,54,54,0,121,0,1.0000,295,0.018938,-1,,button,1,54,54,0,139,0,1.0000,295,4.729555,5,5,54,0,0,0,0.4,risk_path,4,Bot1|Bot2|Bot3|Bot4,,1,0
386,0.30,75,440,192649057,483095820,3649,0.648711,500,1326,43-10,1-65,10-16,107,97,47,39,70,58,1,0,1,107,0,,223,1,107,116,1,button,1,107,107,0,11,0,1.0000,783,0.009346,-1,-1,button,1,107,107,0,11,0,1.0000,783,0.068761,,-1,button,1,107,107,0,11,0,1.0000,783,0.090513,-1,,button,1,107,107,0,11,0,1.0000,783,16.838221,-1,-1,107,0,0,0,0.4,risk_path,4,Bot1|Bot2|Bot3|Bot4,,1,0
387,0.30,75,440,3803973244,2905068052,3617,0.643022,490,1340,11-68,71-0,70-47,134,128,102,80,66,48,1,0,1,134,0,,183,1,134,49,1,button,1,134,134,0,33,0,1.0000,852,0.012056,-1,-1,button,1,134,134,0,33,0,1.0000,852,0.097117,,-1,button,1,134,134,0,33,0,1.0000,852,0.125586,-1,,button,1,134,134,0,33,0,1.0000,852,28.169265,87,87,134,16,57,0,0.99,risk_path,4,Bot1|Bot2|Bot3|Bot4,,1,0
388,0.30,75,440,1436060441,193209266,3627,0.644800,496,1372,62-48,62-52,65-20,10,4,53,31,57,35,0,0,1,10,1,10,165,1,10,155,1,button,1,10,10,0,132,0,1.0000,9,0.000124,-1,-1,button,1,10,10,0,132,0,1.0000,9,0.000253,,-1,button,1,10,10,0,132,0,1.0000,9,0.000398,-1,,button,1,10,10,0,132,0,1.0000,9,0.252918,-1,-1,10,0,0,0,0.4,risk_path,4,Bot1|Bot2|Bot3|Bot4,,1,0
389,0.30,75,440,3826677250,268213696,3645,0.648000,517,1385,26-31,33-32,8-53,12,8,40,40,48,46,0,0,1,12,1,12,145,1,12,133,1,button,1,12,12,0,113,0,1.0000,12,0.000121,-1,-1,button,1,12,12,0,113,0,1.0000,12,0.000357,,-1,button,1,12,12,0,113,0,1.0000,12,0.000618,-1,,button,1,12,12,0,113,0,1.0000,12,0.318323,7,7,12,0,0,0,0.4,risk_path,4,Bot1|Bot2|Bot3|Bot4,,1,0
390,0.30,75,440,1922677758,3470194275,3657,0.650133,504,1385,3-43,21-19,17-61,44,42,34,32,58,46,0,0,1,44,1,44,153,1,44,109,1,button,1,44,44,0,82,0,1.0000,158,0.000925,-1,-1,button,1,44,44,0,82,0,1.0000,158,0.004627,,-1,button,1,44,44,0,82,0,1.0000,158,0.009675,-1,,button,1,44,44,0,82,0,1.0000,158,3.261552,32,32,44,0,0,0,0.4,risk_path,4,Bot1|Bot2|Bot3|Bot4,,1,0
391,0.30,75,440,220974170,2519797936,3660,0.650667,503,1355,72-66,1-1,16-34,142,136,96,88,52,48,1,0,1,142,0,,134,0,,,0,walked_into_fire,0,76,76,0,-2,66,0.5352,659,0.006165,45,45,fire_reached_bot,0,88,88,0,0,66,0.5352,887,0.076483,,82,fire_reached_bot,0,139,127,12,-4,63,0.5563,,0.242961,82,,fire_reached_bot,0,88,88,0,0,66,0.5352,887,23.908325,-1,82,88,0,88,0,,shortest_path_fallback,0,,Bot1|Bot2|Bot3|Bot4,0,1
392,0.30,75,440,311089741,15779671,3622,0.643911,498,1359,62-59,70-45,20-52,24,22,73,49,71,57,0,0,1,24,1,24,212,1,24,188,1,button,1,24,24,0,188,0,1.0000,64,0.000312,-1,-1,button,1,24,24,0,188,0,1.0000,64,0.001078,,-1,button,1,24,24,0,188,0,1.0000,64,0.001236,-1,,button,1,24,24,0,188,0,1.0000,64,0.998237,9,9,24,0,0,0,0.4,risk_path,4,Bot1|Bot2|Bot3|Bot4,,1,0
393,0.30,75,440,3786552960,3978206707,3625,0.644444,503,1356,59-68,38-39,26-64,58,50,49,37,57,37,1,0,1,58,0,,159,1,58,101,1,button,1,58,58,0,85,0,1.0000,201,0.001657,-1,-1,button,1,58,58,0,85,0,1.0000,201,0.009179,,-1,button,1,58,58,0,85,0,1.0000,201,0.010726,-1,,button,1,58,58,0,85,0,1.0000,201,5.416913,-1,-1,58,0,0,0,0.4,risk_path,4,Bot1|Bot2|Bot3|Bot4,,1,0
394,0.30,75,440,1026823686,935493975,3622,0.643911,526,1408,70-22,67-29,30-64,16,10,88,82,76,72,0,0,1,16,1,16,217,1,16,201,1,button,1,16,16,0,198,0,1.0000,39,0.000231,-1,-1,button,1,16,16,0,198,0,1.0000,39,0.000801,,-1,button,1,16,16,0,198,0,1.0000,39,0.000839,-1,,button,1,16,16,0,198,0,1.0000,39,0.479298,-1,-1,16,0,0,0,0.4,risk_path,4,Bot1|Bot2|Bot3|Bot4,,1,0
395,0.30,75,440,3873671478,4157908143,3653,0.649422,512,1406,63-33,71-71,3-25,56,46,82,68,116,114,0,0,1,56,1,56,312,1,56,256,1,button,1,56,56,0,206,0,1.0000,208,0.001790,-1,-1,button,1,56,56,0,206,0,1.0000,208,0.009899,,-1,button,1,56,56,0,206,0,1.0000,208,0.010627,-1,,button,1,56,56,0,219,0,1.0000,208,5.010141,5,5,56,0,0,0,0.4,risk_path,4,Bot1|Bot2|Bot3|Bot4,,1,0
396,0.30,75,440,1326410439,1678133499,3636,0.646400,501,1367,2-32,60-34,74-56,78,60,104,96,40,36,1,0,1,78,0,,108,1,78,30,1,button,1,78,78,0,26,0,1.0000,270,0.002595,-1,-1,button,1,78,78,0,26,0,1.0000,270,0.025671,,-1,button,1,78,78,0,26,0,1.0000,270,0.031458,-1,,button,1,78,78,0,23,0,1.0000,270,10.741941,21,21,78,11,8,0,0.99,risk_path,4,Bot1|Bot2|Bot3|Bot4,,1,0
397,0.30,75,440,613184341,3716848103,3654,0.649600,506,1368,74-57,2-1,55-66,134,128,32,28,126,118,1,0,1,134,0,,343,1,134,209,1,button,1,134,134,0,28,0,1.0000,1043,0.018132,-1,-1,button,1,134,134,0,28,0,1.0000,1043,0.117789,,-1,button,1,134,134,0,28,0,1.0000,1043,0.151209,-1,,button,1,134,134,0,73,0,1.0000,1043,23.851420,1,1,134,0,0,0,0.4,risk_path,4,Bot1|Bot2|Bot3|Bot4,,1,0
398,0.30,75,440,140259070,1404237909,3636,0.646400,513,1339,1-48,63-13,41-37,97,97,53,51,54,46,1,0,1,97,0,,132,1,111,21,0,walked_into_fire,0,63,63,0,-1,34,0.6495,425,0.003099,63,62,button,1,117,117,0,2,0,1.0000,1536,0.044943,,62,button,1,115,115,0,2,0,1.0000,1492,0.065887,62,,button,1,117,117,0,2,0,1.0000,1536,16.598738,53,53,117,22,54,0,0.99,risk_path,3,Bot2|Bot3|Bot4,Bot1,0,0
399,0.30,75,440,1706966771,3646661798,3652,0.649244,511,1407,32-34,29-13,48-3,40,24,55,47,35,29,1,0,1,40,0,,112,1,40,72,1,button,1,40,40,0,72,0,1.0000,124,0.000923,-1,-1,button,1,40,40,0,72,0,1.0000,124,0.005017,,-1,button,1,40,40,0,72,0,1.0000,124,0.005828,-1,,button,1,40,40,0,72,0,1.0000,124,2.577377,-1,-1,40,0,0,0,0.4,risk_path,4,Bot1|Bot2|Bot3|Bot4,,1,0
400,0.30,75,440,1557608422,587872040,3654,0.649600,504,1397,49-5,1-60,36-26,109,103,40,34,73,69,1,0,1,109,0,,188,1,109,79,1,button,1,109,109,0,4,0,1.0000,1301,0.013497,-1,-1,button,1,109,109,0,4,0,1.0000,1301,0.042222,,-1,button,1,109,109,0,4,0,1.0000,1301,0.066924,-1,,button,1,129,129,0,27,0,1.0000,1830,20.251043,5,5,129,13,17,0,0.99,risk_path,4,Bot1|Bot2|Bot3|Bot4,,1,0
401,0.30,75,440,2000075961,2745563048,3647,0.648356,506,1360,53-41,74-15,43-8,51,47,65,43,46,38,1,0,1,51,0,,126,1,51,75,1,button,1,51,51,0,45,0,1.0000,144,0.001278,-1,-1,button,1,51,51,0,45,0,1.0000,144,0.009159,,-1,button,1,51,51,0,45,0,1.0000,144,0.011949,-1,,button,1,51,51,0,45,0,1.0000,144,4.691162,19,19,51,0,0,0,0.4,risk_path,4,Bot1|Bot2|Bot3|Bot4,,1,0
402,0.30,75,440,4291152545,2741335827,3641,0.647289,513,1401,4-47,39-45,36-43,57,37,58,36,5,5,1,0,1,57,0,,14,0,,,0,walked_into_fire,0,42,42,0,-27,15,0.7368,,0.001285,15,15,fire_reached_bot,0,127,14,113,-112,43,0.2456,,0.431372,,-1,fire_reached_bot,0,127,14,113,-112,43,0.2456,,0.933506,-1,,fire_reached_bot,0,127,14,113,-112,43,0.2456,,2.886912,-1,-1,127,0,14,113,,no_path,0,,Bot1|Bot2|Bot3|Bot4,0,1
403,0.30,75,440,2060592027,3688875005,3646,0.648178,499,1396,8-70,21-2,51-54,107,81,71,59,86,82,1,0,1,107,0,,215,1,107,108,1,button,1,107,107,0,90,0,1.0000,918,0.009532,-1,-1,button,1,107,107,0,90,0,1.0000,918,0.061326,,-1,button,1,107,107,0,90,0,1.0000,918,0.073161,-1,,button,1,107,107,0,90,0,1.0000,918,16.512365,2,2,107,0,0,0,0.4,risk_path,4,Bot1|Bot2|Bot3|Bot4,,1,0
404,0.30,75,440,1918492199,551143425,3649,0.648711,506,1398,38-59,6-65,53-74,52,38,30,30,68,56,0,0,1,52,1,52,179,1,52,127,1,button,1,52,52,0,68,0,1.0000,170,0.001521,-1,-1,button,1,52,52,0,68,0,1.0000,170,0.008459,,-1,button,1,52,52,0,68,0,1.0000,170,0.010117,-1,,button,1,52,52,0,68,0,1.0000,170,4.769723,-1,-1,52,0,0,0,0.4,risk_path,4,Bot1|Bot2|Bot3|Bot4,,1,0
405,0.30,75,440,4258988007,102048511,3637,0.646578,505,1392,3-50,24-64,58-47,35,35,74,58,57,51,0,0,1,35,1,35,172,1,35,137,1,button,1,35,35,0,136,0,1.0000,70,0.000497,-1,-1,button,1,35,35,0,136,0,1.0000,70,0.002693,,-1,button,1,35,35,0,136,0,1.0000,70,0.003226,-1,,button,1,35,35,0,136,0,1.0000,70,2.163889,7,7,35,0,0,0,0.4,risk_path,4,Bot1|Bot2|Bot3|Bot4,,1,0
406,0.30,75,440,1836645683,3217807480,3644,0.647822,502,1331,0-46,40-23,63-28,79,63,105,81,32,28,1,0,1,79,0,,87,1,79,8,1,button,1,79,79,0,3,0,1.0000,504,0.004913,-1,77,button,1,79,79,0,3,0,1.0000,504,0.028009,,77,fire_reached_bot,0,115,87,28,-27,14,0.8228,,0.335468,77,,button,1,79,79,0,3,0,1.0000,504,11.797844,48,48,79,25,47,0,0.99,risk_path,3,Bot1|Bot2|Bot4,Bot3,0,0
407,0.30,75,440,348380400,1235727142,3621,0.643733,502,1332,23-11,33-46,23-72,49,45,79,61,46,36,1,0,1,49,0,,145,1,49,96,1,button,1,49,49,0,93,0,1.0000,92,0.000847,-1,-1,button,1,49,49,0,93,0,1.0000,92,0.007158,,-1,button,1,49,49,0,93,0,1.0000,92,0.006334,-1,,button,1,49,49,0,93,0,1.0000,92,4.050642,15,15,49,0,0,0,0.4,risk_path,4,Bot1|Bot2|Bot3|Bot4,,1,0
408,0.30,75,440,649723473,128509568,3652,0.649244,507,1389,26-9,6-2,14-47,31,27,66,50,73,53,0,0,1,31,1,31,217,1,31,186,1,button,1,31,31,0,169,0,1.0000,54,0.000386,-1,-1,button,1,31,31,0,169,0,1.0000,54,0.002458,,-1,button,1,31,31,0,169,0,1.0000,54,0.003233,-1,,button,1,31,31,0,169,0,1.0000,54,1.690057,-1,-1,31,0,0,0,0.4,risk_path,4,Bot1|Bot2|Bot3|Bot4,,1,0
409,0.30,75,440,1213574996,1326260514,3647,0.648356,488,1368,55-57,35-55,55-12,30,22,69,45,67,63,0,0,1,30,1,30,184,1,30,154,1,button,1,30,30,0,152,0,1.0000,63,0.000498,-1,-1,button,1,30,30,0,152,0,1.0000,63,0.003043,,-1,button,1,30,30,0,152,0,1.0000,63,0.003127,-1,,button,1,30,30,0,143,0,1.0000,63,1.553640,6,6,30,0,0,0,0.4,risk_path,4,Bot1|Bot2|Bot3|Bot4,,1,0
410,0.30,75,440,399927594,1172635717,3649,0.648711,503,1395,70-34,60-58,10-58,38,34,88,84,70,50,0,0,1,38,1,38,210,1,38,172,1,button,1,38,38,0,172,0,1.0000,77,0.000625,-1,-1,button,1,38,38,0,172,0,1.0000,77,0.004434,,-1,button,1,38,38,0,172,0,1.0000,77,0.004372,-1,,button,1,38,38,0,172,0,1.0000,77,2.494449,-1,-1,38,0,0,0,0.4,risk_path,4,Bot1|Bot2|Bot3|Bot4,,1,0
411,0.30,75,440,94789281,138735109,3646,0.648178,506,1409,35-29,8-74,34-65,78,72,51,37,39,35,1,0,1,78,0,,116,1,78,38,1,button,1,78,78,0,13,0,1.0000,508,0.005253,-1,-1,button,1,78,78,0,13,0,1.0000,508,0.028484,,-1,button,1,78,78,0,13,0,1.0000,508,0.038913,-1,,button,1,78,78,0,13,0,1.0000,508,10.802698,-1,-1,78,23,20,0,0.99,risk_path,4,Bot1|Bot2|Bot3|Bot4,,1,0
412,0.30,75,440,4204771711,1699448702,3649,0.648711,521,1344,25-68,64-22,8-1,101,85,108,84,83,77,1,0,1,101,0,,231,1,101,130,1,button,1,101,101,0,101,0,1.0000,441,0.005074,-1,-1,button,1,101,101,0,101,0,1.0000,441,0.034186,,-1,button,1,101,101,0,101,0,1.0000,441,0.060927,-1,,button,1,101,101,0,101,0,1.0000,441,17.102384,39,39,101,0,0,0,0.4,risk_path,4,Bot1|Bot2|Bot3|Bot4,,1,0
413,0.30,75,440,823494903,3566751827,3642,0.647467,516,1387,71-17,60-13,29-23,25,15,60,48,45,41,0,0,1,25,1,25,144,1,25,119,1,button,1,25,25,0,106,0,1.0000,54,0.000369,-1,-1,button,1,25,25,0,106,0,1.0000,54,0.001646,,-1,button,1,25,25,0,106,0,1.0000,54,0.001515,-1,,button,1,25,25,0,106,0,1.0000,54,1.223456,-1,-1,25,0,0,0,0.4,risk_path,4,Bot1|Bot2|Bot3|Bot4,,1,0
414,0.30,75,440,277766336,146189312,3644,0.647822,499,1356,58-60,40-20,62-46,72,58,22,18,64,48,1,0,1,72,0,,190,1,72,118,1,button,1,72,72,0,43,0,1.0000,427,0.004405,-1,-1,button,1,72,72,0,43,0,1.0000,427,0.028413,,-1,button,1,72,72,0,43,0,1.0000,427,0.037185,-1,,button,1,72,72,0,43,0,1.0000,427,8.922451,62,62,72,0,0,0,0.4,risk_path,4,Bot1|Bot2|Bot3|Bot4,,1,0
415,0.30,75,440,2294360336,2377130893,3660,0.650667,509,1386,42-45,54-71,24-24,44,38,39,39,83,77,0,0,1,44,1,44,259,1,44,215,1,button,1,44,44,0,129,0,1.0000,30,0.000484,-1,-1,button,1,44,44,0,129,0,1.0000,30,0.003977,,-1,button,1,44,44,0,129,0,1.0000,30,0.004362,-1,,button,1,44,44,0,129,0,1.0000,30,3.760618,11,11,44,0,0,0,0.4,risk_path,4,Bot1|Bot2|Bot3|Bot4,,1,0
416,0.30,75,440,4063297683,2159750137,3631,0.645511,496,1409,73-41,65-67,49-26,38,34,53,39,63,57,0,0,1,38,1,38,189,1,38,151,1,button,1,38,38,0,122,0,1.0000,78,0.001007,-1,-1,button,1,38,38,0,122,0,1.0000,78,0.004446,,-1,button,1,38,38,0,122,0,1.0000,78,0.004666,-1,,button,1,38,38,0,122,0,1.0000,78,2.424082,-1,-1,38,0,0,0,0.4,risk_path,4,Bot1|Bot2|Bot3|Bot4,,1,0
417,0.30,75,440,4136068613,3935871520,3621,0.643733,502,1362,57-26,62-4,25-23,29,27,53,35,62,56,0,0,1,29,1,29,178,1,29,149,1,button,1,29,29,0,131,0,1.0000,82,0.000876,-1,-1,button,1,29,29,0,131,0,1.0000,82,0.002762,,-1,button,1,29,29,0,131,0,1.0000,82,0.002285,-1,,button,1,29,29,0,131,0,1.0000,82,1.431991,23,23,29,0,0,0,0.4,risk_path,4,Bot1|Bot2|Bot3|Bot4,,1,0
418,0.30,75,440,3079297320,2426746488,3636,0.646400,501,1421,50-61,33-15,73-21,71,63,79,63,60,46,1,0,1,71,0,,191,1,71,120,1,button,1,71,71,0,103,0,1.0000,191,0.002218,-1,-1,button,1,71,71,0,103,0,1.0000,191,0.016163,,-1,button,1,71,71,0,103,0,1.0000,191,0.017643,-1,,button,1,71,71,0,103,0,1.0000,191,8.005644,-1,-1,71,0,0,0,0.4,risk_path,4,Bot1|Bot2|Bot3|Bot4,,1,0
419,0.30,75,440,4257723732,3495392713,3654,0.649600,498,1377,48-73,69-49,48-45,53,45,42,28,33,25,1,0,1,53,0,,97,1,53,44,1,button,1,53,53,0,27,0,1.0000,162,0.001523,-1,-1,button,1,53,53,0,27,0,1.0000,162,0.012890,,-1,button,1,53,53,0,27,0,1.0000,162,0.015419,-1,,button,1,53,53,0,43,0,1.0000,162,4.466192,2,2,53,0,0,0,0.4,risk_path,4,Bot1|Bot2|Bot3|Bot4,,1,0
420,0.30,75,440,4078690204,3768167155,3654,0.649600,511,1398,67-28,21-7,28-59,79,67,74,70,75,59,1,0,1,79,0,,208,1,79,129,1,button,1,79,79,0,129,0,1.0000,529,0.005383,-1,-1,button,1,79,79,0,129,0,1.0000,529,0.039009,,-1,button,1,79,79,0,129,0,1.0000,529,0.050712,-1,,button,1,79,79,0,129,0,1.0000,529,10.547837,-1,-1,79,0,0,0,0.4,risk_path,4,Bot1|Bot2|Bot3|Bot4,,1,0
421,0.30,75,440,958537604,1453352966,3651,0.649067,500,1404,28-43,1-30,35-32,50,40,18,18,50,36,0,0,1,50,0,,143,1,50,93,1,button,1,50,50,0,56,0,1.0000,82,0.000830,-1,-1,button,1,50,50,0,56,0,1.0000,82,0.005458,,-1,button,1,50,50,0,56,0,1.0000,82,0.007842,-1,,button,1,50,50,0,56,0,1.0000,82,4.198041,-1,-1,50,0,0,0,0.4,risk_path,4,Bot1|Bot2|Bot3|Bot4,,1,0
422,0.30,75,440,2355762477,2963328483,3669,0.652267,526,1440,54-11,49-40,53-34,40,34,34,24,10,10,1,0,1,40,0,,25,0,,,0,fire_reached_bot,0,26,26,0,0,14,0.6500,,0.000488,18,12,fire_reached_bot,0,72,23,49,-46,29,0.2750,,0.249999,,12,fire_reached_bot,0,77,23,54,-51,31,0.2250,,0.657250,12,,fire_reached_bot,0,72,23,49,-46,29,0.2750,,4.486962,-1,12,72,0,23,49,,no_path,0,,Bot1|Bot2|Bot3|Bot4,0,1
423,0.30,75,440,3860660340,1064690405,3656,0.649956,501,1379,41-13,19-25,56-67,36,34,91,69,81,79,0,0,1,36,1,36,231,1,36,195,1,button,1,36,36,0,185,0,1.0000,98,0.000647,-1,-1,button,1,36,36,0,185,0,1.0000,98,0.003061,,-1,button,1,36,36,0,185,0,1.0000,98,0.003484,-1,,button,1,36,36,0,185,0,1.0000,98,2.420720,-1,-1,36,0,0,0,0.4,risk_path,4,Bot1|Bot2|Bot3|Bot4,,1,0
424,0.30,75,440,4240931953,1182499683,3665,0.651556,513,1403,19-9,38-33,56-58,51,43,90,86,51,43,0,0,1,51,1,51,163,1,51,112,1,button,1,51,51,0,111,0,1.0000,175,0.001418,-1,-1,button,1,51,51,0,111,0,1.0000,175,0.010101,,-1,button,1,51,51,0,111,0,1.0000,175,0.011284,-1,,button,1,51,51,0,111,0,1.0000,175,4.326091,1,1,51,0,0,0,0.4,risk_path,4,Bot1|Bot2|Bot3|Bot4,,1,0
425,0.30,75,440,2493525027,414517936,3643,0.647644,501,1383,58-63,3-72,18-64,90,64,67,41,25,23,1,0,1,90,0,,71,0,,,0,walked_into_fire,0,54,54,0,-3,36,0.6000,191,0.002107,29,29,fire_reached_bot,0,114,44,70,-42,58,0.3556,,0.389143,,-1,fire_reached_bot,0,114,44,70,-42,58,0.3556,,0.800287,-1,,fire_reached_bot,0,114,44,70,-42,58,0.3556,,13.794656,-1,-1,114,0,44,70,,no_path,0,,Bot1|Bot2|Bot3|Bot4,0,1
426,0.30,75,440,836001522,3918252539,3632,0.645689,504,1368,22-45,44-49,26-42,34,26,7,7,29,25,1,0,1,34,0,,86,1,44,42,0,walked_into_fire,0,5,5,0,-3,29,0.1471,4,0.000193,3,2,button,1,58,58,0,1,0,1.0000,273,0.007977,,2,button,1,46,46,0,8,0,1.0000,204,0.008021,2,,button,1,46,46,0,8,0,1.0000,204,3.446804,2,10,46,6,0,0,0.99,risk_path,3,Bot2|Bot3|Bot4,Bot1,0,0
427,0.30,75,440,435955948,1367064018,3647,0.648356,496,1404,47-12,21-74,60-61,96,88,70,62,82,52,1,0,1,96,0,,222,1,96,126,1,button,1,96,96,0,84,0,1.0000,688,0.008954,-1,-1,button,1,96,96,0,84,0,1.0000,688,0.056099,,-1,button,1,96,96,0,84,0,1.0000,688,0.075524,-1,,button,1,96,96,0,84,0,1.0000,688,14.685508,-1,-1,96,0,0,0,0.4,risk_path,4,Bot1|Bot2|Bot3|Bot4,,1,0
428,0.30,75,440,2279097245,954607641,3621,0.643733,485,1323,11-38,1-39,51-68,11,11,76,70,81,79,0,0,1,11,1,11,220,1,11,209,1,button,1,11,11,0,204,0,1.0000,21,0.000100,-1,-1,button,1,11,11,0,204,0,1.0000,21,0.000286,,-1,button,1,11,11,0,204,0,1.0000,21,0.000301,-1,,button,1,11,11,0,204,0,1.0000,21,0.276901,-1,-1,11,0,0,0,0.4,risk_path,4,Bot1|Bot2|Bot3|Bot4,,1,0
429,0.30,75,440,2932552292,18426317,3674,0.653156,511,1398,22-34,51-14,67-21,59,49,66,58,37,23,1,0,1,59,0,,99,1,59,40,1,button,1,59,59,0,40,0,1.0000,184,0.001949,-1,-1,button,1,59,59,0,40,0,1.0000,184,0.017026,,-1,button,1,59,59,0,40,0,1.0000,184,0.021862,-1,,button,1,59,59,0,40,0,1.0000,184,5.931983,5,5,59,0,0,0,0.4,risk_path,4,Bot1|Bot2|Bot3|Bot4,,1,0
430,0.30,75,440,2526166132,2004277368,3663,0.651200,520,1424,48-54,7-1,3-67,98,94,78,58,90,70,1,0,1,98,0,,278,1,98,180,1,button,1,98,98,0,88,0,1.0000,388,0.005448,-1,-1,button,1,98,98,0,88,0,1.0000,388,0.055353,,-1,button,1,98,98,0,88,0,1.0000,388,0.057248,-1,,button,1,98,98,0,88,0,1.0000,388,15.451673,-1,-1,98,0,0,0,0.4,risk_path,4,Bot1|Bot2|Bot3|Bot4,,1,0
431,0.30,75,440,2360711024,676293112,3646,0.648178,499,1381,49-31,9-40,65-23,57,49,28,24,81,73,0,0,1,57,1,57,228,1,57,171,1,button,1,57,57,0,58,0,1.0000,332,0.002697,-1,-1,button,1,57,57,0,58,0,1.0000,332,0.009934,,-1,button,1,57,57,0,58,0,1.0000,332,0.014718,-1,,button,1,57,57,0,58,0,1.0000,332,5.320964,-1,-1,57,0,0,0,0.4,risk_path,4,Bot1|Bot2|Bot3|Bot4,,1,0
432,0.30,75,440,1910899855,3074822446,3643,0.647644,516,1359,33-54,51-29,56-40,55,43,49,37,16,16,1,0,1,55,0,,43,0,,,0,walked_into_fire,0,38,38,0,-1,17,0.6909,106,0.001374,28,28,fire_reached_bot,0,88,43,45,-44,24,0.5636,,0.224057,,-1,fire_reached_bot,0,88,43,45,-44,24,0.5636,,0.514599,-1,,fire_reached_bot,0,88,43,45,-44,24,0.5636,,7.283837,-1,-1,88,0,43,45,,no_path,0,,Bot1|Bot2|Bot3|Bot4,0,1
433,0.30,75,440,2661614459,1963583143,3649,0.648711,498,1378,42-68,17-18,56-34,83,75,52,48,59,55,1,0,1,83,0,,152,1,83,69,1,button,1,83,83,0,23,0,1.0000,729,0.007668,-1,-1,button,1,83,83,0,23,0,1.0000,729,0.033029,,-1,button,1,83,83,0,23,0,1.0000,729,0.041755,-1,,button,1,83,83,0,23,0,1.0000,729,10.673569,-1,-1,83,0,0,0,0.4,risk_path,4,Bot1|Bot2|Bot3|Bot4,,1,0
434,0.30,75,440,3282060075,882283043,3638,0.646756,507,1363,17-63,15-48,25-14,17,17,75,57,60,44,0,0,1,17,1,17,170,1,17,153,1,button,1,17,17,0,150,0,1.0000,23,0.000164,-1,-1,button,1,17,17,0,150,0,1.0000,23,0.000641,,-1,button,1,17,17,0,150,0,1.0000,23,0.000621,-1,,button,1,17,17,0,150,0,1.0000,23,0.544498,-1,-1,17,0,0,0,0.4,risk_path,4,Bot1|Bot2|Bot3|Bot4,,1,0
435,0.30,75,440,3996130700,1346204788,3641,0.647289,510,1369,33-13,9-17,51-33,36,28,48,38,72,58,0,0,1,36,1,36,201,1,36,165,1,button,1,36,36,0,121,0,1.0000,95,0.000652,-1,-1,button,1,36,36,0,121,0,1.0000,95,0.005993,,-1,button,1,36,36,0,121,0,1.0000,95,0.004315,-1,,button,1,36,36,0,121,0,1.0000,95,2.175739,-1,-1,36,0,0,0,0.4,risk_path,4,Bot1|Bot2|Bot3|Bot4,,1,0
436,0.30,75,440,836374606,2519469390,3644,0.647822,514,1410,66-40,20-42,12-26,64,48,78,68,26,24,1,0,1,64,0,,85,1,64,21,1,button,1,64,64,0,21,0,1.0000,394,0.003600,-1,-1,button,1,64,64,0,21,0,1.0000,394,0.017273,,-1,button,1,64,64,0,21,0,1.0000,394,0.020781,-1,,button,1,64,64,0,21,0,1.0000,394,7.564450,44,44,64,9,37,0,0.99,risk_path,4,Bot1|Bot2|Bot3|Bot4,,1,0
437,0.30,75,440,3431814037,2475972391,3665,0.651556,509,1430,18-47,46-36,51-30,43,39,54,50,11,11,1,0,1,43,0,,34,0,,,0,walked_into_fire,0,39,39,0,-4,4,0.9070,,0.001046,35,35,fire_reached_bot,0,58,34,24,-23,9,0.7907,,0.128904,,-1,fire_reached_bot,0,58,34,24,-23,9,0.7907,,0.318137,-1,,fire_reached_bot,0,58,34,24,-23,9,0.7907,,3.439911,-1,-1,58,0,34,24,,no_path,0,,Bot1|Bot2|Bot3|Bot4,0,1
438,0.30,75,440,1717278258,3909387573,3628,0.644978,489,1365,62-2,11-7,19-66,66,56,109,107,83,67,0,0,1,66,1,66,238,1,66,172,1,button,1,66,66,0,172,0,1.0000,445,0.003567,-1,-1,button,1,66,66,0,172,0,1.0000,445,0.013873,,-1,button,1,66,66,0,172,0,1.0000,445,0.029364,-1,,button,1,66,66,0,172,0,1.0000,445,7.240049,-1,-1,66,0,0,0,0.4,risk_path,4,Bot1|Bot2|Bot3|Bot4,,1,0
439,0.30,75,440,601328095,3338845994,3660,0.650667,513,1409,49-10,22-21,7-64,58,38,102,96,64,58,0,0,1,58,1,58,183,1,58,125,1,button,1,58,58,0,121,0,1.0000,179,0.002009,-1,-1,button,1,58,58,0,121,0,1.0000,179,0.017693,,-1,button,1,58,58,0,121,0,1.0000,179,0.022158,-1,,button,1,58,58,0,121,0,1.0000,179,5.605674,-1,-1,58,0,0,0,0.4,risk_path,4,Bot1|Bot2|Bot3|Bot4,,1,0
440,0.30,75,440,2216123474,76203067,3642,0.647467,521,1396,71-40,18-70,58-46,91,83,25,19,66,64,1,0,1,91,0,,169,1,93,76,0,fire_reached_bot,0,23,23,0,0,68,0.2527,41,0.001141,22,22,button,1,101,101,0,1,0,1.0000,1095,0.043188,,42,button,1,101,101,0,1,0,1.0000,1095,0.065558,42,,button,1,99,99,0,1,0,1.0000,1067,15.058465,16,16,99,9,13,0,0.99,risk_path,3,Bot2|Bot3|Bot4,Bot1,0,0
441,0.30,75,440,2952930947,3442715,3633,0.645867,493,1336,34-33,4-65,13-73,70,62,69,61,21,17,1,0,1,70,0,,70,0,,,0,walked_into_fire,0,54,54,0,-4,16,0.7714,172,0.001399,52,52,fire_reached_bot,0,92,64,28,-21,16,0.7714,,0.138173,,-1,fire_reached_bot,0,92,64,28,-21,16,0.7714,,0.285450,-1,,fire_reached_bot,0,92,64,28,-21,16,0.7714,,10.118411,-1,-1,92,0,64,28,,no_path,0,,Bot1|Bot2|Bot3|Bot4,0,1
442,0.30,75,440,954329560,321467233,3659,0.650489,499,1374,67-24,7-24,36-66,86,60,77,73,75,71,1,0,1,86,0,,202,1,86,116,1,button,1,86,86,0,104,0,1.0000,521,0.005232,-1,-1,button,1,86,86,0,104,0,1.0000,521,0.033438,,-1,button,1,86,86,0,104,0,1.0000,521,0.037369,-1,,button,1,86,86,0,104,0,1.0000,521,12.229665,-1,-1,86,0,0,0,0.4,risk_path,4,Bot1|Bot2|Bot3|Bot4,,1,0
443,0.30,75,440,2194090034,1836282544,3620,0.643556,485,1382,59-51,66-29,6-24,39,29,88,80,83,65,0,0,1,39,1,39,242,1,39,203,1,button,1,39,39,0,196,0,1.0000,78,0.000802,-1,-1,button,1,39,39,0,196,0,1.0000,78,0.004840,,-1,button,1,39,39,0,196,0,1.0000,78,0.006762,-1,,button,1,39,39,0,196,0,1.0000,78,2.598306,27,27,39,0,0,0,0.4,risk_path,4,Bot1|Bot2|Bot3|Bot4,,1,0
444,0.30,75,440,99980322,3105913063,3629,0.645156,499,1364,32-3,62-72,50-46,109,99,71,61,52,38,1,0,1,109,0,,138,0,,,0,walked_into_fire,0,51,51,0,-2,58,0.4679,197,0.002514,44,44,fire_reached_bot,0,50,50,0,0,65,0.4037,197,0.058100,,48,fire_reached_bot,0,113,98,15,0,69,0.3670,1179,0.239828,48,,fire_reached_bot,0,50,50,0,0,65,0.4037,197,13.619384,-1,48,50,0,50,0,,shortest_path_fallback,0,,Bot1|Bot2|Bot3|Bot4,0,1
445,0.30,75,440,4143197766,1623788008,3645,0.648000,506,1364,60-66,70-44,12-31,34,32,91,83,97,71,0,0,1,34,1,34,283,1,34,249,1,button,1,34,34,0,211,0,1.0000,74,0.000549,-1,-1,button,1,34,34,0,211,0,1.0000,74,0.002374,,-1,button,1,34,34,0,211,0,1.0000,74,0.003138,-1,,button,1,34,34,0,211,0,1.0000,74,2.245402,13,13,34,0,0,0,0.4,risk_path,4,Bot1|Bot2|Bot3|Bot4,,1,0
446,0.30,75,440,846446360,2130916755,3634,0.646044,496,1358,39-19,71-58,53-21,79,71,24,16,73,55,1,0,1,79,0,,258,1,79,179,1,button,1,79,79,0,35,0,1.0000,550,0.005016,-1,-1,button,1,79,79,0,35,0,1.0000,550,0.053256,,-1,button,1,79,79,0,35,0,1.0000,550,0.048315,-1,,button,1,79,79,0,35,0,1.0000,550,9.479921,32,32,79,0,0,0,0.4,risk_path,4,Bot1|Bot2|Bot3|Bot4,,1,0
447,0.30,75,440,779460035,79676451,3647,0.648356,502,1429,35-37,33-67,8-44,46,32,60,34,56,48,0,0,1,46,1,46,152,1,46,106,1,button,1,46,46,0,106,0,1.0000,136,0.000914,-1,-1,button,1,46,46,0,106,0,1.0000,136,0.006570,,-1,button,1,46,46,0,106,0,1.0000,136,0.006816,-1,,button,1,46,46,0,106,0,1.0000,136,3.456333,-1,-1,46,0,0,0,0.4,risk_path,4,Bot1|Bot2|Bot3|Bot4,,1,0
448,0.30,75,440,1123366057,3344577641,3660,0.650667,494,1419,30-32,27-34,73-46,11,5,79,57,84,58,0,0,1,11,1,11,248,1,11,237,1,button,1,11,11,0,217,0,1.0000,12,0.000104,-1,-1,button,1,11,11,0,217,0,1.0000,12,0.000318,,-1,button,1,11,11,0,217,0,1.0000,12,0.000400,-1,,button,1,11,11,0,217,0,1.0000,12,0.273102,-1,-1,11,0,0,0,0.4,risk_path,4,Bot1|Bot2|Bot3|Bot4,,1,0
449,0.30,75,440,2060266283,3682968219,3648,0.648533,502,1416,66-6,7-5,44-56,86,60,86,72,98,88,0,0,1,86,1,86,262,1,86,176,1,button,1,86,86,0,157,0,1.0000,660,0.006631,-1,-1,button,1,86,86,0,157,0,1.0000,660,0.030762,,-1,button,1,86,86,0,157,0,1.0000,660,0.038063,-1,,button,1,86,86,0,157,0,1.0000,660,11.315890,-1,-1,86,0,0,0,0.4,risk_path,4,Bot1|Bot2|Bot3|Bot4,,1,0
450,0.30,75,440,3271714734,783943413,3641,0.647289,494,1354,33-11,36-11,36-6,3,3,8,8,5,5,0,0,1,3,1,3,15,1,3,12,1,button,1,3,3,0,12,0,1.0000,3,0.000043,-1,-1,button,1,3,3,0,12,0,1.0000,3,0.000102,,-1,button,1,3,3,0,12,0,1.0000,3,0.000087,-1,,button,1,3,3,0,12,0,1.0000,3,0.055283,-1,-1,3,0,0,0,0.4,risk_path,4,Bot1|Bot2|Bot3|Bot4,,1,0
451,0.30,75,440,1682450521,2218722123,3650,0.648889,500,1388,63-74,74-28,41-74,67,57,62,22,85,79,0,0,1,67,1,67,228,1,67,161,1,button,1,67,67,0,128,0,1.0000,71,0.000896,-1,-1,button,1,67,67,0,128,0,1.0000,71,0.012493,,-1,button,1,67,67,0,128,0,1.0000,71,0.011517,-1,,button,1,67,67,0,128,0,1.0000,71,7.296458,42,42,67,0,0,0,0.4,risk_path,4,Bot1|Bot2|Bot3|Bot4,,1,0
452,0.30,75,440,4253021220,2834508363,3667,0.651911,506,1400,26-8,16-57,57-74,77,59,103,97,70,58,1,0,1,77,0,,198,1,77,121,1,button,1,77,77,0,121,0,1.0000,287,0.004338,-1,-1,button,1,77,77,0,121,0,1.0000,287,0.035382,,-1,button,1,77,77,0,121,0,1.0000,287,0.034714,-1,,button,1,77,77,0,121,0,1.0000,287,9.802789,1,1,77,0,0,0,0.4,risk_path,4,Bot1|Bot2|Bot3|Bot4,,1,0
453,0.30,75,440,2952658635,970395582,3617,0.643022,500,1329,73-24,20-35,66-32,74,64,55,15,63,49,1,0,1,74,0,,169,1,74,95,1,button,1,74,74,0,37,0,1.0000,219,0.004102,-1,-1,button,1,74,74,0,37,0,1.0000,219,0.020511,,-1,button,1,74,74,0,37,0,1.0000,219,0.019875,-1,,button,1,74,74,0,37,0,1.0000,219,8.760006,-1,-1,74,0,0,0,0.4,risk_path,4,Bot1|Bot2|Bot3|Bot4,,1,0
454,0.30,75,440,473146384,3945293444,3628,0.644978,501,1342,49-65,65-42,31-59,53,39,28,24,65,51,0,0,1,53,1,53,197,1,53,144,1,button,1,53,53,0,76,0,1.0000,205,0.002632,-1,-1,button,1,53,53,0,76,0,1.0000,205,0.013424,,-1,button,1,53,53,0,76,0,1.0000,205,0.010982,-1,,button,1,53,53,0,76,0,1.0000,205,4.642481,24,24,53,0,0,0,0.4,risk_path,4,Bot1|Bot2|Bot3|Bot4,,1,0
455,0.30,75,440,2903495406,1402952168,3639,0.646933,510,1381,26-31,73-0,14-53,80,78,44,34,112,112,0,0,1,80,1,80,293,1,80,213,1,button,1,80,80,0,123,0,1.0000,578,0.008989,-1,-1,button,1,80,80,0,123,0,1.0000,578,0.028136,,-1,button,1,80,80,0,123,0,1.0000,578,0.037579,-1,,button,1,80,80,0,123,0,1.0000,578,10.006245,37,37,80,0,0,0,0.4,risk_path,4,Bot1|Bot2|Bot3|Bot4,,1,0
456,0.30,75,440,1612596313,1606830779,3651,0.649067,494,1390,61-73,9-34,31-53,97,91,56,50,41,41,1,0,1,97,0,,138,1,107,31,0,walked_into_fire,0,42,42,0,-2,55,0.4330,165,0.003276,42,41,fire_reached_bot,0,44,43,1,0,54,0.4433,192,0.021439,,41,fire_reached_bot,0,176,138,38,-37,47,0.5155,,0.388872,41,,fire_reached_bot,0,44,43,1,0,54,0.4433,192,10.911401,-1,41,44,0,43,1,,no_path,0,,Bot1|Bot2|Bot3|Bot4,0,1
457,0.30,75,440,2590130515,196957734,3647,0.648356,507,1384,54-67,36-66,67-8,27,19,114,72,103,89,0,0,1,27,1,27,286,1,27,259,1,button,1,27,27,0,255,0,1.0000,49,0.000652,-1,-1,button,1,27,27,0,255,0,1.0000,49,0.002151,,-1,button,1,27,27,0,255,0,1.0000,49,0.002011,-1,,button,1,27,27,0,255,0,1.0000,49,1.240870,6,6,27,0,0,0,0.4,risk_path,4,Bot1|Bot2|Bot3|Bot4,,1,0
458,0.30,75,440,3410208556,1748041653,3630,0.645333,504,1401,43-42,53-52,35-68,20,20,44,34,38,34,0,0,1,20,1,20,102,1,20,82,1,button,1,20,20,0,80,0,1.0000,41,0.000396,-1,-1,button,1,20,20,0,80,0,1.0000,41,0.000809,,-1,button,1,20,20,0,80,0,1.0000,41,0.000848,-1,,button,1,20,20,0,80,0,1.0000,41,0.711662,1,1,20,0,0,0,0.4,risk_path,4,Bot1|Bot2|Bot3|Bot4,,1,0
459,0.30,75,440,1944609791,705594675,3674,0.653156,521,1406,73-3,42-69,11-71,103,97,132,130,43,33,1,0,1,103,0,,123,1,103,20,1,button,1,103,103,0,20,0,1.0000,524,0.012273,-1,-1,button,1,103,103,0,20,0,1.0000,524,0.058943,,-1,button,1,103,103,0,20,0,1.0000,524,0.074039,-1,,button,1,103,103,0,20,0,1.0000,524,18.144580,-1,-1,103,8,36,0,0.99,risk_path,4,Bot1|Bot2|Bot3|Bot4,,1,0
460,0.30,75,440,3380480183,1588023217,3661,0.650844,511,1422,4-70,35-43,9-64,60,58,11,11,49,47,1,0,1,60,0,,130,1,70,60,0,fire_reached_bot,0,10,10,0,0,50,0.1667,18,0.000896,9,8,button,1,74,74,0,7,0,1.0000,422,0.018722,,8,button,1,74,74,0,9,0,1.0000,422,0.023273,8,,button,1,70,70,0,9,0,1.0000,388,8.108226,8,15,70,0,0,0,0.4,risk_path,3,Bot2|Bot3|Bot4,Bot1,0,0
461,0.30,75,440,545968031,3785375886,3639,0.646933,498,1365,43-6,61-58,1-42,76,70,84,78,86,76,0,0,1,76,1,76,232,1,76,156,1,button,1,76,76,0,125,0,1.0000,255,0.002853,-1,-1,button,1,76,76,0,125,0,1.0000,255,0.023262,,-1,button,1,76,76,0,125,0,1.0000,255,0.027993,-1,,button,1,76,76,0,125,0,1.0000,255,9.287032,43,43,76,0,0,0,0.4,risk_path,4,Bot1|Bot2|Bot3|Bot4,,1,0
462,0.30,75,440,3450460134,238140626,3636,0.646400,504,1363,56-10,14-8,20-65,68,44,93,91,83,63,0,0,1,68,1,68,261,1,68,193,1,button,1,68,68,0,189,0,1.0000,271,0.002358,-1,-1,button,1,68,68,0,189,0,1.0000,271,0.012694,,-1,button,1,68,68,0,189,0,1.0000,271,0.016243,-1,,button,1,68,68,0,189,0,1.0000,271,7.906461,-1,-1,68,0,0,0,0.4,risk_path,4,Bot1|Bot2|Bot3|Bot4,,1,0
463,0.30,75,440,1149964191,3065534945,3643,0.647644,509,1362,40-25,17-31,0-32,35,29,63,47,36,18,0,0,1,35,1,35,93,1,35,58,1,button,1,35,35,0,58,0,1.0000,69,0.000638,-1,-1,button,1,35,35,0,58,0,1.0000,69,0.003017,,-1,button,1,35,35,0,58,0,1.0000,69,0.003186,-1,,button,1,35,35,0,58,0,1.0000,69,2.096426,2,2,35,0,0,0,0.4,risk_path,4,Bot1|Bot2|Bot3|Bot4,,1,0
464,0.30,75,440,2588932194,3317267967,3638,0.646756,502,1370,62-19,40-53,74-66,68,56,83,59,61,47,1,0,1,68,0,,202,1,68,134,1,button,1,68,68,0,120,0,1.0000,73,0.001655,-1,-1,button,1,68,68,0,120,0,1.0000,73,0.017832,,-1,button,1,68,68,0,120,0,1.0000,73,0.018842,-1,,button,1,68,68,0,120,0,1.0000,73,7.767888,-1,-1,68,0,0,0,0.4,risk_path,4,Bot1|Bot2|Bot3|Bot4,,1,0
465,0.30,75,440,283204915,3485829726,3629,0.645156,508,1367,64-59,65-68,21-63,12,10,71,47,71,49,0,0,1,12,1,12,227,1,12,215,1,button,1,12,12,0,209,0,1.0000,9,0.000096,-1,-1,button,1,12,12,0,209,0,1.0000,9,0.000287,,-1,button,1,12,12,0,209,0,1.0000,9,0.000285,-1,,button,1,12,12,0,209,0,1.0000,9,0.310437,-1,-1,12,0,0,0,0.4,risk_path,4,Bot1|Bot2|Bot3|Bot4,,1,0
466,0.30,75,440,519884690,3415390693,3660,0.650667,498,1397,42-44,2-19,17-64,65,65,47,45,82,60,0,0,1,65,1,65,189,1,65,124,1,button,1,65,65,0,86,0,1.0000,254,0.002330,-1,-1,button,1,65,65,0,86,0,1.0000,254,0.013364,,-1,button,1,65,65,0,86,0,1.0000,254,0.014810,-1,,button,1,65,65,0,86,0,1.0000,254,6.758560,-1,-1,65,0,0,0,0.4,risk_path,4,Bot1|Bot2|Bot3|Bot4,,1,0
467,0.30,75,440,3826963234,2865125719,3651,0.649067,514,1442,46-13,18-38,44-2,53,53,13,13,62,62,0,0,1,53,1,53,196,1,53,143,1,button,1,53,53,0,35,0,1.0000,159,0.001196,-1,-1,button,1,53,53,0,35,0,1.0000,159,0.004554,,-1,button,1,53,53,0,35,0,1.0000,159,0.005277,-1,,button,1,53,53,0,35,0,1.0000,159,4.487796,-1,-1,53,0,0,0,0.4,risk_path,4,Bot1|Bot2|Bot3|Bot4,,1,0
468,0.30,75,440,4243052957,3832579543,3655,0.649778,512,1362,20-47,35-34,1-59,40,28,31,31,67,59,0,0,1,40,1,40,160,1,40,120,1,button,1,40,40,0,59,0,1.0000,131,0.000919,-1,-1,button,1,40,40,0,59,0,1.0000,131,0.006115,,-1,button,1,40,40,0,59,0,1.0000,131,0.006920,-1,,button,1,40,40,0,59,0,1.0000,131,2.989995,11,11,40,0,0,0,0.4,risk_path,4,Bot1|Bot2|Bot3|Bot4,,1,0
469,0.30,75,440,2512400746,3515949097,3651,0.649067,508,1372,72-67,69-59,59-74,27,11,22,20,29,25,0,0,1,27,1,27,85,1,27,58,1,button,1,27,27,0,44,0,1.0000,46,0.000467,-1,-1,button,1,27,27,0,44,0,1.0000,46,0.002225,,-1,button,1,27,27,0,44,0,1.0000,46,0.002327,-1,,button,1,27,27,0,44,0,1.0000,46,1.244342,-1,-1,27,0,0,0,0.4,risk_path,4,Bot1|Bot2|Bot3|Bot4,,1,0
470,0.30,75,440,3413718978,1893227172,3673,0.652978,501,1432,59-29,30-55,41-69,67,55,72,58,33,25,1,0,1,67,0,,93,1,81,12,0,fire_reached_bot,0,57,57,0,0,10,0.8507,187,0.002345,56,55,fire_reached_bot,0,110,78,32,-16,35,0.4776,,0.176432,,55,fire_reached_bot,0,116,78,38,-22,37,0.4478,,0.423136,55,,fire_reached_bot,0,110,78,32,-16,35,0.4776,,12.120194,-1,55,110,32,39,32,0.99,no_path,0,,Bot1|Bot2|Bot3|Bot4,0,1
471,0.30,75,440,503817407,3717343413,3672,0.652800,514,1425,13-45,72-30,24-35,84,74,23,21,75,53,1,0,1,84,0,,215,1,90,125,0,fire_reached_bot,0,19,19,0,0,65,0.2262,42,0.001249,18,17,button,1,94,94,0,3,0,1.0000,1145,0.050202,,17,button,1,90,90,0,7,0,1.0000,1051,0.055483,17,,button,1,110,110,0,7,0,1.0000,1483,14.485835,17,19,110,0,0,0,0.4,risk_path,3,Bot2|Bot3|Bot4,Bot1,0,0
472,0.30,75,440,2819638129,3975689994,3623,0.644089,510,1354,74-33,36-23,31-36,66,48,70,46,34,18,1,0,1,66,0,,91,1,66,25,1,button,1,66,66,0,24,0,1.0000,292,0.003773,-1,-1,button,1,66,66,0,24,0,1.0000,292,0.022198,,-1,button,1,66,66,0,24,0,1.0000,292,0.025903,-1,,button,1,66,66,0,24,0,1.0000,292,7.640397,-1,-1,66,19,1,0,0.99,risk_path,4,Bot1|Bot2|Bot3|Bot4,,1,0
473,0.30,75,440,2272994969,415899555,3671,0.652622,516,1414,5-54,58-0,43-33,113,107,75,59,50,48,1,0,1,113,0,,150,1,129,21,0,walked_into_fire,0,66,66,0,-2,47,0.5841,280,0.003310,63,62,fire_reached_bot,0,117,117,0,0,54,0.5221,1198,0.079944,,62,fire_reached_bot,0,131,119,12,0,60,0.4690,1585,0.174207,62,,fire_reached_bot,0,117,117,0,0,54,0.5221,1198,25.009566,-1,62,117,0,117,0,,shortest_path_fallback,0,,Bot1|Bot2|Bot3|Bot4,0,1
474,0.30,75,440,3800817311,3697787141,3626,0.644622,492,1343,5-7,13-60,73-20,75,61,97,81,102,100,0,0,1,75,1,75,243,1,75,168,1,button,1,75,75,0,155,0,1.0000,268,0.002756,-1,-1,button,1,75,75,0,155,0,1.0000,268,0.020890,,-1,button,1,75,75,0,155,0,1.0000,268,0.024454,-1,,button,1,75,75,0,155,0,1.0000,268,8.912191,12,12,75,0,0,0,0.4,risk_path,4,Bot1|Bot2|Bot3|Bot4,,1,0
475,0.30,75,440,3913921988,874549696,3647,0.648356,511,1362,56-1,38-43,52-0,66,60,15,5,67,57,0,0,1,66,1,66,193,1,66,127,1,button,1,66,66,0,36,0,1.0000,114,0.001315,-1,-1,button,1,66,66,0,36,0,1.0000,114,0.014946,,-1,button,1,66,66,0,36,0,1.0000,114,0.018821,-1,,button,1,66,66,0,36,0,1.0000,114,7.412956,-1,-1,66,0,0,0,0.4,risk_path,4,Bot1|Bot2|Bot3|Bot4,,1,0
476,0.30,75,440,2149910873,4090412208,3621,0.643733,513,1361,26-55,26-4,18-31,83,51,34,32,49,35,1,0,1,83,0,,133,1,91,42,0,walked_into_fire,0,43,43,0,-1,40,0.5181,168,0.002333,43,42,fire_reached_bot,0,107,107,0,0,8,0.9036,989,0.054763,,42,button,1,107,107,0,4,0,1.0000,964,0.089336,42,,button,1,93,93,0,4,0,1.0000,730,13.117728,24,24,93,16,21,0,0.99,risk_path,2,Bot3|Bot4,Bot1|Bot2,0,0
477,0.30,75,440,2557168548,667988557,3659,0.650489,494,1407,58-32,54-42,13-19,30,14,66,58,80,64,0,0,1,30,1,30,211,1,30,181,1,button,1,30,30,0,148,0,1.0000,67,0.000580,-1,-1,button,1,30,30,0,148,0,1.0000,67,0.002481,,-1,button,1,30,30,0,148,0,1.0000,67,0.003806,-1,,button,1,30,30,0,148,0,1.0000,67,1.505170,27,27,30,0,0,0,0.4,risk_path,4,Bot1|Bot2|Bot3|Bot4,,1,0
478,0.30,75,440,364875584,1296068607,3621,0.643733,496,1338,45-17,14-59,55-11,91,73,20,16,105,89,0,0,1,91,1,91,313,1,91,222,1,button,1,91,91,0,59,0,1.0000,483,0.007146,-1,-1,button,1,91,91,0,59,0,1.0000,483,0.060343,,-1,button,1,91,91,0,59,0,1.0000,483,0.073769,-1,,button,1,91,91,0,59,0,1.0000,483,12.495308,-1,-1,91,0,0,0,0.4,risk_path,4,Bot1|Bot2|Bot3|Bot4,,1,0
479,0.30,75,440,1145681825,3225904011,3615,0.642667,492,1333,39-32,63-60,60-51,54,52,42,40,14,12,1,0,1,54,0,,53,0,,,0,walked_into_fire,0,41,41,0,-1,13,0.7593,66,0.001425,39,38,fire_reached_bot,0,95,53,42,-41,31,0.4259,,0.209946,,38,fire_reached_bot,0,103,53,50,-49,33,0.3889,,0.517326,38,,fire_reached_bot,0,95,53,42,-41,31,0.4259,,7.534274,-1,38,95,0,53,42,,no_path,0,,Bot1|Bot2|Bot3|Bot4,0,1
480,0.30,75,440,348230519,1372939948,3638,0.646756,505,1386,59-43,51-1,23-1,54,50,82,78,52,28,1,0,1,54,0,,148,1,54,94,1,button,1,54,54,0,93,0,1.0000,148,0.001915,-1,-1,button,1,54,54,0,93,0,1.0000,148,0.006987,,-1,button,1,54,54,0,93,0,1.0000,148,0.007922,-1,,button,1,54,54,0,93,0,1.0000,148,4.678210,-1,-1,54,0,0,0,0.4,risk_path,4,Bot1|Bot2|Bot3|Bot4,,1,0
481,0.30,75,440,1613761028,1186564994,3628,0.644978,490,1360,42-69,73-38,64-51,70,62,44,40,32,22,1,0,1,70,0,,99,1,70,29,1,button,1,70,70,0,2,0,1.0000,330,0.005427,-1,-1,button,1,70,70,0,2,0,1.0000,330,0.023319,,-1,button,1,70,70,0,2,0,1.0000,330,0.023279,-1,,button,1,70,70,0,2,0,1.0000,330,8.792815,-1,-1,70,9,31,0,0.99,risk_path,4,Bot1|Bot2|Bot3|Bot4,,1,0
482,0.30,75,440,2244013405,2091786480,3633,0.645867,501,1376,17-42,31-61,59-17,39,33,75,67,92,72,0,0,1,39,1,39,254,1,39,215,1,button,1,39,39,0,215,0,1.0000,122,0.001367,-1,-1,button,1,39,39,0,215,0,1.0000,122,0.005339,,-1,button,1,39,39,0,215,0,1.0000,122,0.005982,-1,,button,1,39,39,0,213,0,1.0000,122,2.443389,10,10,39,0,0,0,0.4,risk_path,4,Bot1|Bot2|Bot3|Bot4,,1,0
483,0.30,75,440,944778932,1478825027,3640,0.647111,504,1358,32-47,39-21,6-61,37,33,54,40,91,73,0,0,1,37,1,37,243,1,37,206,1,button,1,37,37,0,143,0,1.0000,65,0.000648,-1,-1,button,1,37,37,0,143,0,1.0000,65,0.002244,,-1,button,1,37,37,0,143,0,1.0000,65,0.002453,-1,,button,1,37,37,0,143,0,1.0000,65,2.303016,7,7,37,0,0,0,0.4,risk_path,4,Bot1|Bot2|Bot3|Bot4,,1,0
484,0.30,75,440,575576,2379172882,3653,0.649422,507,1391,49-28,31-22,13-1,24,24,65,63,41,39,0,0,1,24,1,24,118,1,24,94,1,button,1,24,24,0,94,0,1.0000,12,0.000253,-1,-1,button,1,24,24,0,94,0,1.0000,12,0.001020,,-1,button,1,24,24,0,94,0,1.0000,12,0.001573,-1,,button,1,24,24,0,94,0,1.0000,12,1.004761,-1,-1,24,0,0,0,0.4,risk_path,4,Bot1|Bot2|Bot3|Bot4,,1,0
485,0.30,75,440,2872471504,826922753,3634,0.646044,499,1374,45-66,31-68,39-51,22,16,25,21,29,25,0,0,1,22,1,22,96,1,22,74,1,button,1,22,22,0,56,0,1.0000,53,0.000334,-1,-1,button,1,22,22,0,56,0,1.0000,53,0.001066,,-1,button,1,22,22,0,56,0,1.0000,53,0.001220,-1,,button,1,22,22,0,67,0,1.0000,53,0.842115,1,1,22,0,0,0,0.4,risk_path,4,Bot1|Bot2|Bot3|Bot4,,1,0
486,0.30,75,440,2028298929,2150041132,3626,0.644622,502,1364,44-42,46-42,65-27,8,2,42,36,36,34,0,0,1,8,1,8,114,1,8,106,1,button,1,8,8,0,103,0,1.0000,7,0.000078,-1,-1,button,1,8,8,0,103,0,1.0000,7,0.000193,,-1,button,1,8,8,0,103,0,1.0000,7,0.000209,-1,,button,1,8,8,0,103,0,1.0000,7,0.183196,-1,-1,8,0,0,0,0.4,risk_path,4,Bot1|Bot2|Bot3|Bot4,,1,0
487,0.30,75,440,2834803892,1468566193,3640,0.647111,512,1367,16-6,32-47,25-59,69,57,88,62,23,19,1,0,1,69,0,,71,1,69,2,1,button,1,69,69,0,1,0,1.0000,111,0.001585,-1,60,button,1,69,69,0,1,0,1.0000,111,0.018305,,60,fire_reached_bot,0,82,71,11,-10,4,0.9420,,0.142669,60,,button,1,69,69,0,1,0,1.0000,111,9.104221,-1,60,69,6,60,0,0.99,risk_path,3,Bot1|Bot2|Bot4,Bot3,0,0
488,0.30,75,440,1595770306,3510375444,3647,0.648356,509,1358,34-49,38-18,27-62,53,35,40,20,81,55,0,0,1,53,1,53,226,1,53,173,1,button,1,53,53,0,122,0,1.0000,264,0.002117,-1,-1,button,1,53,53,0,122,0,1.0000,264,0.010121,,-1,button,1,53,53,0,122,0,1.0000,264,0.011927,-1,,button,1,53,53,0,122,0,1.0000,264,4.535015,4,4,53,0,0,0,0.4,risk_path,4,Bot1|Bot2|Bot3|Bot4,,1,0
489,0.30,75,440,4171940784,3372629387,3636,0.646400,499,1366,69-26,7-39,72-72,87,75,81,49,106,98,0,0,1,87,1,87,313,1,87,226,1,button,1,87,87,0,168,0,1.0000,172,0.002514,-1,-1,button,1,87,87,0,168,0,1.0000,172,0.034386,,-1,button,1,87,87,0,168,0,1.0000,172,0.036356,-1,,button,1,87,87,0,186,0,1.0000,172,12.363632,24,24,87,0,0,0,0.4,risk_path,4,Bot1|Bot2|Bot3|Bot4,,1,0
490,0.30,75,440,3646037766,3925754981,3637,0.646578,497,1370,8-53,48-10,13-11,87,83,61,47,62,36,1,0,1,87,0,,196,1,87,109,1,button,1,87,87,0,57,0,1.0000,304,0.003189,-1,-1,button,1,87,87,0,57,0,1.0000,304,0.031532,,-1,button,1,87,87,0,57,0,1.0000,304,0.036356,-1,,button,1,87,87,0,73,0,1.0000,304,12.432068,7,7,87,0,0,0,0.4,risk_path,4,Bot1|Bot2|Bot3|Bot4,,1,0
491,0.30,75,440,1715550879,3700416209,3644,0.647822,514,1416,15-65,62-11,56-66,107,101,64,42,87,61,1,0,1,107,0,,250,1,107,143,1,button,1,107,107,0,75,0,1.0000,728,0.010247,-1,-1,button,1,107,107,0,75,0,1.0000,728,0.067358,,-1,button,1,107,107,0,75,0,1.0000,728,0.098898,-1,,button,1,107,107,0,71,0,1.0000,728,16.902570,14,14,107,0,0,0,0.4,risk_path,4,Bot1|Bot2|Bot3|Bot4,,1,0
492,0.30,75,440,1948605556,4065344269,3640,0.647111,507,1371,51-69,52-25,18-50,63,45,52,52,61,59,1,0,1,63,0,,154,1,63,91,1,button,1,63,63,0,83,0,1.0000,474,0.003622,-1,-1,button,1,63,63,0,83,0,1.0000,474,0.015794,,-1,button,1,63,63,0,83,0,1.0000,474,0.025037,-1,,button,1,63,63,0,83,0,1.0000,474,6.147515,13,13,63,0,0,0,0.4,risk_path,4,Bot1|Bot2|Bot3|Bot4,,1,0
493,0.30,75,440,627320740,1943041704,3628,0.644978,504,1383,15-31,53-41,42-35,54,48,37,31,17,17,1,1,1,58,0,,55,0,,,0,walked_into_fire,0,27,27,0,-1,27,0.5000,51,0.000964,25,25,fire_reached_bot,0,67,55,12,-11,11,0.7963,,0.070841,,-1,fire_reached_bot,0,67,55,12,-11,11,0.7963,,0.162026,-1,,fire_reached_bot,0,67,55,12,-11,11,0.7963,,7.024454,-1,-1,67,9,46,12,0.99,no_path,0,,Bot1|Bot2|Bot3|Bot4,0,1
494,0.30,75,440,3909912075,2078630651,3651,0.649067,498,1390,32-62,42-47,11-0,29,25,101,83,82,78,0,0,1,29,1,29,215,1,29,186,1,button,1,29,29,0,172,0,1.0000,69,0.000402,-1,-1,button,1,29,29,0,172,0,1.0000,69,0.002175,,-1,button,1,29,29,0,172,0,1.0000,69,0.001715,-1,,button,1,29,29,0,172,0,1.0000,69,1.458094,-1,-1,29,0,0,0,0.4,risk_path,4,Bot1|Bot2|Bot3|Bot4,,1,0
495,0.30,75,440,1510466362,86062878,3646,0.648178,503,1410,1-6,28-20,9-50,43,41,82,52,65,49,0,0,1,43,1,43,211,1,43,168,1,button,1,43,43,0,168,0,1.0000,90,0.000720,-1,-1,button,1,43,43,0,168,0,1.0000,90,0.006629,,-1,button,1,43,43,0,168,0,1.0000,90,0.005019,-1,,button,1,43,43,0,168,0,1.0000,90,3.083253,24,24,43,0,0,0,0.4,risk_path,4,Bot1|Bot2|Bot3|Bot4,,1,0
496,0.30,75,440,1673293873,26139537,3663,0.651200,514,1389,47-11,12-26,34-36,62,50,44,38,46,32,1,0,1,62,0,,133,1,62,71,1,button,1,62,62,0,52,0,1.0000,327,0.002823,-1,-1,button,1,62,62,0,52,0,1.0000,327,0.017532,,-1,button,1,62,62,0,52,0,1.0000,327,0.022242,-1,,button,1,62,62,0,52,0,1.0000,327,6.099169,-1,-1,62,0,0,0,0.4,risk_path,4,Bot1|Bot2|Bot3|Bot4,,1,0
497,0.30,75,440,475465390,3774680164,3640,0.647111,505,1390,35-60,0-27,45-26,72,68,48,44,60,46,1,0,1,72,0,,157,1,72,85,1,button,1,72,72,0,67,0,1.0000,489,0.004103,-1,-1,button,1,72,72,0,67,0,1.0000,489,0.016868,,-1,button,1,72,72,0,67,0,1.0000,489,0.027320,-1,,button,1,72,72,0,67,0,1.0000,489,8.342816,-1,-1,72,0,0,0,0.4,risk_path,4,Bot1|Bot2|Bot3|Bot4,,1,0
498,0.30,75,440,662792833,1871343044,3645,0.648000,508,1402,32-8,35-37,6-34,48,32,60,52,40,32,1,0,1,48,0,,149,1,48,101,1,button,1,48,48,0,87,0,1.0000,124,0.001262,-1,-1,button,1,48,48,0,87,0,1.0000,124,0.011108,,-1,button,1,48,48,0,87,0,1.0000,124,0.013427,-1,,button,1,48,48,0,87,0,1.0000,124,3.700465,39,39,48,0,0,0,0.4,risk_path,4,Bot1|Bot2|Bot3|Bot4,,1,0
499,0.30,75,440,2014376753,1909772166,3652,0.649244,495,1363,33-38,36-40,60-38,5,5,57,27,54,26,0,0,1,5,1,5,138,1,5,133,1,button,1,5,5,0,133,0,1.0000,1,0.000040,-1,-1,button,1,5,5,0,133,0,1.0000,1,0.000121,,-1,button,1,5,5,0,133,0,1.0000,1,0.000133,-1,,button,1,5,5,0,133,0,1.0000,1,0.100622,-1,-1,5,0,0,0,0.4,risk_path,4,Bot1|Bot2|Bot3|Bot4,,1,0
