scenario_id,q,grid_size,seed,layout_seed,fire_seed,open_cells,open_fraction,dead_ends,junctions,start,button,fire_start,start_button_dist,start_button_manhattan,start_fire_dist,start_fire_manhattan,button_fire_dist,button_fire_manhattan,fire_closer_to_button,fire_start_on_shortest_path,path_exists_avoiding_fire_start,bot1_path_len,guaranteed_win,guaranteed_win_route_len,fire_button_time,oracle_win,oracle_route_len,oracle_margin,bot1_predicted_win,Bot1_result,Bot1_success,Bot1_steps,Bot1_moves,Bot1_waits,Bot1_min_slack,Bot1_final_dist_to_button,Bot1_progress_to_button,Bot1_fire_cells_at_end,Bot1_trial_seconds,Bot1_diverges_from_Bot2,Bot1_diverges_from_Bot3,Bot2_result,Bot2_success,Bot2_steps,Bot2_moves,Bot2_waits,Bot2_min_slack,Bot2_final_dist_to_button,Bot2_progress_to_button,Bot2_fire_cells_at_end,Bot2_trial_seconds,Bot2_diverges_from_Bot2,Bot2_diverges_from_Bot3,Bot3_result,Bot3_success,Bot3_steps,Bot3_moves,Bot3_waits,Bot3_min_slack,Bot3_final_dist_to_button,Bot3_progress_to_button,Bot3_fire_cells_at_end,Bot3_trial_seconds,Bot3_diverges_from_Bot2,Bot3_diverges_from_Bot3,Bot4_result,Bot4_success,Bot4_steps,Bot4_moves,Bot4_waits,Bot4_min_slack,Bot4_final_dist_to_button,Bot4_progress_to_button,Bot4_fire_cells_at_end,Bot4_trial_seconds,Bot4_diverges_from_Bot2,Bot4_diverges_from_Bot3,Bot4_plan_count,Bot4_relaxed_count,Bot4_fallback_count,Bot4_no_path_count,Bot4_max_active_threshold,Bot4_final_strategy,n_bots_succeeded,succeeded_bots,failed_bots,all_bots_succeeded,all_bots_failed
0,0.25,75,440,1268951711,594470288,3627,0.644800,505,1370,17-28,16-61,4-73,52,34,68,58,26,24,1,0,1,52,0,,99,1,52,47,1,button,1,52,52,0,41,0,1.0000,120,0.001599,-1,-1,button,1,52,52,0,41,0,1.0000,120,0.009456,,-1,button,1,52,52,0,41,0,1.0000,120,0.009882,-1,,button,1,52,52,0,41,0,1.0000,120,5.274495,-1,-1,52,0,0,0,0.4,risk_path,4,Bot1|Bot2|Bot3|Bot4,,1,0
1,0.25,75,440,2520073151,427107123,3637,0.646578,501,1318,1-73,6-66,34-48,14,12,72,58,60,46,0,0,1,14,1,14,223,1,14,209,1,button,1,14,14,0,209,0,1.0000,10,0.000237,-1,-1,button,1,14,14,0,209,0,1.0000,10,0.000368,,-1,button,1,14,14,0,209,0,1.0000,10,0.000407,-1,,button,1,14,14,0,209,0,1.0000,10,0.470190,12,12,14,0,0,0,0.4,risk_path,4,Bot1|Bot2|Bot3|Bot4,,1,0
2,0.25,75,440,1257125778,1539091741,3644,0.647822,495,1360,33-34,5-11,72-13,55,51,74,60,93,69,0,0,1,55,1,55,311,1,55,256,1,button,1,55,55,0,200,0,1.0000,146,0.001723,-1,-1,button,1,55,55,0,200,0,1.0000,146,0.009331,,-1,button,1,55,55,0,200,0,1.0000,146,0.010263,-1,,button,1,55,55,0,200,0,1.0000,146,6.453462,-1,-1,55,0,0,0,0.4,risk_path,4,Bot1|Bot2|Bot3|Bot4,,1,0
3,0.25,75,440,3219619760,4192021694,3647,0.648356,513,1356,57-62,26-5,53-47,110,88,43,19,75,69,1,0,1,110,0,,224,1,110,114,1,button,1,110,110,0,10,0,1.0000,777,0.010152,-1,-1,button,1,110,110,0,10,0,1.0000,777,0.076733,,-1,button,1,110,110,0,10,0,1.0000,777,0.081877,-1,,button,1,110,110,0,10,0,1.0000,777,21.242235,28,28,110,0,0,0,0.4,risk_path,4,Bot1|Bot2|Bot3|Bot4,,1,0
4,0.25,75,440,4248281429,536808686,3633,0.645867,506,1351,44-73,59-42,40-8,54,46,87,69,57,53,0,0,1,54,1,54,191,1,54,137,1,button,1,54,54,0,125,0,1.0000,146,0.002120,-1,-1,button,1,54,54,0,125,0,1.0000,146,0.013083,,-1,button,1,54,54,0,125,0,1.0000,146,0.009639,-1,,button,1,54,54,0,125,0,1.0000,146,5.374514,10,10,54,0,0,0,0.4,risk_path,4,Bot1|Bot2|Bot3|Bot4,,1,0
5,0.25,75,440,3037363144,91013559,3636,0.646400,501,1364,0-7,1-17,69-60,65,11,124,122,117,111,0,0,1,65,1,65,368,1,65,303,1,button,1,65,65,0,243,0,1.0000,286,0.003247,-1,-1,button,1,65,65,0,243,0,1.0000,286,0.022369,,-1,button,1,65,65,0,243,0,1.0000,286,0.022575,-1,,button,1,65,65,0,243,0,1.0000,286,7.612611,-1,-1,65,0,0,0,0.4,risk_path,4,Bot1|Bot2|Bot3|Bot4,,1,0
6,0.25,75,440,1074636703,574306319,3647,0.648356,496,1322,54-62,27-69,48-74,44,34,18,18,28,26,1,0,1,44,0,,105,1,44,61,1,button,1,44,44,0,31,0,1.0000,41,0.000650,-1,-1,button,1,44,44,0,31,0,1.0000,41,0.005548,,-1,button,1,44,44,0,31,0,1.0000,41,0.004912,-1,,button,1,44,44,0,31,0,1.0000,41,3.600990,-1,-1,44,1,0,0,0.6,risk_path,4,Bot1|Bot2|Bot3|Bot4,,1,0
7,0.25,75,440,1849467998,3035649632,3658,0.650311,499,1404,22-44,18-46,73-3,6,6,92,92,98,98,0,0,1,6,1,6,311,1,6,305,1,button,1,6,6,0,300,0,1.0000,14,0.000083,-1,-1,button,1,6,6,0,300,0,1.0000,14,0.000108,,-1,button,1,6,6,0,300,0,1.0000,14,0.000141,-1,,button,1,6,6,0,300,0,1.0000,14,0.146569,-1,-1,6,0,0,0,0.4,risk_path,4,Bot1|Bot2|Bot3|Bot4,,1,0
8,0.25,75,440,2909181240,3215246687,3620,0.643556,506,1362,12-1,70-49,6-29,106,106,62,34,92,84,1,0,1,106,0,,327,1,106,221,1,button,1,106,106,0,66,0,1.0000,547,0.006071,-1,-1,button,1,106,106,0,66,0,1.0000,547,0.031468,,-1,button,1,106,106,0,66,0,1.0000,547,0.034371,-1,,button,1,106,106,0,66,0,1.0000,547,19.106045,8,8,106,0,0,0,0.4,risk_path,4,Bot1|Bot2|Bot3|Bot4,,1,0
9,0.25,75,440,3923003300,2956249458,3664,0.651378,525,1435,41-54,51-65,1-72,21,21,64,58,71,57,0,0,1,21,1,21,223,1,21,202,1,button,1,21,21,0,177,0,1.0000,51,0.000311,-1,-1,button,1,21,21,0,177,0,1.0000,51,0.000971,,-1,button,1,21,21,0,177,0,1.0000,51,0.001027,-1,,button,1,21,21,0,177,0,1.0000,51,0.837660,7,7,21,0,0,0,0.4,risk_path,4,Bot1|Bot2|Bot3|Bot4,,1,0
10,0.25,75,440,4156351459,864755998,3658,0.650311,493,1376,2-7,26-2,45-26,33,29,64,62,47,43,0,0,1,33,1,33,146,1,33,113,1,button,1,33,33,0,113,0,1.0000,39,0.000414,-1,-1,button,1,33,33,0,113,0,1.0000,39,0.002780,,-1,button,1,33,33,0,113,0,1.0000,39,0.002533,-1,,button,1,33,33,0,104,0,1.0000,39,2.375584,28,28,33,0,0,0,0.4,risk_path,4,Bot1|Bot2|Bot3|Bot4,,1,0
11,0.25,75,440,1031185214,4103681230,3664,0.651378,508,1398,69-16,41-61,63-36,77,73,28,26,51,47,1,0,1,77,0,,202,1,79,123,0,fire_reached_bot,0,25,25,0,0,52,0.3247,47,0.001127,25,12,button,1,105,105,0,1,0,1.0000,469,0.047966,,12,button,1,79,79,0,11,0,1.0000,317,0.028864,12,,button,1,79,79,0,11,0,1.0000,317,10.140058,3,3,79,0,0,0,0.4,risk_path,3,Bot2|Bot3|Bot4,Bot1,0,0
12,0.25,75,440,2377238433,762642544,3645,0.648000,497,1380,5-25,25-21,70-55,52,24,109,95,85,79,0,0,1,52,1,52,323,1,52,271,1,button,1,52,52,0,244,0,1.0000,151,0.001579,-1,-1,button,1,52,52,0,244,0,1.0000,151,0.014224,,-1,button,1,52,52,0,244,0,1.0000,151,0.011738,-1,,button,1,52,52,0,244,0,1.0000,151,4.617708,-1,-1,52,0,0,0,0.4,risk_path,4,Bot1|Bot2|Bot3|Bot4,,1,0
13,0.25,75,440,942222858,1891687492,3628,0.644978,514,1353,17-65,38-60,0-9,40,26,103,73,93,89,0,0,1,40,1,40,277,1,40,237,1,button,1,40,40,0,237,0,1.0000,32,0.000465,-1,-1,button,1,40,40,0,237,0,1.0000,32,0.006064,,-1,button,1,40,40,0,237,0,1.0000,32,0.003771,-1,,button,1,40,40,0,237,0,1.0000,32,2.657841,25,25,40,0,0,0,0.4,risk_path,4,Bot1|Bot2|Bot3|Bot4,,1,0
14,0.25,75,440,1794572316,2153723049,3632,0.645689,513,1338,29-67,13-50,1-15,37,33,80,80,47,47,0,0,1,37,1,37,192,1,37,155,1,button,1,37,37,0,155,0,1.0000,66,0.000557,-1,-1,button,1,37,37,0,155,0,1.0000,66,0.005668,,-1,button,1,37,37,0,155,0,1.0000,66,0.004098,-1,,button,1,37,37,0,155,0,1.0000,66,2.275486,-1,-1,37,0,0,0,0.4,risk_path,4,Bot1|Bot2|Bot3|Bot4,,1,0
15,0.25,75,440,2441200447,3899617149,3635,0.646222,492,1390,6-57,27-10,39-18,76,68,74,72,22,20,1,0,1,76,0,,73,0,,,0,walked_into_fire,0,57,57,0,-3,19,0.7500,240,0.002861,55,47,fire_reached_bot,0,131,73,58,-57,29,0.6184,,0.245236,,47,fire_reached_bot,0,118,73,45,-44,23,0.6974,,0.381559,47,,fire_reached_bot,0,131,73,58,-57,29,0.6184,,12.329248,-1,47,131,0,73,58,,no_path,0,,Bot1|Bot2|Bot3|Bot4,0,1
16,0.25,75,440,1409741764,2153672354,3659,0.650489,494,1408,10-46,25-53,31-39,26,22,36,28,22,20,1,0,1,26,0,,71,1,26,45,1,button,1,26,26,0,41,0,1.0000,45,0.000342,-1,-1,button,1,26,26,0,41,0,1.0000,45,0.001402,,-1,button,1,26,26,0,41,0,1.0000,45,0.001590,-1,,button,1,26,26,0,43,0,1.0000,45,1.192631,8,8,26,0,0,0,0.4,risk_path,4,Bot1|Bot2|Bot3|Bot4,,1,0
17,0.25,75,440,4196951117,430857384,3656,0.649956,505,1381,14-41,64-28,8-72,71,63,55,37,102,100,0,0,1,71,1,71,366,1,71,295,1,button,1,71,71,0,138,0,1.0000,164,0.002117,-1,-1,button,1,71,71,0,138,0,1.0000,164,0.014235,,-1,button,1,71,71,0,138,0,1.0000,164,0.016075,-1,,button,1,71,71,0,138,0,1.0000,164,9.055154,24,24,71,0,0,0,0.4,risk_path,4,Bot1|Bot2|Bot3|Bot4,,1,0
18,0.25,75,440,4233149764,1616157659,3637,0.646578,497,1393,11-0,16-18,0-66,29,23,99,77,86,64,0,0,1,29,1,29,294,1,29,265,1,button,1,29,29,0,247,0,1.0000,18,0.000284,-1,-1,button,1,29,29,0,247,0,1.0000,18,0.001802,,-1,button,1,29,29,0,247,0,1.0000,18,0.001886,-1,,button,1,29,29,0,247,0,1.0000,18,1.559468,-1,-1,29,0,0,0,0.4,risk_path,4,Bot1|Bot2|Bot3|Bot4,,1,0
19,0.25,75,440,4064511795,2171928469,3659,0.650489,507,1409,57-65,50-20,26-74,72,52,56,40,90,78,0,0,1,72,1,72,329,1,72,257,1,button,1,72,72,0,165,0,1.0000,158,0.002542,-1,-1,button,1,72,72,0,165,0,1.0000,158,0.021289,,-1,button,1,72,72,0,165,0,1.0000,158,0.022720,-1,,button,1,72,72,0,165,0,1.0000,158,9.378740,54,54,72,0,0,0,0.4,risk_path,4,Bot1|Bot2|Bot3|Bot4,,1,0
20,0.25,75,440,1699899743,2977238066,3632,0.645689,499,1358,65-61,56-62,5-33,12,10,94,88,84,80,0,0,1,12,1,12,274,1,12,262,1,button,1,12,12,0,260,0,1.0000,12,0.000168,-1,-1,button,1,12,12,0,260,0,1.0000,12,0.000249,,-1,button,1,12,12,0,260,0,1.0000,12,0.000301,-1,,button,1,12,12,0,260,0,1.0000,12,0.328987,-1,-1,12,0,0,0,0.4,risk_path,4,Bot1|Bot2|Bot3|Bot4,,1,0
21,0.25,75,440,2732194428,1130965774,3628,0.644978,500,1341,59-18,44-33,32-32,42,30,53,41,17,13,1,0,1,42,0,,56,1,42,14,1,button,1,42,42,0,14,0,1.0000,149,0.001270,-1,-1,button,1,42,42,0,14,0,1.0000,149,0.004664,,-1,button,1,42,42,0,14,0,1.0000,149,0.005438,-1,,button,1,42,42,0,14,0,1.0000,149,3.476959,3,3,42,20,2,0,0.99,risk_path,4,Bot1|Bot2|Bot3|Bot4,,1,0
22,0.25,75,440,2997683836,1911204995,3630,0.645333,512,1370,1-26,1-47,5-0,43,21,52,30,83,51,0,0,1,43,1,43,310,1,43,267,1,button,1,43,43,0,195,0,1.0000,54,0.000608,-1,-1,button,1,43,43,0,195,0,1.0000,54,0.004631,,-1,button,1,43,43,0,195,0,1.0000,54,0.005457,-1,,button,1,43,43,0,195,0,1.0000,54,3.495814,-1,-1,43,0,0,0,0.4,risk_path,4,Bot1|Bot2|Bot3|Bot4,,1,0
23,0.25,75,440,1097742752,1414824977,3616,0.642844,520,1378,33-68,31-51,41-66,27,19,28,10,31,25,0,0,1,27,1,27,91,1,27,64,1,button,1,27,27,0,41,0,1.0000,29,0.000307,-1,-1,button,1,27,27,0,41,0,1.0000,29,0.001318,,-1,button,1,27,27,0,41,0,1.0000,29,0.001466,-1,,button,1,27,27,0,41,0,1.0000,29,1.489566,15,15,27,0,0,0,0.4,risk_path,4,Bot1|Bot2|Bot3|Bot4,,1,0
24,0.25,75,440,1337507337,2865046632,3623,0.644089,507,1335,32-73,70-9,19-6,112,102,98,80,76,54,1,0,1,112,0,,291,1,112,179,1,button,1,112,112,0,147,0,1.0000,258,0.004681,-1,-1,button,1,112,112,0,147,0,1.0000,258,0.074325,,-1,button,1,112,112,0,147,0,1.0000,258,0.077297,-1,,button,1,112,112,0,147,0,1.0000,258,27.864747,37,37,112,0,0,0,0.4,risk_path,4,Bot1|Bot2|Bot3|Bot4,,1,0
25,0.25,75,440,2498745009,4169581797,3635,0.646222,494,1385,46-65,45-48,5-39,32,18,69,67,59,49,0,0,1,32,1,32,180,1,32,148,1,button,1,32,32,0,144,0,1.0000,83,0.000596,-1,-1,button,1,32,32,0,144,0,1.0000,83,0.003008,,-1,button,1,32,32,0,144,0,1.0000,83,0.003326,-1,,button,1,32,32,0,148,0,1.0000,83,2.411050,27,27,32,0,0,0,0.4,risk_path,4,Bot1|Bot2|Bot3|Bot4,,1,0
26,0.25,75,440,702485085,3014187463,3632,0.645689,514,1384,50-33,57-15,62-49,27,25,30,28,49,39,0,0,1,27,1,27,183,1,27,156,1,button,1,27,27,0,103,0,1.0000,21,0.000313,-1,-1,button,1,27,27,0,103,0,1.0000,21,0.001407,,-1,button,1,27,27,0,103,0,1.0000,21,0.001661,-1,,button,1,27,27,0,103,0,1.0000,21,1.794340,9,9,27,0,0,0,0.4,risk_path,4,Bot1|Bot2|Bot3|Bot4,,1,0
27,0.25,75,440,643282798,4265031986,3649,0.648711,511,1394,1-17,44-11,69-37,79,49,110,88,53,51,1,0,1,79,0,,174,1,79,95,1,button,1,79,79,0,95,0,1.0000,229,0.003227,-1,-1,button,1,79,79,0,95,0,1.0000,229,0.026454,,-1,button,1,79,79,0,95,0,1.0000,229,0.029174,-1,,button,1,79,79,0,95,0,1.0000,229,14.257143,5,5,79,0,0,0,0.4,risk_path,4,Bot1|Bot2|Bot3|Bot4,,1,0
28,0.25,75,440,1804062868,1517241965,3645,0.648000,508,1398,11-0,21-47,20-45,67,57,66,54,3,3,1,0,1,67,0,,7,0,,,0,walked_into_fire,0,56,56,0,-48,11,0.8358,,0.002486,8,8,fire_reached_bot,0,205,7,198,-197,60,0.1045,,0.782524,,-1,fire_reached_bot,0,205,7,198,-197,60,0.1045,,1.619052,-1,,fire_reached_bot,0,205,7,198,-197,60,0.1045,,3.531195,-1,-1,205,0,7,198,,no_path,0,,Bot1|Bot2|Bot3|Bot4,0,1
29,0.25,75,440,566956298,2924771251,3644,0.647822,501,1370,50-7,18-23,45-30,52,48,40,28,40,34,1,0,1,52,0,,158,1,52,106,1,button,1,52,52,0,74,0,1.0000,147,0.001301,-1,-1,button,1,52,52,0,74,0,1.0000,147,0.007055,,-1,button,1,52,52,0,74,0,1.0000,147,0.012556,-1,,button,1,52,52,0,74,0,1.0000,147,6.359607,-1,-1,52,0,0,0,0.4,risk_path,4,Bot1|Bot2|Bot3|Bot4,,1,0
30,0.25,75,440,2308806563,965244565,3657,0.650133,511,1407,30-30,52-69,10-51,77,61,45,41,68,60,1,0,1,77,0,,233,1,77,156,1,button,1,77,77,0,99,0,1.0000,384,0.004946,-1,-1,button,1,77,77,0,99,0,1.0000,384,0.036975,,-1,button,1,77,77,0,99,0,1.0000,384,0.051603,-1,,button,1,77,77,0,99,0,1.0000,384,14.818737,18,18,77,0,0,0,0.4,risk_path,4,Bot1|Bot2|Bot3|Bot4,,1,0
31,0.25,75,440,462864162,1041021291,3639,0.646933,509,1365,21-23,18-74,12-3,78,54,35,29,107,77,0,0,1,78,1,78,353,1,78,275,1,button,1,78,78,0,80,0,1.0000,287,0.004065,-1,-1,button,1,78,78,0,80,0,1.0000,287,0.027612,,-1,button,1,78,78,0,80,0,1.0000,287,0.035052,-1,,button,1,78,78,0,80,0,1.0000,287,14.358709,-1,-1,78,0,0,0,0.4,risk_path,4,Bot1|Bot2|Bot3|Bot4,,1,0
32,0.25,75,440,1155299482,2171726374,3641,0.647289,493,1387,25-45,7-61,54-71,34,34,61,55,61,57,0,0,1,34,1,34,189,1,34,155,1,button,1,34,34,0,132,0,1.0000,91,0.000694,-1,-1,button,1,34,34,0,132,0,1.0000,91,0.001948,,-1,button,1,34,34,0,132,0,1.0000,91,0.003023,-1,,button,1,34,34,0,132,0,1.0000,91,2.784489,-1,-1,34,0,0,0,0.4,risk_path,4,Bot1|Bot2|Bot3|Bot4,,1,0
33,0.25,75,440,2179890998,1736700740,3656,0.649956,513,1434,34-4,10-2,6-32,38,26,62,56,50,34,0,0,1,38,1,38,205,1,38,167,1,button,1,38,38,0,122,0,1.0000,14,0.000510,-1,-1,button,1,38,38,0,122,0,1.0000,14,0.003896,,-1,button,1,38,38,0,122,0,1.0000,14,0.004737,-1,,button,1,38,38,0,122,0,1.0000,14,3.663529,-1,-1,38,0,0,0,0.4,risk_path,4,Bot1|Bot2|Bot3|Bot4,,1,0
34,0.25,75,440,1845197330,3869115511,3638,0.646756,501,1332,22-74,62-5,5-2,117,109,105,89,100,60,1,0,1,117,0,,308,1,117,191,1,button,1,117,117,0,117,0,1.0000,308,0.006737,-1,-1,button,1,117,117,0,117,0,1.0000,308,0.077065,,-1,button,1,117,117,0,117,0,1.0000,308,0.091806,-1,,button,1,117,117,0,117,0,1.0000,308,31.474980,25,25,117,0,0,0,0.4,risk_path,4,Bot1|Bot2|Bot3|Bot4,,1,0
35,0.25,75,440,2606653398,2211110660,3655,0.649778,520,1407,30-55,10-46,12-4,33,29,77,69,54,44,0,0,1,33,1,33,186,1,33,153,1,button,1,33,33,0,153,0,1.0000,64,0.000880,-1,-1,button,1,33,33,0,153,0,1.0000,64,0.002410,,-1,button,1,33,33,0,153,0,1.0000,64,0.003693,-1,,button,1,33,33,0,153,0,1.0000,64,2.670434,-1,-1,33,0,0,0,0.4,risk_path,4,Bot1|Bot2|Bot3|Bot4,,1,0
36,0.25,75,440,185924975,3982104193,3640,0.647111,501,1382,69-56,63-24,28-5,56,38,104,92,68,54,0,0,1,56,1,56,268,1,56,212,1,button,1,56,56,0,194,0,1.0000,49,0.001532,-1,-1,button,1,56,56,0,194,0,1.0000,49,0.014371,,-1,button,1,56,56,0,194,0,1.0000,49,0.019085,-1,,button,1,56,56,0,195,0,1.0000,49,7.886354,49,49,56,0,0,0,0.4,risk_path,4,Bot1|Bot2|Bot3|Bot4,,1,0
37,0.25,75,440,3568169848,3649924492,3650,0.648889,506,1389,70-37,57-65,26-62,57,41,93,69,66,34,0,0,1,57,1,57,271,1,57,214,1,button,1,57,57,0,211,0,1.0000,19,0.001423,-1,-1,button,1,57,57,0,211,0,1.0000,19,0.012588,,-1,button,1,57,57,0,211,0,1.0000,19,0.017058,-1,,button,1,57,57,0,211,0,1.0000,19,7.923959,-1,-1,57,0,0,0,0.4,risk_path,4,Bot1|Bot2|Bot3|Bot4,,1,0
38,0.25,75,440,3097759363,742922130,3644,0.647822,512,1377,53-33,58-19,16-17,25,19,57,53,64,44,0,0,1,25,1,25,239,1,25,214,1,button,1,25,25,0,188,0,1.0000,73,0.000517,-1,-1,button,1,25,25,0,188,0,1.0000,73,0.001538,,-1,button,1,25,25,0,188,0,1.0000,73,0.002542,-1,,button,1,25,25,0,188,0,1.0000,73,1.591104,11,11,25,0,0,0,0.4,risk_path,4,Bot1|Bot2|Bot3|Bot4,,1,0
39,0.25,75,440,3219368855,3088895621,3631,0.645511,504,1368,38-4,59-25,64-72,50,42,100,94,70,52,0,0,1,50,1,50,220,1,50,170,1,button,1,50,50,0,170,0,1.0000,108,0.001447,-1,-1,button,1,50,50,0,170,0,1.0000,108,0.010692,,-1,button,1,50,50,0,170,0,1.0000,108,0.015132,-1,,button,1,50,50,0,170,0,1.0000,108,5.861654,2,2,50,0,0,0,0.4,risk_path,4,Bot1|Bot2|Bot3|Bot4,,1,0
40,0.25,75,440,3029962385,3015429521,3622,0.643911,504,1322,30-34,46-20,61-2,32,30,67,63,43,33,0,0,1,32,1,32,160,1,32,128,1,button,1,32,32,0,117,0,1.0000,56,0.000824,-1,-1,button,1,32,32,0,117,0,1.0000,56,0.002008,,-1,button,1,32,32,0,117,0,1.0000,56,0.003313,-1,,button,1,32,32,0,117,0,1.0000,56,2.820645,13,13,32,0,0,0,0.4,risk_path,4,Bot1|Bot2|Bot3|Bot4,,1,0
41,0.25,75,440,4017667363,2471176468,3640,0.647111,508,1366,47-32,62-11,3-74,48,36,92,86,138,122,0,0,1,48,1,48,460,1,48,412,1,button,1,48,48,0,299,0,1.0000,47,0.001404,-1,-1,button,1,48,48,0,299,0,1.0000,47,0.008370,,-1,button,1,48,48,0,299,0,1.0000,47,0.011419,-1,,button,1,48,48,0,299,0,1.0000,47,5.562948,-1,-1,48,0,0,0,0.4,risk_path,4,Bot1|Bot2|Bot3|Bot4,,1,0
42,0.25,75,440,287415481,3615322627,3640,0.647111,512,1371,33-53,74-35,48-20,65,59,62,48,45,41,1,0,1,65,0,,181,1,65,116,1,button,1,65,65,0,52,0,1.0000,187,0.001959,-1,-1,button,1,65,65,0,52,0,1.0000,187,0.014842,,-1,button,1,65,65,0,52,0,1.0000,187,0.019735,-1,,button,1,65,65,0,64,0,1.0000,187,9.889252,14,14,65,0,0,0,0.4,risk_path,4,Bot1|Bot2|Bot3|Bot4,,1,0
43,0.25,75,440,3343635005,3613099639,3644,0.647822,513,1424,40-63,49-41,34-34,39,31,43,35,30,22,1,0,1,39,0,,72,1,39,33,1,button,1,39,39,0,27,0,1.0000,77,0.000865,-1,-1,button,1,39,39,0,27,0,1.0000,77,0.006038,,-1,button,1,39,39,0,27,0,1.0000,77,0.006983,-1,,button,1,39,39,0,27,0,1.0000,77,3.499559,1,1,39,0,0,0,0.4,risk_path,4,Bot1|Bot2|Bot3|Bot4,,1,0
44,0.25,75,440,2433726094,1705541714,3627,0.644800,494,1308,60-20,48-7,31-29,35,25,46,38,41,39,0,0,1,35,1,35,175,1,35,140,1,button,1,35,35,0,129,0,1.0000,84,0.000779,-1,-1,button,1,35,35,0,129,0,1.0000,84,0.004175,,-1,button,1,35,35,0,129,0,1.0000,84,0.004398,-1,,button,1,35,35,0,129,0,1.0000,84,3.001251,-1,-1,35,0,0,0,0.4,risk_path,4,Bot1|Bot2|Bot3|Bot4,,1,0
45,0.25,75,440,3245280877,583972034,3621,0.643733,504,1351,40-56,38-63,23-69,15,9,38,30,25,21,0,0,1,15,1,15,97,1,15,82,1,button,1,15,15,0,82,0,1.0000,5,0.000174,-1,-1,button,1,15,15,0,82,0,1.0000,5,0.000653,,-1,button,1,15,15,0,82,0,1.0000,5,0.000665,-1,,button,1,15,15,0,82,0,1.0000,5,0.626360,-1,-1,15,0,0,0,0.4,risk_path,4,Bot1|Bot2|Bot3|Bot4,,1,0
46,0.25,75,440,744039592,481665536,3664,0.651378,517,1383,42-67,5-61,36-15,65,43,76,58,87,77,0,0,1,65,1,65,310,1,65,245,1,button,1,65,65,0,228,0,1.0000,279,0.003856,-1,-1,button,1,65,65,0,228,0,1.0000,279,0.021967,,-1,button,1,65,65,0,228,0,1.0000,279,0.024072,-1,,button,1,65,65,0,228,0,1.0000,279,9.607704,-1,-1,65,0,0,0,0.4,risk_path,4,Bot1|Bot2|Bot3|Bot4,,1,0
47,0.25,75,440,1407365857,2116346229,3670,0.652444,517,1423,35-11,51-53,61-53,72,58,84,68,14,10,1,0,1,72,0,,56,0,,,0,walked_into_fire,0,68,68,0,-11,4,0.9444,,0.002828,56,56,fire_reached_bot,0,115,55,60,-58,17,0.7639,,0.339960,,-1,fire_reached_bot,0,115,55,60,-58,17,0.7639,,0.734756,-1,,fire_reached_bot,0,115,55,60,-58,17,0.7639,,14.137646,-1,-1,115,0,55,60,,no_path,0,,Bot1|Bot2|Bot3|Bot4,0,1
48,0.25,75,440,3906747135,3253557841,3652,0.649244,514,1378,38-31,19-45,43-34,35,33,8,8,37,35,0,0,1,35,1,35,153,1,35,118,1,button,1,35,35,0,38,0,1.0000,29,0.000518,-1,-1,button,1,35,35,0,38,0,1.0000,29,0.003573,,-1,button,1,35,35,0,38,0,1.0000,29,0.004274,-1,,button,1,35,35,0,38,0,1.0000,29,2.902989,-1,-1,35,0,0,0,0.4,risk_path,4,Bot1|Bot2|Bot3|Bot4,,1,0
49,0.25,75,440,568842183,2915534142,3635,0.646222,500,1368,31-65,44-71,44-59,47,19,31,19,16,12,1,1,1,101,0,,62,0,,,0,walked_into_fire,0,23,23,0,-1,24,0.4894,46,0.003641,18,18,fire_reached_bot,0,42,17,25,0,30,0.3617,89,0.160579,,-1,fire_reached_bot,0,42,17,25,0,30,0.3617,89,0.363874,-1,,fire_reached_bot,0,42,17,25,0,30,0.3617,89,8.768383,-1,-1,42,0,17,25,,no_path,0,,Bot1|Bot2|Bot3|Bot4,0,1
50,0.25,75,440,514431646,1809119261,3651,0.649067,517,1393,25-17,63-18,11-57,51,39,58,54,109,91,0,0,1,51,1,51,348,1,51,297,1,button,1,51,51,0,226,0,1.0000,57,0.000997,-1,-1,button,1,51,51,0,226,0,1.0000,57,0.007116,,-1,button,1,51,51,0,226,0,1.0000,57,0.009282,-1,,button,1,51,51,0,226,0,1.0000,57,6.328989,33,33,51,0,0,0,0.4,risk_path,4,Bot1|Bot2|Bot3|Bot4,,1,0
51,0.25,75,440,3235510554,1802600594,3623,0.644089,494,1355,2-10,68-24,9-57,110,80,66,54,94,92,1,0,1,110,0,,304,1,110,194,1,button,1,110,110,0,108,0,1.0000,618,0.010746,-1,-1,button,1,110,110,0,108,0,1.0000,618,0.104416,,-1,button,1,110,110,0,108,0,1.0000,618,0.117358,-1,,button,1,110,110,0,108,0,1.0000,618,26.751745,4,4,110,0,0,0,0.4,risk_path,4,Bot1|Bot2|Bot3|Bot4,,1,0
52,0.25,75,440,639085731,3543395183,3638,0.646756,515,1390,32-9,6-35,41-25,56,52,25,25,51,45,1,0,1,56,0,,194,1,56,138,1,button,1,56,56,0,36,0,1.0000,233,0.001940,-1,-1,button,1,56,56,0,36,0,1.0000,233,0.009810,,-1,button,1,56,56,0,36,0,1.0000,233,0.010055,-1,,button,1,56,56,0,36,0,1.0000,233,7.446806,-1,-1,56,0,0,0,0.4,risk_path,4,Bot1|Bot2|Bot3|Bot4,,1,0
53,0.25,75,440,4049135280,482899726,3625,0.644444,501,1359,43-44,33-34,49-33,36,20,23,17,25,17,1,0,1,36,0,,114,1,36,78,1,button,1,36,36,0,66,0,1.0000,41,0.000481,-1,-1,button,1,36,36,0,66,0,1.0000,41,0.002977,,-1,button,1,36,36,0,66,0,1.0000,41,0.002929,-1,,button,1,36,36,0,66,0,1.0000,41,3.396643,-1,-1,36,0,0,0,0.4,risk_path,4,Bot1|Bot2|Bot3|Bot4,,1,0
54,0.25,75,440,2561198562,2236996756,3645,0.648000,500,1328,20-62,0-59,47-37,29,23,58,52,79,69,0,0,1,29,1,29,255,1,29,226,1,button,1,29,29,0,204,0,1.0000,34,0.000459,-1,-1,button,1,29,29,0,204,0,1.0000,34,0.001949,,-1,button,1,29,29,0,204,0,1.0000,34,0.001905,-1,,button,1,29,29,0,204,0,1.0000,34,2.125260,-1,-1,29,0,0,0,0.4,risk_path,4,Bot1|Bot2|Bot3|Bot4,,1,0
55,0.25,75,440,2251065692,286865008,3616,0.642844,496,1335,58-63,9-0,53-16,120,112,64,52,62,60,1,0,1,120,0,,216,1,120,96,1,button,1,120,120,0,22,0,1.0000,1033,0.015039,-1,-1,button,1,120,120,0,22,0,1.0000,1033,0.055328,,-1,button,1,120,120,0,22,0,1.0000,1033,0.085595,-1,,button,1,120,120,0,22,0,1.0000,1033,34.061842,-1,-1,120,13,15,0,0.99,risk_path,4,Bot1|Bot2|Bot3|Bot4,,1,0
56,0.25,75,440,489761711,2230263378,3623,0.644089,501,1372,42-25,42-63,50-53,54,38,40,36,24,18,1,0,1,54,0,,80,1,54,26,1,button,1,54,54,0,8,0,1.0000,262,0.002496,-1,-1,button,1,54,54,0,8,0,1.0000,262,0.010070,,-1,button,1,54,54,0,8,0,1.0000,262,0.020694,-1,,button,1,54,54,0,9,0,1.0000,262,7.007048,32,32,54,7,6,0,0.99,risk_path,4,Bot1|Bot2|Bot3|Bot4,,1,0
57,0.25,75,440,3274284638,313157239,3626,0.644622,513,1371,46-14,73-22,58-60,39,35,62,58,59,53,0,0,1,39,1,39,207,1,39,168,1,button,1,39,39,0,135,0,1.0000,121,0.001365,-1,-1,button,1,39,39,0,135,0,1.0000,121,0.003273,,-1,button,1,39,39,0,135,0,1.0000,121,0.004558,-1,,button,1,39,39,0,135,0,1.0000,121,3.552873,8,8,39,0,0,0,0.4,risk_path,4,Bot1|Bot2|Bot3|Bot4,,1,0
58,0.25,75,440,3129249196,3379267321,3657,0.650133,513,1417,60-25,1-56,25-34,90,90,46,44,46,46,1,0,1,90,0,,156,1,96,60,0,walked_into_fire,0,49,49,0,-5,41,0.5444,134,0.001686,49,45,fire_reached_bot,0,58,58,0,0,32,0.6444,203,0.023771,,45,button,1,98,98,0,12,0,1.0000,655,0.044880,45,,button,1,96,96,0,14,0,1.0000,625,22.297931,20,20,96,12,11,0,0.99,risk_path,2,Bot3|Bot4,Bot1|Bot2,0,0
59,0.25,75,440,894121229,1668138513,3639,0.646933,508,1374,35-29,71-66,49-2,75,73,43,41,98,86,0,0,1,75,1,75,318,1,75,243,1,button,1,75,75,0,175,0,1.0000,182,0.002341,-1,-1,button,1,75,75,0,175,0,1.0000,182,0.022015,,-1,button,1,75,75,0,175,0,1.0000,182,0.024385,-1,,button,1,75,75,0,175,0,1.0000,182,14.137201,11,11,75,0,0,0,0.4,risk_path,4,Bot1|Bot2|Bot3|Bot4,,1,0
60,0.25,75,440,2937611675,2098551990,3661,0.650844,517,1463,74-51,28-50,7-34,75,47,98,84,43,37,1,0,1,75,0,,150,1,75,75,1,button,1,75,75,0,66,0,1.0000,337,0.005017,-1,-1,button,1,75,75,0,66,0,1.0000,337,0.037934,,-1,button,1,75,75,0,66,0,1.0000,337,0.041247,-1,,button,1,75,75,0,66,0,1.0000,337,14.022582,-1,-1,75,0,0,0,0.4,risk_path,4,Bot1|Bot2|Bot3|Bot4,,1,0
61,0.25,75,440,2158948882,4161325205,3649,0.648711,504,1375,55-43,55-56,72-7,43,13,55,53,98,66,0,0,1,43,1,43,366,1,43,323,1,button,1,43,43,0,196,0,1.0000,64,0.001389,-1,-1,button,1,43,43,0,196,0,1.0000,64,0.009757,,-1,button,1,43,43,0,196,0,1.0000,64,0.009328,-1,,button,1,43,43,0,196,0,1.0000,64,4.551776,-1,-1,43,0,0,0,0.4,risk_path,4,Bot1|Bot2|Bot3|Bot4,,1,0
62,0.25,75,440,3393563913,2253549308,3667,0.651911,508,1380,24-27,32-68,1-59,71,49,57,55,46,40,1,0,1,71,0,,139,1,71,68,1,button,1,71,71,0,30,0,1.0000,205,0.002792,-1,-1,button,1,71,71,0,30,0,1.0000,205,0.022770,,-1,button,1,71,71,0,30,0,1.0000,205,0.022946,-1,,button,1,71,71,0,30,0,1.0000,205,11.904654,41,41,71,0,0,0,0.4,risk_path,4,Bot1|Bot2|Bot3|Bot4,,1,0
63,0.25,75,440,3798218772,3326087650,3629,0.645156,502,1335,46-27,21-72,19-59,74,70,59,59,17,15,1,0,1,74,0,,67,0,,,0,walked_into_fire,0,47,47,0,-3,27,0.6351,122,0.002358,42,38,fire_reached_bot,0,178,67,111,-110,53,0.2838,,0.576632,,38,fire_reached_bot,0,183,67,116,-115,55,0.2568,,1.108071,38,,fire_reached_bot,0,178,67,111,-110,53,0.2838,,21.924937,-1,38,178,0,67,111,,no_path,0,,Bot1|Bot2|Bot3|Bot4,0,1
64,0.25,75,440,2494522029,654045650,3638,0.646756,507,1370,7-38,4-33,70-44,8,8,99,69,103,77,0,0,1,8,1,8,356,1,8,348,1,button,1,8,8,0,336,0,1.0000,5,0.000127,-1,-1,button,1,8,8,0,336,0,1.0000,5,0.000156,,-1,button,1,8,8,0,336,0,1.0000,5,0.000242,-1,,button,1,8,8,0,336,0,1.0000,5,0.255699,-1,-1,8,0,0,0,0.4,risk_path,4,Bot1|Bot2|Bot3|Bot4,,1,0
65,0.25,75,440,282407045,3208019061,3667,0.651911,507,1402,71-60,44-21,48-55,68,66,40,28,64,38,1,0,1,68,0,,232,1,68,164,1,button,1,68,68,0,72,0,1.0000,339,0.003130,-1,-1,button,1,68,68,0,72,0,1.0000,339,0.015655,,-1,button,1,68,68,0,72,0,1.0000,339,0.024854,-1,,button,1,68,68,0,72,0,1.0000,339,10.539775,-1,-1,68,0,0,0,0.4,risk_path,4,Bot1|Bot2|Bot3|Bot4,,1,0
66,0.25,75,440,2624712765,892082244,3630,0.645333,514,1350,67-68,51-49,10-44,39,35,91,81,62,46,0,0,1,39,1,39,215,1,39,176,1,button,1,39,39,0,176,0,1.0000,77,0.000758,-1,-1,button,1,39,39,0,176,0,1.0000,77,0.002720,,-1,button,1,39,39,0,176,0,1.0000,77,0.003669,-1,,button,1,39,39,0,176,0,1.0000,77,3.742527,-1,-1,39,0,0,0,0.4,risk_path,4,Bot1|Bot2|Bot3|Bot4,,1,0
67,0.25,75,440,1729019775,856386472,3624,0.644267,517,1409,60-53,29-59,62-26,39,37,43,29,68,66,0,0,1,39,1,39,221,1,39,182,1,button,1,39,39,0,97,0,1.0000,104,0.000941,-1,-1,button,1,39,39,0,97,0,1.0000,104,0.003789,,-1,button,1,39,39,0,97,0,1.0000,104,0.004274,-1,,button,1,39,39,0,97,0,1.0000,104,3.625406,-1,-1,39,0,0,0,0.4,risk_path,4,Bot1|Bot2|Bot3|Bot4,,1,0
68,0.25,75,440,4025098533,459075162,3613,0.642311,482,1310,53-46,53-73,41-17,43,27,43,41,86,68,0,0,1,43,1,43,276,1,43,233,1,button,1,43,43,0,149,0,1.0000,104,0.001040,-1,-1,button,1,43,43,0,149,0,1.0000,104,0.005789,,-1,button,1,43,43,0,149,0,1.0000,104,0.006252,-1,,button,1,43,43,0,149,0,1.0000,104,4.579833,-1,-1,43,0,0,0,0.4,risk_path,4,Bot1|Bot2|Bot3|Bot4,,1,0
69,0.25,75,440,266228852,4289431394,3621,0.643733,500,1398,43-3,26-13,19-65,43,27,102,86,79,59,0,0,1,43,1,43,281,1,43,238,1,button,1,43,43,0,228,0,1.0000,99,0.000867,-1,-1,button,1,43,43,0,228,0,1.0000,99,0.006845,,-1,button,1,43,43,0,228,0,1.0000,99,0.007562,-1,,button,1,43,43,0,228,0,1.0000,99,4.399241,-1,-1,43,0,0,0,0.4,risk_path,4,Bot1|Bot2|Bot3|Bot4,,1,0
70,0.25,75,440,3288517247,2662616909,3639,0.646933,504,1347,14-60,54-8,52-56,96,92,58,42,64,50,1,0,1,96,0,,183,1,96,87,1,button,1,96,96,0,41,0,1.0000,702,0.009246,-1,-1,button,1,96,96,0,41,0,1.0000,702,0.047301,,-1,button,1,96,96,0,41,0,1.0000,702,0.056970,-1,,button,1,96,96,0,68,0,1.0000,702,20.797492,18,18,96,0,0,0,0.4,risk_path,4,Bot1|Bot2|Bot3|Bot4,,1,0
71,0.25,75,440,3168276635,2131575540,3624,0.644267,484,1358,74-4,42-32,8-21,64,60,93,83,49,45,1,0,1,64,0,,133,1,64,69,1,button,1,64,64,0,69,0,1.0000,166,0.002415,-1,-1,button,1,64,64,0,69,0,1.0000,166,0.013479,,-1,button,1,64,64,0,69,0,1.0000,166,0.018115,-1,,button,1,64,64,0,69,0,1.0000,166,10.406817,-1,-1,64,0,0,0,0.4,risk_path,4,Bot1|Bot2|Bot3|Bot4,,1,0
72,0.25,75,440,3264989703,3396489466,3645,0.648000,501,1378,40-20,63-53,65-66,60,56,81,71,27,15,1,0,1,60,0,,101,1,60,41,1,button,1,60,60,0,34,0,1.0000,204,0.002134,-1,-1,button,1,60,60,0,34,0,1.0000,204,0.010668,,-1,button,1,60,60,0,34,0,1.0000,204,0.014665,-1,,button,1,60,60,0,34,0,1.0000,204,8.632472,9,9,60,12,0,0,0.99,risk_path,4,Bot1|Bot2|Bot3|Bot4,,1,0
73,0.25,75,440,3661586234,851551463,3654,0.649600,496,1346,19-42,55-11,6-19,77,67,48,36,73,57,1,0,1,77,0,,239,1,77,162,1,button,1,77,77,0,68,0,1.0000,211,0.003637,-1,-1,button,1,77,77,0,68,0,1.0000,211,0.039916,,-1,button,1,77,77,0,68,0,1.0000,211,0.041237,-1,,button,1,77,77,0,68,0,1.0000,211,15.092040,30,30,77,0,0,0,0.4,risk_path,4,Bot1|Bot2|Bot3|Bot4,,1,0
74,0.25,75,440,1507352610,3438827500,3616,0.642844,480,1296,44-65,19-74,3-51,36,34,71,55,43,39,0,0,1,36,1,36,130,1,36,94,1,button,1,36,36,0,93,0,1.0000,30,0.000598,-1,-1,button,1,36,36,0,93,0,1.0000,30,0.003088,,-1,button,1,36,36,0,93,0,1.0000,30,0.002827,-1,,button,1,36,36,0,93,0,1.0000,30,3.575562,-1,-1,36,0,0,0,0.4,risk_path,4,Bot1|Bot2|Bot3|Bot4,,1,0
75,0.25,75,440,2046749167,4286327507,3627,0.644800,499,1365,2-9,37-12,35-29,62,38,61,53,25,19,1,0,1,62,0,,95,1,62,33,1,button,1,62,62,0,17,0,1.0000,227,0.002600,-1,-1,button,1,62,62,0,17,0,1.0000,227,0.017572,,-1,button,1,62,62,0,17,0,1.0000,227,0.023954,-1,,button,1,62,62,0,17,0,1.0000,227,10.164617,32,32,62,12,11,0,0.99,risk_path,4,Bot1|Bot2|Bot3|Bot4,,1,0
76,0.25,75,440,3008379624,3615876865,3655,0.649778,515,1384,43-36,1-62,52-64,72,68,49,37,85,53,0,0,1,72,1,72,274,1,72,202,1,button,1,72,72,0,132,0,1.0000,188,0.002219,-1,-1,button,1,72,72,0,132,0,1.0000,188,0.020747,,-1,button,1,72,72,0,132,0,1.0000,188,0.025938,-1,,button,1,72,72,0,132,0,1.0000,188,12.132329,54,54,72,0,0,0,0.4,risk_path,4,Bot1|Bot2|Bot3|Bot4,,1,0
77,0.25,75,440,168951023,2051054311,3646,0.648178,498,1387,63-46,7-52,36-46,78,62,39,27,41,35,1,0,1,78,0,,142,1,82,60,0,fire_reached_bot,0,31,31,0,0,47,0.3974,30,0.001193,12,12,button,1,82,82,0,22,0,1.0000,289,0.029226,,-1,button,1,82,82,0,22,0,1.0000,289,0.027268,-1,,button,1,96,96,0,46,0,1.0000,406,20.659682,32,32,96,13,24,0,0.99,risk_path,3,Bot2|Bot3|Bot4,Bot1,0,0
78,0.25,75,440,2349810379,2265303479,3641,0.647289,501,1376,71-31,32-73,47-46,91,81,51,39,46,42,1,0,1,91,0,,183,1,95,88,0,fire_reached_bot,0,42,42,0,0,49,0.4615,42,0.002200,37,26,button,1,105,105,0,17,0,1.0000,274,0.057999,,26,button,1,107,107,0,9,0,1.0000,294,0.045647,26,,button,1,95,95,0,27,0,1.0000,198,22.542809,17,17,95,11,9,0,0.99,risk_path,3,Bot2|Bot3|Bot4,Bot1,0,0
79,0.25,75,440,2763321522,3868111401,3664,0.651378,494,1408,50-59,10-66,49-54,63,47,6,6,63,51,0,0,1,63,0,,161,1,63,98,1,button,1,63,63,0,17,0,1.0000,194,0.002160,-1,-1,button,1,63,63,0,17,0,1.0000,194,0.017652,,-1,button,1,63,63,0,17,0,1.0000,194,0.016532,-1,,button,1,63,63,0,17,0,1.0000,194,9.846385,34,34,63,0,0,0,0.4,risk_path,4,Bot1|Bot2|Bot3|Bot4,,1,0
80,0.25,75,440,3716998955,3442828106,3643,0.647644,507,1384,32-60,45-60,19-26,29,13,51,47,72,60,0,0,1,29,1,29,246,1,29,217,1,button,1,29,29,0,164,0,1.0000,71,0.000633,-1,-1,button,1,29,29,0,164,0,1.0000,71,0.002561,,-1,button,1,29,29,0,164,0,1.0000,71,0.002710,-1,,button,1,29,29,0,164,0,1.0000,71,2.221440,15,15,29,0,0,0,0.4,risk_path,4,Bot1|Bot2|Bot3|Bot4,,1,0
81,0.25,75,440,2802822109,1173380791,3659,0.650489,505,1348,72-70,46-13,62-73,91,83,29,13,92,76,0,0,1,91,1,91,307,1,91,216,1,button,1,91,91,0,50,0,1.0000,280,0.003922,-1,-1,button,1,91,91,0,50,0,1.0000,280,0.032973,,-1,button,1,91,91,0,50,0,1.0000,280,0.039764,-1,,button,1,91,91,0,50,0,1.0000,280,19.159236,-1,-1,91,0,0,0,0.4,risk_path,4,Bot1|Bot2|Bot3|Bot4,,1,0
82,0.25,75,440,1458696374,4138283831,3640,0.647111,513,1373,14-4,25-57,6-47,78,64,63,51,31,29,1,0,1,78,0,,101,1,92,9,0,walked_into_fire,0,68,68,0,-3,10,0.8718,267,0.003726,64,64,fire_reached_bot,0,111,101,10,-9,3,0.9615,,0.088985,,-1,fire_reached_bot,0,111,101,10,-9,3,0.9615,,0.180051,-1,,fire_reached_bot,0,111,101,10,-9,3,0.9615,,20.270626,-1,-1,111,17,84,10,0.99,no_path,0,,Bot1|Bot2|Bot3|Bot4,0,1
83,0.25,75,440,2432187744,4169280272,3642,0.647467,503,1356,40-58,45-19,12-50,66,44,46,36,86,64,0,0,1,66,1,66,274,1,66,208,1,button,1,66,66,0,108,0,1.0000,178,0.002298,-1,-1,button,1,66,66,0,108,0,1.0000,178,0.016780,,-1,button,1,66,66,0,108,0,1.0000,178,0.024504,-1,,button,1,66,66,0,108,0,1.0000,178,10.691389,14,14,66,0,0,0,0.4,risk_path,4,Bot1|Bot2|Bot3|Bot4,,1,0
84,0.25,75,440,117610117,309971403,3649,0.648711,513,1375,38-60,71-19,27-60,80,74,29,11,91,85,0,0,1,80,1,80,301,1,80,221,1,button,1,80,80,0,91,0,1.0000,322,0.004913,-1,-1,button,1,80,80,0,91,0,1.0000,322,0.032494,,-1,button,1,80,80,0,91,0,1.0000,322,0.038621,-1,,button,1,80,80,0,95,0,1.0000,322,14.519436,1,1,80,0,0,0,0.4,risk_path,4,Bot1|Bot2|Bot3|Bot4,,1,0
85,0.25,75,440,2351945767,3852249623,3652,0.649244,513,1378,46-2,42-17,48-41,27,19,63,41,48,30,0,0,1,27,1,27,155,1,27,128,1,button,1,27,27,0,120,0,1.0000,42,0.000539,-1,-1,button,1,27,27,0,120,0,1.0000,42,0.002207,,-1,button,1,27,27,0,120,0,1.0000,42,0.002443,-1,,button,1,27,27,0,120,0,1.0000,42,2.037641,-1,-1,27,0,0,0,0.4,risk_path,4,Bot1|Bot2|Bot3|Bot4,,1,0
86,0.25,75,440,2895808900,3809999560,3632,0.645689,498,1315,29-67,1-17,74-52,80,78,78,60,124,108,0,0,1,80,1,80,412,1,80,332,1,button,1,80,80,0,252,0,1.0000,104,0.002209,-1,-1,button,1,80,80,0,252,0,1.0000,104,0.025109,,-1,button,1,80,80,0,252,0,1.0000,104,0.026554,-1,,button,1,80,80,0,252,0,1.0000,104,15.349004,-1,-1,80,0,0,0,0.4,risk_path,4,Bot1|Bot2|Bot3|Bot4,,1,0
87,0.25,75,440,2723283324,3272133986,3648,0.648533,511,1411,47-73,31-5,7-43,104,84,90,70,88,62,1,0,1,104,0,,308,1,104,204,1,button,1,104,104,0,103,0,1.0000,469,0.008479,-1,-1,button,1,104,104,0,103,0,1.0000,469,0.062517,,-1,button,1,104,104,0,103,0,1.0000,469,0.068870,-1,,button,1,104,104,0,103,0,1.0000,469,25.539462,-1,-1,104,0,0,0,0.4,risk_path,4,Bot1|Bot2|Bot3|Bot4,,1,0
88,0.25,75,440,442504758,736042750,3679,0.654044,508,1420,16-28,1-29,31-35,26,16,30,22,46,36,0,0,1,26,1,26,149,1,26,123,1,button,1,26,26,0,93,0,1.0000,76,0.000647,-1,-1,button,1,26,26,0,93,0,1.0000,76,0.001595,,-1,button,1,26,26,0,93,0,1.0000,76,0.002008,-1,,button,1,26,26,0,93,0,1.0000,76,1.662845,-1,-1,26,0,0,0,0.4,risk_path,4,Bot1|Bot2|Bot3|Bot4,,1,0
89,0.25,75,440,2689907484,1240102764,3643,0.647644,497,1379,16-33,54-64,7-11,73,69,33,31,104,100,0,0,1,73,1,73,351,1,73,278,1,button,1,73,73,0,120,0,1.0000,247,0.003363,-1,-1,button,1,73,73,0,120,0,1.0000,247,0.011550,,-1,button,1,73,73,0,120,0,1.0000,247,0.015769,-1,,button,1,73,73,0,120,0,1.0000,247,12.049229,15,15,73,0,0,0,0.4,risk_path,4,Bot1|Bot2|Bot3|Bot4,,1,0
90,0.25,75,440,1410515791,2649707326,3622,0.643911,490,1314,8-14,42-56,9-9,84,76,8,6,88,80,0,0,1,84,1,84,288,1,84,204,1,button,1,84,84,0,30,0,1.0000,260,0.003935,-1,-1,button,1,84,84,0,30,0,1.0000,260,0.034289,,-1,button,1,84,84,0,30,0,1.0000,260,0.039587,-1,,button,1,84,84,0,30,0,1.0000,260,16.687965,15,15,84,0,0,0,0.4,risk_path,4,Bot1|Bot2|Bot3|Bot4,,1,0
91,0.25,75,440,1198831680,429899597,3632,0.645689,491,1347,53-16,73-34,18-42,46,38,65,61,73,63,0,0,1,46,1,46,279,1,46,233,1,button,1,46,46,0,202,0,1.0000,37,0.001090,-1,-1,button,1,46,46,0,202,0,1.0000,37,0.005077,,-1,button,1,46,46,0,202,0,1.0000,37,0.005611,-1,,button,1,46,46,0,202,0,1.0000,37,5.262408,1,1,46,0,0,0,0.4,risk_path,4,Bot1|Bot2|Bot3|Bot4,,1,0
92,0.25,75,440,2479440059,167758409,3623,0.644089,483,1277,70-63,69-1,24-59,93,63,66,50,109,103,0,0,1,93,1,93,351,1,93,258,1,button,1,93,93,0,176,0,1.0000,467,0.006033,-1,-1,button,1,93,93,0,176,0,1.0000,467,0.042526,,-1,button,1,93,93,0,176,0,1.0000,467,0.048081,-1,,button,1,93,93,0,176,0,1.0000,467,20.794094,10,10,93,0,0,0,0.4,risk_path,4,Bot1|Bot2|Bot3|Bot4,,1,0
93,0.25,75,440,2629098381,3995597651,3617,0.643022,492,1335,43-38,0-52,68-32,73,57,45,31,106,88,0,0,1,73,1,73,334,1,73,261,1,button,1,73,73,0,148,0,1.0000,221,0.003574,-1,-1,button,1,73,73,0,148,0,1.0000,221,0.028584,,-1,button,1,73,73,0,148,0,1.0000,221,0.029536,-1,,button,1,73,73,0,148,0,1.0000,221,12.759130,-1,-1,73,0,0,0,0.4,risk_path,4,Bot1|Bot2|Bot3|Bot4,,1,0
94,0.25,75,440,4034527632,2373009210,3618,0.643200,497,1351,2-63,74-14,29-36,133,121,56,54,79,67,1,0,1,133,0,,281,1,141,140,0,walked_into_fire,0,42,42,0,-1,91,0.3158,177,0.005992,37,37,button,1,141,141,0,1,0,1.0000,1481,0.209542,,49,button,1,177,177,0,5,0,1.0000,2271,0.311779,49,,button,1,141,141,0,1,0,1.0000,1481,43.586391,74,49,141,17,30,0,0.99,risk_path,3,Bot2|Bot3|Bot4,Bot1,0,0
95,0.25,75,440,83074924,374331740,3621,0.643733,498,1346,0-52,43-16,43-65,89,79,64,56,81,49,1,0,1,89,0,,285,1,89,196,1,button,1,89,89,0,189,0,1.0000,328,0.004148,-1,-1,button,1,89,89,0,189,0,1.0000,328,0.041558,,-1,button,1,89,89,0,189,0,1.0000,328,0.043612,-1,,button,1,89,89,0,147,0,1.0000,328,18.953525,9,9,89,0,0,0,0.4,risk_path,4,Bot1|Bot2|Bot3|Bot4,,1,0
96,0.25,75,440,902943538,3127573542,3621,0.643733,508,1388,18-50,22-44,54-28,10,10,60,58,50,48,0,0,1,10,1,10,161,1,10,151,1,button,1,10,10,0,150,0,1.0000,5,0.000154,-1,-1,button,1,10,10,0,150,0,1.0000,5,0.000254,,-1,button,1,10,10,0,150,0,1.0000,5,0.000290,-1,,button,1,10,10,0,150,0,1.0000,5,0.333769,3,3,10,0,0,0,0.4,risk_path,4,Bot1|Bot2|Bot3|Bot4,,1,0
97,0.25,75,440,1323143353,2588849054,3631,0.645511,502,1329,18-54,46-56,54-72,50,30,56,54,26,24,1,0,1,50,0,,71,1,50,21,1,button,1,50,50,0,21,0,1.0000,175,0.002388,-1,-1,button,1,50,50,0,21,0,1.0000,175,0.008482,,-1,button,1,50,50,0,21,0,1.0000,175,0.009666,-1,,button,1,50,50,0,21,0,1.0000,175,6.044997,24,24,50,2,0,0,0.6,risk_path,4,Bot1|Bot2|Bot3|Bot4,,1,0
98,0.25,75,440,172568286,2343787580,3644,0.647822,511,1392,60-60,70-36,25-9,36,34,88,86,90,72,0,0,1,36,1,36,307,1,36,271,1,button,1,36,36,0,237,0,1.0000,100,0.000879,-1,-1,button,1,36,36,0,237,0,1.0000,100,0.002974,,-1,button,1,36,36,0,237,0,1.0000,100,0.003571,-1,,button,1,36,36,0,246,0,1.0000,100,3.042778,7,7,36,0,0,0,0.4,risk_path,4,Bot1|Bot2|Bot3|Bot4,,1,0
99,0.25,75,440,398009931,2986606611,3623,0.644089,501,1378,64-44,52-32,42-2,24,24,70,64,48,40,0,0,1,24,1,24,190,1,24,166,1,button,1,24,24,0,166,0,1.0000,15,0.000389,-1,-1,button,1,24,24,0,166,0,1.0000,15,0.001027,,-1,button,1,24,24,0,166,0,1.0000,15,0.001148,-1,,button,1,24,24,0,166,0,1.0000,15,1.418585,-1,-1,24,0,0,0,0.4,risk_path,4,Bot1|Bot2|Bot3|Bot4,,1,0
100,0.25,75,440,2731167691,650338235,3631,0.645511,511,1398,15-65,12-41,22-36,51,27,44,36,15,15,1,0,1,51,0,,53,1,51,2,1,button,1,51,51,0,2,0,1.0000,209,0.002660,-1,-1,button,1,51,51,0,2,0,1.0000,209,0.010857,,-1,button,1,51,51,0,2,0,1.0000,209,0.011428,-1,,button,1,51,51,0,2,0,1.0000,209,6.292937,-1,-1,51,20,22,0,0.99,risk_path,4,Bot1|Bot2|Bot3|Bot4,,1,0
101,0.25,75,440,3976025462,1984228406,3637,0.646578,518,1371,60-37,47-47,45-51,35,23,37,29,8,6,1,0,1,35,0,,25,0,,,0,fire_reached_bot,0,27,27,0,-1,8,0.7714,,0.000683,14,14,fire_reached_bot,0,58,13,45,-32,22,0.3714,,0.243337,,-1,fire_reached_bot,0,58,13,45,-32,22,0.3714,,0.582319,-1,,fire_reached_bot,0,58,13,45,-32,22,0.3714,,2.200980,-1,-1,58,0,13,45,,no_path,0,,Bot1|Bot2|Bot3|Bot4,0,1
102,0.25,75,440,3469237606,1649159914,3647,0.648356,506,1395,16-63,59-25,55-5,89,81,101,97,32,24,1,0,1,89,0,,124,1,89,35,1,button,1,89,89,0,33,0,1.0000,238,0.003689,-1,-1,button,1,89,89,0,33,0,1.0000,238,0.036978,,-1,button,1,89,89,0,33,0,1.0000,238,0.040702,-1,,button,1,89,89,0,33,0,1.0000,238,21.607781,65,65,89,19,23,0,0.99,risk_path,4,Bot1|Bot2|Bot3|Bot4,,1,0
103,0.25,75,440,1354804743,391426036,3643,0.647644,507,1361,49-52,55-52,69-35,8,6,39,37,35,31,0,0,1,8,1,8,137,1,8,129,1,button,1,8,8,0,129,0,1.0000,9,0.000191,-1,-1,button,1,8,8,0,129,0,1.0000,9,0.000173,,-1,button,1,8,8,0,129,0,1.0000,9,0.000258,-1,,button,1,8,8,0,124,0,1.0000,9,0.285999,6,6,8,0,0,0,0.4,risk_path,4,Bot1|Bot2|Bot3|Bot4,,1,0
104,0.25,75,440,4136514547,4012823104,3668,0.652089,517,1436,46-54,39-69,8-3,24,22,95,89,115,97,0,0,1,24,1,24,358,1,24,334,1,button,1,24,24,0,320,0,1.0000,23,0.000404,-1,-1,button,1,24,24,0,320,0,1.0000,23,0.001352,,-1,button,1,24,24,0,320,0,1.0000,23,0.001686,-1,,button,1,24,24,0,320,0,1.0000,23,1.660922,-1,-1,24,0,0,0,0.4,risk_path,4,Bot1|Bot2|Bot3|Bot4,,1,0
105,0.25,75,440,1802906948,4050598220,3643,0.647644,499,1382,33-16,18-43,1-63,58,42,83,79,39,37,1,0,1,58,0,,125,1,58,67,1,button,1,58,58,0,66,0,1.0000,146,0.002493,-1,-1,button,1,58,58,0,66,0,1.0000,146,0.012981,,-1,button,1,58,58,0,66,0,1.0000,146,0.014517,-1,,button,1,58,58,0,67,0,1.0000,146,8.103845,24,24,58,0,0,0,0.4,risk_path,4,Bot1|Bot2|Bot3|Bot4,,1,0
106,0.25,75,440,4274087871,3596512109,3639,0.646933,511,1331,55-51,1-14,4-69,91,91,81,69,78,58,1,0,1,91,0,,303,1,91,212,1,button,1,91,91,0,133,0,1.0000,178,0.003065,-1,-1,button,1,91,91,0,133,0,1.0000,178,0.016873,,-1,button,1,91,91,0,133,0,1.0000,178,0.024898,-1,,button,1,91,91,0,133,0,1.0000,178,18.917867,-1,-1,91,0,0,0,0.4,risk_path,4,Bot1|Bot2|Bot3|Bot4,,1,0
107,0.25,75,440,3806192457,1257605443,3641,0.647289,497,1368,71-43,46-0,13-11,72,68,100,90,64,44,1,0,1,72,0,,231,1,72,159,1,button,1,72,72,0,159,0,1.0000,287,0.003399,-1,-1,button,1,72,72,0,159,0,1.0000,287,0.018612,,-1,button,1,72,72,0,159,0,1.0000,287,0.027877,-1,,button,1,72,72,0,159,0,1.0000,287,12.427258,-1,-1,72,0,0,0,0.4,risk_path,4,Bot1|Bot2|Bot3|Bot4,,1,0
108,0.25,75,440,3395390498,1222503905,3664,0.651378,520,1390,12-36,29-30,4-71,31,23,53,43,68,66,0,0,1,31,1,31,232,1,31,201,1,button,1,31,31,0,179,0,1.0000,21,0.000384,-1,-1,button,1,31,31,0,179,0,1.0000,21,0.002075,,-1,button,1,31,31,0,179,0,1.0000,21,0.003654,-1,,button,1,31,31,0,179,0,1.0000,21,2.442836,14,14,31,0,0,0,0.4,risk_path,4,Bot1|Bot2|Bot3|Bot4,,1,0
109,0.25,75,440,3653473380,1973034153,3655,0.649778,504,1448,65-67,22-22,34-51,96,88,61,47,51,41,1,0,1,96,0,,179,1,108,71,0,walked_into_fire,0,45,45,0,-2,51,0.4688,108,0.002556,43,43,button,1,108,108,0,7,0,1.0000,656,0.057511,,-1,button,1,108,108,0,7,0,1.0000,656,0.074553,-1,,button,1,108,108,0,42,0,1.0000,656,25.944817,9,9,108,26,1,0,0.99,risk_path,3,Bot2|Bot3|Bot4,Bot1,0,0
110,0.25,75,440,4082012561,1074635792,3655,0.649778,497,1382,49-25,32-5,37-65,37,37,64,52,87,65,0,0,1,37,1,37,278,1,37,241,1,button,1,37,37,0,193,0,1.0000,24,0.000544,-1,-1,button,1,37,37,0,193,0,1.0000,24,0.002325,,-1,button,1,37,37,0,193,0,1.0000,24,0.002880,-1,,button,1,37,37,0,193,0,1.0000,24,3.257343,-1,-1,37,0,0,0,0.4,risk_path,4,Bot1|Bot2|Bot3|Bot4,,1,0
111,0.25,75,440,416203697,1615190462,3657,0.650133,504,1392,10-8,49-62,1-12,95,93,25,13,100,98,0,0,1,95,1,95,342,1,95,247,1,button,1,95,95,0,68,0,1.0000,144,0.002644,-1,-1,button,1,95,95,0,68,0,1.0000,144,0.033906,,-1,button,1,95,95,0,68,0,1.0000,144,0.037451,-1,,button,1,95,95,0,79,0,1.0000,144,20.778587,4,4,95,0,0,0,0.4,risk_path,4,Bot1|Bot2|Bot3|Bot4,,1,0
112,0.25,75,440,2193764734,2138228930,3634,0.646044,495,1355,5-53,26-8,50-73,84,66,77,65,95,89,0,0,1,84,1,84,316,1,84,232,1,button,1,84,84,0,204,0,1.0000,268,0.004203,-1,-1,button,1,84,84,0,204,0,1.0000,268,0.051892,,-1,button,1,84,84,0,204,0,1.0000,268,0.051091,-1,,button,1,84,84,0,204,0,1.0000,268,16.768880,17,17,84,0,0,0,0.4,risk_path,4,Bot1|Bot2|Bot3|Bot4,,1,0
113,0.25,75,440,901889356,3820153862,3646,0.648178,513,1391,62-42,17-55,3-0,66,58,105,101,77,69,0,0,1,66,1,66,248,1,66,182,1,button,1,66,66,0,157,0,1.0000,129,0.002340,-1,-1,button,1,66,66,0,157,0,1.0000,129,0.010050,,-1,button,1,66,66,0,157,0,1.0000,129,0.012120,-1,,button,1,66,66,0,157,0,1.0000,129,11.438268,-1,-1,66,0,0,0,0.4,risk_path,4,Bot1|Bot2|Bot3|Bot4,,1,0
114,0.25,75,440,1911151784,3134867747,3627,0.644800,498,1377,36-73,65-72,37-32,52,30,56,42,72,68,0,0,1,52,1,52,245,1,52,193,1,button,1,52,52,0,180,0,1.0000,186,0.002372,-1,-1,button,1,52,52,0,180,0,1.0000,186,0.008192,,-1,button,1,52,52,0,180,0,1.0000,186,0.015282,-1,,button,1,52,52,0,176,0,1.0000,186,6.417585,35,35,52,0,0,0,0.4,risk_path,4,Bot1|Bot2|Bot3|Bot4,,1,0
115,0.25,75,440,1828045502,3560377918,3637,0.646578,489,1362,63-14,43-70,18-23,94,76,60,54,80,72,1,0,1,94,0,,297,1,94,203,1,button,1,94,94,0,156,0,1.0000,658,0.013086,-1,-1,button,1,94,94,0,156,0,1.0000,658,0.071798,,-1,button,1,94,94,0,156,0,1.0000,658,0.087832,-1,,button,1,94,94,0,156,0,1.0000,658,20.017911,-1,-1,94,0,0,0,0.4,risk_path,4,Bot1|Bot2|Bot3|Bot4,,1,0
116,0.25,75,440,794248593,1319229455,3632,0.645689,513,1408,15-60,69-51,1-71,83,63,27,25,92,88,0,0,1,83,1,83,314,1,83,231,1,button,1,83,83,0,46,0,1.0000,211,0.004605,-1,-1,button,1,83,83,0,46,0,1.0000,211,0.022534,,-1,button,1,83,83,0,46,0,1.0000,211,0.026019,-1,,button,1,83,83,0,46,0,1.0000,211,16.517233,22,22,83,0,0,0,0.4,risk_path,4,Bot1|Bot2|Bot3|Bot4,,1,0
117,0.25,75,440,247906182,231731730,3642,0.647467,494,1409,20-61,54-52,41-36,51,43,52,46,37,29,1,0,1,51,0,,117,1,51,66,1,button,1,51,51,0,55,0,1.0000,191,0.002514,-1,-1,button,1,51,51,0,55,0,1.0000,191,0.006596,,-1,button,1,51,51,0,55,0,1.0000,191,0.008177,-1,,button,1,51,51,0,55,0,1.0000,191,6.148762,4,4,51,0,0,0,0.4,risk_path,4,Bot1|Bot2|Bot3|Bot4,,1,0
118,0.25,75,440,2338859109,2503174722,3651,0.649067,498,1365,60-47,39-67,22-52,49,41,55,43,40,32,1,0,1,49,0,,135,1,49,86,1,button,1,49,49,0,46,0,1.0000,161,0.002235,-1,-1,button,1,49,49,0,46,0,1.0000,161,0.006253,,-1,button,1,49,49,0,46,0,1.0000,161,0.008834,-1,,button,1,49,49,0,46,0,1.0000,161,5.628082,-1,-1,49,0,0,0,0.4,risk_path,4,Bot1|Bot2|Bot3|Bot4,,1,0
119,0.25,75,440,2795650116,841446020,3644,0.647822,511,1355,59-73,29-38,14-26,65,65,92,92,27,27,1,0,1,65,0,,90,1,65,25,1,button,1,65,65,0,25,0,1.0000,399,0.005317,-1,-1,button,1,65,65,0,25,0,1.0000,399,0.017446,,-1,button,1,65,65,0,25,0,1.0000,399,0.019758,-1,,button,1,65,65,0,25,0,1.0000,399,11.581060,-1,-1,65,18,9,0,0.99,risk_path,4,Bot1|Bot2|Bot3|Bot4,,1,0
120,0.25,75,440,2363225837,4020754255,3642,0.647467,496,1398,9-74,30-27,35-63,78,68,53,37,53,41,1,0,1,78,0,,189,1,78,111,1,button,1,78,78,0,75,0,1.0000,284,0.005391,-1,-1,button,1,78,78,0,75,0,1.0000,284,0.024856,,-1,button,1,78,78,0,75,0,1.0000,284,0.031166,-1,,button,1,78,78,0,70,0,1.0000,284,14.699520,6,6,78,0,0,0,0.4,risk_path,4,Bot1|Bot2|Bot3|Bot4,,1,0
121,0.25,75,440,272157506,212865656,3665,0.651556,503,1381,45-19,17-12,29-12,43,35,25,23,24,12,1,0,1,43,0,,78,1,43,35,1,button,1,43,43,0,14,0,1.0000,124,0.001742,-1,-1,button,1,43,43,0,14,0,1.0000,124,0.005424,,-1,button,1,43,43,0,14,0,1.0000,124,0.008743,-1,,button,1,43,43,0,14,0,1.0000,124,4.633242,-1,-1,43,13,0,0,0.99,risk_path,4,Bot1|Bot2|Bot3|Bot4,,1,0
122,0.25,75,440,377564765,534516638,3632,0.645689,502,1362,27-3,24-11,67-44,15,11,83,81,82,76,0,0,1,15,1,15,270,1,15,255,1,button,1,15,15,0,255,0,1.0000,14,0.000289,-1,-1,button,1,15,15,0,255,0,1.0000,14,0.000490,,-1,button,1,15,15,0,255,0,1.0000,14,0.000723,-1,,button,1,15,15,0,255,0,1.0000,14,0.628124,-1,-1,15,0,0,0,0.4,risk_path,4,Bot1|Bot2|Bot3|Bot4,,1,0
123,0.25,75,440,1595995648,4164420774,3638,0.646756,514,1373,61-17,41-64,33-69,75,67,88,80,21,13,1,0,1,75,0,,73,0,,,0,walked_into_fire,0,70,70,0,-1,5,0.9333,126,0.002974,63,62,fire_reached_bot,0,134,73,61,-60,24,0.6800,,0.332526,,62,fire_reached_bot,0,150,73,77,-76,22,0.7067,,0.883618,62,,fire_reached_bot,0,134,73,61,-60,24,0.6800,,17.278486,-1,62,134,1,72,61,0.99,no_path,0,,Bot1|Bot2|Bot3|Bot4,0,1
124,0.25,75,440,2851316964,3849568425,3612,0.642133,497,1349,30-47,1-14,18-2,64,62,73,57,31,29,1,0,1,64,0,,112,1,64,48,1,button,1,64,64,0,39,0,1.0000,149,0.003479,-1,-1,button,1,64,64,0,39,0,1.0000,149,0.017126,,-1,button,1,64,64,0,39,0,1.0000,149,0.014869,-1,,button,1,64,64,0,39,0,1.0000,149,10.972998,-1,-1,64,10,0,0,0.99,risk_path,4,Bot1|Bot2|Bot3|Bot4,,1,0
125,0.25,75,440,75640016,983425269,3623,0.644089,509,1341,47-43,18-9,40-9,73,63,43,41,34,22,1,0,1,73,0,,103,1,73,30,1,button,1,73,73,0,17,0,1.0000,264,0.004328,-1,-1,button,1,73,73,0,17,0,1.0000,264,0.019921,,-1,button,1,73,73,0,17,0,1.0000,264,0.023856,-1,,button,1,73,73,0,17,0,1.0000,264,14.696475,1,1,73,38,3,0,0.99,risk_path,4,Bot1|Bot2|Bot3|Bot4,,1,0
126,0.25,75,440,2257855052,553856936,3648,0.648533,488,1395,40-62,42-9,71-44,85,55,51,49,70,64,1,0,1,85,0,,267,1,85,182,1,button,1,85,85,0,94,0,1.0000,326,0.005674,-1,-1,button,1,85,85,0,94,0,1.0000,326,0.036164,,-1,button,1,85,85,0,94,0,1.0000,326,0.047591,-1,,button,1,85,85,0,94,0,1.0000,326,16.775899,-1,-1,85,0,0,0,0.4,risk_path,4,Bot1|Bot2|Bot3|Bot4,,1,0
127,0.25,75,440,2387835660,4210166861,3638,0.646756,493,1389,16-46,13-0,26-22,61,49,38,34,35,35,1,0,1,61,0,,115,1,61,54,1,button,1,61,61,0,15,0,1.0000,279,0.003539,-1,-1,button,1,61,61,0,15,0,1.0000,279,0.008592,,-1,button,1,61,61,0,15,0,1.0000,279,0.012640,-1,,button,1,61,61,0,15,0,1.0000,279,9.315391,-1,-1,61,17,10,0,0.99,risk_path,4,Bot1|Bot2|Bot3|Bot4,,1,0
128,0.25,75,440,880119995,1942672215,3641,0.647289,524,1390,39-49,62-0,18-73,82,72,45,45,127,117,0,0,1,82,1,82,436,1,82,354,1,button,1,82,82,0,193,0,1.0000,290,0.004090,-1,-1,button,1,82,82,0,193,0,1.0000,290,0.034258,,-1,button,1,82,82,0,193,0,1.0000,290,0.037640,-1,,button,1,82,82,0,191,0,1.0000,290,15.363268,4,4,82,0,0,0,0.4,risk_path,4,Bot1|Bot2|Bot3|Bot4,,1,0
129,0.25,75,440,2335898079,2211249253,3628,0.644978,514,1381,37-2,64-0,45-5,67,29,11,11,58,24,1,0,1,67,0,,208,1,101,107,0,fire_reached_bot,0,8,8,0,0,59,0.1194,7,0.000807,3,1,button,1,135,135,0,1,0,1.0000,531,0.046399,,1,button,1,127,127,0,7,0,1.0000,423,0.050666,1,,button,1,111,111,0,29,0,1.0000,280,27.490983,34,1,111,7,24,0,0.99,risk_path,3,Bot2|Bot3|Bot4,Bot1,0,0
130,0.25,75,440,1465691200,1383389641,3648,0.648533,504,1394,67-45,2-1,32-38,111,109,54,42,67,67,1,0,1,111,0,,264,1,111,153,1,button,1,111,111,0,23,0,1.0000,745,0.010003,-1,-1,button,1,111,111,0,23,0,1.0000,745,0.033084,,-1,button,1,111,111,0,23,0,1.0000,745,0.047134,-1,,button,1,111,111,0,23,0,1.0000,745,27.866837,-1,-1,111,12,1,0,0.99,risk_path,4,Bot1|Bot2|Bot3|Bot4,,1,0
131,0.25,75,440,440757090,857276793,3614,0.642489,500,1344,44-57,14-72,67-57,47,45,29,23,76,68,0,0,1,47,1,47,251,1,47,204,1,button,1,47,47,0,116,0,1.0000,151,0.002133,-1,-1,button,1,47,47,0,116,0,1.0000,151,0.006539,,-1,button,1,47,47,0,116,0,1.0000,151,0.008674,-1,,button,1,47,47,0,116,0,1.0000,151,5.278514,-1,-1,47,0,0,0,0.4,risk_path,4,Bot1|Bot2|Bot3|Bot4,,1,0
132,0.25,75,440,3555543580,3812448778,3626,0.644622,494,1308,13-24,61-74,48-37,102,98,60,48,52,50,1,0,1,102,0,,165,1,102,63,1,button,1,102,102,0,11,0,1.0000,596,0.009496,-1,-1,button,1,102,102,0,11,0,1.0000,596,0.034888,,-1,button,1,102,102,0,11,0,1.0000,596,0.050051,-1,,button,1,102,102,0,11,0,1.0000,596,26.178430,46,46,102,10,24,0,0.99,risk_path,4,Bot1|Bot2|Bot3|Bot4,,1,0
133,0.25,75,440,948442129,703702193,3606,0.641067,489,1329,17-44,66-21,47-52,80,72,44,38,60,50,1,0,1,80,0,,207,1,80,127,1,button,1,80,80,0,111,0,1.0000,393,0.005809,-1,-1,button,1,80,80,0,111,0,1.0000,393,0.034916,,-1,button,1,80,80,0,111,0,1.0000,393,0.047694,-1,,button,1,80,80,0,109,0,1.0000,393,15.558633,7,7,80,0,0,0,0.4,risk_path,4,Bot1|Bot2|Bot3|Bot4,,1,0
134,0.25,75,440,1102281211,3563752405,3654,0.649600,503,1348,15-61,46-3,6-5,101,89,91,65,70,42,1,0,1,101,0,,238,1,101,137,1,button,1,101,101,0,78,0,1.0000,252,0.005156,-1,-1,button,1,101,101,0,78,0,1.0000,252,0.055131,,-1,button,1,101,101,0,78,0,1.0000,252,0.071989,-1,,button,1,101,101,0,78,0,1.0000,252,27.966498,29,29,101,0,0,0,0.4,risk_path,4,Bot1|Bot2|Bot3|Bot4,,1,0
135,0.25,75,440,807723142,2871911597,3642,0.647467,509,1338,62-61,53-43,38-3,37,27,96,82,69,55,0,0,1,37,1,37,214,1,37,177,1,button,1,37,37,0,172,0,1.0000,109,0.001249,-1,-1,button,1,37,37,0,172,0,1.0000,109,0.003901,,-1,button,1,37,37,0,172,0,1.0000,109,0.005730,-1,,button,1,37,37,0,172,0,1.0000,109,3.989855,-1,-1,37,0,0,0,0.4,risk_path,4,Bot1|Bot2|Bot3|Bot4,,1,0
136,0.25,75,440,1899007051,3079980098,3638,0.646756,507,1386,8-11,70-74,66-70,137,125,125,117,32,8,1,0,1,137,0,,91,0,,,0,walked_into_fire,0,100,100,0,-8,37,0.7299,,0.010282,46,46,fire_reached_bot,0,262,45,217,-170,92,0.3285,,1.105945,,-1,fire_reached_bot,0,262,45,217,-170,92,0.3285,,2.194749,-1,,fire_reached_bot,0,262,45,217,-170,92,0.3285,,33.200034,-1,-1,262,0,45,217,,no_path,0,,Bot1|Bot2|Bot3|Bot4,0,1
137,0.25,75,440,647213272,3488528219,3639,0.646933,496,1345,70-47,48-57,68-22,44,32,33,27,57,55,0,0,1,44,1,44,185,1,44,141,1,button,1,44,44,0,112,0,1.0000,193,0.001815,-1,-1,button,1,44,44,0,112,0,1.0000,193,0.005716,,-1,button,1,44,44,0,112,0,1.0000,193,0.009807,-1,,button,1,44,44,0,112,0,1.0000,193,5.130022,-1,-1,44,0,0,0,0.4,risk_path,4,Bot1|Bot2|Bot3|Bot4,,1,0
138,0.25,75,440,2955646883,1522454323,3639,0.646933,498,1348,70-34,60-68,42-16,66,44,52,46,88,70,0,0,1,66,1,66,261,1,66,195,1,button,1,66,66,0,162,0,1.0000,144,0.002295,-1,-1,button,1,66,66,0,162,0,1.0000,144,0.017261,,-1,button,1,66,66,0,162,0,1.0000,144,0.021289,-1,,button,1,66,66,0,162,0,1.0000,144,10.983559,60,60,66,0,0,0,0.4,risk_path,4,Bot1|Bot2|Bot3|Bot4,,1,0
139,0.25,75,440,3313783522,2464351505,3645,0.648000,495,1407,56-27,40-63,31-4,64,52,54,48,80,68,0,0,1,64,1,64,244,1,64,180,1,button,1,64,64,0,127,0,1.0000,175,0.002060,-1,-1,button,1,64,64,0,127,0,1.0000,175,0.015492,,-1,button,1,64,64,0,127,0,1.0000,175,0.017870,-1,,button,1,64,64,0,127,0,1.0000,175,10.347088,50,50,64,0,0,0,0.4,risk_path,4,Bot1|Bot2|Bot3|Bot4,,1,0
140,0.25,75,440,3452405857,2375599770,3649,0.648711,506,1372,37-2,71-34,45-58,70,66,82,64,60,50,1,0,1,70,0,,207,1,70,137,1,button,1,70,70,0,123,0,1.0000,246,0.002859,-1,-1,button,1,70,70,0,123,0,1.0000,246,0.019019,,-1,button,1,70,70,0,123,0,1.0000,246,0.025260,-1,,button,1,70,70,0,123,0,1.0000,246,13.364718,6,6,70,0,0,0,0.4,risk_path,4,Bot1|Bot2|Bot3|Bot4,,1,0
141,0.25,75,440,1002585984,1855575115,3672,0.652800,510,1408,39-60,63-11,65-29,83,73,63,57,26,20,1,0,1,83,0,,92,1,91,1,0,fire_reached_bot,0,46,46,0,0,37,0.5542,146,0.002311,20,20,fire_reached_bot,0,97,92,5,-4,7,0.9157,,0.063046,,86,fire_reached_bot,0,94,92,2,-1,1,0.9880,,0.088752,86,,button,1,91,91,0,1,0,1.0000,513,23.010892,83,83,91,22,69,0,0.99,risk_path,1,Bot4,Bot1|Bot2|Bot3,0,0
142,0.25,75,440,216244798,858947628,3652,0.649244,509,1403,47-4,42-58,32-25,87,59,40,36,61,43,1,0,1,87,0,,208,1,87,121,1,button,1,87,87,0,21,0,1.0000,362,0.004931,-1,-1,button,1,87,87,0,21,0,1.0000,362,0.045808,,-1,button,1,87,87,0,21,0,1.0000,362,0.058656,-1,,button,1,87,87,0,21,0,1.0000,362,19.531314,-1,-1,87,0,0,0,0.4,risk_path,4,Bot1|Bot2|Bot3|Bot4,,1,0
143,0.25,75,440,1035138522,1426829652,3638,0.646756,509,1403,25-73,20-22,66-72,76,56,68,42,98,96,0,0,1,76,1,76,350,1,76,274,1,button,1,76,76,0,209,0,1.0000,180,0.002940,-1,-1,button,1,76,76,0,209,0,1.0000,180,0.030197,,-1,button,1,76,76,0,209,0,1.0000,180,0.037283,-1,,button,1,76,76,0,209,0,1.0000,180,15.226915,-1,-1,76,0,0,0,0.4,risk_path,4,Bot1|Bot2|Bot3|Bot4,,1,0
144,0.25,75,440,833741974,2067007930,3647,0.648356,507,1395,18-23,49-6,31-6,66,48,50,30,28,18,1,0,1,66,0,,97,1,66,31,1,button,1,66,66,0,4,0,1.0000,171,0.001897,-1,-1,button,1,66,66,0,4,0,1.0000,171,0.009851,,-1,button,1,66,66,0,4,0,1.0000,171,0.012926,-1,,button,1,66,66,0,4,0,1.0000,171,13.389644,-1,-1,66,21,0,0,0.99,risk_path,4,Bot1|Bot2|Bot3|Bot4,,1,0
145,0.25,75,440,2337670084,113731334,3646,0.648178,502,1417,55-29,37-24,34-37,45,23,45,29,28,16,1,0,1,45,0,,81,1,45,36,1,button,1,45,45,0,25,0,1.0000,117,0.001340,-1,-1,button,1,45,45,0,25,0,1.0000,117,0.010061,,-1,button,1,45,45,0,25,0,1.0000,117,0.011173,-1,,button,1,45,45,0,25,0,1.0000,117,5.157722,-1,-1,45,0,0,0,0.4,risk_path,4,Bot1|Bot2|Bot3|Bot4,,1,0
146,0.25,75,440,1787649367,1167024077,3657,0.650133,512,1392,14-28,1-15,50-67,26,26,83,75,107,101,0,0,1,26,1,26,377,1,26,351,1,button,1,26,26,0,300,0,1.0000,35,0.000378,-1,-1,button,1,26,26,0,300,0,1.0000,35,0.001419,,-1,button,1,26,26,0,300,0,1.0000,35,0.001752,-1,,button,1,26,26,0,300,0,1.0000,35,2.117240,-1,-1,26,0,0,0,0.4,risk_path,4,Bot1|Bot2|Bot3|Bot4,,1,0
147,0.25,75,440,979999953,4214328274,3643,0.647644,509,1369,73-50,6-59,2-35,108,76,110,86,54,28,1,0,1,108,0,,235,1,108,127,1,button,1,108,108,0,68,0,1.0000,397,0.006079,-1,-1,button,1,108,108,0,68,0,1.0000,397,0.067258,,-1,button,1,108,108,0,68,0,1.0000,397,0.078303,-1,,button,1,108,108,0,68,0,1.0000,397,31.608702,-1,-1,108,11,5,0,0.99,risk_path,4,Bot1|Bot2|Bot3|Bot4,,1,0
148,0.25,75,440,1054847335,3500475643,3631,0.645511,510,1332,16-42,50-74,65-40,70,66,67,51,55,49,1,0,1,70,0,,211,1,70,141,1,button,1,70,70,0,141,0,1.0000,213,0.002052,-1,-1,button,1,70,70,0,141,0,1.0000,213,0.009882,,-1,button,1,70,70,0,141,0,1.0000,213,0.013555,-1,,button,1,70,70,0,141,0,1.0000,213,13.392214,49,49,70,0,0,0,0.4,risk_path,4,Bot1|Bot2|Bot3|Bot4,,1,0
149,0.25,75,440,175257072,1831328636,3645,0.648000,497,1375,51-67,36-24,24-26,78,58,76,68,16,14,1,0,1,78,0,,50,0,,,0,walked_into_fire,0,69,69,0,-18,9,0.8846,,0.003982,48,48,fire_reached_bot,0,123,47,76,-72,31,0.6026,,0.343187,,-1,fire_reached_bot,0,123,47,76,-72,31,0.6026,,0.780048,-1,,fire_reached_bot,0,123,47,76,-72,31,0.6026,,16.768551,-1,-1,123,0,47,76,,no_path,0,,Bot1|Bot2|Bot3|Bot4,0,1
150,0.25,75,440,782275208,1449296483,3626,0.644622,490,1345,36-22,61-74,74-15,91,77,59,45,76,72,1,0,1,91,0,,280,1,91,189,1,button,1,91,91,0,130,0,1.0000,408,0.004957,-1,-1,button,1,91,91,0,130,0,1.0000,408,0.034171,,-1,button,1,91,91,0,130,0,1.0000,408,0.043392,-1,,button,1,91,91,0,124,0,1.0000,408,20.627215,10,10,91,0,0,0,0.4,risk_path,4,Bot1|Bot2|Bot3|Bot4,,1,0
151,0.25,75,440,1315622670,76071239,3641,0.647289,502,1361,31-53,41-5,48-29,80,58,61,41,35,31,1,0,1,80,0,,115,1,80,35,0,fire_reached_bot,0,53,53,0,0,27,0.6625,139,0.002249,52,51,fire_reached_bot,0,67,53,14,0,31,0.6125,262,0.030303,,51,fire_reached_bot,0,59,53,6,0,33,0.5875,191,0.034444,51,,button,1,80,80,0,13,0,1.0000,363,19.682200,29,29,80,23,24,0,0.99,risk_path,1,Bot4,Bot1|Bot2|Bot3,0,0
152,0.25,75,440,3579991625,3229194548,3608,0.641422,497,1331,48-13,34-13,13-45,32,14,69,67,65,53,0,0,1,32,1,32,223,1,32,191,1,button,1,32,32,0,173,0,1.0000,63,0.000759,-1,-1,button,1,32,32,0,173,0,1.0000,63,0.003696,,-1,button,1,32,32,0,173,0,1.0000,63,0.004257,-1,,button,1,32,32,0,173,0,1.0000,63,2.761986,-1,-1,32,0,0,0,0.4,risk_path,4,Bot1|Bot2|Bot3|Bot4,,1,0
153,0.25,75,440,3847139812,3509606694,3641,0.647289,498,1353,5-25,63-60,7-65,105,93,70,42,91,61,1,0,1,105,0,,325,1,105,220,1,button,1,105,105,0,84,0,1.0000,412,0.006805,-1,-1,button,1,105,105,0,84,0,1.0000,412,0.066579,,-1,button,1,105,105,0,84,0,1.0000,412,0.084705,-1,,button,1,105,105,0,84,0,1.0000,412,29.326590,16,16,105,0,0,0,0.4,risk_path,4,Bot1|Bot2|Bot3|Bot4,,1,0
154,0.25,75,440,3024991366,1532867464,3642,0.647467,510,1382,14-15,44-47,50-59,66,62,86,80,20,18,1,0,1,66,0,,76,1,66,10,1,button,1,66,66,0,10,0,1.0000,211,0.001989,-1,-1,button,1,66,66,0,10,0,1.0000,211,0.012508,,-1,button,1,66,66,0,10,0,1.0000,211,0.016031,-1,,button,1,66,66,0,10,0,1.0000,211,13.536305,30,30,66,13,28,0,0.99,risk_path,4,Bot1|Bot2|Bot3|Bot4,,1,0
155,0.25,75,440,77398656,2952771356,3656,0.649956,502,1378,31-28,68-3,37-6,66,62,34,28,46,34,1,0,1,66,0,,151,1,66,85,1,button,1,66,66,0,48,0,1.0000,230,0.002439,-1,-1,button,1,66,66,0,48,0,1.0000,230,0.009296,,-1,button,1,66,66,0,48,0,1.0000,230,0.011985,-1,,button,1,66,66,0,55,0,1.0000,230,10.893916,35,35,66,0,0,0,0.4,risk_path,4,Bot1|Bot2|Bot3|Bot4,,1,0
156,0.25,75,440,1479374087,890278548,3637,0.646578,485,1364,25-27,72-41,49-50,75,61,57,47,46,32,1,0,1,75,0,,172,1,75,97,1,button,1,75,75,0,29,0,1.0000,201,0.002892,-1,-1,button,1,75,75,0,29,0,1.0000,201,0.025620,,-1,button,1,75,75,0,29,0,1.0000,201,0.030746,-1,,button,1,75,75,0,80,0,1.0000,201,15.417552,2,2,75,0,0,0,0.4,risk_path,4,Bot1|Bot2|Bot3|Bot4,,1,0
157,0.25,75,440,2224295823,2491851967,3652,0.649244,510,1364,9-52,44-18,52-33,75,69,76,62,25,23,1,0,1,75,0,,87,1,77,10,0,fire_reached_bot,0,70,70,0,0,5,0.9333,385,0.003492,70,67,fire_reached_bot,0,82,82,0,0,1,0.9867,567,0.017222,,67,button,1,77,77,0,2,0,1.0000,478,0.022348,67,,button,1,77,77,0,2,0,1.0000,478,17.022720,67,71,77,11,57,0,0.99,risk_path,2,Bot3|Bot4,Bot1|Bot2,0,0
158,0.25,75,440,4250350007,863802251,3634,0.646044,516,1368,52-14,14-5,70-62,57,47,82,66,123,113,0,0,1,57,1,57,402,1,57,345,1,button,1,57,57,0,271,0,1.0000,130,0.001428,-1,-1,button,1,57,57,0,271,0,1.0000,130,0.007784,,-1,button,1,57,57,0,271,0,1.0000,130,0.010925,-1,,button,1,57,57,0,271,0,1.0000,130,9.034985,-1,-1,57,0,0,0,0.4,risk_path,4,Bot1|Bot2|Bot3|Bot4,,1,0
159,0.25,75,440,1797411092,3333033759,3625,0.644444,505,1318,69-22,18-54,2-51,89,83,106,96,21,19,1,0,1,89,0,,67,0,,,0,walked_into_fire,0,81,81,0,-13,8,0.9101,,0.003492,68,68,fire_reached_bot,0,121,67,54,-53,22,0.7528,,0.274995,,-1,fire_reached_bot,0,121,67,54,-53,22,0.7528,,0.581221,-1,,fire_reached_bot,0,121,67,54,-53,22,0.7528,,24.811510,-1,-1,121,0,67,54,,no_path,0,,Bot1|Bot2|Bot3|Bot4,0,1
160,0.25,75,440,2622103724,4030296821,3630,0.645333,510,1345,71-28,17-69,71-57,103,95,41,29,98,66,1,0,1,103,0,,314,1,103,211,1,button,1,103,103,0,121,0,1.0000,365,0.006031,-1,-1,button,1,103,103,0,121,0,1.0000,365,0.072491,,-1,button,1,103,103,0,121,0,1.0000,365,0.089305,-1,,button,1,103,103,0,98,0,1.0000,365,28.115602,16,16,103,0,0,0,0.4,risk_path,4,Bot1|Bot2|Bot3|Bot4,,1,0
161,0.25,75,440,2317555799,151919511,3653,0.649422,497,1386,39-11,9-48,34-21,71,67,19,15,58,52,1,0,1,71,0,,175,1,71,104,1,button,1,71,71,0,20,0,1.0000,240,0.002366,-1,-1,button,1,71,71,0,20,0,1.0000,240,0.015747,,-1,button,1,71,71,0,20,0,1.0000,240,0.019024,-1,,button,1,71,71,0,20,0,1.0000,240,14.770552,-1,-1,71,0,0,0,0.4,risk_path,4,Bot1|Bot2|Bot3|Bot4,,1,0
162,0.25,75,440,197254622,1131390103,3628,0.644978,492,1357,64-4,48-48,10-59,78,60,119,109,69,49,1,0,1,78,0,,237,1,78,159,1,button,1,78,78,0,152,0,1.0000,192,0.002360,-1,-1,button,1,78,78,0,152,0,1.0000,192,0.030877,,-1,button,1,78,78,0,152,0,1.0000,192,0.037790,-1,,button,1,78,78,0,152,0,1.0000,192,16.857774,-1,-1,78,0,0,0,0.4,risk_path,4,Bot1|Bot2|Bot3|Bot4,,1,0
163,0.25,75,440,2939572986,872181782,3637,0.646578,492,1354,24-49,24-6,26-14,61,43,47,37,26,10,1,0,1,61,0,,102,1,61,41,1,button,1,61,61,0,4,0,1.0000,212,0.002133,-1,-1,button,1,61,61,0,4,0,1.0000,212,0.012515,,-1,button,1,61,61,0,4,0,1.0000,212,0.014810,-1,,button,1,61,61,0,9,0,1.0000,212,10.428305,15,15,61,16,6,0,0.99,risk_path,4,Bot1|Bot2|Bot3|Bot4,,1,0
164,0.25,75,440,318478055,3662582948,3642,0.647467,515,1402,71-51,66-61,54-8,21,15,76,60,89,65,0,0,1,21,1,21,281,1,21,260,1,button,1,21,21,0,233,0,1.0000,27,0.000311,-1,-1,button,1,21,21,0,233,0,1.0000,27,0.001192,,-1,button,1,21,21,0,233,0,1.0000,27,0.001394,-1,,button,1,21,21,0,233,0,1.0000,27,1.321115,-1,-1,21,0,0,0,0.4,risk_path,4,Bot1|Bot2|Bot3|Bot4,,1,0
165,0.25,75,440,4153650681,247554762,3644,0.647822,510,1382,64-68,47-30,67-69,71,55,10,4,81,59,0,0,1,71,1,71,280,1,71,209,1,button,1,71,71,0,35,0,1.0000,158,0.002334,-1,-1,button,1,71,71,0,35,0,1.0000,158,0.023577,,-1,button,1,71,71,0,35,0,1.0000,158,0.025397,-1,,button,1,71,71,0,35,0,1.0000,158,13.022979,-1,-1,71,0,0,0,0.4,risk_path,4,Bot1|Bot2|Bot3|Bot4,,1,0
166,0.25,75,440,3449166865,1705888709,3633,0.645867,507,1380,4-1,11-58,21-60,82,64,84,76,34,12,1,0,1,82,0,,159,1,82,77,1,button,1,82,82,0,18,0,1.0000,250,0.002696,-1,-1,button,1,82,82,0,18,0,1.0000,250,0.030746,,-1,button,1,82,82,0,18,0,1.0000,250,0.033925,-1,,button,1,82,82,0,49,0,1.0000,250,18.560484,24,24,82,13,16,0,0.99,risk_path,4,Bot1|Bot2|Bot3|Bot4,,1,0
167,0.25,75,440,922269232,2098977963,3647,0.648356,511,1360,13-1,33-41,63-8,76,60,65,57,65,63,1,0,1,76,0,,187,1,76,111,1,button,1,76,76,0,105,0,1.0000,335,0.003639,-1,-1,button,1,76,76,0,105,0,1.0000,335,0.024903,,-1,button,1,76,76,0,105,0,1.0000,335,0.028205,-1,,button,1,76,76,0,105,0,1.0000,335,15.107659,26,26,76,0,0,0,0.4,risk_path,4,Bot1|Bot2|Bot3|Bot4,,1,0
168,0.25,75,440,544612032,2877135198,3672,0.652800,519,1443,73-8,4-23,58-24,108,84,33,31,77,55,1,0,1,108,0,,269,1,108,161,1,button,1,108,108,0,60,0,1.0000,625,0.008311,-1,-1,button,1,108,108,0,60,0,1.0000,625,0.072990,,-1,button,1,108,108,0,60,0,1.0000,625,0.095225,-1,,button,1,108,108,0,60,0,1.0000,625,29.905222,57,57,108,0,0,0,0.4,risk_path,4,Bot1|Bot2|Bot3|Bot4,,1,0
169,0.25,75,440,3778881665,2740835865,3659,0.650489,524,1370,53-11,25-60,12-64,89,77,106,94,17,17,1,0,1,89,0,,77,0,,,0,walked_into_fire,0,83,83,0,-5,6,0.9326,,0.005755,78,78,fire_reached_bot,0,96,77,19,-18,12,0.8652,,0.129741,,-1,fire_reached_bot,0,96,77,19,-18,12,0.8652,,0.329678,-1,,fire_reached_bot,0,96,77,19,-18,12,0.8652,,23.686043,-1,-1,96,0,77,19,,no_path,0,,Bot1|Bot2|Bot3|Bot4,0,1
170,0.25,75,440,229250927,3518222234,3643,0.647644,495,1356,14-12,17-54,46-5,67,45,45,39,78,78,0,0,1,67,1,67,293,1,67,226,1,button,1,67,67,0,132,0,1.0000,200,0.002461,-1,-1,button,1,67,67,0,132,0,1.0000,200,0.019006,,-1,button,1,67,67,0,132,0,1.0000,200,0.026220,-1,,button,1,67,67,0,132,0,1.0000,200,12.408976,26,26,67,0,0,0,0.4,risk_path,4,Bot1|Bot2|Bot3|Bot4,,1,0
171,0.25,75,440,1085318485,4112605803,3639,0.646933,508,1381,36-73,72-19,35-7,98,90,87,67,55,49,1,0,1,98,0,,193,1,98,95,1,button,1,98,98,0,68,0,1.0000,436,0.006656,-1,-1,button,1,98,98,0,68,0,1.0000,436,0.061364,,-1,button,1,98,98,0,68,0,1.0000,436,0.076512,-1,,button,1,98,98,0,72,0,1.0000,436,24.948863,11,11,98,0,0,0,0.4,risk_path,4,Bot1|Bot2|Bot3|Bot4,,1,0
172,0.25,75,440,1943131252,2533243586,3649,0.648711,504,1361,49-28,24-40,33-20,43,37,28,24,33,29,1,0,1,43,0,,109,1,43,66,1,button,1,43,43,0,27,0,1.0000,101,0.001003,-1,-1,button,1,43,43,0,27,0,1.0000,101,0.006008,,-1,button,1,43,43,0,27,0,1.0000,101,0.007147,-1,,button,1,43,43,0,27,0,1.0000,101,4.803844,-1,-1,43,0,0,0,0.4,risk_path,4,Bot1|Bot2|Bot3|Bot4,,1,0
173,0.25,75,440,815405907,3357921857,3626,0.644622,501,1351,17-10,2-58,1-70,77,63,88,76,23,13,1,0,1,77,0,,109,1,77,32,1,button,1,77,77,0,15,0,1.0000,126,0.002017,-1,-1,button,1,77,77,0,15,0,1.0000,126,0.025294,,-1,button,1,77,77,0,15,0,1.0000,126,0.027914,-1,,button,1,77,77,0,15,0,1.0000,126,18.091327,-1,-1,77,11,47,0,0.99,risk_path,4,Bot1|Bot2|Bot3|Bot4,,1,0
174,0.25,75,440,2300978891,2614612160,3647,0.648356,501,1375,29-35,5-65,18-74,54,54,60,50,26,22,1,0,1,54,0,,95,1,54,41,1,button,1,54,54,0,38,0,1.0000,55,0.000937,-1,-1,button,1,54,54,0,38,0,1.0000,55,0.007741,,-1,button,1,54,54,0,38,0,1.0000,55,0.008262,-1,,button,1,54,54,0,38,0,1.0000,55,8.118281,-1,-1,54,6,0,0,0.8,risk_path,4,Bot1|Bot2|Bot3|Bot4,,1,0
175,0.25,75,440,2018207897,3314081923,3620,0.643556,501,1355,16-10,53-27,60-70,66,54,122,104,56,50,1,0,1,66,0,,203,1,66,137,1,button,1,66,66,0,137,0,1.0000,236,0.003016,-1,-1,button,1,66,66,0,137,0,1.0000,236,0.018540,,-1,button,1,66,66,0,137,0,1.0000,236,0.021989,-1,,button,1,66,66,0,137,0,1.0000,236,11.584565,23,23,66,0,0,0,0.4,risk_path,4,Bot1|Bot2|Bot3|Bot4,,1,0
176,0.25,75,440,2818097894,3512310857,3632,0.645689,509,1342,11-44,26-37,59-48,46,22,74,52,66,44,0,0,1,46,1,46,246,1,46,200,1,button,1,46,46,0,165,0,1.0000,41,0.001691,-1,-1,button,1,46,46,0,165,0,1.0000,41,0.010678,,-1,button,1,46,46,0,165,0,1.0000,41,0.011664,-1,,button,1,46,46,0,165,0,1.0000,41,5.958596,6,6,46,0,0,0,0.4,risk_path,4,Bot1|Bot2|Bot3|Bot4,,1,0
177,0.25,75,440,2027427399,1220179851,3630,0.645333,486,1356,30-38,73-15,50-71,66,66,63,53,95,79,0,0,1,66,1,66,322,1,66,256,1,button,1,66,66,0,167,0,1.0000,72,0.001497,-1,-1,button,1,66,66,0,167,0,1.0000,72,0.007009,,-1,button,1,66,66,0,167,0,1.0000,72,0.008161,-1,,button,1,66,66,0,167,0,1.0000,72,11.521414,37,37,66,0,0,0,0.4,risk_path,4,Bot1|Bot2|Bot3|Bot4,,1,0
178,0.25,75,440,3599993327,1032513067,3649,0.648711,514,1379,52-28,3-70,60-5,101,91,39,31,122,122,0,0,1,101,1,101,395,1,101,294,1,button,1,101,101,0,122,0,1.0000,509,0.010223,-1,-1,button,1,101,101,0,122,0,1.0000,509,0.033101,,-1,button,1,101,101,0,122,0,1.0000,509,0.046785,-1,,button,1,101,101,0,122,0,1.0000,509,27.273737,-1,-1,101,0,0,0,0.4,risk_path,4,Bot1|Bot2|Bot3|Bot4,,1,0
179,0.25,75,440,2543364003,1899170686,3632,0.645689,503,1387,41-38,55-52,67-5,34,28,63,59,69,59,0,0,1,34,1,34,221,1,34,187,1,button,1,34,34,0,187,0,1.0000,17,0.000670,-1,-1,button,1,34,34,0,187,0,1.0000,17,0.003023,,-1,button,1,34,34,0,187,0,1.0000,17,0.003292,-1,,button,1,34,34,0,187,0,1.0000,17,3.303140,19,19,34,0,0,0,0.4,risk_path,4,Bot1|Bot2|Bot3|Bot4,,1,0
180,0.25,75,440,1116830270,123999137,3635,0.646222,502,1362,41-21,71-69,61-69,92,78,78,68,30,10,1,0,1,92,0,,112,0,,,0,walked_into_fire,0,56,56,0,-5,36,0.6087,107,0.004219,49,49,fire_reached_bot,0,103,54,49,0,38,0.5870,379,0.275767,,-1,fire_reached_bot,0,103,54,49,0,38,0.5870,379,0.590557,-1,,fire_reached_bot,0,103,54,49,0,38,0.5870,379,23.334151,-1,-1,103,0,54,49,,no_path,0,,Bot1|Bot2|Bot3|Bot4,0,1
181,0.25,75,440,4129245186,2777447817,3675,0.653333,520,1414,58-11,69-10,38-59,16,12,74,68,86,80,0,0,1,16,1,16,323,1,16,307,1,button,1,16,16,0,288,0,1.0000,3,0.000278,-1,-1,button,1,16,16,0,288,0,1.0000,3,0.000628,,-1,button,1,16,16,0,288,0,1.0000,3,0.000748,-1,,button,1,16,16,0,288,0,1.0000,3,0.822495,2,2,16,0,0,0,0.4,risk_path,4,Bot1|Bot2|Bot3|Bot4,,1,0
182,0.25,75,440,699038936,1084992602,3641,0.647289,516,1390,25-21,56-28,5-35,46,38,36,34,74,58,0,0,1,46,1,46,242,1,46,196,1,button,1,46,46,0,105,0,1.0000,125,0.001758,-1,-1,button,1,46,46,0,105,0,1.0000,125,0.005322,,-1,button,1,46,46,0,105,0,1.0000,125,0.007222,-1,,button,1,46,46,0,105,0,1.0000,125,5.885170,18,18,46,0,0,0,0.4,risk_path,4,Bot1|Bot2|Bot3|Bot4,,1,0
183,0.25,75,440,3412191491,4070376951,3637,0.646578,496,1387,62-44,41-67,63-45,54,44,2,2,56,44,0,0,1,54,1,54,204,1,54,150,1,button,1,54,54,0,7,0,1.0000,223,0.002681,-1,-1,button,1,54,54,0,7,0,1.0000,223,0.010170,,-1,button,1,54,54,0,7,0,1.0000,223,0.012632,-1,,button,1,54,54,0,7,0,1.0000,223,8.141058,-1,-1,54,0,0,0,0.4,risk_path,4,Bot1|Bot2|Bot3|Bot4,,1,0
184,0.25,75,440,1126362104,2531367481,3631,0.645511,503,1386,31-17,21-48,48-3,53,41,39,31,78,72,0,0,1,53,1,53,264,1,53,211,1,button,1,53,53,0,129,0,1.0000,61,0.001482,-1,-1,button,1,53,53,0,129,0,1.0000,61,0.009265,,-1,button,1,53,53,0,129,0,1.0000,61,0.011661,-1,,button,1,53,53,0,129,0,1.0000,61,7.624831,-1,-1,53,0,0,0,0.4,risk_path,4,Bot1|Bot2|Bot3|Bot4,,1,0
185,0.25,75,440,3977488963,3994077294,3647,0.648356,515,1343,30-40,24-6,35-13,52,40,46,32,18,18,1,0,1,52,0,,60,1,52,8,1,button,1,52,52,0,3,0,1.0000,138,0.002013,-1,-1,button,1,52,52,0,3,0,1.0000,138,0.007251,,-1,button,1,52,52,0,3,0,1.0000,138,0.008709,-1,,button,1,52,52,0,3,0,1.0000,138,8.993973,-1,-1,52,11,24,0,0.99,risk_path,4,Bot1|Bot2|Bot3|Bot4,,1,0
186,0.25,75,440,2126553979,2609949610,3626,0.644622,490,1334,13-61,42-74,58-35,42,42,73,71,61,55,0,0,1,42,1,42,220,1,42,178,1,button,1,42,42,0,178,0,1.0000,81,0.001201,-1,-1,button,1,42,42,0,178,0,1.0000,81,0.003948,,-1,button,1,42,42,0,178,0,1.0000,81,0.004443,-1,,button,1,42,42,0,178,0,1.0000,81,4.890608,6,6,42,0,0,0,0.4,risk_path,4,Bot1|Bot2|Bot3|Bot4,,1,0
187,0.25,75,440,604629814,3122588556,3651,0.649067,512,1393,42-22,48-26,40-11,12,10,19,13,31,23,0,0,1,12,1,12,119,1,12,107,1,button,1,12,12,0,74,0,1.0000,8,0.000207,-1,-1,button,1,12,12,0,74,0,1.0000,8,0.000328,,-1,button,1,12,12,0,74,0,1.0000,8,0.000373,-1,,button,1,12,12,0,74,0,1.0000,8,0.476890,-1,-1,12,0,0,0,0.4,risk_path,4,Bot1|Bot2|Bot3|Bot4,,1,0
188,0.25,75,440,2717215071,3838181151,3669,0.652267,516,1402,4-12,43-12,69-67,83,39,120,120,91,81,0,0,1,83,1,83,329,1,83,246,1,button,1,83,83,0,222,0,1.0000,329,0.007597,-1,-1,button,1,83,83,0,222,0,1.0000,329,0.058599,,-1,button,1,83,83,0,222,0,1.0000,329,0.075468,-1,,button,1,83,83,0,222,0,1.0000,329,18.405911,34,34,83,0,0,0,0.4,risk_path,4,Bot1|Bot2|Bot3|Bot4,,1,0
189,0.25,75,440,899400218,1033562852,3653,0.649422,519,1408,15-65,68-61,7-10,91,57,95,63,132,112,0,0,1,91,1,91,498,1,91,407,1,button,1,91,91,0,316,0,1.0000,81,0.002826,-1,-1,button,1,91,91,0,316,0,1.0000,81,0.033706,,-1,button,1,91,91,0,316,0,1.0000,81,0.038460,-1,,button,1,91,91,0,316,0,1.0000,81,22.782119,22,22,91,0,0,0,0.4,risk_path,4,Bot1|Bot2|Bot3|Bot4,,1,0
190,0.25,75,440,3481980839,2844192455,3636,0.646400,506,1365,69-53,58-13,16-44,61,51,78,62,77,73,0,0,1,61,1,61,294,1,61,233,1,button,1,61,61,0,206,0,1.0000,155,0.002192,-1,-1,button,1,61,61,0,206,0,1.0000,155,0.012573,,-1,button,1,61,61,0,206,0,1.0000,155,0.014705,-1,,button,1,61,61,0,206,0,1.0000,155,10.072168,-1,-1,61,0,0,0,0.4,risk_path,4,Bot1|Bot2|Bot3|Bot4,,1,0
191,0.25,75,440,1615916817,2432315316,3635,0.646222,508,1385,2-12,63-7,37-53,84,66,84,76,96,72,0,0,1,84,1,84,293,1,84,209,1,button,1,84,84,0,195,0,1.0000,318,0.003847,-1,-1,button,1,84,84,0,195,0,1.0000,318,0.022029,,-1,button,1,84,84,0,195,0,1.0000,318,0.027459,-1,,button,1,84,84,0,195,0,1.0000,318,19.529857,4,4,84,0,0,0,0.4,risk_path,4,Bot1|Bot2|Bot3|Bot4,,1,0
192,0.25,75,440,3898521735,118069459,3640,0.647111,503,1357,65-51,13-31,35-4,78,72,95,77,65,49,1,0,1,78,0,,188,1,78,110,1,button,1,78,78,0,110,0,1.0000,116,0.001768,-1,-1,button,1,78,78,0,110,0,1.0000,116,0.030854,,-1,button,1,78,78,0,110,0,1.0000,116,0.027021,-1,,button,1,78,78,0,110,0,1.0000,116,16.405767,-1,-1,78,0,0,0,0.4,risk_path,4,Bot1|Bot2|Bot3|Bot4,,1,0
193,0.25,75,440,2444658365,2126892776,3649,0.648711,505,1399,33-16,18-42,60-74,45,41,103,85,80,74,0,0,1,45,1,45,261,1,45,216,1,button,1,45,45,0,179,0,1.0000,92,0.000988,-1,-1,button,1,45,45,0,179,0,1.0000,92,0.006512,,-1,button,1,45,45,0,179,0,1.0000,92,0.008925,-1,,button,1,45,45,0,179,0,1.0000,92,5.469271,-1,-1,45,0,0,0,0.4,risk_path,4,Bot1|Bot2|Bot3|Bot4,,1,0
194,0.25,75,440,2214062488,49670459,3680,0.654222,504,1424,54-28,6-56,20-24,80,76,58,38,60,46,1,0,1,80,0,,186,1,80,106,1,button,1,80,80,0,46,0,1.0000,497,0.004806,-1,-1,button,1,80,80,0,46,0,1.0000,497,0.029579,,-1,button,1,80,80,0,46,0,1.0000,497,0.041039,-1,,button,1,80,80,0,46,0,1.0000,497,16.637878,-1,-1,80,0,0,0,0.4,risk_path,4,Bot1|Bot2|Bot3|Bot4,,1,0
195,0.25,75,440,1449191703,2718877568,3592,0.638578,491,1324,33-21,17-58,26-24,55,53,12,10,53,43,1,0,1,55,0,,188,1,55,133,1,button,1,55,55,0,34,0,1.0000,97,0.001007,-1,-1,button,1,55,55,0,34,0,1.0000,97,0.006895,,-1,button,1,55,55,0,34,0,1.0000,97,0.013967,-1,,button,1,55,55,0,34,0,1.0000,97,8.513634,-1,-1,55,0,0,0,0.4,risk_path,4,Bot1|Bot2|Bot3|Bot4,,1,0
196,0.25,75,440,2745450280,3961164760,3646,0.648178,520,1434,24-70,36-17,51-9,95,65,110,88,25,23,1,0,1,95,0,,73,0,,,0,walked_into_fire,0,88,88,0,-14,7,0.9263,,0.006373,74,74,fire_reached_bot,0,165,73,92,-91,22,0.7684,,0.398683,,-1,fire_reached_bot,0,165,73,92,-91,22,0.7684,,0.891759,-1,,fire_reached_bot,0,165,73,92,-91,22,0.7684,,27.818457,-1,-1,165,0,73,92,,no_path,0,,Bot1|Bot2|Bot3|Bot4,0,1
197,0.25,75,440,1134599302,4132178095,3653,0.649422,495,1397,20-37,62-2,57-46,77,77,56,46,65,49,1,0,1,77,0,,202,1,77,125,1,button,1,77,77,0,98,0,1.0000,342,0.004034,-1,-1,button,1,77,77,0,98,0,1.0000,342,0.015648,,-1,button,1,77,77,0,98,0,1.0000,342,0.020487,-1,,button,1,77,77,0,86,0,1.0000,342,14.779711,20,20,77,0,0,0,0.4,risk_path,4,Bot1|Bot2|Bot3|Bot4,,1,0
198,0.25,75,440,3387618525,4213744687,3637,0.646578,501,1335,25-12,26-27,73-32,32,16,80,68,70,52,0,0,1,32,1,32,251,1,32,219,1,button,1,32,32,0,182,0,1.0000,19,0.000578,-1,-1,button,1,32,32,0,182,0,1.0000,19,0.002320,,-1,button,1,32,32,0,182,0,1.0000,19,0.002578,-1,,button,1,32,32,0,182,0,1.0000,19,3.192170,-1,-1,32,0,0,0,0.4,risk_path,4,Bot1|Bot2|Bot3|Bot4,,1,0
199,0.25,75,440,3963364150,1255751458,3646,0.648178,503,1378,31-11,73-33,7-36,76,64,53,49,91,69,0,0,1,76,1,76,323,1,76,247,1,button,1,76,76,0,132,0,1.0000,327,0.003819,-1,-1,button,1,76,76,0,132,0,1.0000,327,0.020442,,-1,button,1,76,76,0,132,0,1.0000,327,0.025424,-1,,button,1,76,76,0,163,0,1.0000,327,14.148938,1,1,76,0,0,0,0.4,risk_path,4,Bot1|Bot2|Bot3|Bot4,,1,0
200,0.25,75,440,687047578,4017936739,3628,0.644978,511,1337,27-51,69-32,8-40,65,61,30,30,79,69,0,0,1,65,1,65,265,1,65,200,1,button,1,65,65,0,80,0,1.0000,337,0.002944,-1,-1,button,1,65,65,0,80,0,1.0000,337,0.015284,,-1,button,1,65,65,0,80,0,1.0000,337,0.019353,-1,,button,1,65,65,0,80,0,1.0000,337,10.480575,16,16,65,0,0,0,0.4,risk_path,4,Bot1|Bot2|Bot3|Bot4,,1,0
201,0.25,75,440,3808654913,1437651723,3644,0.647822,506,1376,73-63,38-16,62-70,86,82,34,18,84,78,1,0,1,86,0,,275,1,86,189,1,button,1,86,86,0,19,0,1.0000,355,0.006262,-1,-1,button,1,86,86,0,19,0,1.0000,355,0.028511,,-1,button,1,86,86,0,19,0,1.0000,355,0.039708,-1,,button,1,86,86,0,19,0,1.0000,355,18.208246,9,9,86,0,0,0,0.4,risk_path,4,Bot1|Bot2|Bot3|Bot4,,1,0
202,0.25,75,440,479682215,117614757,3621,0.643733,510,1341,36-35,34-65,43-19,46,32,39,23,81,55,0,0,1,46,1,46,288,1,46,242,1,button,1,46,46,0,151,0,1.0000,55,0.000949,-1,-1,button,1,46,46,0,151,0,1.0000,55,0.006645,,-1,button,1,46,46,0,151,0,1.0000,55,0.008452,-1,,button,1,46,46,0,151,0,1.0000,55,5.353391,-1,-1,46,0,0,0,0.4,risk_path,4,Bot1|Bot2|Bot3|Bot4,,1,0
203,0.25,75,440,1496475200,4047105304,3645,0.648000,514,1350,51-1,14-73,56-29,117,109,43,33,88,86,1,0,1,117,0,,299,1,117,182,1,button,1,117,117,0,14,0,1.0000,995,0.015564,-1,-1,button,1,117,117,0,14,0,1.0000,995,0.076503,,-1,button,1,117,117,0,14,0,1.0000,995,0.105946,-1,,button,1,117,117,0,14,0,1.0000,995,31.349528,-1,-1,117,0,0,0,0.4,risk_path,4,Bot1|Bot2|Bot3|Bot4,,1,0
204,0.25,75,440,505044942,177768735,3649,0.648711,507,1385,16-40,65-14,63-49,81,75,68,56,65,37,1,0,1,81,0,,225,1,81,144,1,button,1,81,81,0,65,0,1.0000,292,0.004631,-1,-1,button,1,81,81,0,65,0,1.0000,292,0.027742,,-1,button,1,81,81,0,65,0,1.0000,292,0.032760,-1,,button,1,81,81,0,52,0,1.0000,292,15.823949,38,38,81,0,0,0,0.4,risk_path,4,Bot1|Bot2|Bot3|Bot4,,1,0
205,0.25,75,440,2592851329,1842348790,3662,0.651022,518,1377,6-43,55-29,67-0,81,63,112,104,51,41,1,0,1,81,0,,182,1,81,101,1,button,1,81,81,0,85,0,1.0000,116,0.003142,-1,-1,button,1,81,81,0,85,0,1.0000,116,0.036278,,-1,button,1,81,81,0,85,0,1.0000,116,0.043966,-1,,button,1,81,81,0,82,0,1.0000,116,16.777350,17,17,81,0,0,0,0.4,risk_path,4,Bot1|Bot2|Bot3|Bot4,,1,0
206,0.25,75,440,3837839052,4278048444,3662,0.651022,509,1415,49-20,41-20,45-66,10,8,62,50,64,50,0,0,1,10,1,10,245,1,10,235,1,button,1,10,10,0,222,0,1.0000,10,0.000132,-1,-1,button,1,10,10,0,222,0,1.0000,10,0.000211,,-1,button,1,10,10,0,222,0,1.0000,10,0.000368,-1,,button,1,10,10,0,223,0,1.0000,10,0.467360,1,1,10,0,0,0,0.4,risk_path,4,Bot1|Bot2|Bot3|Bot4,,1,0
207,0.25,75,440,4060788553,845069922,3646,0.648178,517,1375,13-16,67-34,60-28,86,72,81,59,13,13,1,0,1,86,0,,65,0,,,0,walked_into_fire,0,56,56,0,-1,30,0.6512,259,0.003491,39,39,fire_reached_bot,0,64,63,1,0,29,0.6628,323,0.051207,,-1,fire_reached_bot,0,64,63,1,0,29,0.6628,323,0.107611,-1,,fire_reached_bot,0,64,63,1,0,29,0.6628,323,25.666142,-1,-1,64,0,63,1,,no_path,0,,Bot1|Bot2|Bot3|Bot4,0,1
208,0.25,75,440,1921987437,1998653501,3636,0.646400,506,1373,74-46,4-55,7-25,107,79,108,88,45,33,1,0,1,107,0,,176,1,107,69,1,button,1,107,107,0,69,0,1.0000,547,0.009440,-1,-1,button,1,107,107,0,69,0,1.0000,547,0.063413,,-1,button,1,107,107,0,69,0,1.0000,547,0.073984,-1,,button,1,107,107,0,69,0,1.0000,547,31.662300,-1,-1,107,9,26,0,0.99,risk_path,4,Bot1|Bot2|Bot3|Bot4,,1,0
209,0.25,75,440,2984244257,2435512816,3670,0.652444,500,1412,29-21,22-1,14-24,37,27,42,18,53,31,0,0,1,37,1,37,177,1,37,140,1,button,1,37,37,0,108,0,1.0000,10,0.000497,-1,-1,button,1,37,37,0,108,0,1.0000,10,0.003974,,-1,button,1,37,37,0,108,0,1.0000,10,0.005297,-1,,button,1,37,37,0,108,0,1.0000,10,3.660864,-1,-1,37,0,0,0,0.4,risk_path,4,Bot1|Bot2|Bot3|Bot4,,1,0
210,0.25,75,440,1735617669,2279655686,3643,0.647644,510,1392,61-49,6-10,2-50,100,94,80,60,72,44,1,0,1,100,0,,238,1,100,138,1,button,1,100,100,0,132,0,1.0000,209,0.003677,-1,-1,button,1,100,100,0,132,0,1.0000,209,0.045813,,-1,button,1,100,100,0,132,0,1.0000,209,0.060436,-1,,button,1,100,100,0,132,0,1.0000,209,25.596091,-1,-1,100,0,0,0,0.4,risk_path,4,Bot1|Bot2|Bot3|Bot4,,1,0
211,0.25,75,440,741719091,4088483574,3654,0.649600,511,1417,7-48,46-4,1-6,87,83,60,48,63,47,1,0,1,87,0,,203,1,87,116,1,button,1,87,87,0,71,0,1.0000,201,0.003722,-1,-1,button,1,87,87,0,71,0,1.0000,201,0.028820,,-1,button,1,87,87,0,71,0,1.0000,201,0.031135,-1,,button,1,87,87,0,107,0,1.0000,201,20.670382,29,29,87,0,0,0,0.4,risk_path,4,Bot1|Bot2|Bot3|Bot4,,1,0
212,0.25,75,440,43164127,71827648,3665,0.651556,501,1384,71-28,42-51,34-71,58,52,92,80,34,28,1,0,1,58,0,,128,1,58,70,1,button,1,58,58,0,70,0,1.0000,44,0.001095,-1,-1,button,1,58,58,0,70,0,1.0000,44,0.009181,,-1,button,1,58,58,0,70,0,1.0000,44,0.009797,-1,,button,1,58,58,0,70,0,1.0000,44,9.768593,-1,-1,58,0,0,0,0.4,risk_path,4,Bot1|Bot2|Bot3|Bot4,,1,0
213,0.25,75,440,1597394174,606359399,3657,0.650133,510,1407,65-30,32-37,23-68,54,40,86,80,52,40,1,0,1,54,0,,159,1,54,105,1,button,1,54,54,0,88,0,1.0000,188,0.002284,-1,-1,button,1,54,54,0,88,0,1.0000,188,0.009045,,-1,button,1,54,54,0,88,0,1.0000,188,0.011385,-1,,button,1,54,54,0,88,0,1.0000,188,8.208199,-1,-1,54,0,0,0,0.4,risk_path,4,Bot1|Bot2|Bot3|Bot4,,1,0
214,0.25,75,440,3435905294,2392089260,3647,0.648356,496,1383,21-73,38-43,5-63,65,47,30,26,71,53,0,0,1,65,1,65,249,1,65,184,1,button,1,65,65,0,84,0,1.0000,252,0.003006,-1,-1,button,1,65,65,0,84,0,1.0000,252,0.016061,,-1,button,1,65,65,0,84,0,1.0000,252,0.020116,-1,,button,1,65,65,0,84,0,1.0000,252,11.160191,2,2,65,0,0,0,0.4,risk_path,4,Bot1|Bot2|Bot3|Bot4,,1,0
215,0.25,75,440,538301983,4070519892,3626,0.644622,499,1356,51-64,36-73,37-37,50,24,51,41,51,37,0,0,1,50,1,50,155,1,50,105,1,button,1,50,50,0,73,0,1.0000,146,0.001425,-1,-1,button,1,50,50,0,73,0,1.0000,146,0.008536,,-1,button,1,50,50,0,73,0,1.0000,146,0.011201,-1,,button,1,50,50,0,73,0,1.0000,146,6.480531,39,39,50,0,0,0,0.4,risk_path,4,Bot1|Bot2|Bot3|Bot4,,1,0
216,0.25,75,440,1948681360,2814169751,3667,0.651911,505,1403,15-18,25-22,10-13,14,14,30,10,30,24,0,0,1,14,1,14,107,1,14,93,1,button,1,14,14,0,76,0,1.0000,10,0.000145,-1,-1,button,1,14,14,0,76,0,1.0000,10,0.000298,,-1,button,1,14,14,0,76,0,1.0000,10,0.000359,-1,,button,1,14,14,0,76,0,1.0000,10,0.602408,-1,-1,14,0,0,0,0.4,risk_path,4,Bot1|Bot2|Bot3|Bot4,,1,0
217,0.25,75,440,234546496,899763894,3644,0.647822,506,1364,33-28,9-36,33-5,44,32,45,23,61,55,0,0,1,44,1,44,223,1,44,179,1,button,1,44,44,0,156,0,1.0000,54,0.000874,-1,-1,button,1,44,44,0,156,0,1.0000,54,0.006583,,-1,button,1,44,44,0,156,0,1.0000,54,0.008398,-1,,button,1,44,44,0,156,0,1.0000,54,5.224402,43,43,44,0,0,0,0.4,risk_path,4,Bot1|Bot2|Bot3|Bot4,,1,0
218,0.25,75,440,2601635953,347498,3653,0.649422,506,1409,29-59,4-21,38-7,73,63,75,61,62,48,1,0,1,73,0,,214,1,73,141,1,button,1,73,73,0,123,0,1.0000,260,0.003425,-1,-1,button,1,73,73,0,123,0,1.0000,260,0.025211,,-1,button,1,73,73,0,123,0,1.0000,260,0.031909,-1,,button,1,73,73,0,120,0,1.0000,260,14.538434,60,60,73,0,0,0,0.4,risk_path,4,Bot1|Bot2|Bot3|Bot4,,1,0
219,0.25,75,440,1873523526,189957216,3638,0.646756,508,1348,47-9,28-54,6-25,72,64,71,57,51,51,1,0,1,72,0,,185,1,72,113,1,button,1,72,72,0,66,0,1.0000,224,0.002372,-1,-1,button,1,72,72,0,66,0,1.0000,224,0.018737,,-1,button,1,72,72,0,66,0,1.0000,224,0.023864,-1,,button,1,72,72,0,66,0,1.0000,224,13.776625,-1,-1,72,0,0,0,0.4,risk_path,4,Bot1|Bot2|Bot3|Bot4,,1,0
220,0.25,75,440,650066665,1525053087,3651,0.649067,495,1389,47-54,47-10,5-72,80,44,60,60,126,104,0,0,1,80,1,80,447,1,80,367,1,button,1,80,80,0,206,0,1.0000,201,0.003772,-1,-1,button,1,80,80,0,206,0,1.0000,201,0.044727,,-1,button,1,80,80,0,206,0,1.0000,201,0.050534,-1,,button,1,80,80,0,206,0,1.0000,201,17.486648,39,39,80,0,0,0,0.4,risk_path,4,Bot1|Bot2|Bot3|Bot4,,1,0
221,0.25,75,440,1404877065,2420011909,3640,0.647111,507,1408,54-38,31-51,53-61,38,36,34,24,34,32,1,0,1,38,0,,106,1,38,68,1,button,1,38,38,0,51,0,1.0000,95,0.000735,-1,-1,button,1,38,38,0,51,0,1.0000,95,0.003112,,-1,button,1,38,38,0,51,0,1.0000,95,0.003279,-1,,button,1,38,38,0,51,0,1.0000,95,4.280732,-1,-1,38,0,0,0,0.4,risk_path,4,Bot1|Bot2|Bot3|Bot4,,1,0
222,0.25,75,440,1871520942,110449919,3642,0.647467,513,1411,44-69,25-70,38-55,30,20,22,20,30,28,0,0,1,30,0,,112,1,30,82,1,button,1,30,30,0,25,0,1.0000,76,0.000594,-1,-1,button,1,30,30,0,25,0,1.0000,76,0.002667,,-1,button,1,30,30,0,25,0,1.0000,76,0.002647,-1,,button,1,30,30,0,25,0,1.0000,76,2.542269,-1,-1,30,0,0,0,0.4,risk_path,4,Bot1|Bot2|Bot3|Bot4,,1,0
223,0.25,75,440,1891869098,1845810528,3648,0.648533,505,1371,6-33,19-36,72-72,22,16,113,105,101,89,0,0,1,22,1,22,303,1,22,281,1,button,1,22,22,0,276,0,1.0000,22,0.000347,-1,-1,button,1,22,22,0,276,0,1.0000,22,0.001666,,-1,button,1,22,22,0,276,0,1.0000,22,0.001909,-1,,button,1,22,22,0,276,0,1.0000,22,1.726109,6,6,22,0,0,0,0.4,risk_path,4,Bot1|Bot2|Bot3|Bot4,,1,0
224,0.25,75,440,3946411396,399432510,3628,0.644978,507,1377,14-74,47-31,63-44,84,76,81,79,29,29,1,0,1,84,0,,89,1,84,5,1,button,1,84,84,0,5,0,1.0000,334,0.005072,-1,-1,button,1,84,84,0,5,0,1.0000,334,0.030020,,-1,button,1,84,84,0,5,0,1.0000,334,0.029396,-1,,button,1,84,84,0,5,0,1.0000,334,20.799240,57,57,84,13,50,0,0.99,risk_path,4,Bot1|Bot2|Bot3|Bot4,,1,0
225,0.25,75,440,395123674,1705726284,3633,0.645867,498,1354,41-14,11-70,23-1,104,86,31,31,101,81,1,0,1,104,0,,321,1,104,217,1,button,1,104,104,0,36,0,1.0000,454,0.008331,-1,-1,button,1,104,104,0,36,0,1.0000,454,0.071164,,-1,button,1,104,104,0,36,0,1.0000,454,0.088620,-1,,button,1,104,104,0,36,0,1.0000,454,27.805071,-1,-1,104,0,0,0,0.4,risk_path,4,Bot1|Bot2|Bot3|Bot4,,1,0
226,0.25,75,440,3383174174,417879336,3627,0.644800,505,1348,17-6,56-70,55-30,107,103,74,62,69,41,1,0,1,107,0,,243,1,107,136,1,button,1,107,107,0,88,0,1.0000,621,0.007193,-1,-1,button,1,107,107,0,88,0,1.0000,621,0.061511,,-1,button,1,107,107,0,88,0,1.0000,621,0.075731,-1,,button,1,107,107,0,68,0,1.0000,621,27.292108,41,41,107,0,0,0,0.4,risk_path,4,Bot1|Bot2|Bot3|Bot4,,1,0
227,0.25,75,440,3707428535,2930291685,3639,0.646933,499,1357,56-26,19-62,37-36,75,73,29,29,46,44,1,1,1,77,0,,131,1,91,40,0,walked_into_fire,0,26,26,0,-3,51,0.3200,52,0.000946,15,15,fire_reached_bot,0,93,88,5,0,21,0.7200,656,0.049231,,20,button,1,109,109,0,7,0,1.0000,892,0.065385,20,,button,1,99,99,0,17,0,1.0000,727,20.447360,15,15,99,10,7,0,0.99,risk_path,2,Bot3|Bot4,Bot1|Bot2,0,0
228,0.25,75,440,3499156370,436825089,3645,0.648000,501,1328,35-35,25-53,19-70,28,28,53,51,25,23,1,0,1,28,0,,90,1,28,62,1,button,1,28,28,0,62,0,1.0000,68,0.000476,-1,-1,button,1,28,28,0,62,0,1.0000,68,0.001474,,-1,button,1,28,28,0,62,0,1.0000,68,0.001860,-1,,button,1,28,28,0,62,0,1.0000,68,1.372591,-1,-1,28,0,0,0,0.4,risk_path,4,Bot1|Bot2|Bot3|Bot4,,1,0
229,0.25,75,440,3921431972,3691631192,3657,0.650133,515,1411,71-56,12-49,11-66,82,66,84,70,36,18,1,0,1,82,0,,129,1,82,47,1,button,1,82,82,0,12,0,1.0000,385,0.004571,-1,-1,button,1,82,82,0,12,0,1.0000,385,0.032424,,-1,button,1,82,82,0,12,0,1.0000,385,0.041250,-1,,button,1,82,82,0,12,0,1.0000,385,16.562234,-1,-1,82,12,17,0,0.99,risk_path,4,Bot1|Bot2|Bot3|Bot4,,1,0
230,0.25,75,440,2971960596,3817885116,3644,0.647822,509,1406,9-53,0-65,17-45,21,21,24,16,45,37,0,0,1,21,1,21,144,1,21,123,1,button,1,21,21,0,67,0,1.0000,38,0.000301,-1,-1,button,1,21,21,0,67,0,1.0000,38,0.000957,,-1,button,1,21,21,0,67,0,1.0000,38,0.001248,-1,,button,1,21,21,0,67,0,1.0000,38,0.871398,-1,-1,21,0,0,0,0.4,risk_path,4,Bot1|Bot2|Bot3|Bot4,,1,0
231,0.25,75,440,230717013,2732343365,3677,0.653689,507,1415,18-47,11-37,32-8,17,17,63,53,56,50,0,0,1,17,1,17,224,1,17,207,1,button,1,17,17,0,206,0,1.0000,12,0.000192,-1,-1,button,1,17,17,0,206,0,1.0000,12,0.000581,,-1,button,1,17,17,0,206,0,1.0000,12,0.000692,-1,,button,1,17,17,0,206,0,1.0000,12,0.567105,-1,-1,17,0,0,0,0.4,risk_path,4,Bot1|Bot2|Bot3|Bot4,,1,0
232,0.25,75,440,1277540315,2568731835,3650,0.648889,492,1378,51-49,20-26,68-25,56,54,47,41,73,49,0,0,1,56,1,56,219,1,56,163,1,button,1,56,56,0,123,0,1.0000,161,0.001625,-1,-1,button,1,56,56,0,123,0,1.0000,161,0.008237,,-1,button,1,56,56,0,123,0,1.0000,161,0.010547,-1,,button,1,56,56,0,123,0,1.0000,161,7.147074,-1,-1,56,0,0,0,0.4,risk_path,4,Bot1|Bot2|Bot3|Bot4,,1,0
233,0.25,75,440,2601371361,3429438074,3616,0.642844,495,1327,48-24,49-48,54-71,47,25,75,53,40,28,1,0,1,47,0,,132,1,47,85,1,button,1,47,47,0,85,0,1.0000,124,0.001664,-1,-1,button,1,47,47,0,85,0,1.0000,124,0.008456,,-1,button,1,47,47,0,85,0,1.0000,124,0.011938,-1,,button,1,47,47,0,85,0,1.0000,124,4.527593,1,1,47,0,0,0,0.4,risk_path,4,Bot1|Bot2|Bot3|Bot4,,1,0
234,0.25,75,440,2175815046,2513501025,3671,0.652622,515,1422,60-58,33-61,26-34,36,30,66,58,42,34,0,0,1,36,1,36,134,1,36,98,1,button,1,36,36,0,85,0,1.0000,42,0.000661,-1,-1,button,1,36,36,0,85,0,1.0000,42,0.003395,,-1,button,1,36,36,0,85,0,1.0000,42,0.004223,-1,,button,1,36,36,0,85,0,1.0000,42,2.972574,-1,-1,36,0,0,0,0.4,risk_path,4,Bot1|Bot2|Bot3|Bot4,,1,0
235,0.25,75,440,2903687551,1508666098,3664,0.651378,508,1412,62-11,20-70,59-72,105,101,88,64,77,41,1,0,1,105,0,,278,1,105,173,1,button,1,105,105,0,87,0,1.0000,436,0.008860,-1,-1,button,1,105,105,0,87,0,1.0000,436,0.057461,,-1,button,1,105,105,0,87,0,1.0000,436,0.076011,-1,,button,1,105,105,0,87,0,1.0000,436,23.114974,-1,-1,105,0,0,0,0.4,risk_path,4,Bot1|Bot2|Bot3|Bot4,,1,0
236,0.25,75,440,2767072028,3293256290,3657,0.650133,505,1375,27-0,15-28,25-43,46,40,61,45,33,25,1,0,1,46,0,,165,1,46,119,1,button,1,46,46,0,99,0,1.0000,55,0.001089,-1,-1,button,1,46,46,0,99,0,1.0000,55,0.006574,,-1,button,1,46,46,0,99,0,1.0000,55,0.008661,-1,,button,1,46,46,0,99,0,1.0000,55,4.391478,-1,-1,46,0,0,0,0.4,risk_path,4,Bot1|Bot2|Bot3|Bot4,,1,0
237,0.25,75,440,434350479,2119715637,3663,0.651200,511,1423,44-63,20-38,29-11,59,49,81,67,42,36,1,0,1,59,0,,145,1,59,86,1,button,1,59,59,0,76,0,1.0000,229,0.002995,-1,-1,button,1,59,59,0,76,0,1.0000,229,0.014096,,-1,button,1,59,59,0,76,0,1.0000,229,0.019256,-1,,button,1,59,59,0,76,0,1.0000,229,7.470544,-1,-1,59,0,0,0,0.4,risk_path,4,Bot1|Bot2|Bot3|Bot4,,1,0
238,0.25,75,440,860933267,2945000663,3628,0.644978,509,1350,25-29,50-8,50-6,48,46,48,48,4,2,1,0,1,48,0,,12,0,,,0,walked_into_fire,0,41,41,0,-28,7,0.8542,,0.001340,13,13,fire_reached_bot,0,123,12,111,-110,36,0.2500,,0.520695,,-1,fire_reached_bot,0,123,12,111,-110,36,0.2500,,1.293619,-1,,fire_reached_bot,0,123,12,111,-110,36,0.2500,,3.161378,-1,-1,123,0,12,111,,no_path,0,,Bot1|Bot2|Bot3|Bot4,0,1
239,0.25,75,440,3847153091,2545232110,3641,0.647289,491,1366,31-51,0-30,58-14,56,52,76,64,80,74,0,0,1,56,1,56,264,1,56,208,1,button,1,56,56,0,174,0,1.0000,157,0.001916,-1,-1,button,1,56,56,0,174,0,1.0000,157,0.012163,,-1,button,1,56,56,0,174,0,1.0000,157,0.013045,-1,,button,1,56,56,0,174,0,1.0000,157,7.396990,-1,-1,56,0,0,0,0.4,risk_path,4,Bot1|Bot2|Bot3|Bot4,,1,0
240,0.25,75,440,3830646336,1583051720,3645,0.648000,501,1357,37-49,56-9,43-1,67,59,72,54,23,21,1,0,1,67,0,,100,1,67,33,1,button,1,67,67,0,6,0,1.0000,181,0.002914,-1,-1,button,1,67,67,0,6,0,1.0000,181,0.018631,,-1,button,1,67,67,0,6,0,1.0000,181,0.025343,-1,,button,1,67,67,0,7,0,1.0000,181,10.091301,27,27,67,14,26,0,0.99,risk_path,4,Bot1|Bot2|Bot3|Bot4,,1,0
241,0.25,75,440,50286375,2368400549,3661,0.650844,522,1437,27-9,46-22,65-3,40,32,62,44,44,38,0,0,1,40,1,40,128,1,40,88,1,button,1,40,40,0,80,0,1.0000,94,0.001296,-1,-1,button,1,40,40,0,80,0,1.0000,94,0.005424,,-1,button,1,40,40,0,80,0,1.0000,94,0.006257,-1,,button,1,40,40,0,80,0,1.0000,94,3.159408,37,37,40,0,0,0,0.4,risk_path,4,Bot1|Bot2|Bot3|Bot4,,1,0
242,0.25,75,440,229134076,547575414,3636,0.646400,512,1351,44-13,33-41,33-18,41,39,46,16,53,23,0,0,1,41,1,41,182,1,41,141,1,button,1,41,41,0,134,0,1.0000,20,0.000405,-1,-1,button,1,41,41,0,134,0,1.0000,20,0.002646,,-1,button,1,41,41,0,134,0,1.0000,20,0.003023,-1,,button,1,41,41,0,134,0,1.0000,20,3.326285,-1,-1,41,0,0,0,0.4,risk_path,4,Bot1|Bot2|Bot3|Bot4,,1,0
243,0.25,75,440,3829884547,2736529294,3653,0.649422,512,1397,6-66,44-36,13-50,68,68,31,23,45,45,1,0,1,68,0,,126,1,68,58,1,button,1,68,68,0,2,0,1.0000,336,0.002978,-1,-1,button,1,68,68,0,2,0,1.0000,336,0.010367,,-1,button,1,68,68,0,2,0,1.0000,336,0.014500,-1,,button,1,76,76,0,21,0,1.0000,409,11.664681,1,1,76,0,0,0,0.4,risk_path,4,Bot1|Bot2|Bot3|Bot4,,1,0
244,0.25,75,440,2905315126,631340303,3628,0.644978,494,1376,22-71,69-35,61-25,87,83,93,85,18,18,1,0,1,87,0,,75,0,,,0,walked_into_fire,0,85,85,0,-9,2,0.9770,,0.004909,76,76,fire_reached_bot,0,134,75,59,-58,12,0.8621,,0.263040,,-1,fire_reached_bot,0,134,75,59,-58,12,0.8621,,0.609918,-1,,fire_reached_bot,0,134,75,59,-58,12,0.8621,,14.581821,-1,-1,134,1,74,59,0.99,no_path,0,,Bot1|Bot2|Bot3|Bot4,0,1
245,0.25,75,440,3180725409,3525950523,3641,0.647289,501,1379,46-21,33-48,70-57,40,40,62,60,66,46,0,0,1,40,1,40,194,1,40,154,1,button,1,40,40,0,121,0,1.0000,65,0.001004,-1,-1,button,1,40,40,0,121,0,1.0000,65,0.003363,,-1,button,1,40,40,0,121,0,1.0000,65,0.003947,-1,,button,1,40,40,0,121,0,1.0000,65,2.786288,-1,-1,40,0,0,0,0.4,risk_path,4,Bot1|Bot2|Bot3|Bot4,,1,0
246,0.25,75,440,3527288279,2290517008,3632,0.645689,488,1357,49-48,15-4,50-34,86,78,37,15,71,65,1,0,1,86,0,,214,1,86,128,1,button,1,86,86,0,33,0,1.0000,530,0.009145,-1,-1,button,1,86,86,0,33,0,1.0000,530,0.038182,,-1,button,1,86,86,0,33,0,1.0000,530,0.046567,-1,,button,1,86,86,0,33,0,1.0000,530,15.248849,-1,-1,86,0,0,0,0.4,risk_path,4,Bot1|Bot2|Bot3|Bot4,,1,0
247,0.25,75,440,2693909744,892987441,3653,0.649422,508,1396,12-31,19-16,27-15,24,22,37,31,13,9,1,0,1,24,0,,40,1,24,16,1,button,1,24,24,0,16,0,1.0000,33,0.000316,-1,-1,button,1,24,24,0,16,0,1.0000,33,0.000992,,-1,button,1,24,24,0,16,0,1.0000,33,0.001138,-1,,button,1,24,24,0,16,0,1.0000,33,1.782362,1,1,24,0,0,0,0.4,risk_path,4,Bot1|Bot2|Bot3|Bot4,,1,0
248,0.25,75,440,3466483215,701012700,3661,0.650844,506,1362,70-13,27-29,57-25,77,59,27,25,52,34,1,0,1,77,0,,209,1,89,120,0,fire_reached_bot,0,21,21,0,0,56,0.2727,27,0.001223,-1,18,fire_reached_bot,0,21,21,0,0,56,0.2727,27,0.018241,,18,button,1,139,139,0,4,0,1.0000,1165,0.148607,18,,button,1,89,89,0,65,0,1.0000,548,16.563476,1,1,89,0,0,0,0.4,risk_path,2,Bot3|Bot4,Bot1|Bot2,0,0
249,0.25,75,440,3499659840,3439355226,3673,0.652978,514,1426,22-34,21-64,21-4,43,31,43,31,86,60,0,0,1,43,1,43,304,1,43,261,1,button,1,43,43,0,140,0,1.0000,104,0.000950,-1,-1,button,1,43,43,0,140,0,1.0000,104,0.005516,,-1,button,1,43,43,0,140,0,1.0000,104,0.006174,-1,,button,1,43,43,0,140,0,1.0000,104,4.286601,-1,-1,43,0,0,0,0.4,risk_path,4,Bot1|Bot2|Bot3|Bot4,,1,0
250,0.25,75,440,1517605910,2955868487,3642,0.647467,504,1373,46-30,45-21,67-21,12,10,30,30,36,22,0,0,1,12,1,12,115,1,12,103,1,button,1,12,12,0,90,0,1.0000,9,0.000142,-1,-1,button,1,12,12,0,90,0,1.0000,9,0.000311,,-1,button,1,12,12,0,90,0,1.0000,9,0.000365,-1,,button,1,12,12,0,90,0,1.0000,9,0.414596,-1,-1,12,0,0,0,0.4,risk_path,4,Bot1|Bot2|Bot3|Bot4,,1,0
251,0.25,75,440,742681489,3514916377,3632,0.645689,501,1338,21-17,13-44,11-71,43,35,84,64,41,29,1,0,1,43,0,,147,1,43,104,1,button,1,43,43,0,104,0,1.0000,79,0.000720,-1,-1,button,1,43,43,0,104,0,1.0000,79,0.003825,,-1,button,1,43,43,0,104,0,1.0000,79,0.004229,-1,,button,1,43,43,0,104,0,1.0000,79,3.926236,-1,-1,43,0,0,0,0.4,risk_path,4,Bot1|Bot2|Bot3|Bot4,,1,0
252,0.25,75,440,389585178,1768587399,3635,0.646222,502,1366,66-16,51-57,64-53,72,56,59,39,33,17,1,0,1,72,0,,102,1,72,30,1,button,1,72,72,0,7,0,1.0000,240,0.002445,-1,-1,button,1,72,72,0,7,0,1.0000,240,0.020569,,-1,button,1,72,72,0,7,0,1.0000,240,0.034246,-1,,button,1,78,78,0,15,0,1.0000,274,13.246172,56,56,78,15,34,0,0.99,risk_path,4,Bot1|Bot2|Bot3|Bot4,,1,0
253,0.25,75,440,3332814137,1126990968,3634,0.646044,504,1387,69-32,59-13,32-53,89,29,70,58,95,67,0,0,1,89,1,89,361,1,89,272,1,button,1,89,89,0,131,0,1.0000,550,0.006994,-1,-1,button,1,89,89,0,131,0,1.0000,550,0.061116,,-1,button,1,89,89,0,131,0,1.0000,550,0.079166,-1,,button,1,89,89,0,131,0,1.0000,550,16.303802,47,47,89,0,0,0,0.4,risk_path,4,Bot1|Bot2|Bot3|Bot4,,1,0
254,0.25,75,440,1495801011,917814670,3676,0.653511,528,1432,47-21,14-43,57-68,59,55,71,57,92,68,0,0,1,59,1,59,303,1,59,244,1,button,1,59,59,0,181,0,1.0000,127,0.001933,-1,-1,button,1,59,59,0,181,0,1.0000,127,0.010534,,-1,button,1,59,59,0,181,0,1.0000,127,0.016407,-1,,button,1,59,59,0,181,0,1.0000,127,8.080816,-1,-1,59,0,0,0,0.4,risk_path,4,Bot1|Bot2|Bot3|Bot4,,1,0
255,0.25,75,440,2990102404,731289034,3646,0.648178,513,1347,4-13,3-46,4-57,48,34,66,44,20,12,1,0,1,48,0,,59,1,48,11,1,button,1,48,48,0,11,0,1.0000,139,0.001341,-1,-1,button,1,48,48,0,11,0,1.0000,139,0.006130,,-1,button,1,48,48,0,11,0,1.0000,139,0.010309,-1,,button,1,48,48,0,11,0,1.0000,139,4.873027,45,45,48,24,0,0,0.99,risk_path,4,Bot1|Bot2|Bot3|Bot4,,1,0
256,0.25,75,440,1232018688,2548799540,3612,0.642133,502,1307,72-37,46-52,56-73,49,41,62,52,33,31,1,0,1,49,0,,120,1,49,71,1,button,1,49,49,0,71,0,1.0000,72,0.001444,-1,-1,button,1,49,49,0,71,0,1.0000,72,0.007191,,-1,button,1,49,49,0,71,0,1.0000,72,0.007800,-1,,button,1,49,49,0,71,0,1.0000,72,5.600471,-1,-1,49,0,0,0,0.4,risk_path,4,Bot1|Bot2|Bot3|Bot4,,1,0
257,0.25,75,440,107580103,4254696228,3638,0.646756,494,1325,72-15,40-45,29-23,70,62,85,51,49,33,1,0,1,70,0,,167,1,70,97,1,button,1,70,70,0,85,0,1.0000,222,0.002189,-1,-1,button,1,70,70,0,85,0,1.0000,222,0.013785,,-1,button,1,70,70,0,85,0,1.0000,222,0.017746,-1,,button,1,70,70,0,85,0,1.0000,222,9.593674,-1,-1,70,0,0,0,0.4,risk_path,4,Bot1|Bot2|Bot3|Bot4,,1,0
258,0.25,75,440,2403017489,1321081877,3632,0.645689,502,1356,25-59,15-60,72-57,21,11,69,49,90,60,0,0,1,21,1,21,305,1,21,284,1,button,1,21,21,0,248,0,1.0000,31,0.000364,-1,-1,button,1,21,21,0,248,0,1.0000,31,0.001181,,-1,button,1,21,21,0,248,0,1.0000,31,0.001329,-1,,button,1,21,21,0,248,0,1.0000,31,1.418747,-1,-1,21,0,0,0,0.4,risk_path,4,Bot1|Bot2|Bot3|Bot4,,1,0
259,0.25,75,440,3247152571,688223439,3631,0.645511,509,1371,69-74,26-34,10-32,85,83,103,101,20,18,1,0,1,85,0,,77,0,,,0,walked_into_fire,0,81,81,0,-3,4,0.9529,,0.002641,78,78,fire_reached_bot,0,90,77,13,-12,8,0.9059,,0.087012,,-1,fire_reached_bot,0,90,77,13,-12,8,0.9059,,0.186204,-1,,fire_reached_bot,0,98,77,21,-20,8,0.9059,,16.876561,76,76,98,8,69,21,0.99,no_path,0,,Bot1|Bot2|Bot3|Bot4,0,1
260,0.25,75,440,2786424847,3343057812,3666,0.651733,505,1445,11-26,51-68,14-46,82,82,41,23,65,59,1,0,1,82,0,,242,1,82,160,1,button,1,82,82,0,62,0,1.0000,222,0.002881,-1,-1,button,1,82,82,0,62,0,1.0000,222,0.016321,,-1,button,1,82,82,0,62,0,1.0000,222,0.022559,-1,,button,1,82,82,0,121,0,1.0000,222,14.189627,1,1,82,0,0,0,0.4,risk_path,4,Bot1|Bot2|Bot3|Bot4,,1,0
261,0.25,75,440,2797536688,4050217512,3651,0.649067,503,1365,0-14,53-28,35-60,81,67,99,81,54,50,1,0,1,81,0,,157,1,81,76,1,button,1,81,81,0,76,0,1.0000,450,0.004906,-1,-1,button,1,81,81,0,76,0,1.0000,450,0.030035,,-1,button,1,81,81,0,76,0,1.0000,450,0.041804,-1,,button,1,81,81,0,76,0,1.0000,450,12.968739,6,6,81,0,0,0,0.4,risk_path,4,Bot1|Bot2|Bot3|Bot4,,1,0
262,0.25,75,440,3920002231,96578032,3642,0.647467,510,1405,70-17,18-0,22-20,83,69,75,51,30,24,1,0,1,83,0,,102,1,83,19,1,button,1,83,83,0,2,0,1.0000,496,0.004841,-1,-1,button,1,83,83,0,2,0,1.0000,496,0.030408,,-1,button,1,83,83,0,2,0,1.0000,496,0.066348,-1,,button,1,83,83,0,2,0,1.0000,496,15.647570,-1,-1,83,13,53,0,0.99,risk_path,4,Bot1|Bot2|Bot3|Bot4,,1,0
263,0.25,75,440,221242311,932793819,3625,0.644444,502,1344,3-28,11-56,64-10,40,36,85,79,113,99,0,0,1,40,1,40,360,1,40,320,1,button,1,40,40,0,280,0,1.0000,74,0.000777,-1,-1,button,1,40,40,0,280,0,1.0000,74,0.004565,,-1,button,1,40,40,0,280,0,1.0000,74,0.006153,-1,,button,1,40,40,0,280,0,1.0000,74,3.396819,19,19,40,0,0,0,0.4,risk_path,4,Bot1|Bot2|Bot3|Bot4,,1,0
264,0.25,75,440,1006815665,3029020804,3650,0.648889,508,1335,0-54,26-44,69-74,48,36,107,89,75,73,0,0,1,48,1,48,233,1,48,185,1,button,1,48,48,0,183,0,1.0000,103,0.001315,-1,-1,button,1,48,48,0,183,0,1.0000,103,0.010147,,-1,button,1,48,48,0,183,0,1.0000,103,0.013136,-1,,button,1,48,48,0,183,0,1.0000,103,4.976830,1,1,48,0,0,0,0.4,risk_path,4,Bot1|Bot2|Bot3|Bot4,,1,0
265,0.25,75,440,3550384,2803946996,3652,0.649244,496,1359,36-68,30-18,50-16,72,56,86,66,32,22,1,0,1,72,0,,89,1,72,17,1,button,1,72,72,0,17,0,1.0000,267,0.002936,-1,-1,button,1,72,72,0,17,0,1.0000,267,0.018824,,-1,button,1,72,72,0,17,0,1.0000,267,0.024895,-1,,button,1,72,72,0,17,0,1.0000,267,11.707824,-1,-1,72,33,1,0,0.99,risk_path,4,Bot1|Bot2|Bot3|Bot4,,1,0
266,0.25,75,440,1459446169,848544576,3647,0.648356,503,1372,12-53,23-15,51-21,59,49,79,71,36,34,1,0,1,59,0,,115,1,59,56,1,button,1,59,59,0,55,0,1.0000,376,0.003202,-1,-1,button,1,59,59,0,55,0,1.0000,376,0.011745,,-1,button,1,59,59,0,55,0,1.0000,376,0.017331,-1,,button,1,59,59,0,55,0,1.0000,376,7.737480,14,14,59,0,0,0,0.4,risk_path,4,Bot1|Bot2|Bot3|Bot4,,1,0
267,0.25,75,440,1897333980,3152261953,3618,0.643200,496,1339,34-62,30-66,59-38,10,8,53,49,61,57,0,0,1,10,1,10,202,1,10,192,1,button,1,10,10,0,184,0,1.0000,19,0.000157,-1,-1,button,1,10,10,0,184,0,1.0000,19,0.000243,,-1,button,1,10,10,0,184,0,1.0000,19,0.000342,-1,,button,1,10,10,0,184,0,1.0000,19,0.452605,-1,-1,10,0,0,0,0.4,risk_path,4,Bot1|Bot2|Bot3|Bot4,,1,0
268,0.25,75,440,1652118545,685776228,3653,0.649422,509,1418,3-27,46-74,31-68,92,90,71,69,21,21,1,0,1,92,0,,74,0,,,0,walked_into_fire,0,59,59,0,-3,33,0.6413,224,0.002502,10,10,fire_reached_bot,0,106,54,52,-31,48,0.4783,,0.307137,,45,fire_reached_bot,0,156,54,102,-81,58,0.3696,,1.132861,45,,fire_reached_bot,0,106,54,52,-31,48,0.4783,,21.140747,-1,45,106,0,54,52,,no_path,0,,Bot1|Bot2|Bot3|Bot4,0,1
269,0.25,75,440,943373969,2848700176,3631,0.645511,501,1392,10-22,36-18,37-71,38,30,82,76,72,54,0,0,1,38,1,38,262,1,38,224,1,button,1,38,38,0,224,0,1.0000,68,0.000632,-1,-1,button,1,38,38,0,224,0,1.0000,68,0.003828,,-1,button,1,38,38,0,224,0,1.0000,68,0.004048,-1,,button,1,38,38,0,224,0,1.0000,68,3.146424,1,1,38,0,0,0,0.4,risk_path,4,Bot1|Bot2|Bot3|Bot4,,1,0
270,0.25,75,440,1415906743,1027550563,3643,0.647644,499,1344,71-56,1-44,50-21,96,82,60,56,80,72,1,0,1,96,0,,278,1,96,182,1,button,1,96,96,0,78,0,1.0000,492,0.005097,-1,-1,button,1,96,96,0,78,0,1.0000,492,0.043671,,-1,button,1,96,96,0,78,0,1.0000,492,0.057708,-1,,button,1,96,96,0,78,0,1.0000,492,18.494450,9,9,96,0,0,0,0.4,risk_path,4,Bot1|Bot2|Bot3|Bot4,,1,0
271,0.25,75,440,4249967921,3928420346,3633,0.645867,503,1392,3-30,29-44,72-6,50,40,101,93,83,81,0,0,1,50,1,50,257,1,50,207,1,button,1,50,50,0,200,0,1.0000,96,0.001099,-1,-1,button,1,50,50,0,200,0,1.0000,96,0.005318,,-1,button,1,50,50,0,200,0,1.0000,96,0.007426,-1,,button,1,50,50,0,200,0,1.0000,96,4.825450,10,10,50,0,0,0,0.4,risk_path,4,Bot1|Bot2|Bot3|Bot4,,1,0
272,0.25,75,440,3406299465,3246889654,3643,0.647644,495,1345,7-69,26-14,52-56,82,74,64,58,78,68,1,0,1,82,0,,292,1,82,210,1,button,1,82,82,0,137,0,1.0000,185,0.002123,-1,-1,button,1,82,82,0,137,0,1.0000,185,0.025969,,-1,button,1,82,82,0,137,0,1.0000,185,0.037130,-1,,button,1,82,82,0,137,0,1.0000,185,14.069431,1,1,82,0,0,0,0.4,risk_path,4,Bot1|Bot2|Bot3|Bot4,,1,0
273,0.25,75,440,2347823433,2610306846,3633,0.645867,506,1373,13-74,74-39,46-24,106,96,87,83,55,43,1,0,1,106,0,,163,1,106,57,1,button,1,106,106,0,31,0,1.0000,928,0.012163,-1,-1,button,1,106,106,0,31,0,1.0000,928,0.046487,,-1,button,1,106,106,0,31,0,1.0000,928,0.058341,-1,,button,1,112,112,0,50,0,1.0000,1027,24.077886,27,27,112,12,13,0,0.99,risk_path,4,Bot1|Bot2|Bot3|Bot4,,1,0
274,0.25,75,440,2266113072,2703714323,3649,0.648711,509,1393,60-40,45-73,70-6,54,48,58,44,108,92,0,0,1,54,1,54,401,1,54,347,1,button,1,54,54,0,209,0,1.0000,51,0.000808,-1,-1,button,1,54,54,0,209,0,1.0000,51,0.009430,,-1,button,1,54,54,0,209,0,1.0000,51,0.009407,-1,,button,1,54,54,0,209,0,1.0000,51,6.944509,-1,-1,54,0,0,0,0.4,risk_path,4,Bot1|Bot2|Bot3|Bot4,,1,0
275,0.25,75,440,572313208,4115807259,3673,0.652978,515,1382,27-14,6-71,71-65,96,78,101,95,101,71,0,0,1,96,1,96,352,1,96,256,1,button,1,96,96,0,225,0,1.0000,153,0.003271,-1,-1,button,1,96,96,0,225,0,1.0000,153,0.063555,,-1,button,1,96,96,0,225,0,1.0000,153,0.063196,-1,,button,1,96,96,0,224,0,1.0000,153,18.592238,76,76,96,0,0,0,0.4,risk_path,4,Bot1|Bot2|Bot3|Bot4,,1,0
276,0.25,75,440,441933108,3198590936,3653,0.649422,500,1388,16-39,72-3,74-20,98,92,85,77,29,19,1,0,1,98,0,,92,0,,,0,walked_into_fire,0,79,79,0,-3,19,0.8061,250,0.003379,73,73,fire_reached_bot,0,112,87,25,-19,19,0.8061,,0.071447,,-1,fire_reached_bot,0,112,87,25,-19,19,0.8061,,0.119548,-1,,fire_reached_bot,0,112,87,25,-19,19,0.8061,,22.889825,-1,-1,112,0,87,25,,no_path,0,,Bot1|Bot2|Bot3|Bot4,0,1
277,0.25,75,440,3418122606,1333948928,3641,0.647289,508,1374,47-46,22-43,66-36,32,28,37,29,67,51,0,0,1,32,1,32,209,1,32,177,1,button,1,32,32,0,111,0,1.0000,57,0.000397,-1,-1,button,1,32,32,0,111,0,1.0000,57,0.001902,,-1,button,1,32,32,0,111,0,1.0000,57,0.002164,-1,,button,1,32,32,0,111,0,1.0000,57,2.489131,-1,-1,32,0,0,0,0.4,risk_path,4,Bot1|Bot2|Bot3|Bot4,,1,0
278,0.25,75,440,2893733061,2995401778,3638,0.646756,510,1380,32-62,48-27,5-67,57,51,48,32,89,83,0,0,1,57,1,57,284,1,57,227,1,button,1,57,57,0,181,0,1.0000,129,0.001364,-1,-1,button,1,57,57,0,181,0,1.0000,129,0.011223,,-1,button,1,57,57,0,181,0,1.0000,129,0.012457,-1,,button,1,57,57,0,183,0,1.0000,129,6.783155,22,22,57,0,0,0,0.4,risk_path,4,Bot1|Bot2|Bot3|Bot4,,1,0
279,0.25,75,440,3773649777,926245506,3628,0.644978,495,1368,32-63,60-72,25-22,47,37,60,48,87,85,0,0,1,47,1,47,280,1,47,233,1,button,1,47,47,0,170,0,1.0000,141,0.001157,-1,-1,button,1,47,47,0,170,0,1.0000,141,0.007719,,-1,button,1,47,47,0,170,0,1.0000,141,0.008593,-1,,button,1,47,47,0,170,0,1.0000,141,4.674811,7,7,47,0,0,0,0.4,risk_path,4,Bot1|Bot2|Bot3|Bot4,,1,0
280,0.25,75,440,2985125786,3442015289,3635,0.646222,507,1348,28-4,7-3,50-1,34,22,41,25,63,45,0,0,1,34,1,34,227,1,34,193,1,button,1,34,34,0,150,0,1.0000,29,0.000356,-1,-1,button,1,34,34,0,150,0,1.0000,29,0.002553,,-1,button,1,34,34,0,150,0,1.0000,29,0.002883,-1,,button,1,34,34,0,150,0,1.0000,29,2.642043,-1,-1,34,0,0,0,0.4,risk_path,4,Bot1|Bot2|Bot3|Bot4,,1,0
281,0.25,75,440,2521516864,696713569,3648,0.648533,502,1389,44-7,32-14,41-1,25,19,11,9,28,22,0,0,1,25,1,25,109,1,25,84,1,button,1,25,25,0,34,0,1.0000,23,0.000285,-1,-1,button,1,25,25,0,34,0,1.0000,23,0.001673,,-1,button,1,25,25,0,34,0,1.0000,23,0.002030,-1,,button,1,25,25,0,34,0,1.0000,23,1.073872,-1,-1,25,0,0,0,0.4,risk_path,4,Bot1|Bot2|Bot3|Bot4,,1,0
282,0.25,75,440,3512670226,3470638926,3653,0.649422,513,1374,59-63,33-58,21-65,53,31,74,40,31,19,1,0,1,53,0,,91,1,53,38,1,button,1,53,53,0,34,0,1.0000,162,0.001758,-1,-1,button,1,53,53,0,34,0,1.0000,162,0.010493,,-1,button,1,53,53,0,34,0,1.0000,162,0.013535,-1,,button,1,53,53,0,34,0,1.0000,162,5.172107,-1,-1,53,0,0,0,0.4,risk_path,4,Bot1|Bot2|Bot3|Bot4,,1,0
283,0.25,75,440,139254943,2871586275,3638,0.646756,499,1382,4-42,66-69,7-3,103,89,60,42,127,125,0,0,1,103,1,103,391,1,103,288,1,button,1,103,103,0,141,0,1.0000,356,0.006528,-1,-1,button,1,103,103,0,141,0,1.0000,356,0.058534,,-1,button,1,103,103,0,141,0,1.0000,356,0.069550,-1,,button,1,103,103,0,141,0,1.0000,356,16.966275,38,38,103,0,0,0,0.4,risk_path,4,Bot1|Bot2|Bot3|Bot4,,1,0
284,0.25,75,440,2016013904,2387887068,3654,0.649600,510,1422,62-39,27-35,2-37,59,39,92,62,39,27,1,0,1,59,0,,145,1,59,86,1,button,1,59,59,0,83,0,1.0000,157,0.001819,-1,-1,button,1,59,59,0,83,0,1.0000,157,0.010220,,-1,button,1,59,59,0,83,0,1.0000,157,0.013409,-1,,button,1,59,59,0,83,0,1.0000,157,6.521954,-1,-1,59,0,0,0,0.4,risk_path,4,Bot1|Bot2|Bot3|Bot4,,1,0
285,0.25,75,440,2152869414,3950020351,3662,0.651022,509,1413,46-68,12-66,41-41,46,36,40,32,58,54,0,0,1,46,1,46,210,1,46,164,1,button,1,46,46,0,148,0,1.0000,43,0.000722,-1,-1,button,1,46,46,0,148,0,1.0000,43,0.005920,,-1,button,1,46,46,0,148,0,1.0000,43,0.007064,-1,,button,1,46,46,0,153,0,1.0000,43,4.146874,34,34,46,0,0,0,0.4,risk_path,4,Bot1|Bot2|Bot3|Bot4,,1,0
286,0.25,75,440,1157899962,1993066084,3639,0.646933,494,1362,35-40,45-7,36-3,55,43,56,38,15,13,1,0,1,55,0,,50,0,,,0,walked_into_fire,0,43,43,0,-1,12,0.7818,69,0.001154,41,23,fire_reached_bot,0,64,50,14,-13,21,0.6182,,0.085038,,23,fire_reached_bot,0,69,50,19,-18,21,0.6182,,0.228800,23,,fire_reached_bot,0,64,50,14,-13,21,0.6182,,10.081285,-1,23,64,0,50,14,,no_path,0,,Bot1|Bot2|Bot3|Bot4,0,1
287,0.25,75,440,3991210846,343377854,3657,0.650133,514,1363,38-53,25-9,44-54,67,57,19,7,86,64,0,0,1,67,1,67,287,1,67,220,1,button,1,67,67,0,83,0,1.0000,71,0.001427,-1,-1,button,1,67,67,0,83,0,1.0000,71,0.017261,,-1,button,1,67,67,0,83,0,1.0000,71,0.020242,-1,,button,1,67,67,0,83,0,1.0000,71,9.757522,65,65,67,0,0,0,0.4,risk_path,4,Bot1|Bot2|Bot3|Bot4,,1,0
288,0.25,75,440,3830897319,2464422491,3661,0.650844,511,1430,65-37,32-41,39-55,47,37,46,44,33,21,1,0,1,47,0,,90,1,47,43,1,button,1,47,47,0,43,0,1.0000,159,0.001300,-1,-1,button,1,47,47,0,43,0,1.0000,159,0.006662,,-1,button,1,47,47,0,43,0,1.0000,159,0.011577,-1,,button,1,47,47,0,43,0,1.0000,159,4.792622,-1,-1,47,0,0,0,0.4,risk_path,4,Bot1|Bot2|Bot3|Bot4,,1,0
289,0.25,75,440,718415510,2147925118,3645,0.648000,499,1380,34-46,50-13,2-73,57,49,61,59,118,108,0,0,1,57,1,57,368,1,57,311,1,button,1,57,57,0,219,0,1.0000,63,0.001075,-1,-1,button,1,57,57,0,219,0,1.0000,63,0.009546,,-1,button,1,57,57,0,219,0,1.0000,63,0.015683,-1,,button,1,57,57,0,235,0,1.0000,63,6.550070,3,3,57,0,0,0,0.4,risk_path,4,Bot1|Bot2|Bot3|Bot4,,1,0
290,0.25,75,440,3810450922,1091198838,3649,0.648711,509,1393,38-31,8-34,21-59,45,33,45,45,44,38,1,0,1,45,0,,165,1,45,120,1,button,1,45,45,0,120,0,1.0000,140,0.001573,-1,-1,button,1,45,45,0,120,0,1.0000,140,0.006732,,-1,button,1,45,45,0,120,0,1.0000,140,0.007664,-1,,button,1,45,45,0,120,0,1.0000,140,4.366892,-1,-1,45,0,0,0,0.4,risk_path,4,Bot1|Bot2|Bot3|Bot4,,1,0
291,0.25,75,440,488650922,3463263512,3635,0.646222,503,1370,28-52,57-36,37-65,51,45,30,22,53,49,0,0,1,51,1,51,189,1,51,138,1,button,1,51,51,0,91,0,1.0000,28,0.000962,-1,-1,button,1,51,51,0,91,0,1.0000,28,0.008091,,-1,button,1,51,51,0,91,0,1.0000,28,0.008879,-1,,button,1,51,51,0,91,0,1.0000,28,5.859153,1,1,51,0,0,0,0.4,risk_path,4,Bot1|Bot2|Bot3|Bot4,,1,0
292,0.25,75,440,1069063252,2129452804,3641,0.647289,498,1356,46-5,62-39,70-24,56,50,59,43,23,23,1,0,1,56,0,,80,1,56,24,1,button,1,56,56,0,24,0,1.0000,104,0.001336,-1,-1,button,1,56,56,0,24,0,1.0000,104,0.014987,,-1,button,1,56,56,0,24,0,1.0000,104,0.008566,-1,,button,1,56,56,0,16,0,1.0000,104,7.031454,22,22,56,12,2,0,0.99,risk_path,4,Bot1|Bot2|Bot3|Bot4,,1,0
293,0.25,75,440,2939677069,3588486604,3656,0.649956,511,1377,31-9,16-62,11-71,74,68,88,82,14,14,1,0,1,74,0,,33,0,,,0,walked_into_fire,0,68,68,0,-34,6,0.9189,,0.004152,34,34,fire_reached_bot,0,175,33,142,-141,41,0.4459,,0.670035,,-1,fire_reached_bot,0,175,33,142,-141,41,0.4459,,1.580605,-1,,fire_reached_bot,0,175,33,142,-141,41,0.4459,,10.340679,-1,-1,175,0,33,142,,no_path,0,,Bot1|Bot2|Bot3|Bot4,0,1
294,0.25,75,440,3448987124,1070658387,3646,0.648178,504,1370,1-64,0-32,53-31,51,33,87,85,68,54,0,0,1,51,1,51,209,1,51,158,1,button,1,51,51,0,145,0,1.0000,161,0.001943,-1,-1,button,1,51,51,0,145,0,1.0000,161,0.007218,,-1,button,1,51,51,0,145,0,1.0000,161,0.008194,-1,,button,1,51,51,0,145,0,1.0000,161,5.207055,-1,-1,51,0,0,0,0.4,risk_path,4,Bot1|Bot2|Bot3|Bot4,,1,0
295,0.25,75,440,3957383876,3993555280,3636,0.646400,488,1349,43-23,34-19,37-37,15,13,26,20,23,21,0,0,1,15,1,15,84,1,15,69,1,button,1,15,15,0,46,0,1.0000,20,0.000217,-1,-1,button,1,15,15,0,46,0,1.0000,20,0.000458,,-1,button,1,15,15,0,46,0,1.0000,20,0.000525,-1,,button,1,15,15,0,46,0,1.0000,20,0.954542,-1,-1,15,0,0,0,0.4,risk_path,4,Bot1|Bot2|Bot3|Bot4,,1,0
296,0.25,75,440,1682334534,1630947947,3617,0.643022,503,1320,22-65,9-42,33-4,52,36,102,72,66,62,0,0,1,52,1,52,227,1,52,175,1,button,1,52,52,0,173,0,1.0000,144,0.002224,-1,-1,button,1,52,52,0,173,0,1.0000,144,0.009342,,-1,button,1,52,52,0,173,0,1.0000,144,0.012948,-1,,button,1,52,52,0,175,0,1.0000,144,5.179263,47,47,52,0,0,0,0.4,risk_path,4,Bot1|Bot2|Bot3|Bot4,,1,0
297,0.25,75,440,3826954389,2667375914,3627,0.644800,504,1383,45-29,20-58,24-32,58,54,32,24,34,30,1,0,1,58,0,,118,1,58,60,0,walked_into_fire,0,27,27,0,-3,31,0.4655,46,0.001532,27,25,button,1,58,58,0,3,0,1.0000,228,0.009369,,25,fire_reached_bot,0,135,118,17,-16,34,0.4138,,0.219940,25,,button,1,58,58,0,31,0,1.0000,228,6.915585,4,4,58,0,0,0,0.4,risk_path,2,Bot2|Bot4,Bot1|Bot3,0,0
298,0.25,75,440,1463647553,2324460761,3676,0.653511,516,1382,7-73,14-7,18-37,113,73,73,47,48,34,1,0,1,113,0,,201,1,115,86,0,walked_into_fire,0,61,61,0,-4,52,0.5398,78,0.004135,52,52,button,1,115,115,0,31,0,1.0000,514,0.088537,,-1,button,1,115,115,0,31,0,1.0000,514,0.098806,-1,,button,1,115,115,0,31,0,1.0000,514,28.862366,76,76,115,16,21,0,0.99,risk_path,3,Bot2|Bot3|Bot4,Bot1,0,0
299,0.25,75,440,290523079,465395590,3655,0.649778,518,1381,69-18,62-58,22-38,57,47,77,67,66,60,0,0,1,57,1,57,228,1,57,171,1,button,1,57,57,0,153,0,1.0000,175,0.002404,-1,-1,button,1,57,57,0,153,0,1.0000,175,0.009691,,-1,button,1,57,57,0,153,0,1.0000,175,0.010961,-1,,button,1,57,57,0,153,0,1.0000,175,6.425715,-1,-1,57,0,0,0,0.4,risk_path,4,Bot1|Bot2|Bot3|Bot4,,1,0
300,0.25,75,440,2918341021,4123951292,3643,0.647644,507,1388,3-20,42-65,72-2,98,84,121,87,103,93,0,0,1,98,1,98,347,1,98,249,1,button,1,98,98,0,242,0,1.0000,119,0.003618,-1,-1,button,1,98,98,0,242,0,1.0000,119,0.055215,,-1,button,1,98,98,0,242,0,1.0000,119,0.065860,-1,,button,1,98,98,0,242,0,1.0000,119,20.620412,17,17,98,0,0,0,0.4,risk_path,4,Bot1|Bot2|Bot3|Bot4,,1,0
301,0.25,75,440,1819333381,488089373,3635,0.646222,494,1346,46-31,45-39,54-54,11,9,35,31,24,24,0,0,1,11,1,11,72,1,11,61,1,button,1,11,11,0,61,0,1.0000,5,0.000096,-1,-1,button,1,11,11,0,61,0,1.0000,5,0.000237,,-1,button,1,11,11,0,61,0,1.0000,5,0.000284,-1,,button,1,11,11,0,61,0,1.0000,5,0.302470,-1,-1,11,0,0,0,0.4,risk_path,4,Bot1|Bot2|Bot3|Bot4,,1,0
302,0.25,75,440,1770019578,3777455532,3626,0.644622,501,1376,59-48,49-47,28-6,21,11,73,73,64,62,0,0,1,21,1,21,215,1,21,194,1,button,1,21,21,0,194,0,1.0000,17,0.000268,-1,-1,button,1,21,21,0,194,0,1.0000,17,0.000942,,-1,button,1,21,21,0,194,0,1.0000,17,0.001087,-1,,button,1,21,21,0,194,0,1.0000,17,1.043261,8,8,21,0,0,0,0.4,risk_path,4,Bot1|Bot2|Bot3|Bot4,,1,0
303,0.25,75,440,1560084379,2039133605,3629,0.645156,497,1345,39-25,1-70,74-53,97,83,69,63,96,90,1,0,1,97,0,,317,1,97,220,1,button,1,97,97,0,124,0,1.0000,384,0.005452,-1,-1,button,1,97,97,0,124,0,1.0000,384,0.049021,,-1,button,1,97,97,0,124,0,1.0000,384,0.065993,-1,,button,1,97,97,0,124,0,1.0000,384,19.451653,-1,-1,97,0,0,0,0.4,risk_path,4,Bot1|Bot2|Bot3|Bot4,,1,0
304,0.25,75,440,3262132408,1721014697,3658,0.650311,496,1385,65-54,0-53,27-37,96,66,59,55,49,43,1,0,1,96,0,,145,1,100,45,0,walked_into_fire,0,71,71,0,-3,25,0.7396,252,0.003376,69,69,button,1,102,102,0,14,0,1.0000,710,0.056861,,-1,button,1,102,102,0,14,0,1.0000,710,0.080213,-1,,button,1,100,100,0,19,0,1.0000,667,20.834923,55,55,100,9,26,0,0.99,risk_path,3,Bot2|Bot3|Bot4,Bot1,0,0
305,0.25,75,440,77630353,3086096505,3634,0.646044,490,1370,32-73,64-44,11-31,65,61,67,63,74,66,0,0,1,65,1,65,285,1,65,220,1,button,1,65,65,0,198,0,1.0000,160,0.002179,-1,-1,button,1,65,65,0,198,0,1.0000,160,0.011175,,-1,button,1,65,65,0,198,0,1.0000,160,0.012617,-1,,button,1,65,65,0,199,0,1.0000,160,8.799840,9,9,65,0,0,0,0.4,risk_path,4,Bot1|Bot2|Bot3|Bot4,,1,0
306,0.25,75,440,3978666814,258631395,3644,0.647822,494,1394,3-14,7-13,33-47,15,5,73,63,68,60,0,0,1,15,1,15,228,1,15,213,1,button,1,15,15,0,206,0,1.0000,14,0.000227,-1,-1,button,1,15,15,0,206,0,1.0000,14,0.000481,,-1,button,1,15,15,0,206,0,1.0000,14,0.000735,-1,,button,1,15,15,0,206,0,1.0000,14,0.453683,-1,-1,15,0,0,0,0.4,risk_path,4,Bot1|Bot2|Bot3|Bot4,,1,0
307,0.25,75,440,1680995527,3003881739,3653,0.649422,507,1391,65-55,74-12,61-23,66,52,44,36,24,24,1,0,1,66,0,,83,0,,,0,walked_into_fire,0,36,36,0,-6,30,0.5455,61,0.001615,34,34,fire_reached_bot,0,110,72,38,-26,34,0.4848,,0.213663,,-1,fire_reached_bot,0,110,72,38,-26,34,0.4848,,0.460724,-1,,fire_reached_bot,0,110,72,38,-26,34,0.4848,,19.529997,-1,-1,110,0,72,38,,no_path,0,,Bot1|Bot2|Bot3|Bot4,0,1
308,0.25,75,440,3117523694,2309348517,3656,0.649956,515,1390,15-41,1-38,23-35,31,17,14,14,39,25,0,0,1,31,1,31,165,1,31,134,1,button,1,31,31,0,48,0,1.0000,62,0.000656,-1,-1,button,1,31,31,0,48,0,1.0000,62,0.002087,,-1,button,1,31,31,0,48,0,1.0000,62,0.002847,-1,,button,1,31,31,0,48,0,1.0000,62,1.707771,-1,-1,31,0,0,0,0.4,risk_path,4,Bot1|Bot2|Bot3|Bot4,,1,0
309,0.25,75,440,2835355592,297263676,3627,0.644800,500,1373,11-50,68-37,68-60,86,70,97,67,41,23,1,0,1,86,0,,130,1,86,44,1,button,1,86,86,0,31,0,1.0000,224,0.005247,-1,-1,button,1,86,86,0,31,0,1.0000,224,0.030875,,-1,button,1,86,86,0,31,0,1.0000,224,0.034869,-1,,button,1,86,86,0,30,0,1.0000,224,16.639331,52,52,86,9,2,0,0.99,risk_path,4,Bot1|Bot2|Bot3|Bot4,,1,0
310,0.25,75,440,2898697772,2994729344,3622,0.643911,510,1334,29-24,19-52,44-21,56,38,22,18,58,56,0,0,1,56,1,56,200,1,56,144,1,button,1,56,56,0,84,0,1.0000,188,0.003163,-1,-1,button,1,56,56,0,84,0,1.0000,188,0.015041,,-1,button,1,56,56,0,84,0,1.0000,188,0.018412,-1,,button,1,56,56,0,84,0,1.0000,188,6.114644,-1,-1,56,0,0,0,0.4,risk_path,4,Bot1|Bot2|Bot3|Bot4,,1,0
311,0.25,75,440,1005567868,222496869,3643,0.647644,506,1381,16-45,13-59,40-62,35,17,65,41,50,30,0,0,1,35,1,35,205,1,35,170,1,button,1,35,35,0,170,0,1.0000,47,0.000714,-1,-1,button,1,35,35,0,170,0,1.0000,47,0.002732,,-1,button,1,35,35,0,170,0,1.0000,47,0.004223,-1,,button,1,35,35,0,170,0,1.0000,47,2.492331,-1,-1,35,0,0,0,0.4,risk_path,4,Bot1|Bot2|Bot3|Bot4,,1,0
312,0.25,75,440,3042795674,2137903543,3656,0.649956,523,1394,37-7,45-46,3-20,65,47,55,47,74,68,0,0,1,65,1,65,270,1,65,205,1,button,1,65,65,0,159,0,1.0000,151,0.002035,-1,-1,button,1,65,65,0,159,0,1.0000,151,0.010723,,-1,button,1,65,65,0,159,0,1.0000,151,0.016458,-1,,button,1,65,65,0,162,0,1.0000,151,9.136295,39,39,65,0,0,0,0.4,risk_path,4,Bot1|Bot2|Bot3|Bot4,,1,0
313,0.25,75,440,1246630585,1554748669,3644,0.647822,515,1381,70-15,74-36,60-13,39,25,58,12,53,37,0,0,1,39,1,39,188,1,39,149,1,button,1,39,39,0,92,0,1.0000,50,0.000656,-1,-1,button,1,39,39,0,92,0,1.0000,50,0.004106,,-1,button,1,39,39,0,92,0,1.0000,50,0.004417,-1,,button,1,39,39,0,92,0,1.0000,50,2.999865,25,25,39,0,0,0,0.4,risk_path,4,Bot1|Bot2|Bot3|Bot4,,1,0
314,0.25,75,440,2358439391,771830428,3651,0.649067,506,1369,54-13,45-40,7-28,40,36,82,62,62,50,0,0,1,40,1,40,227,1,40,187,1,button,1,40,40,0,178,0,1.0000,54,0.000606,-1,-1,button,1,40,40,0,178,0,1.0000,54,0.003027,,-1,button,1,40,40,0,178,0,1.0000,54,0.003256,-1,,button,1,40,40,0,178,0,1.0000,54,4.189449,-1,-1,40,0,0,0,0.4,risk_path,4,Bot1|Bot2|Bot3|Bot4,,1,0
315,0.25,75,440,773523320,1401553363,3618,0.643200,495,1376,24-48,24-35,13-9,19,13,58,50,53,37,0,0,1,19,1,19,228,1,19,209,1,button,1,19,19,0,173,0,1.0000,35,0.000346,-1,-1,button,1,19,19,0,173,0,1.0000,35,0.000806,,-1,button,1,19,19,0,173,0,1.0000,35,0.001008,-1,,button,1,19,19,0,173,0,1.0000,35,0.708400,6,6,19,0,0,0,0.4,risk_path,4,Bot1|Bot2|Bot3|Bot4,,1,0
316,0.25,75,440,1738134723,2008269550,3615,0.642667,493,1361,13-28,74-55,16-9,92,88,34,22,108,104,0,0,1,92,1,92,357,1,92,265,1,button,1,92,92,0,110,0,1.0000,186,0.002946,-1,-1,button,1,92,92,0,110,0,1.0000,186,0.033498,,-1,button,1,92,92,0,110,0,1.0000,186,0.036145,-1,,button,1,92,92,0,110,0,1.0000,186,17.139009,15,15,92,0,0,0,0.4,risk_path,4,Bot1|Bot2|Bot3|Bot4,,1,0
317,0.25,75,440,979263756,953799673,3669,0.652267,502,1402,13-59,8-50,29-50,16,14,31,25,31,21,0,0,1,16,1,16,107,1,16,91,1,button,1,16,16,0,66,0,1.0000,22,0.000231,-1,-1,button,1,16,16,0,66,0,1.0000,22,0.000477,,-1,button,1,16,16,0,66,0,1.0000,22,0.000557,-1,,button,1,16,16,0,66,0,1.0000,22,0.503006,-1,-1,16,0,0,0,0.4,risk_path,4,Bot1|Bot2|Bot3|Bot4,,1,0
318,0.25,75,440,1739095726,662417193,3613,0.642311,484,1308,66-39,40-23,28-18,42,42,59,59,17,17,1,0,1,42,0,,57,1,42,15,1,button,1,42,42,0,15,0,1.0000,112,0.001130,-1,-1,button,1,42,42,0,15,0,1.0000,112,0.003863,,-1,button,1,42,42,0,15,0,1.0000,112,0.004393,-1,,button,1,42,42,0,15,0,1.0000,112,3.879713,-1,-1,42,19,2,0,0.99,risk_path,4,Bot1|Bot2|Bot3|Bot4,,1,0
319,0.25,75,440,868483726,487361327,3650,0.648889,508,1404,55-23,16-9,32-68,67,53,68,68,83,75,0,0,1,67,1,67,253,1,67,186,1,button,1,67,67,0,186,0,1.0000,362,0.003901,-1,-1,button,1,67,67,0,186,0,1.0000,362,0.019355,,-1,button,1,67,67,0,186,0,1.0000,362,0.022629,-1,,button,1,67,67,0,186,0,1.0000,362,10.020653,-1,-1,67,0,0,0,0.4,risk_path,4,Bot1|Bot2|Bot3|Bot4,,1,0
320,0.25,75,440,780381394,1436591598,3617,0.643022,490,1335,61-29,72-65,25-35,67,47,64,42,83,77,0,0,1,67,1,67,278,1,67,211,1,button,1,67,67,0,178,0,1.0000,324,0.003549,-1,-1,button,1,67,67,0,178,0,1.0000,324,0.020438,,-1,button,1,67,67,0,178,0,1.0000,324,0.021805,-1,,button,1,67,67,0,178,0,1.0000,324,8.589547,9,9,67,0,0,0,0.4,risk_path,4,Bot1|Bot2|Bot3|Bot4,,1,0
321,0.25,75,440,3438593776,3903306868,3635,0.646222,502,1352,60-59,50-8,12-9,89,61,106,98,51,39,1,0,1,89,0,,202,1,89,113,1,button,1,89,89,0,102,0,1.0000,471,0.006254,-1,-1,button,1,89,89,0,102,0,1.0000,471,0.041451,,-1,button,1,89,89,0,102,0,1.0000,471,0.042024,-1,,button,1,89,89,0,102,0,1.0000,471,15.989464,-1,-1,89,0,0,0,0.4,risk_path,4,Bot1|Bot2|Bot3|Bot4,,1,0
322,0.25,75,440,3986935069,3858830174,3609,0.641600,489,1337,31-41,40-34,16-58,18,16,38,32,56,48,0,0,1,18,1,18,189,1,18,171,1,button,1,18,18,0,126,0,1.0000,21,0.000267,-1,-1,button,1,18,18,0,126,0,1.0000,21,0.000767,,-1,button,1,18,18,0,126,0,1.0000,21,0.000792,-1,,button,1,18,18,0,126,0,1.0000,21,1.336110,4,4,18,0,0,0,0.4,risk_path,4,Bot1|Bot2|Bot3|Bot4,,1,0
323,0.25,75,440,509776406,2567658253,3634,0.646044,501,1378,47-21,69-44,53-74,53,45,81,59,48,46,1,0,1,53,0,,198,1,53,145,1,button,1,53,53,0,134,0,1.0000,46,0.001490,-1,-1,button,1,53,53,0,134,0,1.0000,46,0.008439,,-1,button,1,53,53,0,134,0,1.0000,46,0.008655,-1,,button,1,53,53,0,134,0,1.0000,46,5.344215,35,35,53,0,0,0,0.4,risk_path,4,Bot1|Bot2|Bot3|Bot4,,1,0
324,0.25,75,440,1895927736,3210878789,3644,0.647822,498,1357,21-58,33-29,37-60,47,41,24,18,53,35,0,0,1,47,1,47,185,1,47,138,1,button,1,47,47,0,76,0,1.0000,59,0.001367,-1,-1,button,1,47,47,0,76,0,1.0000,59,0.007320,,-1,button,1,47,47,0,76,0,1.0000,59,0.007951,-1,,button,1,47,47,0,58,0,1.0000,59,4.739358,1,1,47,0,0,0,0.4,risk_path,4,Bot1|Bot2|Bot3|Bot4,,1,0
325,0.25,75,440,75942277,1867417450,3633,0.645867,498,1373,42-69,9-37,54-41,67,65,52,40,73,49,0,0,1,67,1,67,274,1,67,207,1,button,1,67,67,0,163,0,1.0000,193,0.002924,-1,-1,button,1,67,67,0,163,0,1.0000,193,0.012190,,-1,button,1,67,67,0,163,0,1.0000,193,0.014094,-1,,button,1,67,67,0,163,0,1.0000,193,9.373834,-1,-1,67,0,0,0,0.4,risk_path,4,Bot1|Bot2|Bot3|Bot4,,1,0
326,0.25,75,440,4250529820,1484301454,3643,0.647644,502,1368,33-23,2-23,69-51,49,31,74,64,107,95,0,0,1,49,1,49,375,1,49,326,1,button,1,49,49,0,234,0,1.0000,120,0.001999,-1,-1,button,1,49,49,0,234,0,1.0000,120,0.009387,,-1,button,1,49,49,0,234,0,1.0000,120,0.009672,-1,,button,1,49,49,0,234,0,1.0000,120,5.623261,-1,-1,49,0,0,0,0.4,risk_path,4,Bot1|Bot2|Bot3|Bot4,,1,0
327,0.25,75,440,3071567326,2258578127,3628,0.644978,495,1351,17-29,32-6,61-47,52,38,68,62,86,70,0,0,1,52,1,52,276,1,52,224,1,button,1,52,52,0,145,0,1.0000,222,0.003185,-1,-1,button,1,52,52,0,145,0,1.0000,222,0.013023,,-1,button,1,52,52,0,145,0,1.0000,222,0.014928,-1,,button,1,52,52,0,145,0,1.0000,222,4.794184,-1,-1,52,0,0,0,0.4,risk_path,4,Bot1|Bot2|Bot3|Bot4,,1,0
328,0.25,75,440,407302120,1091993989,3642,0.647467,494,1375,69-30,27-56,9-73,68,68,105,103,41,35,1,0,1,68,0,,134,1,68,66,1,button,1,68,68,0,64,0,1.0000,158,0.002800,-1,-1,button,1,68,68,0,64,0,1.0000,158,0.012563,,-1,button,1,68,68,0,64,0,1.0000,158,0.013734,-1,,button,1,68,68,0,64,0,1.0000,158,7.406603,-1,-1,68,0,0,0,0.4,risk_path,4,Bot1|Bot2|Bot3|Bot4,,1,0
329,0.25,75,440,403694093,443635467,3638,0.646756,512,1379,43-13,3-72,5-9,105,99,52,42,99,65,1,0,1,105,0,,308,1,105,203,1,button,1,105,105,0,96,0,1.0000,365,0.008823,-1,-1,button,1,105,105,0,96,0,1.0000,365,0.047683,,-1,button,1,105,105,0,96,0,1.0000,365,0.059298,-1,,button,1,105,105,0,96,0,1.0000,365,19.100298,-1,-1,105,0,0,0,0.4,risk_path,4,Bot1|Bot2|Bot3|Bot4,,1,0
330,0.25,75,440,2933929372,24815168,3657,0.650133,506,1413,16-47,12-13,7-1,58,38,71,55,21,17,1,0,1,58,0,,58,0,,,0,walked_into_fire,0,57,57,0,-6,1,0.9828,110,0.002696,52,52,fire_reached_bot,0,82,51,31,-23,7,0.8793,,0.173806,,-1,fire_reached_bot,0,82,51,31,-23,7,0.8793,,0.379736,-1,,fire_reached_bot,0,82,51,31,-23,7,0.8793,,8.774555,-1,-1,82,26,25,31,0.99,no_path,0,,Bot1|Bot2|Bot3|Bot4,0,1
331,0.25,75,440,571489985,3669167757,3662,0.651022,499,1410,27-33,16-4,24-50,66,40,26,20,70,54,0,0,1,66,1,66,261,1,66,195,1,button,1,66,66,0,55,0,1.0000,244,0.003603,-1,-1,button,1,66,66,0,55,0,1.0000,244,0.016408,,-1,button,1,66,66,0,55,0,1.0000,244,0.017653,-1,,button,1,66,66,0,55,0,1.0000,244,9.320262,-1,-1,66,0,0,0,0.4,risk_path,4,Bot1|Bot2|Bot3|Bot4,,1,0
332,0.25,75,440,2718824820,2814868908,3642,0.647467,500,1367,69-72,7-71,1-31,107,63,123,109,68,46,1,0,1,107,0,,256,1,107,149,1,button,1,107,107,0,149,0,1.0000,224,0.005207,-1,-1,button,1,107,107,0,149,0,1.0000,224,0.057169,,-1,button,1,107,107,0,149,0,1.0000,224,0.061322,-1,,button,1,107,107,0,149,0,1.0000,224,25.011178,-1,-1,107,0,0,0,0.4,risk_path,4,Bot1|Bot2|Bot3|Bot4,,1,0
333,0.25,75,440,1458069241,3379700867,3616,0.642844,488,1368,54-44,9-44,37-18,71,45,51,43,70,54,1,0,1,71,0,,233,1,71,162,1,button,1,71,71,0,103,0,1.0000,261,0.003717,-1,-1,button,1,71,71,0,103,0,1.0000,261,0.027855,,-1,button,1,71,71,0,103,0,1.0000,261,0.030725,-1,,button,1,71,71,0,103,0,1.0000,261,9.901135,-1,-1,71,0,0,0,0.4,risk_path,4,Bot1|Bot2|Bot3|Bot4,,1,0
334,0.25,75,440,110822976,411924728,3637,0.646578,500,1351,9-14,47-13,64-72,57,39,113,113,90,76,0,0,1,57,1,57,304,1,57,247,1,button,1,57,57,0,241,0,1.0000,120,0.001956,-1,-1,button,1,57,57,0,241,0,1.0000,120,0.008670,,-1,button,1,57,57,0,241,0,1.0000,120,0.009462,-1,,button,1,57,57,0,241,0,1.0000,120,6.866957,30,30,57,0,0,0,0.4,risk_path,4,Bot1|Bot2|Bot3|Bot4,,1,0
335,0.25,75,440,3526644172,994635310,3650,0.648889,506,1412,56-5,54-63,8-20,98,60,75,63,97,89,1,0,1,98,0,,291,1,98,193,1,button,1,98,98,0,165,0,1.0000,594,0.012388,-1,-1,button,1,98,98,0,165,0,1.0000,594,0.071599,,-1,button,1,98,98,0,165,0,1.0000,594,0.077987,-1,,button,1,98,98,0,165,0,1.0000,594,20.642016,-1,-1,98,0,0,0,0.4,risk_path,4,Bot1|Bot2|Bot3|Bot4,,1,0
336,0.25,75,440,1087217453,2269991397,3621,0.643733,494,1334,22-61,69-15,6-53,93,93,28,24,111,101,0,0,1,93,1,93,379,1,93,286,1,button,1,93,93,0,99,0,1.0000,387,0.006391,-1,-1,button,1,93,93,0,99,0,1.0000,387,0.026991,,-1,button,1,93,93,0,99,0,1.0000,387,0.030653,-1,,button,1,93,93,0,99,0,1.0000,387,17.986454,9,9,93,0,0,0,0.4,risk_path,4,Bot1|Bot2|Bot3|Bot4,,1,0
337,0.25,75,440,4182190525,591908680,3630,0.645333,507,1374,56-6,63-6,60-53,15,7,63,51,64,50,0,0,1,15,1,15,259,1,15,244,1,button,1,15,15,0,229,0,1.0000,17,0.000254,-1,-1,button,1,15,15,0,229,0,1.0000,17,0.000492,,-1,button,1,15,15,0,229,0,1.0000,17,0.000567,-1,,button,1,15,15,0,241,0,1.0000,17,0.465725,1,1,15,0,0,0,0.4,risk_path,4,Bot1|Bot2|Bot3|Bot4,,1,0
338,0.25,75,440,131814599,1043486984,3657,0.650133,523,1389,39-55,70-4,56-15,84,82,63,57,25,25,1,0,1,84,0,,90,0,,,0,walked_into_fire,0,55,55,0,-8,29,0.6548,232,0.002734,47,45,fire_reached_bot,0,105,68,37,-14,36,0.5714,,0.130653,,45,fire_reached_bot,0,95,68,27,-4,34,0.5952,,0.250771,45,,fire_reached_bot,0,105,68,37,-14,36,0.5714,,17.868577,-1,45,105,0,68,37,,no_path,0,,Bot1|Bot2|Bot3|Bot4,0,1
339,0.25,75,440,1857643394,677001930,3667,0.651911,510,1436,66-71,67-49,25-46,29,23,70,66,57,45,0,0,1,29,1,29,225,1,29,196,1,button,1,29,29,0,196,0,1.0000,20,0.000394,-1,-1,button,1,29,29,0,196,0,1.0000,20,0.003001,,-1,button,1,29,29,0,196,0,1.0000,20,0.001754,-1,,button,1,29,29,0,196,0,1.0000,20,2.163025,20,20,29,0,0,0,0.4,risk_path,4,Bot1|Bot2|Bot3|Bot4,,1,0
340,0.25,75,440,3864308138,3978975570,3644,0.647822,513,1385,10-9,61-25,64-45,83,67,100,90,27,23,1,0,1,83,0,,98,1,83,15,1,button,1,83,83,0,10,0,1.0000,409,0.005925,-1,-1,button,1,83,83,0,10,0,1.0000,409,0.040770,,-1,button,1,83,83,0,10,0,1.0000,409,0.052563,-1,,button,1,83,83,0,10,0,1.0000,409,16.851223,65,65,83,9,55,0,0.99,risk_path,4,Bot1|Bot2|Bot3|Bot4,,1,0
341,0.25,75,440,3005494717,346531541,3669,0.652267,514,1446,23-73,11-56,43-56,29,29,51,37,56,32,0,0,1,29,1,29,213,1,29,184,1,button,1,29,29,0,180,0,1.0000,13,0.000392,-1,-1,button,1,29,29,0,180,0,1.0000,13,0.001684,,-1,button,1,29,29,0,180,0,1.0000,13,0.001783,-1,,button,1,29,29,0,180,0,1.0000,13,2.106341,-1,-1,29,0,0,0,0.4,risk_path,4,Bot1|Bot2|Bot3|Bot4,,1,0
342,0.25,75,440,2387691047,1277799577,3628,0.644978,496,1375,63-32,0-59,64-69,110,90,48,38,108,74,1,0,1,110,0,,398,1,110,288,1,button,1,110,110,0,140,0,1.0000,385,0.009366,-1,-1,button,1,110,110,0,140,0,1.0000,385,0.103288,,-1,button,1,110,110,0,140,0,1.0000,385,0.116243,-1,,button,1,110,110,0,140,0,1.0000,385,24.544551,80,80,110,0,0,0,0.4,risk_path,4,Bot1|Bot2|Bot3|Bot4,,1,0
343,0.25,75,440,909155234,2602241716,3644,0.647822,500,1364,16-23,49-50,35-2,60,60,42,40,74,62,0,0,1,60,1,60,287,1,60,227,1,button,1,60,60,0,124,0,1.0000,80,0.000886,-1,-1,button,1,60,60,0,124,0,1.0000,80,0.007131,,-1,button,1,60,60,0,124,0,1.0000,80,0.008785,-1,,button,1,60,60,0,124,0,1.0000,80,7.500999,1,1,60,0,0,0,0.4,risk_path,4,Bot1|Bot2|Bot3|Bot4,,1,0
344,0.25,75,440,3582665592,3009362077,3649,0.648711,507,1382,35-73,60-54,29-72,46,44,9,7,55,49,0,0,1,46,1,46,192,1,46,146,1,button,1,46,46,0,44,0,1.0000,50,0.000748,-1,-1,button,1,46,46,0,44,0,1.0000,50,0.004573,,-1,button,1,46,46,0,44,0,1.0000,50,0.004829,-1,,button,1,46,46,0,44,0,1.0000,50,4.282139,-1,-1,46,0,0,0,0.4,risk_path,4,Bot1|Bot2|Bot3|Bot4,,1,0
345,0.25,75,440,2398338138,2828610287,3658,0.650311,518,1407,57-10,11-57,39-61,101,93,79,69,44,32,1,0,1,101,0,,136,1,101,35,1,button,1,101,101,0,31,0,1.0000,553,0.006966,-1,-1,button,1,101,101,0,31,0,1.0000,553,0.054811,,-1,button,1,101,101,0,31,0,1.0000,553,0.059504,-1,,button,1,101,101,0,31,0,1.0000,553,23.443902,-1,-1,101,8,16,0,0.99,risk_path,4,Bot1|Bot2|Bot3|Bot4,,1,0
346,0.25,75,440,1634039232,257003492,3623,0.644089,481,1315,15-50,50-34,67-55,55,51,73,57,58,38,0,0,1,55,1,55,211,1,55,156,1,button,1,55,55,0,148,0,1.0000,112,0.001447,-1,-1,button,1,55,55,0,148,0,1.0000,112,0.007668,,-1,button,1,55,55,0,148,0,1.0000,112,0.008433,-1,,button,1,55,55,0,126,0,1.0000,112,5.589335,9,9,55,0,0,0,0.4,risk_path,4,Bot1|Bot2|Bot3|Bot4,,1,0
347,0.25,75,440,2513077685,551885425,3649,0.648711,526,1370,16-2,51-8,61-32,45,41,77,75,40,34,1,0,1,45,0,,137,1,45,92,1,button,1,45,45,0,85,0,1.0000,117,0.001554,-1,-1,button,1,45,45,0,85,0,1.0000,117,0.004166,,-1,button,1,45,45,0,85,0,1.0000,117,0.004721,-1,,button,1,45,45,0,85,0,1.0000,117,4.574576,-1,-1,45,0,0,0,0.4,risk_path,4,Bot1|Bot2|Bot3|Bot4,,1,0
348,0.25,75,440,2812461286,2193935649,3611,0.641956,483,1301,15-34,23-68,70-39,52,42,84,60,90,76,0,0,1,52,1,52,328,1,52,276,1,button,1,52,52,0,234,0,1.0000,67,0.000907,-1,-1,button,1,52,52,0,234,0,1.0000,67,0.008650,,-1,button,1,52,52,0,234,0,1.0000,67,0.008988,-1,,button,1,52,52,0,234,0,1.0000,67,5.372686,5,5,52,0,0,0,0.4,risk_path,4,Bot1|Bot2|Bot3|Bot4,,1,0
349,0.25,75,440,1831191962,3675714604,3639,0.646933,513,1405,21-49,42-73,62-57,47,45,61,49,38,36,1,0,1,47,0,,144,1,47,97,1,button,1,47,47,0,78,0,1.0000,135,0.001101,-1,-1,button,1,47,47,0,78,0,1.0000,135,0.006796,,-1,button,1,47,47,0,78,0,1.0000,135,0.009586,-1,,button,1,47,47,0,78,0,1.0000,135,4.311530,6,6,47,0,0,0,0.4,risk_path,4,Bot1|Bot2|Bot3|Bot4,,1,0
350,0.25,75,440,2219431423,1820989950,3664,0.651378,510,1364,40-51,48-66,2-54,35,23,61,41,64,58,0,0,1,35,1,35,209,1,35,174,1,button,1,35,35,0,143,0,1.0000,44,0.000390,-1,-1,button,1,35,35,0,143,0,1.0000,44,0.002659,,-1,button,1,35,35,0,143,0,1.0000,44,0.002894,-1,,button,1,35,35,0,143,0,1.0000,44,2.756636,9,9,35,0,0,0,0.4,risk_path,4,Bot1|Bot2|Bot3|Bot4,,1,0
351,0.25,75,440,509892709,3321225519,3631,0.645511,492,1334,68-20,35-61,33-59,76,74,84,74,8,4,1,0,1,76,0,,57,0,,,0,walked_into_fire,0,73,73,0,-15,3,0.9605,,0.001139,58,58,fire_reached_bot,0,135,57,78,-77,19,0.7500,,0.397559,,-1,fire_reached_bot,0,135,57,78,-77,19,0.7500,,0.825110,-1,,fire_reached_bot,0,135,57,78,-77,19,0.7500,,13.901495,-1,-1,135,0,57,78,,no_path,0,,Bot1|Bot2|Bot3|Bot4,0,1
352,0.25,75,440,410674036,2790386272,3625,0.644444,506,1354,26-67,69-15,65-27,97,95,79,79,18,16,1,0,1,97,0,,89,0,,,0,walked_into_fire,0,65,65,0,-4,32,0.6701,238,0.002232,39,39,fire_reached_bot,0,79,71,8,0,34,0.6495,367,0.080749,,-1,fire_reached_bot,0,79,71,8,0,34,0.6495,367,0.145691,-1,,fire_reached_bot,0,79,71,8,0,34,0.6495,367,23.365061,-1,-1,79,0,71,8,,no_path,0,,Bot1|Bot2|Bot3|Bot4,0,1
353,0.25,75,440,43560433,194753494,3664,0.651378,509,1414,18-45,35-35,14-41,29,27,10,8,31,27,0,0,1,29,1,29,121,1,29,92,1,button,1,29,29,0,19,0,1.0000,61,0.000459,-1,-1,button,1,29,29,0,19,0,1.0000,61,0.001852,,-1,button,1,29,29,0,19,0,1.0000,61,0.002074,-1,,button,1,29,29,0,19,0,1.0000,61,2.167040,13,13,29,0,0,0,0.4,risk_path,4,Bot1|Bot2|Bot3|Bot4,,1,0
354,0.25,75,440,4123683559,484405637,3632,0.645689,495,1346,35-23,17-71,73-61,72,66,80,76,106,66,0,0,1,72,1,72,390,1,72,318,1,button,1,72,72,0,203,0,1.0000,152,0.002233,-1,-1,button,1,72,72,0,203,0,1.0000,152,0.021922,,-1,button,1,72,72,0,203,0,1.0000,152,0.026117,-1,,button,1,72,72,0,203,0,1.0000,152,11.007671,-1,-1,72,0,0,0,0.4,risk_path,4,Bot1|Bot2|Bot3|Bot4,,1,0
355,0.25,75,440,2102547529,3795932170,3646,0.648178,505,1407,50-36,69-58,9-56,41,41,71,61,84,62,0,0,1,41,1,41,291,1,41,250,1,button,1,41,41,0,232,0,1.0000,130,0.000825,-1,-1,button,1,41,41,0,232,0,1.0000,130,0.003790,,-1,button,1,41,41,0,232,0,1.0000,130,0.006551,-1,,button,1,41,41,0,239,0,1.0000,130,3.511374,22,22,41,0,0,0,0.4,risk_path,4,Bot1|Bot2|Bot3|Bot4,,1,0
356,0.25,75,440,1989372477,1712784801,3669,0.652267,524,1424,21-34,59-12,66-55,66,60,78,66,60,50,1,0,1,66,0,,235,1,66,169,1,button,1,66,66,0,148,0,1.0000,221,0.002331,-1,-1,button,1,66,66,0,148,0,1.0000,221,0.016971,,-1,button,1,66,66,0,148,0,1.0000,221,0.019283,-1,,button,1,66,66,0,148,0,1.0000,221,8.510715,1,1,66,0,0,0,0.4,risk_path,4,Bot1|Bot2|Bot3|Bot4,,1,0
357,0.25,75,440,3146175691,832631895,3635,0.646222,504,1390,18-0,68-9,10-61,87,59,87,69,126,110,0,0,1,87,1,87,406,1,87,319,1,button,1,87,87,0,249,0,1.0000,281,0.003648,-1,-1,button,1,87,87,0,249,0,1.0000,281,0.036821,,-1,button,1,87,87,0,249,0,1.0000,281,0.050160,-1,,button,1,87,87,0,249,0,1.0000,281,15.327832,2,2,87,0,0,0,0.4,risk_path,4,Bot1|Bot2|Bot3|Bot4,,1,0
358,0.25,75,440,619419441,2208452547,3652,0.649244,505,1413,54-66,47-12,11-43,71,61,70,66,77,67,0,0,1,71,1,71,269,1,71,198,1,button,1,71,71,0,141,0,1.0000,312,0.003015,-1,-1,button,1,71,71,0,141,0,1.0000,312,0.014787,,-1,button,1,71,71,0,141,0,1.0000,312,0.020048,-1,,button,1,71,71,0,141,0,1.0000,312,10.259772,-1,-1,71,0,0,0,0.4,risk_path,4,Bot1|Bot2|Bot3|Bot4,,1,0
359,0.25,75,440,1223795627,3036548846,3649,0.648711,506,1394,57-7,12-54,8-43,92,92,87,85,21,15,1,0,1,92,0,,68,0,,,0,walked_into_fire,0,64,64,0,-7,28,0.6957,231,0.002527,63,63,fire_reached_bot,0,83,68,15,-14,32,0.6522,,0.108371,,64,fire_reached_bot,0,86,68,18,-17,32,0.6522,,0.199331,64,,fire_reached_bot,0,83,68,15,-14,32,0.6522,,16.383054,-1,64,83,0,68,15,,no_path,0,,Bot1|Bot2|Bot3|Bot4,0,1
360,0.25,75,440,579359964,1186995808,3635,0.646222,507,1379,22-42,54-3,35-52,77,71,23,23,78,68,0,0,1,77,1,77,279,1,77,202,1,button,1,77,77,0,33,0,1.0000,509,0.004583,-1,-1,button,1,77,77,0,33,0,1.0000,509,0.018548,,-1,button,1,77,77,0,33,0,1.0000,509,0.029698,-1,,button,1,77,77,0,33,0,1.0000,509,9.194377,21,21,77,0,0,0,0.4,risk_path,4,Bot1|Bot2|Bot3|Bot4,,1,0
361,0.25,75,440,2365814492,1911836688,3652,0.649244,497,1410,17-70,13-44,49-34,44,30,72,68,52,46,0,0,1,44,1,44,158,1,44,114,1,button,1,44,44,0,106,0,1.0000,96,0.000963,-1,-1,button,1,44,44,0,106,0,1.0000,96,0.005702,,-1,button,1,44,44,0,106,0,1.0000,96,0.009063,-1,,button,1,44,44,0,106,0,1.0000,96,3.226972,-1,-1,44,0,0,0,0.4,risk_path,4,Bot1|Bot2|Bot3|Bot4,,1,0
362,0.25,75,440,1556033072,2435529583,3641,0.647289,503,1362,41-9,37-54,29-58,73,49,81,61,12,12,1,0,1,73,0,,35,0,,,0,fire_reached_bot,0,64,64,0,-28,9,0.8767,,0.002771,36,36,fire_reached_bot,0,146,35,111,-110,38,0.4795,,0.550515,,-1,fire_reached_bot,0,146,35,111,-110,38,0.4795,,1.212710,-1,,fire_reached_bot,0,146,35,111,-110,38,0.4795,,8.430827,-1,-1,146,0,35,111,,no_path,0,,Bot1|Bot2|Bot3|Bot4,0,1
363,0.25,75,440,4172303545,2847709414,3659,0.650489,521,1372,18-5,16-3,65-55,4,4,97,97,101,101,0,0,1,4,1,4,322,1,4,318,1,button,1,4,4,0,304,0,1.0000,3,0.000056,-1,-1,button,1,4,4,0,304,0,1.0000,3,0.000093,,-1,button,1,4,4,0,304,0,1.0000,3,0.000186,-1,,button,1,4,4,0,304,0,1.0000,3,0.079483,-1,-1,4,0,0,0,0.4,risk_path,4,Bot1|Bot2|Bot3|Bot4,,1,0
364,0.25,75,440,2579275816,973970230,3634,0.646044,504,1359,6-44,19-58,62-43,33,27,91,57,60,58,0,0,1,33,1,33,233,1,33,200,1,button,1,33,33,0,197,0,1.0000,55,0.000584,-1,-1,button,1,33,33,0,197,0,1.0000,55,0.002147,,-1,button,1,33,33,0,197,0,1.0000,55,0.004009,-1,,button,1,33,33,0,197,0,1.0000,55,1.831429,10,10,33,0,0,0,0.4,risk_path,4,Bot1|Bot2|Bot3|Bot4,,1,0
365,0.25,75,440,1952802954,979129697,3639,0.646933,509,1412,74-40,7-52,23-65,93,79,90,76,39,29,1,0,1,93,0,,122,1,93,29,1,button,1,93,93,0,5,0,1.0000,432,0.006771,-1,-1,button,1,93,93,0,5,0,1.0000,432,0.039685,,-1,button,1,93,93,0,5,0,1.0000,432,0.051412,-1,,button,1,93,93,0,5,0,1.0000,432,15.851093,-1,-1,93,16,18,0,0.99,risk_path,4,Bot1|Bot2|Bot3|Bot4,,1,0
366,0.25,75,440,3081393282,309076382,3638,0.646756,493,1349,36-74,8-31,36-50,71,71,36,24,47,47,1,0,1,71,0,,163,1,71,92,1,button,1,71,71,0,44,0,1.0000,208,0.002073,-1,-1,button,1,71,71,0,44,0,1.0000,208,0.012023,,-1,button,1,71,71,0,44,0,1.0000,208,0.013126,-1,,button,1,71,71,0,44,0,1.0000,208,8.874466,-1,-1,71,0,0,0,0.4,risk_path,4,Bot1|Bot2|Bot3|Bot4,,1,0
367,0.25,75,440,3151380601,1716409728,3657,0.650133,505,1413,67-49,55-9,62-54,58,52,10,10,66,52,0,0,1,58,1,58,206,1,58,148,1,button,1,58,58,0,40,0,1.0000,254,0.002743,-1,-1,button,1,58,58,0,40,0,1.0000,254,0.010374,,-1,button,1,58,58,0,40,0,1.0000,254,0.011460,-1,,button,1,58,58,0,40,0,1.0000,254,5.259135,50,50,58,0,0,0,0.4,risk_path,4,Bot1|Bot2|Bot3|Bot4,,1,0
368,0.25,75,440,2032139050,1891626865,3643,0.647644,499,1406,56-19,54-8,30-48,15,13,57,55,66,64,0,0,1,15,1,15,247,1,15,232,1,button,1,15,15,0,210,0,1.0000,14,0.000170,-1,-1,button,1,15,15,0,210,0,1.0000,14,0.000648,,-1,button,1,15,15,0,210,0,1.0000,14,0.000924,-1,,button,1,15,15,0,210,0,1.0000,14,0.441066,-1,-1,15,0,0,0,0.4,risk_path,4,Bot1|Bot2|Bot3|Bot4,,1,0
369,0.25,75,440,737645428,557148272,3635,0.646222,500,1363,5-39,12-37,1-60,21,9,31,25,40,34,0,0,1,21,1,21,169,1,21,148,1,button,1,21,21,0,110,0,1.0000,10,0.000256,-1,-1,button,1,21,21,0,110,0,1.0000,10,0.001215,,-1,button,1,21,21,0,110,0,1.0000,10,0.001589,-1,,button,1,21,21,0,110,0,1.0000,10,0.778933,-1,-1,21,0,0,0,0.4,risk_path,4,Bot1|Bot2|Bot3|Bot4,,1,0
370,0.25,75,440,2602577069,3193247753,3645,0.648000,514,1391,69-45,24-59,39-7,83,59,82,68,87,67,0,0,1,83,1,83,325,1,83,242,1,button,1,83,83,0,192,0,1.0000,233,0.003998,-1,-1,button,1,83,83,0,192,0,1.0000,233,0.042020,,-1,button,1,83,83,0,192,0,1.0000,233,0.043484,-1,,button,1,83,83,0,192,0,1.0000,233,11.461792,-1,-1,83,0,0,0,0.4,risk_path,4,Bot1|Bot2|Bot3|Bot4,,1,0
371,0.25,75,440,1923164207,2685547185,3651,0.649067,505,1395,63-72,66-47,73-55,48,28,33,27,33,15,1,0,1,48,0,,139,1,48,91,1,button,1,48,48,0,31,0,1.0000,60,0.001287,-1,-1,button,1,48,48,0,31,0,1.0000,60,0.009572,,-1,button,1,48,48,0,31,0,1.0000,60,0.009730,-1,,button,1,48,48,0,31,0,1.0000,60,3.710905,-1,-1,48,0,0,0,0.4,risk_path,4,Bot1|Bot2|Bot3|Bot4,,1,0
372,0.25,75,440,3064658255,2591067856,3624,0.644267,503,1380,5-60,53-71,10-3,73,59,94,62,119,111,0,0,1,73,1,73,402,1,73,329,1,button,1,73,73,0,273,0,1.0000,199,0.003703,-1,-1,button,1,73,73,0,273,0,1.0000,199,0.017185,,-1,button,1,73,73,0,273,0,1.0000,199,0.018636,-1,,button,1,73,73,0,273,0,1.0000,199,8.437390,6,6,73,0,0,0,0.4,risk_path,4,Bot1|Bot2|Bot3|Bot4,,1,0
373,0.25,75,440,1154147649,4041770858,3645,0.648000,489,1406,62-19,40-29,24-69,34,32,106,88,72,56,0,0,1,34,1,34,271,1,34,237,1,button,1,34,34,0,237,0,1.0000,44,0.000623,-1,-1,button,1,34,34,0,237,0,1.0000,44,0.002481,,-1,button,1,34,34,0,237,0,1.0000,44,0.002706,-1,,button,1,34,34,0,237,0,1.0000,44,1.891832,-1,-1,34,0,0,0,0.4,risk_path,4,Bot1|Bot2|Bot3|Bot4,,1,0
374,0.25,75,440,1357385445,1134208027,3666,0.651733,513,1413,25-51,39-21,30-57,60,44,11,11,65,45,0,0,1,60,1,60,196,1,60,136,1,button,1,60,60,0,28,0,1.0000,166,0.002905,-1,-1,button,1,60,60,0,28,0,1.0000,166,0.016964,,-1,button,1,60,60,0,28,0,1.0000,166,0.017305,-1,,button,1,60,60,0,28,0,1.0000,166,5.647353,12,12,60,0,0,0,0.4,risk_path,4,Bot1|Bot2|Bot3|Bot4,,1,0
375,0.25,75,440,560426098,1461767624,3635,0.646222,513,1396,24-1,51-60,27-31,94,86,51,33,55,53,1,0,1,94,0,,196,1,94,102,1,button,1,94,94,0,15,0,1.0000,307,0.004879,-1,-1,button,1,94,94,0,15,0,1.0000,307,0.024508,,-1,button,1,94,94,0,15,0,1.0000,307,0.028343,-1,,button,1,94,94,0,15,0,1.0000,307,14.484535,39,39,94,9,0,0,0.99,risk_path,4,Bot1|Bot2|Bot3|Bot4,,1,0
376,0.25,75,440,1829175360,2037474768,3618,0.643200,493,1325,46-28,2-26,69-70,64,46,67,65,119,111,0,0,1,64,1,64,355,1,64,291,1,button,1,64,64,0,174,0,1.0000,185,0.003278,-1,-1,button,1,64,64,0,174,0,1.0000,185,0.014151,,-1,button,1,64,64,0,174,0,1.0000,185,0.017808,-1,,button,1,64,64,0,174,0,1.0000,185,6.815210,-1,-1,64,0,0,0,0.4,risk_path,4,Bot1|Bot2|Bot3|Bot4,,1,0
377,0.25,75,440,3056335309,1867334455,3661,0.650844,500,1439,27-46,28-68,18-56,47,23,21,19,28,22,1,0,1,47,0,,100,1,47,53,1,button,1,47,47,0,6,0,1.0000,80,0.001319,-1,-1,button,1,47,47,0,6,0,1.0000,80,0.006677,,-1,button,1,47,47,0,6,0,1.0000,80,0.008418,-1,,button,1,47,47,0,6,0,1.0000,80,3.586787,8,8,47,8,0,0,0.8,risk_path,4,Bot1|Bot2|Bot3|Bot4,,1,0
378,0.25,75,440,3498759806,185762425,3635,0.646222,494,1353,44-3,7-68,63-11,110,102,29,27,117,113,0,0,1,110,1,110,380,1,110,270,1,button,1,110,110,0,54,0,1.0000,769,0.014981,-1,-1,button,1,110,110,0,54,0,1.0000,769,0.050121,,-1,button,1,110,110,0,54,0,1.0000,769,0.068922,-1,,button,1,110,110,0,54,0,1.0000,769,18.434960,-1,-1,110,0,0,0,0.4,risk_path,4,Bot1|Bot2|Bot3|Bot4,,1,0
379,0.25,75,440,743858379,262038232,3647,0.648356,504,1394,0-72,40-37,64-54,77,75,92,82,45,41,1,0,1,77,0,,158,1,77,81,1,button,1,77,77,0,81,0,1.0000,348,0.004017,-1,-1,button,1,77,77,0,81,0,1.0000,348,0.019538,,-1,button,1,77,77,0,81,0,1.0000,348,0.023019,-1,,button,1,77,77,0,81,0,1.0000,348,9.334484,9,9,77,0,0,0,0.4,risk_path,4,Bot1|Bot2|Bot3|Bot4,,1,0
380,0.25,75,440,3490957155,2695499596,3644,0.647822,514,1421,51-6,65-68,53-10,96,76,8,6,90,70,1,0,1,96,0,,276,1,106,170,0,walked_into_fire,0,7,7,0,-1,89,0.0729,2,0.002024,7,1,button,1,112,112,0,1,0,1.0000,597,0.072494,,1,button,1,106,106,0,6,0,1.0000,556,0.092660,1,,button,1,106,106,0,8,0,1.0000,556,17.907866,4,1,106,0,0,0,0.4,risk_path,3,Bot2|Bot3|Bot4,Bot1,0,0
381,0.25,75,440,44469780,2130841903,3651,0.649067,517,1415,41-66,32-72,23-5,21,15,87,79,102,76,0,0,1,21,1,21,350,1,21,329,1,button,1,21,21,0,280,0,1.0000,22,0.000422,-1,-1,button,1,21,21,0,280,0,1.0000,22,0.001110,,-1,button,1,21,21,0,280,0,1.0000,22,0.001346,-1,,button,1,21,21,0,280,0,1.0000,22,0.791399,-1,-1,21,0,0,0,0.4,risk_path,4,Bot1|Bot2|Bot3|Bot4,,1,0
382,0.25,75,440,1350579762,3490582419,3658,0.650311,507,1374,20-31,25-6,46-43,44,30,48,38,76,58,0,0,1,44,1,44,288,1,44,244,1,button,1,44,44,0,137,0,1.0000,63,0.001181,-1,-1,button,1,44,44,0,137,0,1.0000,63,0.006688,,-1,button,1,44,44,0,137,0,1.0000,63,0.007564,-1,,button,1,44,44,0,137,0,1.0000,63,3.147733,1,1,44,0,0,0,0.4,risk_path,4,Bot1|Bot2|Bot3|Bot4,,1,0
383,0.25,75,440,2733807543,3538856808,3647,0.648356,506,1388,65-8,0-53,51-67,112,110,87,73,81,65,1,0,1,112,0,,298,1,112,186,1,button,1,112,112,0,161,0,1.0000,488,0.006222,-1,-1,button,1,112,112,0,161,0,1.0000,488,0.044590,,-1,button,1,112,112,0,161,0,1.0000,488,0.057389,-1,,button,1,112,112,0,161,0,1.0000,488,19.445088,-1,-1,112,0,0,0,0.4,risk_path,4,Bot1|Bot2|Bot3|Bot4,,1,0
384,0.25,75,440,144857897,2449621353,3659,0.650489,507,1392,72-6,70-33,45-20,53,29,45,41,44,38,1,0,1,53,0,,165,1,53,112,1,button,1,53,53,0,80,0,1.0000,141,0.001156,-1,-1,button,1,53,53,0,80,0,1.0000,141,0.008694,,-1,button,1,53,53,0,80,0,1.0000,141,0.009659,-1,,button,1,53,53,0,80,0,1.0000,141,4.427186,35,35,53,0,0,0,0.4,risk_path,4,Bot1|Bot2|Bot3|Bot4,,1,0
385,0.25,75,440,341761630,1725134005,3609,0.641600,497,1358,46-27,19-16,34-58,54,38,61,43,73,57,0,0,1,54,1,54,200,1,54,146,1,button,1,54,54,0,140,0,1.0000,240,0.002234,-1,-1,button,1,54,54,0,140,0,1.0000,240,0.014829,,-1,button,1,54,54,0,140,0,1.0000,240,0.017553,-1,,button,1,54,54,0,134,0,1.0000,240,4.566217,5,5,54,0,0,0,0.4,risk_path,4,Bot1|Bot2|Bot3|Bot4,,1,0
386,0.25,75,440,192649057,483095820,3649,0.648711,500,1326,43-10,1-65,10-16,107,97,47,39,70,58,1,0,1,107,0,,239,1,107,132,1,button,1,107,107,0,12,0,1.0000,708,0.008636,-1,-1,button,1,107,107,0,12,0,1.0000,708,0.067909,,-1,button,1,107,107,0,12,0,1.0000,708,0.079433,-1,,button,1,107,107,0,12,0,1.0000,708,17.978947,-1,-1,107,0,0,0,0.4,risk_path,4,Bot1|Bot2|Bot3|Bot4,,1,0
387,0.25,75,440,3803973244,2905068052,3617,0.643022,490,1340,11-68,71-0,70-47,134,128,102,80,66,48,1,0,1,134,0,,250,1,134,116,1,button,1,134,134,0,84,0,1.0000,466,0.008124,-1,-1,button,1,134,134,0,84,0,1.0000,466,0.096402,,-1,button,1,134,134,0,84,0,1.0000,466,0.113781,-1,,button,1,134,134,0,84,0,1.0000,466,29.964236,15,15,134,10,10,0,0.99,risk_path,4,Bot1|Bot2|Bot3|Bot4,,1,0
388,0.25,75,440,1436060441,193209266,3627,0.644800,496,1372,62-48,62-52,65-20,10,4,53,31,57,35,0,0,1,10,1,10,170,1,10,160,1,button,1,10,10,0,135,0,1.0000,8,0.000092,-1,-1,button,1,10,10,0,135,0,1.0000,8,0.000246,,-1,button,1,10,10,0,135,0,1.0000,8,0.000372,-1,,button,1,10,10,0,135,0,1.0000,8,0.248492,-1,-1,10,0,0,0,0.4,risk_path,4,Bot1|Bot2|Bot3|Bot4,,1,0
389,0.25,75,440,3826677250,268213696,3645,0.648000,517,1385,26-31,33-32,8-53,12,8,40,40,48,46,0,0,1,12,1,12,144,1,12,132,1,button,1,12,12,0,124,0,1.0000,6,0.000101,-1,-1,button,1,12,12,0,124,0,1.0000,6,0.000349,,-1,button,1,12,12,0,124,0,1.0000,6,0.000437,-1,,button,1,12,12,0,124,0,1.0000,6,0.320953,7,7,12,0,0,0,0.4,risk_path,4,Bot1|Bot2|Bot3|Bot4,,1,0
390,0.25,75,440,1922677758,3470194275,3657,0.650133,504,1385,3-43,21-19,17-61,44,42,34,32,58,46,0,0,1,44,1,44,222,1,44,178,1,button,1,44,44,0,130,0,1.0000,72,0.000612,-1,-1,button,1,44,44,0,130,0,1.0000,72,0.004241,,-1,button,1,44,44,0,130,0,1.0000,72,0.005692,-1,,button,1,44,44,0,130,0,1.0000,72,3.354299,32,32,44,0,0,0,0.4,risk_path,4,Bot1|Bot2|Bot3|Bot4,,1,0
391,0.25,75,440,220974170,2519797936,3660,0.650667,503,1355,72-66,1-1,16-34,142,136,96,88,52,48,1,0,1,142,0,,179,0,,,0,walked_into_fire,0,77,77,0,-4,65,0.5423,452,0.004384,45,45,fire_reached_bot,0,113,108,5,0,54,0.6197,1060,0.102399,,83,fire_reached_bot,0,118,108,10,0,50,0.6479,1129,0.204679,83,,fire_reached_bot,0,113,108,5,0,54,0.6197,1060,34.373807,-1,83,113,0,108,5,,no_path,0,,Bot1|Bot2|Bot3|Bot4,0,1
392,0.25,75,440,311089741,15779671,3622,0.643911,498,1359,62-59,70-45,20-52,24,22,73,49,71,57,0,0,1,24,1,24,262,1,24,238,1,button,1,24,24,0,210,0,1.0000,56,0.000302,-1,-1,button,1,24,24,0,210,0,1.0000,56,0.001054,,-1,button,1,24,24,0,210,0,1.0000,56,0.001471,-1,,button,1,24,24,0,210,0,1.0000,56,1.018719,9,9,24,0,0,0,0.4,risk_path,4,Bot1|Bot2|Bot3|Bot4,,1,0
393,0.25,75,440,3786552960,3978206707,3625,0.644444,503,1356,59-68,38-39,26-64,58,50,49,37,57,37,1,0,1,58,0,,194,1,58,136,1,button,1,58,58,0,77,0,1.0000,134,0.001303,-1,-1,button,1,58,58,0,77,0,1.0000,134,0.008672,,-1,button,1,58,58,0,77,0,1.0000,134,0.010278,-1,,button,1,58,58,0,77,0,1.0000,134,6.054681,-1,-1,58,0,0,0,0.4,risk_path,4,Bot1|Bot2|Bot3|Bot4,,1,0
394,0.25,75,440,1026823686,935493975,3622,0.643911,526,1408,70-22,67-29,30-64,16,10,88,82,76,72,0,0,1,16,1,16,246,1,16,230,1,button,1,16,16,0,224,0,1.0000,35,0.000244,-1,-1,button,1,16,16,0,224,0,1.0000,35,0.000797,,-1,button,1,16,16,0,224,0,1.0000,35,0.000918,-1,,button,1,16,16,0,224,0,1.0000,35,0.516923,-1,-1,16,0,0,0,0.4,risk_path,4,Bot1|Bot2|Bot3|Bot4,,1,0
395,0.25,75,440,3873671478,4157908143,3653,0.649422,512,1406,63-33,71-71,3-25,56,46,82,68,116,114,0,0,1,56,1,56,364,1,56,308,1,button,1,56,56,0,268,0,1.0000,120,0.001275,-1,-1,button,1,56,56,0,268,0,1.0000,120,0.008354,,-1,button,1,56,56,0,268,0,1.0000,120,0.011703,-1,,button,1,56,56,0,285,0,1.0000,120,5.592570,5,5,56,0,0,0,0.4,risk_path,4,Bot1|Bot2|Bot3|Bot4,,1,0
396,0.25,75,440,1326410439,1678133499,3636,0.646400,501,1367,2-32,60-34,74-56,78,60,104,96,40,36,1,0,1,78,0,,144,1,78,66,1,button,1,78,78,0,64,0,1.0000,90,0.001646,-1,-1,button,1,78,78,0,64,0,1.0000,90,0.024487,,-1,button,1,78,78,0,64,0,1.0000,90,0.028075,-1,,button,1,78,78,0,64,0,1.0000,90,10.379731,21,21,78,0,0,0,0.4,risk_path,4,Bot1|Bot2|Bot3|Bot4,,1,0
397,0.25,75,440,613184341,3716848103,3654,0.649600,506,1368,74-57,2-1,55-66,134,128,32,28,126,118,1,0,1,134,0,,440,1,134,306,1,button,1,134,134,0,28,0,1.0000,844,0.015700,-1,-1,button,1,134,134,0,28,0,1.0000,844,0.117500,,-1,button,1,134,134,0,28,0,1.0000,844,0.144462,-1,,button,1,134,134,0,75,0,1.0000,844,28.005255,1,1,134,0,0,0,0.4,risk_path,4,Bot1|Bot2|Bot3|Bot4,,1,0
398,0.25,75,440,140259070,1404237909,3636,0.646400,513,1339,1-48,63-13,41-37,97,97,53,51,54,46,1,0,1,97,0,,143,1,107,36,0,walked_into_fire,0,66,66,0,-2,31,0.6804,323,0.002525,65,65,button,1,107,107,0,5,0,1.0000,911,0.033952,,-1,button,1,107,107,0,5,0,1.0000,911,0.044849,-1,,button,1,107,107,0,5,0,1.0000,911,17.981055,44,44,107,12,31,0,0.99,risk_path,3,Bot2|Bot3|Bot4,Bot1,0,0
399,0.25,75,440,1706966771,3646661798,3652,0.649244,511,1407,32-34,29-13,48-3,40,24,55,47,35,29,1,0,1,40,0,,99,1,40,59,1,button,1,40,40,0,59,0,1.0000,122,0.000918,-1,-1,button,1,40,40,0,59,0,1.0000,122,0.005196,,-1,button,1,40,40,0,59,0,1.0000,122,0.005805,-1,,button,1,40,40,0,59,0,1.0000,122,2.663093,-1,-1,40,0,0,0,0.4,risk_path,4,Bot1|Bot2|Bot3|Bot4,,1,0
400,0.25,75,440,1557608422,587872040,3654,0.649600,504,1397,49-5,1-60,36-26,109,103,40,34,73,69,1,0,1,109,0,,245,1,121,124,0,walked_into_fire,0,39,39,0,-2,70,0.3578,84,0.001107,36,35,button,1,127,127,0,7,0,1.0000,1294,0.070521,,35,button,1,127,127,0,1,0,1.0000,1294,0.096158,35,,button,1,125,125,0,41,0,1.0000,1252,23.851124,5,5,125,1,0,0,0.6,risk_path,3,Bot2|Bot3|Bot4,Bot1,0,0
401,0.25,75,440,2000075961,2745563048,3647,0.648356,506,1360,53-41,74-15,43-8,51,47,65,43,46,38,1,0,1,51,0,,136,1,51,85,1,button,1,51,51,0,55,0,1.0000,131,0.001094,-1,-1,button,1,51,51,0,55,0,1.0000,131,0.010121,,-1,button,1,51,51,0,55,0,1.0000,131,0.012808,-1,,button,1,51,51,0,55,0,1.0000,131,4.410752,19,19,51,0,0,0,0.4,risk_path,4,Bot1|Bot2|Bot3|Bot4,,1,0
402,0.25,75,440,4291152545,2741335827,3641,0.647289,513,1401,4-47,39-45,36-43,57,37,58,36,5,5,1,0,1,57,0,,14,0,,,0,walked_into_fire,0,47,47,0,-32,10,0.8246,,0.001526,15,15,fire_reached_bot,0,162,14,148,-147,43,0.2456,,0.619929,,-1,fire_reached_bot,0,162,14,148,-147,43,0.2456,,1.357911,-1,,fire_reached_bot,0,162,14,148,-147,43,0.2456,,3.338587,-1,-1,162,0,14,148,,no_path,0,,Bot1|Bot2|Bot3|Bot4,0,1
403,0.25,75,440,2060592027,3688875005,3646,0.648178,499,1396,8-70,21-2,51-54,107,81,71,59,86,82,1,0,1,107,0,,271,1,107,164,1,button,1,107,107,0,120,0,1.0000,686,0.007637,-1,-1,button,1,107,107,0,120,0,1.0000,686,0.057530,,-1,button,1,107,107,0,120,0,1.0000,686,0.081590,-1,,button,1,107,107,0,116,0,1.0000,686,18.401281,2,2,107,0,0,0,0.4,risk_path,4,Bot1|Bot2|Bot3|Bot4,,1,0
404,0.25,75,440,1918492199,551143425,3649,0.648711,506,1398,38-59,6-65,53-74,52,38,30,30,68,56,0,0,1,52,1,52,222,1,52,170,1,button,1,52,52,0,79,0,1.0000,149,0.001376,-1,-1,button,1,52,52,0,79,0,1.0000,149,0.008757,,-1,button,1,52,52,0,79,0,1.0000,149,0.010319,-1,,button,1,52,52,0,79,0,1.0000,149,4.546094,-1,-1,52,0,0,0,0.4,risk_path,4,Bot1|Bot2|Bot3|Bot4,,1,0
405,0.25,75,440,4258988007,102048511,3637,0.646578,505,1392,3-50,24-64,58-47,35,35,74,58,57,51,0,0,1,35,1,35,174,1,35,139,1,button,1,35,35,0,127,0,1.0000,57,0.000478,-1,-1,button,1,35,35,0,127,0,1.0000,57,0.002666,,-1,button,1,35,35,0,127,0,1.0000,57,0.002885,-1,,button,1,35,35,0,127,0,1.0000,57,2.052924,7,7,35,0,0,0,0.4,risk_path,4,Bot1|Bot2|Bot3|Bot4,,1,0
406,0.25,75,440,1836645683,3217807480,3644,0.647822,502,1331,0-46,40-23,63-28,79,63,105,81,32,28,1,0,1,79,0,,130,1,79,51,1,button,1,79,79,0,51,0,1.0000,316,0.004965,-1,-1,button,1,79,79,0,51,0,1.0000,316,0.025499,,-1,button,1,79,79,0,51,0,1.0000,316,0.033189,-1,,button,1,79,79,0,51,0,1.0000,316,11.699083,48,48,79,9,27,0,0.99,risk_path,4,Bot1|Bot2|Bot3|Bot4,,1,0
407,0.25,75,440,348380400,1235727142,3621,0.643733,502,1332,23-11,33-46,23-72,49,45,79,61,46,36,1,0,1,49,0,,160,1,49,111,1,button,1,49,49,0,111,0,1.0000,53,0.001167,-1,-1,button,1,49,49,0,111,0,1.0000,53,0.004825,,-1,button,1,49,49,0,111,0,1.0000,53,0.005669,-1,,button,1,49,49,0,111,0,1.0000,53,3.965470,15,15,49,0,0,0,0.4,risk_path,4,Bot1|Bot2|Bot3|Bot4,,1,0
408,0.25,75,440,649723473,128509568,3652,0.649244,507,1389,26-9,6-2,14-47,31,27,66,50,73,53,0,0,1,31,1,31,253,1,31,222,1,button,1,31,31,0,198,0,1.0000,49,0.000633,-1,-1,button,1,31,31,0,198,0,1.0000,49,0.002421,,-1,button,1,31,31,0,198,0,1.0000,49,0.002659,-1,,button,1,31,31,0,198,0,1.0000,49,2.033802,-1,-1,31,0,0,0,0.4,risk_path,4,Bot1|Bot2|Bot3|Bot4,,1,0
409,0.25,75,440,1213574996,1326260514,3647,0.648356,488,1368,55-57,35-55,55-12,30,22,69,45,67,63,0,0,1,30,1,30,229,1,30,199,1,button,1,30,30,0,199,0,1.0000,60,0.000771,-1,-1,button,1,30,30,0,199,0,1.0000,60,0.002816,,-1,button,1,30,30,0,199,0,1.0000,60,0.003202,-1,,button,1,30,30,0,174,0,1.0000,60,1.511786,6,6,30,0,0,0,0.4,risk_path,4,Bot1|Bot2|Bot3|Bot4,,1,0
410,0.25,75,440,399927594,1172635717,3649,0.648711,503,1395,70-34,60-58,10-58,38,34,88,84,70,50,0,0,1,38,1,38,243,1,38,205,1,button,1,38,38,0,205,0,1.0000,54,0.000838,-1,-1,button,1,38,38,0,205,0,1.0000,54,0.003823,,-1,button,1,38,38,0,205,0,1.0000,54,0.004172,-1,,button,1,38,38,0,205,0,1.0000,54,2.453134,-1,-1,38,0,0,0,0.4,risk_path,4,Bot1|Bot2|Bot3|Bot4,,1,0
411,0.25,75,440,94789281,138735109,3646,0.648178,506,1409,35-29,8-74,34-65,78,72,51,37,39,35,1,0,1,78,0,,122,1,78,44,1,button,1,78,78,0,22,0,1.0000,381,0.006875,-1,-1,button,1,78,78,0,22,0,1.0000,381,0.026469,,-1,button,1,78,78,0,22,0,1.0000,381,0.036403,-1,,button,1,78,78,0,22,0,1.0000,381,10.486596,-1,-1,78,6,12,0,0.99,risk_path,4,Bot1|Bot2|Bot3|Bot4,,1,0
412,0.25,75,440,4204771711,1699448702,3649,0.648711,521,1344,25-68,64-22,8-1,101,85,108,84,83,77,1,0,1,101,0,,261,1,101,160,1,button,1,101,101,0,104,0,1.0000,362,0.006841,-1,-1,button,1,101,101,0,104,0,1.0000,362,0.032427,,-1,button,1,101,101,0,104,0,1.0000,362,0.046594,-1,,button,1,101,101,0,104,0,1.0000,362,16.554066,39,39,101,0,0,0,0.4,risk_path,4,Bot1|Bot2|Bot3|Bot4,,1,0
413,0.25,75,440,823494903,3566751827,3642,0.647467,516,1387,71-17,60-13,29-23,25,15,60,48,45,41,0,0,1,25,1,25,189,1,25,164,1,button,1,25,25,0,155,0,1.0000,54,0.000589,-1,-1,button,1,25,25,0,155,0,1.0000,54,0.001333,,-1,button,1,25,25,0,155,0,1.0000,54,0.002047,-1,,button,1,25,25,0,155,0,1.0000,54,1.074496,-1,-1,25,0,0,0,0.4,risk_path,4,Bot1|Bot2|Bot3|Bot4,,1,0
414,0.25,75,440,277766336,146189312,3644,0.647822,499,1356,58-60,40-20,62-46,72,58,22,18,64,48,1,0,1,72,0,,237,1,72,165,1,button,1,72,72,0,49,0,1.0000,331,0.005998,-1,-1,button,1,72,72,0,49,0,1.0000,331,0.027576,,-1,button,1,72,72,0,49,0,1.0000,331,0.039897,-1,,button,1,72,72,0,49,0,1.0000,331,8.630153,62,62,72,0,0,0,0.4,risk_path,4,Bot1|Bot2|Bot3|Bot4,,1,0
415,0.25,75,440,2294360336,2377130893,3660,0.650667,509,1386,42-45,54-71,24-24,44,38,39,39,83,77,0,0,1,44,1,44,285,1,44,241,1,button,1,44,44,0,142,0,1.0000,20,0.000600,-1,-1,button,1,44,44,0,142,0,1.0000,20,0.004102,,-1,button,1,44,44,0,142,0,1.0000,20,0.005062,-1,,button,1,44,44,0,142,0,1.0000,20,3.169607,11,11,44,0,0,0,0.4,risk_path,4,Bot1|Bot2|Bot3|Bot4,,1,0
416,0.25,75,440,4063297683,2159750137,3631,0.645511,496,1409,73-41,65-67,49-26,38,34,53,39,63,57,0,0,1,38,1,38,228,1,38,190,1,button,1,38,38,0,176,0,1.0000,35,0.000603,-1,-1,button,1,38,38,0,176,0,1.0000,35,0.004134,,-1,button,1,38,38,0,176,0,1.0000,35,0.005691,-1,,button,1,38,38,0,176,0,1.0000,35,2.375596,-1,-1,38,0,0,0,0.4,risk_path,4,Bot1|Bot2|Bot3|Bot4,,1,0
417,0.25,75,440,4136068613,3935871520,3621,0.643733,502,1362,57-26,62-4,25-23,29,27,53,35,62,56,0,0,1,29,1,29,236,1,29,207,1,button,1,29,29,0,158,0,1.0000,70,0.000620,-1,-1,button,1,29,29,0,158,0,1.0000,70,0.001959,,-1,button,1,29,29,0,158,0,1.0000,70,0.003282,-1,,button,1,29,29,0,158,0,1.0000,70,1.502423,23,23,29,0,0,0,0.4,risk_path,4,Bot1|Bot2|Bot3|Bot4,,1,0
418,0.25,75,440,3079297320,2426746488,3636,0.646400,501,1421,50-61,33-15,73-21,71,63,79,63,60,46,1,0,1,71,0,,255,1,71,184,1,button,1,71,71,0,184,0,1.0000,98,0.001743,-1,-1,button,1,71,71,0,184,0,1.0000,98,0.015787,,-1,button,1,71,71,0,184,0,1.0000,98,0.021842,-1,,button,1,71,71,0,184,0,1.0000,98,8.176687,-1,-1,71,0,0,0,0.4,risk_path,4,Bot1|Bot2|Bot3|Bot4,,1,0
419,0.25,75,440,4257723732,3495392713,3654,0.649600,498,1377,48-73,69-49,48-45,53,45,42,28,33,25,1,0,1,53,0,,101,1,53,48,1,button,1,53,53,0,32,0,1.0000,117,0.001293,-1,-1,button,1,53,53,0,32,0,1.0000,117,0.012099,,-1,button,1,53,53,0,32,0,1.0000,117,0.014067,-1,,button,1,53,53,0,43,0,1.0000,117,4.721855,2,2,53,0,0,0,0.4,risk_path,4,Bot1|Bot2|Bot3|Bot4,,1,0
420,0.25,75,440,4078690204,3768167155,3654,0.649600,511,1398,67-28,21-7,28-59,79,67,74,70,75,59,1,0,1,79,0,,246,1,79,167,1,button,1,79,79,0,167,0,1.0000,404,0.004472,-1,-1,button,1,79,79,0,167,0,1.0000,404,0.036013,,-1,button,1,79,79,0,167,0,1.0000,404,0.050438,-1,,button,1,79,79,0,167,0,1.0000,404,10.544361,-1,-1,79,0,0,0,0.4,risk_path,4,Bot1|Bot2|Bot3|Bot4,,1,0
421,0.25,75,440,958537604,1453352966,3651,0.649067,500,1404,28-43,1-30,35-32,50,40,18,18,50,36,0,0,1,50,0,,209,1,50,159,1,button,1,50,50,0,64,0,1.0000,54,0.000720,-1,-1,button,1,50,50,0,64,0,1.0000,54,0.005461,,-1,button,1,50,50,0,64,0,1.0000,54,0.007133,-1,,button,1,50,50,0,64,0,1.0000,54,4.025140,-1,-1,50,0,0,0,0.4,risk_path,4,Bot1|Bot2|Bot3|Bot4,,1,0
422,0.25,75,440,2355762477,2963328483,3669,0.652267,526,1440,54-11,49-40,53-34,40,34,34,24,10,10,1,0,1,40,0,,33,0,,,0,walked_into_fire,0,26,26,0,-2,14,0.6500,29,0.000405,18,12,fire_reached_bot,0,88,24,64,-54,30,0.2500,,0.319329,,12,fire_reached_bot,0,95,24,71,-61,32,0.2000,,0.750270,12,,fire_reached_bot,0,88,24,64,-54,30,0.2500,,4.581953,-1,12,88,0,24,64,,no_path,0,,Bot1|Bot2|Bot3|Bot4,0,1
423,0.25,75,440,3860660340,1064690405,3656,0.649956,501,1379,41-13,19-25,56-67,36,34,91,69,81,79,0,0,1,36,1,36,294,1,36,258,1,button,1,36,36,0,237,0,1.0000,78,0.000523,-1,-1,button,1,36,36,0,237,0,1.0000,78,0.003386,,-1,button,1,36,36,0,237,0,1.0000,78,0.003469,-1,,button,1,36,36,0,237,0,1.0000,78,2.504036,-1,-1,36,0,0,0,0.4,risk_path,4,Bot1|Bot2|Bot3|Bot4,,1,0
424,0.25,75,440,4240931953,1182499683,3665,0.651556,513,1403,19-9,38-33,56-58,51,43,90,86,51,43,0,0,1,51,1,51,197,1,51,146,1,button,1,51,51,0,134,0,1.0000,71,0.001054,-1,-1,button,1,51,51,0,134,0,1.0000,71,0.009558,,-1,button,1,51,51,0,134,0,1.0000,71,0.010540,-1,,button,1,51,51,0,134,0,1.0000,71,4.177924,1,1,51,0,0,0,0.4,risk_path,4,Bot1|Bot2|Bot3|Bot4,,1,0
425,0.25,75,440,2493525027,414517936,3643,0.647644,501,1383,58-63,3-72,18-64,90,64,67,41,25,23,1,0,1,90,0,,83,0,,,0,fire_reached_bot,0,51,51,0,0,39,0.5667,126,0.001948,48,48,fire_reached_bot,0,90,59,31,-6,51,0.4333,,0.195497,,-1,fire_reached_bot,0,90,59,31,-6,51,0.4333,,0.391875,-1,,fire_reached_bot,0,90,59,31,-6,51,0.4333,,17.239911,-1,-1,90,0,59,31,,no_path,0,,Bot1|Bot2|Bot3|Bot4,0,1
426,0.25,75,440,836001522,3918252539,3632,0.645689,504,1368,22-45,44-49,26-42,34,26,7,7,29,25,1,0,1,34,0,,105,1,44,61,0,walked_into_fire,0,5,5,0,-3,29,0.1471,4,0.000205,3,2,button,1,50,50,0,3,0,1.0000,181,0.006072,,2,button,1,46,46,0,16,0,1.0000,165,0.006119,2,,button,1,44,44,0,19,0,1.0000,154,3.481828,1,1,44,0,0,0,0.4,risk_path,3,Bot2|Bot3|Bot4,Bot1,0,0
427,0.25,75,440,435955948,1367064018,3647,0.648356,496,1404,47-12,21-74,60-61,96,88,70,62,82,52,1,0,1,96,0,,295,1,96,199,1,button,1,96,96,0,108,0,1.0000,509,0.007368,-1,-1,button,1,96,96,0,108,0,1.0000,509,0.054477,,-1,button,1,96,96,0,108,0,1.0000,509,0.071299,-1,,button,1,96,96,0,108,0,1.0000,509,14.251649,-1,-1,96,0,0,0,0.4,risk_path,4,Bot1|Bot2|Bot3|Bot4,,1,0
428,0.25,75,440,2279097245,954607641,3621,0.643733,485,1323,11-38,1-39,51-68,11,11,76,70,81,79,0,0,1,11,1,11,278,1,11,267,1,button,1,11,11,0,261,0,1.0000,21,0.000106,-1,-1,button,1,11,11,0,261,0,1.0000,21,0.000298,,-1,button,1,11,11,0,261,0,1.0000,21,0.000393,-1,,button,1,11,11,0,261,0,1.0000,21,0.271523,-1,-1,11,0,0,0,0.4,risk_path,4,Bot1|Bot2|Bot3|Bot4,,1,0
429,0.25,75,440,2932552292,18426317,3674,0.653156,511,1398,22-34,51-14,67-21,59,49,66,58,37,23,1,0,1,59,0,,144,1,59,85,1,button,1,59,59,0,85,0,1.0000,79,0.001556,-1,-1,button,1,59,59,0,85,0,1.0000,79,0.016288,,-1,button,1,59,59,0,85,0,1.0000,79,0.020395,-1,,button,1,59,59,0,85,0,1.0000,79,6.100411,5,5,59,0,0,0,0.4,risk_path,4,Bot1|Bot2|Bot3|Bot4,,1,0
430,0.25,75,440,2526166132,2004277368,3663,0.651200,520,1424,48-54,7-1,3-67,98,94,78,58,90,70,1,0,1,98,0,,317,1,98,219,1,button,1,98,98,0,127,0,1.0000,294,0.004647,-1,-1,button,1,98,98,0,127,0,1.0000,294,0.046906,,-1,button,1,98,98,0,127,0,1.0000,294,0.055325,-1,,button,1,98,98,0,127,0,1.0000,294,15.620654,-1,-1,98,0,0,0,0.4,risk_path,4,Bot1|Bot2|Bot3|Bot4,,1,0
431,0.25,75,440,2360711024,676293112,3646,0.648178,499,1381,49-31,9-40,65-23,57,49,28,24,81,73,0,0,1,57,1,57,271,1,57,214,1,button,1,57,57,0,103,0,1.0000,295,0.002127,-1,-1,button,1,57,57,0,103,0,1.0000,295,0.010729,,-1,button,1,57,57,0,103,0,1.0000,295,0.014542,-1,,button,1,57,57,0,103,0,1.0000,295,5.317101,-1,-1,57,0,0,0,0.4,risk_path,4,Bot1|Bot2|Bot3|Bot4,,1,0
432,0.25,75,440,1910899855,3074822446,3643,0.647644,516,1359,33-54,51-29,56-40,55,43,49,37,16,16,1,0,1,55,0,,30,0,,,0,walked_into_fire,0,36,36,0,-5,19,0.6545,,0.001274,28,28,fire_reached_bot,0,85,30,55,-54,31,0.4364,,0.284723,,-1,fire_reached_bot,0,85,30,55,-54,31,0.4364,,0.618671,-1,,fire_reached_bot,0,85,30,55,-54,31,0.4364,,5.706755,-1,-1,85,0,30,55,,no_path,0,,Bot1|Bot2|Bot3|Bot4,0,1
433,0.25,75,440,2661614459,1963583143,3649,0.648711,498,1378,42-68,17-18,56-34,83,75,52,48,59,55,1,0,1,83,0,,189,1,83,106,1,button,1,83,83,0,48,0,1.0000,445,0.004710,-1,-1,button,1,83,83,0,48,0,1.0000,445,0.027393,,-1,button,1,83,83,0,48,0,1.0000,445,0.035588,-1,,button,1,83,83,0,48,0,1.0000,445,11.302523,-1,-1,83,0,0,0,0.4,risk_path,4,Bot1|Bot2|Bot3|Bot4,,1,0
434,0.25,75,440,3282060075,882283043,3638,0.646756,507,1363,17-63,15-48,25-14,17,17,75,57,60,44,0,0,1,17,1,17,209,1,17,192,1,button,1,17,17,0,185,0,1.0000,16,0.000144,-1,-1,button,1,17,17,0,185,0,1.0000,16,0.000550,,-1,button,1,17,17,0,185,0,1.0000,16,0.000885,-1,,button,1,17,17,0,185,0,1.0000,16,0.554920,-1,-1,17,0,0,0,0.4,risk_path,4,Bot1|Bot2|Bot3|Bot4,,1,0
435,0.25,75,440,3996130700,1346204788,3641,0.647289,510,1369,33-13,9-17,51-33,36,28,48,38,72,58,0,0,1,36,1,36,254,1,36,218,1,button,1,36,36,0,151,0,1.0000,72,0.000586,-1,-1,button,1,36,36,0,151,0,1.0000,72,0.003971,,-1,button,1,36,36,0,151,0,1.0000,72,0.004734,-1,,button,1,36,36,0,151,0,1.0000,72,2.226009,-1,-1,36,0,0,0,0.4,risk_path,4,Bot1|Bot2|Bot3|Bot4,,1,0
436,0.25,75,440,836374606,2519469390,3644,0.647822,514,1410,66-40,20-42,12-26,64,48,78,68,26,24,1,0,1,64,0,,101,1,64,37,1,button,1,64,64,0,33,0,1.0000,363,0.003485,-1,-1,button,1,64,64,0,33,0,1.0000,363,0.015575,,-1,button,1,64,64,0,33,0,1.0000,363,0.021567,-1,,button,1,64,64,0,33,0,1.0000,363,7.658301,44,44,64,14,11,0,0.99,risk_path,4,Bot1|Bot2|Bot3|Bot4,,1,0
437,0.25,75,440,3431814037,2475972391,3665,0.651556,509,1430,18-47,46-36,51-30,43,39,54,50,11,11,1,0,1,43,0,,38,0,,,0,walked_into_fire,0,42,42,0,-3,1,0.9767,,0.000936,39,39,fire_reached_bot,0,53,38,15,-14,5,0.8837,,0.079608,,-1,fire_reached_bot,0,53,38,15,-14,5,0.8837,,0.189143,-1,,fire_reached_bot,0,53,38,15,-14,5,0.8837,,3.584671,29,29,53,12,26,15,0.99,no_path,0,,Bot1|Bot2|Bot3|Bot4,0,1
438,0.25,75,440,1717278258,3909387573,3628,0.644978,489,1365,62-2,11-7,19-66,66,56,109,107,83,67,0,0,1,66,1,66,298,1,66,232,1,button,1,66,66,0,227,0,1.0000,361,0.002959,-1,-1,button,1,66,66,0,227,0,1.0000,361,0.013147,,-1,button,1,66,66,0,227,0,1.0000,361,0.016991,-1,,button,1,66,66,0,227,0,1.0000,361,7.219399,-1,-1,66,0,0,0,0.4,risk_path,4,Bot1|Bot2|Bot3|Bot4,,1,0
439,0.25,75,440,601328095,3338845994,3660,0.650667,513,1409,49-10,22-21,7-64,58,38,102,96,64,58,0,0,1,58,1,58,234,1,58,176,1,button,1,58,58,0,166,0,1.0000,162,0.001924,-1,-1,button,1,58,58,0,166,0,1.0000,162,0.017861,,-1,button,1,58,58,0,166,0,1.0000,162,0.019057,-1,,button,1,58,58,0,166,0,1.0000,162,5.572879,-1,-1,58,0,0,0,0.4,risk_path,4,Bot1|Bot2|Bot3|Bot4,,1,0
440,0.25,75,440,2216123474,76203067,3642,0.647467,521,1396,71-40,18-70,58-46,91,83,25,19,66,64,1,0,1,91,0,,222,1,93,129,0,walked_into_fire,0,23,23,0,-2,68,0.2527,36,0.001149,22,16,button,1,101,101,0,6,0,1.0000,749,0.050081,,16,button,1,99,99,0,9,0,1.0000,719,0.056796,16,,button,1,93,93,0,26,0,1.0000,638,14.096884,1,1,93,0,0,0,0.4,risk_path,3,Bot2|Bot3|Bot4,Bot1,0,0
441,0.25,75,440,2952930947,3442715,3633,0.645867,493,1336,34-33,4-65,13-73,70,62,69,61,21,17,1,0,1,70,0,,112,1,80,32,0,walked_into_fire,0,58,58,0,-5,12,0.8286,133,0.001253,53,52,button,1,82,82,0,9,0,1.0000,239,0.015109,,52,button,1,80,80,0,11,0,1.0000,230,0.019870,52,,button,1,82,82,0,9,0,1.0000,239,10.382959,-1,52,82,24,45,0,0.99,risk_path,3,Bot2|Bot3|Bot4,Bot1,0,0
442,0.25,75,440,954329560,321467233,3659,0.650489,499,1374,67-24,7-24,36-66,86,60,77,73,75,71,1,0,1,86,0,,259,1,86,173,1,button,1,86,86,0,151,0,1.0000,301,0.003155,-1,-1,button,1,86,86,0,151,0,1.0000,301,0.029338,,-1,button,1,86,86,0,151,0,1.0000,301,0.035546,-1,,button,1,86,86,0,151,0,1.0000,301,11.660856,-1,-1,86,0,0,0,0.4,risk_path,4,Bot1|Bot2|Bot3|Bot4,,1,0
443,0.25,75,440,2194090034,1836282544,3620,0.643556,485,1382,59-51,66-29,6-24,39,29,88,80,83,65,0,0,1,39,1,39,283,1,39,244,1,button,1,39,39,0,241,0,1.0000,53,0.000648,-1,-1,button,1,39,39,0,241,0,1.0000,53,0.004554,,-1,button,1,39,39,0,241,0,1.0000,53,0.006243,-1,,button,1,39,39,0,241,0,1.0000,53,2.471822,27,27,39,0,0,0,0.4,risk_path,4,Bot1|Bot2|Bot3|Bot4,,1,0
444,0.25,75,440,99980322,3105913063,3629,0.645156,499,1364,32-3,62-72,50-46,109,99,71,61,52,38,1,0,1,109,0,,165,0,,,0,walked_into_fire,0,52,52,0,-3,57,0.4771,179,0.002479,33,33,fire_reached_bot,0,150,114,36,0,83,0.2385,1493,0.304335,,60,fire_reached_bot,0,153,114,39,0,85,0.2202,1553,0.501800,60,,fire_reached_bot,0,150,114,36,0,83,0.2385,1493,38.376391,-1,60,150,0,114,36,,no_path,0,,Bot1|Bot2|Bot3|Bot4,0,1
445,0.25,75,440,4143197766,1623788008,3645,0.648000,506,1364,60-66,70-44,12-31,34,32,91,83,97,71,0,0,1,34,1,34,347,1,34,313,1,button,1,34,34,0,271,0,1.0000,62,0.000519,-1,-1,button,1,34,34,0,271,0,1.0000,62,0.002124,,-1,button,1,34,34,0,271,0,1.0000,62,0.002725,-1,,button,1,34,34,0,271,0,1.0000,62,1.876996,13,13,34,0,0,0,0.4,risk_path,4,Bot1|Bot2|Bot3|Bot4,,1,0
446,0.25,75,440,846446360,2130916755,3634,0.646044,496,1358,39-19,71-58,53-21,79,71,24,16,73,55,1,0,1,79,0,,283,1,79,204,1,button,1,79,79,0,39,0,1.0000,374,0.004036,-1,-1,button,1,79,79,0,39,0,1.0000,374,0.038470,,-1,button,1,79,79,0,39,0,1.0000,374,0.045206,-1,,button,1,79,79,0,39,0,1.0000,374,9.819620,32,32,79,0,0,0,0.4,risk_path,4,Bot1|Bot2|Bot3|Bot4,,1,0
447,0.25,75,440,779460035,79676451,3647,0.648356,502,1429,35-37,33-67,8-44,46,32,60,34,56,48,0,0,1,46,1,46,203,1,46,157,1,button,1,46,46,0,146,0,1.0000,85,0.000707,-1,-1,button,1,46,46,0,146,0,1.0000,85,0.005234,,-1,button,1,46,46,0,146,0,1.0000,85,0.006507,-1,,button,1,46,46,0,146,0,1.0000,85,3.445212,-1,-1,46,0,0,0,0.4,risk_path,4,Bot1|Bot2|Bot3|Bot4,,1,0
448,0.25,75,440,1123366057,3344577641,3660,0.650667,494,1419,30-32,27-34,73-46,11,5,79,57,84,58,0,0,1,11,1,11,305,1,11,294,1,button,1,11,11,0,264,0,1.0000,12,0.000102,-1,-1,button,1,11,11,0,264,0,1.0000,12,0.000309,,-1,button,1,11,11,0,264,0,1.0000,12,0.000385,-1,,button,1,11,11,0,264,0,1.0000,12,0.302175,-1,-1,11,0,0,0,0.4,risk_path,4,Bot1|Bot2|Bot3|Bot4,,1,0
449,0.25,75,440,2060266283,3682968219,3648,0.648533,502,1416,66-6,7-5,44-56,86,60,86,72,98,88,0,0,1,86,1,86,336,1,86,250,1,button,1,86,86,0,228,0,1.0000,433,0.004227,-1,-1,button,1,86,86,0,228,0,1.0000,433,0.022002,,-1,button,1,86,86,0,228,0,1.0000,433,0.026792,-1,,button,1,86,86,0,228,0,1.0000,433,12.363467,-1,-1,86,0,0,0,0.4,risk_path,4,Bot1|Bot2|Bot3|Bot4,,1,0
450,0.25,75,440,3271714734,783943413,3641,0.647289,494,1354,33-11,36-11,36-6,3,3,8,8,5,5,0,0,1,3,1,3,13,1,3,10,1,button,1,3,3,0,10,0,1.0000,3,0.000044,-1,-1,button,1,3,3,0,10,0,1.0000,3,0.000067,,-1,button,1,3,3,0,10,0,1.0000,3,0.000076,-1,,button,1,3,3,0,10,0,1.0000,3,0.055532,-1,-1,3,0,0,0,0.4,risk_path,4,Bot1|Bot2|Bot3|Bot4,,1,0
451,0.25,75,440,1682450521,2218722123,3650,0.648889,500,1388,63-74,74-28,41-74,67,57,62,22,85,79,0,0,1,67,1,67,299,1,67,232,1,button,1,67,67,0,201,0,1.0000,33,0.000787,-1,-1,button,1,67,67,0,201,0,1.0000,33,0.010706,,-1,button,1,67,67,0,201,0,1.0000,33,0.011326,-1,,button,1,67,67,0,201,0,1.0000,33,7.563042,42,42,67,0,0,0,0.4,risk_path,4,Bot1|Bot2|Bot3|Bot4,,1,0
452,0.25,75,440,4253021220,2834508363,3667,0.651911,506,1400,26-8,16-57,57-74,77,59,103,97,70,58,1,0,1,77,0,,209,1,77,132,1,button,1,77,77,0,132,0,1.0000,200,0.002863,-1,-1,button,1,77,77,0,132,0,1.0000,200,0.026189,,-1,button,1,77,77,0,132,0,1.0000,200,0.030690,-1,,button,1,77,77,0,132,0,1.0000,200,9.882993,1,1,77,0,0,0,0.4,risk_path,4,Bot1|Bot2|Bot3|Bot4,,1,0
453,0.25,75,440,2952658635,970395582,3617,0.643022,500,1329,73-24,20-35,66-32,74,64,55,15,63,49,1,0,1,74,0,,225,1,74,151,1,button,1,74,74,0,65,0,1.0000,173,0.002168,-1,-1,button,1,74,74,0,65,0,1.0000,173,0.017230,,-1,button,1,74,74,0,65,0,1.0000,173,0.021512,-1,,button,1,74,74,0,65,0,1.0000,173,8.584253,-1,-1,74,0,0,0,0.4,risk_path,4,Bot1|Bot2|Bot3|Bot4,,1,0
454,0.25,75,440,473146384,3945293444,3628,0.644978,501,1342,49-65,65-42,31-59,53,39,28,24,65,51,0,0,1,53,1,53,222,1,53,169,1,button,1,53,53,0,79,0,1.0000,130,0.001193,-1,-1,button,1,53,53,0,79,0,1.0000,130,0.009170,,-1,button,1,53,53,0,79,0,1.0000,130,0.009934,-1,,button,1,53,53,0,79,0,1.0000,130,4.462711,24,24,53,0,0,0,0.4,risk_path,4,Bot1|Bot2|Bot3|Bot4,,1,0
455,0.25,75,440,2903495406,1402952168,3639,0.646933,510,1381,26-31,73-0,14-53,80,78,44,34,112,112,0,0,1,80,1,80,356,1,80,276,1,button,1,80,80,0,179,0,1.0000,394,0.003427,-1,-1,button,1,80,80,0,179,0,1.0000,394,0.025922,,-1,button,1,80,80,0,179,0,1.0000,394,0.033091,-1,,button,1,80,80,0,179,0,1.0000,394,10.381734,37,37,80,0,0,0,0.4,risk_path,4,Bot1|Bot2|Bot3|Bot4,,1,0
456,0.25,75,440,1612596313,1606830779,3651,0.649067,494,1390,61-73,9-34,31-53,97,91,56,50,41,41,1,0,1,97,0,,153,1,101,52,0,fire_reached_bot,0,67,67,0,0,30,0.6907,297,0.003210,65,65,button,1,101,101,0,5,0,1.0000,687,0.035361,,-1,button,1,101,101,0,5,0,1.0000,687,0.049747,-1,,button,1,101,101,0,5,0,1.0000,687,16.788424,-1,-1,101,11,58,0,0.99,risk_path,3,Bot2|Bot3|Bot4,Bot1,0,0
457,0.25,75,440,2590130515,196957734,3647,0.648356,507,1384,54-67,36-66,67-8,27,19,114,72,103,89,0,0,1,27,1,27,366,1,27,339,1,button,1,27,27,0,335,0,1.0000,35,0.000335,-1,-1,button,1,27,27,0,335,0,1.0000,35,0.001801,,-1,button,1,27,27,0,335,0,1.0000,35,0.001965,-1,,button,1,27,27,0,335,0,1.0000,35,1.206228,6,6,27,0,0,0,0.4,risk_path,4,Bot1|Bot2|Bot3|Bot4,,1,0
458,0.25,75,440,3410208556,1748041653,3630,0.645333,504,1401,43-42,53-52,35-68,20,20,44,34,38,34,0,0,1,20,1,20,121,1,20,101,1,button,1,20,20,0,96,0,1.0000,31,0.000197,-1,-1,button,1,20,20,0,96,0,1.0000,31,0.000738,,-1,button,1,20,20,0,96,0,1.0000,31,0.000834,-1,,button,1,20,20,0,96,0,1.0000,31,0.710076,1,1,20,0,0,0,0.4,risk_path,4,Bot1|Bot2|Bot3|Bot4,,1,0
459,0.25,75,440,1944609791,705594675,3674,0.653156,521,1406,73-3,42-69,11-71,103,97,132,130,43,33,1,0,1,103,0,,167,1,103,64,1,button,1,103,103,0,64,0,1.0000,331,0.004211,-1,-1,button,1,103,103,0,64,0,1.0000,331,0.056170,,-1,button,1,103,103,0,64,0,1.0000,331,0.062842,-1,,button,1,103,103,0,64,0,1.0000,331,19.389660,-1,-1,103,23,18,0,0.99,risk_path,4,Bot1|Bot2|Bot3|Bot4,,1,0
460,0.25,75,440,3380480183,1588023217,3661,0.650844,511,1422,4-70,35-43,9-64,60,58,11,11,49,47,1,0,1,60,0,,146,1,66,80,0,fire_reached_bot,0,10,10,0,0,50,0.1667,17,0.000472,9,8,button,1,68,68,0,7,0,1.0000,294,0.015670,,8,button,1,66,66,0,10,0,1.0000,287,0.019384,8,,button,1,66,66,0,7,0,1.0000,287,6.917059,8,14,66,0,0,0,0.4,risk_path,3,Bot2|Bot3|Bot4,Bot1,0,0
461,0.25,75,440,545968031,3785375886,3639,0.646933,498,1365,43-6,61-58,1-42,76,70,84,78,86,76,0,0,1,76,1,76,280,1,76,204,1,button,1,76,76,0,180,0,1.0000,133,0.001933,-1,-1,button,1,76,76,0,180,0,1.0000,133,0.022299,,-1,button,1,76,76,0,180,0,1.0000,133,0.030830,-1,,button,1,76,76,0,192,0,1.0000,133,9.818558,43,43,76,0,0,0,0.4,risk_path,4,Bot1|Bot2|Bot3|Bot4,,1,0
462,0.25,75,440,3450460134,238140626,3636,0.646400,504,1363,56-10,14-8,20-65,68,44,93,91,83,63,0,0,1,68,1,68,295,1,68,227,1,button,1,68,68,0,225,0,1.0000,233,0.002080,-1,-1,button,1,68,68,0,225,0,1.0000,233,0.012465,,-1,button,1,68,68,0,225,0,1.0000,233,0.015803,-1,,button,1,68,68,0,225,0,1.0000,233,7.580701,-1,-1,68,0,0,0,0.4,risk_path,4,Bot1|Bot2|Bot3|Bot4,,1,0
463,0.25,75,440,1149964191,3065534945,3643,0.647644,509,1362,40-25,17-31,0-32,35,29,63,47,36,18,0,0,1,35,1,35,110,1,35,75,1,button,1,35,35,0,75,0,1.0000,54,0.000567,-1,-1,button,1,35,35,0,75,0,1.0000,54,0.002913,,-1,button,1,35,35,0,75,0,1.0000,54,0.003221,-1,,button,1,35,35,0,75,0,1.0000,54,2.084043,2,2,35,0,0,0,0.4,risk_path,4,Bot1|Bot2|Bot3|Bot4,,1,0
464,0.25,75,440,2588932194,3317267967,3638,0.646756,502,1370,62-19,40-53,74-66,68,56,83,59,61,47,1,0,1,68,0,,205,1,68,137,1,button,1,68,68,0,129,0,1.0000,88,0.001556,-1,-1,button,1,68,68,0,129,0,1.0000,88,0.017575,,-1,button,1,68,68,0,129,0,1.0000,88,0.018954,-1,,button,1,68,68,0,129,0,1.0000,88,7.719849,-1,-1,68,0,0,0,0.4,risk_path,4,Bot1|Bot2|Bot3|Bot4,,1,0
465,0.25,75,440,283204915,3485829726,3629,0.645156,508,1367,64-59,65-68,21-63,12,10,71,47,71,49,0,0,1,12,1,12,268,1,12,256,1,button,1,12,12,0,249,0,1.0000,10,0.000095,-1,-1,button,1,12,12,0,249,0,1.0000,10,0.000302,,-1,button,1,12,12,0,249,0,1.0000,10,0.000322,-1,,button,1,12,12,0,249,0,1.0000,10,0.327393,-1,-1,12,0,0,0,0.4,risk_path,4,Bot1|Bot2|Bot3|Bot4,,1,0
466,0.25,75,440,519884690,3415390693,3660,0.650667,498,1397,42-44,2-19,17-64,65,65,47,45,82,60,0,0,1,65,1,65,278,1,65,213,1,button,1,65,65,0,124,0,1.0000,196,0.001881,-1,-1,button,1,65,65,0,124,0,1.0000,196,0.013274,,-1,button,1,65,65,0,124,0,1.0000,196,0.014635,-1,,button,1,65,65,0,124,0,1.0000,196,7.124961,-1,-1,65,0,0,0,0.4,risk_path,4,Bot1|Bot2|Bot3|Bot4,,1,0
467,0.25,75,440,3826963234,2865125719,3651,0.649067,514,1442,46-13,18-38,44-2,53,53,13,13,62,62,0,0,1,53,1,53,236,1,53,183,1,button,1,53,53,0,52,0,1.0000,103,0.000943,-1,-1,button,1,53,53,0,52,0,1.0000,103,0.004012,,-1,button,1,53,53,0,52,0,1.0000,103,0.005005,-1,,button,1,53,53,0,52,0,1.0000,103,4.499792,-1,-1,53,0,0,0,0.4,risk_path,4,Bot1|Bot2|Bot3|Bot4,,1,0
468,0.25,75,440,4243052957,3832579543,3655,0.649778,512,1362,20-47,35-34,1-59,40,28,31,31,67,59,0,0,1,40,1,40,226,1,40,186,1,button,1,40,40,0,117,0,1.0000,55,0.000615,-1,-1,button,1,40,40,0,117,0,1.0000,55,0.005412,,-1,button,1,40,40,0,117,0,1.0000,55,0.006939,-1,,button,1,40,40,0,117,0,1.0000,55,2.610406,11,11,40,0,0,0,0.4,risk_path,4,Bot1|Bot2|Bot3|Bot4,,1,0
469,0.25,75,440,2512400746,3515949097,3651,0.649067,508,1372,72-67,69-59,59-74,27,11,22,20,29,25,0,0,1,27,1,27,89,1,27,62,1,button,1,27,27,0,45,0,1.0000,40,0.000426,-1,-1,button,1,27,27,0,45,0,1.0000,40,0.002098,,-1,button,1,27,27,0,45,0,1.0000,40,0.002829,-1,,button,1,27,27,0,45,0,1.0000,40,1.232241,-1,-1,27,0,0,0,0.4,risk_path,4,Bot1|Bot2|Bot3|Bot4,,1,0
470,0.25,75,440,3413718978,1893227172,3673,0.652978,501,1432,59-29,30-55,41-69,67,55,72,58,33,25,1,0,1,67,0,,118,1,67,51,1,button,1,67,67,0,32,0,1.0000,178,0.002801,-1,-1,button,1,67,67,0,32,0,1.0000,178,0.024255,,-1,button,1,67,67,0,32,0,1.0000,178,0.027786,-1,,button,1,67,67,0,32,0,1.0000,178,7.997375,9,9,67,13,5,0,0.99,risk_path,4,Bot1|Bot2|Bot3|Bot4,,1,0
471,0.25,75,440,503817407,3717343413,3672,0.652800,514,1425,13-45,72-30,24-35,84,74,23,21,75,53,1,0,1,84,0,,224,1,84,140,1,button,1,84,84,0,2,0,1.0000,659,0.006096,-1,18,button,1,84,84,0,2,0,1.0000,659,0.036463,,18,button,1,96,96,0,3,0,1.0000,832,0.059538,18,,button,1,90,90,0,9,0,1.0000,742,12.460296,17,17,90,0,0,0,0.4,risk_path,4,Bot1|Bot2|Bot3|Bot4,,1,0
472,0.25,75,440,2819638129,3975689994,3623,0.644089,510,1354,74-33,36-23,31-36,66,48,70,46,34,18,1,0,1,66,0,,137,1,66,71,1,button,1,66,66,0,71,0,1.0000,244,0.002705,-1,-1,button,1,66,66,0,71,0,1.0000,244,0.024703,,-1,button,1,66,66,0,71,0,1.0000,244,0.030735,-1,,button,1,66,66,0,71,0,1.0000,244,7.214577,-1,-1,66,0,0,0,0.4,risk_path,4,Bot1|Bot2|Bot3|Bot4,,1,0
473,0.25,75,440,2272994969,415899555,3671,0.652622,516,1414,5-54,58-0,43-33,113,107,75,59,50,48,1,0,1,113,0,,166,1,113,53,1,button,1,113,113,0,6,0,1.0000,684,0.008224,-1,-1,button,1,113,113,0,6,0,1.0000,684,0.048849,,-1,button,1,113,113,0,6,0,1.0000,684,0.056992,-1,,button,1,113,113,0,6,0,1.0000,684,21.475171,55,55,113,16,51,0,0.99,risk_path,4,Bot1|Bot2|Bot3|Bot4,,1,0
474,0.25,75,440,3800817311,3697787141,3626,0.644622,492,1343,5-7,13-60,73-20,75,61,97,81,102,100,0,0,1,75,1,75,331,1,75,256,1,button,1,75,75,0,216,0,1.0000,161,0.002483,-1,-1,button,1,75,75,0,216,0,1.0000,161,0.021091,,-1,button,1,75,75,0,216,0,1.0000,161,0.028844,-1,,button,1,75,75,0,216,0,1.0000,161,8.810673,12,12,75,0,0,0,0.4,risk_path,4,Bot1|Bot2|Bot3|Bot4,,1,0
475,0.25,75,440,3913921988,874549696,3647,0.648356,511,1362,56-1,38-43,52-0,66,60,15,5,67,57,0,0,1,66,1,66,231,1,66,165,1,button,1,66,66,0,28,0,1.0000,137,0.001445,-1,-1,button,1,66,66,0,28,0,1.0000,137,0.015466,,-1,button,1,66,66,0,28,0,1.0000,137,0.017959,-1,,button,1,66,66,0,28,0,1.0000,137,7.112309,-1,-1,66,0,0,0,0.4,risk_path,4,Bot1|Bot2|Bot3|Bot4,,1,0
476,0.25,75,440,2149910873,4090412208,3621,0.643733,513,1361,26-55,26-4,18-31,83,51,34,32,49,35,1,0,1,83,0,,164,1,85,79,0,walked_into_fire,0,49,49,0,-1,34,0.5904,138,0.002294,49,49,button,1,85,85,0,1,0,1.0000,388,0.041288,,-1,button,1,85,85,0,1,0,1.0000,388,0.050118,-1,,button,1,85,85,0,1,0,1.0000,388,11.681629,17,17,85,5,0,0,0.6,risk_path,3,Bot2|Bot3|Bot4,Bot1,0,0
477,0.25,75,440,2557168548,667988557,3659,0.650489,494,1407,58-32,54-42,13-19,30,14,66,58,80,64,0,0,1,30,1,30,244,1,30,214,1,button,1,30,30,0,196,0,1.0000,51,0.000680,-1,-1,button,1,30,30,0,196,0,1.0000,51,0.002406,,-1,button,1,30,30,0,196,0,1.0000,51,0.002753,-1,,button,1,30,30,0,196,0,1.0000,51,1.483998,27,27,30,0,0,0,0.4,risk_path,4,Bot1|Bot2|Bot3|Bot4,,1,0
478,0.25,75,440,364875584,1296068607,3621,0.643733,496,1338,45-17,14-59,55-11,91,73,20,16,105,89,0,0,1,91,1,91,372,1,91,281,1,button,1,91,91,0,65,0,1.0000,376,0.007860,-1,-1,button,1,91,91,0,65,0,1.0000,376,0.072330,,-1,button,1,91,91,0,65,0,1.0000,376,0.072082,-1,,button,1,91,91,0,65,0,1.0000,376,13.243697,-1,-1,91,0,0,0,0.4,risk_path,4,Bot1|Bot2|Bot3|Bot4,,1,0
479,0.25,75,440,1145681825,3225904011,3615,0.642667,492,1333,39-32,63-60,60-51,54,52,42,40,14,12,1,0,1,54,0,,87,1,54,33,1,button,1,54,54,0,9,0,1.0000,89,0.001229,-1,-1,button,1,54,54,0,9,0,1.0000,89,0.009983,,-1,button,1,54,54,0,9,0,1.0000,89,0.013595,-1,,button,1,54,54,0,7,0,1.0000,89,5.095243,43,43,54,10,24,0,0.99,risk_path,4,Bot1|Bot2|Bot3|Bot4,,1,0
480,0.25,75,440,348230519,1372939948,3638,0.646756,505,1386,59-43,51-1,23-1,54,50,82,78,52,28,1,0,1,54,0,,194,1,54,140,1,button,1,54,54,0,113,0,1.0000,99,0.000969,-1,-1,button,1,54,54,0,113,0,1.0000,99,0.006776,,-1,button,1,54,54,0,113,0,1.0000,99,0.008563,-1,,button,1,54,54,0,113,0,1.0000,99,4.717762,-1,-1,54,0,0,0,0.4,risk_path,4,Bot1|Bot2|Bot3|Bot4,,1,0
481,0.25,75,440,1613761028,1186564994,3628,0.644978,490,1360,42-69,73-38,64-51,70,62,44,40,32,22,1,0,1,70,0,,181,1,70,111,1,button,1,70,70,0,10,0,1.0000,290,0.002954,-1,-1,button,1,70,70,0,10,0,1.0000,290,0.021216,,-1,button,1,70,70,0,10,0,1.0000,290,0.029141,-1,,button,1,72,72,0,13,0,1.0000,295,9.230269,21,21,72,14,11,0,0.99,risk_path,4,Bot1|Bot2|Bot3|Bot4,,1,0
482,0.25,75,440,2244013405,2091786480,3633,0.645867,501,1376,17-42,31-61,59-17,39,33,75,67,92,72,0,0,1,39,1,39,342,1,39,303,1,button,1,39,39,0,291,0,1.0000,91,0.000846,-1,-1,button,1,39,39,0,291,0,1.0000,91,0.005148,,-1,button,1,39,39,0,291,0,1.0000,91,0.006820,-1,,button,1,39,39,0,291,0,1.0000,91,2.531526,10,10,39,0,0,0,0.4,risk_path,4,Bot1|Bot2|Bot3|Bot4,,1,0
483,0.25,75,440,944778932,1478825027,3640,0.647111,504,1358,32-47,39-21,6-61,37,33,54,40,91,73,0,0,1,37,1,37,348,1,37,311,1,button,1,37,37,0,214,0,1.0000,41,0.000327,-1,-1,button,1,37,37,0,214,0,1.0000,41,0.002108,,-1,button,1,37,37,0,214,0,1.0000,41,0.002393,-1,,button,1,37,37,0,214,0,1.0000,41,2.290026,7,7,37,0,0,0,0.4,risk_path,4,Bot1|Bot2|Bot3|Bot4,,1,0
484,0.25,75,440,575576,2379172882,3653,0.649422,507,1391,49-28,31-22,13-1,24,24,65,63,41,39,0,0,1,24,1,24,169,1,24,145,1,button,1,24,24,0,145,0,1.0000,11,0.000232,-1,-1,button,1,24,24,0,145,0,1.0000,11,0.001019,,-1,button,1,24,24,0,145,0,1.0000,11,0.008284,-1,,button,1,24,24,0,145,0,1.0000,11,1.010406,-1,-1,24,0,0,0,0.4,risk_path,4,Bot1|Bot2|Bot3|Bot4,,1,0
485,0.25,75,440,2872471504,826922753,3634,0.646044,499,1374,45-66,31-68,39-51,22,16,25,21,29,25,0,0,1,22,1,22,76,1,22,54,1,button,1,22,22,0,49,0,1.0000,43,0.000407,-1,-1,button,1,22,22,0,49,0,1.0000,43,0.001131,,-1,button,1,22,22,0,49,0,1.0000,43,0.001232,-1,,button,1,22,22,0,51,0,1.0000,43,0.857821,1,1,22,0,0,0,0.4,risk_path,4,Bot1|Bot2|Bot3|Bot4,,1,0
486,0.25,75,440,2028298929,2150041132,3626,0.644622,502,1364,44-42,46-42,65-27,8,2,42,36,36,34,0,0,1,8,1,8,113,1,8,105,1,button,1,8,8,0,102,0,1.0000,10,0.000113,-1,-1,button,1,8,8,0,102,0,1.0000,10,0.000197,,-1,button,1,8,8,0,102,0,1.0000,10,0.000257,-1,,button,1,8,8,0,102,0,1.0000,10,0.175811,-1,-1,8,0,0,0,0.4,risk_path,4,Bot1|Bot2|Bot3|Bot4,,1,0
487,0.25,75,440,2834803892,1468566193,3640,0.647111,512,1367,16-6,32-47,25-59,69,57,88,62,23,19,1,0,1,69,0,,101,1,69,32,1,button,1,69,69,0,21,0,1.0000,71,0.001985,-1,-1,button,1,69,69,0,21,0,1.0000,71,0.019234,,-1,button,1,69,69,0,21,0,1.0000,71,0.018577,-1,,button,1,69,69,0,21,0,1.0000,71,9.095702,24,24,69,15,18,0,0.99,risk_path,4,Bot1|Bot2|Bot3|Bot4,,1,0
488,0.25,75,440,1595770306,3510375444,3647,0.648356,509,1358,34-49,38-18,27-62,53,35,40,20,81,55,0,0,1,53,1,53,284,1,53,231,1,button,1,53,53,0,142,0,1.0000,247,0.003221,-1,-1,button,1,53,53,0,142,0,1.0000,247,0.010223,,-1,button,1,53,53,0,142,0,1.0000,247,0.012004,-1,,button,1,53,53,0,142,0,1.0000,247,4.443672,4,4,53,0,0,0,0.4,risk_path,4,Bot1|Bot2|Bot3|Bot4,,1,0
489,0.25,75,440,4171940784,3372629387,3636,0.646400,499,1366,69-26,7-39,72-72,87,75,81,49,106,98,0,0,1,87,1,87,378,1,87,291,1,button,1,87,87,0,198,0,1.0000,115,0.003461,-1,-1,button,1,87,87,0,198,0,1.0000,115,0.042434,,-1,button,1,87,87,0,198,0,1.0000,115,0.039509,-1,,button,1,87,87,0,208,0,1.0000,115,12.500042,24,24,87,0,0,0,0.4,risk_path,4,Bot1|Bot2|Bot3|Bot4,,1,0
490,0.25,75,440,3646037766,3925754981,3637,0.646578,497,1370,8-53,48-10,13-11,87,83,61,47,62,36,1,0,1,87,0,,217,1,87,130,1,button,1,87,87,0,74,0,1.0000,141,0.003244,-1,-1,button,1,87,87,0,74,0,1.0000,141,0.033644,,-1,button,1,87,87,0,74,0,1.0000,141,0.037063,-1,,button,1,87,87,0,89,0,1.0000,141,11.871380,7,7,87,0,0,0,0.4,risk_path,4,Bot1|Bot2|Bot3|Bot4,,1,0
491,0.25,75,440,1715550879,3700416209,3644,0.647822,514,1416,15-65,62-11,56-66,107,101,64,42,87,61,1,0,1,107,0,,284,1,107,177,1,button,1,107,107,0,104,0,1.0000,479,0.010762,-1,-1,button,1,107,107,0,104,0,1.0000,479,0.070256,,-1,button,1,107,107,0,104,0,1.0000,479,0.084715,-1,,button,1,107,107,0,104,0,1.0000,479,18.281462,14,14,107,0,0,0,0.4,risk_path,4,Bot1|Bot2|Bot3|Bot4,,1,0
492,0.25,75,440,1948605556,4065344269,3640,0.647111,507,1371,51-69,52-25,18-50,63,45,52,52,61,59,1,0,1,63,0,,198,1,63,135,1,button,1,63,63,0,135,0,1.0000,306,0.004263,-1,-1,button,1,63,63,0,135,0,1.0000,306,0.015847,,-1,button,1,63,63,0,135,0,1.0000,306,0.018667,-1,,button,1,63,63,0,135,0,1.0000,306,6.841652,13,13,63,0,0,0,0.4,risk_path,4,Bot1|Bot2|Bot3|Bot4,,1,0
493,0.25,75,440,627320740,1943041704,3628,0.644978,504,1383,15-31,53-41,42-35,54,48,37,31,17,17,1,1,1,58,0,,82,1,60,22,0,walked_into_fire,0,28,28,0,-5,26,0.5185,38,0.001471,25,25,button,1,60,60,0,16,0,1.0000,186,0.018163,,-1,button,1,60,60,0,16,0,1.0000,186,0.014033,-1,,button,1,60,60,0,16,0,1.0000,186,6.392179,-1,-1,60,10,25,0,0.99,risk_path,3,Bot2|Bot3|Bot4,Bot1,0,0
494,0.25,75,440,3909912075,2078630651,3651,0.649067,498,1390,32-62,42-47,11-0,29,25,101,83,82,78,0,0,1,29,1,29,222,1,29,193,1,button,1,29,29,0,193,0,1.0000,40,0.000483,-1,-1,button,1,29,29,0,193,0,1.0000,40,0.002101,,-1,button,1,29,29,0,193,0,1.0000,40,0.001547,-1,,button,1,29,29,0,193,0,1.0000,40,1.389203,-1,-1,29,0,0,0,0.4,risk_path,4,Bot1|Bot2|Bot3|Bot4,,1,0
495,0.25,75,440,1510466362,86062878,3646,0.648178,503,1410,1-6,28-20,9-50,43,41,82,52,65,49,0,0,1,43,1,43,216,1,43,173,1,button,1,43,43,0,173,0,1.0000,79,0.001067,-1,-1,button,1,43,43,0,173,0,1.0000,79,0.004901,,-1,button,1,43,43,0,173,0,1.0000,79,0.004864,-1,,button,1,43,43,0,173,0,1.0000,79,2.942659,24,24,43,0,0,0,0.4,risk_path,4,Bot1|Bot2|Bot3|Bot4,,1,0
496,0.25,75,440,1673293873,26139537,3663,0.651200,514,1389,47-11,12-26,34-36,62,50,44,38,46,32,1,0,1,62,0,,182,1,62,120,1,button,1,62,62,0,51,0,1.0000,221,0.003564,-1,-1,button,1,62,62,0,51,0,1.0000,221,0.019414,,-1,button,1,62,62,0,51,0,1.0000,221,0.022908,-1,,button,1,62,62,0,51,0,1.0000,221,6.154638,-1,-1,62,0,0,0,0.4,risk_path,4,Bot1|Bot2|Bot3|Bot4,,1,0
497,0.25,75,440,475465390,3774680164,3640,0.647111,505,1390,35-60,0-27,45-26,72,68,48,44,60,46,1,0,1,72,0,,202,1,72,130,1,button,1,72,72,0,89,0,1.0000,304,0.003075,-1,-1,button,1,72,72,0,89,0,1.0000,304,0.020938,,-1,button,1,72,72,0,89,0,1.0000,304,0.021803,-1,,button,1,72,72,0,89,0,1.0000,304,8.613742,-1,-1,72,0,0,0,0.4,risk_path,4,Bot1|Bot2|Bot3|Bot4,,1,0
498,0.25,75,440,662792833,1871343044,3645,0.648000,508,1402,32-8,35-37,6-34,48,32,60,52,40,32,1,0,1,48,0,,166,1,48,118,1,button,1,48,48,0,103,0,1.0000,110,0.001280,-1,-1,button,1,48,48,0,103,0,1.0000,110,0.009829,,-1,button,1,48,48,0,103,0,1.0000,110,0.011877,-1,,button,1,48,48,0,104,0,1.0000,110,3.784627,39,39,48,0,0,0,0.4,risk_path,4,Bot1|Bot2|Bot3|Bot4,,1,0
499,0.25,75,440,2014376753,1909772166,3652,0.649244,495,1363,33-38,36-40,60-38,5,5,57,27,54,26,0,0,1,5,1,5,184,1,5,179,1,button,1,5,5,0,179,0,1.0000,1,0.000043,-1,-1,button,1,5,5,0,179,0,1.0000,1,0.000123,,-1,button,1,5,5,0,179,0,1.0000,1,0.000140,-1,,button,1,5,5,0,179,0,1.0000,1,0.100736,-1,-1,5,0,0,0,0.4,risk_path,4,Bot1|Bot2|Bot3|Bot4,,1,0
