scenario_id,q,grid_size,seed,layout_seed,fire_seed,open_cells,open_fraction,dead_ends,junctions,start,button,fire_start,start_button_dist,start_button_manhattan,start_fire_dist,start_fire_manhattan,button_fire_dist,button_fire_manhattan,fire_closer_to_button,fire_start_on_shortest_path,path_exists_avoiding_fire_start,bot1_path_len,guaranteed_win,guaranteed_win_route_len,fire_button_time,oracle_win,oracle_route_len,oracle_margin,bot1_predicted_win,Bot1_result,Bot1_success,Bot1_steps,Bot1_moves,Bot1_waits,Bot1_min_slack,Bot1_final_dist_to_button,Bot1_progress_to_button,Bot1_fire_cells_at_end,Bot1_trial_seconds,Bot1_diverges_from_Bot2,Bot1_diverges_from_Bot3,Bot2_result,Bot2_success,Bot2_steps,Bot2_moves,Bot2_waits,Bot2_min_slack,Bot2_final_dist_to_button,Bot2_progress_to_button,Bot2_fire_cells_at_end,Bot2_trial_seconds,Bot2_diverges_from_Bot2,Bot2_diverges_from_Bot3,Bot3_result,Bot3_success,Bot3_steps,Bot3_moves,Bot3_waits,Bot3_min_slack,Bot3_final_dist_to_button,Bot3_progress_to_button,Bot3_fire_cells_at_end,Bot3_trial_seconds,Bot3_diverges_from_Bot2,Bot3_diverges_from_Bot3,Bot4_result,Bot4_success,Bot4_steps,Bot4_moves,Bot4_waits,Bot4_min_slack,Bot4_final_dist_to_button,Bot4_progress_to_button,Bot4_fire_cells_at_end,Bot4_trial_seconds,Bot4_diverges_from_Bot2,Bot4_diverges_from_Bot3,Bot4_plan_count,Bot4_relaxed_count,Bot4_fallback_count,Bot4_no_path_count,Bot4_max_active_threshold,Bot4_final_strategy,n_bots_succeeded,succeeded_bots,failed_bots,all_bots_succeeded,all_bots_failed
0,0.40,75,440,1268951711,594470288,3627,0.644800,505,1370,17-28,16-61,4-73,52,34,68,58,26,24,1,0,1,52,0,,60,1,52,8,1,button,1,52,52,0,8,0,1.0000,204,0.001772,-1,-1,button,1,52,52,0,8,0,1.0000,204,0.009366,,-1,button,1,52,52,0,8,0,1.0000,204,0.011294,-1,,button,1,52,52,0,8,0,1.0000,204,5.112282,-1,-1,52,24,19,0,0.99,risk_path,4,Bot1|Bot2|Bot3|Bot4,,1,0
1,0.40,75,440,2520073151,427107123,3637,0.646578,501,1318,1-73,6-66,34-48,14,12,72,58,60,46,0,0,1,14,1,14,137,1,14,123,1,button,1,14,14,0,123,0,1.0000,11,0.000194,-1,-1,button,1,14,14,0,123,0,1.0000,11,0.000361,,-1,button,1,14,14,0,123,0,1.0000,11,0.000423,-1,,button,1,14,14,0,123,0,1.0000,11,0.380677,12,12,14,0,0,0,0.4,risk_path,4,Bot1|Bot2|Bot3|Bot4,,1,0
2,0.40,75,440,1257125778,1539091741,3644,0.647822,495,1360,33-34,5-11,72-13,55,51,74,60,93,69,0,0,1,55,1,55,204,1,55,149,1,button,1,55,55,0,126,0,1.0000,277,0.002451,-1,-1,button,1,55,55,0,126,0,1.0000,277,0.009804,,-1,button,1,55,55,0,126,0,1.0000,277,0.013351,-1,,button,1,55,55,0,126,0,1.0000,277,4.510480,-1,-1,55,0,0,0,0.4,risk_path,4,Bot1|Bot2|Bot3|Bot4,,1,0
3,0.40,75,440,3219619760,4192021694,3647,0.648356,513,1356,57-62,26-5,53-47,110,88,43,19,75,69,1,0,1,110,0,,173,1,114,59,0,fire_reached_bot,0,51,51,0,0,59,0.4636,298,0.003505,-1,-1,fire_reached_bot,0,51,51,0,0,59,0.4636,298,0.052431,,-1,fire_reached_bot,0,51,51,0,0,59,0.4636,298,0.057754,-1,,button,1,114,114,0,14,0,1.0000,1765,15.413174,28,28,114,20,14,0,0.99,risk_path,1,Bot4,Bot1|Bot2|Bot3,0,0
4,0.40,75,440,4248281429,536808686,3633,0.645867,506,1351,44-73,59-42,40-8,54,46,87,69,57,53,0,0,1,54,1,54,127,1,54,73,1,button,1,54,54,0,70,0,1.0000,279,0.002498,-1,-1,button,1,54,54,0,70,0,1.0000,279,0.009021,,-1,button,1,54,54,0,70,0,1.0000,279,0.011370,-1,,button,1,54,54,0,70,0,1.0000,279,4.930674,10,10,54,0,0,0,0.4,risk_path,4,Bot1|Bot2|Bot3|Bot4,,1,0
5,0.40,75,440,3037363144,91013559,3636,0.646400,501,1364,0-7,1-17,69-60,65,11,124,122,117,111,0,0,1,65,1,65,242,1,65,177,1,button,1,65,65,0,150,0,1.0000,454,0.004466,-1,-1,button,1,65,65,0,150,0,1.0000,454,0.021184,,-1,button,1,65,65,0,150,0,1.0000,454,0.031739,-1,,button,1,65,65,0,150,0,1.0000,454,6.238622,-1,-1,65,0,0,0,0.4,risk_path,4,Bot1|Bot2|Bot3|Bot4,,1,0
6,0.40,75,440,1074636703,574306319,3647,0.648356,496,1322,54-62,27-69,48-74,44,34,18,18,28,26,1,0,1,44,0,,67,1,58,9,0,fire_reached_bot,0,31,31,0,0,13,0.7045,63,0.000683,-1,30,fire_reached_bot,0,31,31,0,0,13,0.7045,63,0.004501,,30,fire_reached_bot,0,74,66,8,-6,6,0.8636,,0.110120,30,,fire_reached_bot,0,31,31,0,0,13,0.7045,63,2.939366,-1,30,31,20,8,0,0.99,risk_path,0,,Bot1|Bot2|Bot3|Bot4,0,1
7,0.40,75,440,1849467998,3035649632,3658,0.650311,499,1404,22-44,18-46,73-3,6,6,92,92,98,98,0,0,1,6,1,6,178,1,6,172,1,button,1,6,6,0,167,0,1.0000,15,0.000092,-1,-1,button,1,6,6,0,167,0,1.0000,15,0.000091,,-1,button,1,6,6,0,167,0,1.0000,15,0.000157,-1,,button,1,6,6,0,167,0,1.0000,15,0.122442,-1,-1,6,0,0,0,0.4,risk_path,4,Bot1|Bot2|Bot3|Bot4,,1,0
8,0.40,75,440,2909181240,3215246687,3620,0.643556,506,1362,12-1,70-49,6-29,106,106,62,34,92,84,1,0,1,106,0,,233,1,106,127,1,button,1,106,106,0,45,0,1.0000,1017,0.011235,-1,-1,button,1,106,106,0,45,0,1.0000,1017,0.034164,,-1,button,1,106,106,0,45,0,1.0000,1017,0.057004,-1,,button,1,106,106,0,47,0,1.0000,1017,14.108876,8,8,106,0,0,0,0.4,risk_path,4,Bot1|Bot2|Bot3|Bot4,,1,0
9,0.40,75,440,3923003300,2956249458,3664,0.651378,525,1435,41-54,51-65,1-72,21,21,64,58,71,57,0,0,1,21,1,21,153,1,21,132,1,button,1,21,21,0,114,0,1.0000,49,0.000289,-1,-1,button,1,21,21,0,114,0,1.0000,49,0.000842,,-1,button,1,21,21,0,114,0,1.0000,49,0.001081,-1,,button,1,21,21,0,122,0,1.0000,49,0.831281,7,7,21,0,0,0,0.4,risk_path,4,Bot1|Bot2|Bot3|Bot4,,1,0
10,0.40,75,440,4156351459,864755998,3658,0.650311,493,1376,2-7,26-2,45-26,33,29,64,62,47,43,0,0,1,33,1,33,121,1,33,88,1,button,1,33,33,0,87,0,1.0000,124,0.000743,-1,-1,button,1,33,33,0,87,0,1.0000,124,0.002648,,-1,button,1,33,33,0,87,0,1.0000,124,0.003198,-1,,button,1,33,33,0,84,0,1.0000,124,1.797219,28,28,33,0,0,0,0.4,risk_path,4,Bot1|Bot2|Bot3|Bot4,,1,0
11,0.40,75,440,1031185214,4103681230,3664,0.651378,508,1398,69-16,41-61,63-36,77,73,28,26,51,47,1,0,1,77,0,,119,1,81,38,0,fire_reached_bot,0,20,20,0,0,57,0.2597,67,0.001204,12,11,fire_reached_bot,0,31,31,0,0,48,0.3766,163,0.015311,,11,fire_reached_bot,0,31,31,0,0,48,0.3766,163,0.021383,11,,fire_reached_bot,0,31,31,0,0,48,0.3766,163,6.513843,-1,11,31,4,27,0,0.99,risk_path,0,,Bot1|Bot2|Bot3|Bot4,0,1
12,0.40,75,440,2377238433,762642544,3645,0.648000,497,1380,5-25,25-21,70-55,52,24,109,95,85,79,0,0,1,52,1,52,186,1,52,134,1,button,1,52,52,0,124,0,1.0000,214,0.001861,-1,-1,button,1,52,52,0,124,0,1.0000,214,0.010819,,-1,button,1,52,52,0,124,0,1.0000,214,0.016600,-1,,button,1,52,52,0,124,0,1.0000,214,4.531462,-1,-1,52,0,0,0,0.4,risk_path,4,Bot1|Bot2|Bot3|Bot4,,1,0
13,0.40,75,440,942222858,1891687492,3628,0.644978,514,1353,17-65,38-60,0-9,40,26,103,73,93,89,0,0,1,40,1,40,184,1,40,144,1,button,1,40,40,0,144,0,1.0000,155,0.000958,-1,-1,button,1,40,40,0,144,0,1.0000,155,0.004076,,-1,button,1,40,40,0,144,0,1.0000,155,0.005103,-1,,button,1,40,40,0,144,0,1.0000,155,2.662670,25,25,40,0,0,0,0.4,risk_path,4,Bot1|Bot2|Bot3|Bot4,,1,0
14,0.40,75,440,1794572316,2153723049,3632,0.645689,513,1338,29-67,13-50,1-15,37,33,80,80,47,47,0,0,1,37,1,37,124,1,37,87,1,button,1,37,37,0,83,0,1.0000,125,0.000818,-1,-1,button,1,37,37,0,83,0,1.0000,125,0.003782,,-1,button,1,37,37,0,83,0,1.0000,125,0.004514,-1,,button,1,37,37,0,83,0,1.0000,125,2.347489,-1,-1,37,0,0,0,0.4,risk_path,4,Bot1|Bot2|Bot3|Bot4,,1,0
15,0.40,75,440,2441200447,3899617149,3635,0.646222,492,1390,6-57,27-10,39-18,76,68,74,72,22,20,1,0,1,76,0,,50,0,,,0,fire_reached_bot,0,55,55,0,-4,21,0.7237,,0.004868,44,44,fire_reached_bot,0,92,50,42,-41,34,0.5526,,0.177095,,-1,fire_reached_bot,0,92,50,42,-41,34,0.5526,,0.419389,-1,,fire_reached_bot,0,92,50,42,-41,34,0.5526,,8.322218,-1,-1,92,0,50,42,,no_path,0,,Bot1|Bot2|Bot3|Bot4,0,1
16,0.40,75,440,1409741764,2153672354,3659,0.650489,494,1408,10-46,25-53,31-39,26,22,36,28,22,20,1,0,1,26,0,,42,1,26,16,1,button,1,26,26,0,14,0,1.0000,115,0.000612,-1,-1,button,1,26,26,0,14,0,1.0000,115,0.001595,,-1,button,1,26,26,0,14,0,1.0000,115,0.002366,-1,,button,1,26,26,0,16,0,1.0000,115,1.149579,8,8,26,0,0,0,0.4,risk_path,4,Bot1|Bot2|Bot3|Bot4,,1,0
17,0.40,75,440,4196951117,430857384,3656,0.649956,505,1381,14-41,64-28,8-72,71,63,55,37,102,100,0,0,1,71,1,71,232,1,71,161,1,button,1,71,71,0,95,0,1.0000,384,0.003503,-1,-1,button,1,71,71,0,95,0,1.0000,384,0.015352,,-1,button,1,71,71,0,95,0,1.0000,384,0.019253,-1,,button,1,71,71,0,95,0,1.0000,384,7.543733,24,24,71,0,0,0,0.4,risk_path,4,Bot1|Bot2|Bot3|Bot4,,1,0
18,0.40,75,440,4233149764,1616157659,3637,0.646578,497,1393,11-0,16-18,0-66,29,23,99,77,86,64,0,0,1,29,1,29,211,1,29,182,1,button,1,29,29,0,182,0,1.0000,11,0.000327,-1,-1,button,1,29,29,0,182,0,1.0000,11,0.001746,,-1,button,1,29,29,0,182,0,1.0000,11,0.001877,-1,,button,1,29,29,0,182,0,1.0000,11,1.390522,-1,-1,29,0,0,0,0.4,risk_path,4,Bot1|Bot2|Bot3|Bot4,,1,0
19,0.40,75,440,4064511795,2171928469,3659,0.650489,507,1409,57-65,50-20,26-74,72,52,56,40,90,78,0,0,1,72,1,72,186,1,72,114,1,button,1,72,72,0,104,0,1.0000,288,0.003122,-1,-1,button,1,72,72,0,104,0,1.0000,288,0.022134,,-1,button,1,72,72,0,104,0,1.0000,288,0.027516,-1,,button,1,72,72,0,104,0,1.0000,288,8.312875,54,54,72,0,0,0,0.4,risk_path,4,Bot1|Bot2|Bot3|Bot4,,1,0
20,0.40,75,440,1699899743,2977238066,3632,0.645689,499,1358,65-61,56-62,5-33,12,10,94,88,84,80,0,0,1,12,1,12,192,1,12,180,1,button,1,12,12,0,180,0,1.0000,19,0.000130,-1,-1,button,1,12,12,0,180,0,1.0000,19,0.000261,,-1,button,1,12,12,0,180,0,1.0000,19,0.000504,-1,,button,1,12,12,0,180,0,1.0000,19,0.306843,-1,-1,12,0,0,0,0.4,risk_path,4,Bot1|Bot2|Bot3|Bot4,,1,0
21,0.40,75,440,2732194428,1130965774,3628,0.644978,500,1341,59-18,44-33,32-32,42,30,53,41,17,13,1,0,1,42,0,,42,1,42,0,1,button,1,42,42,0,0,0,1.0000,316,0.001806,-1,-1,button,1,42,42,0,0,0,1.0000,316,0.005147,,-1,button,1,42,42,0,0,0,1.0000,316,0.017695,-1,,button,1,42,42,0,0,0,1.0000,316,3.187971,-1,-1,42,14,28,0,0.99,risk_path,4,Bot1|Bot2|Bot3|Bot4,,1,0
22,0.40,75,440,2997683836,1911204995,3630,0.645333,512,1370,1-26,1-47,5-0,43,21,52,30,83,51,0,0,1,43,1,43,187,1,43,144,1,button,1,43,43,0,98,0,1.0000,135,0.001009,-1,-1,button,1,43,43,0,98,0,1.0000,135,0.005076,,-1,button,1,43,43,0,98,0,1.0000,135,0.011676,-1,,button,1,43,43,0,98,0,1.0000,135,3.025727,-1,-1,43,0,0,0,0.4,risk_path,4,Bot1|Bot2|Bot3|Bot4,,1,0
23,0.40,75,440,1097742752,1414824977,3616,0.642844,520,1378,33-68,31-51,41-66,27,19,28,10,31,25,0,0,1,27,1,27,71,1,27,44,1,button,1,27,27,0,35,0,1.0000,95,0.000497,-1,-1,button,1,27,27,0,35,0,1.0000,95,0.001490,,-1,button,1,27,27,0,35,0,1.0000,95,0.001891,-1,,button,1,27,27,0,35,0,1.0000,95,1.316372,15,15,27,0,0,0,0.4,risk_path,4,Bot1|Bot2|Bot3|Bot4,,1,0
24,0.40,75,440,1337507337,2865046632,3623,0.644089,507,1335,32-73,70-9,19-6,112,102,98,80,76,54,1,0,1,112,0,,190,1,112,78,1,button,1,112,112,0,52,0,1.0000,878,0.011745,-1,-1,button,1,112,112,0,52,0,1.0000,878,0.081133,,-1,button,1,112,112,0,52,0,1.0000,878,0.111897,-1,,button,1,112,112,0,52,0,1.0000,878,18.513513,37,37,112,5,6,0,0.99,risk_path,4,Bot1|Bot2|Bot3|Bot4,,1,0
25,0.40,75,440,2498745009,4169581797,3635,0.646222,494,1385,46-65,45-48,5-39,32,18,69,67,59,49,0,0,1,32,1,32,140,1,32,108,1,button,1,32,32,0,105,0,1.0000,165,0.000929,-1,-1,button,1,32,32,0,105,0,1.0000,165,0.003149,,-1,button,1,32,32,0,105,0,1.0000,165,0.005403,-1,,button,1,32,32,0,108,0,1.0000,165,1.906319,27,27,32,0,0,0,0.4,risk_path,4,Bot1|Bot2|Bot3|Bot4,,1,0
26,0.40,75,440,702485085,3014187463,3632,0.645689,514,1384,50-33,57-15,62-49,27,25,30,28,49,39,0,0,1,27,1,27,114,1,27,87,1,button,1,27,27,0,59,0,1.0000,56,0.000469,-1,-1,button,1,27,27,0,59,0,1.0000,56,0.001483,,-1,button,1,27,27,0,59,0,1.0000,56,0.002161,-1,,button,1,27,27,0,58,0,1.0000,56,1.460086,9,9,27,0,0,0,0.4,risk_path,4,Bot1|Bot2|Bot3|Bot4,,1,0
27,0.40,75,440,643282798,4265031986,3649,0.648711,511,1394,1-17,44-11,69-37,79,49,110,88,53,51,1,0,1,79,0,,114,1,79,35,1,button,1,79,79,0,35,0,1.0000,691,0.006975,-1,-1,button,1,79,79,0,35,0,1.0000,691,0.030356,,-1,button,1,79,79,0,35,0,1.0000,691,0.044786,-1,,button,1,79,79,0,35,0,1.0000,691,9.940906,5,5,79,6,0,0,0.8,risk_path,4,Bot1|Bot2|Bot3|Bot4,,1,0
28,0.40,75,440,1804062868,1517241965,3645,0.648000,508,1398,11-0,21-47,20-45,67,57,66,54,3,3,1,0,1,67,0,,11,0,,,0,fire_reached_bot,0,47,47,0,-35,20,0.7015,,0.002241,12,12,fire_reached_bot,0,127,11,116,-115,56,0.1642,,0.440839,,-1,fire_reached_bot,0,127,11,116,-115,56,0.1642,,0.962013,-1,,fire_reached_bot,0,127,11,116,-115,56,0.1642,,2.482984,-1,-1,127,0,11,116,,no_path,0,,Bot1|Bot2|Bot3|Bot4,0,1
29,0.40,75,440,566956298,2924771251,3644,0.647822,501,1370,50-7,18-23,45-30,52,48,40,28,40,34,1,0,1,52,0,,81,1,52,29,1,button,1,52,52,0,21,0,1.0000,421,0.002555,-1,-1,button,1,52,52,0,21,0,1.0000,421,0.008147,,-1,button,1,52,52,0,21,0,1.0000,421,0.010332,-1,,button,1,52,52,0,21,0,1.0000,421,4.484737,-1,-1,52,0,0,0,0.4,risk_path,4,Bot1|Bot2|Bot3|Bot4,,1,0
30,0.40,75,440,2308806563,965244565,3657,0.650133,511,1407,30-30,52-69,10-51,77,61,45,41,68,60,1,0,1,77,0,,176,1,77,99,1,button,1,77,77,0,44,0,1.0000,737,0.007481,-1,-1,button,1,77,77,0,44,0,1.0000,737,0.037192,,-1,button,1,77,77,0,44,0,1.0000,737,0.043624,-1,,button,1,77,77,0,44,0,1.0000,737,9.229195,18,18,77,0,0,0,0.4,risk_path,4,Bot1|Bot2|Bot3|Bot4,,1,0
31,0.40,75,440,462864162,1041021291,3639,0.646933,509,1365,21-23,18-74,12-3,78,54,35,29,107,77,0,0,1,78,1,78,218,1,78,140,1,button,1,78,78,0,66,0,1.0000,559,0.006475,-1,-1,button,1,78,78,0,66,0,1.0000,559,0.026085,,-1,button,1,78,78,0,66,0,1.0000,559,0.031883,-1,,button,1,78,78,0,66,0,1.0000,559,9.374332,-1,-1,78,0,0,0,0.4,risk_path,4,Bot1|Bot2|Bot3|Bot4,,1,0
32,0.40,75,440,1155299482,2171726374,3641,0.647289,493,1387,25-45,7-61,54-71,34,34,61,55,61,57,0,0,1,34,1,34,124,1,34,90,1,button,1,34,34,0,78,0,1.0000,190,0.001063,-1,-1,button,1,34,34,0,78,0,1.0000,190,0.002194,,-1,button,1,34,34,0,78,0,1.0000,190,0.003197,-1,,button,1,34,34,0,78,0,1.0000,190,2.006443,-1,-1,34,0,0,0,0.4,risk_path,4,Bot1|Bot2|Bot3|Bot4,,1,0
33,0.40,75,440,2179890998,1736700740,3656,0.649956,513,1434,34-4,10-2,6-32,38,26,62,56,50,34,0,0,1,38,1,38,103,1,38,65,1,button,1,38,38,0,58,0,1.0000,174,0.000981,-1,-1,button,1,38,38,0,58,0,1.0000,174,0.004306,,-1,button,1,38,38,0,58,0,1.0000,174,0.005055,-1,,button,1,38,38,0,58,0,1.0000,174,2.520758,-1,-1,38,0,0,0,0.4,risk_path,4,Bot1|Bot2|Bot3|Bot4,,1,0
34,0.40,75,440,1845197330,3869115511,3638,0.646756,501,1332,22-74,62-5,5-2,117,109,105,89,100,60,1,0,1,117,0,,213,1,117,96,1,button,1,117,117,0,48,0,1.0000,706,0.011104,-1,-1,button,1,117,117,0,48,0,1.0000,706,0.077445,,-1,button,1,117,117,0,48,0,1.0000,706,0.086123,-1,,button,1,117,117,0,51,0,1.0000,706,20.793228,25,25,117,0,0,0,0.4,risk_path,4,Bot1|Bot2|Bot3|Bot4,,1,0
35,0.40,75,440,2606653398,2211110660,3655,0.649778,520,1407,30-55,10-46,12-4,33,29,77,69,54,44,0,0,1,33,1,33,121,1,33,88,1,button,1,33,33,0,88,0,1.0000,157,0.000940,-1,-1,button,1,33,33,0,88,0,1.0000,157,0.002575,,-1,button,1,33,33,0,88,0,1.0000,157,0.003567,-1,,button,1,33,33,0,88,0,1.0000,157,1.884543,-1,-1,33,0,0,0,0.4,risk_path,4,Bot1|Bot2|Bot3|Bot4,,1,0
36,0.40,75,440,185924975,3982104193,3640,0.647111,501,1382,69-56,63-24,28-5,56,38,104,92,68,54,0,0,1,56,1,56,149,1,56,93,1,button,1,56,56,0,91,0,1.0000,173,0.001900,-1,-1,button,1,56,56,0,91,0,1.0000,173,0.014539,,-1,button,1,56,56,0,91,0,1.0000,173,0.015917,-1,,button,1,56,56,0,91,0,1.0000,173,5.032824,49,49,56,0,0,0,0.4,risk_path,4,Bot1|Bot2|Bot3|Bot4,,1,0
37,0.40,75,440,3568169848,3649924492,3650,0.648889,506,1389,70-37,57-65,26-62,57,41,93,69,66,34,0,0,1,57,1,57,145,1,57,88,1,button,1,57,57,0,87,0,1.0000,120,0.001487,-1,-1,button,1,57,57,0,87,0,1.0000,120,0.012594,,-1,button,1,57,57,0,87,0,1.0000,120,0.013350,-1,,button,1,57,57,0,87,0,1.0000,120,5.206638,-1,-1,57,0,0,0,0.4,risk_path,4,Bot1|Bot2|Bot3|Bot4,,1,0
38,0.40,75,440,3097759363,742922130,3644,0.647822,512,1377,53-33,58-19,16-17,25,19,57,53,64,44,0,0,1,25,1,25,130,1,25,105,1,button,1,25,25,0,103,0,1.0000,141,0.000638,-1,-1,button,1,25,25,0,103,0,1.0000,141,0.001673,,-1,button,1,25,25,0,103,0,1.0000,141,0.002265,-1,,button,1,25,25,0,103,0,1.0000,141,1.118754,11,11,25,0,0,0,0.4,risk_path,4,Bot1|Bot2|Bot3|Bot4,,1,0
39,0.40,75,440,3219368855,3088895621,3631,0.645511,504,1368,38-4,59-25,64-72,50,42,100,94,70,52,0,0,1,50,1,50,160,1,50,110,1,button,1,50,50,0,110,0,1.0000,174,0.001875,-1,-1,button,1,50,50,0,110,0,1.0000,174,0.010910,,-1,button,1,50,50,0,110,0,1.0000,174,0.012387,-1,,button,1,50,50,0,110,0,1.0000,174,3.955732,2,2,50,0,0,0,0.4,risk_path,4,Bot1|Bot2|Bot3|Bot4,,1,0
40,0.40,75,440,3029962385,3015429521,3622,0.643911,504,1322,30-34,46-20,61-2,32,30,67,63,43,33,0,0,1,32,1,32,87,1,32,55,1,button,1,32,32,0,55,0,1.0000,120,0.000742,-1,-1,button,1,32,32,0,55,0,1.0000,120,0.002132,,-1,button,1,32,32,0,55,0,1.0000,120,0.002800,-1,,button,1,32,32,0,55,0,1.0000,120,1.712788,13,13,32,0,0,0,0.4,risk_path,4,Bot1|Bot2|Bot3|Bot4,,1,0
41,0.40,75,440,4017667363,2471176468,3640,0.647111,508,1366,47-32,62-11,3-74,48,36,92,86,138,122,0,0,1,48,1,48,282,1,48,234,1,button,1,48,48,0,175,0,1.0000,61,0.001009,-1,-1,button,1,48,48,0,175,0,1.0000,61,0.008258,,-1,button,1,48,48,0,175,0,1.0000,61,0.008749,-1,,button,1,48,48,0,175,0,1.0000,61,4.300920,-1,-1,48,0,0,0,0.4,risk_path,4,Bot1|Bot2|Bot3|Bot4,,1,0
42,0.40,75,440,287415481,3615322627,3640,0.647111,512,1371,33-53,74-35,48-20,65,59,62,48,45,41,1,0,1,65,0,,96,1,65,31,1,button,1,65,65,0,9,0,1.0000,636,0.004815,-1,-1,button,1,65,65,0,9,0,1.0000,636,0.015713,,-1,button,1,65,65,0,9,0,1.0000,636,0.019790,-1,,button,1,65,65,0,26,0,1.0000,636,6.122388,14,14,65,1,0,0,0.6,risk_path,4,Bot1|Bot2|Bot3|Bot4,,1,0
43,0.40,75,440,3343635005,3613099639,3644,0.647822,513,1424,40-63,49-41,34-34,39,31,43,35,30,22,1,0,1,39,0,,67,1,39,28,1,button,1,39,39,0,18,0,1.0000,162,0.001089,-1,-1,button,1,39,39,0,18,0,1.0000,162,0.004730,,-1,button,1,39,39,0,18,0,1.0000,162,0.005118,-1,,button,1,39,39,0,18,0,1.0000,162,2.427337,1,1,39,0,0,0,0.4,risk_path,4,Bot1|Bot2|Bot3|Bot4,,1,0
44,0.40,75,440,2433726094,1705541714,3627,0.644800,494,1308,60-20,48-7,31-29,35,25,46,38,41,39,0,0,1,35,1,35,75,1,35,40,1,button,1,35,35,0,39,0,1.0000,215,0.001133,-1,-1,button,1,35,35,0,39,0,1.0000,215,0.003411,,-1,button,1,35,35,0,39,0,1.0000,215,0.004055,-1,,button,1,35,35,0,39,0,1.0000,215,1.918276,-1,-1,35,0,0,0,0.4,risk_path,4,Bot1|Bot2|Bot3|Bot4,,1,0
45,0.40,75,440,3245280877,583972034,3621,0.643733,504,1351,40-56,38-63,23-69,15,9,38,30,25,21,0,0,1,15,1,15,58,1,15,43,1,button,1,15,15,0,43,0,1.0000,14,0.000154,-1,-1,button,1,15,15,0,43,0,1.0000,14,0.000519,,-1,button,1,15,15,0,43,0,1.0000,14,0.000538,-1,,button,1,15,15,0,43,0,1.0000,14,0.422619,-1,-1,15,0,0,0,0.4,risk_path,4,Bot1|Bot2|Bot3|Bot4,,1,0
46,0.40,75,440,744039592,481665536,3664,0.651378,517,1383,42-67,5-61,36-15,65,43,76,58,87,77,0,0,1,65,1,65,183,1,65,118,1,button,1,65,65,0,118,0,1.0000,687,0.006097,-1,-1,button,1,65,65,0,118,0,1.0000,687,0.017622,,-1,button,1,65,65,0,118,0,1.0000,687,0.022555,-1,,button,1,65,65,0,118,0,1.0000,687,6.070020,-1,-1,65,0,0,0,0.4,risk_path,4,Bot1|Bot2|Bot3|Bot4,,1,0
47,0.40,75,440,1407365857,2116346229,3670,0.652444,517,1423,35-11,51-53,61-53,72,58,84,68,14,10,1,0,1,72,0,,42,0,,,0,walked_into_fire,0,61,61,0,-18,11,0.8472,,0.003816,41,41,fire_reached_bot,0,104,40,64,-61,32,0.5556,,0.300170,,-1,fire_reached_bot,0,104,40,64,-61,32,0.5556,,0.592563,-1,,fire_reached_bot,0,104,40,64,-61,32,0.5556,,8.150095,-1,-1,104,0,40,64,,no_path,0,,Bot1|Bot2|Bot3|Bot4,0,1
48,0.40,75,440,3906747135,3253557841,3652,0.649244,514,1378,38-31,19-45,43-34,35,33,8,8,37,35,0,0,1,35,1,35,77,1,35,42,1,button,1,35,35,0,15,0,1.0000,169,0.000899,-1,-1,button,1,35,35,0,15,0,1.0000,169,0.004884,,-1,button,1,35,35,0,15,0,1.0000,169,0.004272,-1,,button,1,35,35,0,15,0,1.0000,169,2.002378,-1,-1,35,0,0,0,0.4,risk_path,4,Bot1|Bot2|Bot3|Bot4,,1,0
49,0.40,75,440,568842183,2915534142,3635,0.646222,500,1368,31-65,44-71,44-59,47,19,31,19,16,12,1,1,1,101,0,,39,0,,,0,fire_reached_bot,0,18,18,0,0,29,0.3830,61,0.002786,10,10,fire_reached_bot,0,40,9,31,0,38,0.1915,,0.172355,,-1,fire_reached_bot,0,40,9,31,0,38,0.1915,,0.325481,-1,,fire_reached_bot,0,40,9,31,0,38,0.1915,,2.654217,-1,-1,40,0,9,31,,no_path,0,,Bot1|Bot2|Bot3|Bot4,0,1
50,0.40,75,440,514431646,1809119261,3651,0.649067,517,1393,25-17,63-18,11-57,51,39,58,54,109,91,0,0,1,51,1,51,231,1,51,180,1,button,1,51,51,0,122,0,1.0000,247,0.001509,-1,-1,button,1,51,51,0,122,0,1.0000,247,0.007405,,-1,button,1,51,51,0,122,0,1.0000,247,0.008325,-1,,button,1,51,51,0,122,0,1.0000,247,4.661183,33,33,51,0,0,0,0.4,risk_path,4,Bot1|Bot2|Bot3|Bot4,,1,0
51,0.40,75,440,3235510554,1802600594,3623,0.644089,494,1355,2-10,68-24,9-57,110,80,66,54,94,92,1,0,1,110,0,,199,1,110,89,1,button,1,110,110,0,46,0,1.0000,1157,0.016751,-1,-1,button,1,110,110,0,46,0,1.0000,1157,0.100805,,-1,button,1,110,110,0,46,0,1.0000,1157,0.113868,-1,,button,1,110,110,0,46,0,1.0000,1157,15.495727,4,4,110,0,0,0,0.4,risk_path,4,Bot1|Bot2|Bot3|Bot4,,1,0
52,0.40,75,440,639085731,3543395183,3638,0.646756,515,1390,32-9,6-35,41-25,56,52,25,25,51,45,1,0,1,56,0,,117,1,56,61,1,button,1,56,56,0,29,0,1.0000,540,0.003458,-1,-1,button,1,56,56,0,29,0,1.0000,540,0.009820,,-1,button,1,56,56,0,29,0,1.0000,540,0.013098,-1,,button,1,56,56,0,29,0,1.0000,540,4.905929,-1,-1,56,0,0,0,0.4,risk_path,4,Bot1|Bot2|Bot3|Bot4,,1,0
53,0.40,75,440,4049135280,482899726,3625,0.644444,501,1359,43-44,33-34,49-33,36,20,23,17,25,17,1,0,1,36,0,,56,1,36,20,1,button,1,36,36,0,20,0,1.0000,192,0.001042,-1,-1,button,1,36,36,0,20,0,1.0000,192,0.003231,,-1,button,1,36,36,0,20,0,1.0000,192,0.003896,-1,,button,1,36,36,0,20,0,1.0000,192,2.311155,-1,-1,36,0,0,0,0.4,risk_path,4,Bot1|Bot2|Bot3|Bot4,,1,0
54,0.40,75,440,2561198562,2236996756,3645,0.648000,500,1328,20-62,0-59,47-37,29,23,58,52,79,69,0,0,1,29,1,29,172,1,29,143,1,button,1,29,29,0,121,0,1.0000,95,0.000517,-1,-1,button,1,29,29,0,121,0,1.0000,95,0.001789,,-1,button,1,29,29,0,121,0,1.0000,95,0.002093,-1,,button,1,29,29,0,121,0,1.0000,95,1.561401,-1,-1,29,0,0,0,0.4,risk_path,4,Bot1|Bot2|Bot3|Bot4,,1,0
55,0.40,75,440,2251065692,286865008,3616,0.642844,496,1335,58-63,9-0,53-16,120,112,64,52,62,60,1,0,1,120,0,,144,1,120,24,1,button,1,120,120,0,1,0,1.0000,1772,0.028207,-1,-1,button,1,120,120,0,1,0,1.0000,1772,0.064124,,-1,button,1,120,120,0,1,0,1.0000,1772,0.108032,-1,,button,1,120,120,0,1,0,1.0000,1772,19.676506,-1,-1,120,8,64,0,0.99,risk_path,4,Bot1|Bot2|Bot3|Bot4,,1,0
56,0.40,75,440,489761711,2230263378,3623,0.644089,501,1372,42-25,42-63,50-53,54,38,40,36,24,18,1,0,1,54,0,,55,0,,,0,walked_into_fire,0,30,30,0,-2,24,0.5556,177,0.001295,28,28,fire_reached_bot,0,77,55,22,-21,39,0.2778,,0.111070,,-1,fire_reached_bot,0,77,55,22,-21,39,0.2778,,0.200606,-1,,fire_reached_bot,0,77,55,22,-21,39,0.2778,,9.670320,-1,-1,77,0,55,22,,no_path,0,,Bot1|Bot2|Bot3|Bot4,0,1
57,0.40,75,440,3274284638,313157239,3626,0.644622,513,1371,46-14,73-22,58-60,39,35,62,58,59,53,0,0,1,39,1,39,111,1,39,72,1,button,1,39,39,0,62,0,1.0000,313,0.001807,-1,-1,button,1,39,39,0,62,0,1.0000,313,0.004154,,-1,button,1,39,39,0,62,0,1.0000,313,0.005545,-1,,button,1,39,39,0,62,0,1.0000,313,2.923473,8,8,39,0,0,0,0.4,risk_path,4,Bot1|Bot2|Bot3|Bot4,,1,0
58,0.40,75,440,3129249196,3379267321,3657,0.650133,513,1417,60-25,1-56,25-34,90,90,46,44,46,46,1,0,1,90,0,,111,0,,,0,walked_into_fire,0,42,42,0,-1,48,0.4667,246,0.001754,42,39,fire_reached_bot,0,64,64,0,0,56,0.3778,702,0.035935,,39,fire_reached_bot,0,101,92,9,0,50,0.4444,1778,0.132999,39,,fire_reached_bot,0,64,64,0,0,56,0.3778,702,13.380966,-1,39,64,0,64,0,,shortest_path_fallback,0,,Bot1|Bot2|Bot3|Bot4,0,1
59,0.40,75,440,894121229,1668138513,3639,0.646933,508,1374,35-29,71-66,49-2,75,73,43,41,98,86,0,0,1,75,1,75,217,1,75,142,1,button,1,75,75,0,96,0,1.0000,477,0.004572,-1,-1,button,1,75,75,0,96,0,1.0000,477,0.023246,,-1,button,1,75,75,0,96,0,1.0000,477,0.029046,-1,,button,1,75,75,0,94,0,1.0000,477,9.076299,11,11,75,0,0,0,0.4,risk_path,4,Bot1|Bot2|Bot3|Bot4,,1,0
60,0.40,75,440,2937611675,2098551990,3661,0.650844,517,1463,74-51,28-50,7-34,75,47,98,84,43,37,1,0,1,75,0,,101,1,75,26,1,button,1,75,75,0,17,0,1.0000,869,0.008244,-1,-1,button,1,75,75,0,17,0,1.0000,869,0.040450,,-1,button,1,75,75,0,17,0,1.0000,869,0.068785,-1,,button,1,75,75,0,17,0,1.0000,869,10.004305,-1,-1,75,16,20,0,0.99,risk_path,4,Bot1|Bot2|Bot3|Bot4,,1,0
61,0.40,75,440,2158948882,4161325205,3649,0.648711,504,1375,55-43,55-56,72-7,43,13,55,53,98,66,0,0,1,43,1,43,216,1,43,173,1,button,1,43,43,0,118,0,1.0000,107,0.001477,-1,-1,button,1,43,43,0,118,0,1.0000,107,0.009267,,-1,button,1,43,43,0,118,0,1.0000,107,0.009533,-1,,button,1,43,43,0,118,0,1.0000,107,3.192697,-1,-1,43,0,0,0,0.4,risk_path,4,Bot1|Bot2|Bot3|Bot4,,1,0
62,0.40,75,440,3393563913,2253549308,3667,0.651911,508,1380,24-27,32-68,1-59,71,49,57,55,46,40,1,0,1,71,0,,128,1,71,57,1,button,1,71,71,0,15,0,1.0000,391,0.003930,-1,-1,button,1,71,71,0,15,0,1.0000,391,0.020636,,-1,button,1,71,71,0,15,0,1.0000,391,0.024038,-1,,button,1,71,71,0,15,0,1.0000,391,9.427368,41,41,71,15,7,0,0.99,risk_path,4,Bot1|Bot2|Bot3|Bot4,,1,0
63,0.40,75,440,3798218772,3326087650,3629,0.645156,502,1335,46-27,21-72,19-59,74,70,59,59,17,15,1,0,1,74,0,,38,0,,,0,walked_into_fire,0,40,40,0,-1,34,0.5405,,0.001969,21,19,fire_reached_bot,0,95,33,62,-56,61,0.1757,,0.275779,,19,fire_reached_bot,0,89,33,56,-50,57,0.2297,,0.555152,19,,fire_reached_bot,0,95,33,62,-56,61,0.1757,,8.584098,-1,19,95,0,33,62,,no_path,0,,Bot1|Bot2|Bot3|Bot4,0,1
64,0.40,75,440,2494522029,654045650,3638,0.646756,507,1370,7-38,4-33,70-44,8,8,99,69,103,77,0,0,1,8,1,8,245,1,8,237,1,button,1,8,8,0,237,0,1.0000,11,0.000082,-1,-1,button,1,8,8,0,237,0,1.0000,11,0.000175,,-1,button,1,8,8,0,237,0,1.0000,11,0.000209,-1,,button,1,8,8,0,237,0,1.0000,11,0.189984,-1,-1,8,0,0,0,0.4,risk_path,4,Bot1|Bot2|Bot3|Bot4,,1,0
65,0.40,75,440,282407045,3208019061,3667,0.651911,507,1402,71-60,44-21,48-55,68,66,40,28,64,38,1,0,1,68,0,,131,1,68,63,1,button,1,68,68,0,26,0,1.0000,904,0.007258,-1,-1,button,1,68,68,0,26,0,1.0000,904,0.018780,,-1,button,1,68,68,0,26,0,1.0000,904,0.028382,-1,,button,1,68,68,0,26,0,1.0000,904,7.308445,-1,-1,68,0,0,0,0.4,risk_path,4,Bot1|Bot2|Bot3|Bot4,,1,0
66,0.40,75,440,2624712765,892082244,3630,0.645333,514,1350,67-68,51-49,10-44,39,35,91,81,62,46,0,0,1,39,1,39,120,1,39,81,1,button,1,39,39,0,81,0,1.0000,226,0.001226,-1,-1,button,1,39,39,0,81,0,1.0000,226,0.003289,,-1,button,1,39,39,0,81,0,1.0000,226,0.004326,-1,,button,1,39,39,0,81,0,1.0000,226,2.723660,-1,-1,39,0,0,0,0.4,risk_path,4,Bot1|Bot2|Bot3|Bot4,,1,0
67,0.40,75,440,1729019775,856386472,3624,0.644267,517,1409,60-53,29-59,62-26,39,37,43,29,68,66,0,0,1,39,1,39,149,1,39,110,1,button,1,39,39,0,59,0,1.0000,283,0.001569,-1,-1,button,1,39,39,0,59,0,1.0000,283,0.004380,,-1,button,1,39,39,0,59,0,1.0000,283,0.005688,-1,,button,1,39,39,0,59,0,1.0000,283,2.705346,-1,-1,39,0,0,0,0.4,risk_path,4,Bot1|Bot2|Bot3|Bot4,,1,0
68,0.40,75,440,4025098533,459075162,3613,0.642311,482,1310,53-46,53-73,41-17,43,27,43,41,86,68,0,0,1,43,1,43,186,1,43,143,1,button,1,43,43,0,86,0,1.0000,270,0.001541,-1,-1,button,1,43,43,0,86,0,1.0000,270,0.006505,,-1,button,1,43,43,0,86,0,1.0000,270,0.010560,-1,,button,1,43,43,0,86,0,1.0000,270,3.054093,-1,-1,43,0,0,0,0.4,risk_path,4,Bot1|Bot2|Bot3|Bot4,,1,0
69,0.40,75,440,266228852,4289431394,3621,0.643733,500,1398,43-3,26-13,19-65,43,27,102,86,79,59,0,0,1,43,1,43,181,1,43,138,1,button,1,43,43,0,134,0,1.0000,274,0.001881,-1,-1,button,1,43,43,0,134,0,1.0000,274,0.006048,,-1,button,1,43,43,0,134,0,1.0000,274,0.010945,-1,,button,1,43,43,0,134,0,1.0000,274,2.938593,-1,-1,43,0,0,0,0.4,risk_path,4,Bot1|Bot2|Bot3|Bot4,,1,0
70,0.40,75,440,3288517247,2662616909,3639,0.646933,504,1347,14-60,54-8,52-56,96,92,58,42,64,50,1,0,1,96,0,,153,1,96,57,1,button,1,96,96,0,12,0,1.0000,1376,0.016048,-1,-1,button,1,96,96,0,12,0,1.0000,1376,0.046263,,-1,button,1,96,96,0,12,0,1.0000,1376,0.075397,-1,,button,1,98,98,0,51,0,1.0000,1421,13.386975,18,18,98,20,3,0,0.99,risk_path,4,Bot1|Bot2|Bot3|Bot4,,1,0
71,0.40,75,440,3168276635,2131575540,3624,0.644267,484,1358,74-4,42-32,8-21,64,60,93,83,49,45,1,0,1,64,0,,115,1,64,51,1,button,1,64,64,0,51,0,1.0000,482,0.003208,-1,-1,button,1,64,64,0,51,0,1.0000,482,0.014730,,-1,button,1,64,64,0,51,0,1.0000,482,0.018129,-1,,button,1,64,64,0,51,0,1.0000,482,6.278775,-1,-1,64,0,0,0,0.4,risk_path,4,Bot1|Bot2|Bot3|Bot4,,1,0
72,0.40,75,440,3264989703,3396489466,3645,0.648000,501,1378,40-20,63-53,65-66,60,56,81,71,27,15,1,0,1,60,0,,58,0,,,0,walked_into_fire,0,55,55,0,-1,5,0.9167,337,0.003074,50,48,fire_reached_bot,0,69,52,17,-10,14,0.7667,,0.088302,,48,fire_reached_bot,0,74,52,22,-15,14,0.7667,,0.267085,48,,fire_reached_bot,0,69,52,17,-10,14,0.7667,,6.349742,-1,48,69,0,52,17,,no_path,0,,Bot1|Bot2|Bot3|Bot4,0,1
73,0.40,75,440,3661586234,851551463,3654,0.649600,496,1346,19-42,55-11,6-19,77,67,48,36,73,57,1,0,1,77,0,,164,1,77,87,1,button,1,77,77,0,47,0,1.0000,494,0.005254,-1,-1,button,1,77,77,0,47,0,1.0000,494,0.034561,,-1,button,1,77,77,0,47,0,1.0000,494,0.038722,-1,,button,1,77,77,0,47,0,1.0000,494,9.600223,30,30,77,0,0,0,0.4,risk_path,4,Bot1|Bot2|Bot3|Bot4,,1,0
74,0.40,75,440,1507352610,3438827500,3616,0.642844,480,1296,44-65,19-74,3-51,36,34,71,55,43,39,0,0,1,36,1,36,100,1,36,64,1,button,1,36,36,0,64,0,1.0000,95,0.000677,-1,-1,button,1,36,36,0,64,0,1.0000,95,0.002483,,-1,button,1,36,36,0,64,0,1.0000,95,0.003563,-1,,button,1,36,36,0,64,0,1.0000,95,2.122284,-1,-1,36,0,0,0,0.4,risk_path,4,Bot1|Bot2|Bot3|Bot4,,1,0
75,0.40,75,440,2046749167,4286327507,3627,0.644800,499,1365,2-9,37-12,35-29,62,38,61,53,25,19,1,0,1,62,0,,73,0,,,0,walked_into_fire,0,54,54,0,-1,8,0.8710,406,0.003051,54,50,fire_reached_bot,0,70,60,10,0,16,0.7419,773,0.061532,,50,fire_reached_bot,0,83,60,23,-9,18,0.7097,,0.197458,50,,fire_reached_bot,0,70,60,10,0,16,0.7419,773,6.618585,-1,50,70,9,50,10,0.99,no_path,0,,Bot1|Bot2|Bot3|Bot4,0,1
76,0.40,75,440,3008379624,3615876865,3655,0.649778,515,1384,43-36,1-62,52-64,72,68,49,37,85,53,0,0,1,72,1,72,183,1,72,111,1,button,1,72,72,0,80,0,1.0000,335,0.002884,-1,-1,button,1,72,72,0,80,0,1.0000,335,0.021019,,-1,button,1,72,72,0,80,0,1.0000,335,0.022740,-1,,button,1,72,72,0,80,0,1.0000,335,9.150992,54,54,72,0,0,0,0.4,risk_path,4,Bot1|Bot2|Bot3|Bot4,,1,0
77,0.40,75,440,168951023,2051054311,3646,0.648178,498,1387,63-46,7-52,36-46,78,62,39,27,41,35,1,0,1,78,0,,70,0,,,0,walked_into_fire,0,27,27,0,-1,51,0.3462,58,0.001039,12,12,fire_reached_bot,0,134,70,64,-63,42,0.4615,,0.191256,,39,fire_reached_bot,0,134,70,64,-63,40,0.4872,,0.401051,39,,fire_reached_bot,0,134,70,64,-63,42,0.4615,,13.154536,-1,39,134,0,70,64,,no_path,0,,Bot1|Bot2|Bot3|Bot4,0,1
78,0.40,75,440,2349810379,2265303479,3641,0.647289,501,1376,71-31,32-73,47-46,91,81,51,39,46,42,1,0,1,91,0,,101,0,,,0,fire_reached_bot,0,37,37,0,0,54,0.4066,92,0.001544,19,17,fire_reached_bot,0,120,101,19,-18,56,0.3846,,0.133336,,17,fire_reached_bot,0,103,74,29,-1,41,0.5495,,0.092219,17,,fire_reached_bot,0,120,101,19,-18,56,0.3846,,19.910021,-1,17,120,0,101,19,,no_path,0,,Bot1|Bot2|Bot3|Bot4,0,1
79,0.40,75,440,2763321522,3868111401,3664,0.651378,494,1408,50-59,10-66,49-54,63,47,6,6,63,51,0,0,1,63,0,,139,1,63,76,1,button,1,63,63,0,5,0,1.0000,551,0.004317,-1,-1,button,1,63,63,0,5,0,1.0000,551,0.017179,,-1,button,1,63,63,0,5,0,1.0000,551,0.025856,-1,,button,1,63,63,0,5,0,1.0000,551,6.314623,34,34,63,0,0,0,0.4,risk_path,4,Bot1|Bot2|Bot3|Bot4,,1,0
80,0.40,75,440,3716998955,3442828106,3643,0.647644,507,1384,32-60,45-60,19-26,29,13,51,47,72,60,0,0,1,29,1,29,147,1,29,118,1,button,1,29,29,0,90,0,1.0000,146,0.000813,-1,-1,button,1,29,29,0,90,0,1.0000,146,0.002826,,-1,button,1,29,29,0,90,0,1.0000,146,0.003332,-1,,button,1,29,29,0,90,0,1.0000,146,1.518844,15,15,29,0,0,0,0.4,risk_path,4,Bot1|Bot2|Bot3|Bot4,,1,0
81,0.40,75,440,2802822109,1173380791,3659,0.650489,505,1348,72-70,46-13,62-73,91,83,29,13,92,76,0,0,1,91,1,91,190,1,91,99,1,button,1,91,91,0,26,0,1.0000,519,0.005601,-1,-1,button,1,91,91,0,26,0,1.0000,519,0.033270,,-1,button,1,91,91,0,26,0,1.0000,519,0.038180,-1,,button,1,91,91,0,26,0,1.0000,519,13.548790,-1,-1,91,0,0,0,0.4,risk_path,4,Bot1|Bot2|Bot3|Bot4,,1,0
82,0.40,75,440,1458696374,4138283831,3640,0.647111,513,1373,14-4,25-57,6-47,78,64,63,51,31,29,1,0,1,78,0,,67,0,,,0,walked_into_fire,0,63,63,0,-2,15,0.8077,403,0.003873,55,55,fire_reached_bot,0,82,67,15,-14,25,0.6795,,0.103167,,-1,fire_reached_bot,0,82,67,15,-14,25,0.6795,,0.175634,-1,,fire_reached_bot,0,82,67,15,-14,25,0.6795,,11.978678,-1,-1,82,0,67,15,,no_path,0,,Bot1|Bot2|Bot3|Bot4,0,1
83,0.40,75,440,2432187744,4169280272,3642,0.647467,503,1356,40-58,45-19,12-50,66,44,46,36,86,64,0,0,1,66,1,66,209,1,66,143,1,button,1,66,66,0,71,0,1.0000,304,0.003118,-1,-1,button,1,66,66,0,71,0,1.0000,304,0.017824,,-1,button,1,66,66,0,71,0,1.0000,304,0.020009,-1,,button,1,66,66,0,73,0,1.0000,304,6.720587,14,14,66,0,0,0,0.4,risk_path,4,Bot1|Bot2|Bot3|Bot4,,1,0
84,0.40,75,440,117610117,309971403,3649,0.648711,513,1375,38-60,71-19,27-60,80,74,29,11,91,85,0,0,1,80,1,80,192,1,80,112,1,button,1,80,80,0,59,0,1.0000,797,0.007380,-1,-1,button,1,80,80,0,59,0,1.0000,797,0.036225,,-1,button,1,80,80,0,59,0,1.0000,797,0.041544,-1,,button,1,80,80,0,61,0,1.0000,797,9.782789,1,1,80,0,0,0,0.4,risk_path,4,Bot1|Bot2|Bot3|Bot4,,1,0
85,0.40,75,440,2351945767,3852249623,3652,0.649244,513,1378,46-2,42-17,48-41,27,19,63,41,48,30,0,0,1,27,1,27,88,1,27,61,1,button,1,27,27,0,55,0,1.0000,136,0.000723,-1,-1,button,1,27,27,0,55,0,1.0000,136,0.002500,,-1,button,1,27,27,0,55,0,1.0000,136,0.003040,-1,,button,1,27,27,0,55,0,1.0000,136,1.363281,-1,-1,27,0,0,0,0.4,risk_path,4,Bot1|Bot2|Bot3|Bot4,,1,0
86,0.40,75,440,2895808900,3809999560,3632,0.645689,498,1315,29-67,1-17,74-52,80,78,78,60,124,108,0,0,1,80,1,80,291,1,80,211,1,button,1,80,80,0,159,0,1.0000,228,0.002864,-1,-1,button,1,80,80,0,159,0,1.0000,228,0.025679,,-1,button,1,80,80,0,159,0,1.0000,228,0.027064,-1,,button,1,80,80,0,159,0,1.0000,228,10.520221,-1,-1,80,0,0,0,0.4,risk_path,4,Bot1|Bot2|Bot3|Bot4,,1,0
87,0.40,75,440,2723283324,3272133986,3648,0.648533,511,1411,47-73,31-5,7-43,104,84,90,70,88,62,1,0,1,104,0,,196,1,104,92,1,button,1,104,104,0,62,0,1.0000,959,0.011422,-1,-1,button,1,104,104,0,62,0,1.0000,959,0.064492,,-1,button,1,104,104,0,62,0,1.0000,959,0.077887,-1,,button,1,104,104,0,62,0,1.0000,959,16.403987,-1,-1,104,0,0,0,0.4,risk_path,4,Bot1|Bot2|Bot3|Bot4,,1,0
88,0.40,75,440,442504758,736042750,3679,0.654044,508,1420,16-28,1-29,31-35,26,16,30,22,46,36,0,0,1,26,1,26,117,1,26,91,1,button,1,26,26,0,64,0,1.0000,110,0.000675,-1,-1,button,1,26,26,0,64,0,1.0000,110,0.001791,,-1,button,1,26,26,0,64,0,1.0000,110,0.003096,-1,,button,1,26,26,0,64,0,1.0000,110,1.187010,-1,-1,26,0,0,0,0.4,risk_path,4,Bot1|Bot2|Bot3|Bot4,,1,0
89,0.40,75,440,2689907484,1240102764,3643,0.647644,497,1379,16-33,54-64,7-11,73,69,33,31,104,100,0,0,1,73,1,73,230,1,73,157,1,button,1,73,73,0,82,0,1.0000,387,0.003501,-1,-1,button,1,73,73,0,82,0,1.0000,387,0.012363,,-1,button,1,73,73,0,82,0,1.0000,387,0.016807,-1,,button,1,73,73,0,82,0,1.0000,387,8.999964,15,15,73,0,0,0,0.4,risk_path,4,Bot1|Bot2|Bot3|Bot4,,1,0
90,0.40,75,440,1410515791,2649707326,3622,0.643911,490,1314,8-14,42-56,9-9,84,76,8,6,88,80,0,0,1,84,1,84,206,1,84,122,1,button,1,84,84,0,16,0,1.0000,541,0.005811,-1,-1,button,1,84,84,0,16,0,1.0000,541,0.035179,,-1,button,1,84,84,0,16,0,1.0000,541,0.049810,-1,,button,1,84,84,0,16,0,1.0000,541,10.576373,15,15,84,0,0,0,0.4,risk_path,4,Bot1|Bot2|Bot3|Bot4,,1,0
91,0.40,75,440,1198831680,429899597,3632,0.645689,491,1347,53-16,73-34,18-42,46,38,65,61,73,63,0,0,1,46,1,46,171,1,46,125,1,button,1,46,46,0,121,0,1.0000,266,0.001678,-1,-1,button,1,46,46,0,121,0,1.0000,266,0.006322,,-1,button,1,46,46,0,121,0,1.0000,266,0.009366,-1,,button,1,46,46,0,121,0,1.0000,266,4.035800,1,1,46,0,0,0,0.4,risk_path,4,Bot1|Bot2|Bot3|Bot4,,1,0
92,0.40,75,440,2479440059,167758409,3623,0.644089,483,1277,70-63,69-1,24-59,93,63,66,50,109,103,0,0,1,93,1,93,243,1,93,150,1,button,1,93,93,0,123,0,1.0000,1116,0.011983,-1,-1,button,1,93,93,0,123,0,1.0000,1116,0.047863,,-1,button,1,93,93,0,123,0,1.0000,1116,0.068549,-1,,button,1,93,93,0,123,0,1.0000,1116,12.375510,10,10,93,0,0,0,0.4,risk_path,4,Bot1|Bot2|Bot3|Bot4,,1,0
93,0.40,75,440,2629098381,3995597651,3617,0.643022,492,1335,43-38,0-52,68-32,73,57,45,31,106,88,0,0,1,73,1,73,234,1,73,161,1,button,1,73,73,0,99,0,1.0000,501,0.005088,-1,-1,button,1,73,73,0,99,0,1.0000,501,0.029603,,-1,button,1,73,73,0,99,0,1.0000,501,0.038784,-1,,button,1,73,73,0,99,0,1.0000,501,8.534225,-1,-1,73,0,0,0,0.4,risk_path,4,Bot1|Bot2|Bot3|Bot4,,1,0
94,0.40,75,440,4034527632,2373009210,3618,0.643200,497,1351,2-63,74-14,29-36,133,121,56,54,79,67,1,0,1,133,0,,180,0,,,0,walked_into_fire,0,36,36,0,-1,97,0.2707,272,0.005278,36,34,fire_reached_bot,0,78,71,7,0,122,0.0827,1203,0.239540,,34,fire_reached_bot,0,78,71,7,0,126,0.0526,1203,0.287950,34,,fire_reached_bot,0,78,71,7,0,122,0.0827,1203,17.849580,-1,34,78,0,71,7,,no_path,0,,Bot1|Bot2|Bot3|Bot4,0,1
95,0.40,75,440,83074924,374331740,3621,0.643733,498,1346,0-52,43-16,43-65,89,79,64,56,81,49,1,0,1,89,0,,174,1,89,85,1,button,1,89,89,0,83,0,1.0000,818,0.009258,-1,-1,button,1,89,89,0,83,0,1.0000,818,0.045999,,-1,button,1,89,89,0,83,0,1.0000,818,0.067109,-1,,button,1,89,89,0,69,0,1.0000,818,11.279344,9,9,89,0,0,0,0.4,risk_path,4,Bot1|Bot2|Bot3|Bot4,,1,0
96,0.40,75,440,902943538,3127573542,3621,0.643733,508,1388,18-50,22-44,54-28,10,10,60,58,50,48,0,0,1,10,1,10,110,1,10,100,1,button,1,10,10,0,100,0,1.0000,9,0.000103,-1,-1,button,1,10,10,0,100,0,1.0000,9,0.000261,,-1,button,1,10,10,0,100,0,1.0000,9,0.000293,-1,,button,1,10,10,0,100,0,1.0000,9,0.235163,3,3,10,0,0,0,0.4,risk_path,4,Bot1|Bot2|Bot3|Bot4,,1,0
97,0.40,75,440,1323143353,2588849054,3631,0.645511,502,1329,18-54,46-56,54-72,50,30,56,54,26,24,1,0,1,50,0,,58,1,50,8,1,button,1,50,50,0,8,0,1.0000,315,0.002742,-1,-1,button,1,50,50,0,8,0,1.0000,315,0.009580,,-1,button,1,50,50,0,8,0,1.0000,315,0.011428,-1,,button,1,50,50,0,8,0,1.0000,315,4.394674,-1,-1,50,12,28,0,0.99,risk_path,4,Bot1|Bot2|Bot3|Bot4,,1,0
98,0.40,75,440,172568286,2343787580,3644,0.647822,511,1392,60-60,70-36,25-9,36,34,88,86,90,72,0,0,1,36,1,36,191,1,36,155,1,button,1,36,36,0,140,0,1.0000,192,0.001080,-1,-1,button,1,36,36,0,140,0,1.0000,192,0.003295,,-1,button,1,36,36,0,140,0,1.0000,192,0.004193,-1,,button,1,36,36,0,146,0,1.0000,192,2.272660,7,7,36,0,0,0,0.4,risk_path,4,Bot1|Bot2|Bot3|Bot4,,1,0
99,0.40,75,440,398009931,2986606611,3623,0.644089,501,1378,64-44,52-32,42-2,24,24,70,64,48,40,0,0,1,24,1,24,108,1,24,84,1,button,1,24,24,0,84,0,1.0000,44,0.000317,-1,-1,button,1,24,24,0,84,0,1.0000,44,0.001162,,-1,button,1,24,24,0,84,0,1.0000,44,0.001352,-1,,button,1,24,24,0,84,0,1.0000,44,1.021759,-1,-1,24,0,0,0,0.4,risk_path,4,Bot1|Bot2|Bot3|Bot4,,1,0
100,0.40,75,440,2731167691,650338235,3631,0.645511,511,1398,15-65,12-41,22-36,51,27,44,36,15,15,1,0,1,51,0,,26,0,,,0,walked_into_fire,0,43,43,0,-16,8,0.8431,,0.002682,27,27,fire_reached_bot,0,72,26,46,-45,25,0.5098,,0.204651,,-1,fire_reached_bot,0,72,26,46,-45,25,0.5098,,0.463038,-1,,fire_reached_bot,0,72,26,46,-45,25,0.5098,,4.145619,-1,-1,72,0,26,46,,no_path,0,,Bot1|Bot2|Bot3|Bot4,0,1
101,0.40,75,440,3976025462,1984228406,3637,0.646578,518,1371,60-37,47-47,45-51,35,23,37,29,8,6,1,0,1,35,0,,18,0,,,0,walked_into_fire,0,24,24,0,-5,11,0.6857,,0.000573,13,13,fire_reached_bot,0,51,12,39,-32,23,0.3429,,0.199693,,-1,fire_reached_bot,0,51,12,39,-32,23,0.3429,,0.440248,-1,,fire_reached_bot,0,51,12,39,-32,23,0.3429,,1.857960,-1,-1,51,0,12,39,,no_path,0,,Bot1|Bot2|Bot3|Bot4,0,1
102,0.40,75,440,3469237606,1649159914,3647,0.648356,506,1395,16-63,59-25,55-5,89,81,101,97,32,24,1,0,1,89,0,,71,0,,,0,fire_reached_bot,0,84,84,0,-12,5,0.9438,,0.006663,72,72,fire_reached_bot,0,111,71,40,-39,18,0.7978,,0.201801,,-1,fire_reached_bot,0,111,71,40,-39,18,0.7978,,0.390106,-1,,fire_reached_bot,0,111,71,40,-39,18,0.7978,,14.217015,-1,-1,111,0,71,40,,no_path,0,,Bot1|Bot2|Bot3|Bot4,0,1
103,0.40,75,440,1354804743,391426036,3643,0.647644,507,1361,49-52,55-52,69-35,8,6,39,37,35,31,0,0,1,8,1,8,79,1,8,71,1,button,1,8,8,0,71,0,1.0000,10,0.000104,-1,-1,button,1,8,8,0,71,0,1.0000,10,0.000204,,-1,button,1,8,8,0,71,0,1.0000,10,0.000269,-1,,button,1,8,8,0,71,0,1.0000,10,0.198463,6,6,8,0,0,0,0.4,risk_path,4,Bot1|Bot2|Bot3|Bot4,,1,0
104,0.40,75,440,4136514547,4012823104,3668,0.652089,517,1436,46-54,39-69,8-3,24,22,95,89,115,97,0,0,1,24,1,24,251,1,24,227,1,button,1,24,24,0,221,0,1.0000,41,0.000542,-1,-1,button,1,24,24,0,221,0,1.0000,41,0.001423,,-1,button,1,24,24,0,221,0,1.0000,41,0.001629,-1,,button,1,24,24,0,221,0,1.0000,41,1.027701,-1,-1,24,0,0,0,0.4,risk_path,4,Bot1|Bot2|Bot3|Bot4,,1,0
105,0.40,75,440,1802906948,4050598220,3643,0.647644,499,1382,33-16,18-43,1-63,58,42,83,79,39,37,1,0,1,58,0,,80,1,58,22,1,button,1,58,58,0,18,0,1.0000,348,0.002785,-1,-1,button,1,58,58,0,18,0,1.0000,348,0.013505,,-1,button,1,58,58,0,18,0,1.0000,348,0.016357,-1,,button,1,58,58,0,22,0,1.0000,348,6.312397,24,24,58,6,0,0,0.99,risk_path,4,Bot1|Bot2|Bot3|Bot4,,1,0
106,0.40,75,440,4274087871,3596512109,3639,0.646933,511,1331,55-51,1-14,4-69,91,91,81,69,78,58,1,0,1,91,0,,173,1,91,82,1,button,1,91,91,0,56,0,1.0000,444,0.005144,-1,-1,button,1,91,91,0,56,0,1.0000,444,0.018767,,-1,button,1,91,91,0,56,0,1.0000,444,0.025572,-1,,button,1,91,91,0,56,0,1.0000,444,12.959007,-1,-1,91,0,0,0,0.4,risk_path,4,Bot1|Bot2|Bot3|Bot4,,1,0
107,0.40,75,440,3806192457,1257605443,3641,0.647289,497,1368,71-43,46-0,13-11,72,68,100,90,64,44,1,0,1,72,0,,146,1,72,74,1,button,1,72,72,0,74,0,1.0000,575,0.005479,-1,-1,button,1,72,72,0,74,0,1.0000,575,0.020470,,-1,button,1,72,72,0,74,0,1.0000,575,0.026293,-1,,button,1,72,72,0,74,0,1.0000,575,8.666131,-1,-1,72,0,0,0,0.4,risk_path,4,Bot1|Bot2|Bot3|Bot4,,1,0
108,0.40,75,440,3395390498,1222503905,3664,0.651378,520,1390,12-36,29-30,4-71,31,23,53,43,68,66,0,0,1,31,1,31,124,1,31,93,1,button,1,31,31,0,81,0,1.0000,67,0.000535,-1,-1,button,1,31,31,0,81,0,1.0000,67,0.002513,,-1,button,1,31,31,0,81,0,1.0000,67,0.002730,-1,,button,1,31,31,0,81,0,1.0000,67,1.815795,14,14,31,0,0,0,0.4,risk_path,4,Bot1|Bot2|Bot3|Bot4,,1,0
109,0.40,75,440,3653473380,1973034153,3655,0.649778,504,1448,65-67,22-22,34-51,96,88,61,47,51,41,1,0,1,96,0,,119,1,108,11,0,walked_into_fire,0,44,44,0,-1,52,0.4583,169,0.002041,43,43,fire_reached_bot,0,140,119,21,-20,17,0.8229,,0.118799,,76,fire_reached_bot,0,140,119,21,-20,17,0.8229,,0.196200,76,,fire_reached_bot,0,126,119,7,-6,5,0.9479,,17.980318,98,76,126,27,92,7,0.99,no_path,0,,Bot1|Bot2|Bot3|Bot4,0,1
110,0.40,75,440,4082012561,1074635792,3655,0.649778,497,1382,49-25,32-5,37-65,37,37,64,52,87,65,0,0,1,37,1,37,213,1,37,176,1,button,1,37,37,0,131,0,1.0000,73,0.000615,-1,-1,button,1,37,37,0,131,0,1.0000,73,0.002526,,-1,button,1,37,37,0,131,0,1.0000,73,0.002987,-1,,button,1,37,37,0,131,0,1.0000,73,2.730529,-1,-1,37,0,0,0,0.4,risk_path,4,Bot1|Bot2|Bot3|Bot4,,1,0
111,0.40,75,440,416203697,1615190462,3657,0.650133,504,1392,10-8,49-62,1-12,95,93,25,13,100,98,0,0,1,95,1,95,224,1,95,129,1,button,1,95,95,0,35,0,1.0000,455,0.004685,-1,-1,button,1,95,95,0,35,0,1.0000,455,0.028139,,-1,button,1,95,95,0,35,0,1.0000,455,0.033934,-1,,button,1,95,95,0,46,0,1.0000,455,14.013611,4,4,95,0,0,0,0.4,risk_path,4,Bot1|Bot2|Bot3|Bot4,,1,0
112,0.40,75,440,2193764734,2138228930,3634,0.646044,495,1355,5-53,26-8,50-73,84,66,77,65,95,89,0,0,1,84,1,84,209,1,84,125,1,button,1,84,84,0,113,0,1.0000,729,0.008167,-1,-1,button,1,84,84,0,113,0,1.0000,729,0.044286,,-1,button,1,84,84,0,113,0,1.0000,729,0.054202,-1,,button,1,84,84,0,113,0,1.0000,729,11.534913,17,17,84,0,0,0,0.4,risk_path,4,Bot1|Bot2|Bot3|Bot4,,1,0
113,0.40,75,440,901889356,3820153862,3646,0.648178,513,1391,62-42,17-55,3-0,66,58,105,101,77,69,0,0,1,66,1,66,150,1,66,84,1,button,1,66,66,0,71,0,1.0000,285,0.002627,-1,-1,button,1,66,66,0,71,0,1.0000,285,0.010843,,-1,button,1,66,66,0,71,0,1.0000,285,0.013410,-1,,button,1,66,66,0,71,0,1.0000,285,7.236431,-1,-1,66,0,0,0,0.4,risk_path,4,Bot1|Bot2|Bot3|Bot4,,1,0
114,0.40,75,440,1911151784,3134867747,3627,0.644800,498,1377,36-73,65-72,37-32,52,30,56,42,72,68,0,0,1,52,1,52,145,1,52,93,1,button,1,52,52,0,77,0,1.0000,388,0.002654,-1,-1,button,1,52,52,0,77,0,1.0000,388,0.008806,,-1,button,1,52,52,0,77,0,1.0000,388,0.011487,-1,,button,1,52,52,0,77,0,1.0000,388,4.579305,35,35,52,0,0,0,0.4,risk_path,4,Bot1|Bot2|Bot3|Bot4,,1,0
115,0.40,75,440,1828045502,3560377918,3637,0.646578,489,1362,63-14,43-70,18-23,94,76,60,54,80,72,1,0,1,94,0,,175,1,94,81,1,button,1,94,94,0,63,0,1.0000,1442,0.016413,-1,-1,button,1,94,94,0,63,0,1.0000,1442,0.069596,,-1,button,1,94,94,0,63,0,1.0000,1442,0.091666,-1,,button,1,94,94,0,63,0,1.0000,1442,12.190446,-1,-1,94,0,0,0,0.4,risk_path,4,Bot1|Bot2|Bot3|Bot4,,1,0
116,0.40,75,440,794248593,1319229455,3632,0.645689,513,1408,15-60,69-51,1-71,83,63,27,25,92,88,0,0,1,83,1,83,213,1,83,130,1,button,1,83,83,0,30,0,1.0000,405,0.004328,-1,-1,button,1,83,83,0,30,0,1.0000,405,0.022719,,-1,button,1,83,83,0,30,0,1.0000,405,0.027616,-1,,button,1,83,83,0,30,0,1.0000,405,11.607150,22,22,83,0,0,0,0.4,risk_path,4,Bot1|Bot2|Bot3|Bot4,,1,0
117,0.40,75,440,247906182,231731730,3642,0.647467,494,1409,20-61,54-52,41-36,51,43,52,46,37,29,1,0,1,51,0,,65,1,51,14,1,button,1,51,51,0,12,0,1.0000,432,0.003094,-1,-1,button,1,51,51,0,12,0,1.0000,432,0.007778,,-1,button,1,51,51,0,12,0,1.0000,432,0.010850,-1,,button,1,51,51,0,12,0,1.0000,432,4.363060,4,4,51,0,0,0,0.4,risk_path,4,Bot1|Bot2|Bot3|Bot4,,1,0
118,0.40,75,440,2338859109,2503174722,3651,0.649067,498,1365,60-47,39-67,22-52,49,41,55,43,40,32,1,0,1,49,0,,93,1,49,44,1,button,1,49,49,0,19,0,1.0000,295,0.002105,-1,-1,button,1,49,49,0,19,0,1.0000,295,0.006919,,-1,button,1,49,49,0,19,0,1.0000,295,0.009194,-1,,button,1,49,49,0,19,0,1.0000,295,4.055224,-1,-1,49,0,0,0,0.4,risk_path,4,Bot1|Bot2|Bot3|Bot4,,1,0
119,0.40,75,440,2795650116,841446020,3644,0.647822,511,1355,59-73,29-38,14-26,65,65,92,92,27,27,1,0,1,65,0,,66,1,65,1,1,button,1,65,65,0,1,0,1.0000,680,0.005414,-1,-1,button,1,65,65,0,1,0,1.0000,680,0.014974,,-1,button,1,65,65,0,1,0,1.0000,680,0.029057,-1,,button,1,65,65,0,1,0,1.0000,680,7.856684,-1,-1,65,19,39,0,0.99,risk_path,4,Bot1|Bot2|Bot3|Bot4,,1,0
120,0.40,75,440,2363225837,4020754255,3642,0.647467,496,1398,9-74,30-27,35-63,78,68,53,37,53,41,1,0,1,78,0,,114,1,78,36,1,button,1,78,78,0,22,0,1.0000,882,0.018867,-1,-1,button,1,78,78,0,22,0,1.0000,882,0.028289,,-1,button,1,78,78,0,22,0,1.0000,882,0.037041,-1,,button,1,78,78,0,18,0,1.0000,882,9.250302,6,6,78,15,1,0,0.99,risk_path,4,Bot1|Bot2|Bot3|Bot4,,1,0
121,0.40,75,440,272157506,212865656,3665,0.651556,503,1381,45-19,17-12,29-12,43,35,25,23,24,12,1,0,1,43,0,,62,1,43,19,1,button,1,43,43,0,1,0,1.0000,226,0.001540,-1,31,button,1,43,43,0,1,0,1.0000,226,0.005453,,31,fire_reached_bot,0,81,61,20,-18,8,0.8140,,0.134324,31,,button,1,43,43,0,1,0,1.0000,226,3.405005,-1,31,43,10,18,0,0.99,risk_path,3,Bot1|Bot2|Bot4,Bot3,0,0
122,0.40,75,440,377564765,534516638,3632,0.645689,502,1362,27-3,24-11,67-44,15,11,83,81,82,76,0,0,1,15,1,15,176,1,15,161,1,button,1,15,15,0,161,0,1.0000,28,0.000280,-1,-1,button,1,15,15,0,161,0,1.0000,28,0.000461,,-1,button,1,15,15,0,161,0,1.0000,28,0.000878,-1,,button,1,15,15,0,161,0,1.0000,28,0.461900,-1,-1,15,0,0,0,0.4,risk_path,4,Bot1|Bot2|Bot3|Bot4,,1,0
123,0.40,75,440,1595995648,4164420774,3638,0.646756,514,1373,61-17,41-64,33-69,75,67,88,80,21,13,1,0,1,75,0,,42,0,,,0,walked_into_fire,0,61,61,0,-18,14,0.8133,,0.002848,41,41,fire_reached_bot,0,115,40,75,-72,35,0.5333,,0.334110,,-1,fire_reached_bot,0,115,40,75,-72,35,0.5333,,0.686768,-1,,fire_reached_bot,0,115,40,75,-72,35,0.5333,,8.905628,-1,-1,115,0,40,75,,no_path,0,,Bot1|Bot2|Bot3|Bot4,0,1
124,0.40,75,440,2851316964,3849568425,3612,0.642133,497,1349,30-47,1-14,18-2,64,62,73,57,31,29,1,0,1,64,0,,73,1,64,9,1,button,1,64,64,0,2,0,1.0000,357,0.002924,-1,-1,button,1,64,64,0,2,0,1.0000,357,0.012523,,-1,button,1,64,64,0,2,0,1.0000,357,0.016516,-1,,button,1,64,64,0,2,0,1.0000,357,7.997995,-1,-1,64,15,36,0,0.99,risk_path,4,Bot1|Bot2|Bot3|Bot4,,1,0
125,0.40,75,440,75640016,983425269,3623,0.644089,509,1341,47-43,18-9,40-9,73,63,43,41,34,22,1,0,1,73,0,,83,0,,,0,fire_reached_bot,0,69,69,0,0,4,0.9452,558,0.005072,-1,63,fire_reached_bot,0,69,69,0,0,4,0.9452,558,0.018508,,63,fire_reached_bot,0,89,83,6,-5,6,0.9178,,0.083430,63,,fire_reached_bot,0,69,69,0,0,4,0.9452,558,9.337025,-1,63,69,4,64,0,0.99,risk_path,0,,Bot1|Bot2|Bot3|Bot4,0,1
126,0.40,75,440,2257855052,553856936,3648,0.648533,488,1395,40-62,42-9,71-44,85,55,51,49,70,64,1,0,1,85,0,,156,1,85,71,1,button,1,85,85,0,34,0,1.0000,798,0.009536,-1,-1,button,1,85,85,0,34,0,1.0000,798,0.039627,,-1,button,1,85,85,0,34,0,1.0000,798,0.051104,-1,,button,1,85,85,0,34,0,1.0000,798,10.723172,-1,-1,85,0,0,0,0.4,risk_path,4,Bot1|Bot2|Bot3|Bot4,,1,0
127,0.40,75,440,2387835660,4210166861,3638,0.646756,493,1389,16-46,13-0,26-22,61,49,38,34,35,35,1,0,1,61,0,,68,0,,,0,walked_into_fire,0,37,37,0,-1,24,0.6066,274,0.001721,35,34,fire_reached_bot,0,80,57,23,-11,34,0.4426,,0.022261,,34,fire_reached_bot,0,78,57,21,-9,32,0.4754,,0.036205,34,,fire_reached_bot,0,80,57,23,-11,34,0.4426,,7.890102,-1,34,80,2,55,23,0.99,no_path,0,,Bot1|Bot2|Bot3|Bot4,0,1
128,0.40,75,440,880119995,1942672215,3641,0.647289,524,1390,39-49,62-0,18-73,82,72,45,45,127,117,0,0,1,82,1,82,278,1,82,196,1,button,1,82,82,0,112,0,1.0000,597,0.007155,-1,-1,button,1,82,82,0,112,0,1.0000,597,0.034199,,-1,button,1,82,82,0,112,0,1.0000,597,0.042177,-1,,button,1,82,82,0,112,0,1.0000,597,9.848938,4,4,82,0,0,0,0.4,risk_path,4,Bot1|Bot2|Bot3|Bot4,,1,0
129,0.40,75,440,2335898079,2211249253,3628,0.644978,514,1381,37-2,64-0,45-5,67,29,11,11,58,24,1,0,1,67,0,,135,1,119,16,0,fire_reached_bot,0,8,8,0,0,59,0.1194,7,0.000693,3,1,fire_reached_bot,0,59,55,4,0,50,0.2537,204,0.029584,,1,fire_reached_bot,0,154,126,28,-18,29,0.5672,,0.192173,1,,fire_reached_bot,0,59,55,4,0,50,0.2537,204,12.911878,-1,1,59,0,55,4,,no_path,0,,Bot1|Bot2|Bot3|Bot4,0,1
130,0.40,75,440,1465691200,1383389641,3648,0.648533,504,1394,67-45,2-1,32-38,111,109,54,42,67,67,1,0,1,111,0,,150,1,127,23,0,walked_into_fire,0,51,51,0,-2,60,0.4595,378,0.002591,49,39,fire_reached_bot,0,56,51,5,0,62,0.4414,513,0.021066,,39,fire_reached_bot,0,56,51,5,0,62,0.4414,513,0.023710,39,,fire_reached_bot,0,56,51,5,0,62,0.4414,513,10.861893,-1,39,56,0,51,5,,no_path,0,,Bot1|Bot2|Bot3|Bot4,0,1
131,0.40,75,440,440757090,857276793,3614,0.642489,500,1344,44-57,14-72,67-57,47,45,29,23,76,68,0,0,1,47,1,47,155,1,47,108,1,button,1,47,47,0,76,0,1.0000,278,0.002277,-1,-1,button,1,47,47,0,76,0,1.0000,278,0.006996,,-1,button,1,47,47,0,76,0,1.0000,278,0.009054,-1,,button,1,47,47,0,76,0,1.0000,278,3.759374,-1,-1,47,0,0,0,0.4,risk_path,4,Bot1|Bot2|Bot3|Bot4,,1,0
132,0.40,75,440,3555543580,3812448778,3626,0.644622,494,1308,13-24,61-74,48-37,102,98,60,48,52,50,1,0,1,102,0,,119,0,,,0,walked_into_fire,0,55,55,0,-1,47,0.5392,286,0.003066,55,44,fire_reached_bot,0,126,100,26,-6,36,0.6471,,0.104369,,44,fire_reached_bot,0,117,100,17,0,58,0.4314,2127,0.157756,44,,fire_reached_bot,0,126,100,26,-6,36,0.6471,,18.298426,-1,44,126,0,100,26,,no_path,0,,Bot1|Bot2|Bot3|Bot4,0,1
133,0.40,75,440,948442129,703702193,3606,0.641067,489,1329,17-44,66-21,47-52,80,72,44,38,60,50,1,0,1,80,0,,142,1,80,62,1,button,1,80,80,0,62,0,1.0000,823,0.009110,-1,-1,button,1,80,80,0,62,0,1.0000,823,0.037477,,-1,button,1,80,80,0,62,0,1.0000,823,0.046899,-1,,button,1,80,80,0,62,0,1.0000,823,9.760666,7,7,80,0,0,0,0.4,risk_path,4,Bot1|Bot2|Bot3|Bot4,,1,0
134,0.40,75,440,1102281211,3563752405,3654,0.649600,503,1348,15-61,46-3,6-5,101,89,91,65,70,42,1,0,1,101,0,,155,1,101,54,1,button,1,101,101,0,29,0,1.0000,553,0.007177,-1,-1,button,1,101,101,0,29,0,1.0000,553,0.056792,,-1,button,1,101,101,0,29,0,1.0000,553,0.063413,-1,,button,1,101,101,0,29,0,1.0000,553,15.712791,29,29,101,3,0,0,0.8,risk_path,4,Bot1|Bot2|Bot3|Bot4,,1,0
135,0.40,75,440,807723142,2871911597,3642,0.647467,509,1338,62-61,53-43,38-3,37,27,96,82,69,55,0,0,1,37,1,37,143,1,37,106,1,button,1,37,37,0,104,0,1.0000,170,0.001483,-1,-1,button,1,37,37,0,104,0,1.0000,170,0.004074,,-1,button,1,37,37,0,104,0,1.0000,170,0.005236,-1,,button,1,37,37,0,104,0,1.0000,170,2.355042,-1,-1,37,0,0,0,0.4,risk_path,4,Bot1|Bot2|Bot3|Bot4,,1,0
136,0.40,75,440,1899007051,3079980098,3638,0.646756,507,1386,8-11,70-74,66-70,137,125,125,117,32,8,1,0,1,137,0,,72,0,,,0,walked_into_fire,0,86,86,0,-13,51,0.6277,,0.009059,31,31,fire_reached_bot,0,218,30,188,-145,107,0.2190,,0.779202,,-1,fire_reached_bot,0,218,30,188,-145,107,0.2190,,1.518919,-1,,fire_reached_bot,0,218,30,188,-145,107,0.2190,,11.450442,-1,-1,218,0,30,188,,no_path,0,,Bot1|Bot2|Bot3|Bot4,0,1
137,0.40,75,440,647213272,3488528219,3639,0.646933,496,1345,70-47,48-57,68-22,44,32,33,27,57,55,0,0,1,44,1,44,126,1,44,82,1,button,1,44,44,0,60,0,1.0000,359,0.002295,-1,-1,button,1,44,44,0,60,0,1.0000,359,0.006435,,-1,button,1,44,44,0,60,0,1.0000,359,0.008297,-1,,button,1,44,44,0,60,0,1.0000,359,3.452780,-1,-1,44,0,0,0,0.4,risk_path,4,Bot1|Bot2|Bot3|Bot4,,1,0
138,0.40,75,440,2955646883,1522454323,3639,0.646933,498,1348,70-34,60-68,42-16,66,44,52,46,88,70,0,0,1,66,1,66,190,1,66,124,1,button,1,66,66,0,114,0,1.0000,501,0.004158,-1,-1,button,1,66,66,0,114,0,1.0000,501,0.019020,,-1,button,1,66,66,0,114,0,1.0000,501,0.022361,-1,,button,1,66,66,0,114,0,1.0000,501,7.140380,60,60,66,0,0,0,0.4,risk_path,4,Bot1|Bot2|Bot3|Bot4,,1,0
139,0.40,75,440,3313783522,2464351505,3645,0.648000,495,1407,56-27,40-63,31-4,64,52,54,48,80,68,0,0,1,64,1,64,174,1,64,110,1,button,1,64,64,0,77,0,1.0000,456,0.004187,-1,-1,button,1,64,64,0,77,0,1.0000,456,0.017029,,-1,button,1,64,64,0,77,0,1.0000,456,0.020476,-1,,button,1,64,64,0,77,0,1.0000,456,6.399314,50,50,64,0,0,0,0.4,risk_path,4,Bot1|Bot2|Bot3|Bot4,,1,0
140,0.40,75,440,3452405857,2375599770,3649,0.648711,506,1372,37-2,71-34,45-58,70,66,82,64,60,50,1,0,1,70,0,,134,1,70,64,1,button,1,70,70,0,53,0,1.0000,844,0.007177,-1,-1,button,1,70,70,0,53,0,1.0000,844,0.022645,,-1,button,1,70,70,0,53,0,1.0000,844,0.029281,-1,,button,1,70,70,0,53,0,1.0000,844,7.210805,6,6,70,0,0,0,0.4,risk_path,4,Bot1|Bot2|Bot3|Bot4,,1,0
141,0.40,75,440,1002585984,1855575115,3672,0.652800,510,1408,39-60,63-11,65-29,83,73,63,57,26,20,1,0,1,83,0,,67,0,,,0,walked_into_fire,0,44,44,0,-2,39,0.5301,233,0.002771,20,20,fire_reached_bot,0,74,65,9,-6,42,0.4940,,0.081662,,-1,fire_reached_bot,0,74,65,9,-6,42,0.4940,,0.126865,-1,,fire_reached_bot,0,74,65,9,-6,42,0.4940,,12.754984,-1,-1,74,0,65,9,,no_path,0,,Bot1|Bot2|Bot3|Bot4,0,1
142,0.40,75,440,216244798,858947628,3652,0.649244,509,1403,47-4,42-58,32-25,87,59,40,36,61,43,1,0,1,87,0,,143,1,87,56,1,button,1,87,87,0,5,0,1.0000,1325,0.012876,-1,-1,button,1,87,87,0,5,0,1.0000,1325,0.052388,,-1,button,1,87,87,0,5,0,1.0000,1325,0.063742,-1,,button,1,89,89,0,27,0,1.0000,1383,11.233943,34,34,89,23,0,0,0.99,risk_path,4,Bot1|Bot2|Bot3|Bot4,,1,0
143,0.40,75,440,1035138522,1426829652,3638,0.646756,509,1403,25-73,20-22,66-72,76,56,68,42,98,96,0,0,1,76,1,76,198,1,76,122,1,button,1,76,76,0,106,0,1.0000,403,0.004943,-1,-1,button,1,76,76,0,106,0,1.0000,403,0.030872,,-1,button,1,76,76,0,106,0,1.0000,403,0.034645,-1,,button,1,76,76,0,106,0,1.0000,403,9.838682,-1,-1,76,0,0,0,0.4,risk_path,4,Bot1|Bot2|Bot3|Bot4,,1,0
144,0.40,75,440,833741974,2067007930,3647,0.648356,507,1395,18-23,49-6,31-6,66,48,50,30,28,18,1,0,1,66,0,,67,0,,,0,walked_into_fire,0,35,35,0,-1,31,0.5303,144,0.001151,35,33,fire_reached_bot,0,62,58,4,0,20,0.6970,343,0.011262,,33,fire_reached_bot,0,58,58,0,0,16,0.7576,290,0.012883,33,,fire_reached_bot,0,62,58,4,0,20,0.6970,343,8.585589,-1,33,62,0,58,4,,no_path,0,,Bot1|Bot2|Bot3|Bot4,0,1
145,0.40,75,440,2337670084,113731334,3646,0.648178,502,1417,55-29,37-24,34-37,45,23,45,29,28,16,1,0,1,45,0,,67,1,45,22,1,button,1,45,45,0,9,0,1.0000,329,0.002394,-1,-1,button,1,45,45,0,9,0,1.0000,329,0.010720,,-1,button,1,45,45,0,9,0,1.0000,329,0.012520,-1,,button,1,45,45,0,9,0,1.0000,329,3.958506,-1,-1,45,12,3,0,0.99,risk_path,4,Bot1|Bot2|Bot3|Bot4,,1,0
146,0.40,75,440,1787649367,1167024077,3657,0.650133,512,1392,14-28,1-15,50-67,26,26,83,75,107,101,0,0,1,26,1,26,219,1,26,193,1,button,1,26,26,0,157,0,1.0000,87,0.000592,-1,-1,button,1,26,26,0,157,0,1.0000,87,0.001480,,-1,button,1,26,26,0,157,0,1.0000,87,0.001901,-1,,button,1,26,26,0,157,0,1.0000,87,1.191215,-1,-1,26,0,0,0,0.4,risk_path,4,Bot1|Bot2|Bot3|Bot4,,1,0
147,0.40,75,440,979999953,4214328274,3643,0.647644,509,1369,73-50,6-59,2-35,108,76,110,86,54,28,1,0,1,108,0,,141,1,108,33,1,button,1,108,108,0,10,0,1.0000,1004,0.011748,-1,-1,button,1,108,108,0,10,0,1.0000,1004,0.071275,,-1,button,1,108,108,0,10,0,1.0000,1004,0.081908,-1,,button,1,108,108,0,10,0,1.0000,1004,18.674941,-1,-1,108,6,76,0,0.99,risk_path,4,Bot1|Bot2|Bot3|Bot4,,1,0
148,0.40,75,440,1054847335,3500475643,3631,0.645511,510,1332,16-42,50-74,65-40,70,66,67,51,55,49,1,0,1,70,0,,128,1,70,58,1,button,1,70,70,0,58,0,1.0000,540,0.003951,-1,-1,button,1,70,70,0,58,0,1.0000,540,0.011306,,-1,button,1,70,70,0,58,0,1.0000,540,0.015025,-1,,button,1,70,70,0,58,0,1.0000,540,7.433006,49,49,70,0,0,0,0.4,risk_path,4,Bot1|Bot2|Bot3|Bot4,,1,0
149,0.40,75,440,175257072,1831328636,3645,0.648000,497,1375,51-67,36-24,24-26,78,58,76,68,16,14,1,0,1,78,0,,29,0,,,0,fire_reached_bot,0,57,57,0,-27,21,0.7308,,0.005584,27,27,fire_reached_bot,0,129,26,103,-99,52,0.3333,,0.360609,,-1,fire_reached_bot,0,129,26,103,-99,52,0.3333,,0.700814,-1,,fire_reached_bot,0,129,26,103,-99,52,0.3333,,5.846567,-1,-1,129,0,26,103,,no_path,0,,Bot1|Bot2|Bot3|Bot4,0,1
150,0.40,75,440,782275208,1449296483,3626,0.644622,490,1345,36-22,61-74,74-15,91,77,59,45,76,72,1,0,1,91,0,,182,1,91,91,1,button,1,91,91,0,67,0,1.0000,786,0.009743,-1,-1,button,1,91,91,0,67,0,1.0000,786,0.037619,,-1,button,1,91,91,0,67,0,1.0000,786,0.046058,-1,,button,1,91,91,0,62,0,1.0000,786,11.796714,10,10,91,0,0,0,0.4,risk_path,4,Bot1|Bot2|Bot3|Bot4,,1,0
151,0.40,75,440,1315622670,76071239,3641,0.647289,502,1361,31-53,41-5,48-29,80,58,61,41,35,31,1,0,1,80,0,,77,0,,,0,walked_into_fire,0,42,42,0,-4,38,0.5250,145,0.002249,39,39,fire_reached_bot,0,86,74,12,-8,18,0.7750,,0.078216,,62,fire_reached_bot,0,89,74,15,-11,14,0.8250,,0.160889,62,,fire_reached_bot,0,86,74,12,-8,18,0.7750,,11.343907,-1,62,86,0,74,12,,no_path,0,,Bot1|Bot2|Bot3|Bot4,0,1
152,0.40,75,440,3579991625,3229194548,3608,0.641422,497,1331,48-13,34-13,13-45,32,14,69,67,65,53,0,0,1,32,1,32,150,1,32,118,1,button,1,32,32,0,109,0,1.0000,136,0.001025,-1,-1,button,1,32,32,0,109,0,1.0000,136,0.003893,,-1,button,1,32,32,0,109,0,1.0000,136,0.004675,-1,,button,1,32,32,0,109,0,1.0000,136,1.713753,-1,-1,32,0,0,0,0.4,risk_path,4,Bot1|Bot2|Bot3|Bot4,,1,0
153,0.40,75,440,3847139812,3509606694,3641,0.647289,498,1353,5-25,63-60,7-65,105,93,70,42,91,61,1,0,1,105,0,,180,1,105,75,1,button,1,105,105,0,31,0,1.0000,853,0.011893,-1,-1,button,1,105,105,0,31,0,1.0000,853,0.070814,,-1,button,1,105,105,0,31,0,1.0000,853,0.081727,-1,,button,1,105,105,0,31,0,1.0000,853,16.586409,16,16,105,0,0,0,0.4,risk_path,4,Bot1|Bot2|Bot3|Bot4,,1,0
154,0.40,75,440,3024991366,1532867464,3642,0.647467,510,1382,14-15,44-47,50-59,66,62,86,80,20,18,1,0,1,66,0,,50,0,,,0,walked_into_fire,0,59,59,0,-8,7,0.8939,,0.004534,51,51,fire_reached_bot,0,75,50,25,-24,16,0.7576,,0.118691,,-1,fire_reached_bot,0,75,50,25,-24,16,0.7576,,0.241438,-1,,fire_reached_bot,0,75,50,25,-24,16,0.7576,,7.934752,-1,-1,75,0,50,25,,no_path,0,,Bot1|Bot2|Bot3|Bot4,0,1
155,0.40,75,440,77398656,2952771356,3656,0.649956,502,1378,31-28,68-3,37-6,66,62,34,28,46,34,1,0,1,66,0,,125,1,66,59,1,button,1,66,66,0,18,0,1.0000,558,0.004788,-1,-1,button,1,66,66,0,18,0,1.0000,558,0.011577,,-1,button,1,66,66,0,18,0,1.0000,558,0.015823,-1,,button,1,66,66,0,28,0,1.0000,558,7.469012,35,35,66,3,0,0,0.99,risk_path,4,Bot1|Bot2|Bot3|Bot4,,1,0
156,0.40,75,440,1479374087,890278548,3637,0.646578,485,1364,25-27,72-41,49-50,75,61,57,47,46,32,1,0,1,75,0,,121,1,75,46,1,button,1,75,75,0,8,0,1.0000,592,0.005689,-1,-1,button,1,75,75,0,8,0,1.0000,592,0.027779,,-1,button,1,75,75,0,8,0,1.0000,592,0.032841,-1,,button,1,75,75,0,39,0,1.0000,592,9.769706,10,10,75,8,10,0,0.99,risk_path,4,Bot1|Bot2|Bot3|Bot4,,1,0
157,0.40,75,440,2224295823,2491851967,3652,0.649244,510,1364,9-52,44-18,52-33,75,69,76,62,25,23,1,0,1,75,0,,60,0,,,0,walked_into_fire,0,57,57,0,-5,18,0.7600,516,0.003586,56,56,fire_reached_bot,0,62,60,2,-1,19,0.7467,,0.025291,,59,fire_reached_bot,0,62,60,2,-1,19,0.7467,,0.042776,59,,fire_reached_bot,0,62,60,2,-1,19,0.7467,,10.031205,-1,59,62,0,60,2,,no_path,0,,Bot1|Bot2|Bot3|Bot4,0,1
158,0.40,75,440,4250350007,863802251,3634,0.646044,516,1368,52-14,14-5,70-62,57,47,82,66,123,113,0,0,1,57,1,57,287,1,57,230,1,button,1,57,57,0,165,0,1.0000,238,0.002295,-1,-1,button,1,57,57,0,165,0,1.0000,238,0.008381,,-1,button,1,57,57,0,165,0,1.0000,238,0.010370,-1,,button,1,57,57,0,165,0,1.0000,238,5.798266,-1,-1,57,0,0,0,0.4,risk_path,4,Bot1|Bot2|Bot3|Bot4,,1,0
159,0.40,75,440,1797411092,3333033759,3625,0.644444,505,1318,69-22,18-54,2-51,89,83,106,96,21,19,1,0,1,89,0,,56,0,,,0,fire_reached_bot,0,76,76,0,-19,13,0.8539,,0.005426,52,52,fire_reached_bot,0,124,51,73,-67,38,0.5730,,0.366097,,-1,fire_reached_bot,0,124,51,73,-67,38,0.5730,,0.663692,-1,,fire_reached_bot,0,124,51,73,-67,38,0.5730,,11.869793,-1,-1,124,0,51,73,,no_path,0,,Bot1|Bot2|Bot3|Bot4,0,1
160,0.40,75,440,2622103724,4030296821,3630,0.645333,510,1345,71-28,17-69,71-57,103,95,41,29,98,66,1,0,1,103,0,,208,1,103,105,1,button,1,103,103,0,72,0,1.0000,746,0.010435,-1,-1,button,1,103,103,0,72,0,1.0000,746,0.076622,,-1,button,1,103,103,0,72,0,1.0000,746,0.088075,-1,,button,1,103,103,0,55,0,1.0000,746,15.387256,16,16,103,0,0,0,0.4,risk_path,4,Bot1|Bot2|Bot3|Bot4,,1,0
161,0.40,75,440,2317555799,151919511,3653,0.649422,497,1386,39-11,9-48,34-21,71,67,19,15,58,52,1,0,1,71,0,,145,1,71,74,1,button,1,71,71,0,12,0,1.0000,539,0.004439,-1,-1,button,1,71,71,0,12,0,1.0000,539,0.017065,,-1,button,1,71,71,0,12,0,1.0000,539,0.020545,-1,,button,1,71,71,0,12,0,1.0000,539,7.635178,-1,-1,71,2,0,0,0.8,risk_path,4,Bot1|Bot2|Bot3|Bot4,,1,0
162,0.40,75,440,197254622,1131390103,3628,0.644978,492,1357,64-4,48-48,10-59,78,60,119,109,69,49,1,0,1,78,0,,158,1,78,80,1,button,1,78,78,0,80,0,1.0000,511,0.005138,-1,-1,button,1,78,78,0,80,0,1.0000,511,0.033384,,-1,button,1,78,78,0,80,0,1.0000,511,0.037262,-1,,button,1,78,78,0,80,0,1.0000,511,9.737885,-1,-1,78,0,0,0,0.4,risk_path,4,Bot1|Bot2|Bot3|Bot4,,1,0
163,0.40,75,440,2939572986,872181782,3637,0.646578,492,1354,24-49,24-6,26-14,61,43,47,37,26,10,1,0,1,61,0,,68,0,,,0,fire_reached_bot,0,30,30,0,0,31,0.4918,135,0.001323,23,22,fire_reached_bot,0,66,54,12,0,37,0.3934,699,0.070575,,22,fire_reached_bot,0,66,54,12,0,37,0.3934,699,0.134477,22,,fire_reached_bot,0,66,54,12,0,37,0.3934,699,9.456975,-1,22,66,0,54,12,,no_path,0,,Bot1|Bot2|Bot3|Bot4,0,1
164,0.40,75,440,318478055,3662582948,3642,0.647467,515,1402,71-51,66-61,54-8,21,15,76,60,89,65,0,0,1,21,1,21,188,1,21,167,1,button,1,21,21,0,152,0,1.0000,39,0.000394,-1,-1,button,1,21,21,0,152,0,1.0000,39,0.001135,,-1,button,1,21,21,0,152,0,1.0000,39,0.001340,-1,,button,1,21,21,0,152,0,1.0000,39,0.834911,-1,-1,21,0,0,0,0.4,risk_path,4,Bot1|Bot2|Bot3|Bot4,,1,0
165,0.40,75,440,4153650681,247554762,3644,0.647822,510,1382,64-68,47-30,67-69,71,55,10,4,81,59,0,0,1,71,1,71,168,1,71,97,1,button,1,71,71,0,17,0,1.0000,353,0.004290,-1,-1,button,1,71,71,0,17,0,1.0000,353,0.025729,,-1,button,1,71,71,0,17,0,1.0000,353,0.028479,-1,,button,1,71,71,0,17,0,1.0000,353,8.496726,-1,-1,71,0,0,0,0.4,risk_path,4,Bot1|Bot2|Bot3|Bot4,,1,0
166,0.40,75,440,3449166865,1705888709,3633,0.645867,507,1380,4-1,11-58,21-60,82,64,84,76,34,12,1,0,1,82,0,,100,1,82,18,0,fire_reached_bot,0,63,63,0,0,19,0.7683,426,0.003712,54,54,button,1,82,82,0,3,0,1.0000,716,0.033741,,-1,button,1,82,82,0,3,0,1.0000,716,0.039406,-1,,button,1,82,82,0,3,0,1.0000,716,11.265929,-1,-1,82,5,61,0,0.99,risk_path,3,Bot2|Bot3|Bot4,Bot1,0,0
167,0.40,75,440,922269232,2098977963,3647,0.648356,511,1360,13-1,33-41,63-8,76,60,65,57,65,63,1,0,1,76,0,,139,1,76,63,1,button,1,76,76,0,43,0,1.0000,645,0.006845,-1,-1,button,1,76,76,0,43,0,1.0000,645,0.027615,,-1,button,1,76,76,0,43,0,1.0000,645,0.033593,-1,,button,1,76,76,0,43,0,1.0000,645,9.283881,26,26,76,0,0,0,0.4,risk_path,4,Bot1|Bot2|Bot3|Bot4,,1,0
168,0.40,75,440,544612032,2877135198,3672,0.652800,519,1443,73-8,4-23,58-24,108,84,33,31,77,55,1,0,1,108,0,,171,1,108,63,1,button,1,108,108,0,26,0,1.0000,1510,0.020793,-1,-1,button,1,108,108,0,26,0,1.0000,1510,0.082871,,-1,button,1,108,108,0,26,0,1.0000,1510,0.104286,-1,,button,1,108,108,0,26,0,1.0000,1510,14.706810,57,57,108,2,0,0,0.8,risk_path,4,Bot1|Bot2|Bot3|Bot4,,1,0
169,0.40,75,440,3778881665,2740835865,3659,0.650489,524,1370,53-11,25-60,12-64,89,77,106,94,17,17,1,0,1,89,0,,36,0,,,0,walked_into_fire,0,69,69,0,-32,20,0.7753,,0.006920,37,37,fire_reached_bot,0,146,36,110,-109,53,0.4045,,0.460928,,-1,fire_reached_bot,0,146,36,110,-109,53,0.4045,,0.972708,-1,,fire_reached_bot,0,146,36,110,-109,53,0.4045,,9.938974,-1,-1,146,0,36,110,,no_path,0,,Bot1|Bot2|Bot3|Bot4,0,1
170,0.40,75,440,229250927,3518222234,3643,0.647644,495,1356,14-12,17-54,46-5,67,45,45,39,78,78,0,0,1,67,1,67,180,1,67,113,1,button,1,67,67,0,103,0,1.0000,480,0.004432,-1,-1,button,1,67,67,0,103,0,1.0000,480,0.020235,,-1,button,1,67,67,0,103,0,1.0000,480,0.024234,-1,,button,1,67,67,0,103,0,1.0000,480,7.160668,26,26,67,0,0,0,0.4,risk_path,4,Bot1|Bot2|Bot3|Bot4,,1,0
171,0.40,75,440,1085318485,4112605803,3639,0.646933,508,1381,36-73,72-19,35-7,98,90,87,67,55,49,1,0,1,98,0,,123,1,98,25,1,button,1,98,98,0,15,0,1.0000,1005,0.012706,-1,-1,button,1,98,98,0,15,0,1.0000,1005,0.064849,,-1,button,1,98,98,0,15,0,1.0000,1005,0.077200,-1,,button,1,102,102,0,21,0,1.0000,1069,17.061787,58,58,102,10,55,0,0.99,risk_path,4,Bot1|Bot2|Bot3|Bot4,,1,0
172,0.40,75,440,1943131252,2533243586,3649,0.648711,504,1361,49-28,24-40,33-20,43,37,28,24,33,29,1,0,1,43,0,,62,1,43,19,1,button,1,43,43,0,2,0,1.0000,319,0.001898,-1,-1,button,1,43,43,0,2,0,1.0000,319,0.006721,,-1,button,1,43,43,0,2,0,1.0000,319,0.008269,-1,,button,1,43,43,0,2,0,1.0000,319,3.228902,-1,-1,43,0,0,0,0.4,risk_path,4,Bot1|Bot2|Bot3|Bot4,,1,0
173,0.40,75,440,815405907,3357921857,3626,0.644622,501,1351,17-10,2-58,1-70,77,63,88,76,23,13,1,0,1,77,0,,70,0,,,0,walked_into_fire,0,66,66,0,-5,11,0.8571,214,0.002618,50,50,fire_reached_bot,0,102,49,53,-31,28,0.6364,,0.262414,,-1,fire_reached_bot,0,102,49,53,-31,28,0.6364,,0.504304,-1,,fire_reached_bot,0,102,49,53,-31,28,0.6364,,9.731902,-1,-1,102,0,49,53,,no_path,0,,Bot1|Bot2|Bot3|Bot4,0,1
174,0.40,75,440,2300978891,2614612160,3647,0.648356,501,1375,29-35,5-65,18-74,54,54,60,50,26,22,1,0,1,54,0,,56,1,54,2,1,button,1,54,54,0,2,0,1.0000,198,0.001596,-1,-1,button,1,54,54,0,2,0,1.0000,198,0.008053,,-1,button,1,54,54,0,2,0,1.0000,198,0.009267,-1,,button,1,54,54,0,2,0,1.0000,198,5.104196,-1,-1,54,5,34,0,0.99,risk_path,4,Bot1|Bot2|Bot3|Bot4,,1,0
175,0.40,75,440,2018207897,3314081923,3620,0.643556,501,1355,16-10,53-27,60-70,66,54,122,104,56,50,1,0,1,66,0,,110,1,66,44,1,button,1,66,66,0,44,0,1.0000,519,0.004899,-1,-1,button,1,66,66,0,44,0,1.0000,519,0.020385,,-1,button,1,66,66,0,44,0,1.0000,519,0.024567,-1,,button,1,66,66,0,44,0,1.0000,519,7.086682,23,23,66,0,0,0,0.4,risk_path,4,Bot1|Bot2|Bot3|Bot4,,1,0
176,0.40,75,440,2818097894,3512310857,3632,0.645689,509,1342,11-44,26-37,59-48,46,22,74,52,66,44,0,0,1,46,1,46,151,1,46,105,1,button,1,46,46,0,87,0,1.0000,154,0.001852,-1,-1,button,1,46,46,0,87,0,1.0000,154,0.010974,,-1,button,1,46,46,0,87,0,1.0000,154,0.011883,-1,,button,1,46,46,0,87,0,1.0000,154,3.628311,6,6,46,0,0,0,0.4,risk_path,4,Bot1|Bot2|Bot3|Bot4,,1,0
177,0.40,75,440,2027427399,1220179851,3630,0.645333,486,1356,30-38,73-15,50-71,66,66,63,53,95,79,0,0,1,66,1,66,224,1,66,158,1,button,1,66,66,0,128,0,1.0000,142,0.001123,-1,-1,button,1,66,66,0,128,0,1.0000,142,0.006993,,-1,button,1,66,66,0,128,0,1.0000,142,0.007844,-1,,button,1,66,66,0,128,0,1.0000,142,7.396693,37,37,66,0,0,0,0.4,risk_path,4,Bot1|Bot2|Bot3|Bot4,,1,0
178,0.40,75,440,3599993327,1032513067,3649,0.648711,514,1379,52-28,3-70,60-5,101,91,39,31,122,122,0,0,1,101,1,101,251,1,101,150,1,button,1,101,101,0,93,0,1.0000,880,0.011528,-1,-1,button,1,101,101,0,93,0,1.0000,880,0.037149,,-1,button,1,101,101,0,93,0,1.0000,880,0.048775,-1,,button,1,101,101,0,93,0,1.0000,880,15.420742,-1,-1,101,0,0,0,0.4,risk_path,4,Bot1|Bot2|Bot3|Bot4,,1,0
179,0.40,75,440,2543364003,1899170686,3632,0.645689,503,1387,41-38,55-52,67-5,34,28,63,59,69,59,0,0,1,34,1,34,150,1,34,116,1,button,1,34,34,0,115,0,1.0000,63,0.000684,-1,-1,button,1,34,34,0,115,0,1.0000,63,0.003091,,-1,button,1,34,34,0,115,0,1.0000,63,0.003473,-1,,button,1,34,34,0,115,0,1.0000,63,2.060756,19,19,34,0,0,0,0.4,risk_path,4,Bot1|Bot2|Bot3|Bot4,,1,0
180,0.40,75,440,1116830270,123999137,3635,0.646222,502,1362,41-21,71-69,61-69,92,78,78,68,30,10,1,0,1,92,0,,72,0,,,0,fire_reached_bot,0,53,53,0,0,39,0.5761,187,0.003306,29,29,fire_reached_bot,0,110,28,82,-37,64,0.3043,,0.394198,,-1,fire_reached_bot,0,110,28,82,-37,64,0.3043,,0.803570,-1,,fire_reached_bot,0,110,28,82,-37,64,0.3043,,8.139779,-1,-1,110,0,28,82,,no_path,0,,Bot1|Bot2|Bot3|Bot4,0,1
181,0.40,75,440,4129245186,2777447817,3675,0.653333,520,1414,58-11,69-10,38-59,16,12,74,68,86,80,0,0,1,16,1,16,182,1,16,166,1,button,1,16,16,0,147,0,1.0000,18,0.000239,-1,-1,button,1,16,16,0,147,0,1.0000,18,0.000644,,-1,button,1,16,16,0,147,0,1.0000,18,0.000776,-1,,button,1,16,16,0,147,0,1.0000,18,0.495822,2,2,16,0,0,0,0.4,risk_path,4,Bot1|Bot2|Bot3|Bot4,,1,0
182,0.40,75,440,699038936,1084992602,3641,0.647289,516,1390,25-21,56-28,5-35,46,38,36,34,74,58,0,0,1,46,1,46,168,1,46,122,1,button,1,46,46,0,77,0,1.0000,257,0.001962,-1,-1,button,1,46,46,0,77,0,1.0000,257,0.005663,,-1,button,1,46,46,0,77,0,1.0000,257,0.007539,-1,,button,1,46,46,0,77,0,1.0000,257,3.342127,18,18,46,0,0,0,0.4,risk_path,4,Bot1|Bot2|Bot3|Bot4,,1,0
183,0.40,75,440,3412191491,4070376951,3637,0.646578,496,1387,62-44,41-67,63-45,54,44,2,2,56,44,0,0,1,54,1,54,123,1,54,69,1,button,1,54,54,0,4,0,1.0000,441,0.003563,-1,-1,button,1,54,54,0,4,0,1.0000,441,0.011205,,-1,button,1,54,54,0,4,0,1.0000,441,0.014793,-1,,button,1,54,54,0,4,0,1.0000,441,4.602533,-1,-1,54,0,0,0,0.4,risk_path,4,Bot1|Bot2|Bot3|Bot4,,1,0
184,0.40,75,440,1126362104,2531367481,3631,0.645511,503,1386,31-17,21-48,48-3,53,41,39,31,78,72,0,0,1,53,1,53,182,1,53,129,1,button,1,53,53,0,80,0,1.0000,174,0.001648,-1,-1,button,1,53,53,0,80,0,1.0000,174,0.009543,,-1,button,1,53,53,0,80,0,1.0000,174,0.010355,-1,,button,1,53,53,0,80,0,1.0000,174,4.682432,-1,-1,53,0,0,0,0.4,risk_path,4,Bot1|Bot2|Bot3|Bot4,,1,0
185,0.40,75,440,3977488963,3994077294,3647,0.648356,515,1343,30-40,24-6,35-13,52,40,46,32,18,18,1,0,1,52,0,,39,0,,,0,walked_into_fire,0,42,42,0,-2,10,0.8077,,0.001971,39,39,fire_reached_bot,0,48,38,10,-8,14,0.7308,,0.052830,,-1,fire_reached_bot,0,48,38,10,-8,14,0.7308,,0.108923,-1,,fire_reached_bot,0,48,38,10,-8,14,0.7308,,5.045886,-1,-1,48,0,38,10,,no_path,0,,Bot1|Bot2|Bot3|Bot4,0,1
186,0.40,75,440,2126553979,2609949610,3626,0.644622,490,1334,13-61,42-74,58-35,42,42,73,71,61,55,0,0,1,42,1,42,126,1,42,84,1,button,1,42,42,0,84,0,1.0000,171,0.001253,-1,-1,button,1,42,42,0,84,0,1.0000,171,0.004241,,-1,button,1,42,42,0,84,0,1.0000,171,0.006387,-1,,button,1,42,42,0,84,0,1.0000,171,2.904462,6,6,42,0,0,0,0.4,risk_path,4,Bot1|Bot2|Bot3|Bot4,,1,0
187,0.40,75,440,604629814,3122588556,3651,0.649067,512,1393,42-22,48-26,40-11,12,10,19,13,31,23,0,0,1,12,1,12,67,1,12,55,1,button,1,12,12,0,39,0,1.0000,20,0.000174,-1,-1,button,1,12,12,0,39,0,1.0000,20,0.000344,,-1,button,1,12,12,0,39,0,1.0000,20,0.000606,-1,,button,1,12,12,0,39,0,1.0000,20,0.307782,-1,-1,12,0,0,0,0.4,risk_path,4,Bot1|Bot2|Bot3|Bot4,,1,0
188,0.40,75,440,2717215071,3838181151,3669,0.652267,516,1402,4-12,43-12,69-67,83,39,120,120,91,81,0,0,1,83,1,83,200,1,83,117,1,button,1,83,83,0,112,0,1.0000,568,0.007759,-1,-1,button,1,83,83,0,112,0,1.0000,568,0.058673,,-1,button,1,83,83,0,112,0,1.0000,568,0.077952,-1,,button,1,83,83,0,112,0,1.0000,568,10.723359,34,34,83,0,0,0,0.4,risk_path,4,Bot1|Bot2|Bot3|Bot4,,1,0
189,0.40,75,440,899400218,1033562852,3653,0.649422,519,1408,15-65,68-61,7-10,91,57,95,63,132,112,0,0,1,91,1,91,258,1,91,167,1,button,1,91,91,0,145,0,1.0000,263,0.003612,-1,-1,button,1,91,91,0,145,0,1.0000,263,0.034942,,-1,button,1,91,91,0,145,0,1.0000,263,0.037027,-1,,button,1,91,91,0,145,0,1.0000,263,13.735517,22,22,91,0,0,0,0.4,risk_path,4,Bot1|Bot2|Bot3|Bot4,,1,0
190,0.40,75,440,3481980839,2844192455,3636,0.646400,506,1365,69-53,58-13,16-44,61,51,78,62,77,73,0,0,1,61,1,61,170,1,61,109,1,button,1,61,61,0,99,0,1.0000,562,0.004946,-1,-1,button,1,61,61,0,99,0,1.0000,562,0.015521,,-1,button,1,61,61,0,99,0,1.0000,562,0.019627,-1,,button,1,61,61,0,99,0,1.0000,562,5.911746,-1,-1,61,0,0,0,0.4,risk_path,4,Bot1|Bot2|Bot3|Bot4,,1,0
191,0.40,75,440,1615916817,2432315316,3635,0.646222,508,1385,2-12,63-7,37-53,84,66,84,76,96,72,0,0,1,84,1,84,188,1,84,104,1,button,1,84,84,0,101,0,1.0000,1079,0.009606,-1,-1,button,1,84,84,0,101,0,1.0000,1079,0.035869,,-1,button,1,84,84,0,101,0,1.0000,1079,0.037264,-1,,button,1,84,84,0,101,0,1.0000,1079,10.179226,4,4,84,0,0,0,0.4,risk_path,4,Bot1|Bot2|Bot3|Bot4,,1,0
192,0.40,75,440,3898521735,118069459,3640,0.647111,503,1357,65-51,13-31,35-4,78,72,95,77,65,49,1,0,1,78,0,,143,1,78,65,1,button,1,78,78,0,59,0,1.0000,354,0.003513,-1,-1,button,1,78,78,0,59,0,1.0000,354,0.023426,,-1,button,1,78,78,0,59,0,1.0000,354,0.026845,-1,,button,1,78,78,0,59,0,1.0000,354,9.613297,-1,-1,78,0,0,0,0.4,risk_path,4,Bot1|Bot2|Bot3|Bot4,,1,0
193,0.40,75,440,2444658365,2126892776,3649,0.648711,505,1399,33-16,18-42,60-74,45,41,103,85,80,74,0,0,1,45,1,45,161,1,45,116,1,button,1,45,45,0,102,0,1.0000,258,0.001837,-1,-1,button,1,45,45,0,102,0,1.0000,258,0.006923,,-1,button,1,45,45,0,102,0,1.0000,258,0.008392,-1,,button,1,45,45,0,102,0,1.0000,258,3.310986,-1,-1,45,0,0,0,0.4,risk_path,4,Bot1|Bot2|Bot3|Bot4,,1,0
194,0.40,75,440,2214062488,49670459,3680,0.654222,504,1424,54-28,6-56,20-24,80,76,58,38,60,46,1,0,1,80,0,,133,1,80,53,1,button,1,80,80,0,18,0,1.0000,1058,0.010029,-1,-1,button,1,80,80,0,18,0,1.0000,1058,0.033733,,-1,button,1,80,80,0,18,0,1.0000,1058,0.043795,-1,,button,1,80,80,0,30,0,1.0000,1058,10.146533,42,42,80,10,0,0,0.99,risk_path,4,Bot1|Bot2|Bot3|Bot4,,1,0
195,0.40,75,440,1449191703,2718877568,3592,0.638578,491,1324,33-21,17-58,26-24,55,53,12,10,53,43,1,0,1,55,0,,113,1,55,58,1,button,1,55,55,0,13,0,1.0000,367,0.002287,-1,-1,button,1,55,55,0,13,0,1.0000,367,0.008436,,-1,button,1,55,55,0,13,0,1.0000,367,0.010856,-1,,button,1,55,55,0,13,0,1.0000,367,5.032063,-1,-1,55,0,0,0,0.4,risk_path,4,Bot1|Bot2|Bot3|Bot4,,1,0
196,0.40,75,440,2745450280,3961164760,3646,0.648178,520,1434,24-70,36-17,51-9,95,65,110,88,25,23,1,0,1,95,0,,51,0,,,0,fire_reached_bot,0,80,80,0,-28,15,0.8421,,0.008626,52,52,fire_reached_bot,0,161,51,110,-109,44,0.5368,,0.454555,,-1,fire_reached_bot,0,161,51,110,-109,44,0.5368,,0.831195,-1,,fire_reached_bot,0,161,51,110,-109,44,0.5368,,13.090350,-1,-1,161,0,51,110,,no_path,0,,Bot1|Bot2|Bot3|Bot4,0,1
197,0.40,75,440,1134599302,4132178095,3653,0.649422,495,1397,20-37,62-2,57-46,77,77,56,46,65,49,1,0,1,77,0,,166,1,77,89,1,button,1,77,77,0,50,0,1.0000,906,0.008047,-1,-1,button,1,77,77,0,50,0,1.0000,906,0.020174,,-1,button,1,77,77,0,50,0,1.0000,906,0.032816,-1,,button,1,77,77,0,40,0,1.0000,906,9.064923,20,20,77,0,0,0,0.4,risk_path,4,Bot1|Bot2|Bot3|Bot4,,1,0
198,0.40,75,440,3387618525,4213744687,3637,0.646578,501,1335,25-12,26-27,73-32,32,16,80,68,70,52,0,0,1,32,1,32,157,1,32,125,1,button,1,32,32,0,113,0,1.0000,92,0.000777,-1,-1,button,1,32,32,0,113,0,1.0000,92,0.002492,,-1,button,1,32,32,0,113,0,1.0000,92,0.003936,-1,,button,1,32,32,0,113,0,1.0000,92,1.942136,-1,-1,32,0,0,0,0.4,risk_path,4,Bot1|Bot2|Bot3|Bot4,,1,0
199,0.40,75,440,3963364150,1255751458,3646,0.648178,503,1378,31-11,73-33,7-36,76,64,53,49,91,69,0,0,1,76,1,76,202,1,76,126,1,button,1,76,76,0,81,0,1.0000,581,0.006128,-1,-1,button,1,76,76,0,81,0,1.0000,581,0.022549,,-1,button,1,76,76,0,81,0,1.0000,581,0.030265,-1,,button,1,76,76,0,101,0,1.0000,581,9.526439,1,1,76,0,0,0,0.4,risk_path,4,Bot1|Bot2|Bot3|Bot4,,1,0
200,0.40,75,440,687047578,4017936739,3628,0.644978,511,1337,27-51,69-32,8-40,65,61,30,30,79,69,0,0,1,65,1,65,162,1,65,97,1,button,1,65,65,0,31,0,1.0000,685,0.005566,-1,-1,button,1,65,65,0,31,0,1.0000,685,0.017761,,-1,button,1,65,65,0,31,0,1.0000,685,0.023715,-1,,button,1,65,65,0,31,0,1.0000,685,6.372954,16,16,65,0,0,0,0.4,risk_path,4,Bot1|Bot2|Bot3|Bot4,,1,0
201,0.40,75,440,3808654913,1437651723,3644,0.647822,506,1376,73-63,38-16,62-70,86,82,34,18,84,78,1,0,1,86,0,,179,1,86,93,1,button,1,86,86,0,19,0,1.0000,515,0.006704,-1,-1,button,1,86,86,0,19,0,1.0000,515,0.030232,,-1,button,1,86,86,0,19,0,1.0000,515,0.037149,-1,,button,1,86,86,0,23,0,1.0000,515,11.121252,6,6,86,0,0,0,0.4,risk_path,4,Bot1|Bot2|Bot3|Bot4,,1,0
202,0.40,75,440,479682215,117614757,3621,0.643733,510,1341,36-35,34-65,43-19,46,32,39,23,81,55,0,0,1,46,1,46,184,1,46,138,1,button,1,46,46,0,86,0,1.0000,111,0.001048,-1,-1,button,1,46,46,0,86,0,1.0000,111,0.006794,,-1,button,1,46,46,0,86,0,1.0000,111,0.007466,-1,,button,1,46,46,0,86,0,1.0000,111,3.713246,-1,-1,46,0,0,0,0.4,risk_path,4,Bot1|Bot2|Bot3|Bot4,,1,0
203,0.40,75,440,1496475200,4047105304,3645,0.648000,514,1350,51-1,14-73,56-29,117,109,43,33,88,86,1,0,1,117,0,,182,1,119,63,0,walked_into_fire,0,28,28,0,-2,89,0.2393,136,0.002037,24,22,button,1,127,127,0,2,0,1.0000,2438,0.103338,,22,button,1,119,119,0,1,0,1.0000,2186,0.132789,22,,button,1,125,125,0,2,0,1.0000,2383,17.025754,47,22,125,17,29,0,0.99,risk_path,3,Bot2|Bot3|Bot4,Bot1,0,0
204,0.40,75,440,505044942,177768735,3649,0.648711,507,1385,16-40,65-14,63-49,81,75,68,56,65,37,1,0,1,81,0,,128,1,81,47,1,button,1,81,81,0,28,0,1.0000,728,0.007268,-1,-1,button,1,81,81,0,28,0,1.0000,728,0.030565,,-1,button,1,81,81,0,28,0,1.0000,728,0.037080,-1,,button,1,81,81,0,21,0,1.0000,728,9.322503,38,38,81,0,0,0,0.4,risk_path,4,Bot1|Bot2|Bot3|Bot4,,1,0
205,0.40,75,440,2592851329,1842348790,3662,0.651022,518,1377,6-43,55-29,67-0,81,63,112,104,51,41,1,0,1,81,0,,112,1,81,31,1,button,1,81,81,0,29,0,1.0000,327,0.004648,-1,-1,button,1,81,81,0,29,0,1.0000,327,0.037869,,-1,button,1,81,81,0,29,0,1.0000,327,0.041369,-1,,button,1,81,81,0,29,0,1.0000,327,11.749647,25,25,81,7,21,0,0.99,risk_path,4,Bot1|Bot2|Bot3|Bot4,,1,0
206,0.40,75,440,3837839052,4278048444,3662,0.651022,509,1415,49-20,41-20,45-66,10,8,62,50,64,50,0,0,1,10,1,10,127,1,10,117,1,button,1,10,10,0,116,0,1.0000,25,0.000179,-1,-1,button,1,10,10,0,116,0,1.0000,25,0.000241,,-1,button,1,10,10,0,116,0,1.0000,25,0.000349,-1,,button,1,10,10,0,117,0,1.0000,25,0.237538,1,1,10,0,0,0,0.4,risk_path,4,Bot1|Bot2|Bot3|Bot4,,1,0
207,0.40,75,440,4060788553,845069922,3646,0.648178,517,1375,13-16,67-34,60-28,86,72,81,59,13,13,1,0,1,86,0,,40,0,,,0,walked_into_fire,0,63,63,0,-22,23,0.7326,,0.004968,39,39,fire_reached_bot,0,104,39,65,-63,49,0.4302,,0.292331,,-1,fire_reached_bot,0,104,39,65,-63,49,0.4302,,0.547400,-1,,fire_reached_bot,0,104,39,65,-63,49,0.4302,,9.176328,-1,-1,104,0,39,65,,no_path,0,,Bot1|Bot2|Bot3|Bot4,0,1
208,0.40,75,440,1921987437,1998653501,3636,0.646400,506,1373,74-46,4-55,7-25,107,79,108,88,45,33,1,0,1,107,0,,100,0,,,0,walked_into_fire,0,106,106,0,-5,1,0.9907,,0.015352,101,101,fire_reached_bot,0,116,100,16,-15,7,0.9346,,0.110287,,-1,fire_reached_bot,0,116,100,16,-15,7,0.9346,,0.170089,-1,,fire_reached_bot,0,116,100,16,-15,7,0.9346,,18.246122,-1,-1,116,0,100,16,,no_path,0,,Bot1|Bot2|Bot3|Bot4,0,1
209,0.40,75,440,2984244257,2435512816,3670,0.652444,500,1412,29-21,22-1,14-24,37,27,42,18,53,31,0,0,1,37,1,37,143,1,37,106,1,button,1,37,37,0,84,0,1.0000,80,0.000722,-1,-1,button,1,37,37,0,84,0,1.0000,80,0.004179,,-1,button,1,37,37,0,84,0,1.0000,80,0.005230,-1,,button,1,37,37,0,84,0,1.0000,80,2.476604,-1,-1,37,0,0,0,0.4,risk_path,4,Bot1|Bot2|Bot3|Bot4,,1,0
210,0.40,75,440,1735617669,2279655686,3643,0.647644,510,1392,61-49,6-10,2-50,100,94,80,60,72,44,1,0,1,100,0,,167,1,100,67,1,button,1,100,100,0,60,0,1.0000,620,0.006282,-1,-1,button,1,100,100,0,60,0,1.0000,620,0.048615,,-1,button,1,100,100,0,60,0,1.0000,620,0.080858,-1,,button,1,100,100,0,60,0,1.0000,620,15.439954,-1,-1,100,0,0,0,0.4,risk_path,4,Bot1|Bot2|Bot3|Bot4,,1,0
211,0.40,75,440,741719091,4088483574,3654,0.649600,511,1417,7-48,46-4,1-6,87,83,60,48,63,47,1,0,1,87,0,,151,1,87,64,1,button,1,87,87,0,43,0,1.0000,331,0.004331,-1,-1,button,1,87,87,0,43,0,1.0000,331,0.031089,,-1,button,1,87,87,0,43,0,1.0000,331,0.045884,-1,,button,1,87,87,0,64,0,1.0000,331,12.360690,29,29,87,0,0,0,0.4,risk_path,4,Bot1|Bot2|Bot3|Bot4,,1,0
212,0.40,75,440,43164127,71827648,3665,0.651556,501,1384,71-28,42-51,34-71,58,52,92,80,34,28,1,0,1,58,0,,57,0,,,0,walked_into_fire,0,58,58,0,-1,0,1.0000,231,0.001702,58,58,fire_reached_bot,0,59,57,2,-1,1,0.9828,,0.020750,,-1,fire_reached_bot,0,59,57,2,-1,1,0.9828,,0.037163,-1,,fire_reached_bot,0,59,57,2,-1,1,0.9828,,6.219023,-1,-1,59,32,4,2,0.99,no_path,0,,Bot1|Bot2|Bot3|Bot4,0,1
213,0.40,75,440,1597394174,606359399,3657,0.650133,510,1407,65-30,32-37,23-68,54,40,86,80,52,40,1,0,1,54,0,,129,1,54,75,1,button,1,54,54,0,55,0,1.0000,362,0.003482,-1,-1,button,1,54,54,0,55,0,1.0000,362,0.011130,,-1,button,1,54,54,0,55,0,1.0000,362,0.013020,-1,,button,1,54,54,0,55,0,1.0000,362,4.641958,-1,-1,54,0,0,0,0.4,risk_path,4,Bot1|Bot2|Bot3|Bot4,,1,0
214,0.40,75,440,3435905294,2392089260,3647,0.648356,496,1383,21-73,38-43,5-63,65,47,30,26,71,53,0,0,1,65,1,65,159,1,65,94,1,button,1,65,65,0,47,0,1.0000,376,0.004371,-1,-1,button,1,65,65,0,47,0,1.0000,376,0.016829,,-1,button,1,65,65,0,47,0,1.0000,376,0.020582,-1,,button,1,65,65,0,47,0,1.0000,376,6.851368,2,2,65,0,0,0,0.4,risk_path,4,Bot1|Bot2|Bot3|Bot4,,1,0
215,0.40,75,440,538301983,4070519892,3626,0.644622,499,1356,51-64,36-73,37-37,50,24,51,41,51,37,0,0,1,50,1,50,108,1,50,58,1,button,1,50,50,0,42,0,1.0000,364,0.002622,-1,-1,button,1,50,50,0,42,0,1.0000,364,0.009544,,-1,button,1,50,50,0,42,0,1.0000,364,0.012062,-1,,button,1,50,50,0,42,0,1.0000,364,3.976777,39,39,50,0,0,0,0.4,risk_path,4,Bot1|Bot2|Bot3|Bot4,,1,0
216,0.40,75,440,1948681360,2814169751,3667,0.651911,505,1403,15-18,25-22,10-13,14,14,30,10,30,24,0,0,1,14,1,14,49,1,14,35,1,button,1,14,14,0,25,0,1.0000,24,0.000180,-1,-1,button,1,14,14,0,25,0,1.0000,24,0.000302,,-1,button,1,14,14,0,25,0,1.0000,24,0.000439,-1,,button,1,14,14,0,25,0,1.0000,24,0.404667,-1,-1,14,0,0,0,0.4,risk_path,4,Bot1|Bot2|Bot3|Bot4,,1,0
217,0.40,75,440,234546496,899763894,3644,0.647822,506,1364,33-28,9-36,33-5,44,32,45,23,61,55,0,0,1,44,1,44,133,1,44,89,1,button,1,44,44,0,82,0,1.0000,154,0.001386,-1,-1,button,1,44,44,0,82,0,1.0000,154,0.007266,,-1,button,1,44,44,0,82,0,1.0000,154,0.007803,-1,,button,1,44,44,0,82,0,1.0000,154,3.259660,43,43,44,0,0,0,0.4,risk_path,4,Bot1|Bot2|Bot3|Bot4,,1,0
218,0.40,75,440,2601635953,347498,3653,0.649422,506,1409,29-59,4-21,38-7,73,63,75,61,62,48,1,0,1,73,0,,121,1,73,48,1,button,1,73,73,0,48,0,1.0000,589,0.005843,-1,-1,button,1,73,73,0,48,0,1.0000,589,0.027624,,-1,button,1,73,73,0,48,0,1.0000,589,0.033341,-1,,button,1,73,73,0,43,0,1.0000,589,8.651286,60,60,73,0,0,0,0.4,risk_path,4,Bot1|Bot2|Bot3|Bot4,,1,0
219,0.40,75,440,1873523526,189957216,3638,0.646756,508,1348,47-9,28-54,6-25,72,64,71,57,51,51,1,0,1,72,0,,110,1,72,38,1,button,1,72,72,0,24,0,1.0000,512,0.004306,-1,-1,button,1,72,72,0,24,0,1.0000,512,0.019932,,-1,button,1,72,72,0,24,0,1.0000,512,0.023817,-1,,button,1,72,72,0,24,0,1.0000,512,8.097986,-1,-1,72,0,0,0,0.4,risk_path,4,Bot1|Bot2|Bot3|Bot4,,1,0
220,0.40,75,440,650066665,1525053087,3651,0.649067,495,1389,47-54,47-10,5-72,80,44,60,60,126,104,0,0,1,80,1,80,282,1,80,202,1,button,1,80,80,0,128,0,1.0000,402,0.005280,-1,-1,button,1,80,80,0,128,0,1.0000,402,0.043935,,-1,button,1,80,80,0,128,0,1.0000,402,0.047753,-1,,button,1,80,80,0,128,0,1.0000,402,11.222169,39,39,80,0,0,0,0.4,risk_path,4,Bot1|Bot2|Bot3|Bot4,,1,0
221,0.40,75,440,1404877065,2420011909,3640,0.647111,507,1408,54-38,31-51,53-61,38,36,34,24,34,32,1,0,1,38,0,,62,1,38,24,1,button,1,38,38,0,18,0,1.0000,217,0.001276,-1,-1,button,1,38,38,0,18,0,1.0000,217,0.002946,,-1,button,1,38,38,0,18,0,1.0000,217,0.004080,-1,,button,1,38,38,0,18,0,1.0000,217,2.555917,-1,-1,38,0,0,0,0.4,risk_path,4,Bot1|Bot2|Bot3|Bot4,,1,0
222,0.40,75,440,1871520942,110449919,3642,0.647467,513,1411,44-69,25-70,38-55,30,20,22,20,30,28,0,0,1,30,0,,60,1,30,30,1,button,1,30,30,0,7,0,1.0000,128,0.000791,-1,-1,button,1,30,30,0,7,0,1.0000,128,0.002024,,-1,button,1,30,30,0,7,0,1.0000,128,0.002708,-1,,button,1,30,30,0,7,0,1.0000,128,1.666644,-1,-1,30,0,0,0,0.4,risk_path,4,Bot1|Bot2|Bot3|Bot4,,1,0
223,0.40,75,440,1891869098,1845810528,3648,0.648533,505,1371,6-33,19-36,72-72,22,16,113,105,101,89,0,0,1,22,1,22,222,1,22,200,1,button,1,22,22,0,198,0,1.0000,30,0.000402,-1,-1,button,1,22,22,0,198,0,1.0000,30,0.001143,,-1,button,1,22,22,0,198,0,1.0000,30,0.001380,-1,,button,1,22,22,0,198,0,1.0000,30,0.948096,6,6,22,0,0,0,0.4,risk_path,4,Bot1|Bot2|Bot3|Bot4,,1,0
224,0.40,75,440,3946411396,399432510,3628,0.644978,507,1377,14-74,47-31,63-44,84,76,81,79,29,29,1,0,1,84,0,,59,0,,,0,walked_into_fire,0,73,73,0,-13,11,0.8690,,0.005357,60,60,fire_reached_bot,0,81,59,22,-21,25,0.7024,,0.107818,,-1,fire_reached_bot,0,81,59,22,-21,25,0.7024,,0.206592,-1,,fire_reached_bot,0,81,59,22,-21,25,0.7024,,11.699505,-1,-1,81,0,59,22,,no_path,0,,Bot1|Bot2|Bot3|Bot4,0,1
225,0.40,75,440,395123674,1705726284,3633,0.645867,498,1354,41-14,11-70,23-1,104,86,31,31,101,81,1,0,1,104,0,,199,1,104,95,1,button,1,104,104,0,6,0,1.0000,1210,0.016074,-1,-1,button,1,104,104,0,6,0,1.0000,1210,0.076725,,-1,button,1,104,104,0,6,0,1.0000,1210,0.091604,-1,,button,1,104,104,0,6,0,1.0000,1210,15.149002,-1,-1,104,0,0,0,0.4,risk_path,4,Bot1|Bot2|Bot3|Bot4,,1,0
226,0.40,75,440,3383174174,417879336,3627,0.644800,505,1348,17-6,56-70,55-30,107,103,74,62,69,41,1,0,1,107,0,,152,1,107,45,1,button,1,107,107,0,10,0,1.0000,1601,0.018462,-1,-1,button,1,107,107,0,10,0,1.0000,1601,0.069517,,-1,button,1,107,107,0,10,0,1.0000,1601,0.088501,-1,,button,1,107,107,0,6,0,1.0000,1601,15.990387,41,41,107,12,32,0,0.99,risk_path,4,Bot1|Bot2|Bot3|Bot4,,1,0
227,0.40,75,440,3707428535,2930291685,3639,0.646933,499,1357,56-26,19-62,37-36,75,73,29,29,46,44,1,1,1,77,0,,99,0,,,0,fire_reached_bot,0,22,22,0,0,55,0.2667,127,0.001202,21,21,fire_reached_bot,0,101,99,2,-1,26,0.6533,,0.067016,,96,fire_reached_bot,0,106,99,7,-6,30,0.6000,,0.108167,96,,fire_reached_bot,0,101,99,2,-1,26,0.6533,,15.159103,-1,96,101,0,99,2,,no_path,0,,Bot1|Bot2|Bot3|Bot4,0,1
228,0.40,75,440,3499156370,436825089,3645,0.648000,501,1328,35-35,25-53,19-70,28,28,53,51,25,23,1,0,1,28,0,,62,1,28,34,1,button,1,28,28,0,34,0,1.0000,96,0.000689,-1,-1,button,1,28,28,0,34,0,1.0000,96,0.001550,,-1,button,1,28,28,0,34,0,1.0000,96,0.002050,-1,,button,1,28,28,0,34,0,1.0000,96,1.381883,-1,-1,28,0,0,0,0.4,risk_path,4,Bot1|Bot2|Bot3|Bot4,,1,0
229,0.40,75,440,3921431972,3691631192,3657,0.650133,515,1411,71-56,12-49,11-66,82,66,84,70,36,18,1,0,1,82,0,,79,0,,,0,fire_reached_bot,0,56,56,0,0,26,0.6829,395,0.004094,56,54,fire_reached_bot,0,97,72,25,-17,42,0.4878,,0.145315,,54,fire_reached_bot,0,113,72,41,-33,38,0.5366,,0.321391,54,,fire_reached_bot,0,97,72,25,-17,42,0.4878,,14.232891,-1,54,97,0,72,25,,no_path,0,,Bot1|Bot2|Bot3|Bot4,0,1
230,0.40,75,440,2971960596,3817885116,3644,0.647822,509,1406,9-53,0-65,17-45,21,21,24,16,45,37,0,0,1,21,1,21,98,1,21,77,1,button,1,21,21,0,46,0,1.0000,64,0.000352,-1,-1,button,1,21,21,0,46,0,1.0000,64,0.001132,,-1,button,1,21,21,0,46,0,1.0000,64,0.001296,-1,,button,1,21,21,0,46,0,1.0000,64,0.777634,-1,-1,21,0,0,0,0.4,risk_path,4,Bot1|Bot2|Bot3|Bot4,,1,0
231,0.40,75,440,230717013,2732343365,3677,0.653689,507,1415,18-47,11-37,32-8,17,17,63,53,56,50,0,0,1,17,1,17,113,1,17,96,1,button,1,17,17,0,96,0,1.0000,24,0.000288,-1,-1,button,1,17,17,0,96,0,1.0000,24,0.000624,,-1,button,1,17,17,0,96,0,1.0000,24,0.000761,-1,,button,1,17,17,0,96,0,1.0000,24,0.548251,-1,-1,17,0,0,0,0.4,risk_path,4,Bot1|Bot2|Bot3|Bot4,,1,0
232,0.40,75,440,1277540315,2568731835,3650,0.648889,492,1378,51-49,20-26,68-25,56,54,47,41,73,49,0,0,1,56,1,56,142,1,56,86,1,button,1,56,56,0,85,0,1.0000,381,0.003155,-1,-1,button,1,56,56,0,85,0,1.0000,381,0.009335,,-1,button,1,56,56,0,85,0,1.0000,381,0.012440,-1,,button,1,56,56,0,85,0,1.0000,381,5.101914,-1,-1,56,0,0,0,0.4,risk_path,4,Bot1|Bot2|Bot3|Bot4,,1,0
233,0.40,75,440,2601371361,3429438074,3616,0.642844,495,1327,48-24,49-48,54-71,47,25,75,53,40,28,1,0,1,47,0,,95,1,47,48,1,button,1,47,47,0,48,0,1.0000,239,0.002323,-1,-1,button,1,47,47,0,48,0,1.0000,239,0.008787,,-1,button,1,47,47,0,48,0,1.0000,239,0.010687,-1,,button,1,47,47,0,48,0,1.0000,239,3.769195,1,1,47,0,0,0,0.4,risk_path,4,Bot1|Bot2|Bot3|Bot4,,1,0
234,0.40,75,440,2175815046,2513501025,3671,0.652622,515,1422,60-58,33-61,26-34,36,30,66,58,42,34,0,0,1,36,1,36,108,1,36,72,1,button,1,36,36,0,66,0,1.0000,69,0.000667,-1,-1,button,1,36,36,0,66,0,1.0000,69,0.003464,,-1,button,1,36,36,0,66,0,1.0000,69,0.003919,-1,,button,1,36,36,0,66,0,1.0000,69,2.245324,-1,-1,36,0,0,0,0.4,risk_path,4,Bot1|Bot2|Bot3|Bot4,,1,0
235,0.40,75,440,2903687551,1508666098,3664,0.651378,508,1412,62-11,20-70,59-72,105,101,88,64,77,41,1,0,1,105,0,,174,1,105,69,1,button,1,105,105,0,36,0,1.0000,713,0.010895,-1,-1,button,1,105,105,0,36,0,1.0000,713,0.059766,,-1,button,1,105,105,0,36,0,1.0000,713,0.070350,-1,,button,1,105,105,0,36,0,1.0000,713,16.869209,-1,-1,105,3,5,0,0.99,risk_path,4,Bot1|Bot2|Bot3|Bot4,,1,0
236,0.40,75,440,2767072028,3293256290,3657,0.650133,505,1375,27-0,15-28,25-43,46,40,61,45,33,25,1,0,1,46,0,,85,1,46,39,1,button,1,46,46,0,38,0,1.0000,147,0.001243,-1,-1,button,1,46,46,0,38,0,1.0000,147,0.006771,,-1,button,1,46,46,0,38,0,1.0000,147,0.007661,-1,,button,1,46,46,0,38,0,1.0000,147,3.565762,-1,-1,46,0,0,0,0.4,risk_path,4,Bot1|Bot2|Bot3|Bot4,,1,0
237,0.40,75,440,434350479,2119715637,3663,0.651200,511,1423,44-63,20-38,29-11,59,49,81,67,42,36,1,0,1,59,0,,110,1,59,51,1,button,1,59,59,0,49,0,1.0000,487,0.004342,-1,-1,button,1,59,59,0,49,0,1.0000,487,0.015582,,-1,button,1,59,59,0,49,0,1.0000,487,0.019012,-1,,button,1,59,59,0,49,0,1.0000,487,6.011576,-1,-1,59,0,0,0,0.4,risk_path,4,Bot1|Bot2|Bot3|Bot4,,1,0
238,0.40,75,440,860933267,2945000663,3628,0.644978,509,1350,25-29,50-8,50-6,48,46,48,48,4,2,1,0,1,48,0,,6,0,,,0,walked_into_fire,0,36,36,0,-29,12,0.7500,,0.001221,7,7,fire_reached_bot,0,95,6,89,-88,42,0.1250,,0.422382,,-1,fire_reached_bot,0,95,6,89,-88,42,0.1250,,0.822261,-1,,fire_reached_bot,0,95,6,89,-88,42,0.1250,,1.472522,-1,-1,95,0,6,89,,no_path,0,,Bot1|Bot2|Bot3|Bot4,0,1
239,0.40,75,440,3847153091,2545232110,3641,0.647289,491,1366,31-51,0-30,58-14,56,52,76,64,80,74,0,0,1,56,1,56,199,1,56,143,1,button,1,56,56,0,127,0,1.0000,366,0.003038,-1,-1,button,1,56,56,0,127,0,1.0000,366,0.011606,,-1,button,1,56,56,0,127,0,1.0000,366,0.014759,-1,,button,1,56,56,0,127,0,1.0000,366,5.024142,-1,-1,56,0,0,0,0.4,risk_path,4,Bot1|Bot2|Bot3|Bot4,,1,0
240,0.40,75,440,3830646336,1583051720,3645,0.648000,501,1357,37-49,56-9,43-1,67,59,72,54,23,21,1,0,1,67,0,,42,0,,,0,fire_reached_bot,0,52,52,0,-9,15,0.7761,,0.002656,41,36,fire_reached_bot,0,84,42,42,-41,27,0.5970,,0.198382,,36,fire_reached_bot,0,73,42,31,-30,25,0.6269,,0.351871,36,,fire_reached_bot,0,84,42,42,-41,27,0.5970,,7.735887,-1,36,84,0,42,42,,no_path,0,,Bot1|Bot2|Bot3|Bot4,0,1
241,0.40,75,440,50286375,2368400549,3661,0.650844,522,1437,27-9,46-22,65-3,40,32,62,44,44,38,0,0,1,40,1,40,111,1,40,71,1,button,1,40,40,0,71,0,1.0000,149,0.001338,-1,-1,button,1,40,40,0,71,0,1.0000,149,0.005661,,-1,button,1,40,40,0,71,0,1.0000,149,0.006647,-1,,button,1,40,40,0,71,0,1.0000,149,2.606808,37,37,40,0,0,0,0.4,risk_path,4,Bot1|Bot2|Bot3|Bot4,,1,0
242,0.40,75,440,229134076,547575414,3636,0.646400,512,1351,44-13,33-41,33-18,41,39,46,16,53,23,0,0,1,41,1,41,141,1,41,100,1,button,1,41,41,0,92,0,1.0000,9,0.000316,-1,-1,button,1,41,41,0,92,0,1.0000,9,0.002552,,-1,button,1,41,41,0,92,0,1.0000,9,0.002762,-1,,button,1,41,41,0,92,0,1.0000,9,2.673321,-1,-1,41,0,0,0,0.4,risk_path,4,Bot1|Bot2|Bot3|Bot4,,1,0
243,0.40,75,440,3829884547,2736529294,3653,0.649422,512,1397,6-66,44-36,13-50,68,68,31,23,45,45,1,0,1,68,0,,78,0,,,0,walked_into_fire,0,32,32,0,-2,36,0.4706,179,0.001160,30,30,fire_reached_bot,0,91,78,13,-12,16,0.7647,,0.068590,,54,fire_reached_bot,0,90,78,12,-11,8,0.8824,,0.087036,54,,fire_reached_bot,0,91,78,13,-12,16,0.7647,,9.523474,-1,54,91,6,72,13,0.99,no_path,0,,Bot1|Bot2|Bot3|Bot4,0,1
244,0.40,75,440,2905315126,631340303,3628,0.644978,494,1376,22-71,69-35,61-25,87,83,93,85,18,18,1,0,1,87,0,,37,0,,,0,walked_into_fire,0,73,73,0,-35,14,0.8391,,0.007986,38,38,fire_reached_bot,0,133,37,96,-95,50,0.4253,,0.368385,,-1,fire_reached_bot,0,133,37,96,-95,50,0.4253,,0.730752,-1,,fire_reached_bot,0,133,37,96,-95,50,0.4253,,8.612384,-1,-1,133,0,37,96,,no_path,0,,Bot1|Bot2|Bot3|Bot4,0,1
245,0.40,75,440,3180725409,3525950523,3641,0.647289,501,1379,46-21,33-48,70-57,40,40,62,60,66,46,0,0,1,40,1,40,142,1,40,102,1,button,1,40,40,0,85,0,1.0000,125,0.000927,-1,-1,button,1,40,40,0,85,0,1.0000,125,0.003630,,-1,button,1,40,40,0,85,0,1.0000,125,0.004268,-1,,button,1,40,40,0,85,0,1.0000,125,2.701748,-1,-1,40,0,0,0,0.4,risk_path,4,Bot1|Bot2|Bot3|Bot4,,1,0
246,0.40,75,440,3527288279,2290517008,3632,0.645689,488,1357,49-48,15-4,50-34,86,78,37,15,71,65,1,0,1,86,0,,146,1,86,60,1,button,1,86,86,0,8,0,1.0000,1127,0.011619,-1,-1,button,1,86,86,0,8,0,1.0000,1127,0.043540,,-1,button,1,86,86,0,8,0,1.0000,1127,0.053754,-1,,button,1,86,86,0,8,0,1.0000,1127,10.199364,-1,-1,86,0,0,0,0.4,risk_path,4,Bot1|Bot2|Bot3|Bot4,,1,0
247,0.40,75,440,2693909744,892987441,3653,0.649422,508,1396,12-31,19-16,27-15,24,22,37,31,13,9,1,0,1,24,0,,28,1,24,4,1,button,1,24,24,0,4,0,1.0000,50,0.000413,-1,-1,button,1,24,24,0,4,0,1.0000,50,0.001340,,-1,button,1,24,24,0,4,0,1.0000,50,0.001297,-1,,button,1,24,24,0,4,0,1.0000,50,1.073241,1,1,24,11,0,0,0.99,risk_path,4,Bot1|Bot2|Bot3|Bot4,,1,0
248,0.40,75,440,3466483215,701012700,3661,0.650844,506,1362,70-13,27-29,57-25,77,59,27,25,52,34,1,0,1,77,0,,129,1,89,40,0,walked_into_fire,0,23,23,0,-1,54,0.2987,39,0.001291,22,22,button,1,91,91,0,3,0,1.0000,943,0.043592,,-1,button,1,91,91,0,3,0,1.0000,943,0.043239,-1,,button,1,91,91,0,3,0,1.0000,943,12.292641,-1,-1,91,4,36,0,0.99,risk_path,3,Bot2|Bot3|Bot4,Bot1,0,0
249,0.40,75,440,3499659840,3439355226,3673,0.652978,514,1426,22-34,21-64,21-4,43,31,43,31,86,60,0,0,1,43,1,43,197,1,43,154,1,button,1,43,43,0,100,0,1.0000,221,0.001872,-1,-1,button,1,43,43,0,100,0,1.0000,221,0.005919,,-1,button,1,43,43,0,100,0,1.0000,221,0.007142,-1,,button,1,43,43,0,100,0,1.0000,221,3.077675,-1,-1,43,0,0,0,0.4,risk_path,4,Bot1|Bot2|Bot3|Bot4,,1,0
250,0.40,75,440,1517605910,2955868487,3642,0.647467,504,1373,46-30,45-21,67-21,12,10,30,30,36,22,0,0,1,12,1,12,91,1,12,79,1,button,1,12,12,0,63,0,1.0000,20,0.000181,-1,-1,button,1,12,12,0,63,0,1.0000,20,0.000337,,-1,button,1,12,12,0,63,0,1.0000,20,0.000424,-1,,button,1,12,12,0,63,0,1.0000,20,0.316911,-1,-1,12,0,0,0,0.4,risk_path,4,Bot1|Bot2|Bot3|Bot4,,1,0
251,0.40,75,440,742681489,3514916377,3632,0.645689,501,1338,21-17,13-44,11-71,43,35,84,64,41,29,1,0,1,43,0,,72,1,43,29,1,button,1,43,43,0,29,0,1.0000,187,0.001274,-1,-1,button,1,43,43,0,29,0,1.0000,187,0.004094,,-1,button,1,43,43,0,29,0,1.0000,187,0.005217,-1,,button,1,43,43,0,29,0,1.0000,187,3.053545,-1,-1,43,0,0,0,0.4,risk_path,4,Bot1|Bot2|Bot3|Bot4,,1,0
252,0.40,75,440,389585178,1768587399,3635,0.646222,502,1366,66-16,51-57,64-53,72,56,59,39,33,17,1,0,1,72,0,,75,0,,,0,walked_into_fire,0,64,64,0,-2,8,0.8889,352,0.002907,61,59,fire_reached_bot,0,102,75,27,-26,13,0.8194,,0.130701,,59,fire_reached_bot,0,93,75,18,-17,9,0.8750,,0.179804,59,,fire_reached_bot,0,102,75,27,-26,13,0.8194,,10.164254,-1,59,102,0,75,27,,no_path,0,,Bot1|Bot2|Bot3|Bot4,0,1
253,0.40,75,440,3332814137,1126990968,3634,0.646044,504,1387,69-32,59-13,32-53,89,29,70,58,95,67,0,0,1,89,1,89,210,1,89,121,1,button,1,89,89,0,57,0,1.0000,1290,0.013626,-1,-1,button,1,89,89,0,57,0,1.0000,1290,0.066876,,-1,button,1,89,89,0,57,0,1.0000,1290,0.079760,-1,,button,1,89,89,0,57,0,1.0000,1290,10.653309,47,47,89,0,0,0,0.4,risk_path,4,Bot1|Bot2|Bot3|Bot4,,1,0
254,0.40,75,440,1495801011,917814670,3676,0.653511,528,1432,47-21,14-43,57-68,59,55,71,57,92,68,0,0,1,59,1,59,195,1,59,136,1,button,1,59,59,0,123,0,1.0000,375,0.002750,-1,-1,button,1,59,59,0,123,0,1.0000,375,0.011395,,-1,button,1,59,59,0,123,0,1.0000,375,0.013607,-1,,button,1,59,59,0,123,0,1.0000,375,5.446544,-1,-1,59,0,0,0,0.4,risk_path,4,Bot1|Bot2|Bot3|Bot4,,1,0
255,0.40,75,440,2990102404,731289034,3646,0.648178,513,1347,4-13,3-46,4-57,48,34,66,44,20,12,1,0,1,48,0,,55,1,48,7,1,button,1,48,48,0,7,0,1.0000,210,0.001521,-1,-1,button,1,48,48,0,7,0,1.0000,210,0.005870,,-1,button,1,48,48,0,7,0,1.0000,210,0.007043,-1,,button,1,48,48,0,7,0,1.0000,210,3.869476,45,45,48,10,24,0,0.99,risk_path,4,Bot1|Bot2|Bot3|Bot4,,1,0
256,0.40,75,440,1232018688,2548799540,3612,0.642133,502,1307,72-37,46-52,56-73,49,41,62,52,33,31,1,0,1,49,0,,75,1,49,26,1,button,1,49,49,0,26,0,1.0000,169,0.001633,-1,-1,button,1,49,49,0,26,0,1.0000,169,0.006901,,-1,button,1,49,49,0,26,0,1.0000,169,0.007888,-1,,button,1,49,49,0,26,0,1.0000,169,3.853336,-1,-1,49,2,0,0,0.6,risk_path,4,Bot1|Bot2|Bot3|Bot4,,1,0
257,0.40,75,440,107580103,4254696228,3638,0.646756,494,1325,72-15,40-45,29-23,70,62,85,51,49,33,1,0,1,70,0,,106,1,70,36,1,button,1,70,70,0,36,0,1.0000,424,0.003312,-1,-1,button,1,70,70,0,36,0,1.0000,424,0.014163,,-1,button,1,70,70,0,36,0,1.0000,424,0.016737,-1,,button,1,70,70,0,36,0,1.0000,424,8.025723,-1,-1,70,1,0,0,0.6,risk_path,4,Bot1|Bot2|Bot3|Bot4,,1,0
258,0.40,75,440,2403017489,1321081877,3632,0.645689,502,1356,25-59,15-60,72-57,21,11,69,49,90,60,0,0,1,21,1,21,196,1,21,175,1,button,1,21,21,0,170,0,1.0000,52,0.000479,-1,-1,button,1,21,21,0,170,0,1.0000,52,0.001198,,-1,button,1,21,21,0,170,0,1.0000,52,0.001464,-1,,button,1,21,21,0,170,0,1.0000,52,0.806774,-1,-1,21,0,0,0,0.4,risk_path,4,Bot1|Bot2|Bot3|Bot4,,1,0
259,0.40,75,440,3247152571,688223439,3631,0.645511,509,1371,69-74,26-34,10-32,85,83,103,101,20,18,1,0,1,85,0,,41,0,,,0,walked_into_fire,0,70,70,0,-28,15,0.8235,,0.003493,42,42,fire_reached_bot,0,117,41,76,-75,44,0.4824,,0.276151,,-1,fire_reached_bot,0,117,41,76,-75,44,0.4824,,0.523973,-1,,fire_reached_bot,0,117,41,76,-75,44,0.4824,,9.419080,-1,-1,117,0,41,76,,no_path,0,,Bot1|Bot2|Bot3|Bot4,0,1
260,0.40,75,440,2786424847,3343057812,3666,0.651733,505,1445,11-26,51-68,14-46,82,82,41,23,65,59,1,0,1,82,0,,159,1,82,77,1,button,1,82,82,0,33,0,1.0000,584,0.005652,-1,-1,button,1,82,82,0,33,0,1.0000,584,0.017896,,-1,button,1,82,82,0,33,0,1.0000,584,0.023265,-1,,button,1,82,82,0,45,0,1.0000,584,11.350515,1,1,82,0,0,0,0.4,risk_path,4,Bot1|Bot2|Bot3|Bot4,,1,0
261,0.40,75,440,2797536688,4050217512,3651,0.649067,503,1365,0-14,53-28,35-60,81,67,99,81,54,50,1,0,1,81,0,,114,1,81,33,1,button,1,81,81,0,33,0,1.0000,880,0.009663,-1,-1,button,1,81,81,0,33,0,1.0000,880,0.034540,,-1,button,1,81,81,0,33,0,1.0000,880,0.042793,-1,,button,1,81,81,0,33,0,1.0000,880,10.639697,6,6,81,10,0,0,0.99,risk_path,4,Bot1|Bot2|Bot3|Bot4,,1,0
262,0.40,75,440,3920002231,96578032,3642,0.647467,510,1405,70-17,18-0,22-20,83,69,75,51,30,24,1,0,1,83,0,,56,0,,,0,fire_reached_bot,0,53,53,0,0,30,0.6386,415,0.003498,37,37,fire_reached_bot,0,79,36,43,-22,47,0.4337,,0.198685,,-1,fire_reached_bot,0,79,36,43,-22,47,0.4337,,0.389108,-1,,fire_reached_bot,0,79,36,43,-22,47,0.4337,,7.942674,-1,-1,79,0,36,43,,no_path,0,,Bot1|Bot2|Bot3|Bot4,0,1
263,0.40,75,440,221242311,932793819,3625,0.644444,502,1344,3-28,11-56,64-10,40,36,85,79,113,99,0,0,1,40,1,40,248,1,40,208,1,button,1,40,40,0,199,0,1.0000,189,0.001283,-1,-1,button,1,40,40,0,199,0,1.0000,189,0.004739,,-1,button,1,40,40,0,199,0,1.0000,189,0.005961,-1,,button,1,40,40,0,199,0,1.0000,189,2.798965,19,19,40,0,0,0,0.4,risk_path,4,Bot1|Bot2|Bot3|Bot4,,1,0
264,0.40,75,440,1006815665,3029020804,3650,0.648889,508,1335,0-54,26-44,69-74,48,36,107,89,75,73,0,0,1,48,1,48,163,1,48,115,1,button,1,48,48,0,113,0,1.0000,201,0.001882,-1,-1,button,1,48,48,0,113,0,1.0000,201,0.009985,,-1,button,1,48,48,0,113,0,1.0000,201,0.011981,-1,,button,1,48,48,0,113,0,1.0000,201,4.093436,1,1,48,0,0,0,0.4,risk_path,4,Bot1|Bot2|Bot3|Bot4,,1,0
265,0.40,75,440,3550384,2803946996,3652,0.649244,496,1359,36-68,30-18,50-16,72,56,86,66,32,22,1,0,1,72,0,,71,0,,,0,walked_into_fire,0,72,72,0,-1,0,1.0000,615,0.004930,72,72,fire_reached_bot,0,72,71,1,0,1,0.9861,,0.025379,,-1,fire_reached_bot,0,72,71,1,0,1,0.9861,,0.038153,-1,,fire_reached_bot,0,72,71,1,0,1,0.9861,,9.461668,-1,-1,72,12,54,1,0.99,no_path,0,,Bot1|Bot2|Bot3|Bot4,0,1
266,0.40,75,440,1459446169,848544576,3647,0.648356,503,1372,12-53,23-15,51-21,59,49,79,71,36,34,1,0,1,59,0,,74,1,59,15,1,button,1,59,59,0,15,0,1.0000,740,0.005421,-1,-1,button,1,59,59,0,15,0,1.0000,740,0.013837,,-1,button,1,59,59,0,15,0,1.0000,740,0.019889,-1,,button,1,59,59,0,9,0,1.0000,740,6.482741,14,14,59,17,10,0,0.99,risk_path,4,Bot1|Bot2|Bot3|Bot4,,1,0
267,0.40,75,440,1897333980,3152261953,3618,0.643200,496,1339,34-62,30-66,59-38,10,8,53,49,61,57,0,0,1,10,1,10,130,1,10,120,1,button,1,10,10,0,108,0,1.0000,26,0.000156,-1,-1,button,1,10,10,0,108,0,1.0000,26,0.000241,,-1,button,1,10,10,0,108,0,1.0000,26,0.000359,-1,,button,1,10,10,0,108,0,1.0000,26,0.248679,-1,-1,10,0,0,0,0.4,risk_path,4,Bot1|Bot2|Bot3|Bot4,,1,0
268,0.40,75,440,1652118545,685776228,3653,0.649422,509,1418,3-27,46-74,31-68,92,90,71,69,21,21,1,0,1,92,0,,53,0,,,0,fire_reached_bot,0,50,50,0,0,42,0.5435,365,0.002979,10,10,fire_reached_bot,0,90,46,44,-36,56,0.3913,,0.243094,,24,fire_reached_bot,0,125,46,79,-71,70,0.2391,,0.727634,24,,fire_reached_bot,0,90,46,44,-36,56,0.3913,,12.265540,-1,24,90,0,46,44,,no_path,0,,Bot1|Bot2|Bot3|Bot4,0,1
269,0.40,75,440,943373969,2848700176,3631,0.645511,501,1392,10-22,36-18,37-71,38,30,82,76,72,54,0,0,1,38,1,38,172,1,38,134,1,button,1,38,38,0,134,0,1.0000,200,0.001369,-1,-1,button,1,38,38,0,134,0,1.0000,200,0.004004,,-1,button,1,38,38,0,134,0,1.0000,200,0.005118,-1,,button,1,38,38,0,134,0,1.0000,200,2.797214,1,1,38,0,0,0,0.4,risk_path,4,Bot1|Bot2|Bot3|Bot4,,1,0
270,0.40,75,440,1415906743,1027550563,3643,0.647644,499,1344,71-56,1-44,50-21,96,82,60,56,80,72,1,0,1,96,0,,161,1,96,65,1,button,1,96,96,0,42,0,1.0000,1310,0.012061,-1,-1,button,1,96,96,0,42,0,1.0000,1310,0.048665,,-1,button,1,96,96,0,42,0,1.0000,1310,0.060117,-1,,button,1,96,96,0,42,0,1.0000,1310,13.140363,9,9,96,0,0,0,0.4,risk_path,4,Bot1|Bot2|Bot3|Bot4,,1,0
271,0.40,75,440,4249967921,3928420346,3633,0.645867,503,1392,3-30,29-44,72-6,50,40,101,93,83,81,0,0,1,50,1,50,185,1,50,135,1,button,1,50,50,0,133,0,1.0000,178,0.001648,-1,-1,button,1,50,50,0,133,0,1.0000,178,0.005681,,-1,button,1,50,50,0,133,0,1.0000,178,0.007018,-1,,button,1,50,50,0,133,0,1.0000,178,4.097448,10,10,50,0,0,0,0.4,risk_path,4,Bot1|Bot2|Bot3|Bot4,,1,0
272,0.40,75,440,3406299465,3246889654,3643,0.647644,495,1345,7-69,26-14,52-56,82,74,64,58,78,68,1,0,1,82,0,,173,1,82,91,1,button,1,82,82,0,68,0,1.0000,772,0.006747,-1,-1,button,1,82,82,0,68,0,1.0000,772,0.028976,,-1,button,1,82,82,0,68,0,1.0000,772,0.035295,-1,,button,1,82,82,0,68,0,1.0000,772,10.625866,1,1,82,0,0,0,0.4,risk_path,4,Bot1|Bot2|Bot3|Bot4,,1,0
273,0.40,75,440,2347823433,2610306846,3633,0.645867,506,1373,13-74,74-39,46-24,106,96,87,83,55,43,1,0,1,106,0,,113,0,,,0,walked_into_fire,0,80,80,0,-1,26,0.7547,1338,0.014051,74,70,fire_reached_bot,0,103,99,4,0,17,0.8396,2078,0.064061,,70,fire_reached_bot,0,103,99,4,0,13,0.8774,2078,0.103235,70,,fire_reached_bot,0,103,99,4,0,17,0.8396,2078,15.903093,-1,70,103,0,99,4,,no_path,0,,Bot1|Bot2|Bot3|Bot4,0,1
274,0.40,75,440,2266113072,2703714323,3649,0.648711,509,1393,60-40,45-73,70-6,54,48,58,44,108,92,0,0,1,54,1,54,256,1,54,202,1,button,1,54,54,0,150,0,1.0000,155,0.001762,-1,-1,button,1,54,54,0,150,0,1.0000,155,0.009013,,-1,button,1,54,54,0,150,0,1.0000,155,0.010069,-1,,button,1,54,54,0,150,0,1.0000,155,5.214559,-1,-1,54,0,0,0,0.4,risk_path,4,Bot1|Bot2|Bot3|Bot4,,1,0
275,0.40,75,440,572313208,4115807259,3673,0.652978,515,1382,27-14,6-71,71-65,96,78,101,95,101,71,0,0,1,96,1,96,239,1,96,143,1,button,1,96,96,0,115,0,1.0000,395,0.005759,-1,-1,button,1,96,96,0,115,0,1.0000,395,0.053398,,-1,button,1,96,96,0,115,0,1.0000,395,0.057716,-1,,button,1,96,96,0,115,0,1.0000,395,15.422462,76,76,96,0,0,0,0.4,risk_path,4,Bot1|Bot2|Bot3|Bot4,,1,0
276,0.40,75,440,441933108,3198590936,3653,0.649422,500,1388,16-39,72-3,74-20,98,92,85,77,29,19,1,0,1,98,0,,62,0,,,0,fire_reached_bot,0,71,71,0,-8,27,0.7245,,0.003803,57,57,fire_reached_bot,0,103,56,47,-40,42,0.5714,,0.251507,,-1,fire_reached_bot,0,103,56,47,-40,42,0.5714,,0.458600,-1,,fire_reached_bot,0,103,56,47,-40,42,0.5714,,14.493847,-1,-1,103,0,56,47,,no_path,0,,Bot1|Bot2|Bot3|Bot4,0,1
277,0.40,75,440,3418122606,1333948928,3641,0.647289,508,1374,47-46,22-43,66-36,32,28,37,29,67,51,0,0,1,32,1,32,165,1,32,133,1,button,1,32,32,0,91,0,1.0000,82,0.000625,-1,-1,button,1,32,32,0,91,0,1.0000,82,0.001828,,-1,button,1,32,32,0,91,0,1.0000,82,0.002226,-1,,button,1,32,32,0,91,0,1.0000,82,1.720612,-1,-1,32,0,0,0,0.4,risk_path,4,Bot1|Bot2|Bot3|Bot4,,1,0
278,0.40,75,440,2893733061,2995401778,3638,0.646756,510,1380,32-62,48-27,5-67,57,51,48,32,89,83,0,0,1,57,1,57,175,1,57,118,1,button,1,57,57,0,96,0,1.0000,209,0.002200,-1,-1,button,1,57,57,0,96,0,1.0000,209,0.011534,,-1,button,1,57,57,0,96,0,1.0000,209,0.013121,-1,,button,1,57,57,0,96,0,1.0000,209,5.432805,22,22,57,0,0,0,0.4,risk_path,4,Bot1|Bot2|Bot3|Bot4,,1,0
279,0.40,75,440,3773649777,926245506,3628,0.644978,495,1368,32-63,60-72,25-22,47,37,60,48,87,85,0,0,1,47,1,47,178,1,47,131,1,button,1,47,47,0,102,0,1.0000,355,0.002262,-1,-1,button,1,47,47,0,102,0,1.0000,355,0.008737,,-1,button,1,47,47,0,102,0,1.0000,355,0.010623,-1,,button,1,47,47,0,102,0,1.0000,355,4.176727,7,7,47,0,0,0,0.4,risk_path,4,Bot1|Bot2|Bot3|Bot4,,1,0
280,0.40,75,440,2985125786,3442015289,3635,0.646222,507,1348,28-4,7-3,50-1,34,22,41,25,63,45,0,0,1,34,1,34,146,1,34,112,1,button,1,34,34,0,86,0,1.0000,52,0.000597,-1,-1,button,1,34,34,0,86,0,1.0000,52,0.002487,,-1,button,1,34,34,0,86,0,1.0000,52,0.002796,-1,,button,1,34,34,0,86,0,1.0000,52,2.017343,-1,-1,34,0,0,0,0.4,risk_path,4,Bot1|Bot2|Bot3|Bot4,,1,0
281,0.40,75,440,2521516864,696713569,3648,0.648533,502,1389,44-7,32-14,41-1,25,19,11,9,28,22,0,0,1,25,1,25,62,1,25,37,1,button,1,25,25,0,23,0,1.0000,55,0.000423,-1,-1,button,1,25,25,0,23,0,1.0000,55,0.001704,,-1,button,1,25,25,0,23,0,1.0000,55,0.001957,-1,,button,1,25,25,0,23,0,1.0000,55,1.136682,-1,-1,25,0,0,0,0.4,risk_path,4,Bot1|Bot2|Bot3|Bot4,,1,0
282,0.40,75,440,3512670226,3470638926,3653,0.649422,513,1374,59-63,33-58,21-65,53,31,74,40,31,19,1,0,1,53,0,,72,1,53,19,1,button,1,53,53,0,19,0,1.0000,417,0.003281,-1,-1,button,1,53,53,0,19,0,1.0000,417,0.011476,,-1,button,1,53,53,0,19,0,1.0000,417,0.014170,-1,,button,1,53,53,0,19,0,1.0000,417,5.076753,-1,-1,53,22,7,0,0.99,risk_path,4,Bot1|Bot2|Bot3|Bot4,,1,0
283,0.40,75,440,139254943,2871586275,3638,0.646756,499,1382,4-42,66-69,7-3,103,89,60,42,127,125,0,0,1,103,1,103,277,1,103,174,1,button,1,103,103,0,80,0,1.0000,860,0.011912,-1,-1,button,1,103,103,0,80,0,1.0000,860,0.064157,,-1,button,1,103,103,0,80,0,1.0000,860,0.073163,-1,,button,1,103,103,0,80,0,1.0000,860,16.393015,38,38,103,0,0,0,0.4,risk_path,4,Bot1|Bot2|Bot3|Bot4,,1,0
284,0.40,75,440,2016013904,2387887068,3654,0.649600,510,1422,62-39,27-35,2-37,59,39,92,62,39,27,1,0,1,59,0,,81,1,59,22,1,button,1,59,59,0,22,0,1.0000,375,0.003267,-1,-1,button,1,59,59,0,22,0,1.0000,375,0.011560,,-1,button,1,59,59,0,22,0,1.0000,375,0.014028,-1,,button,1,59,59,0,22,0,1.0000,375,6.016096,-1,-1,59,10,0,0,0.99,risk_path,4,Bot1|Bot2|Bot3|Bot4,,1,0
285,0.40,75,440,2152869414,3950020351,3662,0.651022,509,1413,46-68,12-66,41-41,46,36,40,32,58,54,0,0,1,46,1,46,118,1,46,72,1,button,1,46,46,0,66,0,1.0000,234,0.001627,-1,-1,button,1,46,46,0,66,0,1.0000,234,0.006512,,-1,button,1,46,46,0,66,0,1.0000,234,0.007538,-1,,button,1,46,46,0,68,0,1.0000,234,3.609451,34,34,46,0,0,0,0.4,risk_path,4,Bot1|Bot2|Bot3|Bot4,,1,0
286,0.40,75,440,1157899962,1993066084,3639,0.646933,494,1362,35-40,45-7,36-3,55,43,56,38,15,13,1,0,1,55,0,,36,0,,,0,walked_into_fire,0,40,40,0,-4,15,0.7273,,0.001528,23,23,fire_reached_bot,0,67,36,31,-30,23,0.5818,,0.155849,,31,fire_reached_bot,0,73,36,37,-36,31,0.4364,,0.364828,31,,fire_reached_bot,0,67,36,31,-30,23,0.5818,,5.916191,-1,31,67,0,36,31,,no_path,0,,Bot1|Bot2|Bot3|Bot4,0,1
287,0.40,75,440,3991210846,343377854,3657,0.650133,514,1363,38-53,25-9,44-54,67,57,19,7,86,64,0,0,1,67,1,67,173,1,67,106,1,button,1,67,67,0,52,0,1.0000,294,0.002755,-1,-1,button,1,67,67,0,52,0,1.0000,294,0.017564,,-1,button,1,67,67,0,52,0,1.0000,294,0.019453,-1,,button,1,67,67,0,52,0,1.0000,294,7.071544,65,65,67,0,0,0,0.4,risk_path,4,Bot1|Bot2|Bot3|Bot4,,1,0
288,0.40,75,440,3830897319,2464422491,3661,0.650844,511,1430,65-37,32-41,39-55,47,37,46,44,33,21,1,0,1,47,0,,74,1,47,27,1,button,1,47,47,0,27,0,1.0000,408,0.002668,-1,-1,button,1,47,47,0,27,0,1.0000,408,0.007687,,-1,button,1,47,47,0,27,0,1.0000,408,0.010141,-1,,button,1,47,47,0,27,0,1.0000,408,3.719008,-1,-1,47,0,0,0,0.4,risk_path,4,Bot1|Bot2|Bot3|Bot4,,1,0
289,0.40,75,440,718415510,2147925118,3645,0.648000,499,1380,34-46,50-13,2-73,57,49,61,59,118,108,0,0,1,57,1,57,238,1,57,181,1,button,1,57,57,0,129,0,1.0000,212,0.002094,-1,-1,button,1,57,57,0,129,0,1.0000,212,0.010079,,-1,button,1,57,57,0,129,0,1.0000,212,0.016789,-1,,button,1,57,57,0,129,0,1.0000,212,5.568134,3,3,57,0,0,0,0.4,risk_path,4,Bot1|Bot2|Bot3|Bot4,,1,0
290,0.40,75,440,3810450922,1091198838,3649,0.648711,509,1393,38-31,8-34,21-59,45,33,45,45,44,38,1,0,1,45,0,,93,1,45,48,1,button,1,45,45,0,48,0,1.0000,361,0.002304,-1,-1,button,1,45,45,0,48,0,1.0000,361,0.006831,,-1,button,1,45,45,0,48,0,1.0000,361,0.008820,-1,,button,1,45,45,0,48,0,1.0000,361,3.410112,-1,-1,45,0,0,0,0.4,risk_path,4,Bot1|Bot2|Bot3|Bot4,,1,0
291,0.40,75,440,488650922,3463263512,3635,0.646222,503,1370,28-52,57-36,37-65,51,45,30,22,53,49,0,0,1,51,1,51,111,1,51,60,1,button,1,51,51,0,37,0,1.0000,158,0.001301,-1,-1,button,1,51,51,0,37,0,1.0000,158,0.008241,,-1,button,1,51,51,0,37,0,1.0000,158,0.008970,-1,,button,1,51,51,0,37,0,1.0000,158,4.339834,1,1,51,0,0,0,0.4,risk_path,4,Bot1|Bot2|Bot3|Bot4,,1,0
292,0.40,75,440,1069063252,2129452804,3641,0.647289,498,1356,46-5,62-39,70-24,56,50,59,43,23,23,1,0,1,56,0,,46,0,,,0,fire_reached_bot,0,44,44,0,0,12,0.7857,220,0.001415,-1,-1,fire_reached_bot,0,44,44,0,0,12,0.7857,220,0.007216,,-1,fire_reached_bot,0,44,44,0,0,12,0.7857,220,0.007682,-1,,fire_reached_bot,0,44,44,0,0,12,0.7857,220,5.955820,-1,-1,44,0,44,0,,shortest_path_fallback,0,,Bot1|Bot2|Bot3|Bot4,0,1
293,0.40,75,440,2939677069,3588486604,3656,0.649956,511,1377,31-9,16-62,11-71,74,68,88,82,14,14,1,0,1,74,0,,30,0,,,0,walked_into_fire,0,59,59,0,-28,15,0.7973,,0.002885,31,31,fire_reached_bot,0,130,30,100,-99,44,0.4054,,0.469255,,-1,fire_reached_bot,0,130,30,100,-99,44,0.4054,,0.883721,-1,,fire_reached_bot,0,130,30,100,-99,44,0.4054,,6.843316,-1,-1,130,0,30,100,,no_path,0,,Bot1|Bot2|Bot3|Bot4,0,1
294,0.40,75,440,3448987124,1070658387,3646,0.648178,504,1370,1-64,0-32,53-31,51,33,87,85,68,54,0,0,1,51,1,51,152,1,51,101,1,button,1,51,51,0,83,0,1.0000,418,0.002812,-1,-1,button,1,51,51,0,83,0,1.0000,418,0.008435,,-1,button,1,51,51,0,83,0,1.0000,418,0.011071,-1,,button,1,51,51,0,83,0,1.0000,418,4.845845,-1,-1,51,0,0,0,0.4,risk_path,4,Bot1|Bot2|Bot3|Bot4,,1,0
295,0.40,75,440,3957383876,3993555280,3636,0.646400,488,1349,43-23,34-19,37-37,15,13,26,20,23,21,0,0,1,15,1,15,59,1,15,44,1,button,1,15,15,0,41,0,1.0000,36,0.000194,-1,-1,button,1,15,15,0,41,0,1.0000,36,0.000473,,-1,button,1,15,15,0,41,0,1.0000,36,0.000551,-1,,button,1,15,15,0,41,0,1.0000,36,0.452100,-1,-1,15,0,0,0,0.4,risk_path,4,Bot1|Bot2|Bot3|Bot4,,1,0
296,0.40,75,440,1682334534,1630947947,3617,0.643022,503,1320,22-65,9-42,33-4,52,36,102,72,66,62,0,0,1,52,1,52,148,1,52,96,1,button,1,52,52,0,96,0,1.0000,261,0.002218,-1,-1,button,1,52,52,0,96,0,1.0000,261,0.009644,,-1,button,1,52,52,0,96,0,1.0000,261,0.011353,-1,,button,1,52,52,0,96,0,1.0000,261,4.461848,47,47,52,0,0,0,0.4,risk_path,4,Bot1|Bot2|Bot3|Bot4,,1,0
297,0.40,75,440,3826954389,2667375914,3627,0.644800,504,1383,45-29,20-58,24-32,58,54,32,24,34,30,1,0,1,58,0,,80,1,58,22,0,walked_into_fire,0,25,25,0,-3,33,0.4310,64,0.001152,20,16,fire_reached_bot,0,97,80,17,-16,40,0.3103,,0.100087,,16,button,1,68,68,0,1,0,1.0000,704,0.027582,16,,fire_reached_bot,0,97,80,17,-16,40,0.3103,,13.239826,-1,16,97,0,80,17,,no_path,1,Bot3,Bot1|Bot2|Bot4,0,0
298,0.40,75,440,1463647553,2324460761,3676,0.653511,516,1382,7-73,14-7,18-37,113,73,73,47,48,34,1,0,1,113,0,,114,0,,,0,walked_into_fire,0,55,55,0,-4,58,0.4867,192,0.003201,52,52,fire_reached_bot,0,116,114,2,-1,1,0.9912,,0.102090,,109,fire_reached_bot,0,120,114,6,-5,9,0.9204,,0.140075,109,,fire_reached_bot,0,116,114,2,-1,1,0.9912,,18.565492,92,92,116,23,90,2,0.99,no_path,0,,Bot1|Bot2|Bot3|Bot4,0,1
299,0.40,75,440,290523079,465395590,3655,0.649778,518,1381,69-18,62-58,22-38,57,47,77,67,66,60,0,0,1,57,1,57,151,1,57,94,1,button,1,57,57,0,94,0,1.0000,360,0.002504,-1,-1,button,1,57,57,0,94,0,1.0000,360,0.011082,,-1,button,1,57,57,0,94,0,1.0000,360,0.012268,-1,,button,1,57,57,0,94,0,1.0000,360,5.260876,-1,-1,57,0,0,0,0.4,risk_path,4,Bot1|Bot2|Bot3|Bot4,,1,0
300,0.40,75,440,2918341021,4123951292,3643,0.647644,507,1388,3-20,42-65,72-2,98,84,121,87,103,93,0,0,1,98,1,98,224,1,98,126,1,button,1,98,98,0,121,0,1.0000,363,0.005112,-1,-1,button,1,98,98,0,121,0,1.0000,363,0.057482,,-1,button,1,98,98,0,121,0,1.0000,363,0.060027,-1,,button,1,98,98,0,121,0,1.0000,363,15.202324,17,17,98,0,0,0,0.4,risk_path,4,Bot1|Bot2|Bot3|Bot4,,1,0
301,0.40,75,440,1819333381,488089373,3635,0.646222,494,1346,46-31,45-39,54-54,11,9,35,31,24,24,0,0,1,11,1,11,53,1,11,42,1,button,1,11,11,0,42,0,1.0000,18,0.000132,-1,-1,button,1,11,11,0,42,0,1.0000,18,0.000242,,-1,button,1,11,11,0,42,0,1.0000,18,0.000291,-1,,button,1,11,11,0,42,0,1.0000,18,0.268538,-1,-1,11,0,0,0,0.4,risk_path,4,Bot1|Bot2|Bot3|Bot4,,1,0
302,0.40,75,440,1770019578,3777455532,3626,0.644622,501,1376,59-48,49-47,28-6,21,11,73,73,64,62,0,0,1,21,1,21,127,1,21,106,1,button,1,21,21,0,106,0,1.0000,48,0.000405,-1,-1,button,1,21,21,0,106,0,1.0000,48,0.000934,,-1,button,1,21,21,0,106,0,1.0000,48,0.001136,-1,,button,1,21,21,0,106,0,1.0000,48,0.799254,8,8,21,0,0,0,0.4,risk_path,4,Bot1|Bot2|Bot3|Bot4,,1,0
303,0.40,75,440,1560084379,2039133605,3629,0.645156,497,1345,39-25,1-70,74-53,97,83,69,63,96,90,1,0,1,97,0,,204,1,97,107,1,button,1,97,97,0,52,0,1.0000,895,0.010913,-1,-1,button,1,97,97,0,52,0,1.0000,895,0.052798,,-1,button,1,97,97,0,52,0,1.0000,895,0.068040,-1,,button,1,97,97,0,52,0,1.0000,895,13.144127,-1,-1,97,0,0,0,0.4,risk_path,4,Bot1|Bot2|Bot3|Bot4,,1,0
304,0.40,75,440,3262132408,1721014697,3658,0.650311,496,1385,65-54,0-53,27-37,96,66,59,55,49,43,1,0,1,96,0,,108,0,,,0,walked_into_fire,0,71,71,0,-4,25,0.7396,612,0.005705,69,55,fire_reached_bot,0,99,89,10,0,31,0.6771,1463,0.114904,,55,fire_reached_bot,0,101,89,12,0,33,0.6562,1550,0.163379,55,,fire_reached_bot,0,99,89,10,0,31,0.6771,1463,16.957560,-1,55,99,0,89,10,,no_path,0,,Bot1|Bot2|Bot3|Bot4,0,1
305,0.40,75,440,77630353,3086096505,3634,0.646044,490,1370,32-73,64-44,11-31,65,61,67,63,74,66,0,0,1,65,1,65,169,1,65,104,1,button,1,65,65,0,101,0,1.0000,429,0.003581,-1,-1,button,1,65,65,0,101,0,1.0000,429,0.012168,,-1,button,1,65,65,0,101,0,1.0000,429,0.014984,-1,,button,1,65,65,0,104,0,1.0000,429,7.213425,9,9,65,0,0,0,0.4,risk_path,4,Bot1|Bot2|Bot3|Bot4,,1,0
306,0.40,75,440,3978666814,258631395,3644,0.647822,494,1394,3-14,7-13,33-47,15,5,73,63,68,60,0,0,1,15,1,15,140,1,15,125,1,button,1,15,15,0,125,0,1.0000,39,0.000239,-1,-1,button,1,15,15,0,125,0,1.0000,39,0.000484,,-1,button,1,15,15,0,125,0,1.0000,39,0.000618,-1,,button,1,15,15,0,125,0,1.0000,39,0.513366,-1,-1,15,0,0,0,0.4,risk_path,4,Bot1|Bot2|Bot3|Bot4,,1,0
307,0.40,75,440,1680995527,3003881739,3653,0.649422,507,1391,65-55,74-12,61-23,66,52,44,36,24,24,1,0,1,66,0,,49,0,,,0,fire_reached_bot,0,29,29,0,0,37,0.4394,140,0.001422,22,22,fire_reached_bot,0,54,40,14,-4,46,0.3030,,0.098894,,31,fire_reached_bot,0,59,40,19,-9,48,0.2727,,0.219328,31,,fire_reached_bot,0,54,40,14,-4,46,0.3030,,9.536606,-1,31,54,0,40,14,,no_path,0,,Bot1|Bot2|Bot3|Bot4,0,1
308,0.40,75,440,3117523694,2309348517,3656,0.649956,515,1390,15-41,1-38,23-35,31,17,14,14,39,25,0,0,1,31,1,31,83,1,31,52,1,button,1,31,31,0,30,0,1.0000,152,0.000732,-1,-1,button,1,31,31,0,30,0,1.0000,152,0.002124,,-1,button,1,31,31,0,30,0,1.0000,152,0.002669,-1,,button,1,31,31,0,30,0,1.0000,152,1.628856,-1,-1,31,0,0,0,0.4,risk_path,4,Bot1|Bot2|Bot3|Bot4,,1,0
309,0.40,75,440,2835355592,297263676,3627,0.644800,500,1373,11-50,68-37,68-60,86,70,97,67,41,23,1,0,1,86,0,,84,0,,,0,fire_reached_bot,0,72,72,0,0,14,0.8372,349,0.004677,71,69,fire_reached_bot,0,105,83,22,-20,25,0.7093,,0.114198,,69,fire_reached_bot,0,101,83,18,-16,21,0.7558,,0.201646,69,,fire_reached_bot,0,105,83,22,-20,25,0.7093,,14.246857,-1,69,105,0,83,22,,no_path,0,,Bot1|Bot2|Bot3|Bot4,0,1
310,0.40,75,440,2898697772,2994729344,3622,0.643911,510,1334,29-24,19-52,44-21,56,38,22,18,58,56,0,0,1,56,1,56,154,1,56,98,1,button,1,56,56,0,52,0,1.0000,386,0.003291,-1,-1,button,1,56,56,0,52,0,1.0000,386,0.015276,,-1,button,1,56,56,0,52,0,1.0000,386,0.018113,-1,,button,1,56,56,0,52,0,1.0000,386,4.804928,-1,-1,56,0,0,0,0.4,risk_path,4,Bot1|Bot2|Bot3|Bot4,,1,0
311,0.40,75,440,1005567868,222496869,3643,0.647644,506,1381,16-45,13-59,40-62,35,17,65,41,50,30,0,0,1,35,1,35,107,1,35,72,1,button,1,35,35,0,70,0,1.0000,100,0.000649,-1,-1,button,1,35,35,0,70,0,1.0000,100,0.002855,,-1,button,1,35,35,0,70,0,1.0000,100,0.003233,-1,,button,1,35,35,0,70,0,1.0000,100,2.099246,-1,-1,35,0,0,0,0.4,risk_path,4,Bot1|Bot2|Bot3|Bot4,,1,0
312,0.40,75,440,3042795674,2137903543,3656,0.649956,523,1394,37-7,45-46,3-20,65,47,55,47,74,68,0,0,1,65,1,65,166,1,65,101,1,button,1,65,65,0,83,0,1.0000,358,0.003276,-1,-1,button,1,65,65,0,83,0,1.0000,358,0.011624,,-1,button,1,65,65,0,83,0,1.0000,358,0.013768,-1,,button,1,65,65,0,92,0,1.0000,358,7.247825,39,39,65,0,0,0,0.4,risk_path,4,Bot1|Bot2|Bot3|Bot4,,1,0
313,0.40,75,440,1246630585,1554748669,3644,0.647822,515,1381,70-15,74-36,60-13,39,25,58,12,53,37,0,0,1,39,1,39,121,1,39,82,1,button,1,39,39,0,62,0,1.0000,105,0.001029,-1,-1,button,1,39,39,0,62,0,1.0000,105,0.004315,,-1,button,1,39,39,0,62,0,1.0000,105,0.006146,-1,,button,1,39,39,0,63,0,1.0000,105,2.595735,25,25,39,0,0,0,0.4,risk_path,4,Bot1|Bot2|Bot3|Bot4,,1,0
314,0.40,75,440,2358439391,771830428,3651,0.649067,506,1369,54-13,45-40,7-28,40,36,82,62,62,50,0,0,1,40,1,40,153,1,40,113,1,button,1,40,40,0,110,0,1.0000,83,0.000625,-1,-1,button,1,40,40,0,110,0,1.0000,83,0.003051,,-1,button,1,40,40,0,110,0,1.0000,83,0.006729,-1,,button,1,40,40,0,110,0,1.0000,83,2.631965,-1,-1,40,0,0,0,0.4,risk_path,4,Bot1|Bot2|Bot3|Bot4,,1,0
315,0.40,75,440,773523320,1401553363,3618,0.643200,495,1376,24-48,24-35,13-9,19,13,58,50,53,37,0,0,1,19,1,19,111,1,19,92,1,button,1,19,19,0,80,0,1.0000,71,0.000416,-1,-1,button,1,19,19,0,80,0,1.0000,71,0.000831,,-1,button,1,19,19,0,80,0,1.0000,71,0.002032,-1,,button,1,19,19,0,80,0,1.0000,71,0.658335,6,6,19,0,0,0,0.4,risk_path,4,Bot1|Bot2|Bot3|Bot4,,1,0
316,0.40,75,440,1738134723,2008269550,3615,0.642667,493,1361,13-28,74-55,16-9,92,88,34,22,108,104,0,0,1,92,1,92,250,1,92,158,1,button,1,92,92,0,71,0,1.0000,802,0.008396,-1,-1,button,1,92,92,0,71,0,1.0000,802,0.038513,,-1,button,1,92,92,0,71,0,1.0000,802,0.044865,-1,,button,1,92,92,0,71,0,1.0000,802,12.144184,15,15,92,0,0,0,0.4,risk_path,4,Bot1|Bot2|Bot3|Bot4,,1,0
317,0.40,75,440,979263756,953799673,3669,0.652267,502,1402,13-59,8-50,29-50,16,14,31,25,31,21,0,0,1,16,1,16,69,1,16,53,1,button,1,16,16,0,51,0,1.0000,29,0.000245,-1,-1,button,1,16,16,0,51,0,1.0000,29,0.000434,,-1,button,1,16,16,0,51,0,1.0000,29,0.000548,-1,,button,1,16,16,0,51,0,1.0000,29,0.497299,-1,-1,16,0,0,0,0.4,risk_path,4,Bot1|Bot2|Bot3|Bot4,,1,0
318,0.40,75,440,1739095726,662417193,3613,0.642311,484,1308,66-39,40-23,28-18,42,42,59,59,17,17,1,0,1,42,0,,41,0,,,0,walked_into_fire,0,42,42,0,-1,0,1.0000,196,0.001310,42,42,fire_reached_bot,0,46,41,5,-4,1,0.9762,,0.018944,,-1,fire_reached_bot,0,46,41,5,-4,1,0.9762,,0.043382,-1,,fire_reached_bot,0,46,41,5,-4,1,0.9762,,3.145597,-1,-1,46,13,28,5,0.99,no_path,0,,Bot1|Bot2|Bot3|Bot4,0,1
319,0.40,75,440,868483726,487361327,3650,0.648889,508,1404,55-23,16-9,32-68,67,53,68,68,83,75,0,0,1,67,1,67,168,1,67,101,1,button,1,67,67,0,101,0,1.0000,787,0.007545,-1,-1,button,1,67,67,0,101,0,1.0000,787,0.022237,,-1,button,1,67,67,0,101,0,1.0000,787,0.028037,-1,,button,1,67,67,0,101,0,1.0000,787,6.946391,-1,-1,67,0,0,0,0.4,risk_path,4,Bot1|Bot2|Bot3|Bot4,,1,0
320,0.40,75,440,780381394,1436591598,3617,0.643022,490,1335,61-29,72-65,25-35,67,47,64,42,83,77,0,0,1,67,1,67,200,1,67,133,1,button,1,67,67,0,112,0,1.0000,716,0.006082,-1,-1,button,1,67,67,0,112,0,1.0000,716,0.021510,,-1,button,1,67,67,0,112,0,1.0000,716,0.026507,-1,,button,1,67,67,0,112,0,1.0000,716,6.648517,9,9,67,0,0,0,0.4,risk_path,4,Bot1|Bot2|Bot3|Bot4,,1,0
321,0.40,75,440,3438593776,3903306868,3635,0.646222,502,1352,60-59,50-8,12-9,89,61,106,98,51,39,1,0,1,89,0,,111,1,89,22,1,button,1,89,89,0,12,0,1.0000,867,0.009900,-1,-1,button,1,89,89,0,12,0,1.0000,867,0.040386,,-1,button,1,89,89,0,12,0,1.0000,867,0.054358,-1,,button,1,89,89,0,12,0,1.0000,867,13.888990,-1,-1,89,14,35,0,0.99,risk_path,4,Bot1|Bot2|Bot3|Bot4,,1,0
322,0.40,75,440,3986935069,3858830174,3609,0.641600,489,1337,31-41,40-34,16-58,18,16,38,32,56,48,0,0,1,18,1,18,112,1,18,94,1,button,1,18,18,0,81,0,1.0000,40,0.000265,-1,-1,button,1,18,18,0,81,0,1.0000,40,0.000754,,-1,button,1,18,18,0,81,0,1.0000,40,0.000853,-1,,button,1,18,18,0,81,0,1.0000,40,0.607886,4,4,18,0,0,0,0.4,risk_path,4,Bot1|Bot2|Bot3|Bot4,,1,0
323,0.40,75,440,509776406,2567658253,3634,0.646044,501,1378,47-21,69-44,53-74,53,45,81,59,48,46,1,0,1,53,0,,109,1,53,56,1,button,1,53,53,0,55,0,1.0000,142,0.001618,-1,-1,button,1,53,53,0,55,0,1.0000,142,0.008744,,-1,button,1,53,53,0,55,0,1.0000,142,0.009554,-1,,button,1,53,53,0,55,0,1.0000,142,4.776430,35,35,53,0,0,0,0.4,risk_path,4,Bot1|Bot2|Bot3|Bot4,,1,0
324,0.40,75,440,1895927736,3210878789,3644,0.647822,498,1357,21-58,33-29,37-60,47,41,24,18,53,35,0,0,1,47,1,47,125,1,47,78,1,button,1,47,47,0,55,0,1.0000,257,0.001676,-1,-1,button,1,47,47,0,55,0,1.0000,257,0.007745,,-1,button,1,47,47,0,55,0,1.0000,257,0.008804,-1,,button,1,47,47,0,49,0,1.0000,257,3.660884,1,1,47,0,0,0,0.4,risk_path,4,Bot1|Bot2|Bot3|Bot4,,1,0
325,0.40,75,440,75942277,1867417450,3633,0.645867,498,1373,42-69,9-37,54-41,67,65,52,40,73,49,0,0,1,67,1,67,185,1,67,118,1,button,1,67,67,0,103,0,1.0000,584,0.004617,-1,-1,button,1,67,67,0,103,0,1.0000,584,0.013657,,-1,button,1,67,67,0,103,0,1.0000,584,0.017636,-1,,button,1,67,67,0,103,0,1.0000,584,7.034206,-1,-1,67,0,0,0,0.4,risk_path,4,Bot1|Bot2|Bot3|Bot4,,1,0
326,0.40,75,440,4250529820,1484301454,3643,0.647644,502,1368,33-23,2-23,69-51,49,31,74,64,107,95,0,0,1,49,1,49,222,1,49,173,1,button,1,49,49,0,147,0,1.0000,221,0.002112,-1,-1,button,1,49,49,0,147,0,1.0000,221,0.008295,,-1,button,1,49,49,0,147,0,1.0000,221,0.009758,-1,,button,1,49,49,0,147,0,1.0000,221,3.935728,-1,-1,49,0,0,0,0.4,risk_path,4,Bot1|Bot2|Bot3|Bot4,,1,0
327,0.40,75,440,3071567326,2258578127,3628,0.644978,495,1351,17-29,32-6,61-47,52,38,68,62,86,70,0,0,1,52,1,52,195,1,52,143,1,button,1,52,52,0,110,0,1.0000,450,0.003531,-1,-1,button,1,52,52,0,110,0,1.0000,450,0.014063,,-1,button,1,52,52,0,110,0,1.0000,450,0.016552,-1,,button,1,52,52,0,110,0,1.0000,450,4.933402,-1,-1,52,0,0,0,0.4,risk_path,4,Bot1|Bot2|Bot3|Bot4,,1,0
328,0.40,75,440,407302120,1091993989,3642,0.647467,494,1375,69-30,27-56,9-73,68,68,105,103,41,35,1,0,1,68,0,,96,1,68,28,1,button,1,68,68,0,27,0,1.0000,292,0.002832,-1,-1,button,1,68,68,0,27,0,1.0000,292,0.012547,,-1,button,1,68,68,0,27,0,1.0000,292,0.014619,-1,,button,1,68,68,0,27,0,1.0000,292,8.542990,-1,-1,68,14,10,0,0.99,risk_path,4,Bot1|Bot2|Bot3|Bot4,,1,0
329,0.40,75,440,403694093,443635467,3638,0.646756,512,1379,43-13,3-72,5-9,105,99,52,42,99,65,1,0,1,105,0,,244,1,105,139,1,button,1,105,105,0,49,0,1.0000,818,0.010331,-1,-1,button,1,105,105,0,49,0,1.0000,818,0.050142,,-1,button,1,105,105,0,49,0,1.0000,818,0.064995,-1,,button,1,105,105,0,49,0,1.0000,818,16.242425,-1,-1,105,0,0,0,0.4,risk_path,4,Bot1|Bot2|Bot3|Bot4,,1,0
330,0.40,75,440,2933929372,24815168,3657,0.650133,506,1413,16-47,12-13,7-1,58,38,71,55,21,17,1,0,1,58,0,,66,0,,,0,walked_into_fire,0,56,56,0,-2,2,0.9655,136,0.001954,54,54,fire_reached_bot,0,62,53,9,0,5,0.9138,176,0.060212,,-1,fire_reached_bot,0,62,53,9,0,5,0.9138,176,0.118404,-1,,fire_reached_bot,0,62,53,9,0,5,0.9138,176,6.393839,-1,-1,62,7,46,9,0.99,no_path,0,,Bot1|Bot2|Bot3|Bot4,0,1
331,0.40,75,440,571489985,3669167757,3662,0.651022,499,1410,27-33,16-4,24-50,66,40,26,20,70,54,0,0,1,66,1,66,184,1,66,118,1,button,1,66,66,0,27,0,1.0000,752,0.005746,-1,-1,button,1,66,66,0,27,0,1.0000,752,0.018255,,-1,button,1,66,66,0,27,0,1.0000,752,0.024487,-1,,button,1,66,66,0,27,0,1.0000,752,6.263344,-1,-1,66,0,0,0,0.4,risk_path,4,Bot1|Bot2|Bot3|Bot4,,1,0
332,0.40,75,440,2718824820,2814868908,3642,0.647467,500,1367,69-72,7-71,1-31,107,63,123,109,68,46,1,0,1,107,0,,154,1,107,47,1,button,1,107,107,0,43,0,1.0000,873,0.010193,-1,-1,button,1,107,107,0,43,0,1.0000,873,0.059857,,-1,button,1,107,107,0,43,0,1.0000,873,0.076667,-1,,button,1,107,107,0,43,0,1.0000,873,17.071572,-1,-1,107,19,16,0,0.99,risk_path,4,Bot1|Bot2|Bot3|Bot4,,1,0
333,0.40,75,440,1458069241,3379700867,3616,0.642844,488,1368,54-44,9-44,37-18,71,45,51,43,70,54,1,0,1,71,0,,143,1,71,72,1,button,1,71,71,0,62,0,1.0000,723,0.006488,-1,-1,button,1,71,71,0,62,0,1.0000,723,0.029076,,-1,button,1,71,71,0,62,0,1.0000,723,0.035117,-1,,button,1,71,71,0,62,0,1.0000,723,7.494261,-1,-1,71,0,0,0,0.4,risk_path,4,Bot1|Bot2|Bot3|Bot4,,1,0
334,0.40,75,440,110822976,411924728,3637,0.646578,500,1351,9-14,47-13,64-72,57,39,113,113,90,76,0,0,1,57,1,57,216,1,57,159,1,button,1,57,57,0,159,0,1.0000,218,0.002224,-1,-1,button,1,57,57,0,159,0,1.0000,218,0.008719,,-1,button,1,57,57,0,159,0,1.0000,218,0.010793,-1,,button,1,57,57,0,159,0,1.0000,218,5.049021,30,30,57,0,0,0,0.4,risk_path,4,Bot1|Bot2|Bot3|Bot4,,1,0
335,0.40,75,440,3526644172,994635310,3650,0.648889,506,1412,56-5,54-63,8-20,98,60,75,63,97,89,1,0,1,98,0,,192,1,98,94,1,button,1,98,98,0,94,0,1.0000,1028,0.013205,-1,-1,button,1,98,98,0,94,0,1.0000,1028,0.070280,,-1,button,1,98,98,0,94,0,1.0000,1028,0.089452,-1,,button,1,98,98,0,94,0,1.0000,1028,13.188155,-1,-1,98,0,0,0,0.4,risk_path,4,Bot1|Bot2|Bot3|Bot4,,1,0
336,0.40,75,440,1087217453,2269991397,3621,0.643733,494,1334,22-61,69-15,6-53,93,93,28,24,111,101,0,0,1,93,1,93,224,1,93,131,1,button,1,93,93,0,46,0,1.0000,905,0.009450,-1,-1,button,1,93,93,0,46,0,1.0000,905,0.029193,,-1,button,1,93,93,0,46,0,1.0000,905,0.039779,-1,,button,1,93,93,0,46,0,1.0000,905,12.115059,9,9,93,0,0,0,0.4,risk_path,4,Bot1|Bot2|Bot3|Bot4,,1,0
337,0.40,75,440,4182190525,591908680,3630,0.645333,507,1374,56-6,63-6,60-53,15,7,63,51,64,50,0,0,1,15,1,15,137,1,15,122,1,button,1,15,15,0,117,0,1.0000,34,0.000234,-1,-1,button,1,15,15,0,117,0,1.0000,34,0.000471,,-1,button,1,15,15,0,117,0,1.0000,34,0.000575,-1,,button,1,15,15,0,122,0,1.0000,34,0.443089,1,1,15,0,0,0,0.4,risk_path,4,Bot1|Bot2|Bot3|Bot4,,1,0
338,0.40,75,440,131814599,1043486984,3657,0.650133,523,1389,39-55,70-4,56-15,84,82,63,57,25,25,1,0,1,84,0,,49,0,,,0,fire_reached_bot,0,47,47,0,0,37,0.5595,442,0.003039,41,41,fire_reached_bot,0,62,40,22,-12,44,0.4762,,0.109285,,-1,fire_reached_bot,0,62,40,22,-12,44,0.4762,,0.219554,-1,,fire_reached_bot,0,62,40,22,-12,44,0.4762,,8.639161,-1,-1,62,0,40,22,,no_path,0,,Bot1|Bot2|Bot3|Bot4,0,1
339,0.40,75,440,1857643394,677001930,3667,0.651911,510,1436,66-71,67-49,25-46,29,23,70,66,57,45,0,0,1,29,1,29,137,1,29,108,1,button,1,29,29,0,108,0,1.0000,56,0.000494,-1,-1,button,1,29,29,0,108,0,1.0000,56,0.001653,,-1,button,1,29,29,0,108,0,1.0000,56,0.002212,-1,,button,1,29,29,0,108,0,1.0000,56,1.406781,20,20,29,0,0,0,0.4,risk_path,4,Bot1|Bot2|Bot3|Bot4,,1,0
340,0.40,75,440,3864308138,3978975570,3644,0.647822,513,1385,10-9,61-25,64-45,83,67,100,90,27,23,1,0,1,83,0,,53,0,,,0,walked_into_fire,0,64,64,0,-10,19,0.7711,,0.005736,51,51,fire_reached_bot,0,97,50,47,-43,33,0.6024,,0.212160,,-1,fire_reached_bot,0,97,50,47,-43,33,0.6024,,0.415430,-1,,fire_reached_bot,0,97,50,47,-43,33,0.6024,,9.790270,-1,-1,97,0,50,47,,no_path,0,,Bot1|Bot2|Bot3|Bot4,0,1
341,0.40,75,440,3005494717,346531541,3669,0.652267,514,1446,23-73,11-56,43-56,29,29,51,37,56,32,0,0,1,29,1,29,123,1,29,94,1,button,1,29,29,0,82,0,1.0000,69,0.000473,-1,-1,button,1,29,29,0,82,0,1.0000,69,0.001756,,-1,button,1,29,29,0,82,0,1.0000,69,0.002037,-1,,button,1,29,29,0,82,0,1.0000,69,1.414367,-1,-1,29,0,0,0,0.4,risk_path,4,Bot1|Bot2|Bot3|Bot4,,1,0
342,0.40,75,440,2387691047,1277799577,3628,0.644978,496,1375,63-32,0-59,64-69,110,90,48,38,108,74,1,0,1,110,0,,228,1,110,118,1,button,1,110,110,0,67,0,1.0000,1011,0.015549,-1,-1,button,1,110,110,0,67,0,1.0000,1011,0.097108,,-1,button,1,110,110,0,67,0,1.0000,1011,0.115772,-1,,button,1,110,110,0,67,0,1.0000,1011,15.947735,80,80,110,0,0,0,0.4,risk_path,4,Bot1|Bot2|Bot3|Bot4,,1,0
343,0.40,75,440,909155234,2602241716,3644,0.647822,500,1364,16-23,49-50,35-2,60,60,42,40,74,62,0,0,1,60,1,60,175,1,60,115,1,button,1,60,60,0,95,0,1.0000,159,0.001437,-1,-1,button,1,60,60,0,95,0,1.0000,159,0.007265,,-1,button,1,60,60,0,95,0,1.0000,159,0.008390,-1,,button,1,60,60,0,95,0,1.0000,159,5.701011,1,1,60,0,0,0,0.4,risk_path,4,Bot1|Bot2|Bot3|Bot4,,1,0
344,0.40,75,440,3582665592,3009362077,3649,0.648711,507,1382,35-73,60-54,29-72,46,44,9,7,55,49,0,0,1,46,1,46,143,1,46,97,1,button,1,46,46,0,24,0,1.0000,73,0.000834,-1,-1,button,1,46,46,0,24,0,1.0000,73,0.004663,,-1,button,1,46,46,0,24,0,1.0000,73,0.004958,-1,,button,1,46,46,0,24,0,1.0000,73,3.992670,-1,-1,46,0,0,0,0.4,risk_path,4,Bot1|Bot2|Bot3|Bot4,,1,0
345,0.40,75,440,2398338138,2828610287,3658,0.650311,518,1407,57-10,11-57,39-61,101,93,79,69,44,32,1,0,1,101,0,,101,1,101,0,1,button,1,101,101,0,0,0,1.0000,1297,0.014954,-1,-1,button,1,101,101,0,0,0,1.0000,1297,0.056256,,-1,button,1,101,101,0,0,0,1.0000,1297,0.073515,-1,,button,1,101,101,0,0,0,1.0000,1297,15.073188,-1,-1,101,23,73,0,0.99,risk_path,4,Bot1|Bot2|Bot3|Bot4,,1,0
346,0.40,75,440,1634039232,257003492,3623,0.644089,481,1315,15-50,50-34,67-55,55,51,73,57,58,38,0,0,1,55,1,55,100,1,55,45,1,button,1,55,55,0,41,0,1.0000,283,0.002209,-1,-1,button,1,55,55,0,41,0,1.0000,283,0.008009,,-1,button,1,55,55,0,41,0,1.0000,283,0.009843,-1,,button,1,55,55,0,41,0,1.0000,283,4.910809,9,9,55,0,0,0,0.4,risk_path,4,Bot1|Bot2|Bot3|Bot4,,1,0
347,0.40,75,440,2513077685,551885425,3649,0.648711,526,1370,16-2,51-8,61-32,45,41,77,75,40,34,1,0,1,45,0,,88,1,45,43,1,button,1,45,45,0,43,0,1.0000,286,0.002304,-1,-1,button,1,45,45,0,43,0,1.0000,286,0.004759,,-1,button,1,45,45,0,43,0,1.0000,286,0.006317,-1,,button,1,45,45,0,43,0,1.0000,286,3.347510,-1,-1,45,0,0,0,0.4,risk_path,4,Bot1|Bot2|Bot3|Bot4,,1,0
348,0.40,75,440,2812461286,2193935649,3611,0.641956,483,1301,15-34,23-68,70-39,52,42,84,60,90,76,0,0,1,52,1,52,176,1,52,124,1,button,1,52,52,0,113,0,1.0000,225,0.001898,-1,-1,button,1,52,52,0,113,0,1.0000,225,0.009117,,-1,button,1,52,52,0,113,0,1.0000,225,0.010551,-1,,button,1,52,52,0,113,0,1.0000,225,4.808613,5,5,52,0,0,0,0.4,risk_path,4,Bot1|Bot2|Bot3|Bot4,,1,0
349,0.40,75,440,1831191962,3675714604,3639,0.646933,513,1405,21-49,42-73,62-57,47,45,61,49,38,36,1,0,1,47,0,,79,1,47,32,1,button,1,47,47,0,31,0,1.0000,289,0.001912,-1,-1,button,1,47,47,0,31,0,1.0000,289,0.006647,,-1,button,1,47,47,0,31,0,1.0000,289,0.008180,-1,,button,1,47,47,0,31,0,1.0000,289,3.591067,6,6,47,0,0,0,0.4,risk_path,4,Bot1|Bot2|Bot3|Bot4,,1,0
350,0.40,75,440,2219431423,1820989950,3664,0.651378,510,1364,40-51,48-66,2-54,35,23,61,41,64,58,0,0,1,35,1,35,132,1,35,97,1,button,1,35,35,0,92,0,1.0000,97,0.000718,-1,-1,button,1,35,35,0,92,0,1.0000,97,0.002771,,-1,button,1,35,35,0,92,0,1.0000,97,0.003222,-1,,button,1,35,35,0,93,0,1.0000,97,2.081005,9,9,35,0,0,0,0.4,risk_path,4,Bot1|Bot2|Bot3|Bot4,,1,0
351,0.40,75,440,509892709,3321225519,3631,0.645511,492,1334,68-20,35-61,33-59,76,74,84,74,8,4,1,0,1,76,0,,29,0,,,0,fire_reached_bot,0,62,62,0,-32,14,0.8158,,0.001929,30,30,fire_reached_bot,0,134,29,105,-104,47,0.3816,,0.443570,,-1,fire_reached_bot,0,134,29,105,-104,47,0.3816,,0.910345,-1,,fire_reached_bot,0,134,29,105,-104,47,0.3816,,6.296838,-1,-1,134,0,29,105,,no_path,0,,Bot1|Bot2|Bot3|Bot4,0,1
352,0.40,75,440,410674036,2790386272,3625,0.644444,506,1354,26-67,69-15,65-27,97,95,79,79,18,16,1,0,1,97,0,,31,0,,,0,walked_into_fire,0,55,55,0,-23,42,0.5670,,0.003631,32,32,fire_reached_bot,0,109,31,78,-77,66,0.3196,,0.339649,,-1,fire_reached_bot,0,109,31,78,-77,66,0.3196,,0.713150,-1,,fire_reached_bot,0,109,31,78,-77,66,0.3196,,8.345699,-1,-1,109,0,31,78,,no_path,0,,Bot1|Bot2|Bot3|Bot4,0,1
353,0.40,75,440,43560433,194753494,3664,0.651378,509,1414,18-45,35-35,14-41,29,27,10,8,31,27,0,0,1,29,1,29,82,1,29,53,1,button,1,29,29,0,17,0,1.0000,102,0.000611,-1,-1,button,1,29,29,0,17,0,1.0000,102,0.001825,,-1,button,1,29,29,0,17,0,1.0000,102,0.003238,-1,,button,1,29,29,0,17,0,1.0000,102,1.443819,13,13,29,0,0,0,0.4,risk_path,4,Bot1|Bot2|Bot3|Bot4,,1,0
354,0.40,75,440,4123683559,484405637,3632,0.645689,495,1346,35-23,17-71,73-61,72,66,80,76,106,66,0,0,1,72,1,72,200,1,72,128,1,button,1,72,72,0,102,0,1.0000,397,0.004336,-1,-1,button,1,72,72,0,102,0,1.0000,397,0.021461,,-1,button,1,72,72,0,102,0,1.0000,397,0.025094,-1,,button,1,72,72,0,102,0,1.0000,397,8.408040,-1,-1,72,0,0,0,0.4,risk_path,4,Bot1|Bot2|Bot3|Bot4,,1,0
355,0.40,75,440,2102547529,3795932170,3646,0.648178,505,1407,50-36,69-58,9-56,41,41,71,61,84,62,0,0,1,41,1,41,172,1,41,131,1,button,1,41,41,0,128,0,1.0000,311,0.001660,-1,-1,button,1,41,41,0,128,0,1.0000,311,0.004329,,-1,button,1,41,41,0,128,0,1.0000,311,0.005855,-1,,button,1,41,41,0,129,0,1.0000,311,2.654144,22,22,41,0,0,0,0.4,risk_path,4,Bot1|Bot2|Bot3|Bot4,,1,0
356,0.40,75,440,1989372477,1712784801,3669,0.652267,524,1424,21-34,59-12,66-55,66,60,78,66,60,50,1,0,1,66,0,,133,1,66,67,1,button,1,66,66,0,66,0,1.0000,651,0.005781,-1,-1,button,1,66,66,0,66,0,1.0000,651,0.016141,,-1,button,1,66,66,0,66,0,1.0000,651,0.021113,-1,,button,1,66,66,0,63,0,1.0000,651,6.310228,1,1,66,0,0,0,0.4,risk_path,4,Bot1|Bot2|Bot3|Bot4,,1,0
357,0.40,75,440,3146175691,832631895,3635,0.646222,504,1390,18-0,68-9,10-61,87,59,87,69,126,110,0,0,1,87,1,87,247,1,87,160,1,button,1,87,87,0,145,0,1.0000,792,0.008007,-1,-1,button,1,87,87,0,145,0,1.0000,792,0.040242,,-1,button,1,87,87,0,145,0,1.0000,792,0.047596,-1,,button,1,87,87,0,145,0,1.0000,792,11.214003,2,2,87,0,0,0,0.4,risk_path,4,Bot1|Bot2|Bot3|Bot4,,1,0
358,0.40,75,440,619419441,2208452547,3652,0.649244,505,1413,54-66,47-12,11-43,71,61,70,66,77,67,0,0,1,71,1,71,155,1,71,84,1,button,1,71,71,0,62,0,1.0000,717,0.006399,-1,-1,button,1,71,71,0,62,0,1.0000,717,0.017522,,-1,button,1,71,71,0,62,0,1.0000,717,0.024155,-1,,button,1,71,71,0,62,0,1.0000,717,6.999113,-1,-1,71,0,0,0,0.4,risk_path,4,Bot1|Bot2|Bot3|Bot4,,1,0
359,0.40,75,440,1223795627,3036548846,3649,0.648711,506,1394,57-7,12-54,8-43,92,92,87,85,21,15,1,0,1,92,0,,38,0,,,0,fire_reached_bot,0,59,59,0,-20,33,0.6413,,0.003113,39,39,fire_reached_bot,0,94,38,56,-55,54,0.4130,,0.265227,,-1,fire_reached_bot,0,94,38,56,-55,54,0.4130,,0.508453,-1,,fire_reached_bot,0,94,38,56,-55,54,0.4130,,9.832139,-1,-1,94,0,38,56,,no_path,0,,Bot1|Bot2|Bot3|Bot4,0,1
360,0.40,75,440,579359964,1186995808,3635,0.646222,507,1379,22-42,54-3,35-52,77,71,23,23,78,68,0,0,1,77,1,77,178,1,77,101,1,button,1,77,77,0,16,0,1.0000,956,0.008361,-1,-1,button,1,77,77,0,16,0,1.0000,956,0.021263,,-1,button,1,77,77,0,16,0,1.0000,956,0.029906,-1,,button,1,77,77,0,16,0,1.0000,956,8.006238,21,21,77,0,0,0,0.4,risk_path,4,Bot1|Bot2|Bot3|Bot4,,1,0
361,0.40,75,440,2365814492,1911836688,3652,0.649244,497,1410,17-70,13-44,49-34,44,30,72,68,52,46,0,0,1,44,1,44,116,1,44,72,1,button,1,44,44,0,67,0,1.0000,240,0.001860,-1,-1,button,1,44,44,0,67,0,1.0000,240,0.006079,,-1,button,1,44,44,0,67,0,1.0000,240,0.007388,-1,,button,1,44,44,0,67,0,1.0000,240,3.081340,-1,-1,44,0,0,0,0.4,risk_path,4,Bot1|Bot2|Bot3|Bot4,,1,0
362,0.40,75,440,1556033072,2435529583,3641,0.647289,503,1362,41-9,37-54,29-58,73,49,81,61,12,12,1,0,1,73,0,,24,0,,,0,walked_into_fire,0,59,59,0,-34,14,0.8082,,0.004017,25,25,fire_reached_bot,0,118,24,94,-93,49,0.3288,,0.400590,,-1,fire_reached_bot,0,118,24,94,-93,49,0.3288,,0.838290,-1,,fire_reached_bot,0,118,24,94,-93,49,0.3288,,5.657799,-1,-1,118,0,24,94,,no_path,0,,Bot1|Bot2|Bot3|Bot4,0,1
363,0.40,75,440,4172303545,2847709414,3659,0.650489,521,1372,18-5,16-3,65-55,4,4,97,97,101,101,0,0,1,4,1,4,218,1,4,214,1,button,1,4,4,0,210,0,1.0000,4,0.000069,-1,-1,button,1,4,4,0,210,0,1.0000,4,0.000072,,-1,button,1,4,4,0,210,0,1.0000,4,0.000088,-1,,button,1,4,4,0,210,0,1.0000,4,0.077629,-1,-1,4,0,0,0,0.4,risk_path,4,Bot1|Bot2|Bot3|Bot4,,1,0
364,0.40,75,440,2579275816,973970230,3634,0.646044,504,1359,6-44,19-58,62-43,33,27,91,57,60,58,0,0,1,33,1,33,144,1,33,111,1,button,1,33,33,0,111,0,1.0000,185,0.001228,-1,-1,button,1,33,33,0,111,0,1.0000,185,0.002484,,-1,button,1,33,33,0,111,0,1.0000,185,0.003270,-1,,button,1,33,33,0,111,0,1.0000,185,1.860921,10,10,33,0,0,0,0.4,risk_path,4,Bot1|Bot2|Bot3|Bot4,,1,0
365,0.40,75,440,1952802954,979129697,3639,0.646933,509,1412,74-40,7-52,23-65,93,79,90,76,39,29,1,0,1,93,0,,97,1,93,4,1,button,1,93,93,0,4,0,1.0000,761,0.009436,-1,-1,button,1,93,93,0,4,0,1.0000,761,0.040616,,-1,button,1,93,93,0,4,0,1.0000,761,0.063205,-1,,button,1,93,93,0,4,0,1.0000,761,14.486026,-1,-1,93,9,80,0,0.99,risk_path,4,Bot1|Bot2|Bot3|Bot4,,1,0
366,0.40,75,440,3081393282,309076382,3638,0.646756,493,1349,36-74,8-31,36-50,71,71,36,24,47,47,1,0,1,71,0,,115,1,71,44,1,button,1,71,71,0,17,0,1.0000,709,0.005576,-1,-1,button,1,71,71,0,17,0,1.0000,709,0.014761,,-1,button,1,71,71,0,17,0,1.0000,709,0.020069,-1,,button,1,71,71,0,17,0,1.0000,709,7.926566,-1,-1,71,15,10,0,0.99,risk_path,4,Bot1|Bot2|Bot3|Bot4,,1,0
367,0.40,75,440,3151380601,1716409728,3657,0.650133,505,1413,67-49,55-9,62-54,58,52,10,10,66,52,0,0,1,58,1,58,131,1,58,73,1,button,1,58,58,0,15,0,1.0000,614,0.005019,-1,-1,button,1,58,58,0,15,0,1.0000,614,0.011397,,-1,button,1,58,58,0,15,0,1.0000,614,0.018970,-1,,button,1,58,58,0,15,0,1.0000,614,5.554257,50,50,58,0,0,0,0.4,risk_path,4,Bot1|Bot2|Bot3|Bot4,,1,0
368,0.40,75,440,2032139050,1891626865,3643,0.647644,499,1406,56-19,54-8,30-48,15,13,57,55,66,64,0,0,1,15,1,15,134,1,15,119,1,button,1,15,15,0,117,0,1.0000,25,0.000213,-1,-1,button,1,15,15,0,117,0,1.0000,25,0.000529,,-1,button,1,15,15,0,117,0,1.0000,25,0.000625,-1,,button,1,15,15,0,117,0,1.0000,25,0.500834,-1,-1,15,0,0,0,0.4,risk_path,4,Bot1|Bot2|Bot3|Bot4,,1,0
369,0.40,75,440,737645428,557148272,3635,0.646222,500,1363,5-39,12-37,1-60,21,9,31,25,40,34,0,0,1,21,1,21,108,1,21,87,1,button,1,21,21,0,65,0,1.0000,22,0.000387,-1,-1,button,1,21,21,0,65,0,1.0000,22,0.001003,,-1,button,1,21,21,0,65,0,1.0000,22,0.001124,-1,,button,1,21,21,0,65,0,1.0000,22,0.882041,-1,-1,21,0,0,0,0.4,risk_path,4,Bot1|Bot2|Bot3|Bot4,,1,0
370,0.40,75,440,2602577069,3193247753,3645,0.648000,514,1391,69-45,24-59,39-7,83,59,82,68,87,67,0,0,1,83,1,83,194,1,83,111,1,button,1,83,83,0,98,0,1.0000,837,0.008556,-1,-1,button,1,83,83,0,98,0,1.0000,837,0.043929,,-1,button,1,83,83,0,98,0,1.0000,837,0.064933,-1,,button,1,83,83,0,98,0,1.0000,837,10.935246,-1,-1,83,0,0,0,0.4,risk_path,4,Bot1|Bot2|Bot3|Bot4,,1,0
371,0.40,75,440,1923164207,2685547185,3651,0.649067,505,1395,63-72,66-47,73-55,48,28,33,27,33,15,1,0,1,48,0,,90,1,48,42,1,button,1,48,48,0,8,0,1.0000,129,0.001402,-1,-1,button,1,48,48,0,8,0,1.0000,129,0.009022,,-1,button,1,48,48,0,8,0,1.0000,129,0.013193,-1,,button,1,48,48,0,8,0,1.0000,129,4.227599,-1,-1,48,14,2,0,0.99,risk_path,4,Bot1|Bot2|Bot3|Bot4,,1,0
372,0.40,75,440,3064658255,2591067856,3624,0.644267,503,1380,5-60,53-71,10-3,73,59,94,62,119,111,0,0,1,73,1,73,233,1,73,160,1,button,1,73,73,0,153,0,1.0000,398,0.004226,-1,-1,button,1,73,73,0,153,0,1.0000,398,0.017900,,-1,button,1,73,73,0,153,0,1.0000,398,0.021567,-1,,button,1,73,73,0,151,0,1.0000,398,7.993727,6,6,73,0,0,0,0.4,risk_path,4,Bot1|Bot2|Bot3|Bot4,,1,0
373,0.40,75,440,1154147649,4041770858,3645,0.648000,489,1406,62-19,40-29,24-69,34,32,106,88,72,56,0,0,1,34,1,34,158,1,34,124,1,button,1,34,34,0,124,0,1.0000,119,0.000718,-1,-1,button,1,34,34,0,124,0,1.0000,119,0.002635,,-1,button,1,34,34,0,124,0,1.0000,119,0.003148,-1,,button,1,34,34,0,124,0,1.0000,119,1.981435,-1,-1,34,0,0,0,0.4,risk_path,4,Bot1|Bot2|Bot3|Bot4,,1,0
374,0.40,75,440,1357385445,1134208027,3666,0.651733,513,1413,25-51,39-21,30-57,60,44,11,11,65,45,0,0,1,60,1,60,133,1,60,73,1,button,1,60,60,0,12,0,1.0000,519,0.004338,-1,-1,button,1,60,60,0,12,0,1.0000,519,0.017459,,-1,button,1,60,60,0,12,0,1.0000,519,0.026077,-1,,button,1,60,60,0,12,0,1.0000,519,5.401774,12,12,60,0,0,0,0.4,risk_path,4,Bot1|Bot2|Bot3|Bot4,,1,0
375,0.40,75,440,560426098,1461767624,3635,0.646222,513,1396,24-1,51-60,27-31,94,86,51,33,55,53,1,0,1,94,0,,117,0,,,0,walked_into_fire,0,52,52,0,-4,42,0.5532,295,0.002433,46,45,fire_reached_bot,0,105,105,0,0,35,0.6277,1700,0.044892,,45,fire_reached_bot,0,120,112,8,-2,40,0.5745,,0.112698,45,,fire_reached_bot,0,105,105,0,0,35,0.6277,1700,17.225244,-1,45,105,2,103,0,0.99,shortest_path_fallback,0,,Bot1|Bot2|Bot3|Bot4,0,1
376,0.40,75,440,1829175360,2037474768,3618,0.643200,493,1325,46-28,2-26,69-70,64,46,67,65,119,111,0,0,1,64,1,64,263,1,64,199,1,button,1,64,64,0,144,0,1.0000,327,0.004183,-1,-1,button,1,64,64,0,144,0,1.0000,327,0.013198,,-1,button,1,64,64,0,144,0,1.0000,327,0.022077,-1,,button,1,64,64,0,144,0,1.0000,327,6.259342,-1,-1,64,0,0,0,0.4,risk_path,4,Bot1|Bot2|Bot3|Bot4,,1,0
377,0.40,75,440,3056335309,1867334455,3661,0.650844,500,1439,27-46,28-68,18-56,47,23,21,19,28,22,1,0,1,47,0,,69,1,47,22,1,button,1,47,47,0,3,0,1.0000,241,0.001741,-1,-1,button,1,47,47,0,3,0,1.0000,241,0.006791,,-1,button,1,47,47,0,3,0,1.0000,241,0.007924,-1,,button,1,47,47,0,3,0,1.0000,241,3.700670,34,34,47,6,19,0,0.99,risk_path,4,Bot1|Bot2|Bot3|Bot4,,1,0
378,0.40,75,440,3498759806,185762425,3635,0.646222,494,1353,44-3,7-68,63-11,110,102,29,27,117,113,0,0,1,110,1,110,251,1,110,141,1,button,1,110,110,0,43,0,1.0000,1060,0.015156,-1,-1,button,1,110,110,0,43,0,1.0000,1060,0.052894,,-1,button,1,110,110,0,43,0,1.0000,1060,0.081072,-1,,button,1,110,110,0,43,0,1.0000,1060,16.193061,-1,-1,110,0,0,0,0.4,risk_path,4,Bot1|Bot2|Bot3|Bot4,,1,0
379,0.40,75,440,743858379,262038232,3647,0.648356,504,1394,0-72,40-37,64-54,77,75,92,82,45,41,1,0,1,77,0,,97,1,77,20,1,button,1,77,77,0,20,0,1.0000,771,0.007481,-1,-1,button,1,77,77,0,20,0,1.0000,771,0.019961,,-1,button,1,77,77,0,20,0,1.0000,771,0.028333,-1,,button,1,77,77,0,20,0,1.0000,771,10.087076,26,26,77,13,23,0,0.99,risk_path,4,Bot1|Bot2|Bot3|Bot4,,1,0
380,0.40,75,440,3490957155,2695499596,3644,0.647822,514,1421,51-6,65-68,53-10,96,76,8,6,90,70,1,0,1,96,0,,187,1,108,79,0,walked_into_fire,0,7,7,0,-5,89,0.0729,8,0.001622,4,1,fire_reached_bot,0,25,25,0,0,81,0.1562,112,0.028566,,1,button,1,108,108,0,3,0,1.0000,1355,0.104731,1,,button,1,108,108,0,16,0,1.0000,1355,15.345104,1,14,108,0,0,0,0.4,risk_path,2,Bot3|Bot4,Bot1|Bot2,0,0
381,0.40,75,440,44469780,2130841903,3651,0.649067,517,1415,41-66,32-72,23-5,21,15,87,79,102,76,0,0,1,21,1,21,212,1,21,191,1,button,1,21,21,0,169,0,1.0000,50,0.000308,-1,-1,button,1,21,21,0,169,0,1.0000,50,0.001110,,-1,button,1,21,21,0,169,0,1.0000,50,0.001348,-1,,button,1,21,21,0,169,0,1.0000,50,0.828477,-1,-1,21,0,0,0,0.4,risk_path,4,Bot1|Bot2|Bot3|Bot4,,1,0
382,0.40,75,440,1350579762,3490582419,3658,0.650311,507,1374,20-31,25-6,46-43,44,30,48,38,76,58,0,0,1,44,1,44,172,1,44,128,1,button,1,44,44,0,102,0,1.0000,211,0.001448,-1,-1,button,1,44,44,0,102,0,1.0000,211,0.007214,,-1,button,1,44,44,0,102,0,1.0000,211,0.008460,-1,,button,1,44,44,0,101,0,1.0000,211,3.335754,1,1,44,0,0,0,0.4,risk_path,4,Bot1|Bot2|Bot3|Bot4,,1,0
383,0.40,75,440,2733807543,3538856808,3647,0.648356,506,1388,65-8,0-53,51-67,112,110,87,73,81,65,1,0,1,112,0,,184,1,112,72,1,button,1,112,112,0,72,0,1.0000,1107,0.014034,-1,-1,button,1,112,112,0,72,0,1.0000,1107,0.051120,,-1,button,1,112,112,0,72,0,1.0000,1107,0.066603,-1,,button,1,112,112,0,72,0,1.0000,1107,17.102814,-1,-1,112,0,0,0,0.4,risk_path,4,Bot1|Bot2|Bot3|Bot4,,1,0
384,0.40,75,440,144857897,2449621353,3659,0.650489,507,1392,72-6,70-33,45-20,53,29,45,41,44,38,1,0,1,53,0,,85,1,53,32,1,button,1,53,53,0,28,0,1.0000,467,0.002923,-1,-1,button,1,53,53,0,28,0,1.0000,467,0.009988,,-1,button,1,53,53,0,28,0,1.0000,467,0.013349,-1,,button,1,53,53,0,28,0,1.0000,467,4.752198,35,35,53,0,0,0,0.4,risk_path,4,Bot1|Bot2|Bot3|Bot4,,1,0
385,0.40,75,440,341761630,1725134005,3609,0.641600,497,1358,46-27,19-16,34-58,54,38,61,43,73,57,0,0,1,54,1,54,164,1,54,110,1,button,1,54,54,0,110,0,1.0000,413,0.003164,-1,-1,button,1,54,54,0,110,0,1.0000,413,0.014923,,-1,button,1,54,54,0,110,0,1.0000,413,0.018446,-1,,button,1,54,54,0,104,0,1.0000,413,4.956664,5,5,54,0,0,0,0.4,risk_path,4,Bot1|Bot2|Bot3|Bot4,,1,0
386,0.40,75,440,192649057,483095820,3649,0.648711,500,1326,43-10,1-65,10-16,107,97,47,39,70,58,1,0,1,107,0,,151,1,109,42,0,walked_into_fire,0,42,42,0,-2,65,0.3925,290,0.003185,39,39,button,1,111,111,0,12,0,1.0000,1424,0.074745,,-1,button,1,111,111,0,12,0,1.0000,1424,0.099038,-1,,button,1,109,109,0,15,0,1.0000,1385,16.912793,34,34,109,16,14,0,0.99,risk_path,3,Bot2|Bot3|Bot4,Bot1,0,0
387,0.40,75,440,3803973244,2905068052,3617,0.643022,490,1340,11-68,71-0,70-47,134,128,102,80,66,48,1,0,1,134,0,,146,0,,,0,fire_reached_bot,0,115,115,0,0,19,0.8582,1207,0.017044,109,109,fire_reached_bot,0,138,128,10,0,12,0.9104,1749,0.108524,,-1,fire_reached_bot,0,138,128,10,0,12,0.9104,1749,0.168023,-1,,fire_reached_bot,0,138,128,10,0,12,0.9104,1749,23.573610,-1,-1,138,1,127,10,0.99,no_path,0,,Bot1|Bot2|Bot3|Bot4,0,1
388,0.40,75,440,1436060441,193209266,3627,0.644800,496,1372,62-48,62-52,65-20,10,4,53,31,57,35,0,0,1,10,1,10,138,1,10,128,1,button,1,10,10,0,114,0,1.0000,10,0.000098,-1,-1,button,1,10,10,0,114,0,1.0000,10,0.000223,,-1,button,1,10,10,0,114,0,1.0000,10,0.000266,-1,,button,1,10,10,0,114,0,1.0000,10,0.235006,-1,-1,10,0,0,0,0.4,risk_path,4,Bot1|Bot2|Bot3|Bot4,,1,0
389,0.40,75,440,3826677250,268213696,3645,0.648000,517,1385,26-31,33-32,8-53,12,8,40,40,48,46,0,0,1,12,1,12,110,1,12,98,1,button,1,12,12,0,96,0,1.0000,33,0.000179,-1,-1,button,1,12,12,0,96,0,1.0000,33,0.000358,,-1,button,1,12,12,0,96,0,1.0000,33,0.000475,-1,,button,1,12,12,0,96,0,1.0000,33,0.304352,7,7,12,0,0,0,0.4,risk_path,4,Bot1|Bot2|Bot3|Bot4,,1,0
390,0.40,75,440,1922677758,3470194275,3657,0.650133,504,1385,3-43,21-19,17-61,44,42,34,32,58,46,0,0,1,44,1,44,115,1,44,71,1,button,1,44,44,0,61,0,1.0000,307,0.001832,-1,-1,button,1,44,44,0,61,0,1.0000,307,0.005077,,-1,button,1,44,44,0,61,0,1.0000,307,0.006779,-1,,button,1,44,44,0,61,0,1.0000,307,3.017151,32,32,44,0,0,0,0.4,risk_path,4,Bot1|Bot2|Bot3|Bot4,,1,0
391,0.40,75,440,220974170,2519797936,3660,0.650667,503,1355,72-66,1-1,16-34,142,136,96,88,52,48,1,0,1,142,0,,106,0,,,0,fire_reached_bot,0,63,63,0,0,79,0.4437,867,0.007564,45,45,fire_reached_bot,0,87,69,18,0,77,0.4577,1531,0.127129,,-1,fire_reached_bot,0,87,69,18,0,77,0.4577,1531,0.202986,-1,,fire_reached_bot,0,87,69,18,0,77,0.4577,1531,16.936979,-1,-1,87,0,69,18,,no_path,0,,Bot1|Bot2|Bot3|Bot4,0,1
392,0.40,75,440,311089741,15779671,3622,0.643911,498,1359,62-59,70-45,20-52,24,22,73,49,71,57,0,0,1,24,1,24,146,1,24,122,1,button,1,24,24,0,122,0,1.0000,91,0.000479,-1,-1,button,1,24,24,0,122,0,1.0000,91,0.001063,,-1,button,1,24,24,0,122,0,1.0000,91,0.001397,-1,,button,1,24,24,0,122,0,1.0000,91,0.967442,9,9,24,0,0,0,0.4,risk_path,4,Bot1|Bot2|Bot3|Bot4,,1,0
393,0.40,75,440,3786552960,3978206707,3625,0.644444,503,1356,59-68,38-39,26-64,58,50,49,37,57,37,1,0,1,58,0,,134,1,58,76,1,button,1,58,58,0,44,0,1.0000,338,0.002638,-1,-1,button,1,58,58,0,44,0,1.0000,338,0.009669,,-1,button,1,58,58,0,44,0,1.0000,338,0.012719,-1,,button,1,58,58,0,44,0,1.0000,338,5.084530,-1,-1,58,0,0,0,0.4,risk_path,4,Bot1|Bot2|Bot3|Bot4,,1,0
394,0.40,75,440,1026823686,935493975,3622,0.643911,526,1408,70-22,67-29,30-64,16,10,88,82,76,72,0,0,1,16,1,16,177,1,16,161,1,button,1,16,16,0,160,0,1.0000,56,0.000264,-1,-1,button,1,16,16,0,160,0,1.0000,56,0.000784,,-1,button,1,16,16,0,160,0,1.0000,56,0.000945,-1,,button,1,16,16,0,160,0,1.0000,56,0.480180,-1,-1,16,0,0,0,0.4,risk_path,4,Bot1|Bot2|Bot3|Bot4,,1,0
395,0.40,75,440,3873671478,4157908143,3653,0.649422,512,1406,63-33,71-71,3-25,56,46,82,68,116,114,0,0,1,56,1,56,249,1,56,193,1,button,1,56,56,0,173,0,1.0000,336,0.002727,-1,-1,button,1,56,56,0,173,0,1.0000,336,0.009663,,-1,button,1,56,56,0,173,0,1.0000,336,0.011698,-1,,button,1,56,56,0,173,0,1.0000,336,4.705956,5,5,56,0,0,0,0.4,risk_path,4,Bot1|Bot2|Bot3|Bot4,,1,0
396,0.40,75,440,1326410439,1678133499,3636,0.646400,501,1367,2-32,60-34,74-56,78,60,104,96,40,36,1,0,1,78,0,,92,1,78,14,1,button,1,78,78,0,13,0,1.0000,463,0.004602,-1,-1,button,1,78,78,0,13,0,1.0000,463,0.026541,,-1,button,1,78,78,0,13,0,1.0000,463,0.030032,-1,,button,1,78,78,0,13,0,1.0000,463,10.996486,77,77,78,8,49,0,0.99,risk_path,4,Bot1|Bot2|Bot3|Bot4,,1,0
397,0.40,75,440,613184341,3716848103,3654,0.649600,506,1368,74-57,2-1,55-66,134,128,32,28,126,118,1,0,1,134,0,,236,1,134,102,0,fire_reached_bot,0,19,19,0,0,115,0.1418,77,0.004564,-1,18,fire_reached_bot,0,19,19,0,0,115,0.1418,77,0.040263,,18,button,1,150,150,0,4,0,1.0000,2381,0.214392,18,,button,1,134,134,0,28,0,1.0000,1931,19.502663,1,1,134,0,0,0,0.4,risk_path,2,Bot3|Bot4,Bot1|Bot2,0,0
398,0.40,75,440,140259070,1404237909,3636,0.646400,513,1339,1-48,63-13,41-37,97,97,53,51,54,46,1,0,1,97,0,,113,0,,,0,fire_reached_bot,0,42,42,0,0,55,0.4330,301,0.002041,-1,42,fire_reached_bot,0,42,42,0,0,55,0.4330,301,0.014871,,42,fire_reached_bot,0,106,88,18,0,57,0.4124,2221,0.110228,42,,fire_reached_bot,0,42,42,0,0,55,0.4330,301,8.254605,-1,42,42,0,42,0,,shortest_path_fallback,0,,Bot1|Bot2|Bot3|Bot4,0,1
399,0.40,75,440,1706966771,3646661798,3652,0.649244,511,1407,32-34,29-13,48-3,40,24,55,47,35,29,1,0,1,40,0,,79,1,40,39,1,button,1,40,40,0,39,0,1.0000,214,0.001502,-1,-1,button,1,40,40,0,39,0,1.0000,214,0.005316,,-1,button,1,40,40,0,39,0,1.0000,214,0.006396,-1,,button,1,40,40,0,39,0,1.0000,214,2.544601,-1,-1,40,0,0,0,0.4,risk_path,4,Bot1|Bot2|Bot3|Bot4,,1,0
400,0.40,75,440,1557608422,587872040,3654,0.649600,504,1397,49-5,1-60,36-26,109,103,40,34,73,69,1,0,1,109,0,,141,0,,,0,fire_reached_bot,0,36,36,0,0,73,0.3303,196,0.001714,35,35,fire_reached_bot,0,108,83,25,0,56,0.4862,2256,0.073220,,58,fire_reached_bot,0,108,83,25,0,56,0.4862,2256,0.118929,58,,fire_reached_bot,0,108,83,25,0,56,0.4862,2256,15.633306,-1,58,108,0,83,25,,no_path,0,,Bot1|Bot2|Bot3|Bot4,0,1
401,0.40,75,440,2000075961,2745563048,3647,0.648356,506,1360,53-41,74-15,43-8,51,47,65,43,46,38,1,0,1,51,0,,95,1,51,44,1,button,1,51,51,0,44,0,1.0000,300,0.002118,-1,-1,button,1,51,51,0,44,0,1.0000,300,0.009454,,-1,button,1,51,51,0,44,0,1.0000,300,0.011263,-1,,button,1,51,51,0,44,0,1.0000,300,4.341651,19,19,51,0,0,0,0.4,risk_path,4,Bot1|Bot2|Bot3|Bot4,,1,0
402,0.40,75,440,4291152545,2741335827,3641,0.647289,513,1401,4-47,39-45,36-43,57,37,58,36,5,5,1,0,1,57,0,,12,0,,,0,walked_into_fire,0,42,42,0,-29,15,0.7368,,0.002070,13,13,fire_reached_bot,0,109,12,97,-96,45,0.2105,,0.364688,,-1,fire_reached_bot,0,109,12,97,-96,45,0.2105,,0.720830,-1,,fire_reached_bot,0,109,12,97,-96,45,0.2105,,2.459568,-1,-1,109,0,12,97,,no_path,0,,Bot1|Bot2|Bot3|Bot4,0,1
403,0.40,75,440,2060592027,3688875005,3646,0.648178,499,1396,8-70,21-2,51-54,107,81,71,59,86,82,1,0,1,107,0,,178,1,107,71,1,button,1,107,107,0,57,0,1.0000,1418,0.018612,-1,-1,button,1,107,107,0,57,0,1.0000,1418,0.064967,,-1,button,1,107,107,0,57,0,1.0000,1418,0.081743,-1,,button,1,107,107,0,57,0,1.0000,1418,14.321676,2,2,107,0,0,0,0.4,risk_path,4,Bot1|Bot2|Bot3|Bot4,,1,0
404,0.40,75,440,1918492199,551143425,3649,0.648711,506,1398,38-59,6-65,53-74,52,38,30,30,68,56,0,0,1,52,1,52,168,1,52,116,1,button,1,52,52,0,51,0,1.0000,258,0.002106,-1,-1,button,1,52,52,0,51,0,1.0000,258,0.008778,,-1,button,1,52,52,0,51,0,1.0000,258,0.010112,-1,,button,1,52,52,0,51,0,1.0000,258,4.174969,-1,-1,52,0,0,0,0.4,risk_path,4,Bot1|Bot2|Bot3|Bot4,,1,0
405,0.40,75,440,4258988007,102048511,3637,0.646578,505,1392,3-50,24-64,58-47,35,35,74,58,57,51,0,0,1,35,1,35,124,1,35,89,1,button,1,35,35,0,84,0,1.0000,113,0.000748,-1,-1,button,1,35,35,0,84,0,1.0000,113,0.002711,,-1,button,1,35,35,0,84,0,1.0000,113,0.003162,-1,,button,1,35,35,0,84,0,1.0000,113,1.972734,7,7,35,0,0,0,0.4,risk_path,4,Bot1|Bot2|Bot3|Bot4,,1,0
406,0.40,75,440,1836645683,3217807480,3644,0.647822,502,1331,0-46,40-23,63-28,79,63,105,81,32,28,1,0,1,79,0,,70,0,,,0,walked_into_fire,0,74,74,0,-3,5,0.9367,,0.007278,69,67,fire_reached_bot,0,106,70,36,-35,13,0.8354,,0.166724,,67,fire_reached_bot,0,114,70,44,-43,17,0.7848,,0.336223,67,,fire_reached_bot,0,106,70,36,-35,13,0.8354,,10.832182,-1,67,106,0,70,36,,no_path,0,,Bot1|Bot2|Bot3|Bot4,0,1
407,0.40,75,440,348380400,1235727142,3621,0.643733,502,1332,23-11,33-46,23-72,49,45,79,61,46,36,1,0,1,49,0,,105,1,49,56,1,button,1,49,49,0,56,0,1.0000,124,0.001113,-1,-1,button,1,49,49,0,56,0,1.0000,124,0.005185,,-1,button,1,49,49,0,56,0,1.0000,124,0.005835,-1,,button,1,49,49,0,56,0,1.0000,124,3.761914,15,15,49,0,0,0,0.4,risk_path,4,Bot1|Bot2|Bot3|Bot4,,1,0
408,0.40,75,440,649723473,128509568,3652,0.649244,507,1389,26-9,6-2,14-47,31,27,66,50,73,53,0,0,1,31,1,31,157,1,31,126,1,button,1,31,31,0,112,0,1.0000,103,0.000705,-1,-1,button,1,31,31,0,112,0,1.0000,103,0.002593,,-1,button,1,31,31,0,112,0,1.0000,103,0.003021,-1,,button,1,31,31,0,112,0,1.0000,103,1.594274,-1,-1,31,0,0,0,0.4,risk_path,4,Bot1|Bot2|Bot3|Bot4,,1,0
409,0.40,75,440,1213574996,1326260514,3647,0.648356,488,1368,55-57,35-55,55-12,30,22,69,45,67,63,0,0,1,30,1,30,144,1,30,114,1,button,1,30,30,0,114,0,1.0000,125,0.000829,-1,-1,button,1,30,30,0,114,0,1.0000,125,0.003042,,-1,button,1,30,30,0,114,0,1.0000,125,0.003440,-1,,button,1,30,30,0,108,0,1.0000,125,1.515656,6,6,30,0,0,0,0.4,risk_path,4,Bot1|Bot2|Bot3|Bot4,,1,0
410,0.40,75,440,399927594,1172635717,3649,0.648711,503,1395,70-34,60-58,10-58,38,34,88,84,70,50,0,0,1,38,1,38,167,1,38,129,1,button,1,38,38,0,129,0,1.0000,96,0.000767,-1,-1,button,1,38,38,0,129,0,1.0000,96,0.003996,,-1,button,1,38,38,0,129,0,1.0000,96,0.004358,-1,,button,1,38,38,0,129,0,1.0000,96,2.427053,-1,-1,38,0,0,0,0.4,risk_path,4,Bot1|Bot2|Bot3|Bot4,,1,0
411,0.40,75,440,94789281,138735109,3646,0.648178,506,1409,35-29,8-74,34-65,78,72,51,37,39,35,1,0,1,78,0,,90,1,80,10,0,walked_into_fire,0,50,50,0,-1,28,0.6410,361,0.003131,47,47,button,1,80,80,0,1,0,1.0000,836,0.031163,,-1,button,1,80,80,0,1,0,1.0000,836,0.038414,-1,,button,1,80,80,0,1,0,1.0000,836,10.177326,73,73,80,8,54,0,0.99,risk_path,3,Bot2|Bot3|Bot4,Bot1,0,0
412,0.40,75,440,4204771711,1699448702,3649,0.648711,521,1344,25-68,64-22,8-1,101,85,108,84,83,77,1,0,1,101,0,,178,1,101,77,1,button,1,101,101,0,62,0,1.0000,637,0.007835,-1,-1,button,1,101,101,0,62,0,1.0000,637,0.036474,,-1,button,1,101,101,0,62,0,1.0000,637,0.042886,-1,,button,1,101,101,0,62,0,1.0000,637,15.485292,39,39,101,0,0,0,0.4,risk_path,4,Bot1|Bot2|Bot3|Bot4,,1,0
413,0.40,75,440,823494903,3566751827,3642,0.647467,516,1387,71-17,60-13,29-23,25,15,60,48,45,41,0,0,1,25,1,25,88,1,25,63,1,button,1,25,25,0,57,0,1.0000,111,0.000536,-1,-1,button,1,25,25,0,57,0,1.0000,111,0.001393,,-1,button,1,25,25,0,57,0,1.0000,111,0.001859,-1,,button,1,25,25,0,57,0,1.0000,111,1.151901,-1,-1,25,0,0,0,0.4,risk_path,4,Bot1|Bot2|Bot3|Bot4,,1,0
414,0.40,75,440,277766336,146189312,3644,0.647822,499,1356,58-60,40-20,62-46,72,58,22,18,64,48,1,0,1,72,0,,161,1,72,89,1,button,1,72,72,0,42,0,1.0000,586,0.006595,-1,-1,button,1,72,72,0,42,0,1.0000,586,0.030499,,-1,button,1,72,72,0,42,0,1.0000,586,0.034524,-1,,button,1,72,72,0,42,0,1.0000,586,8.383260,62,62,72,0,0,0,0.4,risk_path,4,Bot1|Bot2|Bot3|Bot4,,1,0
415,0.40,75,440,2294360336,2377130893,3660,0.650667,509,1386,42-45,54-71,24-24,44,38,39,39,83,77,0,0,1,44,1,44,160,1,44,116,1,button,1,44,44,0,94,0,1.0000,126,0.000884,-1,-1,button,1,44,44,0,94,0,1.0000,126,0.004279,,-1,button,1,44,44,0,94,0,1.0000,126,0.004868,-1,,button,1,44,44,0,94,0,1.0000,126,3.237045,11,11,44,0,0,0,0.4,risk_path,4,Bot1|Bot2|Bot3|Bot4,,1,0
416,0.40,75,440,4063297683,2159750137,3631,0.645511,496,1409,73-41,65-67,49-26,38,34,53,39,63,57,0,0,1,38,1,38,137,1,38,99,1,button,1,38,38,0,89,0,1.0000,157,0.000971,-1,-1,button,1,38,38,0,89,0,1.0000,157,0.004406,,-1,button,1,38,38,0,89,0,1.0000,157,0.005065,-1,,button,1,38,38,0,89,0,1.0000,157,2.370041,-1,-1,38,0,0,0,0.4,risk_path,4,Bot1|Bot2|Bot3|Bot4,,1,0
417,0.40,75,440,4136068613,3935871520,3621,0.643733,502,1362,57-26,62-4,25-23,29,27,53,35,62,56,0,0,1,29,1,29,139,1,29,110,1,button,1,29,29,0,89,0,1.0000,127,0.000624,-1,-1,button,1,29,29,0,89,0,1.0000,127,0.002038,,-1,button,1,29,29,0,89,0,1.0000,127,0.002517,-1,,button,1,29,29,0,89,0,1.0000,127,1.476153,23,23,29,0,0,0,0.4,risk_path,4,Bot1|Bot2|Bot3|Bot4,,1,0
418,0.40,75,440,3079297320,2426746488,3636,0.646400,501,1421,50-61,33-15,73-21,71,63,79,63,60,46,1,0,1,71,0,,135,1,71,64,1,button,1,71,71,0,64,0,1.0000,300,0.002911,-1,-1,button,1,71,71,0,64,0,1.0000,300,0.016477,,-1,button,1,71,71,0,64,0,1.0000,300,0.018707,-1,,button,1,71,71,0,64,0,1.0000,300,8.127462,-1,-1,71,0,0,0,0.4,risk_path,4,Bot1|Bot2|Bot3|Bot4,,1,0
419,0.40,75,440,4257723732,3495392713,3654,0.649600,498,1377,48-73,69-49,48-45,53,45,42,28,33,25,1,0,1,53,0,,78,1,53,25,1,button,1,53,53,0,9,0,1.0000,419,0.002871,-1,-1,button,1,53,53,0,9,0,1.0000,419,0.013721,,-1,button,1,53,53,0,9,0,1.0000,419,0.015495,-1,,button,1,53,53,0,24,0,1.0000,419,4.430938,2,2,53,10,1,0,0.99,risk_path,4,Bot1|Bot2|Bot3|Bot4,,1,0
420,0.40,75,440,4078690204,3768167155,3654,0.649600,511,1398,67-28,21-7,28-59,79,67,74,70,75,59,1,0,1,79,0,,165,1,79,86,1,button,1,79,79,0,86,0,1.0000,807,0.008771,-1,-1,button,1,79,79,0,86,0,1.0000,807,0.039573,,-1,button,1,79,79,0,86,0,1.0000,807,0.045403,-1,,button,1,79,79,0,86,0,1.0000,807,9.567505,-1,-1,79,0,0,0,0.4,risk_path,4,Bot1|Bot2|Bot3|Bot4,,1,0
421,0.40,75,440,958537604,1453352966,3651,0.649067,500,1404,28-43,1-30,35-32,50,40,18,18,50,36,0,0,1,50,0,,105,1,50,55,1,button,1,50,50,0,26,0,1.0000,218,0.001605,-1,-1,button,1,50,50,0,26,0,1.0000,218,0.006233,,-1,button,1,50,50,0,26,0,1.0000,218,0.007004,-1,,button,1,50,50,0,26,0,1.0000,218,4.363348,-1,-1,50,0,0,0,0.4,risk_path,4,Bot1|Bot2|Bot3|Bot4,,1,0
422,0.40,75,440,2355762477,2963328483,3669,0.652267,526,1440,54-11,49-40,53-34,40,34,34,24,10,10,1,0,1,40,0,,16,0,,,0,walked_into_fire,0,22,22,0,-5,18,0.5500,,0.000490,12,12,fire_reached_bot,0,43,15,28,-26,29,0.2750,,0.142841,,-1,fire_reached_bot,0,43,15,28,-26,29,0.2750,,0.275578,-1,,fire_reached_bot,0,43,15,28,-26,29,0.2750,,3.353427,-1,-1,43,0,15,28,,no_path,0,,Bot1|Bot2|Bot3|Bot4,0,1
423,0.40,75,440,3860660340,1064690405,3656,0.649956,501,1379,41-13,19-25,56-67,36,34,91,69,81,79,0,0,1,36,1,36,151,1,36,115,1,button,1,36,36,0,115,0,1.0000,195,0.001021,-1,-1,button,1,36,36,0,115,0,1.0000,195,0.003314,,-1,button,1,36,36,0,115,0,1.0000,195,0.004137,-1,,button,1,36,36,0,115,0,1.0000,195,2.398922,-1,-1,36,0,0,0,0.4,risk_path,4,Bot1|Bot2|Bot3|Bot4,,1,0
424,0.40,75,440,4240931953,1182499683,3665,0.651556,513,1403,19-9,38-33,56-58,51,43,90,86,51,43,0,0,1,51,1,51,101,1,51,50,1,button,1,51,51,0,48,0,1.0000,432,0.003018,-1,-1,button,1,51,51,0,48,0,1.0000,432,0.011638,,-1,button,1,51,51,0,48,0,1.0000,432,0.013520,-1,,button,1,51,51,0,48,0,1.0000,432,4.460681,1,1,51,0,0,0,0.4,risk_path,4,Bot1|Bot2|Bot3|Bot4,,1,0
425,0.40,75,440,2493525027,414517936,3643,0.647644,501,1383,58-63,3-72,18-64,90,64,67,41,25,23,1,0,1,90,0,,60,0,,,0,walked_into_fire,0,48,48,0,-8,42,0.5333,290,0.002630,29,29,fire_reached_bot,0,72,40,32,-11,56,0.3778,,0.183025,,-1,fire_reached_bot,0,72,40,32,-11,56,0.3778,,0.321822,-1,,fire_reached_bot,0,72,40,32,-11,56,0.3778,,11.408454,-1,-1,72,0,40,32,,no_path,0,,Bot1|Bot2|Bot3|Bot4,0,1
426,0.40,75,440,836001522,3918252539,3632,0.645689,504,1368,22-45,44-49,26-42,34,26,7,7,29,25,1,0,1,34,0,,62,0,,,0,walked_into_fire,0,4,4,0,-1,30,0.1176,4,0.000193,3,2,fire_reached_bot,0,12,12,0,0,34,0.0000,43,0.002419,,2,fire_reached_bot,0,75,62,13,-12,12,0.6471,,0.104633,2,,fire_reached_bot,0,12,12,0,0,34,0.0000,43,2.194314,-1,2,12,2,10,0,0.99,shortest_path_fallback,0,,Bot1|Bot2|Bot3|Bot4,0,1
427,0.40,75,440,435955948,1367064018,3647,0.648356,496,1404,47-12,21-74,60-61,96,88,70,62,82,52,1,0,1,96,0,,182,1,96,86,1,button,1,96,96,0,39,0,1.0000,997,0.013801,-1,-1,button,1,96,96,0,39,0,1.0000,997,0.059355,,-1,button,1,96,96,0,39,0,1.0000,997,0.071495,-1,,button,1,96,96,0,39,0,1.0000,997,14.251238,-1,-1,96,0,0,0,0.4,risk_path,4,Bot1|Bot2|Bot3|Bot4,,1,0
428,0.40,75,440,2279097245,954607641,3621,0.643733,485,1323,11-38,1-39,51-68,11,11,76,70,81,79,0,0,1,11,1,11,172,1,11,161,1,button,1,11,11,0,157,0,1.0000,30,0.000114,-1,-1,button,1,11,11,0,157,0,1.0000,30,0.000266,,-1,button,1,11,11,0,157,0,1.0000,30,0.000342,-1,,button,1,11,11,0,157,0,1.0000,30,0.311131,-1,-1,11,0,0,0,0.4,risk_path,4,Bot1|Bot2|Bot3|Bot4,,1,0
429,0.40,75,440,2932552292,18426317,3674,0.653156,511,1398,22-34,51-14,67-21,59,49,66,58,37,23,1,0,1,59,0,,93,1,59,34,1,button,1,59,59,0,34,0,1.0000,232,0.002651,-1,-1,button,1,59,59,0,34,0,1.0000,232,0.017039,,-1,button,1,59,59,0,34,0,1.0000,232,0.018169,-1,,button,1,59,59,0,34,0,1.0000,232,7.057308,5,5,59,9,0,0,0.99,risk_path,4,Bot1|Bot2|Bot3|Bot4,,1,0
430,0.40,75,440,2526166132,2004277368,3663,0.651200,520,1424,48-54,7-1,3-67,98,94,78,58,90,70,1,0,1,98,0,,216,1,98,118,1,button,1,98,98,0,72,0,1.0000,528,0.007672,-1,-1,button,1,98,98,0,72,0,1.0000,528,0.047682,,-1,button,1,98,98,0,72,0,1.0000,528,0.053141,-1,,button,1,98,98,0,72,0,1.0000,528,15.718001,-1,-1,98,0,0,0,0.4,risk_path,4,Bot1|Bot2|Bot3|Bot4,,1,0
431,0.40,75,440,2360711024,676293112,3646,0.648178,499,1381,49-31,9-40,65-23,57,49,28,24,81,73,0,0,1,57,1,57,174,1,57,117,1,button,1,57,57,0,60,0,1.0000,496,0.004332,-1,-1,button,1,57,57,0,60,0,1.0000,496,0.011248,,-1,button,1,57,57,0,60,0,1.0000,496,0.014843,-1,,button,1,57,57,0,60,0,1.0000,496,5.473187,-1,-1,57,0,0,0,0.4,risk_path,4,Bot1|Bot2|Bot3|Bot4,,1,0
432,0.40,75,440,1910899855,3074822446,3643,0.647644,516,1359,33-54,51-29,56-40,55,43,49,37,16,16,1,0,1,55,0,,26,0,,,0,walked_into_fire,0,34,34,0,-7,21,0.6182,,0.001953,27,27,fire_reached_bot,0,49,26,23,-22,29,0.4727,,0.128802,,-1,fire_reached_bot,0,49,26,23,-22,29,0.4727,,0.240316,-1,,fire_reached_bot,0,49,26,23,-22,29,0.4727,,4.884225,-1,-1,49,0,26,23,,no_path,0,,Bot1|Bot2|Bot3|Bot4,0,1
433,0.40,75,440,2661614459,1963583143,3649,0.648711,498,1378,42-68,17-18,56-34,83,75,52,48,59,55,1,0,1,83,0,,103,1,83,20,1,button,1,83,83,0,1,0,1.0000,1247,0.013000,-1,-1,button,1,83,83,0,1,0,1.0000,1247,0.035121,,-1,button,1,83,83,0,1,0,1.0000,1247,0.046572,-1,,button,1,83,83,0,1,0,1.0000,1247,10.959204,-1,-1,83,7,17,0,0.99,risk_path,4,Bot1|Bot2|Bot3|Bot4,,1,0
434,0.40,75,440,3282060075,882283043,3638,0.646756,507,1363,17-63,15-48,25-14,17,17,75,57,60,44,0,0,1,17,1,17,142,1,17,125,1,button,1,17,17,0,125,0,1.0000,20,0.000150,-1,-1,button,1,17,17,0,125,0,1.0000,20,0.000520,,-1,button,1,17,17,0,125,0,1.0000,20,0.000596,-1,,button,1,17,17,0,125,0,1.0000,20,0.556362,-1,-1,17,0,0,0,0.4,risk_path,4,Bot1|Bot2|Bot3|Bot4,,1,0
435,0.40,75,440,3996130700,1346204788,3641,0.647289,510,1369,33-13,9-17,51-33,36,28,48,38,72,58,0,0,1,36,1,36,162,1,36,126,1,button,1,36,36,0,102,0,1.0000,182,0.001066,-1,-1,button,1,36,36,0,102,0,1.0000,182,0.004144,,-1,button,1,36,36,0,102,0,1.0000,182,0.004800,-1,,button,1,36,36,0,102,0,1.0000,182,2.419223,-1,-1,36,0,0,0,0.4,risk_path,4,Bot1|Bot2|Bot3|Bot4,,1,0
436,0.40,75,440,836374606,2519469390,3644,0.647822,514,1410,66-40,20-42,12-26,64,48,78,68,26,24,1,0,1,64,0,,62,0,,,0,fire_reached_bot,0,63,63,0,0,1,0.9844,,0.005833,63,63,fire_reached_bot,0,65,62,3,-2,2,0.9688,,0.031408,,-1,fire_reached_bot,0,65,62,3,-2,2,0.9688,,0.051857,-1,,fire_reached_bot,0,65,62,3,-2,2,0.9688,,8.147907,-1,-1,65,11,51,3,0.99,no_path,0,,Bot1|Bot2|Bot3|Bot4,0,1
437,0.40,75,440,3431814037,2475972391,3665,0.651556,509,1430,18-47,46-36,51-30,43,39,54,50,11,11,1,0,1,43,0,,32,0,,,0,walked_into_fire,0,38,38,0,-5,5,0.8837,,0.001449,33,33,fire_reached_bot,0,51,32,19,-18,11,0.7442,,0.099102,,-1,fire_reached_bot,0,51,32,19,-18,11,0.7442,,0.191061,-1,,fire_reached_bot,0,51,32,19,-18,11,0.7442,,3.423662,-1,-1,51,0,32,19,,no_path,0,,Bot1|Bot2|Bot3|Bot4,0,1
438,0.40,75,440,1717278258,3909387573,3628,0.644978,489,1365,62-2,11-7,19-66,66,56,109,107,83,67,0,0,1,66,1,66,174,1,66,108,1,button,1,66,66,0,107,0,1.0000,640,0.005988,-1,-1,button,1,66,66,0,107,0,1.0000,640,0.015284,,-1,button,1,66,66,0,107,0,1.0000,640,0.020152,-1,,button,1,66,66,0,107,0,1.0000,640,7.092134,-1,-1,66,0,0,0,0.4,risk_path,4,Bot1|Bot2|Bot3|Bot4,,1,0
439,0.40,75,440,601328095,3338845994,3660,0.650667,513,1409,49-10,22-21,7-64,58,38,102,96,64,58,0,0,1,58,1,58,162,1,58,104,1,button,1,58,58,0,97,0,1.0000,278,0.003883,-1,-1,button,1,58,58,0,97,0,1.0000,278,0.018882,,-1,button,1,58,58,0,97,0,1.0000,278,0.020497,-1,,button,1,58,58,0,97,0,1.0000,278,5.585193,-1,-1,58,0,0,0,0.4,risk_path,4,Bot1|Bot2|Bot3|Bot4,,1,0
440,0.40,75,440,2216123474,76203067,3642,0.647467,521,1396,71-40,18-70,58-46,91,83,25,19,66,64,1,0,1,91,0,,163,1,93,70,0,walked_into_fire,0,17,17,0,-3,74,0.1868,48,0.001707,16,16,fire_reached_bot,0,60,60,0,0,57,0.3736,586,0.036513,,25,fire_reached_bot,0,72,55,17,0,74,0.1868,851,0.048230,25,,fire_reached_bot,0,60,60,0,0,57,0.3736,586,12.524525,-1,25,60,0,60,0,,shortest_path_fallback,0,,Bot1|Bot2|Bot3|Bot4,0,1
441,0.40,75,440,2952930947,3442715,3633,0.645867,493,1336,34-33,4-65,13-73,70,62,69,61,21,17,1,0,1,70,0,,57,0,,,0,walked_into_fire,0,50,50,0,-1,20,0.7143,234,0.002432,45,40,fire_reached_bot,0,64,44,20,-6,26,0.6286,,0.118956,,40,fire_reached_bot,0,75,44,31,-17,32,0.5429,,0.313127,40,,fire_reached_bot,0,64,44,20,-6,26,0.6286,,8.490561,-1,40,64,0,44,20,,no_path,0,,Bot1|Bot2|Bot3|Bot4,0,1
442,0.40,75,440,954329560,321467233,3659,0.650489,499,1374,67-24,7-24,36-66,86,60,77,73,75,71,1,0,1,86,0,,152,1,86,66,1,button,1,86,86,0,49,0,1.0000,970,0.014101,-1,-1,button,1,86,86,0,49,0,1.0000,970,0.036190,,-1,button,1,86,86,0,49,0,1.0000,970,0.044670,-1,,button,1,86,86,0,49,0,1.0000,970,10.816377,-1,-1,86,0,0,0,0.4,risk_path,4,Bot1|Bot2|Bot3|Bot4,,1,0
443,0.40,75,440,2194090034,1836282544,3620,0.643556,485,1382,59-51,66-29,6-24,39,29,88,80,83,65,0,0,1,39,1,39,187,1,39,148,1,button,1,39,39,0,146,0,1.0000,168,0.001546,-1,-1,button,1,39,39,0,146,0,1.0000,168,0.005248,,-1,button,1,39,39,0,146,0,1.0000,168,0.005943,-1,,button,1,39,39,0,146,0,1.0000,168,2.609286,27,27,39,0,0,0,0.4,risk_path,4,Bot1|Bot2|Bot3|Bot4,,1,0
444,0.40,75,440,99980322,3105913063,3629,0.645156,499,1364,32-3,62-72,50-46,109,99,71,61,52,38,1,0,1,109,0,,105,0,,,0,fire_reached_bot,0,46,46,0,0,63,0.4220,270,0.003065,33,33,fire_reached_bot,0,107,84,23,-1,75,0.3119,,0.207319,,51,fire_reached_bot,0,94,84,10,0,81,0.2569,1224,0.230079,51,,fire_reached_bot,0,107,84,23,-1,75,0.3119,,22.179716,-1,51,107,0,84,23,,no_path,0,,Bot1|Bot2|Bot3|Bot4,0,1
445,0.40,75,440,4143197766,1623788008,3645,0.648000,506,1364,60-66,70-44,12-31,34,32,91,83,97,71,0,0,1,34,1,34,211,1,34,177,1,button,1,34,34,0,150,0,1.0000,155,0.000875,-1,-1,button,1,34,34,0,150,0,1.0000,155,0.002448,,-1,button,1,34,34,0,150,0,1.0000,155,0.002894,-1,,button,1,34,34,0,150,0,1.0000,155,2.188524,13,13,34,0,0,0,0.4,risk_path,4,Bot1|Bot2|Bot3|Bot4,,1,0
446,0.40,75,440,846446360,2130916755,3634,0.646044,496,1358,39-19,71-58,53-21,79,71,24,16,73,55,1,0,1,79,0,,168,1,79,89,1,button,1,79,79,0,23,0,1.0000,908,0.008986,-1,-1,button,1,79,79,0,23,0,1.0000,908,0.042754,,-1,button,1,79,79,0,23,0,1.0000,908,0.054993,-1,,button,1,79,79,0,23,0,1.0000,908,10.453564,32,32,79,0,0,0,0.4,risk_path,4,Bot1|Bot2|Bot3|Bot4,,1,0
447,0.40,75,440,779460035,79676451,3647,0.648356,502,1429,35-37,33-67,8-44,46,32,60,34,56,48,0,0,1,46,1,46,117,1,46,71,1,button,1,46,46,0,70,0,1.0000,249,0.002219,-1,-1,button,1,46,46,0,70,0,1.0000,249,0.006216,,-1,button,1,46,46,0,70,0,1.0000,249,0.007057,-1,,button,1,46,46,0,70,0,1.0000,249,3.820100,-1,-1,46,0,0,0,0.4,risk_path,4,Bot1|Bot2|Bot3|Bot4,,1,0
448,0.40,75,440,1123366057,3344577641,3660,0.650667,494,1419,30-32,27-34,73-46,11,5,79,57,84,58,0,0,1,11,1,11,177,1,11,166,1,button,1,11,11,0,165,0,1.0000,24,0.000189,-1,-1,button,1,11,11,0,165,0,1.0000,24,0.000338,,-1,button,1,11,11,0,165,0,1.0000,24,0.000323,-1,,button,1,11,11,0,165,0,1.0000,24,0.318900,-1,-1,11,0,0,0,0.4,risk_path,4,Bot1|Bot2|Bot3|Bot4,,1,0
449,0.40,75,440,2060266283,3682968219,3648,0.648533,502,1416,66-6,7-5,44-56,86,60,86,72,98,88,0,0,1,86,1,86,208,1,86,122,1,button,1,86,86,0,114,0,1.0000,881,0.013202,-1,-1,button,1,86,86,0,114,0,1.0000,881,0.027419,,-1,button,1,86,86,0,114,0,1.0000,881,0.036155,-1,,button,1,86,86,0,114,0,1.0000,881,10.771242,-1,-1,86,0,0,0,0.4,risk_path,4,Bot1|Bot2|Bot3|Bot4,,1,0
450,0.40,75,440,3271714734,783943413,3641,0.647289,494,1354,33-11,36-11,36-6,3,3,8,8,5,5,0,0,1,3,1,3,7,1,3,4,1,button,1,3,3,0,4,0,1.0000,4,0.000060,-1,-1,button,1,3,3,0,4,0,1.0000,4,0.000069,,-1,button,1,3,3,0,4,0,1.0000,4,0.000067,-1,,button,1,3,3,0,4,0,1.0000,4,0.058494,-1,-1,3,0,0,0,0.4,risk_path,4,Bot1|Bot2|Bot3|Bot4,,1,0
451,0.40,75,440,1682450521,2218722123,3650,0.648889,500,1388,63-74,74-28,41-74,67,57,62,22,85,79,0,0,1,67,1,67,182,1,67,115,1,button,1,67,67,0,97,0,1.0000,222,0.001688,-1,-1,button,1,67,67,0,97,0,1.0000,222,0.011327,,-1,button,1,67,67,0,97,0,1.0000,222,0.012349,-1,,button,1,67,67,0,97,0,1.0000,222,8.132458,42,42,67,0,0,0,0.4,risk_path,4,Bot1|Bot2|Bot3|Bot4,,1,0
452,0.40,75,440,4253021220,2834508363,3667,0.651911,506,1400,26-8,16-57,57-74,77,59,103,97,70,58,1,0,1,77,0,,135,1,77,58,1,button,1,77,77,0,58,0,1.0000,515,0.005829,-1,-1,button,1,77,77,0,58,0,1.0000,515,0.028751,,-1,button,1,77,77,0,58,0,1.0000,515,0.033619,-1,,button,1,77,77,0,58,0,1.0000,515,9.497748,1,1,77,0,0,0,0.4,risk_path,4,Bot1|Bot2|Bot3|Bot4,,1,0
453,0.40,75,440,2952658635,970395582,3617,0.643022,500,1329,73-24,20-35,66-32,74,64,55,15,63,49,1,0,1,74,0,,127,1,74,53,1,button,1,74,74,0,9,0,1.0000,527,0.004333,-1,-1,button,1,74,74,0,9,0,1.0000,527,0.019454,,-1,button,1,74,74,0,9,0,1.0000,527,0.024589,-1,,button,1,74,74,0,9,0,1.0000,527,9.185283,-1,-1,74,0,0,0,0.4,risk_path,4,Bot1|Bot2|Bot3|Bot4,,1,0
454,0.40,75,440,473146384,3945293444,3628,0.644978,501,1342,49-65,65-42,31-59,53,39,28,24,65,51,0,0,1,53,1,53,142,1,53,89,1,button,1,53,53,0,51,0,1.0000,380,0.002401,-1,-1,button,1,53,53,0,51,0,1.0000,380,0.010232,,-1,button,1,53,53,0,51,0,1.0000,380,0.012113,-1,,button,1,53,53,0,51,0,1.0000,380,4.637180,24,24,53,0,0,0,0.4,risk_path,4,Bot1|Bot2|Bot3|Bot4,,1,0
455,0.40,75,440,2903495406,1402952168,3639,0.646933,510,1381,26-31,73-0,14-53,80,78,44,34,112,112,0,0,1,80,1,80,261,1,80,181,1,button,1,80,80,0,107,0,1.0000,908,0.007652,-1,-1,button,1,80,80,0,107,0,1.0000,908,0.029764,,-1,button,1,80,80,0,107,0,1.0000,908,0.041344,-1,,button,1,80,80,0,107,0,1.0000,908,10.153556,37,37,80,0,0,0,0.4,risk_path,4,Bot1|Bot2|Bot3|Bot4,,1,0
456,0.40,75,440,1612596313,1606830779,3651,0.649067,494,1390,61-73,9-34,31-53,97,91,56,50,41,41,1,0,1,97,0,,82,0,,,0,walked_into_fire,0,41,41,0,-5,56,0.4227,256,0.002139,37,33,fire_reached_bot,0,56,56,0,0,47,0.5155,474,0.027964,,33,fire_reached_bot,0,112,82,30,-29,45,0.5361,,0.244302,33,,fire_reached_bot,0,56,56,0,0,47,0.5155,474,12.225880,-1,33,56,0,56,0,,shortest_path_fallback,0,,Bot1|Bot2|Bot3|Bot4,0,1
457,0.40,75,440,2590130515,196957734,3647,0.648356,507,1384,54-67,36-66,67-8,27,19,114,72,103,89,0,0,1,27,1,27,199,1,27,172,1,button,1,27,27,0,171,0,1.0000,96,0.000534,-1,-1,button,1,27,27,0,171,0,1.0000,96,0.001981,,-1,button,1,27,27,0,171,0,1.0000,96,0.002205,-1,,button,1,27,27,0,171,0,1.0000,96,1.261737,6,6,27,0,0,0,0.4,risk_path,4,Bot1|Bot2|Bot3|Bot4,,1,0
458,0.40,75,440,3410208556,1748041653,3630,0.645333,504,1401,43-42,53-52,35-68,20,20,44,34,38,34,0,0,1,20,1,20,87,1,20,67,1,button,1,20,20,0,66,0,1.0000,70,0.000284,-1,-1,button,1,20,20,0,66,0,1.0000,70,0.000901,,-1,button,1,20,20,0,66,0,1.0000,70,0.000947,-1,,button,1,20,20,0,66,0,1.0000,70,0.793161,1,1,20,0,0,0,0.4,risk_path,4,Bot1|Bot2|Bot3|Bot4,,1,0
459,0.40,75,440,1944609791,705594675,3674,0.653156,521,1406,73-3,42-69,11-71,103,97,132,130,43,33,1,0,1,103,0,,86,0,,,0,walked_into_fire,0,99,99,0,-12,4,0.9612,,0.008493,87,87,fire_reached_bot,0,126,86,40,-39,17,0.8350,,0.219008,,-1,fire_reached_bot,0,126,86,40,-39,17,0.8350,,0.391879,-1,,fire_reached_bot,0,126,86,40,-39,17,0.8350,,19.042166,-1,-1,126,0,86,40,,no_path,0,,Bot1|Bot2|Bot3|Bot4,0,1
460,0.40,75,440,3380480183,1588023217,3661,0.650844,511,1422,4-70,35-43,9-64,60,58,11,11,49,47,1,0,1,60,0,,110,1,70,40,0,walked_into_fire,0,11,11,0,-2,49,0.1833,22,0.000515,10,8,fire_reached_bot,0,25,18,7,0,54,0.1000,134,0.007780,,8,button,1,70,70,0,2,0,1.0000,534,0.021432,8,,button,1,70,70,0,2,0,1.0000,534,7.431810,8,20,70,8,2,0,0.99,risk_path,2,Bot3|Bot4,Bot1|Bot2,0,0
461,0.40,75,440,545968031,3785375886,3639,0.646933,498,1365,43-6,61-58,1-42,76,70,84,78,86,76,0,0,1,76,1,76,187,1,76,111,1,button,1,76,76,0,86,0,1.0000,435,0.003710,-1,-1,button,1,76,76,0,86,0,1.0000,435,0.024675,,-1,button,1,76,76,0,86,0,1.0000,435,0.027118,-1,,button,1,76,76,0,86,0,1.0000,435,9.169327,43,43,76,0,0,0,0.4,risk_path,4,Bot1|Bot2|Bot3|Bot4,,1,0
462,0.40,75,440,3450460134,238140626,3636,0.646400,504,1363,56-10,14-8,20-65,68,44,93,91,83,63,0,0,1,68,1,68,185,1,68,117,1,button,1,68,68,0,115,0,1.0000,532,0.003948,-1,-1,button,1,68,68,0,115,0,1.0000,532,0.014067,,-1,button,1,68,68,0,115,0,1.0000,532,0.017569,-1,,button,1,68,68,0,115,0,1.0000,532,7.917898,-1,-1,68,0,0,0,0.4,risk_path,4,Bot1|Bot2|Bot3|Bot4,,1,0
463,0.40,75,440,1149964191,3065534945,3643,0.647644,509,1362,40-25,17-31,0-32,35,29,63,47,36,18,0,0,1,35,1,35,81,1,35,46,1,button,1,35,35,0,46,0,1.0000,73,0.000637,-1,-1,button,1,35,35,0,46,0,1.0000,73,0.002992,,-1,button,1,35,35,0,46,0,1.0000,73,0.003186,-1,,button,1,35,35,0,46,0,1.0000,73,2.162444,2,2,35,0,0,0,0.4,risk_path,4,Bot1|Bot2|Bot3|Bot4,,1,0
464,0.40,75,440,2588932194,3317267967,3638,0.646756,502,1370,62-19,40-53,74-66,68,56,83,59,61,47,1,0,1,68,0,,126,1,68,58,1,button,1,68,68,0,55,0,1.0000,172,0.002123,-1,-1,button,1,68,68,0,55,0,1.0000,172,0.018290,,-1,button,1,68,68,0,55,0,1.0000,172,0.019641,-1,,button,1,68,68,0,55,0,1.0000,172,7.895385,-1,-1,68,0,0,0,0.4,risk_path,4,Bot1|Bot2|Bot3|Bot4,,1,0
465,0.40,75,440,283204915,3485829726,3629,0.645156,508,1367,64-59,65-68,21-63,12,10,71,47,71,49,0,0,1,12,1,12,175,1,12,163,1,button,1,12,12,0,155,0,1.0000,12,0.000093,-1,-1,button,1,12,12,0,155,0,1.0000,12,0.000279,,-1,button,1,12,12,0,155,0,1.0000,12,0.000268,-1,,button,1,12,12,0,155,0,1.0000,12,0.343318,-1,-1,12,0,0,0,0.4,risk_path,4,Bot1|Bot2|Bot3|Bot4,,1,0
466,0.40,75,440,519884690,3415390693,3660,0.650667,498,1397,42-44,2-19,17-64,65,65,47,45,82,60,0,0,1,65,1,65,173,1,65,108,1,button,1,65,65,0,83,0,1.0000,456,0.003312,-1,-1,button,1,65,65,0,83,0,1.0000,456,0.014308,,-1,button,1,65,65,0,83,0,1.0000,456,0.017169,-1,,button,1,65,65,0,83,0,1.0000,456,6.537439,-1,-1,65,0,0,0,0.4,risk_path,4,Bot1|Bot2|Bot3|Bot4,,1,0
467,0.40,75,440,3826963234,2865125719,3651,0.649067,514,1442,46-13,18-38,44-2,53,53,13,13,62,62,0,0,1,53,1,53,156,1,53,103,1,button,1,53,53,0,33,0,1.0000,211,0.001321,-1,-1,button,1,53,53,0,33,0,1.0000,211,0.004473,,-1,button,1,53,53,0,33,0,1.0000,211,0.005627,-1,,button,1,53,53,0,33,0,1.0000,211,4.919412,-1,-1,53,0,0,0,0.4,risk_path,4,Bot1|Bot2|Bot3|Bot4,,1,0
468,0.40,75,440,4243052957,3832579543,3655,0.649778,512,1362,20-47,35-34,1-59,40,28,31,31,67,59,0,0,1,40,1,40,171,1,40,131,1,button,1,40,40,0,65,0,1.0000,149,0.000942,-1,-1,button,1,40,40,0,65,0,1.0000,149,0.005763,,-1,button,1,40,40,0,65,0,1.0000,149,0.006273,-1,,button,1,40,40,0,65,0,1.0000,149,2.614282,11,11,40,0,0,0,0.4,risk_path,4,Bot1|Bot2|Bot3|Bot4,,1,0
469,0.40,75,440,2512400746,3515949097,3651,0.649067,508,1372,72-67,69-59,59-74,27,11,22,20,29,25,0,0,1,27,1,27,61,1,27,34,1,button,1,27,27,0,28,0,1.0000,79,0.000554,-1,-1,button,1,27,27,0,28,0,1.0000,79,0.002263,,-1,button,1,27,27,0,28,0,1.0000,79,0.002507,-1,,button,1,27,27,0,28,0,1.0000,79,1.344455,-1,-1,27,0,0,0,0.4,risk_path,4,Bot1|Bot2|Bot3|Bot4,,1,0
470,0.40,75,440,3413718978,1893227172,3673,0.652978,501,1432,59-29,30-55,41-69,67,55,72,58,33,25,1,0,1,67,0,,64,0,,,0,walked_into_fire,0,56,56,0,-2,11,0.8358,338,0.002874,48,47,fire_reached_bot,0,113,61,52,-48,34,0.4925,,0.231785,,47,fire_reached_bot,0,122,61,61,-57,36,0.4627,,0.496576,47,,fire_reached_bot,0,113,61,52,-48,34,0.4925,,9.939173,-1,47,113,0,61,52,,no_path,0,,Bot1|Bot2|Bot3|Bot4,0,1
471,0.40,75,440,503817407,3717343413,3672,0.652800,514,1425,13-45,72-30,24-35,84,74,23,21,75,53,1,0,1,84,0,,144,1,84,60,1,button,1,84,84,0,1,0,1.0000,1570,0.013859,-1,20,button,1,84,84,0,1,0,1.0000,1570,0.042758,,20,fire_reached_bot,0,47,37,10,0,63,0.2500,548,0.028477,20,,button,1,104,104,0,14,0,1.0000,2234,12.377314,17,17,104,16,0,0,0.99,risk_path,3,Bot1|Bot2|Bot4,Bot3,0,0
472,0.40,75,440,2819638129,3975689994,3623,0.644089,510,1354,74-33,36-23,31-36,66,48,70,46,34,18,1,0,1,66,0,,73,1,66,7,1,button,1,66,66,0,6,0,1.0000,520,0.004319,-1,-1,button,1,66,66,0,6,0,1.0000,520,0.023654,,-1,button,1,66,66,0,6,0,1.0000,520,0.026955,-1,,button,1,66,66,0,6,0,1.0000,520,7.259063,-1,-1,66,16,34,0,0.99,risk_path,4,Bot1|Bot2|Bot3|Bot4,,1,0
473,0.40,75,440,2272994969,415899555,3671,0.652622,516,1414,5-54,58-0,43-33,113,107,75,59,50,48,1,0,1,113,0,,114,0,,,0,walked_into_fire,0,62,62,0,-1,51,0.5487,566,0.004822,56,56,fire_reached_bot,0,109,97,12,0,52,0.5398,1975,0.089423,,68,fire_reached_bot,0,106,97,9,0,50,0.5575,1888,0.126659,68,,fire_reached_bot,0,109,97,12,0,52,0.5398,1975,18.834017,-1,68,109,0,97,12,,no_path,0,,Bot1|Bot2|Bot3|Bot4,0,1
474,0.40,75,440,3800817311,3697787141,3626,0.644622,492,1343,5-7,13-60,73-20,75,61,97,81,102,100,0,0,1,75,1,75,235,1,75,160,1,button,1,75,75,0,131,0,1.0000,422,0.003991,-1,-1,button,1,75,75,0,131,0,1.0000,422,0.021968,,-1,button,1,75,75,0,131,0,1.0000,422,0.025102,-1,,button,1,75,75,0,131,0,1.0000,422,9.330431,12,12,75,0,0,0,0.4,risk_path,4,Bot1|Bot2|Bot3|Bot4,,1,0
475,0.40,75,440,3913921988,874549696,3647,0.648356,511,1362,56-1,38-43,52-0,66,60,15,5,67,57,0,0,1,66,1,66,157,1,66,91,1,button,1,66,66,0,27,0,1.0000,303,0.001964,-1,-1,button,1,66,66,0,27,0,1.0000,303,0.016007,,-1,button,1,66,66,0,27,0,1.0000,303,0.016761,-1,,button,1,66,66,0,27,0,1.0000,303,7.657790,-1,-1,66,0,0,0,0.4,risk_path,4,Bot1|Bot2|Bot3|Bot4,,1,0
476,0.40,75,440,2149910873,4090412208,3621,0.643733,513,1361,26-55,26-4,18-31,83,51,34,32,49,35,1,0,1,83,0,,97,0,,,0,walked_into_fire,0,43,43,0,-8,40,0.5181,252,0.002656,36,36,fire_reached_bot,0,111,87,24,-13,60,0.2771,,0.130362,,46,fire_reached_bot,0,101,87,14,-3,40,0.5181,,0.154407,46,,fire_reached_bot,0,111,87,24,-13,60,0.2771,,16.359438,-1,46,111,0,87,24,,no_path,0,,Bot1|Bot2|Bot3|Bot4,0,1
477,0.40,75,440,2557168548,667988557,3659,0.650489,494,1407,58-32,54-42,13-19,30,14,66,58,80,64,0,0,1,30,1,30,166,1,30,136,1,button,1,30,30,0,121,0,1.0000,93,0.000521,-1,-1,button,1,30,30,0,121,0,1.0000,93,0.002567,,-1,button,1,30,30,0,121,0,1.0000,93,0.002718,-1,,button,1,30,30,0,121,0,1.0000,93,1.675772,27,27,30,0,0,0,0.4,risk_path,4,Bot1|Bot2|Bot3|Bot4,,1,0
478,0.40,75,440,364875584,1296068607,3621,0.643733,496,1338,45-17,14-59,55-11,91,73,20,16,105,89,0,0,1,91,1,91,244,1,91,153,1,button,1,91,91,0,48,0,1.0000,864,0.009189,-1,-1,button,1,91,91,0,48,0,1.0000,864,0.065127,,-1,button,1,91,91,0,48,0,1.0000,864,0.071894,-1,,button,1,91,91,0,48,0,1.0000,864,12.624702,-1,-1,91,0,0,0,0.4,risk_path,4,Bot1|Bot2|Bot3|Bot4,,1,0
479,0.40,75,440,1145681825,3225904011,3615,0.642667,492,1333,39-32,63-60,60-51,54,52,42,40,14,12,1,0,1,54,0,,42,0,,,0,walked_into_fire,0,38,38,0,-2,16,0.7037,141,0.001268,30,26,fire_reached_bot,0,78,42,36,-35,30,0.4444,,0.182627,,26,fire_reached_bot,0,76,42,34,-33,26,0.5185,,0.324991,26,,fire_reached_bot,0,78,42,36,-35,30,0.4444,,6.509332,-1,26,78,0,42,36,,no_path,0,,Bot1|Bot2|Bot3|Bot4,0,1
480,0.40,75,440,348230519,1372939948,3638,0.646756,505,1386,59-43,51-1,23-1,54,50,82,78,52,28,1,0,1,54,0,,122,1,54,68,1,button,1,54,54,0,65,0,1.0000,206,0.001549,-1,-1,button,1,54,54,0,65,0,1.0000,206,0.007151,,-1,button,1,54,54,0,65,0,1.0000,206,0.008201,-1,,button,1,54,54,0,65,0,1.0000,206,4.932164,-1,-1,54,0,0,0,0.4,risk_path,4,Bot1|Bot2|Bot3|Bot4,,1,0
481,0.40,75,440,1613761028,1186564994,3628,0.644978,490,1360,42-69,73-38,64-51,70,62,44,40,32,22,1,0,1,70,0,,105,1,76,29,0,fire_reached_bot,0,34,34,0,0,36,0.4857,185,0.001593,33,32,fire_reached_bot,0,118,101,17,-12,19,0.7286,,0.097349,,32,fire_reached_bot,0,115,101,14,-9,17,0.7571,,0.154429,32,,fire_reached_bot,0,118,101,17,-12,19,0.7286,,15.751572,-1,32,118,0,101,17,,no_path,0,,Bot1|Bot2|Bot3|Bot4,0,1
482,0.40,75,440,2244013405,2091786480,3633,0.645867,501,1376,17-42,31-61,59-17,39,33,75,67,92,72,0,0,1,39,1,39,187,1,39,148,1,button,1,39,39,0,148,0,1.0000,218,0.001264,-1,-1,button,1,39,39,0,148,0,1.0000,218,0.005529,,-1,button,1,39,39,0,148,0,1.0000,218,0.006406,-1,,button,1,39,39,0,148,0,1.0000,218,2.739019,10,10,39,0,0,0,0.4,risk_path,4,Bot1|Bot2|Bot3|Bot4,,1,0
483,0.40,75,440,944778932,1478825027,3640,0.647111,504,1358,32-47,39-21,6-61,37,33,54,40,91,73,0,0,1,37,1,37,205,1,37,168,1,button,1,37,37,0,136,0,1.0000,85,0.000547,-1,-1,button,1,37,37,0,136,0,1.0000,85,0.002326,,-1,button,1,37,37,0,136,0,1.0000,85,0.002656,-1,,button,1,37,37,0,136,0,1.0000,85,2.447905,7,7,37,0,0,0,0.4,risk_path,4,Bot1|Bot2|Bot3|Bot4,,1,0
484,0.40,75,440,575576,2379172882,3653,0.649422,507,1391,49-28,31-22,13-1,24,24,65,63,41,39,0,0,1,24,1,24,116,1,24,92,1,button,1,24,24,0,90,0,1.0000,15,0.000230,-1,-1,button,1,24,24,0,90,0,1.0000,15,0.001024,,-1,button,1,24,24,0,90,0,1.0000,15,0.001506,-1,,button,1,24,24,0,90,0,1.0000,15,1.080844,-1,-1,24,0,0,0,0.4,risk_path,4,Bot1|Bot2|Bot3|Bot4,,1,0
485,0.40,75,440,2872471504,826922753,3634,0.646044,499,1374,45-66,31-68,39-51,22,16,25,21,29,25,0,0,1,22,1,22,53,1,22,31,1,button,1,22,22,0,31,0,1.0000,78,0.000376,-1,-1,button,1,22,22,0,31,0,1.0000,78,0.001122,,-1,button,1,22,22,0,31,0,1.0000,78,0.001275,-1,,button,1,22,22,0,31,0,1.0000,78,0.904212,1,1,22,0,0,0,0.4,risk_path,4,Bot1|Bot2|Bot3|Bot4,,1,0
486,0.40,75,440,2028298929,2150041132,3626,0.644622,502,1364,44-42,46-42,65-27,8,2,42,36,36,34,0,0,1,8,1,8,76,1,8,68,1,button,1,8,8,0,67,0,1.0000,12,0.000082,-1,-1,button,1,8,8,0,67,0,1.0000,12,0.000203,,-1,button,1,8,8,0,67,0,1.0000,12,0.000182,-1,,button,1,8,8,0,67,0,1.0000,12,0.186289,-1,-1,8,0,0,0,0.4,risk_path,4,Bot1|Bot2|Bot3|Bot4,,1,0
487,0.40,75,440,2834803892,1468566193,3640,0.647111,512,1367,16-6,32-47,25-59,69,57,88,62,23,19,1,0,1,69,0,,44,0,,,0,walked_into_fire,0,61,61,0,-16,8,0.8841,,0.002159,45,45,fire_reached_bot,0,97,44,53,-52,25,0.6377,,0.276089,,-1,fire_reached_bot,0,97,44,53,-52,25,0.6377,,0.511971,-1,,fire_reached_bot,0,97,44,53,-52,25,0.6377,,8.322964,-1,-1,97,0,44,53,,no_path,0,,Bot1|Bot2|Bot3|Bot4,0,1
488,0.40,75,440,1595770306,3510375444,3647,0.648356,509,1358,34-49,38-18,27-62,53,35,40,20,81,55,0,0,1,53,1,53,148,1,53,95,1,button,1,53,53,0,77,0,1.0000,407,0.002859,-1,-1,button,1,53,53,0,77,0,1.0000,407,0.011105,,-1,button,1,53,53,0,77,0,1.0000,407,0.013410,-1,,button,1,53,53,0,77,0,1.0000,407,4.759458,4,4,53,0,0,0,0.4,risk_path,4,Bot1|Bot2|Bot3|Bot4,,1,0
489,0.40,75,440,4171940784,3372629387,3636,0.646400,499,1366,69-26,7-39,72-72,87,75,81,49,106,98,0,0,1,87,1,87,232,1,87,145,1,button,1,87,87,0,104,0,1.0000,326,0.003885,-1,-1,button,1,87,87,0,104,0,1.0000,326,0.039680,,-1,button,1,87,87,0,104,0,1.0000,326,0.039183,-1,,button,1,87,87,0,121,0,1.0000,326,13.079493,24,24,87,0,0,0,0.4,risk_path,4,Bot1|Bot2|Bot3|Bot4,,1,0
490,0.40,75,440,3646037766,3925754981,3637,0.646578,497,1370,8-53,48-10,13-11,87,83,61,47,62,36,1,0,1,87,0,,141,1,87,54,1,button,1,87,87,0,36,0,1.0000,643,0.005190,-1,-1,button,1,87,87,0,36,0,1.0000,643,0.037924,,-1,button,1,87,87,0,36,0,1.0000,643,0.038342,-1,,button,1,87,87,0,38,0,1.0000,643,11.694076,7,7,87,0,0,0,0.4,risk_path,4,Bot1|Bot2|Bot3|Bot4,,1,0
491,0.40,75,440,1715550879,3700416209,3644,0.647822,514,1416,15-65,62-11,56-66,107,101,64,42,87,61,1,0,1,107,0,,175,1,107,68,1,button,1,107,107,0,57,0,1.0000,978,0.013151,-1,-1,button,1,107,107,0,57,0,1.0000,978,0.078394,,-1,button,1,107,107,0,57,0,1.0000,978,0.086681,-1,,button,1,107,107,0,46,0,1.0000,978,15.700219,14,14,107,0,0,0,0.4,risk_path,4,Bot1|Bot2|Bot3|Bot4,,1,0
492,0.40,75,440,1948605556,4065344269,3640,0.647111,507,1371,51-69,52-25,18-50,63,45,52,52,61,59,1,0,1,63,0,,133,1,63,70,1,button,1,63,63,0,59,0,1.0000,761,0.005858,-1,-1,button,1,63,63,0,59,0,1.0000,761,0.021522,,-1,button,1,63,63,0,59,0,1.0000,761,0.023070,-1,,button,1,63,63,0,59,0,1.0000,761,6.247221,13,13,63,0,0,0,0.4,risk_path,4,Bot1|Bot2|Bot3|Bot4,,1,0
493,0.40,75,440,627320740,1943041704,3628,0.644978,504,1383,15-31,53-41,42-35,54,48,37,31,17,17,1,1,1,58,0,,56,0,,,0,walked_into_fire,0,27,27,0,-2,27,0.5000,82,0.001102,25,25,fire_reached_bot,0,57,56,1,0,12,0.7778,,0.026842,,51,fire_reached_bot,0,72,56,16,-15,16,0.7037,,0.178099,51,,fire_reached_bot,0,57,56,1,0,12,0.7778,,6.844648,-1,51,57,0,56,1,,no_path,0,,Bot1|Bot2|Bot3|Bot4,0,1
494,0.40,75,440,3909912075,2078630651,3651,0.649067,498,1390,32-62,42-47,11-0,29,25,101,83,82,78,0,0,1,29,1,29,175,1,29,146,1,button,1,29,29,0,142,0,1.0000,89,0.000502,-1,-1,button,1,29,29,0,142,0,1.0000,89,0.001850,,-1,button,1,29,29,0,142,0,1.0000,89,0.001945,-1,,button,1,29,29,0,142,0,1.0000,89,1.419965,-1,-1,29,0,0,0,0.4,risk_path,4,Bot1|Bot2|Bot3|Bot4,,1,0
495,0.40,75,440,1510466362,86062878,3646,0.648178,503,1410,1-6,28-20,9-50,43,41,82,52,65,49,0,0,1,43,1,43,159,1,43,116,1,button,1,43,43,0,116,0,1.0000,129,0.000949,-1,-1,button,1,43,43,0,116,0,1.0000,129,0.005870,,-1,button,1,43,43,0,116,0,1.0000,129,0.005491,-1,,button,1,43,43,0,116,0,1.0000,129,3.017690,24,24,43,0,0,0,0.4,risk_path,4,Bot1|Bot2|Bot3|Bot4,,1,0
496,0.40,75,440,1673293873,26139537,3663,0.651200,514,1389,47-11,12-26,34-36,62,50,44,38,46,32,1,0,1,62,0,,95,1,62,33,1,button,1,62,62,0,33,0,1.0000,547,0.003856,-1,-1,button,1,62,62,0,33,0,1.0000,547,0.019837,,-1,button,1,62,62,0,33,0,1.0000,547,0.021653,-1,,button,1,62,62,0,33,0,1.0000,547,5.842635,-1,-1,62,0,0,0,0.4,risk_path,4,Bot1|Bot2|Bot3|Bot4,,1,0
497,0.40,75,440,475465390,3774680164,3640,0.647111,505,1390,35-60,0-27,45-26,72,68,48,44,60,46,1,0,1,72,0,,148,1,72,76,1,button,1,72,72,0,43,0,1.0000,853,0.006540,-1,-1,button,1,72,72,0,43,0,1.0000,853,0.021511,,-1,button,1,72,72,0,43,0,1.0000,853,0.026130,-1,,button,1,72,72,0,43,0,1.0000,853,7.984228,-1,-1,72,0,0,0,0.4,risk_path,4,Bot1|Bot2|Bot3|Bot4,,1,0
498,0.40,75,440,662792833,1871343044,3645,0.648000,508,1402,32-8,35-37,6-34,48,32,60,52,40,32,1,0,1,48,0,,99,1,48,51,1,button,1,48,48,0,50,0,1.0000,198,0.001565,-1,-1,button,1,48,48,0,50,0,1.0000,198,0.010128,,-1,button,1,48,48,0,50,0,1.0000,198,0.011114,-1,,button,1,48,48,0,50,0,1.0000,198,3.790791,39,39,48,0,0,0,0.4,risk_path,4,Bot1|Bot2|Bot3|Bot4,,1,0
499,0.40,75,440,2014376753,1909772166,3652,0.649244,495,1363,33-38,36-40,60-38,5,5,57,27,54,26,0,0,1,5,1,5,130,1,5,125,1,button,1,5,5,0,125,0,1.0000,1,0.000046,-1,-1,button,1,5,5,0,125,0,1.0000,1,0.000097,,-1,button,1,5,5,0,125,0,1.0000,1,0.000063,-1,,button,1,5,5,0,125,0,1.0000,1,0.099231,-1,-1,5,0,0,0,0.4,risk_path,4,Bot1|Bot2|Bot3|Bot4,,1,0
