scenario_id,q,grid_size,seed,layout_seed,fire_seed,open_cells,open_fraction,dead_ends,junctions,start,button,fire_start,start_button_dist,start_button_manhattan,start_fire_dist,start_fire_manhattan,button_fire_dist,button_fire_manhattan,fire_closer_to_button,fire_start_on_shortest_path,path_exists_avoiding_fire_start,bot1_path_len,guaranteed_win,guaranteed_win_route_len,fire_button_time,oracle_win,oracle_route_len,oracle_margin,bot1_predicted_win,Bot1_result,Bot1_success,Bot1_steps,Bot1_moves,Bot1_waits,Bot1_min_slack,Bot1_final_dist_to_button,Bot1_progress_to_button,Bot1_fire_cells_at_end,Bot1_trial_seconds,Bot1_diverges_from_Bot2,Bot1_diverges_from_Bot3,Bot2_result,Bot2_success,Bot2_steps,Bot2_moves,Bot2_waits,Bot2_min_slack,Bot2_final_dist_to_button,Bot2_progress_to_button,Bot2_fire_cells_at_end,Bot2_trial_seconds,Bot2_diverges_from_Bot2,Bot2_diverges_from_Bot3,Bot3_result,Bot3_success,Bot3_steps,Bot3_moves,Bot3_waits,Bot3_min_slack,Bot3_final_dist_to_button,Bot3_progress_to_button,Bot3_fire_cells_at_end,Bot3_trial_seconds,Bot3_diverges_from_Bot2,Bot3_diverges_from_Bot3,Bot4_result,Bot4_success,Bot4_steps,Bot4_moves,Bot4_waits,Bot4_min_slack,Bot4_final_dist_to_button,Bot4_progress_to_button,Bot4_fire_cells_at_end,Bot4_trial_seconds,Bot4_diverges_from_Bot2,Bot4_diverges_from_Bot3,Bot4_plan_count,Bot4_relaxed_count,Bot4_fallback_count,Bot4_no_path_count,Bot4_max_active_threshold,Bot4_final_strategy,n_bots_succeeded,succeeded_bots,failed_bots,all_bots_succeeded,all_bots_failed
0,0.55,75,440,1268951711,594470288,3627,0.644800,505,1370,17-28,16-61,4-73,52,34,68,58,26,24,1,0,1,52,0,,55,1,52,3,1,button,1,52,52,0,3,0,1.0000,318,0.003009,-1,-1,button,1,52,52,0,3,0,1.0000,318,0.011362,,-1,button,1,52,52,0,3,0,1.0000,318,0.011757,-1,,button,1,52,52,0,3,0,1.0000,318,5.048777,-1,-1,52,8,41,0,0.99,risk_path,4,Bot1|Bot2|Bot3|Bot4,,1,0
1,0.55,75,440,2520073151,427107123,3637,0.646578,501,1318,1-73,6-66,34-48,14,12,72,58,60,46,0,0,1,14,1,14,91,1,14,77,1,button,1,14,14,0,77,0,1.0000,26,0.000163,-1,-1,button,1,14,14,0,77,0,1.0000,26,0.000394,,-1,button,1,14,14,0,77,0,1.0000,26,0.000490,-1,,button,1,14,14,0,77,0,1.0000,26,0.382292,12,12,14,0,0,0,0.4,risk_path,4,Bot1|Bot2|Bot3|Bot4,,1,0
2,0.55,75,440,1257125778,1539091741,3644,0.647822,495,1360,33-34,5-11,72-13,55,51,74,60,93,69,0,0,1,55,1,55,152,1,55,97,1,button,1,55,55,0,92,0,1.0000,511,0.003531,-1,-1,button,1,55,55,0,92,0,1.0000,511,0.012156,,-1,button,1,55,55,0,92,0,1.0000,511,0.015036,-1,,button,1,55,55,0,92,0,1.0000,511,4.523491,-1,-1,55,0,0,0,0.4,risk_path,4,Bot1|Bot2|Bot3|Bot4,,1,0
3,0.55,75,440,3219619760,4192021694,3647,0.648356,513,1356,57-62,26-5,53-47,110,88,43,19,75,69,1,0,1,110,0,,133,0,,,0,walked_into_fire,0,42,42,0,-1,68,0.3818,398,0.003261,37,37,fire_reached_bot,0,73,72,1,0,50,0.5455,1409,0.071986,,44,fire_reached_bot,0,75,74,1,0,46,0.5818,1474,0.076904,44,,fire_reached_bot,0,73,72,1,0,50,0.5455,1409,11.224856,-1,44,73,0,72,1,,no_path,0,,Bot1|Bot2|Bot3|Bot4,0,1
4,0.55,75,440,4248281429,536808686,3633,0.645867,506,1351,44-73,59-42,40-8,54,46,87,69,57,53,0,0,1,54,1,54,89,1,54,35,1,button,1,54,54,0,34,0,1.0000,688,0.004409,-1,-1,button,1,54,54,0,34,0,1.0000,688,0.011977,,-1,button,1,54,54,0,34,0,1.0000,688,0.015640,-1,,button,1,54,54,0,34,0,1.0000,688,4.304673,10,10,54,0,0,0,0.4,risk_path,4,Bot1|Bot2|Bot3|Bot4,,1,0
5,0.55,75,440,3037363144,91013559,3636,0.646400,501,1364,0-7,1-17,69-60,65,11,124,122,117,111,0,0,1,65,1,65,178,1,65,113,1,button,1,65,65,0,99,0,1.0000,672,0.006138,-1,-1,button,1,65,65,0,99,0,1.0000,672,0.023942,,-1,button,1,65,65,0,99,0,1.0000,672,0.029569,-1,,button,1,65,65,0,99,0,1.0000,672,6.538089,-1,-1,65,0,0,0,0.4,risk_path,4,Bot1|Bot2|Bot3|Bot4,,1,0
6,0.55,75,440,1074636703,574306319,3647,0.648356,496,1322,54-62,27-69,48-74,44,34,18,18,28,26,1,0,1,44,0,,49,0,,,0,walked_into_fire,0,28,28,0,-1,16,0.6364,115,0.000747,25,25,fire_reached_bot,0,58,43,15,-8,19,0.5682,,0.094342,,-1,fire_reached_bot,0,58,43,15,-8,19,0.5682,,0.165260,-1,,fire_reached_bot,0,58,43,15,-8,19,0.5682,,4.350640,-1,-1,58,0,43,15,,no_path,0,,Bot1|Bot2|Bot3|Bot4,0,1
7,0.55,75,440,1849467998,3035649632,3658,0.650311,499,1404,22-44,18-46,73-3,6,6,92,92,98,98,0,0,1,6,1,6,154,1,6,148,1,button,1,6,6,0,142,0,1.0000,19,0.000085,-1,-1,button,1,6,6,0,142,0,1.0000,19,0.000116,,-1,button,1,6,6,0,142,0,1.0000,19,0.000162,-1,,button,1,6,6,0,142,0,1.0000,19,0.124557,-1,-1,6,0,0,0,0.4,risk_path,4,Bot1|Bot2|Bot3|Bot4,,1,0
8,0.55,75,440,2909181240,3215246687,3620,0.643556,506,1362,12-1,70-49,6-29,106,106,62,34,92,84,1,0,1,106,0,,162,1,106,56,1,button,1,106,106,0,19,0,1.0000,1814,0.018424,-1,-1,button,1,106,106,0,19,0,1.0000,1814,0.045338,,-1,button,1,106,106,0,19,0,1.0000,1814,0.067814,-1,,button,1,106,106,0,23,0,1.0000,1814,12.411409,8,8,106,0,0,0,0.4,risk_path,4,Bot1|Bot2|Bot3|Bot4,,1,0
9,0.55,75,440,3923003300,2956249458,3664,0.651378,525,1435,41-54,51-65,1-72,21,21,64,58,71,57,0,0,1,21,1,21,103,1,21,82,1,button,1,21,21,0,82,0,1.0000,71,0.000355,-1,-1,button,1,21,21,0,82,0,1.0000,71,0.000980,,-1,button,1,21,21,0,82,0,1.0000,71,0.001352,-1,,button,1,21,21,0,82,0,1.0000,71,0.793404,7,7,21,0,0,0,0.4,risk_path,4,Bot1|Bot2|Bot3|Bot4,,1,0
10,0.55,75,440,4156351459,864755998,3658,0.650311,493,1376,2-7,26-2,45-26,33,29,64,62,47,43,0,0,1,33,1,33,90,1,33,57,1,button,1,33,33,0,54,0,1.0000,269,0.001124,-1,-1,button,1,33,33,0,54,0,1.0000,269,0.004065,,-1,button,1,33,33,0,54,0,1.0000,269,0.005143,-1,,button,1,33,33,0,53,0,1.0000,269,1.805572,28,28,33,0,0,0,0.4,risk_path,4,Bot1|Bot2|Bot3|Bot4,,1,0
11,0.55,75,440,1031185214,4103681230,3664,0.651378,508,1398,69-16,41-61,63-36,77,73,28,26,51,47,1,0,1,77,0,,84,0,,,0,walked_into_fire,0,19,19,0,-3,58,0.2468,114,0.001214,11,11,fire_reached_bot,0,103,84,19,-18,61,0.2078,,0.129250,,52,fire_reached_bot,0,99,84,15,-14,59,0.2338,,0.182237,52,,fire_reached_bot,0,103,84,19,-18,61,0.2078,,12.279113,-1,52,103,0,84,19,,no_path,0,,Bot1|Bot2|Bot3|Bot4,0,1
12,0.55,75,440,2377238433,762642544,3645,0.648000,497,1380,5-25,25-21,70-55,52,24,109,95,85,79,0,0,1,52,1,52,137,1,52,85,1,button,1,52,52,0,79,0,1.0000,485,0.003002,-1,-1,button,1,52,52,0,79,0,1.0000,485,0.019077,,-1,button,1,52,52,0,79,0,1.0000,485,0.015300,-1,,button,1,52,52,0,79,0,1.0000,485,4.214922,-1,-1,52,0,0,0,0.4,risk_path,4,Bot1|Bot2|Bot3|Bot4,,1,0
13,0.55,75,440,942222858,1891687492,3628,0.644978,514,1353,17-65,38-60,0-9,40,26,103,73,93,89,0,0,1,40,1,40,148,1,40,108,1,button,1,40,40,0,108,0,1.0000,237,0.001210,-1,-1,button,1,40,40,0,108,0,1.0000,237,0.007026,,-1,button,1,40,40,0,108,0,1.0000,237,0.005494,-1,,button,1,40,40,0,108,0,1.0000,237,3.061595,25,25,40,0,0,0,0.4,risk_path,4,Bot1|Bot2|Bot3|Bot4,,1,0
14,0.55,75,440,1794572316,2153723049,3632,0.645689,513,1338,29-67,13-50,1-15,37,33,80,80,47,47,0,0,1,37,1,37,81,1,37,44,1,button,1,37,37,0,44,0,1.0000,268,0.001176,-1,-1,button,1,37,37,0,44,0,1.0000,268,0.006885,,-1,button,1,37,37,0,44,0,1.0000,268,0.005313,-1,,button,1,37,37,0,44,0,1.0000,268,2.181210,-1,-1,37,0,0,0,0.4,risk_path,4,Bot1|Bot2|Bot3|Bot4,,1,0
15,0.55,75,440,2441200447,3899617149,3635,0.646222,492,1390,6-57,27-10,39-18,76,68,74,72,22,20,1,0,1,76,0,,35,0,,,0,walked_into_fire,0,51,51,0,-15,25,0.6711,,0.004872,36,36,fire_reached_bot,0,61,35,26,-25,41,0.4605,,0.130925,,-1,fire_reached_bot,0,61,35,26,-25,41,0.4605,,0.234856,-1,,fire_reached_bot,0,61,35,26,-25,41,0.4605,,5.106113,-1,-1,61,0,35,26,,no_path,0,,Bot1|Bot2|Bot3|Bot4,0,1
16,0.55,75,440,1409741764,2153672354,3659,0.650489,494,1408,10-46,25-53,31-39,26,22,36,28,22,20,1,0,1,26,0,,29,1,26,3,1,button,1,26,26,0,3,0,1.0000,181,0.000699,-1,-1,button,1,26,26,0,3,0,1.0000,181,0.001808,,-1,button,1,26,26,0,3,0,1.0000,181,0.002318,-1,,button,1,26,26,0,3,0,1.0000,181,1.189118,8,8,26,0,0,0,0.4,risk_path,4,Bot1|Bot2|Bot3|Bot4,,1,0
17,0.55,75,440,4196951117,430857384,3656,0.649956,505,1381,14-41,64-28,8-72,71,63,55,37,102,100,0,0,1,71,1,71,174,1,71,103,1,button,1,71,71,0,80,0,1.0000,560,0.004441,-1,-1,button,1,71,71,0,80,0,1.0000,560,0.017846,,-1,button,1,71,71,0,80,0,1.0000,560,0.022108,-1,,button,1,71,71,0,80,0,1.0000,560,7.914575,24,24,71,0,0,0,0.4,risk_path,4,Bot1|Bot2|Bot3|Bot4,,1,0
18,0.55,75,440,4233149764,1616157659,3637,0.646578,497,1393,11-0,16-18,0-66,29,23,99,77,86,64,0,0,1,29,1,29,154,1,29,125,1,button,1,29,29,0,122,0,1.0000,44,0.000329,-1,-1,button,1,29,29,0,122,0,1.0000,44,0.001868,,-1,button,1,29,29,0,122,0,1.0000,44,0.001978,-1,,button,1,29,29,0,122,0,1.0000,44,1.401763,-1,-1,29,0,0,0,0.4,risk_path,4,Bot1|Bot2|Bot3|Bot4,,1,0
19,0.55,75,440,4064511795,2171928469,3659,0.650489,507,1409,57-65,50-20,26-74,72,52,56,40,90,78,0,0,1,72,1,72,151,1,72,79,1,button,1,72,72,0,65,0,1.0000,592,0.004863,-1,-1,button,1,72,72,0,65,0,1.0000,592,0.026267,,-1,button,1,72,72,0,65,0,1.0000,592,0.030141,-1,,button,1,72,72,0,65,0,1.0000,592,7.486788,54,54,72,0,0,0,0.4,risk_path,4,Bot1|Bot2|Bot3|Bot4,,1,0
20,0.55,75,440,1699899743,2977238066,3632,0.645689,499,1358,65-61,56-62,5-33,12,10,94,88,84,80,0,0,1,12,1,12,141,1,12,129,1,button,1,12,12,0,129,0,1.0000,33,0.000150,-1,-1,button,1,12,12,0,129,0,1.0000,33,0.000317,,-1,button,1,12,12,0,129,0,1.0000,33,0.000375,-1,,button,1,12,12,0,129,0,1.0000,33,0.306913,-1,-1,12,0,0,0,0.4,risk_path,4,Bot1|Bot2|Bot3|Bot4,,1,0
21,0.55,75,440,2732194428,1130965774,3628,0.644978,500,1341,59-18,44-33,32-32,42,30,53,41,17,13,1,0,1,42,0,,28,0,,,0,fire_reached_bot,0,37,37,0,-8,5,0.8810,,0.002244,29,29,fire_reached_bot,0,51,28,23,-22,14,0.6667,,0.120711,,-1,fire_reached_bot,0,51,28,23,-22,14,0.6667,,0.225020,-1,,fire_reached_bot,0,51,28,23,-22,14,0.6667,,2.662357,-1,-1,51,0,28,23,,no_path,0,,Bot1|Bot2|Bot3|Bot4,0,1
22,0.55,75,440,2997683836,1911204995,3630,0.645333,512,1370,1-26,1-47,5-0,43,21,52,30,83,51,0,0,1,43,1,43,133,1,43,90,1,button,1,43,43,0,68,0,1.0000,231,0.001250,-1,-1,button,1,43,43,0,68,0,1.0000,231,0.005956,,-1,button,1,43,43,0,68,0,1.0000,231,0.008237,-1,,button,1,43,43,0,68,0,1.0000,231,2.967322,-1,-1,43,0,0,0,0.4,risk_path,4,Bot1|Bot2|Bot3|Bot4,,1,0
23,0.55,75,440,1097742752,1414824977,3616,0.642844,520,1378,33-68,31-51,41-66,27,19,28,10,31,25,0,0,1,27,1,27,65,1,27,38,1,button,1,27,27,0,23,0,1.0000,128,0.000579,-1,-1,button,1,27,27,0,23,0,1.0000,128,0.001599,,-1,button,1,27,27,0,23,0,1.0000,128,0.002151,-1,,button,1,27,27,0,23,0,1.0000,128,1.292483,15,15,27,0,0,0,0.4,risk_path,4,Bot1|Bot2|Bot3|Bot4,,1,0
24,0.55,75,440,1337507337,2865046632,3623,0.644089,507,1335,32-73,70-9,19-6,112,102,98,80,76,54,1,0,1,112,0,,159,1,112,47,1,button,1,112,112,0,23,0,1.0000,1441,0.017709,-1,-1,button,1,112,112,0,23,0,1.0000,1441,0.102137,,-1,button,1,112,112,0,23,0,1.0000,1441,0.120075,-1,,button,1,112,112,0,23,0,1.0000,1441,15.861766,39,39,112,14,40,0,0.99,risk_path,4,Bot1|Bot2|Bot3|Bot4,,1,0
25,0.55,75,440,2498745009,4169581797,3635,0.646222,494,1385,46-65,45-48,5-39,32,18,69,67,59,49,0,0,1,32,1,32,106,1,32,74,1,button,1,32,32,0,69,0,1.0000,238,0.001091,-1,-1,button,1,32,32,0,69,0,1.0000,238,0.003537,,-1,button,1,32,32,0,69,0,1.0000,238,0.004307,-1,,button,1,32,32,0,74,0,1.0000,238,1.718235,27,27,32,0,0,0,0.4,risk_path,4,Bot1|Bot2|Bot3|Bot4,,1,0
26,0.55,75,440,702485085,3014187463,3632,0.645689,514,1384,50-33,57-15,62-49,27,25,30,28,49,39,0,0,1,27,1,27,82,1,27,55,1,button,1,27,27,0,44,0,1.0000,128,0.000505,-1,-1,button,1,27,27,0,44,0,1.0000,128,0.001648,,-1,button,1,27,27,0,44,0,1.0000,128,0.002222,-1,,button,1,27,27,0,44,0,1.0000,128,1.294147,9,9,27,0,0,0,0.4,risk_path,4,Bot1|Bot2|Bot3|Bot4,,1,0
27,0.55,75,440,643282798,4265031986,3649,0.648711,511,1394,1-17,44-11,69-37,79,49,110,88,53,51,1,0,1,79,0,,86,1,79,7,1,button,1,79,79,0,7,0,1.0000,1173,0.009969,-1,-1,button,1,79,79,0,7,0,1.0000,1173,0.036983,,-1,button,1,79,79,0,7,0,1.0000,1173,0.046091,-1,,button,1,79,79,0,7,0,1.0000,1173,9.470811,39,39,79,28,27,0,0.99,risk_path,4,Bot1|Bot2|Bot3|Bot4,,1,0
28,0.55,75,440,1804062868,1517241965,3645,0.648000,508,1398,11-0,21-47,20-45,67,57,66,54,3,3,1,0,1,67,0,,8,0,,,0,walked_into_fire,0,41,41,0,-32,26,0.6119,,0.002405,9,9,fire_reached_bot,0,91,8,83,-82,59,0.1194,,0.341424,,-1,fire_reached_bot,0,91,8,83,-82,59,0.1194,,0.656777,-1,,fire_reached_bot,0,91,8,83,-82,59,0.1194,,1.729129,-1,-1,91,0,8,83,,no_path,0,,Bot1|Bot2|Bot3|Bot4,0,1
29,0.55,75,440,566956298,2924771251,3644,0.647822,501,1370,50-7,18-23,45-30,52,48,40,28,40,34,1,0,1,52,0,,69,1,52,17,1,button,1,52,52,0,12,0,1.0000,935,0.004496,-1,-1,button,1,52,52,0,12,0,1.0000,935,0.011076,,-1,button,1,52,52,0,12,0,1.0000,935,0.015658,-1,,button,1,52,52,0,12,0,1.0000,935,4.195939,-1,-1,52,4,3,0,0.99,risk_path,4,Bot1|Bot2|Bot3|Bot4,,1,0
30,0.55,75,440,2308806563,965244565,3657,0.650133,511,1407,30-30,52-69,10-51,77,61,45,41,68,60,1,0,1,77,0,,128,1,77,51,1,button,1,77,77,0,21,0,1.0000,1197,0.010124,-1,-1,button,1,77,77,0,21,0,1.0000,1197,0.043467,,-1,button,1,77,77,0,21,0,1.0000,1197,0.052820,-1,,button,1,77,77,0,21,0,1.0000,1197,8.545610,18,18,77,0,0,0,0.4,risk_path,4,Bot1|Bot2|Bot3|Bot4,,1,0
31,0.55,75,440,462864162,1041021291,3639,0.646933,509,1365,21-23,18-74,12-3,78,54,35,29,107,77,0,0,1,78,1,78,157,1,78,79,1,button,1,78,78,0,46,0,1.0000,910,0.008535,-1,-1,button,1,78,78,0,46,0,1.0000,910,0.029681,,-1,button,1,78,78,0,46,0,1.0000,910,0.039607,-1,,button,1,78,78,0,46,0,1.0000,910,8.280510,-1,-1,78,0,0,0,0.4,risk_path,4,Bot1|Bot2|Bot3|Bot4,,1,0
32,0.55,75,440,1155299482,2171726374,3641,0.647289,493,1387,25-45,7-61,54-71,34,34,61,55,61,57,0,0,1,34,1,34,91,1,34,57,1,button,1,34,34,0,52,0,1.0000,255,0.001102,-1,-1,button,1,34,34,0,52,0,1.0000,255,0.002401,,-1,button,1,34,34,0,52,0,1.0000,255,0.003619,-1,,button,1,34,34,0,52,0,1.0000,255,1.885363,-1,-1,34,0,0,0,0.4,risk_path,4,Bot1|Bot2|Bot3|Bot4,,1,0
33,0.55,75,440,2179890998,1736700740,3656,0.649956,513,1434,34-4,10-2,6-32,38,26,62,56,50,34,0,0,1,38,1,38,84,1,38,46,1,button,1,38,38,0,41,0,1.0000,278,0.001192,-1,-1,button,1,38,38,0,41,0,1.0000,278,0.004711,,-1,button,1,38,38,0,41,0,1.0000,278,0.005797,-1,,button,1,38,38,0,41,0,1.0000,278,2.340759,-1,-1,38,0,0,0,0.4,risk_path,4,Bot1|Bot2|Bot3|Bot4,,1,0
34,0.55,75,440,1845197330,3869115511,3638,0.646756,501,1332,22-74,62-5,5-2,117,109,105,89,100,60,1,0,1,117,0,,165,1,117,48,1,button,1,117,117,0,29,0,1.0000,1110,0.014519,-1,-1,button,1,117,117,0,29,0,1.0000,1110,0.093807,,-1,button,1,117,117,0,29,0,1.0000,1110,0.098952,-1,,button,1,117,117,0,29,0,1.0000,1110,17.126045,25,25,117,11,1,0,0.99,risk_path,4,Bot1|Bot2|Bot3|Bot4,,1,0
35,0.55,75,440,2606653398,2211110660,3655,0.649778,520,1407,30-55,10-46,12-4,33,29,77,69,54,44,0,0,1,33,1,33,83,1,33,50,1,button,1,33,33,0,50,0,1.0000,267,0.001216,-1,-1,button,1,33,33,0,50,0,1.0000,267,0.003109,,-1,button,1,33,33,0,50,0,1.0000,267,0.004212,-1,,button,1,33,33,0,50,0,1.0000,267,1.781958,-1,-1,33,0,0,0,0.4,risk_path,4,Bot1|Bot2|Bot3|Bot4,,1,0
36,0.55,75,440,185924975,3982104193,3640,0.647111,501,1382,69-56,63-24,28-5,56,38,104,92,68,54,0,0,1,56,1,56,100,1,56,44,1,button,1,56,56,0,41,0,1.0000,370,0.002613,-1,-1,button,1,56,56,0,41,0,1.0000,370,0.016013,,-1,button,1,56,56,0,41,0,1.0000,370,0.017847,-1,,button,1,56,56,0,41,0,1.0000,370,4.758733,49,49,56,0,0,0,0.4,risk_path,4,Bot1|Bot2|Bot3|Bot4,,1,0
37,0.55,75,440,3568169848,3649924492,3650,0.648889,506,1389,70-37,57-65,26-62,57,41,93,69,66,34,0,0,1,57,1,57,112,1,57,55,1,button,1,57,57,0,55,0,1.0000,457,0.002600,-1,-1,button,1,57,57,0,55,0,1.0000,457,0.014437,,-1,button,1,57,57,0,55,0,1.0000,457,0.016217,-1,,button,1,57,57,0,55,0,1.0000,457,5.078461,-1,-1,57,0,0,0,0.4,risk_path,4,Bot1|Bot2|Bot3|Bot4,,1,0
38,0.55,75,440,3097759363,742922130,3644,0.647822,512,1377,53-33,58-19,16-17,25,19,57,53,64,44,0,0,1,25,1,25,123,1,25,98,1,button,1,25,25,0,89,0,1.0000,204,0.000763,-1,-1,button,1,25,25,0,89,0,1.0000,204,0.001886,,-1,button,1,25,25,0,89,0,1.0000,204,0.002552,-1,,button,1,25,25,0,89,0,1.0000,204,1.084430,11,11,25,0,0,0,0.4,risk_path,4,Bot1|Bot2|Bot3|Bot4,,1,0
39,0.55,75,440,3219368855,3088895621,3631,0.645511,504,1368,38-4,59-25,64-72,50,42,100,94,70,52,0,0,1,50,1,50,127,1,50,77,1,button,1,50,50,0,77,0,1.0000,228,0.001989,-1,-1,button,1,50,50,0,77,0,1.0000,228,0.012021,,-1,button,1,50,50,0,77,0,1.0000,228,0.013035,-1,,button,1,50,50,0,77,0,1.0000,228,4.373302,2,2,50,0,0,0,0.4,risk_path,4,Bot1|Bot2|Bot3|Bot4,,1,0
40,0.55,75,440,3029962385,3015429521,3622,0.643911,504,1322,30-34,46-20,61-2,32,30,67,63,43,33,0,0,1,32,1,32,69,1,32,37,1,button,1,32,32,0,37,0,1.0000,166,0.000772,-1,-1,button,1,32,32,0,37,0,1.0000,166,0.002399,,-1,button,1,32,32,0,37,0,1.0000,166,0.003086,-1,,button,1,32,32,0,37,0,1.0000,166,1.681408,13,13,32,0,0,0,0.4,risk_path,4,Bot1|Bot2|Bot3|Bot4,,1,0
41,0.55,75,440,4017667363,2471176468,3640,0.647111,508,1366,47-32,62-11,3-74,48,36,92,86,138,122,0,0,1,48,1,48,211,1,48,163,1,button,1,48,48,0,137,0,1.0000,185,0.001341,-1,-1,button,1,48,48,0,137,0,1.0000,185,0.011688,,-1,button,1,48,48,0,137,0,1.0000,185,0.009627,-1,,button,1,48,48,0,137,0,1.0000,185,3.810093,-1,-1,48,0,0,0,0.4,risk_path,4,Bot1|Bot2|Bot3|Bot4,,1,0
42,0.55,75,440,287415481,3615322627,3640,0.647111,512,1371,33-53,74-35,48-20,65,59,62,48,45,41,1,0,1,65,0,,71,1,65,6,1,button,1,65,65,0,4,0,1.0000,1062,0.006903,-1,-1,button,1,65,65,0,4,0,1.0000,1062,0.030915,,-1,button,1,65,65,0,4,0,1.0000,1062,0.026879,-1,,button,1,65,65,0,4,0,1.0000,1062,6.484746,30,30,65,12,28,0,0.99,risk_path,4,Bot1|Bot2|Bot3|Bot4,,1,0
43,0.55,75,440,3343635005,3613099639,3644,0.647822,513,1424,40-63,49-41,34-34,39,31,43,35,30,22,1,0,1,39,0,,44,1,39,5,1,button,1,39,39,0,5,0,1.0000,399,0.001788,-1,-1,button,1,39,39,0,5,0,1.0000,399,0.009621,,-1,button,1,39,39,0,5,0,1.0000,399,0.007102,-1,,button,1,39,39,0,5,0,1.0000,399,2.716005,1,1,39,18,0,0,0.99,risk_path,4,Bot1|Bot2|Bot3|Bot4,,1,0
44,0.55,75,440,2433726094,1705541714,3627,0.644800,494,1308,60-20,48-7,31-29,35,25,46,38,41,39,0,0,1,35,1,35,68,1,35,33,1,button,1,35,35,0,33,0,1.0000,387,0.001635,-1,-1,button,1,35,35,0,33,0,1.0000,387,0.006764,,-1,button,1,35,35,0,33,0,1.0000,387,0.005730,-1,,button,1,35,35,0,33,0,1.0000,387,2.103172,-1,-1,35,0,0,0,0.4,risk_path,4,Bot1|Bot2|Bot3|Bot4,,1,0
45,0.55,75,440,3245280877,583972034,3621,0.643733,504,1351,40-56,38-63,23-69,15,9,38,30,25,21,0,0,1,15,1,15,44,1,15,29,1,button,1,15,15,0,29,0,1.0000,29,0.000179,-1,-1,button,1,15,15,0,29,0,1.0000,29,0.000899,,-1,button,1,15,15,0,29,0,1.0000,29,0.000644,-1,,button,1,15,15,0,29,0,1.0000,29,0.467235,-1,-1,15,0,0,0,0.4,risk_path,4,Bot1|Bot2|Bot3|Bot4,,1,0
46,0.55,75,440,744039592,481665536,3664,0.651378,517,1383,42-67,5-61,36-15,65,43,76,58,87,77,0,0,1,65,1,65,140,1,65,75,1,button,1,65,65,0,74,0,1.0000,1137,0.008004,-1,-1,button,1,65,65,0,74,0,1.0000,1137,0.035592,,-1,button,1,65,65,0,74,0,1.0000,1137,0.029637,-1,,button,1,65,65,0,74,0,1.0000,1137,6.320743,-1,-1,65,0,0,0,0.4,risk_path,4,Bot1|Bot2|Bot3|Bot4,,1,0
47,0.55,75,440,1407365857,2116346229,3670,0.652444,517,1423,35-11,51-53,61-53,72,58,84,68,14,10,1,0,1,72,0,,29,0,,,0,walked_into_fire,0,56,56,0,-26,16,0.7778,,0.005202,27,27,fire_reached_bot,0,101,26,75,-71,46,0.3611,,0.340019,,-1,fire_reached_bot,0,101,26,75,-71,46,0.3611,,0.622995,-1,,fire_reached_bot,0,101,26,75,-71,46,0.3611,,5.264941,-1,-1,101,0,26,75,,no_path,0,,Bot1|Bot2|Bot3|Bot4,0,1
48,0.55,75,440,3906747135,3253557841,3652,0.649244,514,1378,38-31,19-45,43-34,35,33,8,8,37,35,0,0,1,35,1,35,66,1,35,31,1,button,1,35,35,0,14,0,1.0000,310,0.001315,-1,-1,button,1,35,35,0,14,0,1.0000,310,0.004106,,-1,button,1,35,35,0,14,0,1.0000,310,0.005422,-1,,button,1,35,35,0,14,0,1.0000,310,1.982987,-1,-1,35,0,0,0,0.4,risk_path,4,Bot1|Bot2|Bot3|Bot4,,1,0
49,0.55,75,440,568842183,2915534142,3635,0.646222,500,1368,31-65,44-71,44-59,47,19,31,19,16,12,1,1,1,101,0,,26,0,,,0,fire_reached_bot,0,19,19,0,0,28,0.4043,78,0.002851,10,10,fire_reached_bot,0,37,9,28,-10,38,0.1915,,0.168480,,-1,fire_reached_bot,0,37,9,28,-10,38,0.1915,,0.304971,-1,,fire_reached_bot,0,37,9,28,-10,38,0.1915,,2.420119,-1,-1,37,0,9,28,,no_path,0,,Bot1|Bot2|Bot3|Bot4,0,1
50,0.55,75,440,514431646,1809119261,3651,0.649067,517,1393,25-17,63-18,11-57,51,39,58,54,109,91,0,0,1,51,1,51,171,1,51,120,1,button,1,51,51,0,108,0,1.0000,455,0.002672,-1,-1,button,1,51,51,0,108,0,1.0000,455,0.008370,,-1,button,1,51,51,0,108,0,1.0000,455,0.010431,-1,,button,1,51,51,0,108,0,1.0000,455,4.146825,33,33,51,0,0,0,0.4,risk_path,4,Bot1|Bot2|Bot3|Bot4,,1,0
51,0.55,75,440,3235510554,1802600594,3623,0.644089,494,1355,2-10,68-24,9-57,110,80,66,54,94,92,1,0,1,110,0,,154,1,110,44,1,button,1,110,110,0,21,0,1.0000,1926,0.024996,-1,-1,button,1,110,110,0,21,0,1.0000,1926,0.109952,,-1,button,1,110,110,0,21,0,1.0000,1926,0.135430,-1,,button,1,110,110,0,21,0,1.0000,1926,12.957901,4,4,110,6,2,0,0.99,risk_path,4,Bot1|Bot2|Bot3|Bot4,,1,0
52,0.55,75,440,639085731,3543395183,3638,0.646756,515,1390,32-9,6-35,41-25,56,52,25,25,51,45,1,0,1,56,0,,78,1,56,22,1,button,1,56,56,0,16,0,1.0000,1056,0.006057,-1,-1,button,1,56,56,0,16,0,1.0000,1056,0.012762,,-1,button,1,56,56,0,16,0,1.0000,1056,0.019408,-1,,button,1,56,56,0,16,0,1.0000,1056,4.269261,-1,-1,56,0,0,0,0.4,risk_path,4,Bot1|Bot2|Bot3|Bot4,,1,0
53,0.55,75,440,4049135280,482899726,3625,0.644444,501,1359,43-44,33-34,49-33,36,20,23,17,25,17,1,0,1,36,0,,40,1,36,4,1,button,1,36,36,0,4,0,1.0000,343,0.001407,-1,-1,button,1,36,36,0,4,0,1.0000,343,0.003579,,-1,button,1,36,36,0,4,0,1.0000,343,0.005032,-1,,button,1,36,36,0,4,0,1.0000,343,2.180015,-1,-1,36,4,8,0,0.99,risk_path,4,Bot1|Bot2|Bot3|Bot4,,1,0
54,0.55,75,440,2561198562,2236996756,3645,0.648000,500,1328,20-62,0-59,47-37,29,23,58,52,79,69,0,0,1,29,1,29,126,1,29,97,1,button,1,29,29,0,84,0,1.0000,174,0.000710,-1,-1,button,1,29,29,0,84,0,1.0000,174,0.001885,,-1,button,1,29,29,0,84,0,1.0000,174,0.002592,-1,,button,1,29,29,0,84,0,1.0000,174,1.389306,-1,-1,29,0,0,0,0.4,risk_path,4,Bot1|Bot2|Bot3|Bot4,,1,0
55,0.55,75,440,2251065692,286865008,3616,0.642844,496,1335,58-63,9-0,53-16,120,112,64,52,62,60,1,0,1,120,0,,114,0,,,0,fire_reached_bot,0,62,62,0,0,58,0.5167,1072,0.008533,-1,50,fire_reached_bot,0,62,62,0,0,58,0.5167,1072,0.043709,,50,fire_reached_bot,0,122,105,17,-7,47,0.6083,,0.181407,50,,fire_reached_bot,0,62,62,0,0,58,0.5167,1072,11.371776,-1,50,62,0,62,0,,shortest_path_fallback,0,,Bot1|Bot2|Bot3|Bot4,0,1
56,0.55,75,440,489761711,2230263378,3623,0.644089,501,1372,42-25,42-63,50-53,54,38,40,36,24,18,1,0,1,54,0,,41,0,,,0,walked_into_fire,0,23,23,0,-1,31,0.4259,190,0.000976,21,20,fire_reached_bot,0,51,41,10,-9,45,0.1667,,0.070816,,20,fire_reached_bot,0,55,41,14,-13,45,0.1667,,0.124980,20,,fire_reached_bot,0,51,41,10,-9,45,0.1667,,6.019964,-1,20,51,0,41,10,,no_path,0,,Bot1|Bot2|Bot3|Bot4,0,1
57,0.55,75,440,3274284638,313157239,3626,0.644622,513,1371,46-14,73-22,58-60,39,35,62,58,59,53,0,0,1,39,1,39,88,1,39,49,1,button,1,39,39,0,45,0,1.0000,538,0.002212,-1,-1,button,1,39,39,0,45,0,1.0000,538,0.004985,,-1,button,1,39,39,0,45,0,1.0000,538,0.007064,-1,,button,1,39,39,0,45,0,1.0000,538,2.492751,8,8,39,0,0,0,0.4,risk_path,4,Bot1|Bot2|Bot3|Bot4,,1,0
58,0.55,75,440,3129249196,3379267321,3657,0.650133,513,1417,60-25,1-56,25-34,90,90,46,44,46,46,1,0,1,90,0,,81,0,,,0,walked_into_fire,0,44,44,0,-2,46,0.4889,564,0.002722,44,27,fire_reached_bot,0,58,58,0,0,50,0.4444,1123,0.031644,,27,fire_reached_bot,0,89,79,10,-7,55,0.3889,,0.113829,27,,fire_reached_bot,0,58,58,0,0,50,0.4444,1123,8.925877,-1,27,58,0,58,0,,shortest_path_fallback,0,,Bot1|Bot2|Bot3|Bot4,0,1
59,0.55,75,440,894121229,1668138513,3639,0.646933,508,1374,35-29,71-66,49-2,75,73,43,41,98,86,0,0,1,75,1,75,154,1,75,79,1,button,1,75,75,0,69,0,1.0000,905,0.007127,-1,-1,button,1,75,75,0,69,0,1.0000,905,0.026191,,-1,button,1,75,75,0,69,0,1.0000,905,0.033364,-1,,button,1,75,75,0,68,0,1.0000,905,7.971829,11,11,75,0,0,0,0.4,risk_path,4,Bot1|Bot2|Bot3|Bot4,,1,0
60,0.55,75,440,2937611675,2098551990,3661,0.650844,517,1463,74-51,28-50,7-34,75,47,98,84,43,37,1,0,1,75,0,,74,0,,,0,fire_reached_bot,0,68,68,0,0,7,0.9067,1143,0.009174,65,65,fire_reached_bot,0,75,64,11,0,11,0.8533,,0.080278,,-1,fire_reached_bot,0,75,64,11,0,11,0.8533,,0.125080,-1,,fire_reached_bot,0,75,64,11,0,11,0.8533,,8.922903,-1,-1,75,0,64,11,,no_path,0,,Bot1|Bot2|Bot3|Bot4,0,1
61,0.55,75,440,2158948882,4161325205,3649,0.648711,504,1375,55-43,55-56,72-7,43,13,55,53,98,66,0,0,1,43,1,43,161,1,43,118,1,button,1,43,43,0,86,0,1.0000,156,0.001559,-1,-1,button,1,43,43,0,86,0,1.0000,156,0.011911,,-1,button,1,43,43,0,86,0,1.0000,156,0.013360,-1,,button,1,43,43,0,86,0,1.0000,156,3.222518,-1,-1,43,0,0,0,0.4,risk_path,4,Bot1|Bot2|Bot3|Bot4,,1,0
62,0.55,75,440,3393563913,2253549308,3667,0.651911,508,1380,24-27,32-68,1-59,71,49,57,55,46,40,1,0,1,71,0,,74,1,71,3,1,button,1,71,71,0,1,0,1.0000,630,0.005161,-1,-1,button,1,71,71,0,1,0,1.0000,630,0.022357,,-1,button,1,71,71,0,1,0,1.0000,630,0.033449,-1,,button,1,71,71,0,1,0,1.0000,630,9.407165,41,41,71,10,35,0,0.99,risk_path,4,Bot1|Bot2|Bot3|Bot4,,1,0
63,0.55,75,440,3798218772,3326087650,3629,0.645156,502,1335,46-27,21-72,19-59,74,70,59,59,17,15,1,0,1,74,0,,21,0,,,0,walked_into_fire,0,37,37,0,-15,37,0.5000,,0.002389,19,19,fire_reached_bot,0,67,21,46,-45,57,0.2297,,0.199387,,-1,fire_reached_bot,0,67,21,46,-45,57,0.2297,,0.407705,-1,,fire_reached_bot,0,67,21,46,-45,57,0.2297,,5.039565,-1,-1,67,0,21,46,,no_path,0,,Bot1|Bot2|Bot3|Bot4,0,1
64,0.55,75,440,2494522029,654045650,3638,0.646756,507,1370,7-38,4-33,70-44,8,8,99,69,103,77,0,0,1,8,1,8,174,1,8,166,1,button,1,8,8,0,165,0,1.0000,19,0.000096,-1,-1,button,1,8,8,0,165,0,1.0000,19,0.000164,,-1,button,1,8,8,0,165,0,1.0000,19,0.000321,-1,,button,1,8,8,0,165,0,1.0000,19,0.185335,-1,-1,8,0,0,0,0.4,risk_path,4,Bot1|Bot2|Bot3|Bot4,,1,0
65,0.55,75,440,282407045,3208019061,3667,0.651911,507,1402,71-60,44-21,48-55,68,66,40,28,64,38,1,0,1,68,0,,96,1,68,28,1,button,1,68,68,0,7,0,1.0000,1482,0.011002,-1,-1,button,1,68,68,0,7,0,1.0000,1482,0.030887,,-1,button,1,68,68,0,7,0,1.0000,1482,0.037949,-1,,button,1,68,68,0,7,0,1.0000,1482,6.369608,-1,-1,68,0,0,0,0.4,risk_path,4,Bot1|Bot2|Bot3|Bot4,,1,0
66,0.55,75,440,2624712765,892082244,3630,0.645333,514,1350,67-68,51-49,10-44,39,35,91,81,62,46,0,0,1,39,1,39,91,1,39,52,1,button,1,39,39,0,52,0,1.0000,422,0.001997,-1,-1,button,1,39,39,0,52,0,1.0000,422,0.006941,,-1,button,1,39,39,0,52,0,1.0000,422,0.006283,-1,,button,1,39,39,0,52,0,1.0000,422,2.466712,-1,-1,39,0,0,0,0.4,risk_path,4,Bot1|Bot2|Bot3|Bot4,,1,0
67,0.55,75,440,1729019775,856386472,3624,0.644267,517,1409,60-53,29-59,62-26,39,37,43,29,68,66,0,0,1,39,1,39,106,1,39,67,1,button,1,39,39,0,52,0,1.0000,414,0.001896,-1,-1,button,1,39,39,0,52,0,1.0000,414,0.004606,,-1,button,1,39,39,0,52,0,1.0000,414,0.008728,-1,,button,1,39,39,0,52,0,1.0000,414,2.449510,-1,-1,39,0,0,0,0.4,risk_path,4,Bot1|Bot2|Bot3|Bot4,,1,0
68,0.55,75,440,4025098533,459075162,3613,0.642311,482,1310,53-46,53-73,41-17,43,27,43,41,86,68,0,0,1,43,1,43,159,1,43,116,1,button,1,43,43,0,80,0,1.0000,369,0.001863,-1,-1,button,1,43,43,0,80,0,1.0000,369,0.006233,,-1,button,1,43,43,0,80,0,1.0000,369,0.008343,-1,,button,1,43,43,0,80,0,1.0000,369,2.954340,-1,-1,43,0,0,0,0.4,risk_path,4,Bot1|Bot2|Bot3|Bot4,,1,0
69,0.55,75,440,266228852,4289431394,3621,0.643733,500,1398,43-3,26-13,19-65,43,27,102,86,79,59,0,0,1,43,1,43,116,1,43,73,1,button,1,43,43,0,71,0,1.0000,524,0.002756,-1,-1,button,1,43,43,0,71,0,1.0000,524,0.007544,,-1,button,1,43,43,0,71,0,1.0000,524,0.010122,-1,,button,1,43,43,0,71,0,1.0000,524,3.265293,-1,-1,43,0,0,0,0.4,risk_path,4,Bot1|Bot2|Bot3|Bot4,,1,0
70,0.55,75,440,3288517247,2662616909,3639,0.646933,504,1347,14-60,54-8,52-56,96,92,58,42,64,50,1,0,1,96,0,,119,1,96,23,0,walked_into_fire,0,48,48,0,-2,48,0.5000,681,0.004632,43,43,button,1,100,100,0,1,0,1.0000,2236,0.065580,,-1,button,1,100,100,0,1,0,1.0000,2236,0.091430,-1,,button,1,100,100,0,1,0,1.0000,2236,12.224174,65,65,100,14,64,0,0.99,risk_path,3,Bot2|Bot3|Bot4,Bot1,0,0
71,0.55,75,440,3168276635,2131575540,3624,0.644267,484,1358,74-4,42-32,8-21,64,60,93,83,49,45,1,0,1,64,0,,81,1,64,17,1,button,1,64,64,0,16,0,1.0000,891,0.005488,-1,-1,button,1,64,64,0,16,0,1.0000,891,0.017729,,-1,button,1,64,64,0,16,0,1.0000,891,0.023874,-1,,button,1,64,64,0,16,0,1.0000,891,5.969219,-1,-1,64,5,1,0,0.99,risk_path,4,Bot1|Bot2|Bot3|Bot4,,1,0
72,0.55,75,440,3264989703,3396489466,3645,0.648000,501,1378,40-20,63-53,65-66,60,56,81,71,27,15,1,0,1,60,0,,44,0,,,0,walked_into_fire,0,51,51,0,-6,9,0.8500,,0.003492,37,37,fire_reached_bot,0,70,36,34,-25,24,0.6000,,0.162739,,-1,fire_reached_bot,0,70,36,34,-25,24,0.6000,,0.319548,-1,,fire_reached_bot,0,70,36,34,-25,24,0.6000,,5.286623,-1,-1,70,0,36,34,,no_path,0,,Bot1|Bot2|Bot3|Bot4,0,1
73,0.55,75,440,3661586234,851551463,3654,0.649600,496,1346,19-42,55-11,6-19,77,67,48,36,73,57,1,0,1,77,0,,113,1,77,36,1,button,1,77,77,0,22,0,1.0000,867,0.007640,-1,-1,button,1,77,77,0,22,0,1.0000,867,0.044382,,-1,button,1,77,77,0,22,0,1.0000,867,0.055107,-1,,button,1,77,77,0,28,0,1.0000,867,8.751234,30,30,77,0,0,0,0.4,risk_path,4,Bot1|Bot2|Bot3|Bot4,,1,0
74,0.55,75,440,1507352610,3438827500,3616,0.642844,480,1296,44-65,19-74,3-51,36,34,71,55,43,39,0,0,1,36,1,36,80,1,36,44,1,button,1,36,36,0,44,0,1.0000,139,0.000749,-1,-1,button,1,36,36,0,44,0,1.0000,139,0.002563,,-1,button,1,36,36,0,44,0,1.0000,139,0.003271,-1,,button,1,36,36,0,44,0,1.0000,139,2.107040,-1,-1,36,0,0,0,0.4,risk_path,4,Bot1|Bot2|Bot3|Bot4,,1,0
75,0.55,75,440,2046749167,4286327507,3627,0.644800,499,1365,2-9,37-12,35-29,62,38,61,53,25,19,1,0,1,62,0,,48,0,,,0,walked_into_fire,0,50,50,0,-2,12,0.8065,,0.003634,44,44,fire_reached_bot,0,57,43,14,-8,19,0.6935,,0.032384,,-1,fire_reached_bot,0,57,43,14,-8,19,0.6935,,0.054966,-1,,fire_reached_bot,0,57,43,14,-8,19,0.6935,,5.068322,-1,-1,57,0,43,14,,no_path,0,,Bot1|Bot2|Bot3|Bot4,0,1
76,0.55,75,440,3008379624,3615876865,3655,0.649778,515,1384,43-36,1-62,52-64,72,68,49,37,85,53,0,0,1,72,1,72,151,1,72,79,1,button,1,72,72,0,62,0,1.0000,791,0.005824,-1,-1,button,1,72,72,0,62,0,1.0000,791,0.023969,,-1,button,1,72,72,0,62,0,1.0000,791,0.029439,-1,,button,1,72,72,0,62,0,1.0000,791,7.949122,54,54,72,0,0,0,0.4,risk_path,4,Bot1|Bot2|Bot3|Bot4,,1,0
77,0.55,75,440,168951023,2051054311,3646,0.648178,498,1387,63-46,7-52,36-46,78,62,39,27,41,35,1,0,1,78,0,,66,0,,,0,walked_into_fire,0,27,27,0,-3,51,0.3462,80,0.001052,12,12,fire_reached_bot,0,42,41,1,0,47,0.3974,391,0.018953,,38,fire_reached_bot,0,41,41,0,0,49,0.3718,370,0.022569,38,,fire_reached_bot,0,42,41,1,0,47,0.3974,391,6.411136,-1,38,42,0,41,1,,no_path,0,,Bot1|Bot2|Bot3|Bot4,0,1
78,0.55,75,440,2349810379,2265303479,3641,0.647289,501,1376,71-31,32-73,47-46,91,81,51,39,46,42,1,0,1,91,0,,71,0,,,0,fire_reached_bot,0,34,34,0,0,57,0.3736,149,0.001609,17,17,fire_reached_bot,0,65,59,6,0,52,0.4286,908,0.060514,,51,fire_reached_bot,0,61,59,2,0,54,0.4066,757,0.072018,51,,fire_reached_bot,0,65,59,6,0,52,0.4286,908,10.402980,-1,51,65,0,59,6,,no_path,0,,Bot1|Bot2|Bot3|Bot4,0,1
79,0.55,75,440,2763321522,3868111401,3664,0.651378,494,1408,50-59,10-66,49-54,63,47,6,6,63,51,0,0,1,63,0,,97,1,63,34,1,button,1,63,63,0,2,0,1.0000,1037,0.006911,-1,-1,button,1,63,63,0,2,0,1.0000,1037,0.019621,,-1,button,1,63,63,0,2,0,1.0000,1037,0.026422,-1,,button,1,63,63,0,2,0,1.0000,1037,5.525063,34,34,63,0,0,0,0.4,risk_path,4,Bot1|Bot2|Bot3|Bot4,,1,0
80,0.55,75,440,3716998955,3442828106,3643,0.647644,507,1384,32-60,45-60,19-26,29,13,51,47,72,60,0,0,1,29,1,29,113,1,29,84,1,button,1,29,29,0,68,0,1.0000,273,0.001082,-1,-1,button,1,29,29,0,68,0,1.0000,273,0.002861,,-1,button,1,29,29,0,68,0,1.0000,273,0.003971,-1,,button,1,29,29,0,68,0,1.0000,273,1.407771,15,15,29,0,0,0,0.4,risk_path,4,Bot1|Bot2|Bot3|Bot4,,1,0
81,0.55,75,440,2802822109,1173380791,3659,0.650489,505,1348,72-70,46-13,62-73,91,83,29,13,92,76,0,0,1,91,1,91,143,1,91,52,1,button,1,91,91,0,13,0,1.0000,1031,0.009836,-1,-1,button,1,91,91,0,13,0,1.0000,1031,0.038341,,-1,button,1,91,91,0,13,0,1.0000,1031,0.047513,-1,,button,1,91,91,0,13,0,1.0000,1031,10.758777,-1,-1,91,0,0,0,0.4,risk_path,4,Bot1|Bot2|Bot3|Bot4,,1,0
82,0.55,75,440,1458696374,4138283831,3640,0.647111,513,1373,14-4,25-57,6-47,78,64,63,51,31,29,1,0,1,78,0,,51,0,,,0,fire_reached_bot,0,48,48,0,0,30,0.6154,460,0.003336,-1,-1,fire_reached_bot,0,48,48,0,0,30,0.6154,460,0.028158,,-1,fire_reached_bot,0,48,48,0,0,30,0.6154,460,0.030257,-1,,fire_reached_bot,0,48,48,0,0,30,0.6154,460,8.169669,-1,-1,48,0,48,0,,shortest_path_fallback,0,,Bot1|Bot2|Bot3|Bot4,0,1
83,0.55,75,440,2432187744,4169280272,3642,0.647467,503,1356,40-58,45-19,12-50,66,44,46,36,86,64,0,0,1,66,1,66,141,1,66,75,1,button,1,66,66,0,54,0,1.0000,747,0.005009,-1,-1,button,1,66,66,0,54,0,1.0000,747,0.019248,,-1,button,1,66,66,0,54,0,1.0000,747,0.024260,-1,,button,1,66,66,0,54,0,1.0000,747,6.356423,14,14,66,0,0,0,0.4,risk_path,4,Bot1|Bot2|Bot3|Bot4,,1,0
84,0.55,75,440,117610117,309971403,3649,0.648711,513,1375,38-60,71-19,27-60,80,74,29,11,91,85,0,0,1,80,1,80,142,1,80,62,1,button,1,80,80,0,40,0,1.0000,1349,0.011049,-1,-1,button,1,80,80,0,40,0,1.0000,1349,0.044905,,-1,button,1,80,80,0,40,0,1.0000,1349,0.051554,-1,,button,1,80,80,0,40,0,1.0000,1349,8.153702,1,1,80,0,0,0,0.4,risk_path,4,Bot1|Bot2|Bot3|Bot4,,1,0
85,0.55,75,440,2351945767,3852249623,3652,0.649244,513,1378,46-2,42-17,48-41,27,19,63,41,48,30,0,0,1,27,1,27,78,1,27,51,1,button,1,27,27,0,48,0,1.0000,287,0.001039,-1,-1,button,1,27,27,0,48,0,1.0000,287,0.002811,,-1,button,1,27,27,0,48,0,1.0000,287,0.003936,-1,,button,1,27,27,0,48,0,1.0000,287,1.290723,-1,-1,27,0,0,0,0.4,risk_path,4,Bot1|Bot2|Bot3|Bot4,,1,0
86,0.55,75,440,2895808900,3809999560,3632,0.645689,498,1315,29-67,1-17,74-52,80,78,78,60,124,108,0,0,1,80,1,80,216,1,80,136,1,button,1,80,80,0,112,0,1.0000,577,0.004573,-1,-1,button,1,80,80,0,112,0,1.0000,577,0.028166,,-1,button,1,80,80,0,112,0,1.0000,577,0.031751,-1,,button,1,80,80,0,112,0,1.0000,577,9.272699,-1,-1,80,0,0,0,0.4,risk_path,4,Bot1|Bot2|Bot3|Bot4,,1,0
87,0.55,75,440,2723283324,3272133986,3648,0.648533,511,1411,47-73,31-5,7-43,104,84,90,70,88,62,1,0,1,104,0,,144,1,104,40,1,button,1,104,104,0,9,0,1.0000,1775,0.019380,-1,-1,button,1,104,104,0,9,0,1.0000,1775,0.077580,,-1,button,1,104,104,0,9,0,1.0000,1775,0.095223,-1,,button,1,104,104,0,9,0,1.0000,1775,12.612891,-1,-1,104,11,1,0,0.99,risk_path,4,Bot1|Bot2|Bot3|Bot4,,1,0
88,0.55,75,440,442504758,736042750,3679,0.654044,508,1420,16-28,1-29,31-35,26,16,30,22,46,36,0,0,1,26,1,26,70,1,26,44,1,button,1,26,26,0,38,0,1.0000,235,0.001113,-1,-1,button,1,26,26,0,38,0,1.0000,235,0.002039,,-1,button,1,26,26,0,38,0,1.0000,235,0.002867,-1,,button,1,26,26,0,38,0,1.0000,235,1.236003,-1,-1,26,0,0,0,0.4,risk_path,4,Bot1|Bot2|Bot3|Bot4,,1,0
89,0.55,75,440,2689907484,1240102764,3643,0.647644,497,1379,16-33,54-64,7-11,73,69,33,31,104,100,0,0,1,73,1,73,180,1,73,107,1,button,1,73,73,0,62,0,1.0000,807,0.006211,-1,-1,button,1,73,73,0,62,0,1.0000,807,0.014891,,-1,button,1,73,73,0,62,0,1.0000,807,0.021856,-1,,button,1,73,73,0,62,0,1.0000,807,7.701285,15,15,73,0,0,0,0.4,risk_path,4,Bot1|Bot2|Bot3|Bot4,,1,0
90,0.55,75,440,1410515791,2649707326,3622,0.643911,490,1314,8-14,42-56,9-9,84,76,8,6,88,80,0,0,1,84,1,84,139,1,84,55,1,button,1,84,84,0,7,0,1.0000,1015,0.009159,-1,-1,button,1,84,84,0,7,0,1.0000,1015,0.039497,,-1,button,1,84,84,0,7,0,1.0000,1015,0.048753,-1,,button,1,84,84,0,7,0,1.0000,1015,9.812022,15,15,84,0,0,0,0.4,risk_path,4,Bot1|Bot2|Bot3|Bot4,,1,0
91,0.55,75,440,1198831680,429899597,3632,0.645689,491,1347,53-16,73-34,18-42,46,38,65,61,73,63,0,0,1,46,1,46,111,1,46,65,1,button,1,46,46,0,60,0,1.0000,510,0.002503,-1,-1,button,1,46,46,0,60,0,1.0000,510,0.007519,,-1,button,1,46,46,0,60,0,1.0000,510,0.010211,-1,,button,1,46,46,0,60,0,1.0000,510,3.218823,1,1,46,0,0,0,0.4,risk_path,4,Bot1|Bot2|Bot3|Bot4,,1,0
92,0.55,75,440,2479440059,167758409,3623,0.644089,483,1277,70-63,69-1,24-59,93,63,66,50,109,103,0,0,1,93,1,93,183,1,93,90,1,button,1,93,93,0,81,0,1.0000,1626,0.017101,-1,-1,button,1,93,93,0,81,0,1.0000,1626,0.053653,,-1,button,1,93,93,0,81,0,1.0000,1626,0.074867,-1,,button,1,93,93,0,81,0,1.0000,1626,10.154783,10,10,93,0,0,0,0.4,risk_path,4,Bot1|Bot2|Bot3|Bot4,,1,0
93,0.55,75,440,2629098381,3995597651,3617,0.643022,492,1335,43-38,0-52,68-32,73,57,45,31,106,88,0,0,1,73,1,73,179,1,73,106,1,button,1,73,73,0,61,0,1.0000,980,0.008037,-1,-1,button,1,73,73,0,61,0,1.0000,980,0.033058,,-1,button,1,73,73,0,61,0,1.0000,980,0.040419,-1,,button,1,73,73,0,61,0,1.0000,980,7.364655,-1,-1,73,0,0,0,0.4,risk_path,4,Bot1|Bot2|Bot3|Bot4,,1,0
94,0.55,75,440,4034527632,2373009210,3618,0.643200,497,1351,2-63,74-14,29-36,133,121,56,54,79,67,1,0,1,133,0,,126,0,,,0,fire_reached_bot,0,34,34,0,0,99,0.2556,418,0.005419,27,22,fire_reached_bot,0,72,55,17,0,118,0.1128,1727,0.204887,,22,fire_reached_bot,0,59,55,4,0,114,0.1429,1163,0.176399,22,,fire_reached_bot,0,72,55,17,0,118,0.1128,1727,11.077637,-1,22,72,0,55,17,,no_path,0,,Bot1|Bot2|Bot3|Bot4,0,1
95,0.55,75,440,83074924,374331740,3621,0.643733,498,1346,0-52,43-16,43-65,89,79,64,56,81,49,1,0,1,89,0,,142,1,89,53,1,button,1,89,89,0,52,0,1.0000,1414,0.013162,-1,-1,button,1,89,89,0,52,0,1.0000,1414,0.049064,,-1,button,1,89,89,0,52,0,1.0000,1414,0.063562,-1,,button,1,89,89,0,43,0,1.0000,1414,9.996765,9,9,89,0,0,0,0.4,risk_path,4,Bot1|Bot2|Bot3|Bot4,,1,0
96,0.55,75,440,902943538,3127573542,3621,0.643733,508,1388,18-50,22-44,54-28,10,10,60,58,50,48,0,0,1,10,1,10,93,1,10,83,1,button,1,10,10,0,83,0,1.0000,21,0.000125,-1,-1,button,1,10,10,0,83,0,1.0000,21,0.000296,,-1,button,1,10,10,0,83,0,1.0000,21,0.000329,-1,,button,1,10,10,0,83,0,1.0000,21,0.240780,3,3,10,0,0,0,0.4,risk_path,4,Bot1|Bot2|Bot3|Bot4,,1,0
97,0.55,75,440,1323143353,2588849054,3631,0.645511,502,1329,18-54,46-56,54-72,50,30,56,54,26,24,1,0,1,50,0,,41,0,,,0,walked_into_fire,0,38,38,0,-1,12,0.7600,360,0.001990,35,34,fire_reached_bot,0,56,41,15,-14,23,0.5400,,0.069474,,34,fire_reached_bot,0,56,41,15,-14,25,0.5000,,0.146966,34,,fire_reached_bot,0,56,41,15,-14,23,0.5400,,4.544719,-1,34,56,0,41,15,,no_path,0,,Bot1|Bot2|Bot3|Bot4,0,1
98,0.55,75,440,172568286,2343787580,3644,0.647822,511,1392,60-60,70-36,25-9,36,34,88,86,90,72,0,0,1,36,1,36,149,1,36,113,1,button,1,36,36,0,110,0,1.0000,355,0.001450,-1,-1,button,1,36,36,0,110,0,1.0000,355,0.003596,,-1,button,1,36,36,0,110,0,1.0000,355,0.005064,-1,,button,1,36,36,0,108,0,1.0000,355,2.129703,7,7,36,0,0,0,0.4,risk_path,4,Bot1|Bot2|Bot3|Bot4,,1,0
99,0.55,75,440,398009931,2986606611,3623,0.644089,501,1378,64-44,52-32,42-2,24,24,70,64,48,40,0,0,1,24,1,24,83,1,24,59,1,button,1,24,24,0,59,0,1.0000,110,0.000477,-1,-1,button,1,24,24,0,59,0,1.0000,110,0.001266,,-1,button,1,24,24,0,59,0,1.0000,110,0.001643,-1,,button,1,24,24,0,59,0,1.0000,110,0.982417,-1,-1,24,0,0,0,0.4,risk_path,4,Bot1|Bot2|Bot3|Bot4,,1,0
100,0.55,75,440,2731167691,650338235,3631,0.645511,511,1398,15-65,12-41,22-36,51,27,44,36,15,15,1,0,1,51,0,,26,0,,,0,fire_reached_bot,0,40,40,0,-13,11,0.7843,,0.003000,27,27,fire_reached_bot,0,66,26,40,-39,25,0.5098,,0.188057,,-1,fire_reached_bot,0,66,26,40,-39,25,0.5098,,0.326643,-1,,fire_reached_bot,0,66,26,40,-39,25,0.5098,,3.197199,-1,-1,66,0,26,40,,no_path,0,,Bot1|Bot2|Bot3|Bot4,0,1
101,0.55,75,440,3976025462,1984228406,3637,0.646578,518,1371,60-37,47-47,45-51,35,23,37,29,8,6,1,0,1,35,0,,12,0,,,0,walked_into_fire,0,24,24,0,-11,11,0.6857,,0.000585,9,9,fire_reached_bot,0,46,8,38,-33,27,0.2286,,0.207972,,-1,fire_reached_bot,0,46,8,38,-33,27,0.2286,,0.382188,-1,,fire_reached_bot,0,46,8,38,-33,27,0.2286,,1.122264,-1,-1,46,0,8,38,,no_path,0,,Bot1|Bot2|Bot3|Bot4,0,1
102,0.55,75,440,3469237606,1649159914,3647,0.648356,506,1395,16-63,59-25,55-5,89,81,101,97,32,24,1,0,1,89,0,,56,0,,,0,walked_into_fire,0,75,75,0,-18,14,0.8427,,0.007292,57,57,fire_reached_bot,0,94,56,38,-37,33,0.6292,,0.211696,,-1,fire_reached_bot,0,94,56,38,-37,33,0.6292,,0.344235,-1,,fire_reached_bot,0,94,56,38,-37,33,0.6292,,11.159907,-1,-1,94,0,56,38,,no_path,0,,Bot1|Bot2|Bot3|Bot4,0,1
103,0.55,75,440,1354804743,391426036,3643,0.647644,507,1361,49-52,55-52,69-35,8,6,39,37,35,31,0,0,1,8,1,8,59,1,8,51,1,button,1,8,8,0,51,0,1.0000,24,0.000120,-1,-1,button,1,8,8,0,51,0,1.0000,24,0.000202,,-1,button,1,8,8,0,51,0,1.0000,24,0.000313,-1,,button,1,8,8,0,49,0,1.0000,24,0.183892,6,6,8,0,0,0,0.4,risk_path,4,Bot1|Bot2|Bot3|Bot4,,1,0
104,0.55,75,440,4136514547,4012823104,3668,0.652089,517,1436,46-54,39-69,8-3,24,22,95,89,115,97,0,0,1,24,1,24,195,1,24,171,1,button,1,24,24,0,156,0,1.0000,78,0.000412,-1,-1,button,1,24,24,0,156,0,1.0000,78,0.001543,,-1,button,1,24,24,0,156,0,1.0000,78,0.001773,-1,,button,1,24,24,0,156,0,1.0000,78,1.055238,-1,-1,24,0,0,0,0.4,risk_path,4,Bot1|Bot2|Bot3|Bot4,,1,0
105,0.55,75,440,1802906948,4050598220,3643,0.647644,499,1382,33-16,18-43,1-63,58,42,83,79,39,37,1,0,1,58,0,,57,0,,,0,walked_into_fire,0,55,55,0,-1,3,0.9483,466,0.003065,54,53,fire_reached_bot,0,62,57,5,-4,9,0.8448,,0.040772,,53,fire_reached_bot,0,66,57,9,-8,11,0.8103,,0.105559,53,,fire_reached_bot,0,62,57,5,-4,9,0.8448,,6.726056,-1,53,62,9,48,5,0.99,no_path,0,,Bot1|Bot2|Bot3|Bot4,0,1
106,0.55,75,440,4274087871,3596512109,3639,0.646933,511,1331,55-51,1-14,4-69,91,91,81,69,78,58,1,0,1,91,0,,140,1,91,49,1,button,1,91,91,0,26,0,1.0000,849,0.007527,-1,-1,button,1,91,91,0,26,0,1.0000,849,0.022542,,-1,button,1,91,91,0,26,0,1.0000,849,0.031244,-1,,button,1,91,91,0,26,0,1.0000,849,11.881983,-1,-1,91,0,0,0,0.4,risk_path,4,Bot1|Bot2|Bot3|Bot4,,1,0
107,0.55,75,440,3806192457,1257605443,3641,0.647289,497,1368,71-43,46-0,13-11,72,68,100,90,64,44,1,0,1,72,0,,116,1,72,44,1,button,1,72,72,0,44,0,1.0000,835,0.007138,-1,-1,button,1,72,72,0,44,0,1.0000,835,0.024220,,-1,button,1,72,72,0,44,0,1.0000,835,0.032596,-1,,button,1,72,72,0,44,0,1.0000,835,7.376896,-1,-1,72,0,0,0,0.4,risk_path,4,Bot1|Bot2|Bot3|Bot4,,1,0
108,0.55,75,440,3395390498,1222503905,3664,0.651378,520,1390,12-36,29-30,4-71,31,23,53,43,68,66,0,0,1,31,1,31,128,1,31,97,1,button,1,31,31,0,76,0,1.0000,140,0.000634,-1,-1,button,1,31,31,0,76,0,1.0000,140,0.002536,,-1,button,1,31,31,0,76,0,1.0000,140,0.003246,-1,,button,1,31,31,0,76,0,1.0000,140,1.603290,14,14,31,0,0,0,0.4,risk_path,4,Bot1|Bot2|Bot3|Bot4,,1,0
109,0.55,75,440,3653473380,1973034153,3655,0.649778,504,1448,65-67,22-22,34-51,96,88,61,47,51,41,1,0,1,96,0,,93,0,,,0,fire_reached_bot,0,39,39,0,0,57,0.4062,281,0.002219,39,38,fire_reached_bot,0,46,46,0,0,58,0.3958,395,0.040221,,38,fire_reached_bot,0,104,93,11,-10,59,0.3854,,0.164298,38,,fire_reached_bot,0,46,46,0,0,58,0.3958,395,8.445192,-1,38,46,0,46,0,,shortest_path_fallback,0,,Bot1|Bot2|Bot3|Bot4,0,1
110,0.55,75,440,4082012561,1074635792,3655,0.649778,497,1382,49-25,32-5,37-65,37,37,64,52,87,65,0,0,1,37,1,37,133,1,37,96,1,button,1,37,37,0,80,0,1.0000,238,0.001036,-1,-1,button,1,37,37,0,80,0,1.0000,238,0.003059,,-1,button,1,37,37,0,80,0,1.0000,238,0.003907,-1,,button,1,37,37,0,80,0,1.0000,238,2.322326,-1,-1,37,0,0,0,0.4,risk_path,4,Bot1|Bot2|Bot3|Bot4,,1,0
111,0.55,75,440,416203697,1615190462,3657,0.650133,504,1392,10-8,49-62,1-12,95,93,25,13,100,98,0,0,1,95,1,95,158,1,95,63,1,button,1,95,95,0,17,0,1.0000,1131,0.010024,-1,-1,button,1,95,95,0,17,0,1.0000,1131,0.037144,,-1,button,1,95,95,0,17,0,1.0000,1131,0.045510,-1,,button,1,95,95,0,22,0,1.0000,1131,11.431162,4,4,95,0,0,0,0.4,risk_path,4,Bot1|Bot2|Bot3|Bot4,,1,0
112,0.55,75,440,2193764734,2138228930,3634,0.646044,495,1355,5-53,26-8,50-73,84,66,77,65,95,89,0,0,1,84,1,84,149,1,84,65,1,button,1,84,84,0,55,0,1.0000,1235,0.012456,-1,-1,button,1,84,84,0,55,0,1.0000,1235,0.051175,,-1,button,1,84,84,0,55,0,1.0000,1235,0.065062,-1,,button,1,84,84,0,55,0,1.0000,1235,9.582877,17,17,84,0,0,0,0.4,risk_path,4,Bot1|Bot2|Bot3|Bot4,,1,0
113,0.55,75,440,901889356,3820153862,3646,0.648178,513,1391,62-42,17-55,3-0,66,58,105,101,77,69,0,0,1,66,1,66,119,1,66,53,1,button,1,66,66,0,49,0,1.0000,443,0.003463,-1,-1,button,1,66,66,0,49,0,1.0000,443,0.011408,,-1,button,1,66,66,0,49,0,1.0000,443,0.020092,-1,,button,1,66,66,0,49,0,1.0000,443,6.754732,-1,-1,66,0,0,0,0.4,risk_path,4,Bot1|Bot2|Bot3|Bot4,,1,0
114,0.55,75,440,1911151784,3134867747,3627,0.644800,498,1377,36-73,65-72,37-32,52,30,56,42,72,68,0,0,1,52,1,52,119,1,52,67,1,button,1,52,52,0,63,0,1.0000,913,0.004811,-1,-1,button,1,52,52,0,63,0,1.0000,913,0.011370,,-1,button,1,52,52,0,63,0,1.0000,913,0.017956,-1,,button,1,52,52,0,61,0,1.0000,913,4.334357,35,35,52,0,0,0,0.4,risk_path,4,Bot1|Bot2|Bot3|Bot4,,1,0
115,0.55,75,440,1828045502,3560377918,3637,0.646578,489,1362,63-14,43-70,18-23,94,76,60,54,80,72,1,0,1,94,0,,135,1,94,41,1,button,1,94,94,0,41,0,1.0000,2023,0.023040,-1,-1,button,1,94,94,0,41,0,1.0000,2023,0.097105,,-1,button,1,94,94,0,41,0,1.0000,2023,0.106280,-1,,button,1,94,94,0,41,0,1.0000,2023,9.119993,-1,-1,94,0,0,0,0.4,risk_path,4,Bot1|Bot2|Bot3|Bot4,,1,0
116,0.55,75,440,794248593,1319229455,3632,0.645689,513,1408,15-60,69-51,1-71,83,63,27,25,92,88,0,0,1,83,1,83,151,1,83,68,1,button,1,83,83,0,21,0,1.0000,859,0.007292,-1,-1,button,1,83,83,0,21,0,1.0000,859,0.033883,,-1,button,1,83,83,0,21,0,1.0000,859,0.039814,-1,,button,1,83,83,0,21,0,1.0000,859,10.057170,22,22,83,0,0,0,0.4,risk_path,4,Bot1|Bot2|Bot3|Bot4,,1,0
117,0.55,75,440,247906182,231731730,3642,0.647467,494,1409,20-61,54-52,41-36,51,43,52,46,37,29,1,0,1,51,0,,62,1,51,11,1,button,1,51,51,0,10,0,1.0000,699,0.004241,-1,-1,button,1,51,51,0,10,0,1.0000,699,0.015449,,-1,button,1,51,51,0,10,0,1.0000,699,0.013716,-1,,button,1,51,51,0,10,0,1.0000,699,4.157469,43,43,51,12,9,0,0.99,risk_path,4,Bot1|Bot2|Bot3|Bot4,,1,0
118,0.55,75,440,2338859109,2503174722,3651,0.649067,498,1365,60-47,39-67,22-52,49,41,55,43,40,32,1,0,1,49,0,,71,1,49,22,1,button,1,49,49,0,6,0,1.0000,719,0.003438,-1,-1,button,1,49,49,0,6,0,1.0000,719,0.015829,,-1,button,1,49,49,0,6,0,1.0000,719,0.012065,-1,,button,1,49,49,0,6,0,1.0000,719,3.865982,-1,-1,49,14,9,0,0.99,risk_path,4,Bot1|Bot2|Bot3|Bot4,,1,0
119,0.55,75,440,2795650116,841446020,3644,0.647822,511,1355,59-73,29-38,14-26,65,65,92,92,27,27,1,0,1,65,0,,46,0,,,0,walked_into_fire,0,58,58,0,-11,7,0.8923,,0.005688,47,47,fire_reached_bot,0,80,46,34,-33,19,0.7077,,0.168758,,-1,fire_reached_bot,0,80,46,34,-33,19,0.7077,,0.270080,-1,,fire_reached_bot,0,80,46,34,-33,19,0.7077,,6.471585,-1,-1,80,0,46,34,,no_path,0,,Bot1|Bot2|Bot3|Bot4,0,1
120,0.55,75,440,2363225837,4020754255,3642,0.647467,496,1398,9-74,30-27,35-63,78,68,53,37,53,41,1,0,1,78,0,,79,0,,,0,walked_into_fire,0,59,59,0,-2,19,0.7564,872,0.005729,58,57,fire_reached_bot,0,86,79,7,-6,15,0.8077,,0.074078,,57,fire_reached_bot,0,85,79,6,-5,13,0.8333,,0.088310,57,,fire_reached_bot,0,86,79,7,-6,15,0.8077,,9.319560,56,56,86,3,76,7,0.99,no_path,0,,Bot1|Bot2|Bot3|Bot4,0,1
121,0.55,75,440,272157506,212865656,3665,0.651556,503,1381,45-19,17-12,29-12,43,35,25,23,24,12,1,0,1,43,0,,39,0,,,0,fire_reached_bot,0,22,22,0,0,21,0.5116,140,0.000791,22,21,fire_reached_bot,0,41,35,6,-1,32,0.2558,,0.054400,,21,fire_reached_bot,0,41,35,6,-1,32,0.2558,,0.084336,21,,fire_reached_bot,0,41,35,6,-1,32,0.2558,,4.493786,-1,21,41,0,35,6,,no_path,0,,Bot1|Bot2|Bot3|Bot4,0,1
122,0.55,75,440,377564765,534516638,3632,0.645689,502,1362,27-3,24-11,67-44,15,11,83,81,82,76,0,0,1,15,1,15,121,1,15,106,1,button,1,15,15,0,106,0,1.0000,72,0.000300,-1,-1,button,1,15,15,0,106,0,1.0000,72,0.000679,,-1,button,1,15,15,0,106,0,1.0000,72,0.000765,-1,,button,1,15,15,0,106,0,1.0000,72,0.455942,-1,-1,15,0,0,0,0.4,risk_path,4,Bot1|Bot2|Bot3|Bot4,,1,0
123,0.55,75,440,1595995648,4164420774,3638,0.646756,514,1373,61-17,41-64,33-69,75,67,88,80,21,13,1,0,1,75,0,,31,0,,,0,walked_into_fire,0,54,54,0,-22,21,0.7200,,0.003033,31,31,fire_reached_bot,0,101,30,71,-69,45,0.4000,,0.319153,,-1,fire_reached_bot,0,101,30,71,-69,45,0.4000,,0.612577,-1,,fire_reached_bot,0,101,30,71,-69,45,0.4000,,6.362355,-1,-1,101,0,30,71,,no_path,0,,Bot1|Bot2|Bot3|Bot4,0,1
124,0.55,75,440,2851316964,3849568425,3612,0.642133,497,1349,30-47,1-14,18-2,64,62,73,57,31,29,1,0,1,64,0,,52,0,,,0,walked_into_fire,0,54,54,0,-2,10,0.8438,,0.002559,46,46,fire_reached_bot,0,73,45,28,-20,19,0.7031,,0.132579,,-1,fire_reached_bot,0,73,45,28,-20,19,0.7031,,0.261111,-1,,fire_reached_bot,0,73,45,28,-20,19,0.7031,,6.861838,-1,-1,73,0,45,28,,no_path,0,,Bot1|Bot2|Bot3|Bot4,0,1
125,0.55,75,440,75640016,983425269,3623,0.644089,509,1341,47-43,18-9,40-9,73,63,43,41,34,22,1,0,1,73,0,,54,0,,,0,fire_reached_bot,0,54,54,0,0,19,0.7397,642,0.004100,52,52,fire_reached_bot,0,63,54,9,-8,25,0.6575,,0.053505,,-1,fire_reached_bot,0,63,54,9,-8,25,0.6575,,0.098345,-1,,fire_reached_bot,0,63,54,9,-8,25,0.6575,,7.856430,-1,-1,63,0,54,9,,no_path,0,,Bot1|Bot2|Bot3|Bot4,0,1
126,0.55,75,440,2257855052,553856936,3648,0.648533,488,1395,40-62,42-9,71-44,85,55,51,49,70,64,1,0,1,85,0,,116,1,85,31,1,button,1,85,85,0,11,0,1.0000,1204,0.011411,-1,-1,button,1,85,85,0,11,0,1.0000,1204,0.044440,,-1,button,1,85,85,0,11,0,1.0000,1204,0.056200,-1,,button,1,85,85,0,11,0,1.0000,1204,10.042934,-1,-1,85,17,10,0,0.99,risk_path,4,Bot1|Bot2|Bot3|Bot4,,1,0
127,0.55,75,440,2387835660,4210166861,3638,0.646756,493,1389,16-46,13-0,26-22,61,49,38,34,35,35,1,0,1,61,0,,56,0,,,0,fire_reached_bot,0,29,29,0,0,32,0.4754,340,0.001571,29,29,fire_reached_bot,0,54,42,12,0,41,0.3279,1090,0.014942,,-1,fire_reached_bot,0,54,42,12,0,41,0.3279,1090,0.022749,-1,,fire_reached_bot,0,54,42,12,0,41,0.3279,1090,4.906363,-1,-1,54,0,42,12,,no_path,0,,Bot1|Bot2|Bot3|Bot4,0,1
128,0.55,75,440,880119995,1942672215,3641,0.647289,524,1390,39-49,62-0,18-73,82,72,45,45,127,117,0,0,1,82,1,82,203,1,82,121,1,button,1,82,82,0,78,0,1.0000,1082,0.010048,-1,-1,button,1,82,82,0,78,0,1.0000,1082,0.039746,,-1,button,1,82,82,0,78,0,1.0000,1082,0.049898,-1,,button,1,82,82,0,78,0,1.0000,1082,9.078301,4,4,82,0,0,0,0.4,risk_path,4,Bot1|Bot2|Bot3|Bot4,,1,0
129,0.55,75,440,2335898079,2211249253,3628,0.644978,514,1381,37-2,64-0,45-5,67,29,11,11,58,24,1,0,1,67,0,,102,0,,,0,walked_into_fire,0,7,7,0,-1,60,0.1045,7,0.000499,3,1,fire_reached_bot,0,93,93,0,0,64,0.0448,1299,0.076476,,1,fire_reached_bot,0,105,95,10,-2,68,-0.0149,,0.153360,1,,fire_reached_bot,0,93,93,0,0,64,0.0448,1299,16.754756,-1,1,93,0,93,0,,shortest_path_fallback,0,,Bot1|Bot2|Bot3|Bot4,0,1
130,0.55,75,440,1465691200,1383389641,3648,0.648533,504,1394,67-45,2-1,32-38,111,109,54,42,67,67,1,0,1,111,0,,108,0,,,0,fire_reached_bot,0,37,37,0,0,74,0.3333,380,0.001906,-1,35,fire_reached_bot,0,37,37,0,0,74,0.3333,380,0.015890,,35,fire_reached_bot,0,91,79,12,0,74,0.3333,2656,0.109707,35,,fire_reached_bot,0,37,37,0,0,74,0.3333,380,6.623455,-1,35,37,0,37,0,,shortest_path_fallback,0,,Bot1|Bot2|Bot3|Bot4,0,1
131,0.55,75,440,440757090,857276793,3614,0.642489,500,1344,44-57,14-72,67-57,47,45,29,23,76,68,0,0,1,47,1,47,120,1,47,73,1,button,1,47,47,0,46,0,1.0000,500,0.002804,-1,-1,button,1,47,47,0,46,0,1.0000,500,0.008361,,-1,button,1,47,47,0,46,0,1.0000,500,0.010939,-1,,button,1,47,47,0,46,0,1.0000,500,3.457306,-1,-1,47,0,0,0,0.4,risk_path,4,Bot1|Bot2|Bot3|Bot4,,1,0
132,0.55,75,440,3555543580,3812448778,3626,0.644622,494,1308,13-24,61-74,48-37,102,98,60,48,52,50,1,0,1,102,0,,83,0,,,0,walked_into_fire,0,40,40,0,-1,62,0.3922,310,0.001979,36,34,fire_reached_bot,0,89,70,19,-5,64,0.3725,,0.106052,,34,fire_reached_bot,0,85,70,15,-1,60,0.4118,,0.142100,34,,fire_reached_bot,0,89,70,19,-5,64,0.3725,,12.165783,-1,34,89,0,70,19,,no_path,0,,Bot1|Bot2|Bot3|Bot4,0,1
133,0.55,75,440,948442129,703702193,3606,0.641067,489,1329,17-44,66-21,47-52,80,72,44,38,60,50,1,0,1,80,0,,105,1,80,25,1,button,1,80,80,0,25,0,1.0000,1501,0.013058,-1,-1,button,1,80,80,0,25,0,1.0000,1501,0.073975,,-1,button,1,80,80,0,25,0,1.0000,1501,0.057849,-1,,button,1,80,80,0,25,0,1.0000,1501,9.408854,41,41,80,17,22,0,0.99,risk_path,4,Bot1|Bot2|Bot3|Bot4,,1,0
134,0.55,75,440,1102281211,3563752405,3654,0.649600,503,1348,15-61,46-3,6-5,101,89,91,65,70,42,1,0,1,101,0,,126,1,101,25,1,button,1,101,101,0,3,0,1.0000,1068,0.010589,-1,-1,button,1,101,101,0,3,0,1.0000,1068,0.105457,,-1,button,1,101,101,0,3,0,1.0000,1068,0.074080,-1,,button,1,101,101,0,3,0,1.0000,1068,16.375833,61,61,101,13,59,0,0.99,risk_path,4,Bot1|Bot2|Bot3|Bot4,,1,0
135,0.55,75,440,807723142,2871911597,3642,0.647467,509,1338,62-61,53-43,38-3,37,27,96,82,69,55,0,0,1,37,1,37,103,1,37,66,1,button,1,37,37,0,64,0,1.0000,358,0.001871,-1,-1,button,1,37,37,0,64,0,1.0000,358,0.008516,,-1,button,1,37,37,0,64,0,1.0000,358,0.006789,-1,,button,1,37,37,0,64,0,1.0000,358,2.272500,-1,-1,37,0,0,0,0.4,risk_path,4,Bot1|Bot2|Bot3|Bot4,,1,0
136,0.55,75,440,1899007051,3079980098,3638,0.646756,507,1386,8-11,70-74,66-70,137,125,125,117,32,8,1,0,1,137,0,,54,0,,,0,walked_into_fire,0,78,78,0,-23,59,0.5693,,0.009338,22,22,fire_reached_bot,0,168,21,147,-113,116,0.1533,,0.619562,,-1,fire_reached_bot,0,168,21,147,-113,116,0.1533,,1.231108,-1,,fire_reached_bot,0,168,21,147,-113,116,0.1533,,6.927449,-1,-1,168,0,21,147,,no_path,0,,Bot1|Bot2|Bot3|Bot4,0,1
137,0.55,75,440,647213272,3488528219,3639,0.646933,496,1345,70-47,48-57,68-22,44,32,33,27,57,55,0,0,1,44,1,44,99,1,44,55,1,button,1,44,44,0,44,0,1.0000,493,0.002956,-1,-1,button,1,44,44,0,44,0,1.0000,493,0.010246,,-1,button,1,44,44,0,44,0,1.0000,493,0.010428,-1,,button,1,44,44,0,44,0,1.0000,493,2.978649,-1,-1,44,0,0,0,0.4,risk_path,4,Bot1|Bot2|Bot3|Bot4,,1,0
138,0.55,75,440,2955646883,1522454323,3639,0.646933,498,1348,70-34,60-68,42-16,66,44,52,46,88,70,0,0,1,66,1,66,139,1,66,73,1,button,1,66,66,0,57,0,1.0000,1268,0.008470,-1,-1,button,1,66,66,0,57,0,1.0000,1268,0.024889,,-1,button,1,66,66,0,57,0,1.0000,1268,0.044412,-1,,button,1,66,66,0,57,0,1.0000,1268,5.895273,60,60,66,0,0,0,0.4,risk_path,4,Bot1|Bot2|Bot3|Bot4,,1,0
139,0.55,75,440,3313783522,2464351505,3645,0.648000,495,1407,56-27,40-63,31-4,64,52,54,48,80,68,0,0,1,64,1,64,137,1,64,73,1,button,1,64,64,0,60,0,1.0000,760,0.005052,-1,-1,button,1,64,64,0,60,0,1.0000,760,0.019871,,-1,button,1,64,64,0,60,0,1.0000,760,0.024973,-1,,button,1,64,64,0,60,0,1.0000,760,6.381756,50,50,64,0,0,0,0.4,risk_path,4,Bot1|Bot2|Bot3|Bot4,,1,0
140,0.55,75,440,3452405857,2375599770,3649,0.648711,506,1372,37-2,71-34,45-58,70,66,82,64,60,50,1,0,1,70,0,,99,1,70,29,1,button,1,70,70,0,27,0,1.0000,1360,0.010053,-1,-1,button,1,70,70,0,27,0,1.0000,1360,0.027316,,-1,button,1,70,70,0,27,0,1.0000,1360,0.043243,-1,,button,1,70,70,0,27,0,1.0000,1360,6.684310,6,6,70,0,0,0,0.4,risk_path,4,Bot1|Bot2|Bot3|Bot4,,1,0
141,0.55,75,440,1002585984,1855575115,3672,0.652800,510,1408,39-60,63-11,65-29,83,73,63,57,26,20,1,0,1,83,0,,49,0,,,0,fire_reached_bot,0,41,41,0,0,42,0.4940,320,0.002597,20,20,fire_reached_bot,0,53,49,4,-3,40,0.5181,,0.057383,,-1,fire_reached_bot,0,53,49,4,-3,40,0.5181,,0.081417,-1,,fire_reached_bot,0,53,49,4,-3,40,0.5181,,9.553651,-1,-1,53,0,49,4,,no_path,0,,Bot1|Bot2|Bot3|Bot4,0,1
142,0.55,75,440,216244798,858947628,3652,0.649244,509,1403,47-4,42-58,32-25,87,59,40,36,61,43,1,0,1,87,0,,101,1,93,8,0,walked_into_fire,0,44,44,0,-1,43,0.5057,500,0.003401,37,36,fire_reached_bot,0,39,39,0,0,54,0.3793,394,0.034865,,36,button,1,99,99,0,1,0,1.0000,2675,0.104310,36,,fire_reached_bot,0,39,39,0,0,54,0.3793,394,6.938257,-1,36,39,0,39,0,,shortest_path_fallback,1,Bot3,Bot1|Bot2|Bot4,0,0
143,0.55,75,440,1035138522,1426829652,3638,0.646756,509,1403,25-73,20-22,66-72,76,56,68,42,98,96,0,0,1,76,1,76,153,1,76,77,1,button,1,76,76,0,70,0,1.0000,722,0.006529,-1,-1,button,1,76,76,0,70,0,1.0000,722,0.033773,,-1,button,1,76,76,0,70,0,1.0000,722,0.039642,-1,,button,1,76,76,0,70,0,1.0000,722,8.867636,-1,-1,76,0,0,0,0.4,risk_path,4,Bot1|Bot2|Bot3|Bot4,,1,0
144,0.55,75,440,833741974,2067007930,3647,0.648356,507,1395,18-23,49-6,31-6,66,48,50,30,28,18,1,0,1,66,0,,48,0,,,0,fire_reached_bot,0,31,31,0,0,35,0.4697,207,0.001172,31,30,fire_reached_bot,0,57,47,10,-8,53,0.1970,,0.085481,,30,fire_reached_bot,0,61,47,14,-12,55,0.1667,,0.159533,30,,fire_reached_bot,0,57,47,10,-8,53,0.1970,,7.813194,-1,30,57,0,47,10,,no_path,0,,Bot1|Bot2|Bot3|Bot4,0,1
145,0.55,75,440,2337670084,113731334,3646,0.648178,502,1417,55-29,37-24,34-37,45,23,45,29,28,16,1,0,1,45,0,,52,1,45,7,1,button,1,45,45,0,3,0,1.0000,543,0.003046,-1,-1,button,1,45,45,0,3,0,1.0000,543,0.019669,,-1,button,1,45,45,0,3,0,1.0000,543,0.014257,-1,,button,1,45,45,0,3,0,1.0000,543,3.969791,-1,-1,45,7,26,0,0.99,risk_path,4,Bot1|Bot2|Bot3|Bot4,,1,0
146,0.55,75,440,1787649367,1167024077,3657,0.650133,512,1392,14-28,1-15,50-67,26,26,83,75,107,101,0,0,1,26,1,26,167,1,26,141,1,button,1,26,26,0,126,0,1.0000,139,0.000641,-1,-1,button,1,26,26,0,126,0,1.0000,139,0.003145,,-1,button,1,26,26,0,126,0,1.0000,139,0.002254,-1,,button,1,26,26,0,126,0,1.0000,139,1.216363,-1,-1,26,0,0,0,0.4,risk_path,4,Bot1|Bot2|Bot3|Bot4,,1,0
147,0.55,75,440,979999953,4214328274,3643,0.647644,509,1369,73-50,6-59,2-35,108,76,110,86,54,28,1,0,1,108,0,,87,0,,,0,fire_reached_bot,0,80,80,0,0,28,0.7407,951,0.009071,77,77,fire_reached_bot,0,96,87,9,-8,33,0.6944,,0.111766,,-1,fire_reached_bot,0,96,87,9,-8,33,0.6944,,0.154406,-1,,fire_reached_bot,0,96,87,9,-8,33,0.6944,,14.820506,-1,-1,96,0,87,9,,no_path,0,,Bot1|Bot2|Bot3|Bot4,0,1
148,0.55,75,440,1054847335,3500475643,3631,0.645511,510,1332,16-42,50-74,65-40,70,66,67,51,55,49,1,0,1,70,0,,98,1,70,28,1,button,1,70,70,0,28,0,1.0000,1026,0.006347,-1,-1,button,1,70,70,0,28,0,1.0000,1026,0.014910,,-1,button,1,70,70,0,28,0,1.0000,1026,0.021441,-1,,button,1,70,70,0,28,0,1.0000,1026,7.102698,49,49,70,5,0,0,0.99,risk_path,4,Bot1|Bot2|Bot3|Bot4,,1,0
149,0.55,75,440,175257072,1831328636,3645,0.648000,497,1375,51-67,36-24,24-26,78,58,76,68,16,14,1,0,1,78,0,,27,0,,,0,walked_into_fire,0,52,52,0,-24,26,0.6667,,0.005424,25,25,fire_reached_bot,0,90,24,66,-62,54,0.3077,,0.249845,,-1,fire_reached_bot,0,90,24,66,-62,54,0.3077,,0.478393,-1,,fire_reached_bot,0,90,24,66,-62,54,0.3077,,4.322162,-1,-1,90,0,24,66,,no_path,0,,Bot1|Bot2|Bot3|Bot4,0,1
150,0.55,75,440,782275208,1449296483,3626,0.644622,490,1345,36-22,61-74,74-15,91,77,59,45,76,72,1,0,1,91,0,,123,1,91,32,1,button,1,91,91,0,32,0,1.0000,1270,0.012267,-1,-1,button,1,91,91,0,32,0,1.0000,1270,0.042413,,-1,button,1,91,91,0,32,0,1.0000,1270,0.054131,-1,,button,1,91,91,0,32,0,1.0000,1270,10.699524,10,10,91,0,0,0,0.4,risk_path,4,Bot1|Bot2|Bot3|Bot4,,1,0
151,0.55,75,440,1315622670,76071239,3641,0.647289,502,1361,31-53,41-5,48-29,80,58,61,41,35,31,1,0,1,80,0,,60,0,,,0,walked_into_fire,0,37,37,0,-1,43,0.4625,202,0.002011,35,33,fire_reached_bot,0,62,56,6,-1,38,0.5250,,0.055824,,33,fire_reached_bot,0,66,56,10,-5,46,0.4250,,0.083472,33,,fire_reached_bot,0,62,56,6,-1,38,0.5250,,9.267150,-1,33,62,0,56,6,,no_path,0,,Bot1|Bot2|Bot3|Bot4,0,1
152,0.55,75,440,3579991625,3229194548,3608,0.641422,497,1331,48-13,34-13,13-45,32,14,69,67,65,53,0,0,1,32,1,32,104,1,32,72,1,button,1,32,32,0,66,0,1.0000,242,0.001084,-1,-1,button,1,32,32,0,66,0,1.0000,242,0.004257,,-1,button,1,32,32,0,66,0,1.0000,242,0.005414,-1,,button,1,32,32,0,66,0,1.0000,242,1.675711,-1,-1,32,0,0,0,0.4,risk_path,4,Bot1|Bot2|Bot3|Bot4,,1,0
153,0.55,75,440,3847139812,3509606694,3641,0.647289,498,1353,5-25,63-60,7-65,105,93,70,42,91,61,1,0,1,105,0,,135,1,105,30,1,button,1,105,105,0,12,0,1.0000,1416,0.015911,-1,-1,button,1,105,105,0,12,0,1.0000,1416,0.075646,,-1,button,1,105,105,0,12,0,1.0000,1416,0.096754,-1,,button,1,105,105,0,12,0,1.0000,1416,13.407511,16,16,105,2,0,0,0.8,risk_path,4,Bot1|Bot2|Bot3|Bot4,,1,0
154,0.55,75,440,3024991366,1532867464,3642,0.647467,510,1382,14-15,44-47,50-59,66,62,86,80,20,18,1,0,1,66,0,,43,0,,,0,walked_into_fire,0,57,57,0,-13,9,0.8636,,0.004918,44,44,fire_reached_bot,0,73,43,30,-29,23,0.6515,,0.133466,,-1,fire_reached_bot,0,73,43,30,-29,23,0.6515,,0.281458,-1,,fire_reached_bot,0,73,43,30,-29,23,0.6515,,6.570266,-1,-1,73,0,43,30,,no_path,0,,Bot1|Bot2|Bot3|Bot4,0,1
155,0.55,75,440,77398656,2952771356,3656,0.649956,502,1378,31-28,68-3,37-6,66,62,34,28,46,34,1,0,1,66,0,,80,1,66,14,1,button,1,66,66,0,6,0,1.0000,819,0.006078,-1,-1,button,1,66,66,0,6,0,1.0000,819,0.013761,,-1,button,1,66,66,0,6,0,1.0000,819,0.020312,-1,,button,1,66,66,0,6,0,1.0000,819,6.584348,35,35,66,7,25,0,0.99,risk_path,4,Bot1|Bot2|Bot3|Bot4,,1,0
156,0.55,75,440,1479374087,890278548,3637,0.646578,485,1364,25-27,72-41,49-50,75,61,57,47,46,32,1,0,1,75,0,,69,0,,,0,walked_into_fire,0,36,36,0,-1,39,0.4800,253,0.001902,34,34,fire_reached_bot,0,82,69,13,-12,20,0.7333,,0.066560,,60,fire_reached_bot,0,86,69,17,-16,18,0.7600,,0.118379,60,,fire_reached_bot,0,82,69,13,-12,20,0.7333,,8.813019,-1,60,82,0,69,13,,no_path,0,,Bot1|Bot2|Bot3|Bot4,0,1
157,0.55,75,440,2224295823,2491851967,3652,0.649244,510,1364,9-52,44-18,52-33,75,69,76,62,25,23,1,0,1,75,0,,40,0,,,0,walked_into_fire,0,51,51,0,-10,24,0.6800,,0.004151,41,41,fire_reached_bot,0,65,40,25,-24,35,0.5333,,0.110509,,-1,fire_reached_bot,0,65,40,25,-24,35,0.5333,,0.229276,-1,,fire_reached_bot,0,65,40,25,-24,35,0.5333,,6.760278,-1,-1,65,0,40,25,,no_path,0,,Bot1|Bot2|Bot3|Bot4,0,1
158,0.55,75,440,4250350007,863802251,3634,0.646044,516,1368,52-14,14-5,70-62,57,47,82,66,123,113,0,0,1,57,1,57,211,1,57,154,1,button,1,57,57,0,128,0,1.0000,350,0.002417,-1,-1,button,1,57,57,0,128,0,1.0000,350,0.009894,,-1,button,1,57,57,0,128,0,1.0000,350,0.012298,-1,,button,1,57,57,0,128,0,1.0000,350,4.984637,-1,-1,57,0,0,0,0.4,risk_path,4,Bot1|Bot2|Bot3|Bot4,,1,0
159,0.55,75,440,1797411092,3333033759,3625,0.644444,505,1318,69-22,18-54,2-51,89,83,106,96,21,19,1,0,1,89,0,,36,0,,,0,fire_reached_bot,0,68,68,0,-31,21,0.7640,,0.005721,37,37,fire_reached_bot,0,120,36,84,-83,53,0.4045,,0.372288,,-1,fire_reached_bot,0,120,36,84,-83,53,0.4045,,0.718633,-1,,fire_reached_bot,0,120,36,84,-83,53,0.4045,,8.231176,-1,-1,120,0,36,84,,no_path,0,,Bot1|Bot2|Bot3|Bot4,0,1
160,0.55,75,440,2622103724,4030296821,3630,0.645333,510,1345,71-28,17-69,71-57,103,95,41,29,98,66,1,0,1,103,0,,165,1,103,62,1,button,1,103,103,0,46,0,1.0000,1216,0.014057,-1,-1,button,1,103,103,0,46,0,1.0000,1216,0.085179,,-1,button,1,103,103,0,46,0,1.0000,1216,0.094788,-1,,button,1,103,103,0,33,0,1.0000,1216,13.520063,16,16,103,0,0,0,0.4,risk_path,4,Bot1|Bot2|Bot3|Bot4,,1,0
161,0.55,75,440,2317555799,151919511,3653,0.649422,497,1386,39-11,9-48,34-21,71,67,19,15,58,52,1,0,1,71,0,,101,1,71,30,1,button,1,71,71,0,5,0,1.0000,1119,0.007304,-1,-1,button,1,71,71,0,5,0,1.0000,1119,0.021518,,-1,button,1,71,71,0,5,0,1.0000,1119,0.029165,-1,,button,1,71,71,0,5,0,1.0000,1119,7.596151,-1,-1,71,11,10,0,0.99,risk_path,4,Bot1|Bot2|Bot3|Bot4,,1,0
162,0.55,75,440,197254622,1131390103,3628,0.644978,492,1357,64-4,48-48,10-59,78,60,119,109,69,49,1,0,1,78,0,,121,1,78,43,1,button,1,78,78,0,41,0,1.0000,827,0.007179,-1,-1,button,1,78,78,0,41,0,1.0000,827,0.043236,,-1,button,1,78,78,0,41,0,1.0000,827,0.043273,-1,,button,1,78,78,0,41,0,1.0000,827,8.293892,-1,-1,78,0,0,0,0.4,risk_path,4,Bot1|Bot2|Bot3|Bot4,,1,0
163,0.55,75,440,2939572986,872181782,3637,0.646578,492,1354,24-49,24-6,26-14,61,43,47,37,26,10,1,0,1,61,0,,47,0,,,0,walked_into_fire,0,31,31,0,-3,30,0.5082,263,0.001444,23,21,fire_reached_bot,0,48,44,4,0,35,0.4262,,0.042604,,21,fire_reached_bot,0,48,44,4,0,35,0.4262,,0.072161,21,,fire_reached_bot,0,48,44,4,0,35,0.4262,,6.447304,-1,21,48,0,44,4,,no_path,0,,Bot1|Bot2|Bot3|Bot4,0,1
164,0.55,75,440,318478055,3662582948,3642,0.647467,515,1402,71-51,66-61,54-8,21,15,76,60,89,65,0,0,1,21,1,21,143,1,21,122,1,button,1,21,21,0,120,0,1.0000,69,0.000334,-1,-1,button,1,21,21,0,120,0,1.0000,69,0.001507,,-1,button,1,21,21,0,120,0,1.0000,69,0.001611,-1,,button,1,21,21,0,120,0,1.0000,69,0.787500,-1,-1,21,0,0,0,0.4,risk_path,4,Bot1|Bot2|Bot3|Bot4,,1,0
165,0.55,75,440,4153650681,247554762,3644,0.647822,510,1382,64-68,47-30,67-69,71,55,10,4,81,59,0,0,1,71,1,71,126,1,71,55,1,button,1,71,71,0,16,0,1.0000,523,0.004567,-1,-1,button,1,71,71,0,16,0,1.0000,523,0.031897,,-1,button,1,71,71,0,16,0,1.0000,523,0.030293,-1,,button,1,71,71,0,16,0,1.0000,523,7.523496,-1,-1,71,0,0,0,0.4,risk_path,4,Bot1|Bot2|Bot3|Bot4,,1,0
166,0.55,75,440,3449166865,1705888709,3633,0.645867,507,1380,4-1,11-58,21-60,82,64,84,76,34,12,1,0,1,82,0,,55,0,,,0,fire_reached_bot,0,51,51,0,0,31,0.6220,597,0.003679,51,51,fire_reached_bot,0,55,52,3,0,30,0.6341,698,0.032106,,51,fire_reached_bot,0,52,52,0,0,32,0.6098,619,0.040694,51,,fire_reached_bot,0,55,52,3,0,30,0.6341,698,8.143973,-1,51,55,0,52,3,,no_path,0,,Bot1|Bot2|Bot3|Bot4,0,1
167,0.55,75,440,922269232,2098977963,3647,0.648356,511,1360,13-1,33-41,63-8,76,60,65,57,65,63,1,0,1,76,0,,105,1,76,29,1,button,1,76,76,0,22,0,1.0000,975,0.009588,-1,-1,button,1,76,76,0,22,0,1.0000,975,0.033674,,-1,button,1,76,76,0,22,0,1.0000,975,0.044380,-1,,button,1,76,76,0,22,0,1.0000,975,7.772204,26,26,76,0,0,0,0.4,risk_path,4,Bot1|Bot2|Bot3|Bot4,,1,0
168,0.55,75,440,544612032,2877135198,3672,0.652800,519,1443,73-8,4-23,58-24,108,84,33,31,77,55,1,0,1,108,0,,129,1,108,21,1,button,1,108,108,0,4,0,1.0000,2367,0.029686,-1,-1,button,1,108,108,0,4,0,1.0000,2367,0.096990,,-1,button,1,108,108,0,4,0,1.0000,2367,0.133128,-1,,button,1,108,108,0,4,0,1.0000,2367,11.837472,-1,-1,108,11,39,0,0.99,risk_path,4,Bot1|Bot2|Bot3|Bot4,,1,0
169,0.55,75,440,3778881665,2740835865,3659,0.650489,524,1370,53-11,25-60,12-64,89,77,106,94,17,17,1,0,1,89,0,,30,0,,,0,fire_reached_bot,0,66,66,0,-35,23,0.7416,,0.008228,31,31,fire_reached_bot,0,118,30,88,-87,59,0.3371,,0.382319,,-1,fire_reached_bot,0,118,30,88,-87,59,0.3371,,0.733603,-1,,fire_reached_bot,0,118,30,88,-87,59,0.3371,,7.244523,-1,-1,118,0,30,88,,no_path,0,,Bot1|Bot2|Bot3|Bot4,0,1
170,0.55,75,440,229250927,3518222234,3643,0.647644,495,1356,14-12,17-54,46-5,67,45,45,39,78,78,0,0,1,67,1,67,130,1,67,63,1,button,1,67,67,0,63,0,1.0000,913,0.006654,-1,-1,button,1,67,67,0,63,0,1.0000,913,0.026158,,-1,button,1,67,67,0,63,0,1.0000,913,0.030026,-1,,button,1,67,67,0,63,0,1.0000,913,6.258709,26,26,67,0,0,0,0.4,risk_path,4,Bot1|Bot2|Bot3|Bot4,,1,0
171,0.55,75,440,1085318485,4112605803,3639,0.646933,508,1381,36-73,72-19,35-7,98,90,87,67,55,49,1,0,1,98,0,,90,0,,,0,walked_into_fire,0,71,71,0,-1,27,0.7245,935,0.008305,68,65,fire_reached_bot,0,68,67,1,0,31,0.6837,891,0.064307,,65,fire_reached_bot,0,100,86,14,-9,30,0.6939,,0.183850,65,,fire_reached_bot,0,68,67,1,0,31,0.6837,891,11.065824,-1,65,68,0,67,1,,no_path,0,,Bot1|Bot2|Bot3|Bot4,0,1
172,0.55,75,440,1943131252,2533243586,3649,0.648711,504,1361,49-28,24-40,33-20,43,37,28,24,33,29,1,0,1,43,0,,54,1,43,11,1,button,1,43,43,0,2,0,1.0000,510,0.002312,-1,-1,button,1,43,43,0,2,0,1.0000,510,0.007590,,-1,button,1,43,43,0,2,0,1.0000,510,0.009859,-1,,button,1,43,43,0,2,0,1.0000,510,2.902773,-1,-1,43,3,3,0,0.99,risk_path,4,Bot1|Bot2|Bot3|Bot4,,1,0
173,0.55,75,440,815405907,3357921857,3626,0.644622,501,1351,17-10,2-58,1-70,77,63,88,76,23,13,1,0,1,77,0,,35,0,,,0,fire_reached_bot,0,54,54,0,-18,23,0.7013,,0.002657,26,26,fire_reached_bot,0,101,25,76,-65,52,0.3247,,0.348258,,-1,fire_reached_bot,0,101,25,76,-65,52,0.3247,,0.734085,-1,,fire_reached_bot,0,101,25,76,-65,52,0.3247,,5.810378,-1,-1,101,0,25,76,,no_path,0,,Bot1|Bot2|Bot3|Bot4,0,1
174,0.55,75,440,2300978891,2614612160,3647,0.648356,501,1375,29-35,5-65,18-74,54,54,60,50,26,22,1,0,1,54,0,,47,0,,,0,walked_into_fire,0,41,41,0,-1,13,0.7593,223,0.001626,41,39,fire_reached_bot,0,43,41,2,0,15,0.7222,271,0.018356,,39,fire_reached_bot,0,53,41,12,-5,19,0.6481,,0.132792,39,,fire_reached_bot,0,43,41,2,0,15,0.7222,271,4.558585,-1,39,43,0,41,2,,no_path,0,,Bot1|Bot2|Bot3|Bot4,0,1
175,0.55,75,440,2018207897,3314081923,3620,0.643556,501,1355,16-10,53-27,60-70,66,54,122,104,56,50,1,0,1,66,0,,100,1,66,34,1,button,1,66,66,0,34,0,1.0000,748,0.005956,-1,-1,button,1,66,66,0,34,0,1.0000,748,0.022330,,-1,button,1,66,66,0,34,0,1.0000,748,0.034288,-1,,button,1,66,66,0,34,0,1.0000,748,6.630730,23,23,66,0,0,0,0.4,risk_path,4,Bot1|Bot2|Bot3|Bot4,,1,0
176,0.55,75,440,2818097894,3512310857,3632,0.645689,509,1342,11-44,26-37,59-48,46,22,74,52,66,44,0,0,1,46,1,46,111,1,46,65,1,button,1,46,46,0,55,0,1.0000,285,0.002016,-1,-1,button,1,46,46,0,55,0,1.0000,285,0.011742,,-1,button,1,46,46,0,55,0,1.0000,285,0.014134,-1,,button,1,46,46,0,55,0,1.0000,285,3.598822,6,6,46,0,0,0,0.4,risk_path,4,Bot1|Bot2|Bot3|Bot4,,1,0
177,0.55,75,440,2027427399,1220179851,3630,0.645333,486,1356,30-38,73-15,50-71,66,66,63,53,95,79,0,0,1,66,1,66,147,1,66,81,1,button,1,66,66,0,73,0,1.0000,502,0.002821,-1,-1,button,1,66,66,0,73,0,1.0000,502,0.009257,,-1,button,1,66,66,0,73,0,1.0000,502,0.012690,-1,,button,1,66,66,0,73,0,1.0000,502,6.741329,37,37,66,0,0,0,0.4,risk_path,4,Bot1|Bot2|Bot3|Bot4,,1,0
178,0.55,75,440,3599993327,1032513067,3649,0.648711,514,1379,52-28,3-70,60-5,101,91,39,31,122,122,0,0,1,101,1,101,197,1,101,96,1,button,1,101,101,0,60,0,1.0000,1523,0.016430,-1,-1,button,1,101,101,0,60,0,1.0000,1523,0.044328,,-1,button,1,101,101,0,60,0,1.0000,1523,0.063906,-1,,button,1,101,101,0,60,0,1.0000,1523,12.404606,-1,-1,101,0,0,0,0.4,risk_path,4,Bot1|Bot2|Bot3|Bot4,,1,0
179,0.55,75,440,2543364003,1899170686,3632,0.645689,503,1387,41-38,55-52,67-5,34,28,63,59,69,59,0,0,1,34,1,34,119,1,34,85,1,button,1,34,34,0,85,0,1.0000,144,0.000758,-1,-1,button,1,34,34,0,85,0,1.0000,144,0.003581,,-1,button,1,34,34,0,85,0,1.0000,144,0.003979,-1,,button,1,34,34,0,85,0,1.0000,144,1.916275,19,19,34,0,0,0,0.4,risk_path,4,Bot1|Bot2|Bot3|Bot4,,1,0
180,0.55,75,440,1116830270,123999137,3635,0.646222,502,1362,41-21,71-69,61-69,92,78,78,68,30,10,1,0,1,92,0,,63,0,,,0,walked_into_fire,0,51,51,0,-3,41,0.5543,339,0.003356,25,25,fire_reached_bot,0,79,24,55,-15,68,0.2609,,0.284117,,-1,fire_reached_bot,0,79,24,55,-15,68,0.2609,,0.521063,-1,,fire_reached_bot,0,79,24,55,-15,68,0.2609,,6.219441,-1,-1,79,0,24,55,,no_path,0,,Bot1|Bot2|Bot3|Bot4,0,1
181,0.55,75,440,4129245186,2777447817,3675,0.653333,520,1414,58-11,69-10,38-59,16,12,74,68,86,80,0,0,1,16,1,16,130,1,16,114,1,button,1,16,16,0,112,0,1.0000,42,0.000226,-1,-1,button,1,16,16,0,112,0,1.0000,42,0.000751,,-1,button,1,16,16,0,112,0,1.0000,42,0.000862,-1,,button,1,16,16,0,112,0,1.0000,42,0.537788,2,2,16,0,0,0,0.4,risk_path,4,Bot1|Bot2|Bot3|Bot4,,1,0
182,0.55,75,440,699038936,1084992602,3641,0.647289,516,1390,25-21,56-28,5-35,46,38,36,34,74,58,0,0,1,46,1,46,123,1,46,77,1,button,1,46,46,0,58,0,1.0000,406,0.002059,-1,-1,button,1,46,46,0,58,0,1.0000,406,0.006442,,-1,button,1,46,46,0,58,0,1.0000,406,0.008432,-1,,button,1,46,46,0,58,0,1.0000,406,3.403071,18,18,46,0,0,0,0.4,risk_path,4,Bot1|Bot2|Bot3|Bot4,,1,0
183,0.55,75,440,3412191491,4070376951,3637,0.646578,496,1387,62-44,41-67,63-45,54,44,2,2,56,44,0,0,1,54,1,54,93,1,54,39,1,button,1,54,54,0,2,0,1.0000,731,0.004781,-1,-1,button,1,54,54,0,2,0,1.0000,731,0.013371,,-1,button,1,54,54,0,2,0,1.0000,731,0.018202,-1,,button,1,54,54,0,2,0,1.0000,731,4.394237,-1,-1,54,0,0,0,0.4,risk_path,4,Bot1|Bot2|Bot3|Bot4,,1,0
184,0.55,75,440,1126362104,2531367481,3631,0.645511,503,1386,31-17,21-48,48-3,53,41,39,31,78,72,0,0,1,53,1,53,124,1,53,71,1,button,1,53,53,0,51,0,1.0000,343,0.002213,-1,-1,button,1,53,53,0,51,0,1.0000,343,0.010518,,-1,button,1,53,53,0,51,0,1.0000,343,0.012455,-1,,button,1,53,53,0,51,0,1.0000,343,4.643513,-1,-1,53,0,0,0,0.4,risk_path,4,Bot1|Bot2|Bot3|Bot4,,1,0
185,0.55,75,440,3977488963,3994077294,3647,0.648356,515,1343,30-40,24-6,35-13,52,40,46,32,18,18,1,0,1,52,0,,26,0,,,0,walked_into_fire,0,35,35,0,-8,17,0.6731,,0.001604,24,24,fire_reached_bot,0,52,23,29,-25,29,0.4423,,0.131030,,-1,fire_reached_bot,0,52,23,29,-25,29,0.4423,,0.244863,-1,,fire_reached_bot,0,52,23,29,-25,29,0.4423,,3.776649,-1,-1,52,0,23,29,,no_path,0,,Bot1|Bot2|Bot3|Bot4,0,1
186,0.55,75,440,2126553979,2609949610,3626,0.644622,490,1334,13-61,42-74,58-35,42,42,73,71,61,55,0,0,1,42,1,42,105,1,42,63,1,button,1,42,42,0,63,0,1.0000,395,0.001911,-1,-1,button,1,42,42,0,63,0,1.0000,395,0.005355,,-1,button,1,42,42,0,63,0,1.0000,395,0.007435,-1,,button,1,42,42,0,63,0,1.0000,395,2.728582,6,6,42,0,0,0,0.4,risk_path,4,Bot1|Bot2|Bot3|Bot4,,1,0
187,0.55,75,440,604629814,3122588556,3651,0.649067,512,1393,42-22,48-26,40-11,12,10,19,13,31,23,0,0,1,12,1,12,49,1,12,37,1,button,1,12,12,0,29,0,1.0000,48,0.000186,-1,-1,button,1,12,12,0,29,0,1.0000,48,0.000431,,-1,button,1,12,12,0,29,0,1.0000,48,0.000541,-1,,button,1,12,12,0,29,0,1.0000,48,0.313451,-1,-1,12,0,0,0,0.4,risk_path,4,Bot1|Bot2|Bot3|Bot4,,1,0
188,0.55,75,440,2717215071,3838181151,3669,0.652267,516,1402,4-12,43-12,69-67,83,39,120,120,91,81,0,0,1,83,1,83,161,1,83,78,1,button,1,83,83,0,69,0,1.0000,812,0.008958,-1,-1,button,1,83,83,0,69,0,1.0000,812,0.061851,,-1,button,1,83,83,0,69,0,1.0000,812,0.071458,-1,,button,1,83,83,0,69,0,1.0000,812,9.518565,34,34,83,0,0,0,0.4,risk_path,4,Bot1|Bot2|Bot3|Bot4,,1,0
189,0.55,75,440,899400218,1033562852,3653,0.649422,519,1408,15-65,68-61,7-10,91,57,95,63,132,112,0,0,1,91,1,91,234,1,91,143,1,button,1,91,91,0,133,0,1.0000,376,0.003807,-1,-1,button,1,91,91,0,133,0,1.0000,376,0.035327,,-1,button,1,91,91,0,133,0,1.0000,376,0.038087,-1,,button,1,91,91,0,133,0,1.0000,376,12.871059,22,22,91,0,0,0,0.4,risk_path,4,Bot1|Bot2|Bot3|Bot4,,1,0
190,0.55,75,440,3481980839,2844192455,3636,0.646400,506,1365,69-53,58-13,16-44,61,51,78,62,77,73,0,0,1,61,1,61,121,1,61,60,1,button,1,61,61,0,58,0,1.0000,1014,0.006993,-1,-1,button,1,61,61,0,58,0,1.0000,1014,0.020108,,-1,button,1,61,61,0,58,0,1.0000,1014,0.026521,-1,,button,1,61,61,0,58,0,1.0000,1014,5.132279,-1,-1,61,0,0,0,0.4,risk_path,4,Bot1|Bot2|Bot3|Bot4,,1,0
191,0.55,75,440,1615916817,2432315316,3635,0.646222,508,1385,2-12,63-7,37-53,84,66,84,76,96,72,0,0,1,84,1,84,152,1,84,68,1,button,1,84,84,0,67,0,1.0000,1616,0.012550,-1,-1,button,1,84,84,0,67,0,1.0000,1616,0.032519,,-1,button,1,84,84,0,67,0,1.0000,1616,0.045562,-1,,button,1,84,84,0,67,0,1.0000,1616,8.639433,4,4,84,0,0,0,0.4,risk_path,4,Bot1|Bot2|Bot3|Bot4,,1,0
192,0.55,75,440,3898521735,118069459,3640,0.647111,503,1357,65-51,13-31,35-4,78,72,95,77,65,49,1,0,1,78,0,,98,1,78,20,1,button,1,78,78,0,20,0,1.0000,738,0.005520,-1,-1,button,1,78,78,0,20,0,1.0000,738,0.026800,,-1,button,1,78,78,0,20,0,1.0000,738,0.031941,-1,,button,1,78,78,0,20,0,1.0000,738,8.581154,-1,-1,78,0,0,0,0.4,risk_path,4,Bot1|Bot2|Bot3|Bot4,,1,0
193,0.55,75,440,2444658365,2126892776,3649,0.648711,505,1399,33-16,18-42,60-74,45,41,103,85,80,74,0,0,1,45,1,45,129,1,45,84,1,button,1,45,45,0,71,0,1.0000,368,0.002343,-1,-1,button,1,45,45,0,71,0,1.0000,368,0.007937,,-1,button,1,45,45,0,71,0,1.0000,368,0.010324,-1,,button,1,45,45,0,71,0,1.0000,368,3.820705,-1,-1,45,0,0,0,0.4,risk_path,4,Bot1|Bot2|Bot3|Bot4,,1,0
194,0.55,75,440,2214062488,49670459,3680,0.654222,504,1424,54-28,6-56,20-24,80,76,58,38,60,46,1,0,1,80,0,,107,1,80,27,0,walked_into_fire,0,47,47,0,-2,33,0.5875,724,0.004150,46,46,fire_reached_bot,0,55,51,4,0,29,0.6375,1015,0.029356,,-1,fire_reached_bot,0,55,51,4,0,29,0.6375,1015,0.035189,-1,,button,1,80,80,0,1,0,1.0000,1685,9.128792,42,42,80,19,40,0,0.99,risk_path,1,Bot4,Bot1|Bot2|Bot3,0,0
195,0.55,75,440,1449191703,2718877568,3592,0.638578,491,1324,33-21,17-58,26-24,55,53,12,10,53,43,1,0,1,55,0,,91,1,55,36,1,button,1,55,55,0,9,0,1.0000,591,0.003046,-1,-1,button,1,55,55,0,9,0,1.0000,591,0.009537,,-1,button,1,55,55,0,9,0,1.0000,591,0.012161,-1,,button,1,55,55,0,9,0,1.0000,591,4.485085,-1,-1,55,0,0,0,0.4,risk_path,4,Bot1|Bot2|Bot3|Bot4,,1,0
196,0.55,75,440,2745450280,3961164760,3646,0.648178,520,1434,24-70,36-17,51-9,95,65,110,88,25,23,1,0,1,95,0,,44,0,,,0,walked_into_fire,0,76,76,0,-31,19,0.8000,,0.008984,45,45,fire_reached_bot,0,136,44,92,-91,51,0.4632,,0.349243,,-1,fire_reached_bot,0,136,44,92,-91,51,0.4632,,0.662792,-1,,fire_reached_bot,0,136,44,92,-91,51,0.4632,,9.561348,-1,-1,136,0,44,92,,no_path,0,,Bot1|Bot2|Bot3|Bot4,0,1
197,0.55,75,440,1134599302,4132178095,3653,0.649422,495,1397,20-37,62-2,57-46,77,77,56,46,65,49,1,0,1,77,0,,109,1,77,32,1,button,1,77,77,0,19,0,1.0000,1523,0.011517,-1,-1,button,1,77,77,0,19,0,1.0000,1523,0.025213,,-1,button,1,77,77,0,19,0,1.0000,1523,0.038660,-1,,button,1,77,77,0,19,0,1.0000,1523,7.223163,20,20,77,1,0,0,0.6,risk_path,4,Bot1|Bot2|Bot3|Bot4,,1,0
198,0.55,75,440,3387618525,4213744687,3637,0.646578,501,1335,25-12,26-27,73-32,32,16,80,68,70,52,0,0,1,32,1,32,115,1,32,83,1,button,1,32,32,0,75,0,1.0000,198,0.000877,-1,-1,button,1,32,32,0,75,0,1.0000,198,0.002841,,-1,button,1,32,32,0,75,0,1.0000,198,0.003547,-1,,button,1,32,32,0,75,0,1.0000,198,1.747569,-1,-1,32,0,0,0,0.4,risk_path,4,Bot1|Bot2|Bot3|Bot4,,1,0
199,0.55,75,440,3963364150,1255751458,3646,0.648178,503,1378,31-11,73-33,7-36,76,64,53,49,91,69,0,0,1,76,1,76,155,1,76,79,1,button,1,76,76,0,70,0,1.0000,918,0.007826,-1,-1,button,1,76,76,0,70,0,1.0000,918,0.027999,,-1,button,1,76,76,0,70,0,1.0000,918,0.032984,-1,,button,1,76,76,0,73,0,1.0000,918,8.457766,1,1,76,0,0,0,0.4,risk_path,4,Bot1|Bot2|Bot3|Bot4,,1,0
200,0.55,75,440,687047578,4017936739,3628,0.644978,511,1337,27-51,69-32,8-40,65,61,30,30,79,69,0,0,1,65,1,65,123,1,65,58,1,button,1,65,65,0,24,0,1.0000,1072,0.007691,-1,-1,button,1,65,65,0,24,0,1.0000,1072,0.021466,,-1,button,1,65,65,0,24,0,1.0000,1072,0.029433,-1,,button,1,65,65,0,24,0,1.0000,1072,5.759964,16,16,65,0,0,0,0.4,risk_path,4,Bot1|Bot2|Bot3|Bot4,,1,0
201,0.55,75,440,3808654913,1437651723,3644,0.647822,506,1376,73-63,38-16,62-70,86,82,34,18,84,78,1,0,1,86,0,,140,1,86,54,1,button,1,86,86,0,15,0,1.0000,736,0.007614,-1,-1,button,1,86,86,0,15,0,1.0000,736,0.035220,,-1,button,1,86,86,0,15,0,1.0000,736,0.039467,-1,,button,1,86,86,0,15,0,1.0000,736,10.706724,9,9,86,0,0,0,0.4,risk_path,4,Bot1|Bot2|Bot3|Bot4,,1,0
202,0.55,75,440,479682215,117614757,3621,0.643733,510,1341,36-35,34-65,43-19,46,32,39,23,81,55,0,0,1,46,1,46,147,1,46,101,1,button,1,46,46,0,60,0,1.0000,396,0.001970,-1,-1,button,1,46,46,0,60,0,1.0000,396,0.008277,,-1,button,1,46,46,0,60,0,1.0000,396,0.010131,-1,,button,1,46,46,0,60,0,1.0000,396,3.573351,-1,-1,46,0,0,0,0.4,risk_path,4,Bot1|Bot2|Bot3|Bot4,,1,0
203,0.55,75,440,1496475200,4047105304,3645,0.648000,514,1350,51-1,14-73,56-29,117,109,43,33,88,86,1,0,1,117,0,,133,0,,,0,fire_reached_bot,0,27,27,0,0,90,0.2308,249,0.002062,23,22,fire_reached_bot,0,116,100,16,0,79,0.3248,3238,0.157368,,22,fire_reached_bot,0,109,100,9,0,77,0.3419,3030,0.184706,22,,fire_reached_bot,0,116,100,16,0,79,0.3248,3238,16.064304,-1,22,116,0,100,16,,no_path,0,,Bot1|Bot2|Bot3|Bot4,0,1
204,0.55,75,440,505044942,177768735,3649,0.648711,507,1385,16-40,65-14,63-49,81,75,68,56,65,37,1,0,1,81,0,,113,1,81,32,1,button,1,81,81,0,12,0,1.0000,1224,0.010518,-1,-1,button,1,81,81,0,12,0,1.0000,1224,0.035707,,-1,button,1,81,81,0,12,0,1.0000,1224,0.046571,-1,,button,1,81,81,0,12,0,1.0000,1224,9.136831,38,38,81,6,14,0,0.99,risk_path,4,Bot1|Bot2|Bot3|Bot4,,1,0
205,0.55,75,440,2592851329,1842348790,3662,0.651022,518,1377,6-43,55-29,67-0,81,63,112,104,51,41,1,0,1,81,0,,87,1,81,6,1,button,1,81,81,0,1,0,1.0000,601,0.005643,-1,-1,button,1,81,81,0,1,0,1.0000,601,0.042670,,-1,button,1,81,81,0,1,0,1.0000,601,0.044850,-1,,button,1,81,81,0,1,0,1.0000,601,12.887568,-1,-1,81,8,68,0,0.99,risk_path,4,Bot1|Bot2|Bot3|Bot4,,1,0
206,0.55,75,440,3837839052,4278048444,3662,0.651022,509,1415,49-20,41-20,45-66,10,8,62,50,64,50,0,0,1,10,1,10,111,1,10,101,1,button,1,10,10,0,99,0,1.0000,28,0.000149,-1,-1,button,1,10,10,0,99,0,1.0000,28,0.000263,,-1,button,1,10,10,0,99,0,1.0000,28,0.000308,-1,,button,1,10,10,0,99,0,1.0000,28,0.248459,1,1,10,0,0,0,0.4,risk_path,4,Bot1|Bot2|Bot3|Bot4,,1,0
207,0.55,75,440,4060788553,845069922,3646,0.648178,517,1375,13-16,67-34,60-28,86,72,81,59,13,13,1,0,1,86,0,,26,0,,,0,fire_reached_bot,0,50,50,0,-23,36,0.5814,,0.004637,25,25,fire_reached_bot,0,105,24,81,-78,62,0.2791,,0.329531,,-1,fire_reached_bot,0,105,24,81,-78,62,0.2791,,0.620488,-1,,fire_reached_bot,0,105,24,81,-78,62,0.2791,,5.029448,-1,-1,105,0,24,81,,no_path,0,,Bot1|Bot2|Bot3|Bot4,0,1
208,0.55,75,440,1921987437,1998653501,3636,0.646400,506,1373,74-46,4-55,7-25,107,79,108,88,45,33,1,0,1,107,0,,76,0,,,0,walked_into_fire,0,87,87,0,-10,20,0.8131,,0.014506,77,77,fire_reached_bot,0,88,76,12,-11,31,0.7103,,0.116048,,-1,fire_reached_bot,0,88,76,12,-11,31,0.7103,,0.178620,-1,,fire_reached_bot,0,88,76,12,-11,31,0.7103,,13.469235,-1,-1,88,0,76,12,,no_path,0,,Bot1|Bot2|Bot3|Bot4,0,1
209,0.55,75,440,2984244257,2435512816,3670,0.652444,500,1412,29-21,22-1,14-24,37,27,42,18,53,31,0,0,1,37,1,37,102,1,37,65,1,button,1,37,37,0,53,0,1.0000,199,0.000871,-1,-1,button,1,37,37,0,53,0,1.0000,199,0.004681,,-1,button,1,37,37,0,53,0,1.0000,199,0.007133,-1,,button,1,37,37,0,53,0,1.0000,199,2.334291,-1,-1,37,0,0,0,0.4,risk_path,4,Bot1|Bot2|Bot3|Bot4,,1,0
210,0.55,75,440,1735617669,2279655686,3643,0.647644,510,1392,61-49,6-10,2-50,100,94,80,60,72,44,1,0,1,100,0,,128,1,100,28,1,button,1,100,100,0,25,0,1.0000,1217,0.010740,-1,-1,button,1,100,100,0,25,0,1.0000,1217,0.055890,,-1,button,1,100,100,0,25,0,1.0000,1217,0.067392,-1,,button,1,100,100,0,25,0,1.0000,1217,14.779665,-1,-1,100,8,23,0,0.99,risk_path,4,Bot1|Bot2|Bot3|Bot4,,1,0
211,0.55,75,440,741719091,4088483574,3654,0.649600,511,1417,7-48,46-4,1-6,87,83,60,48,63,47,1,0,1,87,0,,117,1,87,30,1,button,1,87,87,0,10,0,1.0000,669,0.006805,-1,-1,button,1,87,87,0,10,0,1.0000,669,0.040238,,-1,button,1,87,87,0,10,0,1.0000,669,0.038806,-1,,button,1,87,87,0,30,0,1.0000,669,12.112564,29,29,87,24,15,0,0.99,risk_path,4,Bot1|Bot2|Bot3|Bot4,,1,0
212,0.55,75,440,43164127,71827648,3665,0.651556,501,1384,71-28,42-51,34-71,58,52,92,80,34,28,1,0,1,58,0,,55,0,,,0,walked_into_fire,0,58,58,0,-3,0,1.0000,,0.002351,56,56,fire_reached_bot,0,65,55,10,-9,3,0.9483,,0.069928,,-1,fire_reached_bot,0,65,55,10,-9,3,0.9483,,0.115660,-1,,fire_reached_bot,0,65,55,10,-9,3,0.9483,,6.655078,-1,-1,65,2,53,10,0.99,no_path,0,,Bot1|Bot2|Bot3|Bot4,0,1
213,0.55,75,440,1597394174,606359399,3657,0.650133,510,1407,65-30,32-37,23-68,54,40,86,80,52,40,1,0,1,54,0,,78,1,54,24,1,button,1,54,54,0,19,0,1.0000,586,0.003790,-1,-1,button,1,54,54,0,19,0,1.0000,586,0.011888,,-1,button,1,54,54,0,19,0,1.0000,586,0.015036,-1,,button,1,54,54,0,19,0,1.0000,586,4.551321,-1,-1,54,0,0,0,0.4,risk_path,4,Bot1|Bot2|Bot3|Bot4,,1,0
214,0.55,75,440,3435905294,2392089260,3647,0.648356,496,1383,21-73,38-43,5-63,65,47,30,26,71,53,0,0,1,65,1,65,120,1,65,55,1,button,1,65,65,0,28,0,1.0000,615,0.005612,-1,-1,button,1,65,65,0,28,0,1.0000,615,0.020421,,-1,button,1,65,65,0,28,0,1.0000,615,0.024785,-1,,button,1,65,65,0,28,0,1.0000,615,6.455237,2,2,65,0,0,0,0.4,risk_path,4,Bot1|Bot2|Bot3|Bot4,,1,0
215,0.55,75,440,538301983,4070519892,3626,0.644622,499,1356,51-64,36-73,37-37,50,24,51,41,51,37,0,0,1,50,1,50,87,1,50,37,1,button,1,50,50,0,28,0,1.0000,689,0.003279,-1,-1,button,1,50,50,0,28,0,1.0000,689,0.011378,,-1,button,1,50,50,0,28,0,1.0000,689,0.014082,-1,,button,1,50,50,0,28,0,1.0000,689,3.839384,39,39,50,0,0,0,0.4,risk_path,4,Bot1|Bot2|Bot3|Bot4,,1,0
216,0.55,75,440,1948681360,2814169751,3667,0.651911,505,1403,15-18,25-22,10-13,14,14,30,10,30,24,0,0,1,14,1,14,50,1,14,36,1,button,1,14,14,0,30,0,1.0000,32,0.000150,-1,-1,button,1,14,14,0,30,0,1.0000,32,0.000428,,-1,button,1,14,14,0,30,0,1.0000,32,0.000440,-1,,button,1,14,14,0,30,0,1.0000,32,0.399353,-1,-1,14,0,0,0,0.4,risk_path,4,Bot1|Bot2|Bot3|Bot4,,1,0
217,0.55,75,440,234546496,899763894,3644,0.647822,506,1364,33-28,9-36,33-5,44,32,45,23,61,55,0,0,1,44,1,44,102,1,44,58,1,button,1,44,44,0,51,0,1.0000,292,0.001634,-1,-1,button,1,44,44,0,51,0,1.0000,292,0.008740,,-1,button,1,44,44,0,51,0,1.0000,292,0.008719,-1,,button,1,44,44,0,51,0,1.0000,292,3.187032,43,43,44,0,0,0,0.4,risk_path,4,Bot1|Bot2|Bot3|Bot4,,1,0
218,0.55,75,440,2601635953,347498,3653,0.649422,506,1409,29-59,4-21,38-7,73,63,75,61,62,48,1,0,1,73,0,,99,1,73,26,1,button,1,73,73,0,26,0,1.0000,1072,0.008529,-1,-1,button,1,73,73,0,26,0,1.0000,1072,0.037185,,-1,button,1,73,73,0,26,0,1.0000,1072,0.042205,-1,,button,1,73,73,0,24,0,1.0000,1072,7.716161,60,60,73,0,0,0,0.4,risk_path,4,Bot1|Bot2|Bot3|Bot4,,1,0
219,0.55,75,440,1873523526,189957216,3638,0.646756,508,1348,47-9,28-54,6-25,72,64,71,57,51,51,1,0,1,72,0,,75,1,72,3,1,button,1,72,72,0,2,0,1.0000,841,0.005979,-1,-1,button,1,72,72,0,2,0,1.0000,841,0.027285,,-1,button,1,72,72,0,2,0,1.0000,841,0.028307,-1,,button,1,72,72,0,2,0,1.0000,841,8.348382,-1,-1,72,11,35,0,0.99,risk_path,4,Bot1|Bot2|Bot3|Bot4,,1,0
220,0.55,75,440,650066665,1525053087,3651,0.649067,495,1389,47-54,47-10,5-72,80,44,60,60,126,104,0,0,1,80,1,80,213,1,80,133,1,button,1,80,80,0,95,0,1.0000,619,0.005895,-1,-1,button,1,80,80,0,95,0,1.0000,619,0.048448,,-1,button,1,80,80,0,95,0,1.0000,619,0.050217,-1,,button,1,80,80,0,95,0,1.0000,619,9.717655,39,39,80,0,0,0,0.4,risk_path,4,Bot1|Bot2|Bot3|Bot4,,1,0
221,0.55,75,440,1404877065,2420011909,3640,0.647111,507,1408,54-38,31-51,53-61,38,36,34,24,34,32,1,0,1,38,0,,48,1,38,10,1,button,1,38,38,0,4,0,1.0000,466,0.001962,-1,-1,button,1,38,38,0,4,0,1.0000,466,0.004127,,-1,button,1,38,38,0,4,0,1.0000,466,0.006480,-1,,button,1,38,38,0,4,0,1.0000,466,2.504493,-1,-1,38,15,0,0,0.99,risk_path,4,Bot1|Bot2|Bot3|Bot4,,1,0
222,0.55,75,440,1871520942,110449919,3642,0.647467,513,1411,44-69,25-70,38-55,30,20,22,20,30,28,0,0,1,30,0,,39,1,30,9,1,button,1,30,30,0,9,0,1.0000,213,0.000974,-1,-1,button,1,30,30,0,9,0,1.0000,213,0.002410,,-1,button,1,30,30,0,9,0,1.0000,213,0.003464,-1,,button,1,30,30,0,9,0,1.0000,213,1.515944,-1,-1,30,0,0,0,0.4,risk_path,4,Bot1|Bot2|Bot3|Bot4,,1,0
223,0.55,75,440,1891869098,1845810528,3648,0.648533,505,1371,6-33,19-36,72-72,22,16,113,105,101,89,0,0,1,22,1,22,157,1,22,135,1,button,1,22,22,0,134,0,1.0000,51,0.000364,-1,-1,button,1,22,22,0,134,0,1.0000,51,0.001328,,-1,button,1,22,22,0,134,0,1.0000,51,0.001706,-1,,button,1,22,22,0,134,0,1.0000,51,0.851691,6,6,22,0,0,0,0.4,risk_path,4,Bot1|Bot2|Bot3|Bot4,,1,0
224,0.55,75,440,3946411396,399432510,3628,0.644978,507,1377,14-74,47-31,63-44,84,76,81,79,29,29,1,0,1,84,0,,48,0,,,0,fire_reached_bot,0,57,57,0,-8,27,0.6786,,0.005137,47,47,fire_reached_bot,0,73,46,27,-24,38,0.5476,,0.126529,,-1,fire_reached_bot,0,73,46,27,-24,38,0.5476,,0.221289,-1,,fire_reached_bot,0,73,46,27,-24,38,0.5476,,7.467346,-1,-1,73,0,46,27,,no_path,0,,Bot1|Bot2|Bot3|Bot4,0,1
225,0.55,75,440,395123674,1705726284,3633,0.645867,498,1354,41-14,11-70,23-1,104,86,31,31,101,81,1,0,1,104,0,,163,1,104,59,1,button,1,104,104,0,8,0,1.0000,1791,0.021003,-1,-1,button,1,104,104,0,8,0,1.0000,1791,0.088230,,-1,button,1,104,104,0,8,0,1.0000,1791,0.106161,-1,,button,1,104,104,0,8,0,1.0000,1791,11.924050,-1,-1,104,0,0,0,0.4,risk_path,4,Bot1|Bot2|Bot3|Bot4,,1,0
226,0.55,75,440,3383174174,417879336,3627,0.644800,505,1348,17-6,56-70,55-30,107,103,74,62,69,41,1,0,1,107,0,,105,0,,,0,fire_reached_bot,0,65,65,0,0,42,0.6075,1046,0.006996,65,58,fire_reached_bot,0,66,64,2,0,43,0.5981,1073,0.055140,,58,fire_reached_bot,0,100,97,3,0,26,0.7570,2394,0.115893,58,,fire_reached_bot,0,66,64,2,0,43,0.5981,1073,10.754016,-1,58,66,0,64,2,,no_path,0,,Bot1|Bot2|Bot3|Bot4,0,1
227,0.55,75,440,3707428535,2930291685,3639,0.646933,499,1357,56-26,19-62,37-36,75,73,29,29,46,44,1,1,1,77,0,,82,0,,,0,walked_into_fire,0,20,20,0,-1,57,0.2400,152,0.001006,20,17,fire_reached_bot,0,24,20,4,0,59,0.2133,232,0.017897,,17,fire_reached_bot,0,76,73,3,0,72,0.0400,1880,0.095543,17,,fire_reached_bot,0,24,20,4,0,59,0.2133,232,3.476920,-1,17,24,0,20,4,,no_path,0,,Bot1|Bot2|Bot3|Bot4,0,1
228,0.55,75,440,3499156370,436825089,3645,0.648000,501,1328,35-35,25-53,19-70,28,28,53,51,25,23,1,0,1,28,0,,37,1,28,9,1,button,1,28,28,0,9,0,1.0000,186,0.000767,-1,-1,button,1,28,28,0,9,0,1.0000,186,0.002039,,-1,button,1,28,28,0,9,0,1.0000,186,0.003527,-1,,button,1,28,28,0,9,0,1.0000,186,1.425339,-1,-1,28,0,0,0,0.4,risk_path,4,Bot1|Bot2|Bot3|Bot4,,1,0
229,0.55,75,440,3921431972,3691631192,3657,0.650133,515,1411,71-56,12-49,11-66,82,66,84,70,36,18,1,0,1,82,0,,69,0,,,0,walked_into_fire,0,51,51,0,-1,31,0.6220,464,0.003743,42,42,fire_reached_bot,0,75,61,14,-5,39,0.5244,,0.128254,,-1,fire_reached_bot,0,75,61,14,-5,39,0.5244,,0.179795,-1,,fire_reached_bot,0,75,61,14,-5,39,0.5244,,11.414701,-1,-1,75,0,61,14,,no_path,0,,Bot1|Bot2|Bot3|Bot4,0,1
230,0.55,75,440,2971960596,3817885116,3644,0.647822,509,1406,9-53,0-65,17-45,21,21,24,16,45,37,0,0,1,21,1,21,71,1,21,50,1,button,1,21,21,0,35,0,1.0000,87,0.000364,-1,-1,button,1,21,21,0,35,0,1.0000,87,0.001405,,-1,button,1,21,21,0,35,0,1.0000,87,0.001392,-1,,button,1,21,21,0,35,0,1.0000,87,0.870088,-1,-1,21,0,0,0,0.4,risk_path,4,Bot1|Bot2|Bot3|Bot4,,1,0
231,0.55,75,440,230717013,2732343365,3677,0.653689,507,1415,18-47,11-37,32-8,17,17,63,53,56,50,0,0,1,17,1,17,93,1,17,76,1,button,1,17,17,0,74,0,1.0000,42,0.000215,-1,-1,button,1,17,17,0,74,0,1.0000,42,0.000894,,-1,button,1,17,17,0,74,0,1.0000,42,0.000824,-1,,button,1,17,17,0,74,0,1.0000,42,0.592728,-1,-1,17,0,0,0,0.4,risk_path,4,Bot1|Bot2|Bot3|Bot4,,1,0
232,0.55,75,440,1277540315,2568731835,3650,0.648889,492,1378,51-49,20-26,68-25,56,54,47,41,73,49,0,0,1,56,1,56,116,1,56,60,1,button,1,56,56,0,54,0,1.0000,666,0.004059,-1,-1,button,1,56,56,0,54,0,1.0000,666,0.013133,,-1,button,1,56,56,0,54,0,1.0000,666,0.015236,-1,,button,1,56,56,0,54,0,1.0000,666,4.973677,-1,-1,56,0,0,0,0.4,risk_path,4,Bot1|Bot2|Bot3|Bot4,,1,0
233,0.55,75,440,2601371361,3429438074,3616,0.642844,495,1327,48-24,49-48,54-71,47,25,75,53,40,28,1,0,1,47,0,,61,1,47,14,1,button,1,47,47,0,14,0,1.0000,433,0.002897,-1,-1,button,1,47,47,0,14,0,1.0000,433,0.010803,,-1,button,1,47,47,0,14,0,1.0000,433,0.013105,-1,,button,1,47,47,0,14,0,1.0000,433,3.932836,1,1,47,0,0,0,0.4,risk_path,4,Bot1|Bot2|Bot3|Bot4,,1,0
234,0.55,75,440,2175815046,2513501025,3671,0.652622,515,1422,60-58,33-61,26-34,36,30,66,58,42,34,0,0,1,36,1,36,86,1,36,50,1,button,1,36,36,0,45,0,1.0000,125,0.000610,-1,-1,button,1,36,36,0,45,0,1.0000,125,0.003919,,-1,button,1,36,36,0,45,0,1.0000,125,0.004373,-1,,button,1,36,36,0,45,0,1.0000,125,2.107929,-1,-1,36,0,0,0,0.4,risk_path,4,Bot1|Bot2|Bot3|Bot4,,1,0
235,0.55,75,440,2903687551,1508666098,3664,0.651378,508,1412,62-11,20-70,59-72,105,101,88,64,77,41,1,0,1,105,0,,126,1,105,21,1,button,1,105,105,0,10,0,1.0000,1263,0.014900,-1,-1,button,1,105,105,0,10,0,1.0000,1263,0.086972,,-1,button,1,105,105,0,10,0,1.0000,1263,0.083709,-1,,button,1,105,105,0,10,0,1.0000,1263,16.138034,-1,-1,105,4,70,0,0.99,risk_path,4,Bot1|Bot2|Bot3|Bot4,,1,0
236,0.55,75,440,2767072028,3293256290,3657,0.650133,505,1375,27-0,15-28,25-43,46,40,61,45,33,25,1,0,1,46,0,,59,1,46,13,1,button,1,46,46,0,11,0,1.0000,423,0.001982,-1,-1,button,1,46,46,0,11,0,1.0000,423,0.007830,,-1,button,1,46,46,0,11,0,1.0000,423,0.009830,-1,,button,1,46,46,0,11,0,1.0000,423,3.556985,-1,-1,46,10,7,0,0.99,risk_path,4,Bot1|Bot2|Bot3|Bot4,,1,0
237,0.55,75,440,434350479,2119715637,3663,0.651200,511,1423,44-63,20-38,29-11,59,49,81,67,42,36,1,0,1,59,0,,72,1,59,13,1,button,1,59,59,0,11,0,1.0000,827,0.005703,-1,-1,button,1,59,59,0,11,0,1.0000,827,0.017787,,-1,button,1,59,59,0,11,0,1.0000,827,0.024060,-1,,button,1,59,59,0,11,0,1.0000,827,5.856012,-1,-1,59,10,8,0,0.99,risk_path,4,Bot1|Bot2|Bot3|Bot4,,1,0
238,0.55,75,440,860933267,2945000663,3628,0.644978,509,1350,25-29,50-8,50-6,48,46,48,48,4,2,1,0,1,48,0,,6,0,,,0,walked_into_fire,0,30,30,0,-23,18,0.6250,,0.001117,6,6,fire_reached_bot,0,68,5,63,-61,43,0.1042,,0.291660,,-1,fire_reached_bot,0,68,5,63,-61,43,0.1042,,0.570697,-1,,fire_reached_bot,0,68,5,63,-61,43,0.1042,,1.174652,-1,-1,68,0,5,63,,no_path,0,,Bot1|Bot2|Bot3|Bot4,0,1
239,0.55,75,440,3847153091,2545232110,3641,0.647289,491,1366,31-51,0-30,58-14,56,52,76,64,80,74,0,0,1,56,1,56,148,1,56,92,1,button,1,56,56,0,87,0,1.0000,649,0.004207,-1,-1,button,1,56,56,0,87,0,1.0000,649,0.013754,,-1,button,1,56,56,0,87,0,1.0000,649,0.018128,-1,,button,1,56,56,0,87,0,1.0000,649,5.009619,-1,-1,56,0,0,0,0.4,risk_path,4,Bot1|Bot2|Bot3|Bot4,,1,0
240,0.55,75,440,3830646336,1583051720,3645,0.648000,501,1357,37-49,56-9,43-1,67,59,72,54,23,21,1,0,1,67,0,,37,0,,,0,fire_reached_bot,0,46,46,0,-8,21,0.6866,,0.002177,36,36,fire_reached_bot,0,62,37,25,-24,30,0.5522,,0.127331,,-1,fire_reached_bot,0,62,37,25,-24,30,0.5522,,0.252802,-1,,fire_reached_bot,0,62,37,25,-24,30,0.5522,,7.106246,-1,-1,62,0,37,25,,no_path,0,,Bot1|Bot2|Bot3|Bot4,0,1
241,0.55,75,440,50286375,2368400549,3661,0.650844,522,1437,27-9,46-22,65-3,40,32,62,44,44,38,0,0,1,40,1,40,67,1,40,27,1,button,1,40,40,0,27,0,1.0000,210,0.001369,-1,-1,button,1,40,40,0,27,0,1.0000,210,0.006235,,-1,button,1,40,40,0,27,0,1.0000,210,0.009010,-1,,button,1,40,40,0,27,0,1.0000,210,2.744016,37,37,40,0,0,0,0.4,risk_path,4,Bot1|Bot2|Bot3|Bot4,,1,0
242,0.55,75,440,229134076,547575414,3636,0.646400,512,1351,44-13,33-41,33-18,41,39,46,16,53,23,0,0,1,41,1,41,109,1,41,68,1,button,1,41,41,0,58,0,1.0000,83,0.000510,-1,-1,button,1,41,41,0,58,0,1.0000,83,0.002949,,-1,button,1,41,41,0,58,0,1.0000,83,0.003901,-1,,button,1,41,41,0,58,0,1.0000,83,2.837355,-1,-1,41,0,0,0,0.4,risk_path,4,Bot1|Bot2|Bot3|Bot4,,1,0
243,0.55,75,440,3829884547,2736529294,3653,0.649422,512,1397,6-66,44-36,13-50,68,68,31,23,45,45,1,0,1,68,0,,70,0,,,0,walked_into_fire,0,27,27,0,-2,41,0.3971,184,0.000849,23,22,fire_reached_bot,0,33,33,0,0,55,0.1912,291,0.012540,,22,fire_reached_bot,0,87,70,17,-16,64,0.0588,,0.159176,22,,fire_reached_bot,0,33,33,0,0,55,0.1912,291,5.664383,-1,22,33,0,33,0,,shortest_path_fallback,0,,Bot1|Bot2|Bot3|Bot4,0,1
244,0.55,75,440,2905315126,631340303,3628,0.644978,494,1376,22-71,69-35,61-25,87,83,93,85,18,18,1,0,1,87,0,,32,0,,,0,walked_into_fire,0,67,67,0,-34,20,0.7701,,0.009138,33,33,fire_reached_bot,0,98,32,66,-65,55,0.3678,,0.240866,,-1,fire_reached_bot,0,98,32,66,-65,55,0.3678,,0.476496,-1,,fire_reached_bot,0,98,32,66,-65,55,0.3678,,6.259928,-1,-1,98,0,32,66,,no_path,0,,Bot1|Bot2|Bot3|Bot4,0,1
245,0.55,75,440,3180725409,3525950523,3641,0.647289,501,1379,46-21,33-48,70-57,40,40,62,60,66,46,0,0,1,40,1,40,129,1,40,89,1,button,1,40,40,0,71,0,1.0000,221,0.001172,-1,-1,button,1,40,40,0,71,0,1.0000,221,0.004116,,-1,button,1,40,40,0,71,0,1.0000,221,0.005062,-1,,button,1,40,40,0,71,0,1.0000,221,2.707613,-1,-1,40,0,0,0,0.4,risk_path,4,Bot1|Bot2|Bot3|Bot4,,1,0
246,0.55,75,440,3527288279,2290517008,3632,0.645689,488,1357,49-48,15-4,50-34,86,78,37,15,71,65,1,0,1,86,0,,114,1,86,28,1,button,1,86,86,0,7,0,1.0000,1928,0.017274,-1,-1,button,1,86,86,0,7,0,1.0000,1928,0.048544,,-1,button,1,86,86,0,7,0,1.0000,1928,0.066659,-1,,button,1,86,86,0,7,0,1.0000,1928,9.034349,-1,-1,86,13,1,0,0.99,risk_path,4,Bot1|Bot2|Bot3|Bot4,,1,0
247,0.55,75,440,2693909744,892987441,3653,0.649422,508,1396,12-31,19-16,27-15,24,22,37,31,13,9,1,0,1,24,0,,25,1,24,1,1,button,1,24,24,0,1,0,1.0000,67,0.000336,-1,-1,button,1,24,24,0,1,0,1.0000,67,0.001108,,-1,button,1,24,24,0,1,0,1.0000,67,0.001346,-1,,button,1,24,24,0,1,0,1.0000,67,1.156933,-1,-1,24,6,11,0,0.99,risk_path,4,Bot1|Bot2|Bot3|Bot4,,1,0
248,0.55,75,440,3466483215,701012700,3661,0.650844,506,1362,70-13,27-29,57-25,77,59,27,25,52,34,1,0,1,77,0,,84,0,,,0,walked_into_fire,0,18,18,0,-3,59,0.2338,48,0.001071,12,11,fire_reached_bot,0,94,80,14,-9,23,0.7013,,0.090171,,11,fire_reached_bot,0,99,80,19,-14,21,0.7273,,0.178324,11,,fire_reached_bot,0,94,80,14,-9,23,0.7013,,10.771748,-1,11,94,0,80,14,,no_path,0,,Bot1|Bot2|Bot3|Bot4,0,1
249,0.55,75,440,3499659840,3439355226,3673,0.652978,514,1426,22-34,21-64,21-4,43,31,43,31,86,60,0,0,1,43,1,43,143,1,43,100,1,button,1,43,43,0,75,0,1.0000,374,0.002063,-1,-1,button,1,43,43,0,75,0,1.0000,374,0.007002,,-1,button,1,43,43,0,75,0,1.0000,374,0.009558,-1,,button,1,43,43,0,75,0,1.0000,374,2.980718,-1,-1,43,0,0,0,0.4,risk_path,4,Bot1|Bot2|Bot3|Bot4,,1,0
250,0.55,75,440,1517605910,2955868487,3642,0.647467,504,1373,46-30,45-21,67-21,12,10,30,30,36,22,0,0,1,12,1,12,54,1,12,42,1,button,1,12,12,0,40,0,1.0000,43,0.000227,-1,-1,button,1,12,12,0,40,0,1.0000,43,0.000419,,-1,button,1,12,12,0,40,0,1.0000,43,0.000534,-1,,button,1,12,12,0,40,0,1.0000,43,0.318780,-1,-1,12,0,0,0,0.4,risk_path,4,Bot1|Bot2|Bot3|Bot4,,1,0
251,0.55,75,440,742681489,3514916377,3632,0.645689,501,1338,21-17,13-44,11-71,43,35,84,64,41,29,1,0,1,43,0,,61,1,43,18,1,button,1,43,43,0,18,0,1.0000,240,0.001264,-1,-1,button,1,43,43,0,18,0,1.0000,240,0.006900,,-1,button,1,43,43,0,18,0,1.0000,240,0.005810,-1,,button,1,43,43,0,18,0,1.0000,240,3.177489,-1,-1,43,0,0,0,0.4,risk_path,4,Bot1|Bot2|Bot3|Bot4,,1,0
252,0.55,75,440,389585178,1768587399,3635,0.646222,502,1366,66-16,51-57,64-53,72,56,59,39,33,17,1,0,1,72,0,,57,0,,,0,walked_into_fire,0,35,35,0,-1,37,0.4861,193,0.001292,34,34,fire_reached_bot,0,64,57,7,-6,23,0.6806,,0.056577,,-1,fire_reached_bot,0,64,57,7,-6,23,0.6806,,0.080027,-1,,fire_reached_bot,0,64,57,7,-6,23,0.6806,,8.718240,-1,-1,64,0,57,7,,no_path,0,,Bot1|Bot2|Bot3|Bot4,0,1
253,0.55,75,440,3332814137,1126990968,3634,0.646044,504,1387,69-32,59-13,32-53,89,29,70,58,95,67,0,0,1,89,1,89,161,1,89,72,1,button,1,89,89,0,46,0,1.0000,2155,0.021236,-1,-1,button,1,89,89,0,46,0,1.0000,2155,0.083921,,-1,button,1,89,89,0,46,0,1.0000,2155,0.107930,-1,,button,1,89,89,0,46,0,1.0000,2155,8.969711,47,47,89,0,0,0,0.4,risk_path,4,Bot1|Bot2|Bot3|Bot4,,1,0
254,0.55,75,440,1495801011,917814670,3676,0.653511,528,1432,47-21,14-43,57-68,59,55,71,57,92,68,0,0,1,59,1,59,140,1,59,81,1,button,1,59,59,0,76,0,1.0000,614,0.004122,-1,-1,button,1,59,59,0,76,0,1.0000,614,0.014091,,-1,button,1,59,59,0,76,0,1.0000,614,0.019195,-1,,button,1,59,59,0,76,0,1.0000,614,5.602627,-1,-1,59,0,0,0,0.4,risk_path,4,Bot1|Bot2|Bot3|Bot4,,1,0
255,0.55,75,440,2990102404,731289034,3646,0.648178,513,1347,4-13,3-46,4-57,48,34,66,44,20,12,1,0,1,48,0,,43,0,,,0,walked_into_fire,0,43,43,0,-1,5,0.8958,360,0.001753,41,41,fire_reached_bot,0,48,42,6,-4,10,0.7917,,0.034830,,-1,fire_reached_bot,0,48,42,6,-4,10,0.7917,,0.081824,-1,,fire_reached_bot,0,48,42,6,-4,10,0.7917,,3.795251,-1,-1,48,0,42,6,,no_path,0,,Bot1|Bot2|Bot3|Bot4,0,1
256,0.55,75,440,1232018688,2548799540,3612,0.642133,502,1307,72-37,46-52,56-73,49,41,62,52,33,31,1,0,1,49,0,,53,1,49,4,1,button,1,49,49,0,4,0,1.0000,383,0.002394,-1,-1,button,1,49,49,0,4,0,1.0000,383,0.008428,,-1,button,1,49,49,0,4,0,1.0000,383,0.010615,-1,,button,1,49,49,0,4,0,1.0000,383,4.239604,-1,-1,49,18,24,0,0.99,risk_path,4,Bot1|Bot2|Bot3|Bot4,,1,0
257,0.55,75,440,107580103,4254696228,3638,0.646756,494,1325,72-15,40-45,29-23,70,62,85,51,49,33,1,0,1,70,0,,80,1,70,10,1,button,1,70,70,0,10,0,1.0000,1160,0.007373,-1,-1,button,1,70,70,0,10,0,1.0000,1160,0.019932,,-1,button,1,70,70,0,10,0,1.0000,1160,0.028219,-1,,button,1,70,70,0,10,0,1.0000,1160,8.099213,-1,-1,70,7,35,0,0.99,risk_path,4,Bot1|Bot2|Bot3|Bot4,,1,0
258,0.55,75,440,2403017489,1321081877,3632,0.645689,502,1356,25-59,15-60,72-57,21,11,69,49,90,60,0,0,1,21,1,21,135,1,21,114,1,button,1,21,21,0,112,0,1.0000,104,0.000503,-1,-1,button,1,21,21,0,112,0,1.0000,104,0.001447,,-1,button,1,21,21,0,112,0,1.0000,104,0.001823,-1,,button,1,21,21,0,112,0,1.0000,104,0.810002,-1,-1,21,0,0,0,0.4,risk_path,4,Bot1|Bot2|Bot3|Bot4,,1,0
259,0.55,75,440,3247152571,688223439,3631,0.645511,509,1371,69-74,26-34,10-32,85,83,103,101,20,18,1,0,1,85,0,,38,0,,,0,fire_reached_bot,0,68,68,0,-29,17,0.8000,,0.003986,39,39,fire_reached_bot,0,113,38,75,-74,47,0.4471,,0.271390,,-1,fire_reached_bot,0,113,38,75,-74,47,0.4471,,0.496482,-1,,fire_reached_bot,0,113,38,75,-74,47,0.4471,,7.509256,-1,-1,113,0,38,75,,no_path,0,,Bot1|Bot2|Bot3|Bot4,0,1
260,0.55,75,440,2786424847,3343057812,3666,0.651733,505,1445,11-26,51-68,14-46,82,82,41,23,65,59,1,0,1,82,0,,103,1,82,21,1,button,1,82,82,0,4,0,1.0000,1298,0.009919,-1,-1,button,1,82,82,0,4,0,1.0000,1298,0.030632,,-1,button,1,82,82,0,4,0,1.0000,1298,0.035937,-1,,button,1,82,82,0,7,0,1.0000,1298,9.782273,8,8,82,10,10,0,0.99,risk_path,4,Bot1|Bot2|Bot3|Bot4,,1,0
261,0.55,75,440,2797536688,4050217512,3651,0.649067,503,1365,0-14,53-28,35-60,81,67,99,81,54,50,1,0,1,81,0,,88,1,81,7,1,button,1,81,81,0,6,0,1.0000,1430,0.013174,-1,-1,button,1,81,81,0,6,0,1.0000,1430,0.040862,,-1,button,1,81,81,0,6,0,1.0000,1430,0.054922,-1,,button,1,81,81,0,6,0,1.0000,1430,9.588253,40,40,81,12,34,0,0.99,risk_path,4,Bot1|Bot2|Bot3|Bot4,,1,0
262,0.55,75,440,3920002231,96578032,3642,0.647467,510,1405,70-17,18-0,22-20,83,69,75,51,30,24,1,0,1,83,0,,50,0,,,0,fire_reached_bot,0,46,46,0,0,37,0.5542,630,0.006137,28,28,fire_reached_bot,0,77,27,50,-26,56,0.3253,,0.208429,,-1,fire_reached_bot,0,77,27,50,-26,56,0.3253,,0.412102,-1,,fire_reached_bot,0,77,27,50,-26,56,0.3253,,4.798257,-1,-1,77,0,27,50,,no_path,0,,Bot1|Bot2|Bot3|Bot4,0,1
263,0.55,75,440,221242311,932793819,3625,0.644444,502,1344,3-28,11-56,64-10,40,36,85,79,113,99,0,0,1,40,1,40,197,1,40,157,1,button,1,40,40,0,130,0,1.0000,380,0.002998,-1,-1,button,1,40,40,0,130,0,1.0000,380,0.006020,,-1,button,1,40,40,0,130,0,1.0000,380,0.008150,-1,,button,1,40,40,0,130,0,1.0000,380,2.630878,19,19,40,0,0,0,0.4,risk_path,4,Bot1|Bot2|Bot3|Bot4,,1,0
264,0.55,75,440,1006815665,3029020804,3650,0.648889,508,1335,0-54,26-44,69-74,48,36,107,89,75,73,0,0,1,48,1,48,114,1,48,66,1,button,1,48,48,0,66,0,1.0000,297,0.002342,-1,-1,button,1,48,48,0,66,0,1.0000,297,0.010984,,-1,button,1,48,48,0,66,0,1.0000,297,0.013298,-1,,button,1,48,48,0,66,0,1.0000,297,3.812726,1,1,48,0,0,0,0.4,risk_path,4,Bot1|Bot2|Bot3|Bot4,,1,0
265,0.55,75,440,3550384,2803946996,3652,0.649244,496,1359,36-68,30-18,50-16,72,56,86,66,32,22,1,0,1,72,0,,54,0,,,0,walked_into_fire,0,63,63,0,-8,9,0.8750,,0.006794,55,55,fire_reached_bot,0,78,54,24,-23,18,0.7500,,0.097401,,-1,fire_reached_bot,0,78,54,24,-23,18,0.7500,,0.195787,-1,,fire_reached_bot,0,78,54,24,-23,18,0.7500,,7.795640,-1,-1,78,0,54,24,,no_path,0,,Bot1|Bot2|Bot3|Bot4,0,1
266,0.55,75,440,1459446169,848544576,3647,0.648356,503,1372,12-53,23-15,51-21,59,49,79,71,36,34,1,0,1,59,0,,60,1,59,1,1,button,1,59,59,0,1,0,1.0000,1195,0.007813,-1,-1,button,1,59,59,0,1,0,1.0000,1195,0.017727,,-1,button,1,59,59,0,1,0,1.0000,1195,0.025997,-1,,button,1,59,59,0,1,0,1.0000,1195,5.617891,51,51,59,10,44,0,0.99,risk_path,4,Bot1|Bot2|Bot3|Bot4,,1,0
267,0.55,75,440,1897333980,3152261953,3618,0.643200,496,1339,34-62,30-66,59-38,10,8,53,49,61,57,0,0,1,10,1,10,99,1,10,89,1,button,1,10,10,0,81,0,1.0000,33,0.000152,-1,-1,button,1,10,10,0,81,0,1.0000,33,0.000297,,-1,button,1,10,10,0,81,0,1.0000,33,0.000404,-1,,button,1,10,10,0,81,0,1.0000,33,0.273823,-1,-1,10,0,0,0,0.4,risk_path,4,Bot1|Bot2|Bot3|Bot4,,1,0
268,0.55,75,440,1652118545,685776228,3653,0.649422,509,1418,3-27,46-74,31-68,92,90,71,69,21,21,1,0,1,92,0,,31,0,,,0,fire_reached_bot,0,46,46,0,-14,46,0.5000,,0.003604,10,10,fire_reached_bot,0,80,30,50,-48,62,0.3261,,0.242355,,-1,fire_reached_bot,0,80,30,50,-48,62,0.3261,,0.457429,-1,,fire_reached_bot,0,80,30,50,-48,62,0.3261,,6.560906,-1,-1,80,0,30,50,,no_path,0,,Bot1|Bot2|Bot3|Bot4,0,1
269,0.55,75,440,943373969,2848700176,3631,0.645511,501,1392,10-22,36-18,37-71,38,30,82,76,72,54,0,0,1,38,1,38,106,1,38,68,1,button,1,38,38,0,68,0,1.0000,282,0.001366,-1,-1,button,1,38,38,0,68,0,1.0000,282,0.004522,,-1,button,1,38,38,0,68,0,1.0000,282,0.006080,-1,,button,1,38,38,0,68,0,1.0000,282,2.540369,1,1,38,0,0,0,0.4,risk_path,4,Bot1|Bot2|Bot3|Bot4,,1,0
270,0.55,75,440,1415906743,1027550563,3643,0.647644,499,1344,71-56,1-44,50-21,96,82,60,56,80,72,1,0,1,96,0,,129,1,96,33,1,button,1,96,96,0,30,0,1.0000,1973,0.020524,-1,-1,button,1,96,96,0,30,0,1.0000,1973,0.066289,,-1,button,1,96,96,0,30,0,1.0000,1973,0.084197,-1,,button,1,96,96,0,30,0,1.0000,1973,10.340606,9,9,96,0,0,0,0.4,risk_path,4,Bot1|Bot2|Bot3|Bot4,,1,0
271,0.55,75,440,4249967921,3928420346,3633,0.645867,503,1392,3-30,29-44,72-6,50,40,101,93,83,81,0,0,1,50,1,50,133,1,50,83,1,button,1,50,50,0,83,0,1.0000,294,0.002013,-1,-1,button,1,50,50,0,83,0,1.0000,294,0.007934,,-1,button,1,50,50,0,83,0,1.0000,294,0.008711,-1,,button,1,50,50,0,83,0,1.0000,294,4.546766,10,10,50,0,0,0,0.4,risk_path,4,Bot1|Bot2|Bot3|Bot4,,1,0
272,0.55,75,440,3406299465,3246889654,3643,0.647644,495,1345,7-69,26-14,52-56,82,74,64,58,78,68,1,0,1,82,0,,122,1,82,40,1,button,1,82,82,0,39,0,1.0000,1328,0.013453,-1,-1,button,1,82,82,0,39,0,1.0000,1328,0.037710,,-1,button,1,82,82,0,39,0,1.0000,1328,0.049010,-1,,button,1,82,82,0,39,0,1.0000,1328,8.207543,1,1,82,0,0,0,0.4,risk_path,4,Bot1|Bot2|Bot3|Bot4,,1,0
273,0.55,75,440,2347823433,2610306846,3633,0.645867,506,1373,13-74,74-39,46-24,106,96,87,83,55,43,1,0,1,106,0,,90,0,,,0,fire_reached_bot,0,72,72,0,0,34,0.6792,1663,0.014181,70,70,fire_reached_bot,0,92,86,6,-1,44,0.5849,,0.073486,,-1,fire_reached_bot,0,92,86,6,-1,44,0.5849,,0.112431,-1,,fire_reached_bot,0,92,86,6,-1,44,0.5849,,11.246487,-1,-1,92,0,86,6,,no_path,0,,Bot1|Bot2|Bot3|Bot4,0,1
274,0.55,75,440,2266113072,2703714323,3649,0.648711,509,1393,60-40,45-73,70-6,54,48,58,44,108,92,0,0,1,54,1,54,187,1,54,133,1,button,1,54,54,0,97,0,1.0000,299,0.002346,-1,-1,button,1,54,54,0,97,0,1.0000,299,0.010714,,-1,button,1,54,54,0,97,0,1.0000,299,0.012370,-1,,button,1,54,54,0,97,0,1.0000,299,5.116917,-1,-1,54,0,0,0,0.4,risk_path,4,Bot1|Bot2|Bot3|Bot4,,1,0
275,0.55,75,440,572313208,4115807259,3673,0.652978,515,1382,27-14,6-71,71-65,96,78,101,95,101,71,0,0,1,96,1,96,181,1,96,85,1,button,1,96,96,0,75,0,1.0000,844,0.008200,-1,-1,button,1,96,96,0,75,0,1.0000,844,0.058369,,-1,button,1,96,96,0,75,0,1.0000,844,0.069478,-1,,button,1,96,96,0,72,0,1.0000,844,12.882932,76,76,96,0,0,0,0.4,risk_path,4,Bot1|Bot2|Bot3|Bot4,,1,0
276,0.55,75,440,441933108,3198590936,3653,0.649422,500,1388,16-39,72-3,74-20,98,92,85,77,29,19,1,0,1,98,0,,52,0,,,0,fire_reached_bot,0,62,62,0,-9,36,0.6327,,0.004216,46,46,fire_reached_bot,0,87,45,42,-34,53,0.4592,,0.253817,,-1,fire_reached_bot,0,87,45,42,-34,53,0.4592,,0.400217,-1,,fire_reached_bot,0,87,45,42,-34,53,0.4592,,10.046766,-1,-1,87,0,45,42,,no_path,0,,Bot1|Bot2|Bot3|Bot4,0,1
277,0.55,75,440,3418122606,1333948928,3641,0.647289,508,1374,47-46,22-43,66-36,32,28,37,29,67,51,0,0,1,32,1,32,124,1,32,92,1,button,1,32,32,0,66,0,1.0000,184,0.001089,-1,-1,button,1,32,32,0,66,0,1.0000,184,0.002338,,-1,button,1,32,32,0,66,0,1.0000,184,0.002932,-1,,button,1,32,32,0,66,0,1.0000,184,1.701169,-1,-1,32,0,0,0,0.4,risk_path,4,Bot1|Bot2|Bot3|Bot4,,1,0
278,0.55,75,440,2893733061,2995401778,3638,0.646756,510,1380,32-62,48-27,5-67,57,51,48,32,89,83,0,0,1,57,1,57,136,1,57,79,1,button,1,57,57,0,67,0,1.0000,358,0.002785,-1,-1,button,1,57,57,0,67,0,1.0000,358,0.013025,,-1,button,1,57,57,0,67,0,1.0000,358,0.015519,-1,,button,1,57,57,0,67,0,1.0000,358,5.241733,22,22,57,0,0,0,0.4,risk_path,4,Bot1|Bot2|Bot3|Bot4,,1,0
279,0.55,75,440,3773649777,926245506,3628,0.644978,495,1368,32-63,60-72,25-22,47,37,60,48,87,85,0,0,1,47,1,47,136,1,47,89,1,button,1,47,47,0,76,0,1.0000,659,0.003485,-1,-1,button,1,47,47,0,76,0,1.0000,659,0.010304,,-1,button,1,47,47,0,76,0,1.0000,659,0.012964,-1,,button,1,47,47,0,76,0,1.0000,659,3.455291,7,7,47,0,0,0,0.4,risk_path,4,Bot1|Bot2|Bot3|Bot4,,1,0
280,0.55,75,440,2985125786,3442015289,3635,0.646222,507,1348,28-4,7-3,50-1,34,22,41,25,63,45,0,0,1,34,1,34,112,1,34,78,1,button,1,34,34,0,61,0,1.0000,107,0.000658,-1,-1,button,1,34,34,0,61,0,1.0000,107,0.003280,,-1,button,1,34,34,0,61,0,1.0000,107,0.003299,-1,,button,1,34,34,0,61,0,1.0000,107,1.927524,-1,-1,34,0,0,0,0.4,risk_path,4,Bot1|Bot2|Bot3|Bot4,,1,0
281,0.55,75,440,2521516864,696713569,3648,0.648533,502,1389,44-7,32-14,41-1,25,19,11,9,28,22,0,0,1,25,1,25,44,1,25,19,1,button,1,25,25,0,12,0,1.0000,110,0.000540,-1,-1,button,1,25,25,0,12,0,1.0000,110,0.002039,,-1,button,1,25,25,0,12,0,1.0000,110,0.002270,-1,,button,1,25,25,0,12,0,1.0000,110,1.054778,-1,-1,25,0,0,0,0.4,risk_path,4,Bot1|Bot2|Bot3|Bot4,,1,0
282,0.55,75,440,3512670226,3470638926,3653,0.649422,513,1374,59-63,33-58,21-65,53,31,74,40,31,19,1,0,1,53,0,,53,1,53,0,1,button,1,53,53,0,0,0,1.0000,657,0.004106,-1,-1,button,1,53,53,0,0,0,1.0000,657,0.013590,,-1,button,1,53,53,0,0,0,1.0000,657,0.017194,-1,,button,1,53,53,0,0,0,1.0000,657,5.032166,-1,-1,53,17,35,0,0.99,risk_path,4,Bot1|Bot2|Bot3|Bot4,,1,0
283,0.55,75,440,139254943,2871586275,3638,0.646756,499,1382,4-42,66-69,7-3,103,89,60,42,127,125,0,0,1,103,1,103,228,1,103,125,1,button,1,103,103,0,69,0,1.0000,1144,0.013794,-1,-1,button,1,103,103,0,69,0,1.0000,1144,0.069086,,-1,button,1,103,103,0,69,0,1.0000,1144,0.080249,-1,,button,1,103,103,0,69,0,1.0000,1144,13.315519,38,38,103,0,0,0,0.4,risk_path,4,Bot1|Bot2|Bot3|Bot4,,1,0
284,0.55,75,440,2016013904,2387887068,3654,0.649600,510,1422,62-39,27-35,2-37,59,39,92,62,39,27,1,0,1,59,0,,60,1,59,1,1,button,1,59,59,0,1,0,1.0000,699,0.004600,-1,-1,button,1,59,59,0,1,0,1.0000,699,0.020570,,-1,button,1,59,59,0,1,0,1.0000,699,0.022754,-1,,button,1,59,59,0,1,0,1.0000,699,5.875187,-1,-1,59,15,39,0,0.99,risk_path,4,Bot1|Bot2|Bot3|Bot4,,1,0
285,0.55,75,440,2152869414,3950020351,3662,0.651022,509,1413,46-68,12-66,41-41,46,36,40,32,58,54,0,0,1,46,1,46,86,1,46,40,1,button,1,46,46,0,38,0,1.0000,630,0.002870,-1,-1,button,1,46,46,0,38,0,1.0000,630,0.012092,,-1,button,1,46,46,0,38,0,1.0000,630,0.010948,-1,,button,1,46,46,0,40,0,1.0000,630,3.229884,34,34,46,0,0,0,0.4,risk_path,4,Bot1|Bot2|Bot3|Bot4,,1,0
286,0.55,75,440,1157899962,1993066084,3639,0.646933,494,1362,35-40,45-7,36-3,55,43,56,38,15,13,1,0,1,55,0,,22,0,,,0,fire_reached_bot,0,36,36,0,-13,19,0.6545,,0.001433,23,23,fire_reached_bot,0,59,22,37,-36,33,0.4000,,0.186529,,-1,fire_reached_bot,0,59,22,37,-36,33,0.4000,,0.361798,-1,,fire_reached_bot,0,59,22,37,-36,33,0.4000,,3.409976,-1,-1,59,0,22,37,,no_path,0,,Bot1|Bot2|Bot3|Bot4,0,1
287,0.55,75,440,3991210846,343377854,3657,0.650133,514,1363,38-53,25-9,44-54,67,57,19,7,86,64,0,0,1,67,1,67,132,1,67,65,1,button,1,67,67,0,27,0,1.0000,760,0.004774,-1,-1,button,1,67,67,0,27,0,1.0000,760,0.021433,,-1,button,1,67,67,0,27,0,1.0000,760,0.025539,-1,,button,1,67,67,0,27,0,1.0000,760,6.857496,65,65,67,0,0,0,0.4,risk_path,4,Bot1|Bot2|Bot3|Bot4,,1,0
288,0.55,75,440,3830897319,2464422491,3661,0.650844,511,1430,65-37,32-41,39-55,47,37,46,44,33,21,1,0,1,47,0,,50,1,47,3,1,button,1,47,47,0,3,0,1.0000,700,0.003533,-1,-1,button,1,47,47,0,3,0,1.0000,700,0.009560,,-1,button,1,47,47,0,3,0,1.0000,700,0.013591,-1,,button,1,47,47,0,3,0,1.0000,700,3.716160,-1,-1,47,7,29,0,0.99,risk_path,4,Bot1|Bot2|Bot3|Bot4,,1,0
289,0.55,75,440,718415510,2147925118,3645,0.648000,499,1380,34-46,50-13,2-73,57,49,61,59,118,108,0,0,1,57,1,57,175,1,57,118,1,button,1,57,57,0,89,0,1.0000,368,0.002762,-1,-1,button,1,57,57,0,89,0,1.0000,368,0.011975,,-1,button,1,57,57,0,89,0,1.0000,368,0.014249,-1,,button,1,57,57,0,90,0,1.0000,368,5.218688,3,3,57,0,0,0,0.4,risk_path,4,Bot1|Bot2|Bot3|Bot4,,1,0
290,0.55,75,440,3810450922,1091198838,3649,0.648711,509,1393,38-31,8-34,21-59,45,33,45,45,44,38,1,0,1,45,0,,82,1,45,37,1,button,1,45,45,0,37,0,1.0000,695,0.005679,-1,-1,button,1,45,45,0,37,0,1.0000,695,0.011088,,-1,button,1,45,45,0,37,0,1.0000,695,0.013129,-1,,button,1,45,45,0,37,0,1.0000,695,3.195387,-1,-1,45,0,0,0,0.4,risk_path,4,Bot1|Bot2|Bot3|Bot4,,1,0
291,0.55,75,440,488650922,3463263512,3635,0.646222,503,1370,28-52,57-36,37-65,51,45,30,22,53,49,0,0,1,51,1,51,98,1,51,47,1,button,1,51,51,0,38,0,1.0000,364,0.002961,-1,-1,button,1,51,51,0,38,0,1.0000,364,0.009439,,-1,button,1,51,51,0,38,0,1.0000,364,0.011476,-1,,button,1,51,51,0,37,0,1.0000,364,4.176693,1,1,51,0,0,0,0.4,risk_path,4,Bot1|Bot2|Bot3|Bot4,,1,0
292,0.55,75,440,1069063252,2129452804,3641,0.647289,498,1356,46-5,62-39,70-24,56,50,59,43,23,23,1,0,1,56,0,,39,0,,,0,walked_into_fire,0,40,40,0,-1,16,0.7143,264,0.002009,40,40,fire_reached_bot,0,40,39,1,0,17,0.6964,,0.014029,,-1,fire_reached_bot,0,40,39,1,0,17,0.6964,,0.028166,-1,,fire_reached_bot,0,40,39,1,0,17,0.6964,,5.309198,-1,-1,40,0,39,1,,no_path,0,,Bot1|Bot2|Bot3|Bot4,0,1
293,0.55,75,440,2939677069,3588486604,3656,0.649956,511,1377,31-9,16-62,11-71,74,68,88,82,14,14,1,0,1,74,0,,18,0,,,0,walked_into_fire,0,54,54,0,-35,20,0.7297,,0.003937,19,19,fire_reached_bot,0,119,18,101,-100,56,0.2432,,0.440405,,-1,fire_reached_bot,0,119,18,101,-100,56,0.2432,,0.824900,-1,,fire_reached_bot,0,119,18,101,-100,56,0.2432,,4.197782,-1,-1,119,0,18,101,,no_path,0,,Bot1|Bot2|Bot3|Bot4,0,1
294,0.55,75,440,3448987124,1070658387,3646,0.648178,504,1370,1-64,0-32,53-31,51,33,87,85,68,54,0,0,1,51,1,51,120,1,51,69,1,button,1,51,51,0,67,0,1.0000,743,0.004086,-1,-1,button,1,51,51,0,67,0,1.0000,743,0.010810,,-1,button,1,51,51,0,67,0,1.0000,743,0.014626,-1,,button,1,51,51,0,67,0,1.0000,743,3.799237,-1,-1,51,0,0,0,0.4,risk_path,4,Bot1|Bot2|Bot3|Bot4,,1,0
295,0.55,75,440,3957383876,3993555280,3636,0.646400,488,1349,43-23,34-19,37-37,15,13,26,20,23,21,0,0,1,15,1,15,40,1,15,25,1,button,1,15,15,0,24,0,1.0000,60,0.000228,-1,-1,button,1,15,15,0,24,0,1.0000,60,0.000581,,-1,button,1,15,15,0,24,0,1.0000,60,0.000703,-1,,button,1,15,15,0,24,0,1.0000,60,0.438604,-1,-1,15,0,0,0,0.4,risk_path,4,Bot1|Bot2|Bot3|Bot4,,1,0
296,0.55,75,440,1682334534,1630947947,3617,0.643022,503,1320,22-65,9-42,33-4,52,36,102,72,66,62,0,0,1,52,1,52,113,1,52,61,1,button,1,52,52,0,61,0,1.0000,504,0.002932,-1,-1,button,1,52,52,0,61,0,1.0000,504,0.012057,,-1,button,1,52,52,0,61,0,1.0000,504,0.015928,-1,,button,1,52,52,0,61,0,1.0000,504,4.049945,47,47,52,0,0,0,0.4,risk_path,4,Bot1|Bot2|Bot3|Bot4,,1,0
297,0.55,75,440,3826954389,2667375914,3627,0.644800,504,1383,45-29,20-58,24-32,58,54,32,24,34,30,1,0,1,58,0,,61,0,,,0,walked_into_fire,0,23,23,0,-1,35,0.3966,107,0.000977,16,16,fire_reached_bot,0,42,42,0,0,26,0.5517,445,0.013996,,42,fire_reached_bot,0,48,43,5,0,29,0.5000,619,0.020193,42,,fire_reached_bot,0,42,42,0,0,26,0.5517,445,5.831419,-1,42,42,0,42,0,,shortest_path_fallback,0,,Bot1|Bot2|Bot3|Bot4,0,1
298,0.55,75,440,1463647553,2324460761,3676,0.653511,516,1382,7-73,14-7,18-37,113,73,73,47,48,34,1,0,1,113,0,,73,0,,,0,fire_reached_bot,0,50,50,0,0,63,0.4425,367,0.003309,50,49,fire_reached_bot,0,79,65,14,-5,74,0.3451,,0.088213,,49,fire_reached_bot,0,74,65,9,0,72,0.3628,,0.098036,49,,fire_reached_bot,0,79,65,14,-5,74,0.3451,,11.401981,-1,49,79,0,65,14,,no_path,0,,Bot1|Bot2|Bot3|Bot4,0,1
299,0.55,75,440,290523079,465395590,3655,0.649778,518,1381,69-18,62-58,22-38,57,47,77,67,66,60,0,0,1,57,1,57,108,1,57,51,1,button,1,57,57,0,51,0,1.0000,823,0.004281,-1,-1,button,1,57,57,0,51,0,1.0000,823,0.012794,,-1,button,1,57,57,0,51,0,1.0000,823,0.018148,-1,,button,1,57,57,0,51,0,1.0000,823,5.524455,-1,-1,57,0,0,0,0.4,risk_path,4,Bot1|Bot2|Bot3|Bot4,,1,0
300,0.55,75,440,2918341021,4123951292,3643,0.647644,507,1388,3-20,42-65,72-2,98,84,121,87,103,93,0,0,1,98,1,98,166,1,98,68,1,button,1,98,98,0,66,0,1.0000,811,0.007636,-1,-1,button,1,98,98,0,66,0,1.0000,811,0.062770,,-1,button,1,98,98,0,66,0,1.0000,811,0.069599,-1,,button,1,98,98,0,66,0,1.0000,811,12.944087,17,17,98,0,0,0,0.4,risk_path,4,Bot1|Bot2|Bot3|Bot4,,1,0
301,0.55,75,440,1819333381,488089373,3635,0.646222,494,1346,46-31,45-39,54-54,11,9,35,31,24,24,0,0,1,11,1,11,38,1,11,27,1,button,1,11,11,0,27,0,1.0000,34,0.000155,-1,-1,button,1,11,11,0,27,0,1.0000,34,0.000293,,-1,button,1,11,11,0,27,0,1.0000,34,0.000387,-1,,button,1,11,11,0,27,0,1.0000,34,0.270957,-1,-1,11,0,0,0,0.4,risk_path,4,Bot1|Bot2|Bot3|Bot4,,1,0
302,0.55,75,440,1770019578,3777455532,3626,0.644622,501,1376,59-48,49-47,28-6,21,11,73,73,64,62,0,0,1,21,1,21,105,1,21,84,1,button,1,21,21,0,84,0,1.0000,88,0.000389,-1,-1,button,1,21,21,0,84,0,1.0000,88,0.001101,,-1,button,1,21,21,0,84,0,1.0000,88,0.001340,-1,,button,1,21,21,0,84,0,1.0000,88,1.339216,8,8,21,0,0,0,0.4,risk_path,4,Bot1|Bot2|Bot3|Bot4,,1,0
303,0.55,75,440,1560084379,2039133605,3629,0.645156,497,1345,39-25,1-70,74-53,97,83,69,63,96,90,1,0,1,97,0,,156,1,97,59,1,button,1,97,97,0,37,0,1.0000,1366,0.014555,-1,-1,button,1,97,97,0,37,0,1.0000,1366,0.061840,,-1,button,1,97,97,0,37,0,1.0000,1366,0.085906,-1,,button,1,97,97,0,37,0,1.0000,1366,10.729677,-1,-1,97,0,0,0,0.4,risk_path,4,Bot1|Bot2|Bot3|Bot4,,1,0
304,0.55,75,440,3262132408,1721014697,3658,0.650311,496,1385,65-54,0-53,27-37,96,66,59,55,49,43,1,0,1,96,0,,80,0,,,0,fire_reached_bot,0,48,48,0,0,48,0.5000,545,0.003825,45,45,fire_reached_bot,0,86,71,15,-5,41,0.5729,,0.075976,,-1,fire_reached_bot,0,86,71,15,-5,41,0.5729,,0.102993,-1,,fire_reached_bot,0,86,71,15,-5,41,0.5729,,9.686376,-1,-1,86,0,71,15,,no_path,0,,Bot1|Bot2|Bot3|Bot4,0,1
305,0.55,75,440,77630353,3086096505,3634,0.646044,490,1370,32-73,64-44,11-31,65,61,67,63,74,66,0,0,1,65,1,65,120,1,65,55,1,button,1,65,65,0,51,0,1.0000,955,0.006212,-1,-1,button,1,65,65,0,51,0,1.0000,955,0.016232,,-1,button,1,65,65,0,51,0,1.0000,955,0.022372,-1,,button,1,65,65,0,51,0,1.0000,955,6.419713,9,9,65,0,0,0,0.4,risk_path,4,Bot1|Bot2|Bot3|Bot4,,1,0
306,0.55,75,440,3978666814,258631395,3644,0.647822,494,1394,3-14,7-13,33-47,15,5,73,63,68,60,0,0,1,15,1,15,114,1,15,99,1,button,1,15,15,0,99,0,1.0000,77,0.000258,-1,-1,button,1,15,15,0,99,0,1.0000,77,0.000712,,-1,button,1,15,15,0,99,0,1.0000,77,0.000787,-1,,button,1,15,15,0,99,0,1.0000,77,0.445159,-1,-1,15,0,0,0,0.4,risk_path,4,Bot1|Bot2|Bot3|Bot4,,1,0
307,0.55,75,440,1680995527,3003881739,3653,0.649422,507,1391,65-55,74-12,61-23,66,52,44,36,24,24,1,0,1,66,0,,32,0,,,0,walked_into_fire,0,29,29,0,-2,37,0.4394,265,0.001463,22,22,fire_reached_bot,0,43,23,20,-10,45,0.3182,,0.108181,,-1,fire_reached_bot,0,43,23,20,-10,45,0.3182,,0.203659,-1,,fire_reached_bot,0,43,23,20,-10,45,0.3182,,4.257639,-1,-1,43,0,23,20,,no_path,0,,Bot1|Bot2|Bot3|Bot4,0,1
308,0.55,75,440,3117523694,2309348517,3656,0.649956,515,1390,15-41,1-38,23-35,31,17,14,14,39,25,0,0,1,31,1,31,58,1,31,27,1,button,1,31,31,0,16,0,1.0000,283,0.001038,-1,-1,button,1,31,31,0,16,0,1.0000,283,0.002608,,-1,button,1,31,31,0,16,0,1.0000,283,0.003622,-1,,button,1,31,31,0,16,0,1.0000,283,1.677250,-1,-1,31,0,0,0,0.4,risk_path,4,Bot1|Bot2|Bot3|Bot4,,1,0
309,0.55,75,440,2835355592,297263676,3627,0.644800,500,1373,11-50,68-37,68-60,86,70,97,67,41,23,1,0,1,86,0,,75,0,,,0,walked_into_fire,0,67,67,0,-3,19,0.7791,400,0.004234,62,62,fire_reached_bot,0,91,74,17,-15,24,0.7209,,0.095662,,-1,fire_reached_bot,0,91,74,17,-15,24,0.7209,,0.166291,-1,,fire_reached_bot,0,91,74,17,-15,24,0.7209,,13.511402,-1,-1,91,0,74,17,,no_path,0,,Bot1|Bot2|Bot3|Bot4,0,1
310,0.55,75,440,2898697772,2994729344,3622,0.643911,510,1334,29-24,19-52,44-21,56,38,22,18,58,56,0,0,1,56,1,56,97,1,56,41,1,button,1,56,56,0,28,0,1.0000,1013,0.005756,-1,-1,button,1,56,56,0,28,0,1.0000,1013,0.018318,,-1,button,1,56,56,0,28,0,1.0000,1013,0.026229,-1,,button,1,56,56,0,28,0,1.0000,1013,4.344677,-1,-1,56,0,0,0,0.4,risk_path,4,Bot1|Bot2|Bot3|Bot4,,1,0
311,0.55,75,440,1005567868,222496869,3643,0.647644,506,1381,16-45,13-59,40-62,35,17,65,41,50,30,0,0,1,35,1,35,88,1,35,53,1,button,1,35,35,0,53,0,1.0000,228,0.000968,-1,-1,button,1,35,35,0,53,0,1.0000,228,0.003169,,-1,button,1,35,35,0,53,0,1.0000,228,0.004396,-1,,button,1,35,35,0,53,0,1.0000,228,2.050132,-1,-1,35,0,0,0,0.4,risk_path,4,Bot1|Bot2|Bot3|Bot4,,1,0
312,0.55,75,440,3042795674,2137903543,3656,0.649956,523,1394,37-7,45-46,3-20,65,47,55,47,74,68,0,0,1,65,1,65,109,1,65,44,1,button,1,65,65,0,37,0,1.0000,712,0.004456,-1,-1,button,1,65,65,0,37,0,1.0000,712,0.013843,,-1,button,1,65,65,0,37,0,1.0000,712,0.022319,-1,,button,1,65,65,0,43,0,1.0000,712,6.274829,39,39,65,0,0,0,0.4,risk_path,4,Bot1|Bot2|Bot3|Bot4,,1,0
313,0.55,75,440,1246630585,1554748669,3644,0.647822,515,1381,70-15,74-36,60-13,39,25,58,12,53,37,0,0,1,39,1,39,91,1,39,52,1,button,1,39,39,0,43,0,1.0000,198,0.001207,-1,-1,button,1,39,39,0,43,0,1.0000,198,0.004713,,-1,button,1,39,39,0,43,0,1.0000,198,0.006585,-1,,button,1,39,39,0,43,0,1.0000,198,2.487725,25,25,39,0,0,0,0.4,risk_path,4,Bot1|Bot2|Bot3|Bot4,,1,0
314,0.55,75,440,2358439391,771830428,3651,0.649067,506,1369,54-13,45-40,7-28,40,36,82,62,62,50,0,0,1,40,1,40,117,1,40,77,1,button,1,40,40,0,74,0,1.0000,156,0.000816,-1,-1,button,1,40,40,0,74,0,1.0000,156,0.003356,,-1,button,1,40,40,0,74,0,1.0000,156,0.004285,-1,,button,1,40,40,0,74,0,1.0000,156,2.645195,-1,-1,40,0,0,0,0.4,risk_path,4,Bot1|Bot2|Bot3|Bot4,,1,0
315,0.55,75,440,773523320,1401553363,3618,0.643200,495,1376,24-48,24-35,13-9,19,13,58,50,53,37,0,0,1,19,1,19,83,1,19,64,1,button,1,19,19,0,58,0,1.0000,136,0.000462,-1,-1,button,1,19,19,0,58,0,1.0000,136,0.001017,,-1,button,1,19,19,0,58,0,1.0000,136,0.001424,-1,,button,1,19,19,0,58,0,1.0000,136,0.657739,6,6,19,0,0,0,0.4,risk_path,4,Bot1|Bot2|Bot3|Bot4,,1,0
316,0.55,75,440,1738134723,2008269550,3615,0.642667,493,1361,13-28,74-55,16-9,92,88,34,22,108,104,0,0,1,92,1,92,170,1,92,78,1,button,1,92,92,0,41,0,1.0000,1367,0.012793,-1,-1,button,1,92,92,0,41,0,1.0000,1367,0.043420,,-1,button,1,92,92,0,41,0,1.0000,1367,0.060842,-1,,button,1,92,92,0,41,0,1.0000,1367,10.960214,15,15,92,0,0,0,0.4,risk_path,4,Bot1|Bot2|Bot3|Bot4,,1,0
317,0.55,75,440,979263756,953799673,3669,0.652267,502,1402,13-59,8-50,29-50,16,14,31,25,31,21,0,0,1,16,1,16,59,1,16,43,1,button,1,16,16,0,43,0,1.0000,58,0.000233,-1,-1,button,1,16,16,0,43,0,1.0000,58,0.000547,,-1,button,1,16,16,0,43,0,1.0000,58,0.000695,-1,,button,1,16,16,0,43,0,1.0000,58,0.518709,-1,-1,16,0,0,0,0.4,risk_path,4,Bot1|Bot2|Bot3|Bot4,,1,0
318,0.55,75,440,1739095726,662417193,3613,0.642311,484,1308,66-39,40-23,28-18,42,42,59,59,17,17,1,0,1,42,0,,33,0,,,0,fire_reached_bot,0,39,39,0,-5,3,0.9286,,0.001826,34,34,fire_reached_bot,0,55,33,22,-21,9,0.7857,,0.094382,,-1,fire_reached_bot,0,55,33,22,-21,9,0.7857,,0.207393,-1,,fire_reached_bot,0,55,33,22,-21,9,0.7857,,2.891891,-1,-1,55,0,33,22,,no_path,0,,Bot1|Bot2|Bot3|Bot4,0,1
319,0.55,75,440,868483726,487361327,3650,0.648889,508,1404,55-23,16-9,32-68,67,53,68,68,83,75,0,0,1,67,1,67,148,1,67,81,1,button,1,67,67,0,81,0,1.0000,1032,0.007630,-1,-1,button,1,67,67,0,81,0,1.0000,1032,0.023800,,-1,button,1,67,67,0,81,0,1.0000,1032,0.033368,-1,,button,1,67,67,0,81,0,1.0000,1032,5.988587,-1,-1,67,0,0,0,0.4,risk_path,4,Bot1|Bot2|Bot3|Bot4,,1,0
320,0.55,75,440,780381394,1436591598,3617,0.643022,490,1335,61-29,72-65,25-35,67,47,64,42,83,77,0,0,1,67,1,67,139,1,67,72,1,button,1,67,67,0,61,0,1.0000,1199,0.008479,-1,-1,button,1,67,67,0,61,0,1.0000,1199,0.025027,,-1,button,1,67,67,0,61,0,1.0000,1199,0.042524,-1,,button,1,67,67,0,61,0,1.0000,1199,6.218315,9,9,67,0,0,0,0.4,risk_path,4,Bot1|Bot2|Bot3|Bot4,,1,0
321,0.55,75,440,3438593776,3903306868,3635,0.646222,502,1352,60-59,50-8,12-9,89,61,106,98,51,39,1,0,1,89,0,,96,1,89,7,1,button,1,89,89,0,4,0,1.0000,1338,0.013675,-1,-1,button,1,89,89,0,4,0,1.0000,1338,0.045920,,-1,button,1,89,89,0,4,0,1.0000,1338,0.068164,-1,,button,1,89,89,0,4,0,1.0000,1338,11.182308,-1,-1,89,8,73,0,0.99,risk_path,4,Bot1|Bot2|Bot3|Bot4,,1,0
322,0.55,75,440,3986935069,3858830174,3609,0.641600,489,1337,31-41,40-34,16-58,18,16,38,32,56,48,0,0,1,18,1,18,86,1,18,68,1,button,1,18,18,0,56,0,1.0000,69,0.000283,-1,-1,button,1,18,18,0,56,0,1.0000,69,0.000808,,-1,button,1,18,18,0,56,0,1.0000,69,0.001239,-1,,button,1,18,18,0,56,0,1.0000,69,0.613060,4,4,18,0,0,0,0.4,risk_path,4,Bot1|Bot2|Bot3|Bot4,,1,0
323,0.55,75,440,509776406,2567658253,3634,0.646044,501,1378,47-21,69-44,53-74,53,45,81,59,48,46,1,0,1,53,0,,87,1,53,34,1,button,1,53,53,0,34,0,1.0000,274,0.002042,-1,-1,button,1,53,53,0,34,0,1.0000,274,0.009533,,-1,button,1,53,53,0,34,0,1.0000,274,0.013862,-1,,button,1,53,53,0,34,0,1.0000,274,4.487794,35,35,53,0,0,0,0.4,risk_path,4,Bot1|Bot2|Bot3|Bot4,,1,0
324,0.55,75,440,1895927736,3210878789,3644,0.647822,498,1357,21-58,33-29,37-60,47,41,24,18,53,35,0,0,1,47,1,47,79,1,47,32,1,button,1,47,47,0,27,0,1.0000,504,0.002458,-1,-1,button,1,47,47,0,27,0,1.0000,504,0.008643,,-1,button,1,47,47,0,27,0,1.0000,504,0.013635,-1,,button,1,47,47,0,23,0,1.0000,504,3.438299,1,1,47,0,0,0,0.4,risk_path,4,Bot1|Bot2|Bot3|Bot4,,1,0
325,0.55,75,440,75942277,1867417450,3633,0.645867,498,1373,42-69,9-37,54-41,67,65,52,40,73,49,0,0,1,67,1,67,116,1,67,49,1,button,1,67,67,0,35,0,1.0000,1004,0.006997,-1,-1,button,1,67,67,0,35,0,1.0000,1004,0.016636,,-1,button,1,67,67,0,35,0,1.0000,1004,0.027368,-1,,button,1,67,67,0,35,0,1.0000,1004,5.958916,-1,-1,67,0,0,0,0.4,risk_path,4,Bot1|Bot2|Bot3|Bot4,,1,0
326,0.55,75,440,4250529820,1484301454,3643,0.647644,502,1368,33-23,2-23,69-51,49,31,74,64,107,95,0,0,1,49,1,49,168,1,49,119,1,button,1,49,49,0,112,0,1.0000,400,0.002610,-1,-1,button,1,49,49,0,112,0,1.0000,400,0.009201,,-1,button,1,49,49,0,112,0,1.0000,400,0.011756,-1,,button,1,49,49,0,112,0,1.0000,400,4.333934,-1,-1,49,0,0,0,0.4,risk_path,4,Bot1|Bot2|Bot3|Bot4,,1,0
327,0.55,75,440,3071567326,2258578127,3628,0.644978,495,1351,17-29,32-6,61-47,52,38,68,62,86,70,0,0,1,52,1,52,142,1,52,90,1,button,1,52,52,0,82,0,1.0000,742,0.004457,-1,-1,button,1,52,52,0,82,0,1.0000,742,0.015230,,-1,button,1,52,52,0,82,0,1.0000,742,0.020745,-1,,button,1,52,52,0,82,0,1.0000,742,3.919206,-1,-1,52,0,0,0,0.4,risk_path,4,Bot1|Bot2|Bot3|Bot4,,1,0
328,0.55,75,440,407302120,1091993989,3642,0.647467,494,1375,69-30,27-56,9-73,68,68,105,103,41,35,1,0,1,68,0,,68,1,68,0,1,button,1,68,68,0,0,0,1.0000,517,0.003595,-1,-1,button,1,68,68,0,0,0,1.0000,517,0.013948,,-1,button,1,68,68,0,0,0,1.0000,517,0.023819,-1,,button,1,68,68,0,0,0,1.0000,517,7.962624,-1,-1,68,8,60,0,0.99,risk_path,4,Bot1|Bot2|Bot3|Bot4,,1,0
329,0.55,75,440,403694093,443635467,3638,0.646756,512,1379,43-13,3-72,5-9,105,99,52,42,99,65,1,0,1,105,0,,164,1,105,59,1,button,1,105,105,0,21,0,1.0000,1265,0.014725,-1,-1,button,1,105,105,0,21,0,1.0000,1265,0.055758,,-1,button,1,105,105,0,21,0,1.0000,1265,0.077146,-1,,button,1,105,105,0,21,0,1.0000,1265,13.324276,-1,-1,105,0,0,0,0.4,risk_path,4,Bot1|Bot2|Bot3|Bot4,,1,0
330,0.55,75,440,2933929372,24815168,3657,0.650133,506,1413,16-47,12-13,7-1,58,38,71,55,21,17,1,0,1,58,0,,45,0,,,0,fire_reached_bot,0,53,53,0,-7,5,0.9138,,0.002249,44,44,fire_reached_bot,0,62,43,19,-16,15,0.7414,,0.110553,,-1,fire_reached_bot,0,62,43,19,-16,15,0.7414,,0.212934,-1,,fire_reached_bot,0,62,43,19,-16,15,0.7414,,6.131788,-1,-1,62,0,43,19,,no_path,0,,Bot1|Bot2|Bot3|Bot4,0,1
331,0.55,75,440,571489985,3669167757,3662,0.651022,499,1410,27-33,16-4,24-50,66,40,26,20,70,54,0,0,1,66,1,66,122,1,66,56,1,button,1,66,66,0,14,0,1.0000,1435,0.010029,-1,-1,button,1,66,66,0,14,0,1.0000,1435,0.027526,,-1,button,1,66,66,0,14,0,1.0000,1435,0.037725,-1,,button,1,66,66,0,14,0,1.0000,1435,5.531526,-1,-1,66,0,0,0,0.4,risk_path,4,Bot1|Bot2|Bot3|Bot4,,1,0
332,0.55,75,440,2718824820,2814868908,3642,0.647467,500,1367,69-72,7-71,1-31,107,63,123,109,68,46,1,0,1,107,0,,117,1,107,10,1,button,1,107,107,0,9,0,1.0000,1433,0.014544,-1,-1,button,1,107,107,0,9,0,1.0000,1433,0.068303,,-1,button,1,107,107,0,9,0,1.0000,1433,0.089229,-1,,button,1,107,107,0,9,0,1.0000,1433,16.087739,-1,-1,107,15,53,0,0.99,risk_path,4,Bot1|Bot2|Bot3|Bot4,,1,0
333,0.55,75,440,1458069241,3379700867,3616,0.642844,488,1368,54-44,9-44,37-18,71,45,51,43,70,54,1,0,1,71,0,,103,1,71,32,1,button,1,71,71,0,23,0,1.0000,1048,0.009191,-1,-1,button,1,71,71,0,23,0,1.0000,1048,0.033148,,-1,button,1,71,71,0,23,0,1.0000,1048,0.042960,-1,,button,1,71,71,0,23,0,1.0000,1048,6.714645,-1,-1,71,0,0,0,0.4,risk_path,4,Bot1|Bot2|Bot3|Bot4,,1,0
334,0.55,75,440,110822976,411924728,3637,0.646578,500,1351,9-14,47-13,64-72,57,39,113,113,90,76,0,0,1,57,1,57,141,1,57,84,1,button,1,57,57,0,83,0,1.0000,403,0.003811,-1,-1,button,1,57,57,0,83,0,1.0000,403,0.010050,,-1,button,1,57,57,0,83,0,1.0000,403,0.012899,-1,,button,1,57,57,0,83,0,1.0000,403,4.995998,30,30,57,0,0,0,0.4,risk_path,4,Bot1|Bot2|Bot3|Bot4,,1,0
335,0.55,75,440,3526644172,994635310,3650,0.648889,506,1412,56-5,54-63,8-20,98,60,75,63,97,89,1,0,1,98,0,,146,1,98,48,1,button,1,98,98,0,48,0,1.0000,1594,0.017628,-1,-1,button,1,98,98,0,48,0,1.0000,1594,0.080142,,-1,button,1,98,98,0,48,0,1.0000,1594,0.105684,-1,,button,1,98,98,0,48,0,1.0000,1594,11.255309,-1,-1,98,0,0,0,0.4,risk_path,4,Bot1|Bot2|Bot3|Bot4,,1,0
336,0.55,75,440,1087217453,2269991397,3621,0.643733,494,1334,22-61,69-15,6-53,93,93,28,24,111,101,0,0,1,93,1,93,178,1,93,85,1,button,1,93,93,0,38,0,1.0000,1216,0.011769,-1,-1,button,1,93,93,0,38,0,1.0000,1216,0.034624,,-1,button,1,93,93,0,38,0,1.0000,1216,0.049632,-1,,button,1,93,93,0,38,0,1.0000,1216,11.165955,9,9,93,0,0,0,0.4,risk_path,4,Bot1|Bot2|Bot3|Bot4,,1,0
337,0.55,75,440,4182190525,591908680,3630,0.645333,507,1374,56-6,63-6,60-53,15,7,63,51,64,50,0,0,1,15,1,15,98,1,15,83,1,button,1,15,15,0,83,0,1.0000,54,0.000251,-1,-1,button,1,15,15,0,83,0,1.0000,54,0.000547,,-1,button,1,15,15,0,83,0,1.0000,54,0.000696,-1,,button,1,15,15,0,83,0,1.0000,54,0.451314,1,1,15,0,0,0,0.4,risk_path,4,Bot1|Bot2|Bot3|Bot4,,1,0
338,0.55,75,440,131814599,1043486984,3657,0.650133,523,1389,39-55,70-4,56-15,84,82,63,57,25,25,1,0,1,84,0,,45,0,,,0,walked_into_fire,0,46,46,0,-2,38,0.5476,610,0.003149,35,35,fire_reached_bot,0,62,34,28,-16,50,0.4048,,0.132673,,-1,fire_reached_bot,0,62,34,28,-16,50,0.4048,,0.271751,-1,,fire_reached_bot,0,62,34,28,-16,50,0.4048,,7.049377,-1,-1,62,0,34,28,,no_path,0,,Bot1|Bot2|Bot3|Bot4,0,1
339,0.55,75,440,1857643394,677001930,3667,0.651911,510,1436,66-71,67-49,25-46,29,23,70,66,57,45,0,0,1,29,1,29,100,1,29,71,1,button,1,29,29,0,71,0,1.0000,110,0.000543,-1,-1,button,1,29,29,0,71,0,1.0000,110,0.001878,,-1,button,1,29,29,0,71,0,1.0000,110,0.002302,-1,,button,1,29,29,0,71,0,1.0000,110,1.431584,20,20,29,0,0,0,0.4,risk_path,4,Bot1|Bot2|Bot3|Bot4,,1,0
340,0.55,75,440,3864308138,3978975570,3644,0.647822,513,1385,10-9,61-25,64-45,83,67,100,90,27,23,1,0,1,83,0,,54,0,,,0,walked_into_fire,0,59,59,0,-4,24,0.7108,,0.006257,47,47,fire_reached_bot,0,79,49,30,-24,40,0.5181,,0.155690,,-1,fire_reached_bot,0,79,49,30,-24,40,0.5181,,0.288479,-1,,fire_reached_bot,0,79,49,30,-24,40,0.5181,,8.143995,-1,-1,79,0,49,30,,no_path,0,,Bot1|Bot2|Bot3|Bot4,0,1
341,0.55,75,440,3005494717,346531541,3669,0.652267,514,1446,23-73,11-56,43-56,29,29,51,37,56,32,0,0,1,29,1,29,102,1,29,73,1,button,1,29,29,0,73,0,1.0000,132,0.000559,-1,-1,button,1,29,29,0,73,0,1.0000,132,0.002054,,-1,button,1,29,29,0,73,0,1.0000,132,0.002386,-1,,button,1,29,29,0,73,0,1.0000,132,1.458392,-1,-1,29,0,0,0,0.4,risk_path,4,Bot1|Bot2|Bot3|Bot4,,1,0
342,0.55,75,440,2387691047,1277799577,3628,0.644978,496,1375,63-32,0-59,64-69,110,90,48,38,108,74,1,0,1,110,0,,169,1,110,59,1,button,1,110,110,0,27,0,1.0000,1642,0.022070,-1,-1,button,1,110,110,0,27,0,1.0000,1642,0.106316,,-1,button,1,110,110,0,27,0,1.0000,1642,0.129285,-1,,button,1,110,110,0,27,0,1.0000,1642,13.185348,80,80,110,0,0,0,0.4,risk_path,4,Bot1|Bot2|Bot3|Bot4,,1,0
343,0.55,75,440,909155234,2602241716,3644,0.647822,500,1364,16-23,49-50,35-2,60,60,42,40,74,62,0,0,1,60,1,60,124,1,60,64,1,button,1,60,60,0,58,0,1.0000,418,0.002146,-1,-1,button,1,60,60,0,58,0,1.0000,418,0.008306,,-1,button,1,60,60,0,58,0,1.0000,418,0.010512,-1,,button,1,60,60,0,53,0,1.0000,418,5.422046,1,1,60,0,0,0,0.4,risk_path,4,Bot1|Bot2|Bot3|Bot4,,1,0
344,0.55,75,440,3582665592,3009362077,3649,0.648711,507,1382,35-73,60-54,29-72,46,44,9,7,55,49,0,0,1,46,1,46,103,1,46,57,1,button,1,46,46,0,19,0,1.0000,187,0.001142,-1,-1,button,1,46,46,0,19,0,1.0000,187,0.004998,,-1,button,1,46,46,0,19,0,1.0000,187,0.005958,-1,,button,1,46,46,0,19,0,1.0000,187,3.956638,-1,-1,46,0,0,0,0.4,risk_path,4,Bot1|Bot2|Bot3|Bot4,,1,0
345,0.55,75,440,2398338138,2828610287,3658,0.650311,518,1407,57-10,11-57,39-61,101,93,79,69,44,32,1,0,1,101,0,,68,0,,,0,fire_reached_bot,0,65,65,0,0,36,0.6436,1028,0.007639,57,57,fire_reached_bot,0,72,63,9,-3,40,0.6040,,0.075049,,-1,fire_reached_bot,0,72,63,9,-3,40,0.6040,,0.122618,-1,,fire_reached_bot,0,72,63,9,-3,40,0.6040,,10.620841,-1,-1,72,0,63,9,,no_path,0,,Bot1|Bot2|Bot3|Bot4,0,1
346,0.55,75,440,1634039232,257003492,3623,0.644089,481,1315,15-50,50-34,67-55,55,51,73,57,58,38,0,0,1,55,1,55,89,1,55,34,1,button,1,55,55,0,33,0,1.0000,424,0.002809,-1,-1,button,1,55,55,0,33,0,1.0000,424,0.009527,,-1,button,1,55,55,0,33,0,1.0000,424,0.012010,-1,,button,1,55,55,0,31,0,1.0000,424,4.663532,9,9,55,0,0,0,0.4,risk_path,4,Bot1|Bot2|Bot3|Bot4,,1,0
347,0.55,75,440,2513077685,551885425,3649,0.648711,526,1370,16-2,51-8,61-32,45,41,77,75,40,34,1,0,1,45,0,,73,1,45,28,1,button,1,45,45,0,28,0,1.0000,468,0.002705,-1,-1,button,1,45,45,0,28,0,1.0000,468,0.005857,,-1,button,1,45,45,0,28,0,1.0000,468,0.008222,-1,,button,1,45,45,0,28,0,1.0000,468,3.166682,-1,-1,45,0,0,0,0.4,risk_path,4,Bot1|Bot2|Bot3|Bot4,,1,0
348,0.55,75,440,2812461286,2193935649,3611,0.641956,483,1301,15-34,23-68,70-39,52,42,84,60,90,76,0,0,1,52,1,52,140,1,52,88,1,button,1,52,52,0,83,0,1.0000,415,0.002543,-1,-1,button,1,52,52,0,83,0,1.0000,415,0.011174,,-1,button,1,52,52,0,83,0,1.0000,415,0.012698,-1,,button,1,52,52,0,83,0,1.0000,415,4.212267,5,5,52,0,0,0,0.4,risk_path,4,Bot1|Bot2|Bot3|Bot4,,1,0
349,0.55,75,440,1831191962,3675714604,3639,0.646933,513,1405,21-49,42-73,62-57,47,45,61,49,38,36,1,0,1,47,0,,62,1,47,15,1,button,1,47,47,0,15,0,1.0000,424,0.002273,-1,-1,button,1,47,47,0,15,0,1.0000,424,0.008076,,-1,button,1,47,47,0,15,0,1.0000,424,0.010009,-1,,button,1,47,47,0,15,0,1.0000,424,3.951847,6,6,47,0,0,0,0.4,risk_path,4,Bot1|Bot2|Bot3|Bot4,,1,0
350,0.55,75,440,2219431423,1820989950,3664,0.651378,510,1364,40-51,48-66,2-54,35,23,61,41,64,58,0,0,1,35,1,35,111,1,35,76,1,button,1,35,35,0,73,0,1.0000,196,0.000856,-1,-1,button,1,35,35,0,73,0,1.0000,196,0.003111,,-1,button,1,35,35,0,73,0,1.0000,196,0.004127,-1,,button,1,35,35,0,73,0,1.0000,196,2.033871,9,9,35,0,0,0,0.4,risk_path,4,Bot1|Bot2|Bot3|Bot4,,1,0
351,0.55,75,440,509892709,3321225519,3631,0.645511,492,1334,68-20,35-61,33-59,76,74,84,74,8,4,1,0,1,76,0,,14,0,,,0,walked_into_fire,0,55,55,0,-40,21,0.7237,,0.003171,15,15,fire_reached_bot,0,107,14,93,-92,62,0.1842,,0.367131,,-1,fire_reached_bot,0,107,14,93,-92,62,0.1842,,0.752543,-1,,fire_reached_bot,0,107,14,93,-92,62,0.1842,,2.920040,-1,-1,107,0,14,93,,no_path,0,,Bot1|Bot2|Bot3|Bot4,0,1
352,0.55,75,440,410674036,2790386272,3625,0.644444,506,1354,26-67,69-15,65-27,97,95,79,79,18,16,1,0,1,97,0,,31,0,,,0,walked_into_fire,0,49,49,0,-17,48,0.5052,,0.003985,32,32,fire_reached_bot,0,81,31,50,-49,66,0.3196,,0.231076,,-1,fire_reached_bot,0,81,31,50,-49,66,0.3196,,0.469343,-1,,fire_reached_bot,0,81,31,50,-49,66,0.3196,,6.710900,-1,-1,81,0,31,50,,no_path,0,,Bot1|Bot2|Bot3|Bot4,0,1
353,0.55,75,440,43560433,194753494,3664,0.651378,509,1414,18-45,35-35,14-41,29,27,10,8,31,27,0,0,1,29,1,29,55,1,29,26,1,button,1,29,29,0,7,0,1.0000,176,0.000755,-1,-1,button,1,29,29,0,7,0,1.0000,176,0.002230,,-1,button,1,29,29,0,7,0,1.0000,176,0.002855,-1,,button,1,29,29,0,7,0,1.0000,176,1.396842,13,13,29,0,0,0,0.4,risk_path,4,Bot1|Bot2|Bot3|Bot4,,1,0
354,0.55,75,440,4123683559,484405637,3632,0.645689,495,1346,35-23,17-71,73-61,72,66,80,76,106,66,0,0,1,72,1,72,167,1,72,95,1,button,1,72,72,0,81,0,1.0000,608,0.005350,-1,-1,button,1,72,72,0,81,0,1.0000,608,0.024361,,-1,button,1,72,72,0,81,0,1.0000,608,0.030058,-1,,button,1,72,72,0,81,0,1.0000,608,7.291875,-1,-1,72,0,0,0,0.4,risk_path,4,Bot1|Bot2|Bot3|Bot4,,1,0
355,0.55,75,440,2102547529,3795932170,3646,0.648178,505,1407,50-36,69-58,9-56,41,41,71,61,84,62,0,0,1,41,1,41,145,1,41,104,1,button,1,41,41,0,91,0,1.0000,493,0.003144,-1,-1,button,1,41,41,0,91,0,1.0000,493,0.005768,,-1,button,1,41,41,0,91,0,1.0000,493,0.008085,-1,,button,1,41,41,0,91,0,1.0000,493,2.540915,22,22,41,0,0,0,0.4,risk_path,4,Bot1|Bot2|Bot3|Bot4,,1,0
356,0.55,75,440,1989372477,1712784801,3669,0.652267,524,1424,21-34,59-12,66-55,66,60,78,66,60,50,1,0,1,66,0,,90,1,66,24,1,button,1,66,66,0,23,0,1.0000,988,0.008714,-1,-1,button,1,66,66,0,23,0,1.0000,988,0.018846,,-1,button,1,66,66,0,23,0,1.0000,988,0.027846,-1,,button,1,66,66,0,21,0,1.0000,988,6.336623,1,1,66,0,0,0,0.4,risk_path,4,Bot1|Bot2|Bot3|Bot4,,1,0
357,0.55,75,440,3146175691,832631895,3635,0.646222,504,1390,18-0,68-9,10-61,87,59,87,69,126,110,0,0,1,87,1,87,167,1,87,80,1,button,1,87,87,0,76,0,1.0000,1387,0.014619,-1,-1,button,1,87,87,0,76,0,1.0000,1387,0.048817,,-1,button,1,87,87,0,76,0,1.0000,1387,0.064869,-1,,button,1,87,87,0,76,0,1.0000,1387,9.112735,2,2,87,0,0,0,0.4,risk_path,4,Bot1|Bot2|Bot3|Bot4,,1,0
358,0.55,75,440,619419441,2208452547,3652,0.649244,505,1413,54-66,47-12,11-43,71,61,70,66,77,67,0,0,1,71,1,71,126,1,71,55,1,button,1,71,71,0,38,0,1.0000,1237,0.009340,-1,-1,button,1,71,71,0,38,0,1.0000,1237,0.022096,,-1,button,1,71,71,0,38,0,1.0000,1237,0.034566,-1,,button,1,71,71,0,38,0,1.0000,1237,6.697403,-1,-1,71,0,0,0,0.4,risk_path,4,Bot1|Bot2|Bot3|Bot4,,1,0
359,0.55,75,440,1223795627,3036548846,3649,0.648711,506,1394,57-7,12-54,8-43,92,92,87,85,21,15,1,0,1,92,0,,30,0,,,0,walked_into_fire,0,55,55,0,-24,37,0.5978,,0.003935,31,31,fire_reached_bot,0,93,30,63,-62,62,0.3261,,0.279243,,-1,fire_reached_bot,0,93,30,63,-62,62,0.3261,,0.577948,-1,,fire_reached_bot,0,93,30,63,-62,62,0.3261,,6.914497,-1,-1,93,0,30,63,,no_path,0,,Bot1|Bot2|Bot3|Bot4,0,1
360,0.55,75,440,579359964,1186995808,3635,0.646222,507,1379,22-42,54-3,35-52,77,71,23,23,78,68,0,0,1,77,1,77,123,1,77,46,1,button,1,77,77,0,9,0,1.0000,1552,0.013363,-1,-1,button,1,77,77,0,9,0,1.0000,1552,0.026836,,-1,button,1,77,77,0,9,0,1.0000,1552,0.042826,-1,,button,1,77,77,0,9,0,1.0000,1552,7.225549,21,21,77,0,0,0,0.4,risk_path,4,Bot1|Bot2|Bot3|Bot4,,1,0
361,0.55,75,440,2365814492,1911836688,3652,0.649244,497,1410,17-70,13-44,49-34,44,30,72,68,52,46,0,0,1,44,1,44,89,1,44,45,1,button,1,44,44,0,44,0,1.0000,426,0.003303,-1,-1,button,1,44,44,0,44,0,1.0000,426,0.007056,,-1,button,1,44,44,0,44,0,1.0000,426,0.008876,-1,,button,1,44,44,0,44,0,1.0000,426,3.064235,-1,-1,44,0,0,0,0.4,risk_path,4,Bot1|Bot2|Bot3|Bot4,,1,0
362,0.55,75,440,1556033072,2435529583,3641,0.647289,503,1362,41-9,37-54,29-58,73,49,81,61,12,12,1,0,1,73,0,,16,0,,,0,walked_into_fire,0,53,53,0,-36,20,0.7260,,0.005623,17,17,fire_reached_bot,0,109,16,93,-92,57,0.2192,,0.356922,,-1,fire_reached_bot,0,109,16,93,-92,57,0.2192,,0.745955,-1,,fire_reached_bot,0,109,16,93,-92,57,0.2192,,3.774420,-1,-1,109,0,16,93,,no_path,0,,Bot1|Bot2|Bot3|Bot4,0,1
363,0.55,75,440,4172303545,2847709414,3659,0.650489,521,1372,18-5,16-3,65-55,4,4,97,97,101,101,0,0,1,4,1,4,172,1,4,168,1,button,1,4,4,0,162,0,1.0000,5,0.000058,-1,-1,button,1,4,4,0,162,0,1.0000,5,0.000085,,-1,button,1,4,4,0,162,0,1.0000,5,0.000119,-1,,button,1,4,4,0,162,0,1.0000,5,0.084180,-1,-1,4,0,0,0,0.4,risk_path,4,Bot1|Bot2|Bot3|Bot4,,1,0
364,0.55,75,440,2579275816,973970230,3634,0.646044,504,1359,6-44,19-58,62-43,33,27,91,57,60,58,0,0,1,33,1,33,111,1,33,78,1,button,1,33,33,0,78,0,1.0000,340,0.001344,-1,-1,button,1,33,33,0,78,0,1.0000,340,0.003303,,-1,button,1,33,33,0,78,0,1.0000,340,0.004379,-1,,button,1,33,33,0,78,0,1.0000,340,1.967836,10,10,33,0,0,0,0.4,risk_path,4,Bot1|Bot2|Bot3|Bot4,,1,0
365,0.55,75,440,1952802954,979129697,3639,0.646933,509,1412,74-40,7-52,23-65,93,79,90,76,39,29,1,0,1,93,0,,65,0,,,0,walked_into_fire,0,57,57,0,-1,36,0.6129,696,0.005232,56,46,fire_reached_bot,0,62,61,1,0,40,0.5699,794,0.038887,,46,fire_reached_bot,0,72,65,7,-6,44,0.5269,,0.122251,46,,fire_reached_bot,0,62,61,1,0,40,0.5699,794,11.003122,-1,46,62,0,61,1,,no_path,0,,Bot1|Bot2|Bot3|Bot4,0,1
366,0.55,75,440,3081393282,309076382,3638,0.646756,493,1349,36-74,8-31,36-50,71,71,36,24,47,47,1,0,1,71,0,,89,0,,,0,walked_into_fire,0,34,34,0,-2,37,0.4789,270,0.001178,31,31,fire_reached_bot,0,32,30,2,0,41,0.4225,246,0.007624,,-1,fire_reached_bot,0,32,30,2,0,41,0.4225,246,0.008859,-1,,fire_reached_bot,0,32,30,2,0,41,0.4225,246,4.076875,-1,-1,32,0,30,2,,no_path,0,,Bot1|Bot2|Bot3|Bot4,0,1
367,0.55,75,440,3151380601,1716409728,3657,0.650133,505,1413,67-49,55-9,62-54,58,52,10,10,66,52,0,0,1,58,1,58,96,1,58,38,1,button,1,58,58,0,16,0,1.0000,844,0.006590,-1,-1,button,1,58,58,0,16,0,1.0000,844,0.014865,,-1,button,1,58,58,0,16,0,1.0000,844,0.020458,-1,,button,1,58,58,0,16,0,1.0000,844,5.171121,50,50,58,0,0,0,0.4,risk_path,4,Bot1|Bot2|Bot3|Bot4,,1,0
368,0.55,75,440,2032139050,1891626865,3643,0.647644,499,1406,56-19,54-8,30-48,15,13,57,55,66,64,0,0,1,15,1,15,98,1,15,83,1,button,1,15,15,0,82,0,1.0000,39,0.000228,-1,-1,button,1,15,15,0,82,0,1.0000,39,0.000596,,-1,button,1,15,15,0,82,0,1.0000,39,0.000700,-1,,button,1,15,15,0,82,0,1.0000,39,0.470779,-1,-1,15,0,0,0,0.4,risk_path,4,Bot1|Bot2|Bot3|Bot4,,1,0
369,0.55,75,440,737645428,557148272,3635,0.646222,500,1363,5-39,12-37,1-60,21,9,31,25,40,34,0,0,1,21,1,21,67,1,21,46,1,button,1,21,21,0,46,0,1.0000,56,0.000351,-1,-1,button,1,21,21,0,46,0,1.0000,56,0.001155,,-1,button,1,21,21,0,46,0,1.0000,56,0.001343,-1,,button,1,21,21,0,46,0,1.0000,56,0.802557,-1,-1,21,0,0,0,0.4,risk_path,4,Bot1|Bot2|Bot3|Bot4,,1,0
370,0.55,75,440,2602577069,3193247753,3645,0.648000,514,1391,69-45,24-59,39-7,83,59,82,68,87,67,0,0,1,83,1,83,132,1,83,49,1,button,1,83,83,0,43,0,1.0000,1318,0.012743,-1,-1,button,1,83,83,0,43,0,1.0000,1318,0.052230,,-1,button,1,83,83,0,43,0,1.0000,1318,0.061803,-1,,button,1,83,83,0,43,0,1.0000,1318,8.344468,-1,-1,83,0,0,0,0.4,risk_path,4,Bot1|Bot2|Bot3|Bot4,,1,0
371,0.55,75,440,1923164207,2685547185,3651,0.649067,505,1395,63-72,66-47,73-55,48,28,33,27,33,15,1,0,1,48,0,,61,0,,,0,fire_reached_bot,0,18,18,0,0,30,0.3750,57,0.000852,-1,18,fire_reached_bot,0,18,18,0,0,30,0.3750,57,0.006327,,18,fire_reached_bot,0,65,52,13,-3,32,0.3333,,0.152831,18,,fire_reached_bot,0,18,18,0,0,30,0.3750,57,2.394786,-1,18,18,0,18,0,,shortest_path_fallback,0,,Bot1|Bot2|Bot3|Bot4,0,1
372,0.55,75,440,3064658255,2591067856,3624,0.644267,503,1380,5-60,53-71,10-3,73,59,94,62,119,111,0,0,1,73,1,73,189,1,73,116,1,button,1,73,73,0,113,0,1.0000,538,0.005200,-1,-1,button,1,73,73,0,113,0,1.0000,538,0.019957,,-1,button,1,73,73,0,113,0,1.0000,538,0.027164,-1,,button,1,73,73,0,113,0,1.0000,538,7.966508,6,6,73,0,0,0,0.4,risk_path,4,Bot1|Bot2|Bot3|Bot4,,1,0
373,0.55,75,440,1154147649,4041770858,3645,0.648000,489,1406,62-19,40-29,24-69,34,32,106,88,72,56,0,0,1,34,1,34,124,1,34,90,1,button,1,34,34,0,90,0,1.0000,231,0.000980,-1,-1,button,1,34,34,0,90,0,1.0000,231,0.003098,,-1,button,1,34,34,0,90,0,1.0000,231,0.004629,-1,,button,1,34,34,0,90,0,1.0000,231,1.893206,-1,-1,34,0,0,0,0.4,risk_path,4,Bot1|Bot2|Bot3|Bot4,,1,0
374,0.55,75,440,1357385445,1134208027,3666,0.651733,513,1413,25-51,39-21,30-57,60,44,11,11,65,45,0,0,1,60,1,60,109,1,60,49,1,button,1,60,60,0,16,0,1.0000,863,0.005462,-1,-1,button,1,60,60,0,16,0,1.0000,863,0.019759,,-1,button,1,60,60,0,16,0,1.0000,863,0.028761,-1,,button,1,60,60,0,16,0,1.0000,863,4.944912,12,12,60,0,0,0,0.4,risk_path,4,Bot1|Bot2|Bot3|Bot4,,1,0
375,0.55,75,440,560426098,1461767624,3635,0.646222,513,1396,24-1,51-60,27-31,94,86,51,33,55,53,1,0,1,94,0,,80,0,,,0,fire_reached_bot,0,46,46,0,0,48,0.4894,436,0.002289,45,45,fire_reached_bot,0,71,71,0,0,43,0.5426,1342,0.031753,,66,fire_reached_bot,0,81,80,1,0,42,0.5532,,0.064418,66,,fire_reached_bot,0,71,71,0,0,43,0.5426,1342,9.954262,-1,66,71,0,71,0,,shortest_path_fallback,0,,Bot1|Bot2|Bot3|Bot4,0,1
376,0.55,75,440,1829175360,2037474768,3618,0.643200,493,1325,46-28,2-26,69-70,64,46,67,65,119,111,0,0,1,64,1,64,181,1,64,117,1,button,1,64,64,0,98,0,1.0000,533,0.004437,-1,-1,button,1,64,64,0,98,0,1.0000,533,0.015144,,-1,button,1,64,64,0,98,0,1.0000,533,0.020091,-1,,button,1,64,64,0,98,0,1.0000,533,6.254062,-1,-1,64,0,0,0,0.4,risk_path,4,Bot1|Bot2|Bot3|Bot4,,1,0
377,0.55,75,440,3056335309,1867334455,3661,0.650844,500,1439,27-46,28-68,18-56,47,23,21,19,28,22,1,0,1,47,0,,44,0,,,0,fire_reached_bot,0,13,13,0,0,34,0.2766,40,0.000532,-1,13,fire_reached_bot,0,13,13,0,0,34,0.2766,40,0.004049,,13,fire_reached_bot,0,79,44,35,-34,45,0.0426,,0.337508,13,,fire_reached_bot,0,13,13,0,0,34,0.2766,40,1.693378,-1,13,13,0,13,0,,shortest_path_fallback,0,,Bot1|Bot2|Bot3|Bot4,0,1
378,0.55,75,440,3498759806,185762425,3635,0.646222,494,1353,44-3,7-68,63-11,110,102,29,27,117,113,0,0,1,110,1,110,188,1,110,78,1,button,1,110,110,0,22,0,1.0000,1778,0.021939,-1,-1,button,1,110,110,0,22,0,1.0000,1778,0.062859,,-1,button,1,110,110,0,22,0,1.0000,1778,0.095129,-1,,button,1,110,110,0,22,0,1.0000,1778,12.791590,-1,-1,110,0,0,0,0.4,risk_path,4,Bot1|Bot2|Bot3|Bot4,,1,0
379,0.55,75,440,743858379,262038232,3647,0.648356,504,1394,0-72,40-37,64-54,77,75,92,82,45,41,1,0,1,77,0,,68,0,,,0,walked_into_fire,0,74,74,0,-5,3,0.9610,,0.009747,69,69,fire_reached_bot,0,86,68,18,-17,9,0.8831,,0.088553,,-1,fire_reached_bot,0,86,68,18,-17,9,0.8831,,0.175482,-1,,fire_reached_bot,0,86,68,18,-17,9,0.8831,,8.663295,-1,-1,86,0,68,18,,no_path,0,,Bot1|Bot2|Bot3|Bot4,0,1
380,0.55,75,440,3490957155,2695499596,3644,0.647822,514,1421,51-6,65-68,53-10,96,76,8,6,90,70,1,0,1,96,0,,150,1,108,42,0,fire_reached_bot,0,6,6,0,0,90,0.0625,9,0.001563,4,1,fire_reached_bot,0,79,68,11,0,52,0.4583,1313,0.066051,,1,button,1,108,108,0,2,0,1.0000,2091,0.132091,1,,button,1,108,108,0,7,0,1.0000,2091,11.933943,1,14,108,0,0,0,0.4,risk_path,2,Bot3|Bot4,Bot1|Bot2,0,0
381,0.55,75,440,44469780,2130841903,3651,0.649067,517,1415,41-66,32-72,23-5,21,15,87,79,102,76,0,0,1,21,1,21,164,1,21,143,1,button,1,21,21,0,136,0,1.0000,115,0.000414,-1,-1,button,1,21,21,0,136,0,1.0000,115,0.001491,,-1,button,1,21,21,0,136,0,1.0000,115,0.001760,-1,,button,1,21,21,0,136,0,1.0000,115,0.769023,-1,-1,21,0,0,0,0.4,risk_path,4,Bot1|Bot2|Bot3|Bot4,,1,0
382,0.55,75,440,1350579762,3490582419,3658,0.650311,507,1374,20-31,25-6,46-43,44,30,48,38,76,58,0,0,1,44,1,44,126,1,44,82,1,button,1,44,44,0,66,0,1.0000,477,0.002142,-1,-1,button,1,44,44,0,66,0,1.0000,477,0.008366,,-1,button,1,44,44,0,66,0,1.0000,477,0.011086,-1,,button,1,44,44,0,66,0,1.0000,477,2.938735,1,1,44,0,0,0,0.4,risk_path,4,Bot1|Bot2|Bot3|Bot4,,1,0
383,0.55,75,440,2733807543,3538856808,3647,0.648356,506,1388,65-8,0-53,51-67,112,110,87,73,81,65,1,0,1,112,0,,129,1,112,17,1,button,1,112,112,0,17,0,1.0000,1982,0.023909,-1,-1,button,1,112,112,0,17,0,1.0000,1982,0.063841,,-1,button,1,112,112,0,17,0,1.0000,1982,0.108052,-1,,button,1,112,112,0,17,0,1.0000,1982,13.882068,-1,-1,112,9,19,0,0.99,risk_path,4,Bot1|Bot2|Bot3|Bot4,,1,0
384,0.55,75,440,144857897,2449621353,3659,0.650489,507,1392,72-6,70-33,45-20,53,29,45,41,44,38,1,0,1,53,0,,55,1,55,0,0,fire_reached_bot,0,50,50,0,0,3,0.9434,840,0.005090,-1,50,fire_reached_bot,0,50,50,0,0,3,0.9434,840,0.012587,,50,fire_reached_bot,0,67,55,12,-11,4,0.9245,,0.102791,50,,fire_reached_bot,0,50,50,0,0,3,0.9434,840,4.296639,35,35,50,1,0,0,0.6,risk_path,0,,Bot1|Bot2|Bot3|Bot4,0,1
385,0.55,75,440,341761630,1725134005,3609,0.641600,497,1358,46-27,19-16,34-58,54,38,61,43,73,57,0,0,1,54,1,54,103,1,54,49,1,button,1,54,54,0,49,0,1.0000,761,0.004920,-1,-1,button,1,54,54,0,49,0,1.0000,761,0.017160,,-1,button,1,54,54,0,49,0,1.0000,761,0.021653,-1,,button,1,54,54,0,49,0,1.0000,761,4.071224,5,5,54,0,0,0,0.4,risk_path,4,Bot1|Bot2|Bot3|Bot4,,1,0
386,0.55,75,440,192649057,483095820,3649,0.648711,500,1326,43-10,1-65,10-16,107,97,47,39,70,58,1,0,1,107,0,,109,0,,,0,fire_reached_bot,0,41,41,0,0,66,0.3832,474,0.003741,34,34,fire_reached_bot,0,114,108,6,-4,3,0.9720,,0.088018,,79,fire_reached_bot,0,114,108,6,-4,3,0.9720,,0.129319,79,,fire_reached_bot,0,114,108,6,-4,3,0.9720,,14.242927,-1,79,114,6,102,6,0.99,no_path,0,,Bot1|Bot2|Bot3|Bot4,0,1
387,0.55,75,440,3803973244,2905068052,3617,0.643022,490,1340,11-68,71-0,70-47,134,128,102,80,66,48,1,0,1,134,0,,105,0,,,0,fire_reached_bot,0,98,98,0,0,36,0.7313,1322,0.014487,98,96,fire_reached_bot,0,106,102,4,0,42,0.6866,,0.101929,,96,fire_reached_bot,0,106,102,4,0,46,0.6567,,0.149150,96,,fire_reached_bot,0,106,102,4,0,42,0.6866,,18.364559,-1,96,106,0,102,4,,no_path,0,,Bot1|Bot2|Bot3|Bot4,0,1
388,0.55,75,440,1436060441,193209266,3627,0.644800,496,1372,62-48,62-52,65-20,10,4,53,31,57,35,0,0,1,10,1,10,85,1,10,75,1,button,1,10,10,0,73,0,1.0000,14,0.000103,-1,-1,button,1,10,10,0,73,0,1.0000,14,0.000220,,-1,button,1,10,10,0,73,0,1.0000,14,0.000291,-1,,button,1,10,10,0,73,0,1.0000,14,0.229517,-1,-1,10,0,0,0,0.4,risk_path,4,Bot1|Bot2|Bot3|Bot4,,1,0
389,0.55,75,440,3826677250,268213696,3645,0.648000,517,1385,26-31,33-32,8-53,12,8,40,40,48,46,0,0,1,12,1,12,74,1,12,62,1,button,1,12,12,0,62,0,1.0000,52,0.000174,-1,-1,button,1,12,12,0,62,0,1.0000,52,0.000426,,-1,button,1,12,12,0,62,0,1.0000,52,0.000545,-1,,button,1,12,12,0,62,0,1.0000,52,0.303180,7,7,12,0,0,0,0.4,risk_path,4,Bot1|Bot2|Bot3|Bot4,,1,0
390,0.55,75,440,1922677758,3470194275,3657,0.650133,504,1385,3-43,21-19,17-61,44,42,34,32,58,46,0,0,1,44,1,44,92,1,44,48,1,button,1,44,44,0,33,0,1.0000,518,0.002279,-1,-1,button,1,44,44,0,33,0,1.0000,518,0.006497,,-1,button,1,44,44,0,33,0,1.0000,518,0.008386,-1,,button,1,44,44,0,33,0,1.0000,518,2.886176,32,32,44,0,0,0,0.4,risk_path,4,Bot1|Bot2|Bot3|Bot4,,1,0
391,0.55,75,440,220974170,2519797936,3660,0.650667,503,1355,72-66,1-1,16-34,142,136,96,88,52,48,1,0,1,142,0,,87,0,,,0,walked_into_fire,0,61,61,0,-1,81,0.4296,1180,0.007903,45,45,fire_reached_bot,0,76,63,13,0,89,0.3732,1770,0.113539,,-1,fire_reached_bot,0,76,63,13,0,89,0.3732,1770,0.178309,-1,,fire_reached_bot,0,76,63,13,0,89,0.3732,1770,12.428290,-1,-1,76,0,63,13,,no_path,0,,Bot1|Bot2|Bot3|Bot4,0,1
392,0.55,75,440,311089741,15779671,3622,0.643911,498,1359,62-59,70-45,20-52,24,22,73,49,71,57,0,0,1,24,1,24,112,1,24,88,1,button,1,24,24,0,88,0,1.0000,143,0.000509,-1,-1,button,1,24,24,0,88,0,1.0000,143,0.001287,,-1,button,1,24,24,0,88,0,1.0000,143,0.001765,-1,,button,1,24,24,0,88,0,1.0000,143,0.963337,9,9,24,0,0,0,0.4,risk_path,4,Bot1|Bot2|Bot3|Bot4,,1,0
393,0.55,75,440,3786552960,3978206707,3625,0.644444,503,1356,59-68,38-39,26-64,58,50,49,37,57,37,1,0,1,58,0,,97,1,58,39,1,button,1,58,58,0,23,0,1.0000,641,0.004196,-1,-1,button,1,58,58,0,23,0,1.0000,641,0.011672,,-1,button,1,58,58,0,23,0,1.0000,641,0.016337,-1,,button,1,58,58,0,23,0,1.0000,641,4.945139,-1,-1,58,0,0,0,0.4,risk_path,4,Bot1|Bot2|Bot3|Bot4,,1,0
394,0.55,75,440,1026823686,935493975,3622,0.643911,526,1408,70-22,67-29,30-64,16,10,88,82,76,72,0,0,1,16,1,16,114,1,16,98,1,button,1,16,16,0,90,0,1.0000,88,0.000338,-1,-1,button,1,16,16,0,90,0,1.0000,88,0.000884,,-1,button,1,16,16,0,90,0,1.0000,88,0.001103,-1,,button,1,16,16,0,90,0,1.0000,88,0.492999,-1,-1,16,0,0,0,0.4,risk_path,4,Bot1|Bot2|Bot3|Bot4,,1,0
395,0.55,75,440,3873671478,4157908143,3653,0.649422,512,1406,63-33,71-71,3-25,56,46,82,68,116,114,0,0,1,56,1,56,177,1,56,121,1,button,1,56,56,0,114,0,1.0000,620,0.003739,-1,-1,button,1,56,56,0,114,0,1.0000,620,0.011320,,-1,button,1,56,56,0,114,0,1.0000,620,0.019377,-1,,button,1,56,56,0,121,0,1.0000,620,4.964054,5,5,56,0,0,0,0.4,risk_path,4,Bot1|Bot2|Bot3|Bot4,,1,0
396,0.55,75,440,1326410439,1678133499,3636,0.646400,501,1367,2-32,60-34,74-56,78,60,104,96,40,36,1,0,1,78,0,,64,0,,,0,walked_into_fire,0,64,64,0,-1,14,0.8205,519,0.003387,61,60,fire_reached_bot,0,74,64,10,-9,22,0.7179,,0.072306,,60,fire_reached_bot,0,78,64,14,-13,20,0.7436,,0.160850,60,,fire_reached_bot,0,74,64,10,-9,22,0.7179,,9.769790,-1,60,74,0,64,10,,no_path,0,,Bot1|Bot2|Bot3|Bot4,0,1
397,0.55,75,440,613184341,3716848103,3654,0.649600,506,1368,74-57,2-1,55-66,134,128,32,28,126,118,1,0,1,134,0,,205,1,134,71,1,button,1,134,134,0,4,0,1.0000,2589,0.042853,-1,-1,button,1,134,134,0,4,0,1.0000,2589,0.147503,,-1,button,1,134,134,0,4,0,1.0000,2589,0.193726,-1,,button,1,134,134,0,15,0,1.0000,2589,16.299092,1,1,134,0,0,0,0.4,risk_path,4,Bot1|Bot2|Bot3|Bot4,,1,0
398,0.55,75,440,140259070,1404237909,3636,0.646400,513,1339,1-48,63-13,41-37,97,97,53,51,54,46,1,0,1,97,0,,85,0,,,0,walked_into_fire,0,34,34,0,-1,63,0.3505,299,0.001489,34,34,fire_reached_bot,0,43,41,2,0,60,0.3814,578,0.019447,,-1,fire_reached_bot,0,43,41,2,0,60,0.3814,578,0.022917,-1,,fire_reached_bot,0,43,41,2,0,60,0.3814,578,6.560987,-1,-1,43,0,41,2,,no_path,0,,Bot1|Bot2|Bot3|Bot4,0,1
399,0.55,75,440,1706966771,3646661798,3652,0.649244,511,1407,32-34,29-13,48-3,40,24,55,47,35,29,1,0,1,40,0,,55,1,40,15,1,button,1,40,40,0,15,0,1.0000,345,0.001783,-1,-1,button,1,40,40,0,15,0,1.0000,345,0.006191,,-1,button,1,40,40,0,15,0,1.0000,345,0.007698,-1,,button,1,40,40,0,15,0,1.0000,345,2.527106,-1,-1,40,0,0,0,0.4,risk_path,4,Bot1|Bot2|Bot3|Bot4,,1,0
400,0.55,75,440,1557608422,587872040,3654,0.649600,504,1397,49-5,1-60,36-26,109,103,40,34,73,69,1,0,1,109,0,,116,0,,,0,fire_reached_bot,0,33,33,0,0,76,0.3028,397,0.001904,31,29,fire_reached_bot,0,75,69,6,0,88,0.1927,1966,0.069412,,29,fire_reached_bot,0,73,69,4,0,84,0.2294,1891,0.094514,29,,fire_reached_bot,0,75,69,6,0,88,0.1927,1966,10.330601,-1,29,75,0,69,6,,no_path,0,,Bot1|Bot2|Bot3|Bot4,0,1
401,0.55,75,440,2000075961,2745563048,3647,0.648356,506,1360,53-41,74-15,43-8,51,47,65,43,46,38,1,0,1,51,0,,58,1,51,7,1,button,1,51,51,0,7,0,1.0000,572,0.003069,-1,-1,button,1,51,51,0,7,0,1.0000,572,0.010956,,-1,button,1,51,51,0,7,0,1.0000,572,0.014954,-1,,button,1,51,51,0,7,0,1.0000,572,3.795952,19,19,51,0,0,0,0.4,risk_path,4,Bot1|Bot2|Bot3|Bot4,,1,0
402,0.55,75,440,4291152545,2741335827,3641,0.647289,513,1401,4-47,39-45,36-43,57,37,58,36,5,5,1,0,1,57,0,,8,0,,,0,fire_reached_bot,0,36,36,0,-27,21,0.6316,,0.001684,9,9,fire_reached_bot,0,87,8,79,-78,49,0.1404,,0.263406,,-1,fire_reached_bot,0,87,8,79,-78,49,0.1404,,0.532973,-1,,fire_reached_bot,0,87,8,79,-78,49,0.1404,,1.829316,-1,-1,87,0,8,79,,no_path,0,,Bot1|Bot2|Bot3|Bot4,0,1
403,0.55,75,440,2060592027,3688875005,3646,0.648178,499,1396,8-70,21-2,51-54,107,81,71,59,86,82,1,0,1,107,0,,152,1,107,45,1,button,1,107,107,0,25,0,1.0000,2282,0.026439,-1,-1,button,1,107,107,0,25,0,1.0000,2282,0.079189,,-1,button,1,107,107,0,25,0,1.0000,2282,0.107154,-1,,button,1,107,107,0,25,0,1.0000,2282,11.419478,31,31,107,9,8,0,0.99,risk_path,4,Bot1|Bot2|Bot3|Bot4,,1,0
404,0.55,75,440,1918492199,551143425,3649,0.648711,506,1398,38-59,6-65,53-74,52,38,30,30,68,56,0,0,1,52,1,52,125,1,52,73,1,button,1,52,52,0,43,0,1.0000,473,0.003126,-1,-1,button,1,52,52,0,43,0,1.0000,473,0.009966,,-1,button,1,52,52,0,43,0,1.0000,473,0.012880,-1,,button,1,52,52,0,43,0,1.0000,473,4.101659,-1,-1,52,0,0,0,0.4,risk_path,4,Bot1|Bot2|Bot3|Bot4,,1,0
405,0.55,75,440,4258988007,102048511,3637,0.646578,505,1392,3-50,24-64,58-47,35,35,74,58,57,51,0,0,1,35,1,35,86,1,35,51,1,button,1,35,35,0,49,0,1.0000,311,0.001215,-1,-1,button,1,35,35,0,49,0,1.0000,311,0.003552,,-1,button,1,35,35,0,49,0,1.0000,311,0.004580,-1,,button,1,35,35,0,49,0,1.0000,311,1.923196,7,7,35,0,0,0,0.4,risk_path,4,Bot1|Bot2|Bot3|Bot4,,1,0
406,0.55,75,440,1836645683,3217807480,3644,0.647822,502,1331,0-46,40-23,63-28,79,63,105,81,32,28,1,0,1,79,0,,53,0,,,0,walked_into_fire,0,68,68,0,-14,11,0.8608,,0.007661,54,54,fire_reached_bot,0,95,53,42,-41,26,0.6709,,0.176762,,-1,fire_reached_bot,0,95,53,42,-41,26,0.6709,,0.336674,-1,,fire_reached_bot,0,95,53,42,-41,26,0.6709,,8.562610,-1,-1,95,0,53,42,,no_path,0,,Bot1|Bot2|Bot3|Bot4,0,1
407,0.55,75,440,348380400,1235727142,3621,0.643733,502,1332,23-11,33-46,23-72,49,45,79,61,46,36,1,0,1,49,0,,84,1,49,35,1,button,1,49,49,0,35,0,1.0000,230,0.001289,-1,-1,button,1,49,49,0,35,0,1.0000,230,0.005703,,-1,button,1,49,49,0,35,0,1.0000,230,0.006939,-1,,button,1,49,49,0,35,0,1.0000,230,3.791205,15,15,49,0,0,0,0.4,risk_path,4,Bot1|Bot2|Bot3|Bot4,,1,0
408,0.55,75,440,649723473,128509568,3652,0.649244,507,1389,26-9,6-2,14-47,31,27,66,50,73,53,0,0,1,31,1,31,122,1,31,91,1,button,1,31,31,0,88,0,1.0000,195,0.000787,-1,-1,button,1,31,31,0,88,0,1.0000,195,0.003451,,-1,button,1,31,31,0,88,0,1.0000,195,0.003626,-1,,button,1,31,31,0,88,0,1.0000,195,1.586652,-1,-1,31,0,0,0,0.4,risk_path,4,Bot1|Bot2|Bot3|Bot4,,1,0
409,0.55,75,440,1213574996,1326260514,3647,0.648356,488,1368,55-57,35-55,55-12,30,22,69,45,67,63,0,0,1,30,1,30,106,1,30,76,1,button,1,30,30,0,76,0,1.0000,231,0.000992,-1,-1,button,1,30,30,0,76,0,1.0000,231,0.003447,,-1,button,1,30,30,0,76,0,1.0000,231,0.004353,-1,,button,1,30,30,0,72,0,1.0000,231,1.493734,6,6,30,0,0,0,0.4,risk_path,4,Bot1|Bot2|Bot3|Bot4,,1,0
410,0.55,75,440,399927594,1172635717,3649,0.648711,503,1395,70-34,60-58,10-58,38,34,88,84,70,50,0,0,1,38,1,38,111,1,38,73,1,button,1,38,38,0,73,0,1.0000,226,0.001164,-1,-1,button,1,38,38,0,73,0,1.0000,226,0.004570,,-1,button,1,38,38,0,73,0,1.0000,226,0.005720,-1,,button,1,38,38,0,73,0,1.0000,226,2.298703,-1,-1,38,0,0,0,0.4,risk_path,4,Bot1|Bot2|Bot3|Bot4,,1,0
411,0.55,75,440,94789281,138735109,3646,0.648178,506,1409,35-29,8-74,34-65,78,72,51,37,39,35,1,0,1,78,0,,62,0,,,0,fire_reached_bot,0,47,47,0,0,31,0.6026,696,0.004217,47,47,fire_reached_bot,0,56,51,5,0,29,0.6282,923,0.047864,,-1,fire_reached_bot,0,56,51,5,0,29,0.6282,923,0.080543,-1,,fire_reached_bot,0,56,51,5,0,29,0.6282,923,7.281707,-1,-1,56,0,51,5,,no_path,0,,Bot1|Bot2|Bot3|Bot4,0,1
412,0.55,75,440,4204771711,1699448702,3649,0.648711,521,1344,25-68,64-22,8-1,101,85,108,84,83,77,1,0,1,101,0,,132,1,101,31,1,button,1,101,101,0,26,0,1.0000,1065,0.010027,-1,-1,button,1,101,101,0,26,0,1.0000,1065,0.038629,,-1,button,1,101,101,0,26,0,1.0000,1065,0.050259,-1,,button,1,101,101,0,26,0,1.0000,1065,12.814229,39,39,101,1,0,0,0.6,risk_path,4,Bot1|Bot2|Bot3|Bot4,,1,0
413,0.55,75,440,823494903,3566751827,3642,0.647467,516,1387,71-17,60-13,29-23,25,15,60,48,45,41,0,0,1,25,1,25,65,1,25,40,1,button,1,25,25,0,40,0,1.0000,203,0.000718,-1,-1,button,1,25,25,0,40,0,1.0000,203,0.001670,,-1,button,1,25,25,0,40,0,1.0000,203,0.002249,-1,,button,1,25,25,0,40,0,1.0000,203,1.085003,-1,-1,25,0,0,0,0.4,risk_path,4,Bot1|Bot2|Bot3|Bot4,,1,0
414,0.55,75,440,277766336,146189312,3644,0.647822,499,1356,58-60,40-20,62-46,72,58,22,18,64,48,1,0,1,72,0,,105,1,72,33,1,button,1,72,72,0,12,0,1.0000,1092,0.009233,-1,-1,button,1,72,72,0,12,0,1.0000,1092,0.032888,,-1,button,1,72,72,0,12,0,1.0000,1092,0.044025,-1,,button,1,72,72,0,12,0,1.0000,1092,6.866830,62,62,72,0,0,0,0.4,risk_path,4,Bot1|Bot2|Bot3|Bot4,,1,0
415,0.55,75,440,2294360336,2377130893,3660,0.650667,509,1386,42-45,54-71,24-24,44,38,39,39,83,77,0,0,1,44,1,44,129,1,44,85,1,button,1,44,44,0,62,0,1.0000,304,0.001351,-1,-1,button,1,44,44,0,62,0,1.0000,304,0.005026,,-1,button,1,44,44,0,62,0,1.0000,304,0.006189,-1,,button,1,44,44,0,62,0,1.0000,304,3.455480,11,11,44,0,0,0,0.4,risk_path,4,Bot1|Bot2|Bot3|Bot4,,1,0
416,0.55,75,440,4063297683,2159750137,3631,0.645511,496,1409,73-41,65-67,49-26,38,34,53,39,63,57,0,0,1,38,1,38,101,1,38,63,1,button,1,38,38,0,63,0,1.0000,323,0.001361,-1,-1,button,1,38,38,0,63,0,1.0000,323,0.004846,,-1,button,1,38,38,0,63,0,1.0000,323,0.006213,-1,,button,1,38,38,0,63,0,1.0000,323,2.309078,-1,-1,38,0,0,0,0.4,risk_path,4,Bot1|Bot2|Bot3|Bot4,,1,0
417,0.55,75,440,4136068613,3935871520,3621,0.643733,502,1362,57-26,62-4,25-23,29,27,53,35,62,56,0,0,1,29,1,29,102,1,29,73,1,button,1,29,29,0,67,0,1.0000,240,0.000907,-1,-1,button,1,29,29,0,67,0,1.0000,240,0.002404,,-1,button,1,29,29,0,67,0,1.0000,240,0.003301,-1,,button,1,29,29,0,67,0,1.0000,240,1.365581,23,23,29,0,0,0,0.4,risk_path,4,Bot1|Bot2|Bot3|Bot4,,1,0
418,0.55,75,440,3079297320,2426746488,3636,0.646400,501,1421,50-61,33-15,73-21,71,63,79,63,60,46,1,0,1,71,0,,118,1,71,47,1,button,1,71,71,0,47,0,1.0000,512,0.003823,-1,-1,button,1,71,71,0,47,0,1.0000,512,0.017576,,-1,button,1,71,71,0,47,0,1.0000,512,0.021926,-1,,button,1,71,71,0,47,0,1.0000,512,7.176989,-1,-1,71,0,0,0,0.4,risk_path,4,Bot1|Bot2|Bot3|Bot4,,1,0
419,0.55,75,440,4257723732,3495392713,3654,0.649600,498,1377,48-73,69-49,48-45,53,45,42,28,33,25,1,0,1,53,0,,50,0,,,0,walked_into_fire,0,31,31,0,-1,22,0.5849,310,0.001609,28,26,fire_reached_bot,0,59,50,9,-8,13,0.7547,,0.025522,,26,fire_reached_bot,0,58,50,8,-7,9,0.8302,,0.035865,26,,fire_reached_bot,0,59,50,9,-8,13,0.7547,,4.522868,-1,26,59,0,50,9,,no_path,0,,Bot1|Bot2|Bot3|Bot4,0,1
420,0.55,75,440,4078690204,3768167155,3654,0.649600,511,1398,67-28,21-7,28-59,79,67,74,70,75,59,1,0,1,79,0,,122,1,79,43,1,button,1,79,79,0,43,0,1.0000,1621,0.015416,-1,-1,button,1,79,79,0,43,0,1.0000,1621,0.046923,,-1,button,1,79,79,0,43,0,1.0000,1621,0.065258,-1,,button,1,79,79,0,43,0,1.0000,1621,7.670998,-1,-1,79,0,0,0,0.4,risk_path,4,Bot1|Bot2|Bot3|Bot4,,1,0
421,0.55,75,440,958537604,1453352966,3651,0.649067,500,1404,28-43,1-30,35-32,50,40,18,18,50,36,0,0,1,50,0,,84,1,50,34,1,button,1,50,50,0,17,0,1.0000,478,0.002350,-1,-1,button,1,50,50,0,17,0,1.0000,478,0.007302,,-1,button,1,50,50,0,17,0,1.0000,478,0.009341,-1,,button,1,50,50,0,17,0,1.0000,478,3.762764,-1,-1,50,0,0,0,0.4,risk_path,4,Bot1|Bot2|Bot3|Bot4,,1,0
422,0.55,75,440,2355762477,2963328483,3669,0.652267,526,1440,54-11,49-40,53-34,40,34,34,24,10,10,1,0,1,40,0,,17,0,,,0,walked_into_fire,0,20,20,0,-3,20,0.5000,,0.000547,12,12,fire_reached_bot,0,32,13,19,-14,31,0.2250,,0.104862,,-1,fire_reached_bot,0,32,13,19,-14,31,0.2250,,0.214652,-1,,fire_reached_bot,0,32,13,19,-14,31,0.2250,,2.261011,-1,-1,32,0,13,19,,no_path,0,,Bot1|Bot2|Bot3|Bot4,0,1
423,0.55,75,440,3860660340,1064690405,3656,0.649956,501,1379,41-13,19-25,56-67,36,34,91,69,81,79,0,0,1,36,1,36,132,1,36,96,1,button,1,36,36,0,93,0,1.0000,313,0.001536,-1,-1,button,1,36,36,0,93,0,1.0000,313,0.003797,,-1,button,1,36,36,0,93,0,1.0000,313,0.005487,-1,,button,1,36,36,0,93,0,1.0000,313,2.094963,-1,-1,36,0,0,0,0.4,risk_path,4,Bot1|Bot2|Bot3|Bot4,,1,0
424,0.55,75,440,4240931953,1182499683,3665,0.651556,513,1403,19-9,38-33,56-58,51,43,90,86,51,43,0,0,1,51,1,51,83,1,51,32,1,button,1,51,51,0,32,0,1.0000,694,0.004446,-1,-1,button,1,51,51,0,32,0,1.0000,694,0.013322,,-1,button,1,51,51,0,32,0,1.0000,694,0.016541,-1,,button,1,51,51,0,32,0,1.0000,694,3.958586,1,1,51,0,0,0,0.4,risk_path,4,Bot1|Bot2|Bot3|Bot4,,1,0
425,0.55,75,440,2493525027,414517936,3643,0.647644,501,1383,58-63,3-72,18-64,90,64,67,41,25,23,1,0,1,90,0,,49,0,,,0,walked_into_fire,0,41,41,0,-1,49,0.4556,410,0.002699,11,10,fire_reached_bot,0,79,37,42,-29,73,0.1889,,0.235012,,10,fire_reached_bot,0,77,37,40,-27,71,0.2111,,0.406926,10,,fire_reached_bot,0,79,37,42,-29,73,0.1889,,9.356534,-1,10,79,0,37,42,,no_path,0,,Bot1|Bot2|Bot3|Bot4,0,1
426,0.55,75,440,836001522,3918252539,3632,0.645689,504,1368,22-45,44-49,26-42,34,26,7,7,29,25,1,0,1,34,0,,52,0,,,0,walked_into_fire,0,5,5,0,-1,29,0.1471,10,0.000193,5,2,fire_reached_bot,0,54,50,4,-1,20,0.4118,,0.013278,,2,fire_reached_bot,0,67,52,15,-14,24,0.2941,,0.068077,2,,fire_reached_bot,0,54,50,4,-1,20,0.4118,,4.869509,-1,2,54,4,46,4,0.99,no_path,0,,Bot1|Bot2|Bot3|Bot4,0,1
427,0.55,75,440,435955948,1367064018,3647,0.648356,496,1404,47-12,21-74,60-61,96,88,70,62,82,52,1,0,1,96,0,,141,1,96,45,1,button,1,96,96,0,12,0,1.0000,1545,0.019514,-1,-1,button,1,96,96,0,12,0,1.0000,1545,0.065485,,-1,button,1,96,96,0,12,0,1.0000,1545,0.092369,-1,,button,1,96,96,0,12,0,1.0000,1545,10.990190,-1,-1,96,0,0,0,0.4,risk_path,4,Bot1|Bot2|Bot3|Bot4,,1,0
428,0.55,75,440,2279097245,954607641,3621,0.643733,485,1323,11-38,1-39,51-68,11,11,76,70,81,79,0,0,1,11,1,11,142,1,11,131,1,button,1,11,11,0,126,0,1.0000,39,0.000151,-1,-1,button,1,11,11,0,126,0,1.0000,39,0.000297,,-1,button,1,11,11,0,126,0,1.0000,39,0.000365,-1,,button,1,11,11,0,126,0,1.0000,39,0.275738,-1,-1,11,0,0,0,0.4,risk_path,4,Bot1|Bot2|Bot3|Bot4,,1,0
429,0.55,75,440,2932552292,18426317,3674,0.653156,511,1398,22-34,51-14,67-21,59,49,66,58,37,23,1,0,1,59,0,,66,1,59,7,1,button,1,59,59,0,7,0,1.0000,421,0.003352,-1,-1,button,1,59,59,0,7,0,1.0000,421,0.018214,,-1,button,1,59,59,0,7,0,1.0000,421,0.021188,-1,,button,1,59,59,0,7,0,1.0000,421,6.092321,52,52,59,7,27,0,0.99,risk_path,4,Bot1|Bot2|Bot3|Bot4,,1,0
430,0.55,75,440,2526166132,2004277368,3663,0.651200,520,1424,48-54,7-1,3-67,98,94,78,58,90,70,1,0,1,98,0,,147,1,98,49,1,button,1,98,98,0,28,0,1.0000,1081,0.011917,-1,-1,button,1,98,98,0,28,0,1.0000,1081,0.053952,,-1,button,1,98,98,0,28,0,1.0000,1081,0.074052,-1,,button,1,98,98,0,28,0,1.0000,1081,13.723461,-1,-1,98,0,0,0,0.4,risk_path,4,Bot1|Bot2|Bot3|Bot4,,1,0
431,0.55,75,440,2360711024,676293112,3646,0.648178,499,1381,49-31,9-40,65-23,57,49,28,24,81,73,0,0,1,57,1,57,136,1,57,79,1,button,1,57,57,0,38,0,1.0000,810,0.005393,-1,-1,button,1,57,57,0,38,0,1.0000,810,0.013699,,-1,button,1,57,57,0,38,0,1.0000,810,0.019481,-1,,button,1,57,57,0,38,0,1.0000,810,5.040155,-1,-1,57,0,0,0,0.4,risk_path,4,Bot1|Bot2|Bot3|Bot4,,1,0
432,0.55,75,440,1910899855,3074822446,3643,0.647644,516,1359,33-54,51-29,56-40,55,43,49,37,16,16,1,0,1,55,0,,22,0,,,0,walked_into_fire,0,32,32,0,-9,23,0.5818,,0.001652,23,23,fire_reached_bot,0,45,22,23,-22,33,0.4000,,0.121879,,-1,fire_reached_bot,0,45,22,23,-22,33,0.4000,,0.247883,-1,,fire_reached_bot,0,45,22,23,-22,33,0.4000,,4.120160,-1,-1,45,0,22,23,,no_path,0,,Bot1|Bot2|Bot3|Bot4,0,1
433,0.55,75,440,2661614459,1963583143,3649,0.648711,498,1378,42-68,17-18,56-34,83,75,52,48,59,55,1,0,1,83,0,,95,1,93,2,0,fire_reached_bot,0,49,49,0,0,34,0.5904,728,0.004524,-1,-1,fire_reached_bot,0,49,49,0,0,34,0.5904,728,0.025795,,-1,fire_reached_bot,0,49,49,0,0,34,0.5904,728,0.028937,-1,,fire_reached_bot,0,49,49,0,0,34,0.5904,728,8.168176,-1,-1,49,9,40,0,0.99,risk_path,0,,Bot1|Bot2|Bot3|Bot4,0,1
434,0.55,75,440,3282060075,882283043,3638,0.646756,507,1363,17-63,15-48,25-14,17,17,75,57,60,44,0,0,1,17,1,17,95,1,17,78,1,button,1,17,17,0,78,0,1.0000,32,0.000175,-1,-1,button,1,17,17,0,78,0,1.0000,32,0.000591,,-1,button,1,17,17,0,78,0,1.0000,32,0.000700,-1,,button,1,17,17,0,78,0,1.0000,32,0.603325,-1,-1,17,0,0,0,0.4,risk_path,4,Bot1|Bot2|Bot3|Bot4,,1,0
435,0.55,75,440,3996130700,1346204788,3641,0.647289,510,1369,33-13,9-17,51-33,36,28,48,38,72,58,0,0,1,36,1,36,120,1,36,84,1,button,1,36,36,0,73,0,1.0000,340,0.001385,-1,-1,button,1,36,36,0,73,0,1.0000,340,0.004597,,-1,button,1,36,36,0,73,0,1.0000,340,0.006027,-1,,button,1,36,36,0,73,0,1.0000,340,2.242030,-1,-1,36,0,0,0,0.4,risk_path,4,Bot1|Bot2|Bot3|Bot4,,1,0
436,0.55,75,440,836374606,2519469390,3644,0.647822,514,1410,66-40,20-42,12-26,64,48,78,68,26,24,1,0,1,64,0,,36,0,,,0,walked_into_fire,0,52,52,0,-15,12,0.8125,,0.004886,37,37,fire_reached_bot,0,75,36,39,-38,28,0.5625,,0.161401,,-1,fire_reached_bot,0,75,36,39,-38,28,0.5625,,0.308609,-1,,fire_reached_bot,0,75,36,39,-38,28,0.5625,,5.741447,-1,-1,75,0,36,39,,no_path,0,,Bot1|Bot2|Bot3|Bot4,0,1
437,0.55,75,440,3431814037,2475972391,3665,0.651556,509,1430,18-47,46-36,51-30,43,39,54,50,11,11,1,0,1,43,0,,18,0,,,0,walked_into_fire,0,33,33,0,-14,10,0.7674,,0.001392,19,19,fire_reached_bot,0,53,18,35,-34,25,0.4186,,0.165937,,-1,fire_reached_bot,0,53,18,35,-34,25,0.4186,,0.357715,-1,,fire_reached_bot,0,53,18,35,-34,25,0.4186,,2.336832,-1,-1,53,0,18,35,,no_path,0,,Bot1|Bot2|Bot3|Bot4,0,1
438,0.55,75,440,1717278258,3909387573,3628,0.644978,489,1365,62-2,11-7,19-66,66,56,109,107,83,67,0,0,1,66,1,66,125,1,66,59,1,button,1,66,66,0,58,0,1.0000,971,0.007131,-1,-1,button,1,66,66,0,58,0,1.0000,971,0.018121,,-1,button,1,66,66,0,58,0,1.0000,971,0.026099,-1,,button,1,66,66,0,58,0,1.0000,971,6.997004,-1,-1,66,0,0,0,0.4,risk_path,4,Bot1|Bot2|Bot3|Bot4,,1,0
439,0.55,75,440,601328095,3338845994,3660,0.650667,513,1409,49-10,22-21,7-64,58,38,102,96,64,58,0,0,1,58,1,58,104,1,58,46,1,button,1,58,58,0,40,0,1.0000,463,0.003790,-1,-1,button,1,58,58,0,40,0,1.0000,463,0.020026,,-1,button,1,58,58,0,40,0,1.0000,463,0.024117,-1,,button,1,58,58,0,40,0,1.0000,463,5.489534,-1,-1,58,0,0,0,0.4,risk_path,4,Bot1|Bot2|Bot3|Bot4,,1,0
440,0.55,75,440,2216123474,76203067,3642,0.647467,521,1396,71-40,18-70,58-46,91,83,25,19,66,64,1,0,1,91,0,,100,0,,,0,fire_reached_bot,0,17,17,0,0,74,0.1868,92,0.012413,16,16,fire_reached_bot,0,25,22,3,0,73,0.1978,213,0.015336,,18,fire_reached_bot,0,38,32,6,0,89,0.0220,477,0.030881,18,,fire_reached_bot,0,25,22,3,0,73,0.1978,213,4.273209,-1,18,25,0,22,3,,no_path,0,,Bot1|Bot2|Bot3|Bot4,0,1
441,0.55,75,440,2952930947,3442715,3633,0.645867,493,1336,34-33,4-65,13-73,70,62,69,61,21,17,1,0,1,70,0,,35,0,,,0,walked_into_fire,0,43,43,0,-7,27,0.6143,,0.002214,35,35,fire_reached_bot,0,55,34,21,-19,36,0.4857,,0.115993,,-1,fire_reached_bot,0,55,34,21,-19,36,0.4857,,0.216799,-1,,fire_reached_bot,0,55,34,21,-19,36,0.4857,,7.003821,-1,-1,55,0,34,21,,no_path,0,,Bot1|Bot2|Bot3|Bot4,0,1
442,0.55,75,440,954329560,321467233,3659,0.650489,499,1374,67-24,7-24,36-66,86,60,77,73,75,71,1,0,1,86,0,,117,1,86,31,1,button,1,86,86,0,27,0,1.0000,1509,0.014687,-1,-1,button,1,86,86,0,27,0,1.0000,1509,0.040606,,-1,button,1,86,86,0,27,0,1.0000,1509,0.065653,-1,,button,1,86,86,0,27,0,1.0000,1509,9.768989,-1,-1,86,0,0,0,0.4,risk_path,4,Bot1|Bot2|Bot3|Bot4,,1,0
443,0.55,75,440,2194090034,1836282544,3620,0.643556,485,1382,59-51,66-29,6-24,39,29,88,80,83,65,0,0,1,39,1,39,141,1,39,102,1,button,1,39,39,0,94,0,1.0000,281,0.001710,-1,-1,button,1,39,39,0,94,0,1.0000,281,0.006407,,-1,button,1,39,39,0,94,0,1.0000,281,0.007064,-1,,button,1,39,39,0,94,0,1.0000,281,2.557548,27,27,39,0,0,0,0.4,risk_path,4,Bot1|Bot2|Bot3|Bot4,,1,0
444,0.55,75,440,99980322,3105913063,3629,0.645156,499,1364,32-3,62-72,50-46,109,99,71,61,52,38,1,0,1,109,0,,77,0,,,0,fire_reached_bot,0,44,44,0,0,65,0.4037,566,0.004274,35,35,fire_reached_bot,0,47,47,0,0,68,0.3761,664,0.073958,,46,fire_reached_bot,0,56,52,4,0,75,0.3119,915,0.123269,46,,fire_reached_bot,0,47,47,0,0,68,0.3761,664,10.161324,-1,46,47,0,47,0,,shortest_path_fallback,0,,Bot1|Bot2|Bot3|Bot4,0,1
445,0.55,75,440,4143197766,1623788008,3645,0.648000,506,1364,60-66,70-44,12-31,34,32,91,83,97,71,0,0,1,34,1,34,172,1,34,138,1,button,1,34,34,0,124,0,1.0000,246,0.001312,-1,-1,button,1,34,34,0,124,0,1.0000,246,0.002516,,-1,button,1,34,34,0,124,0,1.0000,246,0.003659,-1,,button,1,34,34,0,124,0,1.0000,246,1.958866,13,13,34,0,0,0,0.4,risk_path,4,Bot1|Bot2|Bot3|Bot4,,1,0
446,0.55,75,440,846446360,2130916755,3634,0.646044,496,1358,39-19,71-58,53-21,79,71,24,16,73,55,1,0,1,79,0,,115,1,79,36,1,button,1,79,79,0,10,0,1.0000,1616,0.017105,-1,-1,button,1,79,79,0,10,0,1.0000,1616,0.049684,,-1,button,1,79,79,0,10,0,1.0000,1616,0.066282,-1,,button,1,79,79,0,10,0,1.0000,1616,7.981657,32,32,79,0,0,0,0.4,risk_path,4,Bot1|Bot2|Bot3|Bot4,,1,0
447,0.55,75,440,779460035,79676451,3647,0.648356,502,1429,35-37,33-67,8-44,46,32,60,34,56,48,0,0,1,46,1,46,89,1,46,43,1,button,1,46,46,0,43,0,1.0000,365,0.002289,-1,-1,button,1,46,46,0,43,0,1.0000,365,0.006611,,-1,button,1,46,46,0,43,0,1.0000,365,0.008039,-1,,button,1,46,46,0,43,0,1.0000,365,3.622438,-1,-1,46,0,0,0,0.4,risk_path,4,Bot1|Bot2|Bot3|Bot4,,1,0
448,0.55,75,440,1123366057,3344577641,3660,0.650667,494,1419,30-32,27-34,73-46,11,5,79,57,84,58,0,0,1,11,1,11,131,1,11,120,1,button,1,11,11,0,119,0,1.0000,22,0.000163,-1,-1,button,1,11,11,0,119,0,1.0000,22,0.000310,,-1,button,1,11,11,0,119,0,1.0000,22,0.000351,-1,,button,1,11,11,0,119,0,1.0000,22,0.284107,-1,-1,11,0,0,0,0.4,risk_path,4,Bot1|Bot2|Bot3|Bot4,,1,0
449,0.55,75,440,2060266283,3682968219,3648,0.648533,502,1416,66-6,7-5,44-56,86,60,86,72,98,88,0,0,1,86,1,86,158,1,86,72,1,button,1,86,86,0,71,0,1.0000,1518,0.015595,-1,-1,button,1,86,86,0,71,0,1.0000,1518,0.032577,,-1,button,1,86,86,0,71,0,1.0000,1518,0.048788,-1,,button,1,86,86,0,71,0,1.0000,1518,9.669391,-1,-1,86,0,0,0,0.4,risk_path,4,Bot1|Bot2|Bot3|Bot4,,1,0
450,0.55,75,440,3271714734,783943413,3641,0.647289,494,1354,33-11,36-11,36-6,3,3,8,8,5,5,0,0,1,3,1,3,6,1,3,3,1,button,1,3,3,0,3,0,1.0000,4,0.000060,-1,-1,button,1,3,3,0,3,0,1.0000,4,0.000064,,-1,button,1,3,3,0,3,0,1.0000,4,0.000076,-1,,button,1,3,3,0,3,0,1.0000,4,0.057440,-1,-1,3,0,0,0,0.4,risk_path,4,Bot1|Bot2|Bot3|Bot4,,1,0
451,0.55,75,440,1682450521,2218722123,3650,0.648889,500,1388,63-74,74-28,41-74,67,57,62,22,85,79,0,0,1,67,1,67,141,1,67,74,1,button,1,67,67,0,61,0,1.0000,505,0.003163,-1,-1,button,1,67,67,0,61,0,1.0000,505,0.012621,,-1,button,1,67,67,0,61,0,1.0000,505,0.016210,-1,,button,1,67,67,0,61,0,1.0000,505,6.981431,42,42,67,0,0,0,0.4,risk_path,4,Bot1|Bot2|Bot3|Bot4,,1,0
452,0.55,75,440,4253021220,2834508363,3667,0.651911,506,1400,26-8,16-57,57-74,77,59,103,97,70,58,1,0,1,77,0,,109,1,77,32,1,button,1,77,77,0,32,0,1.0000,807,0.007516,-1,-1,button,1,77,77,0,32,0,1.0000,807,0.030067,,-1,button,1,77,77,0,32,0,1.0000,807,0.038216,-1,,button,1,77,77,0,32,0,1.0000,807,9.197367,1,1,77,0,0,0,0.4,risk_path,4,Bot1|Bot2|Bot3|Bot4,,1,0
453,0.55,75,440,2952658635,970395582,3617,0.643022,500,1329,73-24,20-35,66-32,74,64,55,15,63,49,1,0,1,74,0,,98,1,74,24,1,button,1,74,74,0,3,0,1.0000,946,0.007401,-1,-1,button,1,74,74,0,3,0,1.0000,946,0.021643,,-1,button,1,74,74,0,3,0,1.0000,946,0.028755,-1,,button,1,80,80,0,13,0,1.0000,1095,8.746078,19,19,80,27,4,0,0.99,risk_path,4,Bot1|Bot2|Bot3|Bot4,,1,0
454,0.55,75,440,473146384,3945293444,3628,0.644978,501,1342,49-65,65-42,31-59,53,39,28,24,65,51,0,0,1,53,1,53,100,1,53,47,1,button,1,53,53,0,37,0,1.0000,693,0.004152,-1,-1,button,1,53,53,0,37,0,1.0000,693,0.011855,,-1,button,1,53,53,0,37,0,1.0000,693,0.015661,-1,,button,1,53,53,0,37,0,1.0000,693,4.495246,24,24,53,0,0,0,0.4,risk_path,4,Bot1|Bot2|Bot3|Bot4,,1,0
455,0.55,75,440,2903495406,1402952168,3639,0.646933,510,1381,26-31,73-0,14-53,80,78,44,34,112,112,0,0,1,80,1,80,178,1,80,98,1,button,1,80,80,0,76,0,1.0000,1338,0.012119,-1,-1,button,1,80,80,0,76,0,1.0000,1338,0.033954,,-1,button,1,80,80,0,76,0,1.0000,1338,0.048284,-1,,button,1,80,80,0,76,0,1.0000,1338,7.511012,37,37,80,0,0,0,0.4,risk_path,4,Bot1|Bot2|Bot3|Bot4,,1,0
456,0.55,75,440,1612596313,1606830779,3651,0.649067,494,1390,61-73,9-34,31-53,97,91,56,50,41,41,1,0,1,97,0,,72,0,,,0,fire_reached_bot,0,38,38,0,0,59,0.3918,379,0.002638,34,33,fire_reached_bot,0,95,72,23,-22,67,0.3093,,0.120863,,33,fire_reached_bot,0,95,72,23,-22,67,0.3093,,0.203633,33,,fire_reached_bot,0,95,72,23,-22,67,0.3093,,12.106462,-1,33,95,0,72,23,,no_path,0,,Bot1|Bot2|Bot3|Bot4,0,1
457,0.55,75,440,2590130515,196957734,3647,0.648356,507,1384,54-67,36-66,67-8,27,19,114,72,103,89,0,0,1,27,1,27,157,1,27,130,1,button,1,27,27,0,130,0,1.0000,172,0.000883,-1,-1,button,1,27,27,0,130,0,1.0000,172,0.002144,,-1,button,1,27,27,0,130,0,1.0000,172,0.002776,-1,,button,1,27,27,0,130,0,1.0000,172,1.241177,6,6,27,0,0,0,0.4,risk_path,4,Bot1|Bot2|Bot3|Bot4,,1,0
458,0.55,75,440,3410208556,1748041653,3630,0.645333,504,1401,43-42,53-52,35-68,20,20,44,34,38,34,0,0,1,20,1,20,59,1,20,39,1,button,1,20,20,0,37,0,1.0000,138,0.000506,-1,-1,button,1,20,20,0,37,0,1.0000,138,0.000915,,-1,button,1,20,20,0,37,0,1.0000,138,0.001309,-1,,button,1,20,20,0,37,0,1.0000,138,0.736487,1,1,20,0,0,0,0.4,risk_path,4,Bot1|Bot2|Bot3|Bot4,,1,0
459,0.55,75,440,1944609791,705594675,3674,0.653156,521,1406,73-3,42-69,11-71,103,97,132,130,43,33,1,0,1,103,0,,68,0,,,0,walked_into_fire,0,89,89,0,-20,14,0.8641,,0.010816,69,69,fire_reached_bot,0,122,68,54,-53,35,0.6602,,0.269207,,-1,fire_reached_bot,0,122,68,54,-53,35,0.6602,,0.457550,-1,,fire_reached_bot,0,122,68,54,-53,35,0.6602,,13.906267,-1,-1,122,0,68,54,,no_path,0,,Bot1|Bot2|Bot3|Bot4,0,1
460,0.55,75,440,3380480183,1588023217,3661,0.650844,511,1422,4-70,35-43,9-64,60,58,11,11,49,47,1,0,1,60,0,,80,1,74,6,0,walked_into_fire,0,10,10,0,-4,50,0.1667,29,0.000620,8,8,fire_reached_bot,0,47,41,6,0,33,0.4500,453,0.013519,,39,fire_reached_bot,0,46,41,5,0,35,0.4167,439,0.016341,39,,fire_reached_bot,0,47,41,6,0,33,0.4500,453,6.608527,-1,39,47,1,40,6,0.99,no_path,0,,Bot1|Bot2|Bot3|Bot4,0,1
461,0.55,75,440,545968031,3785375886,3639,0.646933,498,1365,43-6,61-58,1-42,76,70,84,78,86,76,0,0,1,76,1,76,144,1,76,68,1,button,1,76,76,0,61,0,1.0000,954,0.007680,-1,-1,button,1,76,76,0,61,0,1.0000,954,0.027538,,-1,button,1,76,76,0,61,0,1.0000,954,0.035324,-1,,button,1,76,76,0,62,0,1.0000,954,8.568571,43,43,76,0,0,0,0.4,risk_path,4,Bot1|Bot2|Bot3|Bot4,,1,0
462,0.55,75,440,3450460134,238140626,3636,0.646400,504,1363,56-10,14-8,20-65,68,44,93,91,83,63,0,0,1,68,1,68,125,1,68,57,1,button,1,68,68,0,56,0,1.0000,1080,0.008444,-1,-1,button,1,68,68,0,56,0,1.0000,1080,0.018140,,-1,button,1,68,68,0,56,0,1.0000,1080,0.027648,-1,,button,1,68,68,0,56,0,1.0000,1080,6.461901,-1,-1,68,0,0,0,0.4,risk_path,4,Bot1|Bot2|Bot3|Bot4,,1,0
463,0.55,75,440,1149964191,3065534945,3643,0.647644,509,1362,40-25,17-31,0-32,35,29,63,47,36,18,0,0,1,35,1,35,56,1,35,21,1,button,1,35,35,0,21,0,1.0000,176,0.000952,-1,-1,button,1,35,35,0,21,0,1.0000,176,0.003219,,-1,button,1,35,35,0,21,0,1.0000,176,0.003957,-1,,button,1,35,35,0,21,0,1.0000,176,2.550570,2,2,35,0,0,0,0.4,risk_path,4,Bot1|Bot2|Bot3|Bot4,,1,0
464,0.55,75,440,2588932194,3317267967,3638,0.646756,502,1370,62-19,40-53,74-66,68,56,83,59,61,47,1,0,1,68,0,,105,1,68,37,1,button,1,68,68,0,37,0,1.0000,235,0.002643,-1,-1,button,1,68,68,0,37,0,1.0000,235,0.018510,,-1,button,1,68,68,0,37,0,1.0000,235,0.020990,-1,,button,1,68,68,0,37,0,1.0000,235,7.831172,-1,-1,68,0,0,0,0.4,risk_path,4,Bot1|Bot2|Bot3|Bot4,,1,0
465,0.55,75,440,283204915,3485829726,3629,0.645156,508,1367,64-59,65-68,21-63,12,10,71,47,71,49,0,0,1,12,1,12,116,1,12,104,1,button,1,12,12,0,103,0,1.0000,24,0.000163,-1,-1,button,1,12,12,0,103,0,1.0000,24,0.000287,,-1,button,1,12,12,0,103,0,1.0000,24,0.000359,-1,,button,1,12,12,0,103,0,1.0000,24,0.320363,-1,-1,12,0,0,0,0.4,risk_path,4,Bot1|Bot2|Bot3|Bot4,,1,0
466,0.55,75,440,519884690,3415390693,3660,0.650667,498,1397,42-44,2-19,17-64,65,65,47,45,82,60,0,0,1,65,1,65,140,1,65,75,1,button,1,65,65,0,61,0,1.0000,791,0.006177,-1,-1,button,1,65,65,0,61,0,1.0000,791,0.016390,,-1,button,1,65,65,0,61,0,1.0000,791,0.022750,-1,,button,1,65,65,0,61,0,1.0000,791,6.388656,-1,-1,65,0,0,0,0.4,risk_path,4,Bot1|Bot2|Bot3|Bot4,,1,0
467,0.55,75,440,3826963234,2865125719,3651,0.649067,514,1442,46-13,18-38,44-2,53,53,13,13,62,62,0,0,1,53,1,53,100,1,53,47,1,button,1,53,53,0,15,0,1.0000,529,0.003373,-1,-1,button,1,53,53,0,15,0,1.0000,529,0.005979,,-1,button,1,53,53,0,15,0,1.0000,529,0.009761,-1,,button,1,53,53,0,15,0,1.0000,529,4.551737,-1,-1,53,0,0,0,0.4,risk_path,4,Bot1|Bot2|Bot3|Bot4,,1,0
468,0.55,75,440,4243052957,3832579543,3655,0.649778,512,1362,20-47,35-34,1-59,40,28,31,31,67,59,0,0,1,40,1,40,118,1,40,78,1,button,1,40,40,0,50,0,1.0000,277,0.001719,-1,-1,button,1,40,40,0,50,0,1.0000,277,0.006287,,-1,button,1,40,40,0,50,0,1.0000,277,0.007564,-1,,button,1,40,40,0,50,0,1.0000,277,2.649347,11,11,40,0,0,0,0.4,risk_path,4,Bot1|Bot2|Bot3|Bot4,,1,0
469,0.55,75,440,2512400746,3515949097,3651,0.649067,508,1372,72-67,69-59,59-74,27,11,22,20,29,25,0,0,1,27,1,27,46,1,27,19,1,button,1,27,27,0,15,0,1.0000,128,0.000806,-1,-1,button,1,27,27,0,15,0,1.0000,128,0.002319,,-1,button,1,27,27,0,15,0,1.0000,128,0.003150,-1,,button,1,27,27,0,15,0,1.0000,128,1.309314,-1,-1,27,0,0,0,0.4,risk_path,4,Bot1|Bot2|Bot3|Bot4,,1,0
470,0.55,75,440,3413718978,1893227172,3673,0.652978,501,1432,59-29,30-55,41-69,67,55,72,58,33,25,1,0,1,67,0,,63,0,,,0,walked_into_fire,0,53,53,0,-1,14,0.7910,458,0.003568,45,44,fire_reached_bot,0,86,57,29,-22,36,0.4627,,0.140660,,44,fire_reached_bot,0,88,57,31,-24,36,0.4627,,0.279479,44,,fire_reached_bot,0,86,57,29,-22,36,0.4627,,9.011862,-1,44,86,0,57,29,,no_path,0,,Bot1|Bot2|Bot3|Bot4,0,1
471,0.55,75,440,503817407,3717343413,3672,0.652800,514,1425,13-45,72-30,24-35,84,74,23,21,75,53,1,0,1,84,0,,119,1,104,15,0,fire_reached_bot,0,19,19,0,0,65,0.2262,86,0.001742,19,18,fire_reached_bot,0,38,30,8,0,64,0.2381,515,0.022894,,18,fire_reached_bot,0,38,30,8,0,64,0.2381,515,0.025218,18,,fire_reached_bot,0,38,30,8,0,64,0.2381,515,5.758620,-1,18,38,8,22,8,0.99,no_path,0,,Bot1|Bot2|Bot3|Bot4,0,1
472,0.55,75,440,2819638129,3975689994,3623,0.644089,510,1354,74-33,36-23,31-36,66,48,70,46,34,18,1,0,1,66,0,,61,0,,,0,fire_reached_bot,0,62,62,0,0,4,0.9394,,0.006516,62,62,fire_reached_bot,0,64,61,3,-2,5,0.9242,,0.037501,,-1,fire_reached_bot,0,64,61,3,-2,5,0.9242,,0.059938,-1,,fire_reached_bot,0,64,61,3,-2,5,0.9242,,6.515812,-1,-1,64,0,61,3,,no_path,0,,Bot1|Bot2|Bot3|Bot4,0,1
473,0.55,75,440,2272994969,415899555,3671,0.652622,516,1414,5-54,58-0,43-33,113,107,75,59,50,48,1,0,1,113,0,,84,0,,,0,fire_reached_bot,0,55,55,0,0,58,0.4867,727,0.005351,-1,53,fire_reached_bot,0,55,55,0,0,58,0.4867,727,0.041579,,53,fire_reached_bot,0,91,76,15,-6,85,0.2478,,0.114723,53,,fire_reached_bot,0,55,55,0,0,58,0.4867,727,10.378273,-1,53,55,0,55,0,,shortest_path_fallback,0,,Bot1|Bot2|Bot3|Bot4,0,1
474,0.55,75,440,3800817311,3697787141,3626,0.644622,492,1343,5-7,13-60,73-20,75,61,97,81,102,100,0,0,1,75,1,75,163,1,75,88,1,button,1,75,75,0,75,0,1.0000,829,0.007351,-1,-1,button,1,75,75,0,75,0,1.0000,829,0.025271,,-1,button,1,75,75,0,75,0,1.0000,829,0.031550,-1,,button,1,75,75,0,75,0,1.0000,829,8.239024,12,12,75,0,0,0,0.4,risk_path,4,Bot1|Bot2|Bot3|Bot4,,1,0
475,0.55,75,440,3913921988,874549696,3647,0.648356,511,1362,56-1,38-43,52-0,66,60,15,5,67,57,0,0,1,66,1,66,108,1,66,42,1,button,1,66,66,0,13,0,1.0000,674,0.004594,-1,-1,button,1,66,66,0,13,0,1.0000,674,0.018374,,-1,button,1,66,66,0,13,0,1.0000,674,0.022011,-1,,button,1,66,66,0,13,0,1.0000,674,6.969932,-1,-1,66,0,0,0,0.4,risk_path,4,Bot1|Bot2|Bot3|Bot4,,1,0
476,0.55,75,440,2149910873,4090412208,3621,0.643733,513,1361,26-55,26-4,18-31,83,51,34,32,49,35,1,0,1,83,0,,84,0,,,0,walked_into_fire,0,40,40,0,-2,43,0.4819,334,0.002935,36,36,fire_reached_bot,0,84,78,6,0,57,0.3133,1841,0.079895,,46,fire_reached_bot,0,86,78,8,-1,59,0.2892,,0.119202,46,,fire_reached_bot,0,84,78,6,0,57,0.3133,1841,11.952413,-1,46,84,0,78,6,,no_path,0,,Bot1|Bot2|Bot3|Bot4,0,1
477,0.55,75,440,2557168548,667988557,3659,0.650489,494,1407,58-32,54-42,13-19,30,14,66,58,80,64,0,0,1,30,1,30,123,1,30,93,1,button,1,30,30,0,86,0,1.0000,227,0.001027,-1,-1,button,1,30,30,0,86,0,1.0000,227,0.002920,,-1,button,1,30,30,0,86,0,1.0000,227,0.003539,-1,,button,1,30,30,0,86,0,1.0000,227,1.459748,27,27,30,0,0,0,0.4,risk_path,4,Bot1|Bot2|Bot3|Bot4,,1,0
478,0.55,75,440,364875584,1296068607,3621,0.643733,496,1338,45-17,14-59,55-11,91,73,20,16,105,89,0,0,1,91,1,91,159,1,91,68,1,button,1,91,91,0,30,0,1.0000,1615,0.017740,-1,-1,button,1,91,91,0,30,0,1.0000,1615,0.092626,,-1,button,1,91,91,0,30,0,1.0000,1615,0.089040,-1,,button,1,91,91,0,30,0,1.0000,1615,10.479349,-1,-1,91,0,0,0,0.4,risk_path,4,Bot1|Bot2|Bot3|Bot4,,1,0
479,0.55,75,440,1145681825,3225904011,3615,0.642667,492,1333,39-32,63-60,60-51,54,52,42,40,14,12,1,0,1,54,0,,29,0,,,0,fire_reached_bot,0,31,31,0,-1,23,0.5741,,0.001362,26,26,fire_reached_bot,0,46,29,17,-16,33,0.3889,,0.086377,,-1,fire_reached_bot,0,46,29,17,-16,33,0.3889,,0.140673,-1,,fire_reached_bot,0,46,29,17,-16,33,0.3889,,4.042908,-1,-1,46,0,29,17,,no_path,0,,Bot1|Bot2|Bot3|Bot4,0,1
480,0.55,75,440,348230519,1372939948,3638,0.646756,505,1386,59-43,51-1,23-1,54,50,82,78,52,28,1,0,1,54,0,,93,1,54,39,1,button,1,54,54,0,37,0,1.0000,420,0.002963,-1,-1,button,1,54,54,0,37,0,1.0000,420,0.009571,,-1,button,1,54,54,0,37,0,1.0000,420,0.010482,-1,,button,1,54,54,0,37,0,1.0000,420,4.734852,-1,-1,54,0,0,0,0.4,risk_path,4,Bot1|Bot2|Bot3|Bot4,,1,0
481,0.55,75,440,1613761028,1186564994,3628,0.644978,490,1360,42-69,73-38,64-51,70,62,44,40,32,22,1,0,1,70,0,,58,0,,,0,walked_into_fire,0,30,30,0,-2,40,0.4286,244,0.001971,26,22,fire_reached_bot,0,61,54,7,-2,48,0.3143,,0.054799,,22,fire_reached_bot,0,61,54,7,-2,48,0.3143,,0.082330,22,,fire_reached_bot,0,61,54,7,-2,48,0.3143,,8.851741,-1,22,61,0,54,7,,no_path,0,,Bot1|Bot2|Bot3|Bot4,0,1
482,0.55,75,440,2244013405,2091786480,3633,0.645867,501,1376,17-42,31-61,59-17,39,33,75,67,92,72,0,0,1,39,1,39,153,1,39,114,1,button,1,39,39,0,114,0,1.0000,405,0.002134,-1,-1,button,1,39,39,0,114,0,1.0000,405,0.006389,,-1,button,1,39,39,0,114,0,1.0000,405,0.008233,-1,,button,1,39,39,0,114,0,1.0000,405,2.430228,10,10,39,0,0,0,0.4,risk_path,4,Bot1|Bot2|Bot3|Bot4,,1,0
483,0.55,75,440,944778932,1478825027,3640,0.647111,504,1358,32-47,39-21,6-61,37,33,54,40,91,73,0,0,1,37,1,37,157,1,37,120,1,button,1,37,37,0,91,0,1.0000,193,0.000927,-1,-1,button,1,37,37,0,91,0,1.0000,193,0.002637,,-1,button,1,37,37,0,91,0,1.0000,193,0.003352,-1,,button,1,37,37,0,91,0,1.0000,193,2.322280,7,7,37,0,0,0,0.4,risk_path,4,Bot1|Bot2|Bot3|Bot4,,1,0
484,0.55,75,440,575576,2379172882,3653,0.649422,507,1391,49-28,31-22,13-1,24,24,65,63,41,39,0,0,1,24,1,24,65,1,24,41,1,button,1,24,24,0,41,0,1.0000,47,0.000331,-1,-1,button,1,24,24,0,41,0,1.0000,47,0.001098,,-1,button,1,24,24,0,41,0,1.0000,47,0.001727,-1,,button,1,24,24,0,41,0,1.0000,47,0.999102,-1,-1,24,0,0,0,0.4,risk_path,4,Bot1|Bot2|Bot3|Bot4,,1,0
485,0.55,75,440,2872471504,826922753,3634,0.646044,499,1374,45-66,31-68,39-51,22,16,25,21,29,25,0,0,1,22,1,22,49,1,22,27,1,button,1,22,22,0,20,0,1.0000,115,0.000524,-1,-1,button,1,22,22,0,20,0,1.0000,115,0.001198,,-1,button,1,22,22,0,20,0,1.0000,115,0.001615,-1,,button,1,22,22,0,21,0,1.0000,115,0.877298,1,1,22,0,0,0,0.4,risk_path,4,Bot1|Bot2|Bot3|Bot4,,1,0
486,0.55,75,440,2028298929,2150041132,3626,0.644622,502,1364,44-42,46-42,65-27,8,2,42,36,36,34,0,0,1,8,1,8,55,1,8,47,1,button,1,8,8,0,47,0,1.0000,15,0.000125,-1,-1,button,1,8,8,0,47,0,1.0000,15,0.000195,,-1,button,1,8,8,0,47,0,1.0000,15,0.000243,-1,,button,1,8,8,0,47,0,1.0000,15,0.193941,-1,-1,8,0,0,0,0.4,risk_path,4,Bot1|Bot2|Bot3|Bot4,,1,0
487,0.55,75,440,2834803892,1468566193,3640,0.647111,512,1367,16-6,32-47,25-59,69,57,88,62,23,19,1,0,1,69,0,,35,0,,,0,walked_into_fire,0,56,56,0,-20,13,0.8116,,0.002683,34,34,fire_reached_bot,0,89,33,56,-53,36,0.4783,,0.251987,,-1,fire_reached_bot,0,89,33,56,-53,36,0.4783,,0.485460,-1,,fire_reached_bot,0,89,33,56,-53,36,0.4783,,5.978330,-1,-1,89,0,33,56,,no_path,0,,Bot1|Bot2|Bot3|Bot4,0,1
488,0.55,75,440,1595770306,3510375444,3647,0.648356,509,1358,34-49,38-18,27-62,53,35,40,20,81,55,0,0,1,53,1,53,131,1,53,78,1,button,1,53,53,0,52,0,1.0000,639,0.004114,-1,-1,button,1,53,53,0,52,0,1.0000,639,0.012646,,-1,button,1,53,53,0,52,0,1.0000,639,0.015822,-1,,button,1,53,53,0,52,0,1.0000,639,4.214133,4,4,53,0,0,0,0.4,risk_path,4,Bot1|Bot2|Bot3|Bot4,,1,0
489,0.55,75,440,4171940784,3372629387,3636,0.646400,499,1366,69-26,7-39,72-72,87,75,81,49,106,98,0,0,1,87,1,87,166,1,87,79,1,button,1,87,87,0,59,0,1.0000,610,0.006453,-1,-1,button,1,87,87,0,59,0,1.0000,610,0.042109,,-1,button,1,87,87,0,59,0,1.0000,610,0.044669,-1,,button,1,87,87,0,68,0,1.0000,610,10.512081,24,24,87,0,0,0,0.4,risk_path,4,Bot1|Bot2|Bot3|Bot4,,1,0
490,0.55,75,440,3646037766,3925754981,3637,0.646578,497,1370,8-53,48-10,13-11,87,83,61,47,62,36,1,0,1,87,0,,104,1,87,17,1,button,1,87,87,0,12,0,1.0000,1142,0.009738,-1,-1,button,1,87,87,0,12,0,1.0000,1142,0.042791,,-1,button,1,87,87,0,12,0,1.0000,1142,0.048008,-1,,button,1,87,87,0,17,0,1.0000,1142,10.493063,20,20,87,11,13,0,0.99,risk_path,4,Bot1|Bot2|Bot3|Bot4,,1,0
491,0.55,75,440,1715550879,3700416209,3644,0.647822,514,1416,15-65,62-11,56-66,107,101,64,42,87,61,1,0,1,107,0,,135,1,107,28,1,button,1,107,107,0,19,0,1.0000,1788,0.029108,-1,-1,button,1,107,107,0,19,0,1.0000,1788,0.091367,,-1,button,1,107,107,0,19,0,1.0000,1788,0.106111,-1,,button,1,107,107,0,12,0,1.0000,1788,12.801601,14,14,107,7,5,0,0.99,risk_path,4,Bot1|Bot2|Bot3|Bot4,,1,0
492,0.55,75,440,1948605556,4065344269,3640,0.647111,507,1371,51-69,52-25,18-50,63,45,52,52,61,59,1,0,1,63,0,,97,1,63,34,1,button,1,63,63,0,34,0,1.0000,1266,0.008981,-1,-1,button,1,63,63,0,34,0,1.0000,1266,0.025767,,-1,button,1,63,63,0,34,0,1.0000,1266,0.035437,-1,,button,1,63,63,0,34,0,1.0000,1266,5.368541,13,13,63,0,0,0,0.4,risk_path,4,Bot1|Bot2|Bot3|Bot4,,1,0
493,0.55,75,440,627320740,1943041704,3628,0.644978,504,1383,15-31,53-41,42-35,54,48,37,31,17,17,1,1,1,58,0,,25,0,,,0,walked_into_fire,0,26,26,0,-1,28,0.4815,144,0.001351,25,25,fire_reached_bot,0,32,25,7,-6,31,0.4259,,0.051165,,-1,fire_reached_bot,0,32,25,7,-6,31,0.4259,,0.086259,-1,,fire_reached_bot,0,32,25,7,-6,31,0.4259,,3.838751,-1,-1,32,0,25,7,,no_path,0,,Bot1|Bot2|Bot3|Bot4,0,1
494,0.55,75,440,3909912075,2078630651,3651,0.649067,498,1390,32-62,42-47,11-0,29,25,101,83,82,78,0,0,1,29,1,29,123,1,29,94,1,button,1,29,29,0,94,0,1.0000,123,0.000626,-1,-1,button,1,29,29,0,94,0,1.0000,123,0.001872,,-1,button,1,29,29,0,94,0,1.0000,123,0.002083,-1,,button,1,29,29,0,94,0,1.0000,123,1.569239,-1,-1,29,0,0,0,0.4,risk_path,4,Bot1|Bot2|Bot3|Bot4,,1,0
495,0.55,75,440,1510466362,86062878,3646,0.648178,503,1410,1-6,28-20,9-50,43,41,82,52,65,49,0,0,1,43,1,43,106,1,43,63,1,button,1,43,43,0,63,0,1.0000,350,0.001838,-1,-1,button,1,43,43,0,63,0,1.0000,350,0.006676,,-1,button,1,43,43,0,63,0,1.0000,350,0.007583,-1,,button,1,43,43,0,63,0,1.0000,350,3.608197,24,24,43,0,0,0,0.4,risk_path,4,Bot1|Bot2|Bot3|Bot4,,1,0
496,0.55,75,440,1673293873,26139537,3663,0.651200,514,1389,47-11,12-26,34-36,62,50,44,38,46,32,1,0,1,62,0,,81,1,62,19,1,button,1,62,62,0,12,0,1.0000,1106,0.007191,-1,-1,button,1,62,62,0,12,0,1.0000,1106,0.025714,,-1,button,1,62,62,0,12,0,1.0000,1106,0.028118,-1,,button,1,62,62,0,12,0,1.0000,1106,5.891045,-1,-1,62,18,9,0,0.99,risk_path,4,Bot1|Bot2|Bot3|Bot4,,1,0
497,0.55,75,440,475465390,3774680164,3640,0.647111,505,1390,35-60,0-27,45-26,72,68,48,44,60,46,1,0,1,72,0,,89,1,72,17,1,button,1,72,72,0,8,0,1.0000,1746,0.012794,-1,-1,button,1,72,72,0,8,0,1.0000,1746,0.026660,,-1,button,1,72,72,0,8,0,1.0000,1746,0.039864,-1,,button,1,72,72,0,8,0,1.0000,1746,6.504739,-1,-1,72,1,0,0,0.6,risk_path,4,Bot1|Bot2|Bot3|Bot4,,1,0
498,0.55,75,440,662792833,1871343044,3645,0.648000,508,1402,32-8,35-37,6-34,48,32,60,52,40,32,1,0,1,48,0,,79,1,48,31,1,button,1,48,48,0,27,0,1.0000,303,0.002114,-1,-1,button,1,48,48,0,27,0,1.0000,303,0.010520,,-1,button,1,48,48,0,27,0,1.0000,303,0.012031,-1,,button,1,48,48,0,27,0,1.0000,303,3.902748,39,39,48,0,0,0,0.4,risk_path,4,Bot1|Bot2|Bot3|Bot4,,1,0
499,0.55,75,440,2014376753,1909772166,3652,0.649244,495,1363,33-38,36-40,60-38,5,5,57,27,54,26,0,0,1,5,1,5,86,1,5,81,1,button,1,5,5,0,81,0,1.0000,7,0.000065,-1,-1,button,1,5,5,0,81,0,1.0000,7,0.000080,,-1,button,1,5,5,0,81,0,1.0000,7,0.000094,-1,,button,1,5,5,0,81,0,1.0000,7,0.105351,-1,-1,5,0,0,0,0.4,risk_path,4,Bot1|Bot2|Bot3|Bot4,,1,0
