scenario_id,q,grid_size,seed,layout_seed,fire_seed,open_cells,open_fraction,dead_ends,junctions,start,button,fire_start,start_button_dist,start_button_manhattan,start_fire_dist,start_fire_manhattan,button_fire_dist,button_fire_manhattan,fire_closer_to_button,fire_start_on_shortest_path,path_exists_avoiding_fire_start,bot1_path_len,guaranteed_win,guaranteed_win_route_len,fire_button_time,oracle_win,oracle_route_len,oracle_margin,bot1_predicted_win,Bot1_result,Bot1_success,Bot1_steps,Bot1_moves,Bot1_waits,Bot1_min_slack,Bot1_final_dist_to_button,Bot1_progress_to_button,Bot1_fire_cells_at_end,Bot1_trial_seconds,Bot1_diverges_from_Bot2,Bot1_diverges_from_Bot3,Bot2_result,Bot2_success,Bot2_steps,Bot2_moves,Bot2_waits,Bot2_min_slack,Bot2_final_dist_to_button,Bot2_progress_to_button,Bot2_fire_cells_at_end,Bot2_trial_seconds,Bot2_diverges_from_Bot2,Bot2_diverges_from_Bot3,Bot3_result,Bot3_success,Bot3_steps,Bot3_moves,Bot3_waits,Bot3_min_slack,Bot3_final_dist_to_button,Bot3_progress_to_button,Bot3_fire_cells_at_end,Bot3_trial_seconds,Bot3_diverges_from_Bot2,Bot3_diverges_from_Bot3,Bot4_result,Bot4_success,Bot4_steps,Bot4_moves,Bot4_waits,Bot4_min_slack,Bot4_final_dist_to_button,Bot4_progress_to_button,Bot4_fire_cells_at_end,Bot4_trial_seconds,Bot4_diverges_from_Bot2,Bot4_diverges_from_Bot3,Bot4_plan_count,Bot4_relaxed_count,Bot4_fallback_count,Bot4_no_path_count,Bot4_max_active_threshold,Bot4_final_strategy,n_bots_succeeded,succeeded_bots,failed_bots,all_bots_succeeded,all_bots_failed
0,0.70,75,440,1268951711,594470288,3627,0.644800,505,1370,17-28,16-61,4-73,52,34,68,58,26,24,1,0,1,52,0,,31,0,,,0,walked_into_fire,0,37,37,0,-5,15,0.7115,,0.001683,30,30,fire_reached_bot,0,46,29,17,-14,23,0.5577,,0.098956,,-1,fire_reached_bot,0,46,29,17,-14,23,0.5577,,0.178259,-1,,fire_reached_bot,0,46,29,17,-14,23,0.5577,,4.532478,-1,-1,46,0,29,17,,no_path,0,,Bot1|Bot2|Bot3|Bot4,0,1
1,0.70,75,440,2520073151,427107123,3637,0.646578,501,1318,1-73,6-66,34-48,14,12,72,58,60,46,0,0,1,14,1,14,84,1,14,70,1,button,1,14,14,0,70,0,1.0000,45,0.000186,-1,-1,button,1,14,14,0,70,0,1.0000,45,0.000448,,-1,button,1,14,14,0,70,0,1.0000,45,0.000679,-1,,button,1,14,14,0,70,0,1.0000,45,0.447035,12,12,14,0,0,0,0.4,risk_path,4,Bot1|Bot2|Bot3|Bot4,,1,0
2,0.70,75,440,1257125778,1539091741,3644,0.647822,495,1360,33-34,5-11,72-13,55,51,74,60,93,69,0,0,1,55,1,55,124,1,55,69,1,button,1,55,55,0,69,0,1.0000,641,0.004296,-1,-1,button,1,55,55,0,69,0,1.0000,641,0.012174,,-1,button,1,55,55,0,69,0,1.0000,641,0.018619,-1,,button,1,55,55,0,69,0,1.0000,641,4.789065,-1,-1,55,0,0,0,0.4,risk_path,4,Bot1|Bot2|Bot3|Bot4,,1,0
3,0.70,75,440,3219619760,4192021694,3647,0.648356,513,1356,57-62,26-5,53-47,110,88,43,19,75,69,1,0,1,110,0,,113,0,,,0,walked_into_fire,0,36,36,0,-1,74,0.3273,470,0.003302,36,36,fire_reached_bot,0,38,35,3,0,75,0.3182,556,0.041949,,-1,fire_reached_bot,0,38,35,3,0,75,0.3182,556,0.048486,-1,,fire_reached_bot,0,38,35,3,0,75,0.3182,556,5.936837,-1,-1,38,0,35,3,,no_path,0,,Bot1|Bot2|Bot3|Bot4,0,1
4,0.70,75,440,4248281429,536808686,3633,0.645867,506,1351,44-73,59-42,40-8,54,46,87,69,57,53,0,0,1,54,1,54,66,1,54,12,1,button,1,54,54,0,12,0,1.0000,1005,0.005574,-1,-1,button,1,54,54,0,12,0,1.0000,1005,0.020363,,-1,button,1,54,54,0,12,0,1.0000,1005,0.023772,-1,,button,1,54,54,0,12,0,1.0000,1005,4.174677,10,10,54,0,0,0,0.4,risk_path,4,Bot1|Bot2|Bot3|Bot4,,1,0
5,0.70,75,440,3037363144,91013559,3636,0.646400,501,1364,0-7,1-17,69-60,65,11,124,122,117,111,0,0,1,65,1,65,150,1,65,85,1,button,1,65,65,0,80,0,1.0000,1046,0.008151,-1,-1,button,1,65,65,0,80,0,1.0000,1046,0.035913,,-1,button,1,65,65,0,80,0,1.0000,1046,0.048498,-1,,button,1,65,65,0,80,0,1.0000,1046,6.047790,-1,-1,65,0,0,0,0.4,risk_path,4,Bot1|Bot2|Bot3|Bot4,,1,0
6,0.70,75,440,1074636703,574306319,3647,0.648356,496,1322,54-62,27-69,48-74,44,34,18,18,28,26,1,0,1,44,0,,36,0,,,0,fire_reached_bot,0,26,26,0,0,18,0.5909,192,0.000866,25,25,fire_reached_bot,0,40,33,7,-3,29,0.3409,,0.040289,,-1,fire_reached_bot,0,40,33,7,-3,29,0.3409,,0.094208,-1,,fire_reached_bot,0,40,33,7,-3,29,0.3409,,3.657840,-1,-1,40,0,33,7,,no_path,0,,Bot1|Bot2|Bot3|Bot4,0,1
7,0.70,75,440,1849467998,3035649632,3658,0.650311,499,1404,22-44,18-46,73-3,6,6,92,92,98,98,0,0,1,6,1,6,126,1,6,120,1,button,1,6,6,0,117,0,1.0000,19,0.000067,-1,-1,button,1,6,6,0,117,0,1.0000,19,0.000162,,-1,button,1,6,6,0,117,0,1.0000,19,0.000190,-1,,button,1,6,6,0,117,0,1.0000,19,0.125234,-1,-1,6,0,0,0,0.4,risk_path,4,Bot1|Bot2|Bot3|Bot4,,1,0
8,0.70,75,440,2909181240,3215246687,3620,0.643556,506,1362,12-1,70-49,6-29,106,106,62,34,92,84,1,0,1,106,0,,122,1,106,16,1,button,1,106,106,0,2,0,1.0000,2453,0.026053,-1,-1,button,1,106,106,0,2,0,1.0000,2453,0.064281,,-1,button,1,106,106,0,2,0,1.0000,2453,0.102252,-1,,button,1,106,106,0,8,0,1.0000,2453,11.549404,15,15,106,9,12,0,0.99,risk_path,4,Bot1|Bot2|Bot3|Bot4,,1,0
9,0.70,75,440,3923003300,2956249458,3664,0.651378,525,1435,41-54,51-65,1-72,21,21,64,58,71,57,0,0,1,21,1,21,91,1,21,70,1,button,1,21,21,0,70,0,1.0000,70,0.000337,-1,-1,button,1,21,21,0,70,0,1.0000,70,0.000905,,-1,button,1,21,21,0,70,0,1.0000,70,0.001206,-1,,button,1,21,21,0,70,0,1.0000,70,0.841099,7,7,21,0,0,0,0.4,risk_path,4,Bot1|Bot2|Bot3|Bot4,,1,0
10,0.70,75,440,4156351459,864755998,3658,0.650311,493,1376,2-7,26-2,45-26,33,29,64,62,47,43,0,0,1,33,1,33,72,1,33,39,1,button,1,33,33,0,39,0,1.0000,413,0.001592,-1,-1,button,1,33,33,0,39,0,1.0000,413,0.004100,,-1,button,1,33,33,0,39,0,1.0000,413,0.005437,-1,,button,1,33,33,0,39,0,1.0000,413,1.787462,28,28,33,0,0,0,0.4,risk_path,4,Bot1|Bot2|Bot3|Bot4,,1,0
11,0.70,75,440,1031185214,4103681230,3664,0.651378,508,1398,69-16,41-61,63-36,77,73,28,26,51,47,1,0,1,77,0,,68,0,,,0,walked_into_fire,0,17,17,0,-1,60,0.2208,146,0.001244,11,11,fire_reached_bot,0,27,25,2,0,62,0.1948,317,0.021183,,21,fire_reached_bot,0,29,25,4,0,64,0.1688,352,0.018047,21,,fire_reached_bot,0,27,25,2,0,62,0.1948,317,4.311373,-1,21,27,0,25,2,,no_path,0,,Bot1|Bot2|Bot3|Bot4,0,1
12,0.70,75,440,2377238433,762642544,3645,0.648000,497,1380,5-25,25-21,70-55,52,24,109,95,85,79,0,0,1,52,1,52,125,1,52,73,1,button,1,52,52,0,71,0,1.0000,665,0.003901,-1,-1,button,1,52,52,0,71,0,1.0000,665,0.013155,,-1,button,1,52,52,0,71,0,1.0000,665,0.017608,-1,,button,1,52,52,0,71,0,1.0000,665,4.411634,-1,-1,52,0,0,0,0.4,risk_path,4,Bot1|Bot2|Bot3|Bot4,,1,0
13,0.70,75,440,942222858,1891687492,3628,0.644978,514,1353,17-65,38-60,0-9,40,26,103,73,93,89,0,0,1,40,1,40,125,1,40,85,1,button,1,40,40,0,85,0,1.0000,349,0.001696,-1,-1,button,1,40,40,0,85,0,1.0000,349,0.004925,,-1,button,1,40,40,0,85,0,1.0000,349,0.007863,-1,,button,1,40,40,0,85,0,1.0000,349,2.713346,25,25,40,0,0,0,0.4,risk_path,4,Bot1|Bot2|Bot3|Bot4,,1,0
14,0.70,75,440,1794572316,2153723049,3632,0.645689,513,1338,29-67,13-50,1-15,37,33,80,80,47,47,0,0,1,37,1,37,62,1,37,25,1,button,1,37,37,0,25,0,1.0000,395,0.001598,-1,-1,button,1,37,37,0,25,0,1.0000,395,0.004755,,-1,button,1,37,37,0,25,0,1.0000,395,0.008004,-1,,button,1,37,37,0,25,0,1.0000,395,2.304561,-1,-1,37,0,0,0,0.4,risk_path,4,Bot1|Bot2|Bot3|Bot4,,1,0
15,0.70,75,440,2441200447,3899617149,3635,0.646222,492,1390,6-57,27-10,39-18,76,68,74,72,22,20,1,0,1,76,0,,31,0,,,0,walked_into_fire,0,47,47,0,-15,29,0.6184,,0.006129,32,32,fire_reached_bot,0,53,31,22,-21,45,0.4079,,0.107132,,-1,fire_reached_bot,0,53,31,22,-21,45,0.4079,,0.201581,-1,,fire_reached_bot,0,53,31,22,-21,45,0.4079,,4.934596,-1,-1,53,0,31,22,,no_path,0,,Bot1|Bot2|Bot3|Bot4,0,1
16,0.70,75,440,1409741764,2153672354,3659,0.650489,494,1408,10-46,25-53,31-39,26,22,36,28,22,20,1,0,1,26,0,,26,1,26,0,0,fire_reached_bot,0,25,25,0,0,1,0.9615,277,0.000936,-1,25,fire_reached_bot,0,25,25,0,0,1,0.9615,277,0.002087,,25,button,1,26,26,0,0,0,1.0000,277,0.011612,25,,button,1,26,26,0,0,0,1.0000,277,1.252520,8,8,26,10,0,0,0.99,risk_path,2,Bot3|Bot4,Bot1|Bot2,0,0
17,0.70,75,440,4196951117,430857384,3656,0.649956,505,1381,14-41,64-28,8-72,71,63,55,37,102,100,0,0,1,71,1,71,132,1,71,61,1,button,1,71,71,0,54,0,1.0000,796,0.006128,-1,-1,button,1,71,71,0,54,0,1.0000,796,0.018710,,-1,button,1,71,71,0,54,0,1.0000,796,0.032528,-1,,button,1,71,71,0,54,0,1.0000,796,7.722177,24,24,71,0,0,0,0.4,risk_path,4,Bot1|Bot2|Bot3|Bot4,,1,0
18,0.70,75,440,4233149764,1616157659,3637,0.646578,497,1393,11-0,16-18,0-66,29,23,99,77,86,64,0,0,1,29,1,29,117,1,29,88,1,button,1,29,29,0,88,0,1.0000,155,0.000574,-1,-1,button,1,29,29,0,88,0,1.0000,155,0.002124,,-1,button,1,29,29,0,88,0,1.0000,155,0.002734,-1,,button,1,29,29,0,88,0,1.0000,155,1.601530,-1,-1,29,0,0,0,0.4,risk_path,4,Bot1|Bot2|Bot3|Bot4,,1,0
19,0.70,75,440,4064511795,2171928469,3659,0.650489,507,1409,57-65,50-20,26-74,72,52,56,40,90,78,0,0,1,72,1,72,121,1,72,49,1,button,1,72,72,0,45,0,1.0000,1134,0.007959,-1,-1,button,1,72,72,0,45,0,1.0000,1134,0.027478,,-1,button,1,72,72,0,45,0,1.0000,1134,0.036123,-1,,button,1,72,72,0,45,0,1.0000,1134,7.733748,54,54,72,0,0,0,0.4,risk_path,4,Bot1|Bot2|Bot3|Bot4,,1,0
20,0.70,75,440,1699899743,2977238066,3632,0.645689,499,1358,65-61,56-62,5-33,12,10,94,88,84,80,0,0,1,12,1,12,112,1,12,100,1,button,1,12,12,0,100,0,1.0000,46,0.000181,-1,-1,button,1,12,12,0,100,0,1.0000,46,0.000334,,-1,button,1,12,12,0,100,0,1.0000,46,0.000425,-1,,button,1,12,12,0,100,0,1.0000,46,0.331314,-1,-1,12,0,0,0,0.4,risk_path,4,Bot1|Bot2|Bot3|Bot4,,1,0
21,0.70,75,440,2732194428,1130965774,3628,0.644978,500,1341,59-18,44-33,32-32,42,30,53,41,17,13,1,0,1,42,0,,22,0,,,0,fire_reached_bot,0,33,33,0,-10,9,0.7857,,0.002284,23,23,fire_reached_bot,0,47,22,25,-24,20,0.5238,,0.107099,,-1,fire_reached_bot,0,47,22,25,-24,20,0.5238,,0.233818,-1,,fire_reached_bot,0,47,22,25,-24,20,0.5238,,2.261966,-1,-1,47,0,22,25,,no_path,0,,Bot1|Bot2|Bot3|Bot4,0,1
22,0.70,75,440,2997683836,1911204995,3630,0.645333,512,1370,1-26,1-47,5-0,43,21,52,30,83,51,0,0,1,43,1,43,107,1,43,64,1,button,1,43,43,0,61,0,1.0000,292,0.001593,-1,-1,button,1,43,43,0,61,0,1.0000,292,0.005767,,-1,button,1,43,43,0,61,0,1.0000,292,0.013326,-1,,button,1,43,43,0,61,0,1.0000,292,3.117216,-1,-1,43,0,0,0,0.4,risk_path,4,Bot1|Bot2|Bot3|Bot4,,1,0
23,0.70,75,440,1097742752,1414824977,3616,0.642844,520,1378,33-68,31-51,41-66,27,19,28,10,31,25,0,0,1,27,1,27,45,1,27,18,1,button,1,27,27,0,14,0,1.0000,224,0.000794,-1,-1,button,1,27,27,0,14,0,1.0000,224,0.001899,,-1,button,1,27,27,0,14,0,1.0000,224,0.002867,-1,,button,1,27,27,0,14,0,1.0000,224,1.316890,15,15,27,0,0,0,0.4,risk_path,4,Bot1|Bot2|Bot3|Bot4,,1,0
24,0.70,75,440,1337507337,2865046632,3623,0.644089,507,1335,32-73,70-9,19-6,112,102,98,80,76,54,1,0,1,112,0,,112,0,,,0,walked_into_fire,0,92,92,0,-1,20,0.8214,1539,0.017087,89,89,fire_reached_bot,0,94,88,6,0,24,0.7857,1649,0.097804,,-1,fire_reached_bot,0,94,88,6,0,24,0.7857,1649,0.141689,-1,,fire_reached_bot,0,94,88,6,0,24,0.7857,1649,15.051672,-1,-1,94,0,88,6,,no_path,0,,Bot1|Bot2|Bot3|Bot4,0,1
25,0.70,75,440,2498745009,4169581797,3635,0.646222,494,1385,46-65,45-48,5-39,32,18,69,67,59,49,0,0,1,32,1,32,78,1,32,46,1,button,1,32,32,0,45,0,1.0000,348,0.001425,-1,-1,button,1,32,32,0,45,0,1.0000,348,0.003990,,-1,button,1,32,32,0,45,0,1.0000,348,0.006030,-1,,button,1,32,32,0,46,0,1.0000,348,1.884288,27,27,32,0,0,0,0.4,risk_path,4,Bot1|Bot2|Bot3|Bot4,,1,0
26,0.70,75,440,702485085,3014187463,3632,0.645689,514,1384,50-33,57-15,62-49,27,25,30,28,49,39,0,0,1,27,1,27,68,1,27,41,1,button,1,27,27,0,37,0,1.0000,155,0.000554,-1,-1,button,1,27,27,0,37,0,1.0000,155,0.001759,,-1,button,1,27,27,0,37,0,1.0000,155,0.002775,-1,,button,1,27,27,0,35,0,1.0000,155,1.388518,9,9,27,0,0,0,0.4,risk_path,4,Bot1|Bot2|Bot3|Bot4,,1,0
27,0.70,75,440,643282798,4265031986,3649,0.648711,511,1394,1-17,44-11,69-37,79,49,110,88,53,51,1,0,1,79,0,,75,0,,,0,walked_into_fire,0,78,78,0,-2,1,0.9873,,0.012298,76,76,fire_reached_bot,0,80,75,5,-4,4,0.9494,,0.066325,,-1,fire_reached_bot,0,80,75,5,-4,4,0.9494,,0.094173,-1,,fire_reached_bot,0,80,75,5,-4,4,0.9494,,8.822255,-1,-1,80,0,75,5,,no_path,0,,Bot1|Bot2|Bot3|Bot4,0,1
28,0.70,75,440,1804062868,1517241965,3645,0.648000,508,1398,11-0,21-47,20-45,67,57,66,54,3,3,1,0,1,67,0,,3,0,,,0,fire_reached_bot,0,36,36,0,-32,31,0.5373,,0.003310,4,4,fire_reached_bot,0,81,3,78,-77,64,0.0448,,0.316930,,-1,fire_reached_bot,0,81,3,78,-77,64,0.0448,,0.561412,-1,,fire_reached_bot,0,81,3,78,-77,64,0.0448,,0.757082,-1,-1,81,0,3,78,,no_path,0,,Bot1|Bot2|Bot3|Bot4,0,1
29,0.70,75,440,566956298,2924771251,3644,0.647822,501,1370,50-7,18-23,45-30,52,48,40,28,40,34,1,0,1,52,0,,54,0,,,0,walked_into_fire,0,39,39,0,-1,13,0.7500,717,0.002847,38,37,fire_reached_bot,0,68,54,14,-13,10,0.8077,,0.051044,,37,fire_reached_bot,0,66,54,12,-11,8,0.8462,,0.096973,37,,fire_reached_bot,0,68,54,14,-13,10,0.8077,,4.871133,-1,37,68,1,53,14,0.99,no_path,0,,Bot1|Bot2|Bot3|Bot4,0,1
30,0.70,75,440,2308806563,965244565,3657,0.650133,511,1407,30-30,52-69,10-51,77,61,45,41,68,60,1,0,1,77,0,,87,0,,,0,fire_reached_bot,0,55,55,0,0,22,0.7143,1077,0.006987,-1,55,fire_reached_bot,0,55,55,0,0,22,0.7143,1077,0.043222,,55,fire_reached_bot,0,61,59,2,0,28,0.6364,1259,0.057440,55,,fire_reached_bot,0,55,55,0,0,22,0.7143,1077,7.785157,18,18,55,32,4,0,0.99,risk_path,0,,Bot1|Bot2|Bot3|Bot4,0,1
31,0.70,75,440,462864162,1041021291,3639,0.646933,509,1365,21-23,18-74,12-3,78,54,35,29,107,77,0,0,1,78,1,78,137,1,78,59,1,button,1,78,78,0,38,0,1.0000,1271,0.011235,-1,-1,button,1,78,78,0,38,0,1.0000,1271,0.038779,,-1,button,1,78,78,0,38,0,1.0000,1271,0.051977,-1,,button,1,78,78,0,38,0,1.0000,1271,7.961157,-1,-1,78,0,0,0,0.4,risk_path,4,Bot1|Bot2|Bot3|Bot4,,1,0
32,0.70,75,440,1155299482,2171726374,3641,0.647289,493,1387,25-45,7-61,54-71,34,34,61,55,61,57,0,0,1,34,1,34,88,1,34,54,1,button,1,34,34,0,47,0,1.0000,385,0.001568,-1,-1,button,1,34,34,0,47,0,1.0000,385,0.003580,,-1,button,1,34,34,0,47,0,1.0000,385,0.004890,-1,,button,1,34,34,0,47,0,1.0000,385,2.064732,-1,-1,34,0,0,0,0.4,risk_path,4,Bot1|Bot2|Bot3|Bot4,,1,0
33,0.70,75,440,2179890998,1736700740,3656,0.649956,513,1434,34-4,10-2,6-32,38,26,62,56,50,34,0,0,1,38,1,38,66,1,38,28,1,button,1,38,38,0,25,0,1.0000,449,0.001859,-1,-1,button,1,38,38,0,25,0,1.0000,449,0.006423,,-1,button,1,38,38,0,25,0,1.0000,449,0.007333,-1,,button,1,38,38,0,25,0,1.0000,449,2.554945,-1,-1,38,0,0,0,0.4,risk_path,4,Bot1|Bot2|Bot3|Bot4,,1,0
34,0.70,75,440,1845197330,3869115511,3638,0.646756,501,1332,22-74,62-5,5-2,117,109,105,89,100,60,1,0,1,117,0,,137,1,117,20,1,button,1,117,117,0,1,0,1.0000,1872,0.021784,-1,-1,button,1,117,117,0,1,0,1.0000,1872,0.110454,,-1,button,1,117,117,0,1,0,1.0000,1872,0.127693,-1,,button,1,117,117,0,1,0,1.0000,1872,18.487460,64,64,117,24,52,0,0.99,risk_path,4,Bot1|Bot2|Bot3|Bot4,,1,0
35,0.70,75,440,2606653398,2211110660,3655,0.649778,520,1407,30-55,10-46,12-4,33,29,77,69,54,44,0,0,1,33,1,33,70,1,33,37,1,button,1,33,33,0,37,0,1.0000,347,0.001454,-1,-1,button,1,33,33,0,37,0,1.0000,347,0.004071,,-1,button,1,33,33,0,37,0,1.0000,347,0.005205,-1,,button,1,33,33,0,37,0,1.0000,347,2.070206,-1,-1,33,0,0,0,0.4,risk_path,4,Bot1|Bot2|Bot3|Bot4,,1,0
36,0.70,75,440,185924975,3982104193,3640,0.647111,501,1382,69-56,63-24,28-5,56,38,104,92,68,54,0,0,1,56,1,56,88,1,56,32,1,button,1,56,56,0,31,0,1.0000,606,0.003981,-1,-1,button,1,56,56,0,31,0,1.0000,606,0.018777,,-1,button,1,56,56,0,31,0,1.0000,606,0.021582,-1,,button,1,56,56,0,31,0,1.0000,606,5.453703,49,49,56,0,0,0,0.4,risk_path,4,Bot1|Bot2|Bot3|Bot4,,1,0
37,0.70,75,440,3568169848,3649924492,3650,0.648889,506,1389,70-37,57-65,26-62,57,41,93,69,66,34,0,0,1,57,1,57,97,1,57,40,1,button,1,57,57,0,39,0,1.0000,799,0.004169,-1,-1,button,1,57,57,0,39,0,1.0000,799,0.016624,,-1,button,1,57,57,0,39,0,1.0000,799,0.022294,-1,,button,1,57,57,0,39,0,1.0000,799,5.129022,-1,-1,57,0,0,0,0.4,risk_path,4,Bot1|Bot2|Bot3|Bot4,,1,0
38,0.70,75,440,3097759363,742922130,3644,0.647822,512,1377,53-33,58-19,16-17,25,19,57,53,64,44,0,0,1,25,1,25,86,1,25,61,1,button,1,25,25,0,57,0,1.0000,304,0.001067,-1,-1,button,1,25,25,0,57,0,1.0000,304,0.002147,,-1,button,1,25,25,0,57,0,1.0000,304,0.003503,-1,,button,1,25,25,0,57,0,1.0000,304,1.093515,11,11,25,0,0,0,0.4,risk_path,4,Bot1|Bot2|Bot3|Bot4,,1,0
39,0.70,75,440,3219368855,3088895621,3631,0.645511,504,1368,38-4,59-25,64-72,50,42,100,94,70,52,0,0,1,50,1,50,85,1,50,35,1,button,1,50,50,0,35,0,1.0000,443,0.003071,-1,-1,button,1,50,50,0,35,0,1.0000,443,0.013223,,-1,button,1,50,50,0,35,0,1.0000,443,0.017998,-1,,button,1,50,50,0,35,0,1.0000,443,4.249456,2,2,50,0,0,0,0.4,risk_path,4,Bot1|Bot2|Bot3|Bot4,,1,0
40,0.70,75,440,3029962385,3015429521,3622,0.643911,504,1322,30-34,46-20,61-2,32,30,67,63,43,33,0,0,1,32,1,32,53,1,32,21,1,button,1,32,32,0,21,0,1.0000,276,0.001280,-1,-1,button,1,32,32,0,21,0,1.0000,276,0.003463,,-1,button,1,32,32,0,21,0,1.0000,276,0.004522,-1,,button,1,32,32,0,21,0,1.0000,276,1.859606,13,13,32,0,0,0,0.4,risk_path,4,Bot1|Bot2|Bot3|Bot4,,1,0
41,0.70,75,440,4017667363,2471176468,3640,0.647111,508,1366,47-32,62-11,3-74,48,36,92,86,138,122,0,0,1,48,1,48,174,1,48,126,1,button,1,48,48,0,122,0,1.0000,219,0.001787,-1,-1,button,1,48,48,0,122,0,1.0000,219,0.012114,,-1,button,1,48,48,0,122,0,1.0000,219,0.010885,-1,,button,1,48,48,0,122,0,1.0000,219,4.128227,-1,-1,48,0,0,0,0.4,risk_path,4,Bot1|Bot2|Bot3|Bot4,,1,0
42,0.70,75,440,287415481,3615322627,3640,0.647111,512,1371,33-53,74-35,48-20,65,59,62,48,45,41,1,0,1,65,0,,54,0,,,0,walked_into_fire,0,35,35,0,-2,30,0.5385,496,0.002344,29,29,fire_reached_bot,0,62,49,13,-7,24,0.6308,,0.066258,,-1,fire_reached_bot,0,62,49,13,-7,24,0.6308,,0.107883,-1,,fire_reached_bot,0,62,49,13,-7,24,0.6308,,6.566628,-1,-1,62,0,49,13,,no_path,0,,Bot1|Bot2|Bot3|Bot4,0,1
43,0.70,75,440,3343635005,3613099639,3644,0.647822,513,1424,40-63,49-41,34-34,39,31,43,35,30,22,1,0,1,39,0,,43,1,39,4,1,button,1,39,39,0,2,0,1.0000,618,0.002600,-1,-1,button,1,39,39,0,2,0,1.0000,618,0.007910,,-1,button,1,39,39,0,2,0,1.0000,618,0.010327,-1,,button,1,39,39,0,2,0,1.0000,618,2.592669,-1,-1,39,5,18,0,0.99,risk_path,4,Bot1|Bot2|Bot3|Bot4,,1,0
44,0.70,75,440,2433726094,1705541714,3627,0.644800,494,1308,60-20,48-7,31-29,35,25,46,38,41,39,0,0,1,35,1,35,57,1,35,22,1,button,1,35,35,0,19,0,1.0000,555,0.002304,-1,-1,button,1,35,35,0,19,0,1.0000,555,0.006142,,-1,button,1,35,35,0,19,0,1.0000,555,0.006965,-1,,button,1,35,35,0,19,0,1.0000,555,2.133531,-1,-1,35,0,0,0,0.4,risk_path,4,Bot1|Bot2|Bot3|Bot4,,1,0
45,0.70,75,440,3245280877,583972034,3621,0.643733,504,1351,40-56,38-63,23-69,15,9,38,30,25,21,0,0,1,15,1,15,32,1,15,17,1,button,1,15,15,0,17,0,1.0000,36,0.000216,-1,-1,button,1,15,15,0,17,0,1.0000,36,0.000621,,-1,button,1,15,15,0,17,0,1.0000,36,0.000673,-1,,button,1,15,15,0,17,0,1.0000,36,0.515286,-1,-1,15,0,0,0,0.4,risk_path,4,Bot1|Bot2|Bot3|Bot4,,1,0
46,0.70,75,440,744039592,481665536,3664,0.651378,517,1383,42-67,5-61,36-15,65,43,76,58,87,77,0,0,1,65,1,65,112,1,65,47,1,button,1,65,65,0,45,0,1.0000,1668,0.012589,-1,-1,button,1,65,65,0,45,0,1.0000,1668,0.029273,,-1,button,1,65,65,0,45,0,1.0000,1668,0.043545,-1,,button,1,65,65,0,45,0,1.0000,1668,5.737155,-1,-1,65,0,0,0,0.4,risk_path,4,Bot1|Bot2|Bot3|Bot4,,1,0
47,0.70,75,440,1407365857,2116346229,3670,0.652444,517,1423,35-11,51-53,61-53,72,58,84,68,14,10,1,0,1,72,0,,17,0,,,0,walked_into_fire,0,49,49,0,-31,23,0.6806,,0.006259,17,17,fire_reached_bot,0,89,16,73,-71,56,0.2222,,0.315077,,-1,fire_reached_bot,0,89,16,73,-71,56,0.2222,,0.632358,-1,,fire_reached_bot,0,89,16,73,-71,56,0.2222,,3.829029,-1,-1,89,0,16,73,,no_path,0,,Bot1|Bot2|Bot3|Bot4,0,1
48,0.70,75,440,3906747135,3253557841,3652,0.649244,514,1378,38-31,19-45,43-34,35,33,8,8,37,35,0,0,1,35,1,35,54,1,35,19,1,button,1,35,35,0,9,0,1.0000,496,0.002000,-1,-1,button,1,35,35,0,9,0,1.0000,496,0.005096,,-1,button,1,35,35,0,9,0,1.0000,496,0.007095,-1,,button,1,35,35,0,9,0,1.0000,496,2.185405,-1,-1,35,0,0,0,0.4,risk_path,4,Bot1|Bot2|Bot3|Bot4,,1,0
49,0.70,75,440,568842183,2915534142,3635,0.646222,500,1368,31-65,44-71,44-59,47,19,31,19,16,12,1,1,1,101,0,,25,0,,,0,walked_into_fire,0,19,19,0,-2,28,0.4043,111,0.002895,7,7,fire_reached_bot,0,34,6,28,-8,41,0.1277,,0.160196,,-1,fire_reached_bot,0,34,6,28,-8,41,0.1277,,0.299020,-1,,fire_reached_bot,0,34,6,28,-8,41,0.1277,,1.378581,-1,-1,34,0,6,28,,no_path,0,,Bot1|Bot2|Bot3|Bot4,0,1
50,0.70,75,440,514431646,1809119261,3651,0.649067,517,1393,25-17,63-18,11-57,51,39,58,54,109,91,0,0,1,51,1,51,132,1,51,81,1,button,1,51,51,0,75,0,1.0000,799,0.004185,-1,-1,button,1,51,51,0,75,0,1.0000,799,0.012733,,-1,button,1,51,51,0,75,0,1.0000,799,0.014791,-1,,button,1,51,51,0,75,0,1.0000,799,4.251545,33,33,51,0,0,0,0.4,risk_path,4,Bot1|Bot2|Bot3|Bot4,,1,0
51,0.70,75,440,3235510554,1802600594,3623,0.644089,494,1355,2-10,68-24,9-57,110,80,66,54,94,92,1,0,1,110,0,,123,1,110,13,1,button,1,110,110,0,3,0,1.0000,2634,0.035023,-1,-1,button,1,110,110,0,3,0,1.0000,2634,0.136772,,-1,button,1,110,110,0,3,0,1.0000,2634,0.160851,-1,,button,1,110,110,0,3,0,1.0000,2634,13.636577,97,97,110,4,52,0,0.99,risk_path,4,Bot1|Bot2|Bot3|Bot4,,1,0
52,0.70,75,440,639085731,3543395183,3638,0.646756,515,1390,32-9,6-35,41-25,56,52,25,25,51,45,1,0,1,56,0,,71,1,56,15,1,button,1,56,56,0,8,0,1.0000,1602,0.009163,-1,-1,button,1,56,56,0,8,0,1.0000,1602,0.016528,,-1,button,1,56,56,0,8,0,1.0000,1602,0.026882,-1,,button,1,56,56,0,8,0,1.0000,1602,4.041460,-1,-1,56,1,0,0,0.6,risk_path,4,Bot1|Bot2|Bot3|Bot4,,1,0
53,0.70,75,440,4049135280,482899726,3625,0.644444,501,1359,43-44,33-34,49-33,36,20,23,17,25,17,1,0,1,36,0,,32,0,,,0,walked_into_fire,0,34,34,0,-1,2,0.9444,,0.001882,33,33,fire_reached_bot,0,35,32,3,-2,4,0.8889,,0.020354,,-1,fire_reached_bot,0,35,32,3,-2,4,0.8889,,0.037855,-1,,fire_reached_bot,0,35,32,3,-2,4,0.8889,,2.154355,-1,-1,35,0,32,3,,no_path,0,,Bot1|Bot2|Bot3|Bot4,0,1
54,0.70,75,440,2561198562,2236996756,3645,0.648000,500,1328,20-62,0-59,47-37,29,23,58,52,79,69,0,0,1,29,1,29,99,1,29,70,1,button,1,29,29,0,66,0,1.0000,323,0.001172,-1,-1,button,1,29,29,0,66,0,1.0000,323,0.002817,,-1,button,1,29,29,0,66,0,1.0000,323,0.003602,-1,,button,1,29,29,0,66,0,1.0000,323,1.454427,-1,-1,29,0,0,0,0.4,risk_path,4,Bot1|Bot2|Bot3|Bot4,,1,0
55,0.70,75,440,2251065692,286865008,3616,0.642844,496,1335,58-63,9-0,53-16,120,112,64,52,62,60,1,0,1,120,0,,83,0,,,0,walked_into_fire,0,49,49,0,-1,71,0.4083,1088,0.007113,49,49,fire_reached_bot,0,49,48,1,0,72,0.4000,1117,0.037348,,-1,fire_reached_bot,0,49,48,1,0,72,0.4000,1117,0.045736,-1,,fire_reached_bot,0,49,48,1,0,72,0.4000,1117,8.357400,-1,-1,49,0,48,1,,no_path,0,,Bot1|Bot2|Bot3|Bot4,0,1
56,0.70,75,440,489761711,2230263378,3623,0.644089,501,1372,42-25,42-63,50-53,54,38,40,36,24,18,1,0,1,54,0,,31,0,,,0,walked_into_fire,0,21,21,0,-1,33,0.3889,229,0.001082,20,20,fire_reached_bot,0,37,31,6,-5,39,0.2778,,0.046954,,-1,fire_reached_bot,0,37,31,6,-5,39,0.2778,,0.075868,-1,,fire_reached_bot,0,37,31,6,-5,39,0.2778,,4.681250,-1,-1,37,0,31,6,,no_path,0,,Bot1|Bot2|Bot3|Bot4,0,1
57,0.70,75,440,3274284638,313157239,3626,0.644622,513,1371,46-14,73-22,58-60,39,35,62,58,59,53,0,0,1,39,1,39,76,1,39,37,1,button,1,39,39,0,34,0,1.0000,712,0.003159,-1,-1,button,1,39,39,0,34,0,1.0000,712,0.006713,,-1,button,1,39,39,0,34,0,1.0000,712,0.009592,-1,,button,1,39,39,0,34,0,1.0000,712,2.496467,8,8,39,0,0,0,0.4,risk_path,4,Bot1|Bot2|Bot3|Bot4,,1,0
58,0.70,75,440,3129249196,3379267321,3657,0.650133,513,1417,60-25,1-56,25-34,90,90,46,44,46,46,1,0,1,90,0,,60,0,,,0,walked_into_fire,0,27,27,0,-1,63,0.3000,310,0.001614,27,26,fire_reached_bot,0,34,34,0,0,68,0.2444,571,0.025151,,26,fire_reached_bot,0,61,55,6,0,75,0.1667,,0.094787,26,,fire_reached_bot,0,34,34,0,0,68,0.2444,571,5.666699,-1,26,34,0,34,0,,shortest_path_fallback,0,,Bot1|Bot2|Bot3|Bot4,0,1
59,0.70,75,440,894121229,1668138513,3639,0.646933,508,1374,35-29,71-66,49-2,75,73,43,41,98,86,0,0,1,75,1,75,124,1,75,49,1,button,1,75,75,0,44,0,1.0000,1372,0.011113,-1,-1,button,1,75,75,0,44,0,1.0000,1372,0.033629,,-1,button,1,75,75,0,44,0,1.0000,1372,0.043333,-1,,button,1,75,75,0,44,0,1.0000,1372,7.198619,11,11,75,0,0,0,0.4,risk_path,4,Bot1|Bot2|Bot3|Bot4,,1,0
60,0.70,75,440,2937611675,2098551990,3661,0.650844,517,1463,74-51,28-50,7-34,75,47,98,84,43,37,1,0,1,75,0,,57,0,,,0,fire_reached_bot,0,63,63,0,-5,12,0.8400,,0.009886,53,53,fire_reached_bot,0,70,52,18,-12,23,0.6933,,0.115830,,-1,fire_reached_bot,0,70,52,18,-12,23,0.6933,,0.169174,-1,,fire_reached_bot,0,70,52,18,-12,23,0.6933,,7.691250,-1,-1,70,0,52,18,,no_path,0,,Bot1|Bot2|Bot3|Bot4,0,1
61,0.70,75,440,2158948882,4161325205,3649,0.648711,504,1375,55-43,55-56,72-7,43,13,55,53,98,66,0,0,1,43,1,43,124,1,43,81,1,button,1,43,43,0,71,0,1.0000,296,0.002066,-1,-1,button,1,43,43,0,71,0,1.0000,296,0.011834,,-1,button,1,43,43,0,71,0,1.0000,296,0.011593,-1,,button,1,43,43,0,71,0,1.0000,296,3.037490,-1,-1,43,0,0,0,0.4,risk_path,4,Bot1|Bot2|Bot3|Bot4,,1,0
62,0.70,75,440,3393563913,2253549308,3667,0.651911,508,1380,24-27,32-68,1-59,71,49,57,55,46,40,1,0,1,71,0,,58,0,,,0,walked_into_fire,0,37,37,0,-1,34,0.5211,290,0.002200,36,36,fire_reached_bot,0,67,58,9,-8,37,0.4789,,0.074129,,-1,fire_reached_bot,0,67,58,9,-8,37,0.4789,,0.113603,-1,,fire_reached_bot,0,67,58,9,-8,37,0.4789,,9.092015,-1,-1,67,0,58,9,,no_path,0,,Bot1|Bot2|Bot3|Bot4,0,1
63,0.70,75,440,3798218772,3326087650,3629,0.645156,502,1335,46-27,21-72,19-59,74,70,59,59,17,15,1,0,1,74,0,,19,0,,,0,fire_reached_bot,0,34,34,0,-14,40,0.4595,,0.002494,19,19,fire_reached_bot,0,53,19,34,-33,55,0.2568,,0.178863,,-1,fire_reached_bot,0,53,19,34,-33,55,0.2568,,0.328802,-1,,fire_reached_bot,0,53,19,34,-33,55,0.2568,,3.708133,-1,-1,53,0,19,34,,no_path,0,,Bot1|Bot2|Bot3|Bot4,0,1
64,0.70,75,440,2494522029,654045650,3638,0.646756,507,1370,7-38,4-33,70-44,8,8,99,69,103,77,0,0,1,8,1,8,141,1,8,133,1,button,1,8,8,0,133,0,1.0000,22,0.000116,-1,-1,button,1,8,8,0,133,0,1.0000,22,0.000187,,-1,button,1,8,8,0,133,0,1.0000,22,0.000279,-1,,button,1,8,8,0,133,0,1.0000,22,0.199149,-1,-1,8,0,0,0,0.4,risk_path,4,Bot1|Bot2|Bot3|Bot4,,1,0
65,0.70,75,440,282407045,3208019061,3667,0.651911,507,1402,71-60,44-21,48-55,68,66,40,28,64,38,1,0,1,68,0,,84,1,68,16,1,button,1,68,68,0,8,0,1.0000,1843,0.015030,-1,-1,button,1,68,68,0,8,0,1.0000,1843,0.029624,,-1,button,1,68,68,0,8,0,1.0000,1843,0.047241,-1,,button,1,68,68,0,8,0,1.0000,1843,5.835041,-1,-1,68,0,0,0,0.4,risk_path,4,Bot1|Bot2|Bot3|Bot4,,1,0
66,0.70,75,440,2624712765,892082244,3630,0.645333,514,1350,67-68,51-49,10-44,39,35,91,81,62,46,0,0,1,39,1,39,82,1,39,43,1,button,1,39,39,0,43,0,1.0000,558,0.003740,-1,-1,button,1,39,39,0,43,0,1.0000,558,0.004873,,-1,button,1,39,39,0,43,0,1.0000,558,0.007756,-1,,button,1,39,39,0,43,0,1.0000,558,2.450676,-1,-1,39,0,0,0,0.4,risk_path,4,Bot1|Bot2|Bot3|Bot4,,1,0
67,0.70,75,440,1729019775,856386472,3624,0.644267,517,1409,60-53,29-59,62-26,39,37,43,29,68,66,0,0,1,39,1,39,95,1,39,56,1,button,1,39,39,0,43,0,1.0000,643,0.003840,-1,-1,button,1,39,39,0,43,0,1.0000,643,0.006182,,-1,button,1,39,39,0,43,0,1.0000,643,0.008638,-1,,button,1,39,39,0,43,0,1.0000,643,2.508121,-1,-1,39,0,0,0,0.4,risk_path,4,Bot1|Bot2|Bot3|Bot4,,1,0
68,0.70,75,440,4025098533,459075162,3613,0.642311,482,1310,53-46,53-73,41-17,43,27,43,41,86,68,0,0,1,43,1,43,134,1,43,91,1,button,1,43,43,0,68,0,1.0000,581,0.003412,-1,-1,button,1,43,43,0,68,0,1.0000,581,0.008136,,-1,button,1,43,43,0,68,0,1.0000,581,0.010111,-1,,button,1,43,43,0,68,0,1.0000,581,2.896172,-1,-1,43,0,0,0,0.4,risk_path,4,Bot1|Bot2|Bot3|Bot4,,1,0
69,0.70,75,440,266228852,4289431394,3621,0.643733,500,1398,43-3,26-13,19-65,43,27,102,86,79,59,0,0,1,43,1,43,102,1,43,59,1,button,1,43,43,0,57,0,1.0000,686,0.004298,-1,-1,button,1,43,43,0,57,0,1.0000,686,0.008653,,-1,button,1,43,43,0,57,0,1.0000,686,0.014804,-1,,button,1,43,43,0,57,0,1.0000,686,2.720253,-1,-1,43,0,0,0,0.4,risk_path,4,Bot1|Bot2|Bot3|Bot4,,1,0
70,0.70,75,440,3288517247,2662616909,3639,0.646933,504,1347,14-60,54-8,52-56,96,92,58,42,64,50,1,0,1,96,0,,93,0,,,0,fire_reached_bot,0,37,37,0,0,59,0.3854,582,0.004946,-1,-1,fire_reached_bot,0,37,37,0,0,59,0.3854,582,0.029641,,-1,fire_reached_bot,0,37,37,0,0,59,0.3854,582,0.034269,-1,,fire_reached_bot,0,37,37,0,0,59,0.3854,582,6.275804,-1,-1,37,0,37,0,,shortest_path_fallback,0,,Bot1|Bot2|Bot3|Bot4,0,1
71,0.70,75,440,3168276635,2131575540,3624,0.644267,484,1358,74-4,42-32,8-21,64,60,93,83,49,45,1,0,1,64,0,,71,1,64,7,1,button,1,64,64,0,5,0,1.0000,1230,0.009990,-1,-1,button,1,64,64,0,5,0,1.0000,1230,0.029542,,-1,button,1,64,64,0,5,0,1.0000,1230,0.035297,-1,,button,1,64,64,0,5,0,1.0000,1230,6.286891,-1,-1,64,7,32,0,0.99,risk_path,4,Bot1|Bot2|Bot3|Bot4,,1,0
72,0.70,75,440,3264989703,3396489466,3645,0.648000,501,1378,40-20,63-53,65-66,60,56,81,71,27,15,1,0,1,60,0,,37,0,,,0,fire_reached_bot,0,47,47,0,-9,13,0.7833,,0.004398,37,37,fire_reached_bot,0,62,36,26,-24,24,0.6000,,0.148001,,-1,fire_reached_bot,0,62,36,26,-24,24,0.6000,,0.263157,-1,,fire_reached_bot,0,62,36,26,-24,24,0.6000,,4.828958,-1,-1,62,0,36,26,,no_path,0,,Bot1|Bot2|Bot3|Bot4,0,1
73,0.70,75,440,3661586234,851551463,3654,0.649600,496,1346,19-42,55-11,6-19,77,67,48,36,73,57,1,0,1,77,0,,103,1,77,26,1,button,1,77,77,0,8,0,1.0000,1268,0.011200,-1,-1,button,1,77,77,0,8,0,1.0000,1268,0.053166,,-1,button,1,77,77,0,8,0,1.0000,1268,0.056088,-1,,button,1,77,77,0,17,0,1.0000,1268,7.406001,30,30,77,0,0,0,0.4,risk_path,4,Bot1|Bot2|Bot3|Bot4,,1,0
74,0.70,75,440,1507352610,3438827500,3616,0.642844,480,1296,44-65,19-74,3-51,36,34,71,55,43,39,0,0,1,36,1,36,60,1,36,24,1,button,1,36,36,0,24,0,1.0000,223,0.001136,-1,-1,button,1,36,36,0,24,0,1.0000,223,0.003033,,-1,button,1,36,36,0,24,0,1.0000,223,0.004090,-1,,button,1,36,36,0,24,0,1.0000,223,2.007147,-1,-1,36,0,0,0,0.4,risk_path,4,Bot1|Bot2|Bot3|Bot4,,1,0
75,0.70,75,440,2046749167,4286327507,3627,0.644800,499,1365,2-9,37-12,35-29,62,38,61,53,25,19,1,0,1,62,0,,33,0,,,0,fire_reached_bot,0,41,41,0,-7,21,0.6613,,0.003904,31,31,fire_reached_bot,0,54,30,24,-20,32,0.4839,,0.077453,,-1,fire_reached_bot,0,54,30,24,-20,32,0.4839,,0.105675,-1,,fire_reached_bot,0,54,30,24,-20,32,0.4839,,3.917623,-1,-1,54,0,30,24,,no_path,0,,Bot1|Bot2|Bot3|Bot4,0,1
76,0.70,75,440,3008379624,3615876865,3655,0.649778,515,1384,43-36,1-62,52-64,72,68,49,37,85,53,0,0,1,72,1,72,112,1,72,40,1,button,1,72,72,0,40,0,1.0000,1204,0.010446,-1,-1,button,1,72,72,0,40,0,1.0000,1204,0.030186,,-1,button,1,72,72,0,40,0,1.0000,1204,0.039497,-1,,button,1,72,72,0,36,0,1.0000,1204,6.497709,54,54,72,0,0,0,0.4,risk_path,4,Bot1|Bot2|Bot3|Bot4,,1,0
77,0.70,75,440,168951023,2051054311,3646,0.648178,498,1387,63-46,7-52,36-46,78,62,39,27,41,35,1,0,1,78,0,,52,0,,,0,fire_reached_bot,0,22,22,0,0,56,0.2821,137,0.001856,12,12,fire_reached_bot,0,64,52,12,-11,44,0.4359,,0.058365,,-1,fire_reached_bot,0,64,52,12,-11,44,0.4359,,0.089395,-1,,fire_reached_bot,0,64,52,12,-11,44,0.4359,,6.723210,-1,-1,64,0,52,12,,no_path,0,,Bot1|Bot2|Bot3|Bot4,0,1
78,0.70,75,440,2349810379,2265303479,3641,0.647289,501,1376,71-31,32-73,47-46,91,81,51,39,46,42,1,0,1,91,0,,62,0,,,0,walked_into_fire,0,29,29,0,-2,62,0.3187,155,0.002511,13,6,fire_reached_bot,0,64,61,3,-1,66,0.2747,,0.087595,,6,fire_reached_bot,0,65,61,4,-2,68,0.2527,,0.123148,6,,fire_reached_bot,0,64,61,3,-1,66,0.2747,,9.984204,-1,6,64,0,61,3,,no_path,0,,Bot1|Bot2|Bot3|Bot4,0,1
79,0.70,75,440,2763321522,3868111401,3664,0.651378,494,1408,50-59,10-66,49-54,63,47,6,6,63,51,0,0,1,63,0,,83,1,63,20,1,button,1,63,63,0,1,0,1.0000,1335,0.014460,-1,-1,button,1,63,63,0,1,0,1.0000,1335,0.022222,,-1,button,1,63,63,0,1,0,1.0000,1335,0.035407,-1,,button,1,63,63,0,1,0,1.0000,1335,5.498870,34,34,63,0,0,0,0.4,risk_path,4,Bot1|Bot2|Bot3|Bot4,,1,0
80,0.70,75,440,3716998955,3442828106,3643,0.647644,507,1384,32-60,45-60,19-26,29,13,51,47,72,60,0,0,1,29,1,29,98,1,29,69,1,button,1,29,29,0,60,0,1.0000,413,0.002589,-1,-1,button,1,29,29,0,60,0,1.0000,413,0.003633,,-1,button,1,29,29,0,60,0,1.0000,413,0.004832,-1,,button,1,29,29,0,60,0,1.0000,413,1.487960,15,15,29,0,0,0,0.4,risk_path,4,Bot1|Bot2|Bot3|Bot4,,1,0
81,0.70,75,440,2802822109,1173380791,3659,0.650489,505,1348,72-70,46-13,62-73,91,83,29,13,92,76,0,0,1,91,1,91,121,1,91,30,1,button,1,91,91,0,7,0,1.0000,1509,0.019044,-1,-1,button,1,91,91,0,7,0,1.0000,1509,0.051243,,-1,button,1,91,91,0,7,0,1.0000,1509,0.063221,-1,,button,1,91,91,0,7,0,1.0000,1509,9.919290,-1,-1,91,0,0,0,0.4,risk_path,4,Bot1|Bot2|Bot3|Bot4,,1,0
82,0.70,75,440,1458696374,4138283831,3640,0.647111,513,1373,14-4,25-57,6-47,78,64,63,51,31,29,1,0,1,78,0,,43,0,,,0,walked_into_fire,0,43,43,0,-5,35,0.5513,541,0.004202,33,33,fire_reached_bot,0,65,43,22,-21,47,0.3974,,0.123543,,-1,fire_reached_bot,0,65,43,22,-21,47,0.3974,,0.226465,-1,,fire_reached_bot,0,65,43,22,-21,47,0.3974,,7.732133,-1,-1,65,0,43,22,,no_path,0,,Bot1|Bot2|Bot3|Bot4,0,1
83,0.70,75,440,2432187744,4169280272,3642,0.647467,503,1356,40-58,45-19,12-50,66,44,46,36,86,64,0,0,1,66,1,66,120,1,66,54,1,button,1,66,66,0,43,0,1.0000,1159,0.009802,-1,-1,button,1,66,66,0,43,0,1.0000,1159,0.023815,,-1,button,1,66,66,0,43,0,1.0000,1159,0.031991,-1,,button,1,66,66,0,43,0,1.0000,1159,6.699038,14,14,66,0,0,0,0.4,risk_path,4,Bot1|Bot2|Bot3|Bot4,,1,0
84,0.70,75,440,117610117,309971403,3649,0.648711,513,1375,38-60,71-19,27-60,80,74,29,11,91,85,0,0,1,80,1,80,125,1,80,45,1,button,1,80,80,0,31,0,1.0000,1869,0.021276,-1,-1,button,1,80,80,0,31,0,1.0000,1869,0.047116,,-1,button,1,80,80,0,31,0,1.0000,1869,0.066144,-1,,button,1,80,80,0,31,0,1.0000,1869,6.923021,1,1,80,0,0,0,0.4,risk_path,4,Bot1|Bot2|Bot3|Bot4,,1,0
85,0.70,75,440,2351945767,3852249623,3652,0.649244,513,1378,46-2,42-17,48-41,27,19,63,41,48,30,0,0,1,27,1,27,60,1,27,33,1,button,1,27,27,0,32,0,1.0000,351,0.001388,-1,-1,button,1,27,27,0,32,0,1.0000,351,0.003058,,-1,button,1,27,27,0,32,0,1.0000,351,0.004240,-1,,button,1,27,27,0,32,0,1.0000,351,1.207415,-1,-1,27,0,0,0,0.4,risk_path,4,Bot1|Bot2|Bot3|Bot4,,1,0
86,0.70,75,440,2895808900,3809999560,3632,0.645689,498,1315,29-67,1-17,74-52,80,78,78,60,124,108,0,0,1,80,1,80,162,1,80,82,1,button,1,80,80,0,72,0,1.0000,1015,0.008215,-1,-1,button,1,80,80,0,72,0,1.0000,1015,0.036964,,-1,button,1,80,80,0,72,0,1.0000,1015,0.043868,-1,,button,1,80,80,0,72,0,1.0000,1015,8.409343,-1,-1,80,0,0,0,0.4,risk_path,4,Bot1|Bot2|Bot3|Bot4,,1,0
87,0.70,75,440,2723283324,3272133986,3648,0.648533,511,1411,47-73,31-5,7-43,104,84,90,70,88,62,1,0,1,104,0,,122,1,104,18,1,button,1,104,104,0,9,0,1.0000,2443,0.031570,-1,-1,button,1,104,104,0,9,0,1.0000,2443,0.090182,,-1,button,1,104,104,0,9,0,1.0000,2443,0.122945,-1,,button,1,104,104,0,9,0,1.0000,2443,11.447885,-1,-1,104,13,37,0,0.99,risk_path,4,Bot1|Bot2|Bot3|Bot4,,1,0
88,0.70,75,440,442504758,736042750,3679,0.654044,508,1420,16-28,1-29,31-35,26,16,30,22,46,36,0,0,1,26,1,26,53,1,26,27,1,button,1,26,26,0,27,0,1.0000,304,0.001530,-1,-1,button,1,26,26,0,27,0,1.0000,304,0.002361,,-1,button,1,26,26,0,27,0,1.0000,304,0.003765,-1,,button,1,26,26,0,27,0,1.0000,304,1.119366,-1,-1,26,0,0,0,0.4,risk_path,4,Bot1|Bot2|Bot3|Bot4,,1,0
89,0.70,75,440,2689907484,1240102764,3643,0.647644,497,1379,16-33,54-64,7-11,73,69,33,31,104,100,0,0,1,73,1,73,140,1,73,67,1,button,1,73,73,0,44,0,1.0000,1091,0.010108,-1,-1,button,1,73,73,0,44,0,1.0000,1091,0.017731,,-1,button,1,73,73,0,44,0,1.0000,1091,0.027157,-1,,button,1,73,73,0,44,0,1.0000,1091,6.714363,15,15,73,0,0,0,0.4,risk_path,4,Bot1|Bot2|Bot3|Bot4,,1,0
90,0.70,75,440,1410515791,2649707326,3622,0.643911,490,1314,8-14,42-56,9-9,84,76,8,6,88,80,0,0,1,84,1,84,116,1,84,32,1,button,1,84,84,0,8,0,1.0000,1384,0.012861,-1,-1,button,1,84,84,0,8,0,1.0000,1384,0.048157,,-1,button,1,84,84,0,8,0,1.0000,1384,0.060775,-1,,button,1,84,84,0,8,0,1.0000,1384,8.566372,15,15,84,0,0,0,0.4,risk_path,4,Bot1|Bot2|Bot3|Bot4,,1,0
91,0.70,75,440,1198831680,429899597,3632,0.645689,491,1347,53-16,73-34,18-42,46,38,65,61,73,63,0,0,1,46,1,46,102,1,46,56,1,button,1,46,46,0,55,0,1.0000,875,0.004434,-1,-1,button,1,46,46,0,55,0,1.0000,875,0.010915,,-1,button,1,46,46,0,55,0,1.0000,875,0.013878,-1,,button,1,46,46,0,55,0,1.0000,875,2.970565,1,1,46,0,0,0,0.4,risk_path,4,Bot1|Bot2|Bot3|Bot4,,1,0
92,0.70,75,440,2479440059,167758409,3623,0.644089,483,1277,70-63,69-1,24-59,93,63,66,50,109,103,0,0,1,93,1,93,142,1,93,49,1,button,1,93,93,0,49,0,1.0000,2512,0.026718,-1,-1,button,1,93,93,0,49,0,1.0000,2512,0.074679,,-1,button,1,93,93,0,49,0,1.0000,2512,0.101341,-1,,button,1,93,93,0,49,0,1.0000,2512,8.419132,10,10,93,0,0,0,0.4,risk_path,4,Bot1|Bot2|Bot3|Bot4,,1,0
93,0.70,75,440,2629098381,3995597651,3617,0.643022,492,1335,43-38,0-52,68-32,73,57,45,31,106,88,0,0,1,73,1,73,145,1,73,72,1,button,1,73,73,0,51,0,1.0000,1522,0.015788,-1,-1,button,1,73,73,0,51,0,1.0000,1522,0.039839,,-1,button,1,73,73,0,51,0,1.0000,1522,0.052019,-1,,button,1,73,73,0,51,0,1.0000,1522,6.223985,-1,-1,73,0,0,0,0.4,risk_path,4,Bot1|Bot2|Bot3|Bot4,,1,0
94,0.70,75,440,4034527632,2373009210,3618,0.643200,497,1351,2-63,74-14,29-36,133,121,56,54,79,67,1,0,1,133,0,,102,0,,,0,fire_reached_bot,0,32,32,0,0,101,0.2406,524,0.008000,26,25,fire_reached_bot,0,47,45,2,0,114,0.1429,1142,0.155501,,25,fire_reached_bot,0,46,45,1,0,114,0.1429,1093,0.166504,25,,fire_reached_bot,0,47,45,2,0,114,0.1429,1142,8.390879,-1,25,47,0,45,2,,no_path,0,,Bot1|Bot2|Bot3|Bot4,0,1
95,0.70,75,440,83074924,374331740,3621,0.643733,498,1346,0-52,43-16,43-65,89,79,64,56,81,49,1,0,1,89,0,,111,1,89,22,1,button,1,89,89,0,21,0,1.0000,2233,0.023406,-1,-1,button,1,89,89,0,21,0,1.0000,2233,0.059558,,-1,button,1,89,89,0,21,0,1.0000,2233,0.085781,-1,,button,1,89,89,0,21,0,1.0000,2233,8.462158,9,9,89,3,0,0,0.6,risk_path,4,Bot1|Bot2|Bot3|Bot4,,1,0
96,0.70,75,440,902943538,3127573542,3621,0.643733,508,1388,18-50,22-44,54-28,10,10,60,58,50,48,0,0,1,10,1,10,71,1,10,61,1,button,1,10,10,0,61,0,1.0000,27,0.000164,-1,-1,button,1,10,10,0,61,0,1.0000,27,0.000286,,-1,button,1,10,10,0,61,0,1.0000,27,0.000369,-1,,button,1,10,10,0,61,0,1.0000,27,0.232427,3,3,10,0,0,0,0.4,risk_path,4,Bot1|Bot2|Bot3|Bot4,,1,0
97,0.70,75,440,1323143353,2588849054,3631,0.645511,502,1329,18-54,46-56,54-72,50,30,56,54,26,24,1,0,1,50,0,,34,0,,,0,fire_reached_bot,0,37,37,0,-2,13,0.7400,,0.002624,34,34,fire_reached_bot,0,42,33,9,-7,17,0.6600,,0.053024,,-1,fire_reached_bot,0,42,33,9,-7,17,0.6600,,0.101201,-1,,fire_reached_bot,0,42,33,9,-7,17,0.6600,,3.406754,-1,-1,42,0,33,9,,no_path,0,,Bot1|Bot2|Bot3|Bot4,0,1
98,0.70,75,440,172568286,2343787580,3644,0.647822,511,1392,60-60,70-36,25-9,36,34,88,86,90,72,0,0,1,36,1,36,115,1,36,79,1,button,1,36,36,0,79,0,1.0000,446,0.002056,-1,-1,button,1,36,36,0,79,0,1.0000,446,0.004802,,-1,button,1,36,36,0,79,0,1.0000,446,0.006347,-1,,button,1,36,36,0,79,0,1.0000,446,2.031481,7,7,36,0,0,0,0.4,risk_path,4,Bot1|Bot2|Bot3|Bot4,,1,0
99,0.70,75,440,398009931,2986606611,3623,0.644089,501,1378,64-44,52-32,42-2,24,24,70,64,48,40,0,0,1,24,1,24,72,1,24,48,1,button,1,24,24,0,48,0,1.0000,129,0.000587,-1,-1,button,1,24,24,0,48,0,1.0000,129,0.001550,,-1,button,1,24,24,0,48,0,1.0000,129,0.001826,-1,,button,1,24,24,0,48,0,1.0000,129,0.973500,-1,-1,24,0,0,0,0.4,risk_path,4,Bot1|Bot2|Bot3|Bot4,,1,0
100,0.70,75,440,2731167691,650338235,3631,0.645511,511,1398,15-65,12-41,22-36,51,27,44,36,15,15,1,0,1,51,0,,20,0,,,0,walked_into_fire,0,38,38,0,-17,13,0.7451,,0.005602,21,21,fire_reached_bot,0,53,20,33,-32,31,0.3922,,0.158836,,-1,fire_reached_bot,0,53,20,33,-32,31,0.3922,,0.304822,-1,,fire_reached_bot,0,53,20,33,-32,31,0.3922,,2.439269,-1,-1,53,0,20,33,,no_path,0,,Bot1|Bot2|Bot3|Bot4,0,1
101,0.70,75,440,3976025462,1984228406,3637,0.646578,518,1371,60-37,47-47,45-51,35,23,37,29,8,6,1,0,1,35,0,,12,0,,,0,fire_reached_bot,0,22,22,0,-9,13,0.6286,,0.001041,9,9,fire_reached_bot,0,38,8,30,-25,27,0.2286,,0.152106,,-1,fire_reached_bot,0,38,8,30,-25,27,0.2286,,0.355001,-1,,fire_reached_bot,0,38,8,30,-25,27,0.2286,,1.073784,-1,-1,38,0,8,30,,no_path,0,,Bot1|Bot2|Bot3|Bot4,0,1
102,0.70,75,440,3469237606,1649159914,3647,0.648356,506,1395,16-63,59-25,55-5,89,81,101,97,32,24,1,0,1,89,0,,43,0,,,0,walked_into_fire,0,70,70,0,-26,19,0.7865,,0.013651,44,44,fire_reached_bot,0,80,43,37,-36,46,0.4831,,0.178453,,-1,fire_reached_bot,0,80,43,37,-36,46,0.4831,,0.350305,-1,,fire_reached_bot,0,80,43,37,-36,46,0.4831,,8.226977,-1,-1,80,0,43,37,,no_path,0,,Bot1|Bot2|Bot3|Bot4,0,1
103,0.70,75,440,1354804743,391426036,3643,0.647644,507,1361,49-52,55-52,69-35,8,6,39,37,35,31,0,0,1,8,1,8,48,1,8,40,1,button,1,8,8,0,40,0,1.0000,28,0.000231,-1,-1,button,1,8,8,0,40,0,1.0000,28,0.000218,,-1,button,1,8,8,0,40,0,1.0000,28,0.000467,-1,,button,1,8,8,0,40,0,1.0000,28,0.181257,6,6,8,0,0,0,0.4,risk_path,4,Bot1|Bot2|Bot3|Bot4,,1,0
104,0.70,75,440,4136514547,4012823104,3668,0.652089,517,1436,46-54,39-69,8-3,24,22,95,89,115,97,0,0,1,24,1,24,145,1,24,121,1,button,1,24,24,0,120,0,1.0000,87,0.000658,-1,-1,button,1,24,24,0,120,0,1.0000,87,0.001606,,-1,button,1,24,24,0,120,0,1.0000,87,0.002354,-1,,button,1,24,24,0,120,0,1.0000,87,0.995038,-1,-1,24,0,0,0,0.4,risk_path,4,Bot1|Bot2|Bot3|Bot4,,1,0
105,0.70,75,440,1802906948,4050598220,3643,0.647644,499,1382,33-16,18-43,1-63,58,42,83,79,39,37,1,0,1,58,0,,53,0,,,0,fire_reached_bot,0,53,53,0,0,5,0.9138,584,0.004635,51,50,fire_reached_bot,0,60,53,7,-6,11,0.8103,,0.047365,,50,fire_reached_bot,0,64,53,11,-10,13,0.7759,,0.124247,50,,fire_reached_bot,0,60,53,7,-6,11,0.8103,,6.249388,-1,50,60,0,53,7,,no_path,0,,Bot1|Bot2|Bot3|Bot4,0,1
106,0.70,75,440,4274087871,3596512109,3639,0.646933,511,1331,55-51,1-14,4-69,91,91,81,69,78,58,1,0,1,91,0,,103,1,91,12,1,button,1,91,91,0,11,0,1.0000,1194,0.014204,-1,-1,button,1,91,91,0,11,0,1.0000,1194,0.025925,,-1,button,1,91,91,0,11,0,1.0000,1194,0.040464,-1,,button,1,91,91,0,11,0,1.0000,1194,11.629098,-1,-1,91,24,11,0,0.99,risk_path,4,Bot1|Bot2|Bot3|Bot4,,1,0
107,0.70,75,440,3806192457,1257605443,3641,0.647289,497,1368,71-43,46-0,13-11,72,68,100,90,64,44,1,0,1,72,0,,82,1,72,10,1,button,1,72,72,0,10,0,1.0000,1136,0.010526,-1,-1,button,1,72,72,0,10,0,1.0000,1136,0.026888,,-1,button,1,72,72,0,10,0,1.0000,1136,0.041870,-1,,button,1,72,72,0,10,0,1.0000,1136,7.706061,-1,-1,72,20,2,0,0.99,risk_path,4,Bot1|Bot2|Bot3|Bot4,,1,0
108,0.70,75,440,3395390498,1222503905,3664,0.651378,520,1390,12-36,29-30,4-71,31,23,53,43,68,66,0,0,1,31,1,31,90,1,31,59,1,button,1,31,31,0,54,0,1.0000,172,0.000838,-1,-1,button,1,31,31,0,54,0,1.0000,172,0.002741,,-1,button,1,31,31,0,54,0,1.0000,172,0.003893,-1,,button,1,31,31,0,54,0,1.0000,172,1.689604,14,14,31,0,0,0,0.4,risk_path,4,Bot1|Bot2|Bot3|Bot4,,1,0
109,0.70,75,440,3653473380,1973034153,3655,0.649778,504,1448,65-67,22-22,34-51,96,88,61,47,51,41,1,0,1,96,0,,75,0,,,0,walked_into_fire,0,36,36,0,-1,60,0.3750,346,0.002755,35,33,fire_reached_bot,0,64,60,4,0,78,0.1875,1547,0.074318,,33,fire_reached_bot,0,66,60,6,0,82,0.1458,1658,0.090834,33,,fire_reached_bot,0,64,60,4,0,78,0.1875,1547,9.371524,-1,33,64,0,60,4,,no_path,0,,Bot1|Bot2|Bot3|Bot4,0,1
110,0.70,75,440,4082012561,1074635792,3655,0.649778,497,1382,49-25,32-5,37-65,37,37,64,52,87,65,0,0,1,37,1,37,112,1,37,75,1,button,1,37,37,0,70,0,1.0000,369,0.001621,-1,-1,button,1,37,37,0,70,0,1.0000,369,0.003676,,-1,button,1,37,37,0,70,0,1.0000,369,0.005968,-1,,button,1,37,37,0,70,0,1.0000,369,2.352503,-1,-1,37,0,0,0,0.4,risk_path,4,Bot1|Bot2|Bot3|Bot4,,1,0
111,0.70,75,440,416203697,1615190462,3657,0.650133,504,1392,10-8,49-62,1-12,95,93,25,13,100,98,0,0,1,95,1,95,128,1,95,33,1,button,1,95,95,0,10,0,1.0000,1653,0.018802,-1,-1,button,1,95,95,0,10,0,1.0000,1653,0.057864,,-1,button,1,95,95,0,10,0,1.0000,1653,0.060524,-1,,button,1,95,95,0,14,0,1.0000,1653,10.762216,4,4,95,0,0,0,0.4,risk_path,4,Bot1|Bot2|Bot3|Bot4,,1,0
112,0.70,75,440,2193764734,2138228930,3634,0.646044,495,1355,5-53,26-8,50-73,84,66,77,65,95,89,0,0,1,84,1,84,126,1,84,42,1,button,1,84,84,0,36,0,1.0000,1672,0.020782,-1,-1,button,1,84,84,0,36,0,1.0000,1672,0.071956,,-1,button,1,84,84,0,36,0,1.0000,1672,0.078544,-1,,button,1,84,84,0,36,0,1.0000,1672,8.465300,17,17,84,0,0,0,0.4,risk_path,4,Bot1|Bot2|Bot3|Bot4,,1,0
113,0.70,75,440,901889356,3820153862,3646,0.648178,513,1391,62-42,17-55,3-0,66,58,105,101,77,69,0,0,1,66,1,66,104,1,66,38,1,button,1,66,66,0,36,0,1.0000,557,0.005420,-1,-1,button,1,66,66,0,36,0,1.0000,557,0.015146,,-1,button,1,66,66,0,36,0,1.0000,557,0.019655,-1,,button,1,66,66,0,36,0,1.0000,557,6.918665,-1,-1,66,0,0,0,0.4,risk_path,4,Bot1|Bot2|Bot3|Bot4,,1,0
114,0.70,75,440,1911151784,3134867747,3627,0.644800,498,1377,36-73,65-72,37-32,52,30,56,42,72,68,0,0,1,52,1,52,95,1,52,43,1,button,1,52,52,0,41,0,1.0000,1336,0.009548,-1,-1,button,1,52,52,0,41,0,1.0000,1336,0.014096,,-1,button,1,52,52,0,41,0,1.0000,1336,0.022765,-1,,button,1,52,52,0,41,0,1.0000,1336,3.736443,35,35,52,0,0,0,0.4,risk_path,4,Bot1|Bot2|Bot3|Bot4,,1,0
115,0.70,75,440,1828045502,3560377918,3637,0.646578,489,1362,63-14,43-70,18-23,94,76,60,54,80,72,1,0,1,94,0,,108,1,94,14,1,button,1,94,94,0,14,0,1.0000,2648,0.033999,-1,-1,button,1,94,94,0,14,0,1.0000,2648,0.095734,,-1,button,1,94,94,0,14,0,1.0000,2648,0.131144,-1,,button,1,94,94,0,14,0,1.0000,2648,9.512187,-1,-1,94,5,5,0,0.99,risk_path,4,Bot1|Bot2|Bot3|Bot4,,1,0
116,0.70,75,440,794248593,1319229455,3632,0.645689,513,1408,15-60,69-51,1-71,83,63,27,25,92,88,0,0,1,83,1,83,122,1,83,39,1,button,1,83,83,0,13,0,1.0000,1344,0.011881,-1,-1,button,1,83,83,0,13,0,1.0000,1344,0.037144,,-1,button,1,83,83,0,13,0,1.0000,1344,0.044246,-1,,button,1,83,83,0,13,0,1.0000,1344,9.375071,22,22,83,0,0,0,0.4,risk_path,4,Bot1|Bot2|Bot3|Bot4,,1,0
117,0.70,75,440,247906182,231731730,3642,0.647467,494,1409,20-61,54-52,41-36,51,43,52,46,37,29,1,0,1,51,0,,50,0,,,0,fire_reached_bot,0,45,45,0,0,6,0.8824,885,0.004754,45,43,fire_reached_bot,0,47,45,2,0,8,0.8431,981,0.011398,,43,fire_reached_bot,0,51,45,6,0,10,0.8039,,0.020688,43,,fire_reached_bot,0,47,45,2,0,8,0.8431,981,4.416129,-1,43,47,0,45,2,,no_path,0,,Bot1|Bot2|Bot3|Bot4,0,1
118,0.70,75,440,2338859109,2503174722,3651,0.649067,498,1365,60-47,39-67,22-52,49,41,55,43,40,32,1,0,1,49,0,,48,0,,,0,fire_reached_bot,0,30,30,0,0,19,0.6122,362,0.001927,-1,30,fire_reached_bot,0,30,30,0,0,19,0.6122,362,0.009210,,30,fire_reached_bot,0,39,37,2,0,22,0.5510,689,0.031770,30,,fire_reached_bot,0,30,30,0,0,19,0.6122,362,3.465234,-1,30,30,0,30,0,,shortest_path_fallback,0,,Bot1|Bot2|Bot3|Bot4,0,1
119,0.70,75,440,2795650116,841446020,3644,0.647822,511,1355,59-73,29-38,14-26,65,65,92,92,27,27,1,0,1,65,0,,33,0,,,0,walked_into_fire,0,52,52,0,-18,13,0.8000,,0.007864,34,34,fire_reached_bot,0,76,33,43,-42,32,0.5077,,0.188372,,-1,fire_reached_bot,0,76,33,43,-42,32,0.5077,,0.322550,-1,,fire_reached_bot,0,76,33,43,-42,32,0.5077,,5.087653,-1,-1,76,0,33,43,,no_path,0,,Bot1|Bot2|Bot3|Bot4,0,1
120,0.70,75,440,2363225837,4020754255,3642,0.647467,496,1398,9-74,30-27,35-63,78,68,53,37,53,41,1,0,1,78,0,,65,0,,,0,fire_reached_bot,0,56,56,0,0,22,0.7179,1208,0.008466,-1,56,fire_reached_bot,0,56,56,0,0,22,0.7179,1208,0.033038,,56,fire_reached_bot,0,60,58,2,0,26,0.6667,1357,0.040145,56,,fire_reached_bot,0,56,56,0,0,22,0.7179,1208,6.925057,-1,56,56,0,56,0,,shortest_path_fallback,0,,Bot1|Bot2|Bot3|Bot4,0,1
121,0.70,75,440,272157506,212865656,3665,0.651556,503,1381,45-19,17-12,29-12,43,35,25,23,24,12,1,0,1,43,0,,29,0,,,0,walked_into_fire,0,20,20,0,-1,23,0.4651,147,0.001060,20,19,fire_reached_bot,0,24,24,0,0,25,0.4186,250,0.008153,,19,fire_reached_bot,0,26,25,1,0,30,0.3023,306,0.010344,19,,fire_reached_bot,0,24,24,0,0,25,0.4186,250,3.125299,-1,19,24,0,24,0,,shortest_path_fallback,0,,Bot1|Bot2|Bot3|Bot4,0,1
122,0.70,75,440,377564765,534516638,3632,0.645689,502,1362,27-3,24-11,67-44,15,11,83,81,82,76,0,0,1,15,1,15,107,1,15,92,1,button,1,15,15,0,92,0,1.0000,101,0.000381,-1,-1,button,1,15,15,0,92,0,1.0000,101,0.000720,,-1,button,1,15,15,0,92,0,1.0000,101,0.000911,-1,,button,1,15,15,0,92,0,1.0000,101,0.495193,-1,-1,15,0,0,0,0.4,risk_path,4,Bot1|Bot2|Bot3|Bot4,,1,0
123,0.70,75,440,1595995648,4164420774,3638,0.646756,514,1373,61-17,41-64,33-69,75,67,88,80,21,13,1,0,1,75,0,,28,0,,,0,walked_into_fire,0,50,50,0,-21,25,0.6667,,0.003866,26,26,fire_reached_bot,0,84,25,59,-55,50,0.3333,,0.282987,,-1,fire_reached_bot,0,84,25,59,-55,50,0.3333,,0.531863,-1,,fire_reached_bot,0,84,25,59,-55,50,0.3333,,5.095985,-1,-1,84,0,25,59,,no_path,0,,Bot1|Bot2|Bot3|Bot4,0,1
124,0.70,75,440,2851316964,3849568425,3612,0.642133,497,1349,30-47,1-14,18-2,64,62,73,57,31,29,1,0,1,64,0,,41,0,,,0,fire_reached_bot,0,51,51,0,-9,13,0.7969,,0.003806,39,39,fire_reached_bot,0,53,38,15,-11,26,0.5938,,0.089566,,-1,fire_reached_bot,0,53,38,15,-11,26,0.5938,,0.164368,-1,,fire_reached_bot,0,53,38,15,-11,26,0.5938,,6.206925,-1,-1,53,0,38,15,,no_path,0,,Bot1|Bot2|Bot3|Bot4,0,1
125,0.70,75,440,75640016,983425269,3623,0.644089,509,1341,47-43,18-9,40-9,73,63,43,41,34,22,1,0,1,73,0,,47,0,,,0,fire_reached_bot,0,31,31,0,0,42,0.4247,363,0.002107,28,27,fire_reached_bot,0,58,47,11,-10,50,0.3151,,0.076672,,27,fire_reached_bot,0,58,47,11,-10,50,0.3151,,0.132418,27,,fire_reached_bot,0,58,47,11,-10,50,0.3151,,7.102429,-1,27,58,0,47,11,,no_path,0,,Bot1|Bot2|Bot3|Bot4,0,1
126,0.70,75,440,2257855052,553856936,3648,0.648533,488,1395,40-62,42-9,71-44,85,55,51,49,70,64,1,0,1,85,0,,92,1,85,7,1,button,1,85,85,0,6,0,1.0000,1752,0.017308,-1,-1,button,1,85,85,0,6,0,1.0000,1752,0.069096,,-1,button,1,85,85,0,6,0,1.0000,1752,0.070615,-1,,button,1,85,85,0,6,0,1.0000,1752,10.157482,-1,-1,85,5,48,0,0.99,risk_path,4,Bot1|Bot2|Bot3|Bot4,,1,0
127,0.70,75,440,2387835660,4210166861,3638,0.646756,493,1389,16-46,13-0,26-22,61,49,38,34,35,35,1,0,1,61,0,,51,0,,,0,walked_into_fire,0,26,26,0,-1,35,0.4262,343,0.001469,25,25,fire_reached_bot,0,29,24,5,0,37,0.3934,470,0.028627,,-1,fire_reached_bot,0,29,24,5,0,37,0.3934,470,0.054333,-1,,fire_reached_bot,0,29,24,5,0,37,0.3934,470,3.126893,-1,-1,29,0,24,5,,no_path,0,,Bot1|Bot2|Bot3|Bot4,0,1
128,0.70,75,440,880119995,1942672215,3641,0.647289,524,1390,39-49,62-0,18-73,82,72,45,45,127,117,0,0,1,82,1,82,155,1,82,73,1,button,1,82,82,0,55,0,1.0000,1601,0.016034,-1,-1,button,1,82,82,0,55,0,1.0000,1601,0.047247,,-1,button,1,82,82,0,55,0,1.0000,1601,0.061291,-1,,button,1,82,82,0,55,0,1.0000,1601,8.380970,4,4,82,0,0,0,0.4,risk_path,4,Bot1|Bot2|Bot3|Bot4,,1,0
129,0.70,75,440,2335898079,2211249253,3628,0.644978,514,1381,37-2,64-0,45-5,67,29,11,11,58,24,1,0,1,67,0,,70,0,,,0,walked_into_fire,0,7,7,0,-2,60,0.1045,11,0.000734,3,1,fire_reached_bot,0,68,65,3,0,84,-0.2537,1334,0.105307,,1,fire_reached_bot,0,68,65,3,0,86,-0.2836,1334,0.125291,1,,fire_reached_bot,0,68,65,3,0,84,-0.2537,1334,12.168541,-1,1,68,0,65,3,,no_path,0,,Bot1|Bot2|Bot3|Bot4,0,1
130,0.70,75,440,1465691200,1383389641,3648,0.648533,504,1394,67-45,2-1,32-38,111,109,54,42,67,67,1,0,1,111,0,,87,0,,,0,walked_into_fire,0,32,32,0,-1,79,0.2883,508,0.002766,27,27,fire_reached_bot,0,50,50,0,0,75,0.3243,1378,0.039485,,50,fire_reached_bot,0,53,52,1,0,79,0.2883,1565,0.058709,50,,fire_reached_bot,0,50,50,0,0,75,0.3243,1378,7.545747,-1,50,50,0,50,0,,shortest_path_fallback,0,,Bot1|Bot2|Bot3|Bot4,0,1
131,0.70,75,440,440757090,857276793,3614,0.642489,500,1344,44-57,14-72,67-57,47,45,29,23,76,68,0,0,1,47,1,47,95,1,47,48,1,button,1,47,47,0,37,0,1.0000,748,0.005987,-1,-1,button,1,47,47,0,37,0,1.0000,748,0.010844,,-1,button,1,47,47,0,37,0,1.0000,748,0.016792,-1,,button,1,47,47,0,37,0,1.0000,748,3.308310,-1,-1,47,0,0,0,0.4,risk_path,4,Bot1|Bot2|Bot3|Bot4,,1,0
132,0.70,75,440,3555543580,3812448778,3626,0.644622,494,1308,13-24,61-74,48-37,102,98,60,48,52,50,1,0,1,102,0,,67,0,,,0,fire_reached_bot,0,36,36,0,0,66,0.3529,466,0.003349,33,33,fire_reached_bot,0,71,55,16,-3,73,0.2843,,0.087123,,-1,fire_reached_bot,0,71,55,16,-3,73,0.2843,,0.146812,-1,,fire_reached_bot,0,71,55,16,-3,73,0.2843,,8.207642,-1,-1,71,0,55,16,,no_path,0,,Bot1|Bot2|Bot3|Bot4,0,1
133,0.70,75,440,948442129,703702193,3606,0.641067,489,1329,17-44,66-21,47-52,80,72,44,38,60,50,1,0,1,80,0,,77,0,,,0,walked_into_fire,0,79,79,0,-1,1,0.9875,,0.023687,78,78,fire_reached_bot,0,80,77,3,-2,3,0.9625,,0.069971,,-1,fire_reached_bot,0,80,77,3,-2,3,0.9625,,0.088711,-1,,fire_reached_bot,0,80,77,3,-2,3,0.9625,,8.346573,-1,-1,80,0,77,3,,no_path,0,,Bot1|Bot2|Bot3|Bot4,0,1
134,0.70,75,440,1102281211,3563752405,3654,0.649600,503,1348,15-61,46-3,6-5,101,89,91,65,70,42,1,0,1,101,0,,105,1,103,2,0,walked_into_fire,0,76,76,0,-1,25,0.7525,711,0.007106,75,74,fire_reached_bot,0,97,97,0,0,22,0.7822,1245,0.083172,,74,fire_reached_bot,0,102,99,3,0,26,0.7426,1367,0.091375,74,,fire_reached_bot,0,97,97,0,0,22,0.7822,1245,16.679271,-1,74,97,0,97,0,,shortest_path_fallback,0,,Bot1|Bot2|Bot3|Bot4,0,1
135,0.70,75,440,807723142,2871911597,3642,0.647467,509,1338,62-61,53-43,38-3,37,27,96,82,69,55,0,0,1,37,1,37,93,1,37,56,1,button,1,37,37,0,54,0,1.0000,501,0.003024,-1,-1,button,1,37,37,0,54,0,1.0000,501,0.006221,,-1,button,1,37,37,0,54,0,1.0000,501,0.008428,-1,,button,1,37,37,0,54,0,1.0000,501,2.369815,-1,-1,37,0,0,0,0.4,risk_path,4,Bot1|Bot2|Bot3|Bot4,,1,0
136,0.70,75,440,1899007051,3079980098,3638,0.646756,507,1386,8-11,70-74,66-70,137,125,125,117,32,8,1,0,1,137,0,,47,0,,,0,walked_into_fire,0,72,72,0,-24,65,0.5255,,0.011558,22,22,fire_reached_bot,0,130,21,109,-82,116,0.1533,,0.513647,,-1,fire_reached_bot,0,130,21,109,-82,116,0.1533,,0.956839,-1,,fire_reached_bot,0,130,21,109,-82,116,0.1533,,6.662234,-1,-1,130,0,21,109,,no_path,0,,Bot1|Bot2|Bot3|Bot4,0,1
137,0.70,75,440,647213272,3488528219,3639,0.646933,496,1345,70-47,48-57,68-22,44,32,33,27,57,55,0,0,1,44,1,44,77,1,44,33,1,button,1,44,44,0,31,0,1.0000,680,0.004403,-1,-1,button,1,44,44,0,31,0,1.0000,680,0.009979,,-1,button,1,44,44,0,31,0,1.0000,680,0.015665,-1,,button,1,44,44,0,31,0,1.0000,680,3.158830,-1,-1,44,0,0,0,0.4,risk_path,4,Bot1|Bot2|Bot3|Bot4,,1,0
138,0.70,75,440,2955646883,1522454323,3639,0.646933,498,1348,70-34,60-68,42-16,66,44,52,46,88,70,0,0,1,66,1,66,113,1,66,47,1,button,1,66,66,0,41,0,1.0000,1623,0.014069,-1,-1,button,1,66,66,0,41,0,1.0000,1623,0.027754,,-1,button,1,66,66,0,41,0,1.0000,1623,0.055804,-1,,button,1,66,66,0,41,0,1.0000,1623,6.065896,60,60,66,0,0,0,0.4,risk_path,4,Bot1|Bot2|Bot3|Bot4,,1,0
139,0.70,75,440,3313783522,2464351505,3645,0.648000,495,1407,56-27,40-63,31-4,64,52,54,48,80,68,0,0,1,64,1,64,106,1,64,42,1,button,1,64,64,0,31,0,1.0000,1322,0.010012,-1,-1,button,1,64,64,0,31,0,1.0000,1322,0.028044,,-1,button,1,64,64,0,31,0,1.0000,1322,0.037059,-1,,button,1,64,64,0,31,0,1.0000,1322,5.722764,50,50,64,0,0,0,0.4,risk_path,4,Bot1|Bot2|Bot3|Bot4,,1,0
140,0.70,75,440,3452405857,2375599770,3649,0.648711,506,1372,37-2,71-34,45-58,70,66,82,64,60,50,1,0,1,70,0,,87,1,70,17,1,button,1,70,70,0,17,0,1.0000,1537,0.018840,-1,-1,button,1,70,70,0,17,0,1.0000,1537,0.031923,,-1,button,1,70,70,0,17,0,1.0000,1537,0.049451,-1,,button,1,70,70,0,17,0,1.0000,1537,6.683983,6,6,70,10,2,0,0.99,risk_path,4,Bot1|Bot2|Bot3|Bot4,,1,0
141,0.70,75,440,1002585984,1855575115,3672,0.652800,510,1408,39-60,63-11,65-29,83,73,63,57,26,20,1,0,1,83,0,,39,0,,,0,walked_into_fire,0,37,37,0,-1,46,0.4458,453,0.003396,20,20,fire_reached_bot,0,54,39,15,-14,56,0.3253,,0.099762,,-1,fire_reached_bot,0,54,39,15,-14,56,0.3253,,0.169745,-1,,fire_reached_bot,0,54,39,15,-14,56,0.3253,,7.153165,-1,-1,54,0,39,15,,no_path,0,,Bot1|Bot2|Bot3|Bot4,0,1
142,0.70,75,440,216244798,858947628,3652,0.649244,509,1403,47-4,42-58,32-25,87,59,40,36,61,43,1,0,1,87,0,,88,0,,,0,walked_into_fire,0,43,43,0,-1,44,0.4943,650,0.004308,39,37,fire_reached_bot,0,44,39,5,0,50,0.4253,740,0.038278,,37,fire_reached_bot,0,39,39,0,0,54,0.3793,531,0.041745,37,,fire_reached_bot,0,44,39,5,0,50,0.4253,740,6.402314,-1,37,44,0,39,5,,no_path,0,,Bot1|Bot2|Bot3|Bot4,0,1
143,0.70,75,440,1035138522,1426829652,3638,0.646756,509,1403,25-73,20-22,66-72,76,56,68,42,98,96,0,0,1,76,1,76,133,1,76,57,1,button,1,76,76,0,54,0,1.0000,1064,0.012410,-1,-1,button,1,76,76,0,54,0,1.0000,1064,0.040409,,-1,button,1,76,76,0,54,0,1.0000,1064,0.049747,-1,,button,1,76,76,0,54,0,1.0000,1064,8.696835,-1,-1,76,0,0,0,0.4,risk_path,4,Bot1|Bot2|Bot3|Bot4,,1,0
144,0.70,75,440,833741974,2067007930,3647,0.648356,507,1395,18-23,49-6,31-6,66,48,50,30,28,18,1,0,1,66,0,,40,0,,,0,walked_into_fire,0,29,29,0,-1,37,0.4394,223,0.001484,28,26,fire_reached_bot,0,47,38,9,-6,50,0.2424,,0.057551,,26,fire_reached_bot,0,51,38,13,-10,54,0.1818,,0.161470,26,,fire_reached_bot,0,47,38,9,-6,50,0.2424,,5.859863,-1,26,47,0,38,9,,no_path,0,,Bot1|Bot2|Bot3|Bot4,0,1
145,0.70,75,440,2337670084,113731334,3646,0.648178,502,1417,55-29,37-24,34-37,45,23,45,29,28,16,1,0,1,45,0,,42,0,,,0,fire_reached_bot,0,29,29,0,0,16,0.6444,378,0.002488,-1,29,fire_reached_bot,0,29,29,0,0,16,0.6444,378,0.010356,,29,fire_reached_bot,0,36,34,2,0,23,0.4889,608,0.036677,29,,fire_reached_bot,0,29,29,0,0,16,0.6444,378,3.007964,-1,29,29,0,29,0,,shortest_path_fallback,0,,Bot1|Bot2|Bot3|Bot4,0,1
146,0.70,75,440,1787649367,1167024077,3657,0.650133,512,1392,14-28,1-15,50-67,26,26,83,75,107,101,0,0,1,26,1,26,141,1,26,115,1,button,1,26,26,0,108,0,1.0000,177,0.001100,-1,-1,button,1,26,26,0,108,0,1.0000,177,0.002092,,-1,button,1,26,26,0,108,0,1.0000,177,0.003018,-1,,button,1,26,26,0,108,0,1.0000,177,1.259797,-1,-1,26,0,0,0,0.4,risk_path,4,Bot1|Bot2|Bot3|Bot4,,1,0
147,0.70,75,440,979999953,4214328274,3643,0.647644,509,1369,73-50,6-59,2-35,108,76,110,86,54,28,1,0,1,108,0,,98,0,,,0,walked_into_fire,0,73,73,0,-1,35,0.6759,1087,0.012095,68,67,fire_reached_bot,0,113,92,21,-14,50,0.5370,,0.146944,,67,fire_reached_bot,0,109,92,17,-10,48,0.5556,,0.202408,67,,fire_reached_bot,0,113,92,21,-14,50,0.5370,,14.960903,-1,67,113,0,92,21,,no_path,0,,Bot1|Bot2|Bot3|Bot4,0,1
148,0.70,75,440,1054847335,3500475643,3631,0.645511,510,1332,16-42,50-74,65-40,70,66,67,51,55,49,1,0,1,70,0,,70,0,,,0,fire_reached_bot,0,69,69,0,0,1,0.9857,1700,0.013819,-1,-1,fire_reached_bot,0,69,69,0,0,1,0.9857,1700,0.022600,,-1,fire_reached_bot,0,69,69,0,0,1,0.9857,1700,0.038371,-1,,fire_reached_bot,0,69,69,0,0,1,0.9857,1700,7.361190,49,49,69,22,40,0,0.99,risk_path,0,,Bot1|Bot2|Bot3|Bot4,0,1
149,0.70,75,440,175257072,1831328636,3645,0.648000,497,1375,51-67,36-24,24-26,78,58,76,68,16,14,1,0,1,78,0,,20,0,,,0,walked_into_fire,0,49,49,0,-28,29,0.6282,,0.006889,19,19,fire_reached_bot,0,86,18,68,-65,60,0.2308,,0.255846,,-1,fire_reached_bot,0,86,18,68,-65,60,0.2308,,0.515382,-1,,fire_reached_bot,0,86,18,68,-65,60,0.2308,,3.317021,-1,-1,86,0,18,68,,no_path,0,,Bot1|Bot2|Bot3|Bot4,0,1
150,0.70,75,440,782275208,1449296483,3626,0.644622,490,1345,36-22,61-74,74-15,91,77,59,45,76,72,1,0,1,91,0,,104,1,91,13,1,button,1,91,91,0,12,0,1.0000,1754,0.019837,-1,-1,button,1,91,91,0,12,0,1.0000,1754,0.052414,,-1,button,1,91,91,0,12,0,1.0000,1754,0.073952,-1,,button,1,91,91,0,12,0,1.0000,1754,11.628279,31,31,91,9,22,0,0.99,risk_path,4,Bot1|Bot2|Bot3|Bot4,,1,0
151,0.70,75,440,1315622670,76071239,3641,0.647289,502,1361,31-53,41-5,48-29,80,58,61,41,35,31,1,0,1,80,0,,44,0,,,0,walked_into_fire,0,36,36,0,-2,44,0.4500,351,0.002682,33,32,fire_reached_bot,0,47,41,6,-2,45,0.4375,,0.056158,,32,fire_reached_bot,0,50,41,9,-5,45,0.4375,,0.130512,32,,fire_reached_bot,0,47,41,6,-2,45,0.4375,,6.322469,-1,32,47,0,41,6,,no_path,0,,Bot1|Bot2|Bot3|Bot4,0,1
152,0.70,75,440,3579991625,3229194548,3608,0.641422,497,1331,48-13,34-13,13-45,32,14,69,67,65,53,0,0,1,32,1,32,82,1,32,50,1,button,1,32,32,0,50,0,1.0000,442,0.001918,-1,-1,button,1,32,32,0,50,0,1.0000,442,0.005936,,-1,button,1,32,32,0,50,0,1.0000,442,0.006696,-1,,button,1,32,32,0,50,0,1.0000,442,2.237900,-1,-1,32,0,0,0,0.4,risk_path,4,Bot1|Bot2|Bot3|Bot4,,1,0
153,0.70,75,440,3847139812,3509606694,3641,0.647289,498,1353,5-25,63-60,7-65,105,93,70,42,91,61,1,0,1,105,0,,121,1,113,8,0,fire_reached_bot,0,53,53,0,0,52,0.5048,673,0.006311,-1,53,fire_reached_bot,0,53,53,0,0,52,0.5048,673,0.064990,,53,fire_reached_bot,0,125,121,4,-3,34,0.6762,,0.191834,53,,fire_reached_bot,0,53,53,0,0,52,0.5048,673,10.578176,-1,53,53,0,53,0,,shortest_path_fallback,0,,Bot1|Bot2|Bot3|Bot4,0,1
154,0.70,75,440,3024991366,1532867464,3642,0.647467,510,1382,14-15,44-47,50-59,66,62,86,80,20,18,1,0,1,66,0,,30,0,,,0,walked_into_fire,0,50,50,0,-19,16,0.7576,,0.006252,31,31,fire_reached_bot,0,73,30,43,-42,36,0.4545,,0.193465,,-1,fire_reached_bot,0,73,30,43,-42,36,0.4545,,0.365426,-1,,fire_reached_bot,0,73,30,43,-42,36,0.4545,,4.744877,-1,-1,73,0,30,43,,no_path,0,,Bot1|Bot2|Bot3|Bot4,0,1
155,0.70,75,440,77398656,2952771356,3656,0.649956,502,1378,31-28,68-3,37-6,66,62,34,28,46,34,1,0,1,66,0,,61,0,,,0,fire_reached_bot,0,48,48,0,0,18,0.7273,710,0.004324,47,47,fire_reached_bot,0,71,61,10,-9,25,0.6212,,0.051954,,-1,fire_reached_bot,0,71,61,10,-9,25,0.6212,,0.110843,-1,,fire_reached_bot,0,71,61,10,-9,25,0.6212,,6.866004,-1,-1,71,0,61,10,,no_path,0,,Bot1|Bot2|Bot3|Bot4,0,1
156,0.70,75,440,1479374087,890278548,3637,0.646578,485,1364,25-27,72-41,49-50,75,61,57,47,46,32,1,0,1,75,0,,56,0,,,0,walked_into_fire,0,35,35,0,-1,40,0.4667,310,0.002395,30,30,fire_reached_bot,0,62,55,7,-5,20,0.7333,,0.054188,,-1,fire_reached_bot,0,62,55,7,-5,20,0.7333,,0.091766,-1,,fire_reached_bot,0,62,55,7,-5,20,0.7333,,7.545884,-1,-1,62,0,55,7,,no_path,0,,Bot1|Bot2|Bot3|Bot4,0,1
157,0.70,75,440,2224295823,2491851967,3652,0.649244,510,1364,9-52,44-18,52-33,75,69,76,62,25,23,1,0,1,75,0,,35,0,,,0,walked_into_fire,0,48,48,0,-12,27,0.6400,,0.005892,36,36,fire_reached_bot,0,61,35,26,-25,40,0.4667,,0.130414,,-1,fire_reached_bot,0,61,35,26,-25,40,0.4667,,0.227788,-1,,fire_reached_bot,0,61,35,26,-25,40,0.4667,,5.146377,-1,-1,61,0,35,26,,no_path,0,,Bot1|Bot2|Bot3|Bot4,0,1
158,0.70,75,440,4250350007,863802251,3634,0.646044,516,1368,52-14,14-5,70-62,57,47,82,66,123,113,0,0,1,57,1,57,159,1,57,102,1,button,1,57,57,0,89,0,1.0000,728,0.005444,-1,-1,button,1,57,57,0,89,0,1.0000,728,0.016646,,-1,button,1,57,57,0,89,0,1.0000,728,0.019975,-1,,button,1,57,57,0,89,0,1.0000,728,5.380550,-1,-1,57,0,0,0,0.4,risk_path,4,Bot1|Bot2|Bot3|Bot4,,1,0
159,0.70,75,440,1797411092,3333033759,3625,0.644444,505,1318,69-22,18-54,2-51,89,83,106,96,21,19,1,0,1,89,0,,25,0,,,0,walked_into_fire,0,59,59,0,-33,30,0.6629,,0.007246,26,26,fire_reached_bot,0,105,25,80,-79,64,0.2809,,0.359556,,-1,fire_reached_bot,0,105,25,80,-79,64,0.2809,,0.674640,-1,,fire_reached_bot,0,105,25,80,-79,64,0.2809,,5.614362,-1,-1,105,0,25,80,,no_path,0,,Bot1|Bot2|Bot3|Bot4,0,1
160,0.70,75,440,2622103724,4030296821,3630,0.645333,510,1345,71-28,17-69,71-57,103,95,41,29,98,66,1,0,1,103,0,,132,1,103,29,1,button,1,103,103,0,21,0,1.0000,2016,0.033035,-1,-1,button,1,103,103,0,21,0,1.0000,2016,0.099278,,-1,button,1,103,103,0,21,0,1.0000,2016,0.120161,-1,,button,1,103,103,0,17,0,1.0000,2016,12.054396,16,16,103,0,0,0,0.4,risk_path,4,Bot1|Bot2|Bot3|Bot4,,1,0
161,0.70,75,440,2317555799,151919511,3653,0.649422,497,1386,39-11,9-48,34-21,71,67,19,15,58,52,1,0,1,71,0,,87,0,,,0,fire_reached_bot,0,12,12,0,0,59,0.1690,62,0.000984,-1,11,fire_reached_bot,0,12,12,0,0,59,0.1690,62,0.006342,,11,fire_reached_bot,0,67,56,11,0,65,0.0845,1724,0.050783,11,,fire_reached_bot,0,12,12,0,0,59,0.1690,62,2.011628,-1,11,12,0,12,0,,shortest_path_fallback,0,,Bot1|Bot2|Bot3|Bot4,0,1
162,0.70,75,440,197254622,1131390103,3628,0.644978,492,1357,64-4,48-48,10-59,78,60,119,109,69,49,1,0,1,78,0,,94,1,78,16,1,button,1,78,78,0,16,0,1.0000,1131,0.010423,-1,-1,button,1,78,78,0,16,0,1.0000,1131,0.049656,,-1,button,1,78,78,0,16,0,1.0000,1131,0.050869,-1,,button,1,78,78,0,16,0,1.0000,1131,8.761922,-1,-1,78,2,0,0,0.99,risk_path,4,Bot1|Bot2|Bot3|Bot4,,1,0
163,0.70,75,440,2939572986,872181782,3637,0.646578,492,1354,24-49,24-6,26-14,61,43,47,37,26,10,1,0,1,61,0,,39,0,,,0,walked_into_fire,0,27,27,0,-1,34,0.4426,263,0.001616,19,19,fire_reached_bot,0,37,35,2,0,36,0.4098,565,0.034427,,-1,fire_reached_bot,0,37,35,2,0,36,0.4098,565,0.048902,-1,,fire_reached_bot,0,37,35,2,0,36,0.4098,565,5.731847,-1,-1,37,0,35,2,,no_path,0,,Bot1|Bot2|Bot3|Bot4,0,1
164,0.70,75,440,318478055,3662582948,3642,0.647467,515,1402,71-51,66-61,54-8,21,15,76,60,89,65,0,0,1,21,1,21,110,1,21,89,1,button,1,21,21,0,87,0,1.0000,129,0.000561,-1,-1,button,1,21,21,0,87,0,1.0000,129,0.002539,,-1,button,1,21,21,0,87,0,1.0000,129,0.001861,-1,,button,1,21,21,0,87,0,1.0000,129,0.847892,-1,-1,21,0,0,0,0.4,risk_path,4,Bot1|Bot2|Bot3|Bot4,,1,0
165,0.70,75,440,4153650681,247554762,3644,0.647822,510,1382,64-68,47-30,67-69,71,55,10,4,81,59,0,0,1,71,1,71,112,1,71,41,1,button,1,71,71,0,17,0,1.0000,732,0.007008,-1,-1,button,1,71,71,0,17,0,1.0000,732,0.034385,,-1,button,1,71,71,0,17,0,1.0000,732,0.034789,-1,,button,1,71,71,0,17,0,1.0000,732,7.609979,-1,-1,71,0,0,0,0.4,risk_path,4,Bot1|Bot2|Bot3|Bot4,,1,0
166,0.70,75,440,3449166865,1705888709,3633,0.645867,507,1380,4-1,11-58,21-60,82,64,84,76,34,12,1,0,1,82,0,,45,0,,,0,fire_reached_bot,0,49,49,0,-3,33,0.5976,,0.006637,42,42,fire_reached_bot,0,57,41,16,-11,41,0.5000,,0.100526,,-1,fire_reached_bot,0,57,41,16,-11,41,0.5000,,0.173131,-1,,fire_reached_bot,0,57,41,16,-11,41,0.5000,,6.698463,-1,-1,57,0,41,16,,no_path,0,,Bot1|Bot2|Bot3|Bot4,0,1
167,0.70,75,440,922269232,2098977963,3647,0.648356,511,1360,13-1,33-41,63-8,76,60,65,57,65,63,1,0,1,76,0,,87,1,76,11,1,button,1,76,76,0,9,0,1.0000,1393,0.013599,-1,-1,button,1,76,76,0,9,0,1.0000,1393,0.036676,,-1,button,1,76,76,0,9,0,1.0000,1393,0.054523,-1,,button,1,76,76,0,9,0,1.0000,1393,8.602647,26,26,76,10,17,0,0.99,risk_path,4,Bot1|Bot2|Bot3|Bot4,,1,0
168,0.70,75,440,544612032,2877135198,3672,0.652800,519,1443,73-8,4-23,58-24,108,84,33,31,77,55,1,0,1,108,0,,98,0,,,0,walked_into_fire,0,41,41,0,-1,67,0.3796,734,0.005668,41,41,fire_reached_bot,0,41,40,1,0,68,0.3704,761,0.058937,,-1,fire_reached_bot,0,41,40,1,0,68,0.3704,761,0.056474,-1,,fire_reached_bot,0,41,40,1,0,68,0.3704,761,6.179181,-1,-1,41,0,40,1,,no_path,0,,Bot1|Bot2|Bot3|Bot4,0,1
169,0.70,75,440,3778881665,2740835865,3659,0.650489,524,1370,53-11,25-60,12-64,89,77,106,94,17,17,1,0,1,89,0,,27,0,,,0,walked_into_fire,0,63,63,0,-35,26,0.7079,,0.008387,28,28,fire_reached_bot,0,112,27,85,-84,62,0.3034,,0.353367,,-1,fire_reached_bot,0,112,27,85,-84,62,0.3034,,0.710118,-1,,fire_reached_bot,0,112,27,85,-84,62,0.3034,,6.528277,-1,-1,112,0,27,85,,no_path,0,,Bot1|Bot2|Bot3|Bot4,0,1
170,0.70,75,440,229250927,3518222234,3643,0.647644,495,1356,14-12,17-54,46-5,67,45,45,39,78,78,0,0,1,67,1,67,104,1,67,37,1,button,1,67,67,0,37,0,1.0000,1298,0.009628,-1,-1,button,1,67,67,0,37,0,1.0000,1298,0.028421,,-1,button,1,67,67,0,37,0,1.0000,1298,0.039118,-1,,button,1,67,67,0,37,0,1.0000,1298,6.022485,26,26,67,0,0,0,0.4,risk_path,4,Bot1|Bot2|Bot3|Bot4,,1,0
171,0.70,75,440,1085318485,4112605803,3639,0.646933,508,1381,36-73,72-19,35-7,98,90,87,67,55,49,1,0,1,98,0,,75,0,,,0,fire_reached_bot,0,62,62,0,0,36,0.6327,1127,0.009775,58,58,fire_reached_bot,0,86,74,12,-10,28,0.7143,,0.112546,,-1,fire_reached_bot,0,86,74,12,-10,28,0.7143,,0.166525,-1,,fire_reached_bot,0,86,74,12,-10,28,0.7143,,11.074522,-1,-1,86,0,74,12,,no_path,0,,Bot1|Bot2|Bot3|Bot4,0,1
172,0.70,75,440,1943131252,2533243586,3649,0.648711,504,1361,49-28,24-40,33-20,43,37,28,24,33,29,1,0,1,43,0,,45,0,,,0,fire_reached_bot,0,22,22,0,0,21,0.5116,208,0.000987,-1,21,fire_reached_bot,0,22,22,0,0,21,0.5116,208,0.006005,,21,fire_reached_bot,0,50,45,5,-4,40,0.0698,,0.069083,21,,fire_reached_bot,0,22,22,0,0,21,0.5116,208,2.287944,-1,21,22,0,22,0,,shortest_path_fallback,0,,Bot1|Bot2|Bot3|Bot4,0,1
173,0.70,75,440,815405907,3357921857,3626,0.644622,501,1351,17-10,2-58,1-70,77,63,88,76,23,13,1,0,1,77,0,,32,0,,,0,fire_reached_bot,0,52,52,0,-19,25,0.6753,,0.003265,27,27,fire_reached_bot,0,85,26,59,-52,51,0.3377,,0.286601,,-1,fire_reached_bot,0,85,26,59,-52,51,0.3377,,0.601282,-1,,fire_reached_bot,0,85,26,59,-52,51,0.3377,,5.633076,-1,-1,85,0,26,59,,no_path,0,,Bot1|Bot2|Bot3|Bot4,0,1
174,0.70,75,440,2300978891,2614612160,3647,0.648356,501,1375,29-35,5-65,18-74,54,54,60,50,26,22,1,0,1,54,0,,31,0,,,0,fire_reached_bot,0,33,33,0,-1,21,0.6111,,0.001286,29,29,fire_reached_bot,0,44,30,14,-12,28,0.4815,,0.076452,,-1,fire_reached_bot,0,44,30,14,-12,28,0.4815,,0.140265,-1,,fire_reached_bot,0,44,30,14,-12,28,0.4815,,4.508815,-1,-1,44,0,30,14,,no_path,0,,Bot1|Bot2|Bot3|Bot4,0,1
175,0.70,75,440,2018207897,3314081923,3620,0.643556,501,1355,16-10,53-27,60-70,66,54,122,104,56,50,1,0,1,66,0,,73,1,66,7,1,button,1,66,66,0,7,0,1.0000,1061,0.008707,-1,-1,button,1,66,66,0,7,0,1.0000,1061,0.029461,,-1,button,1,66,66,0,7,0,1.0000,1061,0.033423,-1,,button,1,66,66,0,7,0,1.0000,1061,6.546773,23,23,66,5,4,0,0.99,risk_path,4,Bot1|Bot2|Bot3|Bot4,,1,0
176,0.70,75,440,2818097894,3512310857,3632,0.645689,509,1342,11-44,26-37,59-48,46,22,74,52,66,44,0,0,1,46,1,46,96,1,46,50,1,button,1,46,46,0,43,0,1.0000,436,0.003075,-1,-1,button,1,46,46,0,43,0,1.0000,436,0.013688,,-1,button,1,46,46,0,43,0,1.0000,436,0.014931,-1,,button,1,46,46,0,43,0,1.0000,436,3.543911,6,6,46,0,0,0,0.4,risk_path,4,Bot1|Bot2|Bot3|Bot4,,1,0
177,0.70,75,440,2027427399,1220179851,3630,0.645333,486,1356,30-38,73-15,50-71,66,66,63,53,95,79,0,0,1,66,1,66,130,1,66,64,1,button,1,66,66,0,57,0,1.0000,897,0.006254,-1,-1,button,1,66,66,0,57,0,1.0000,897,0.013207,,-1,button,1,66,66,0,57,0,1.0000,897,0.017483,-1,,button,1,66,66,0,57,0,1.0000,897,6.613214,37,37,66,0,0,0,0.4,risk_path,4,Bot1|Bot2|Bot3|Bot4,,1,0
178,0.70,75,440,3599993327,1032513067,3649,0.648711,514,1379,52-28,3-70,60-5,101,91,39,31,122,122,0,0,1,101,1,101,157,1,101,56,1,button,1,101,101,0,43,0,1.0000,2238,0.029244,-1,-1,button,1,101,101,0,43,0,1.0000,2238,0.057204,,-1,button,1,101,101,0,43,0,1.0000,2238,0.101033,-1,,button,1,101,101,0,43,0,1.0000,2238,10.883253,-1,-1,101,0,0,0,0.4,risk_path,4,Bot1|Bot2|Bot3|Bot4,,1,0
179,0.70,75,440,2543364003,1899170686,3632,0.645689,503,1387,41-38,55-52,67-5,34,28,63,59,69,59,0,0,1,34,1,34,88,1,34,54,1,button,1,34,34,0,54,0,1.0000,183,0.001040,-1,-1,button,1,34,34,0,54,0,1.0000,183,0.003639,,-1,button,1,34,34,0,54,0,1.0000,183,0.004681,-1,,button,1,34,34,0,54,0,1.0000,183,2.516656,19,19,34,0,0,0,0.4,risk_path,4,Bot1|Bot2|Bot3|Bot4,,1,0
180,0.70,75,440,1116830270,123999137,3635,0.646222,502,1362,41-21,71-69,61-69,92,78,78,68,30,10,1,0,1,92,0,,41,0,,,0,walked_into_fire,0,44,44,0,-2,48,0.4783,,0.004040,17,17,fire_reached_bot,0,85,16,69,-43,76,0.1739,,0.327961,,-1,fire_reached_bot,0,85,16,69,-43,76,0.1739,,0.633822,-1,,fire_reached_bot,0,85,16,69,-43,76,0.1739,,4.125886,-1,-1,85,0,16,69,,no_path,0,,Bot1|Bot2|Bot3|Bot4,0,1
181,0.70,75,440,4129245186,2777447817,3675,0.653333,520,1414,58-11,69-10,38-59,16,12,74,68,86,80,0,0,1,16,1,16,112,1,16,96,1,button,1,16,16,0,96,0,1.0000,65,0.000342,-1,-1,button,1,16,16,0,96,0,1.0000,65,0.000725,,-1,button,1,16,16,0,96,0,1.0000,65,0.000958,-1,,button,1,16,16,0,96,0,1.0000,65,0.572459,2,2,16,0,0,0,0.4,risk_path,4,Bot1|Bot2|Bot3|Bot4,,1,0
182,0.70,75,440,699038936,1084992602,3641,0.647289,516,1390,25-21,56-28,5-35,46,38,36,34,74,58,0,0,1,46,1,46,102,1,46,56,1,button,1,46,46,0,50,0,1.0000,666,0.003962,-1,-1,button,1,46,46,0,50,0,1.0000,666,0.007480,,-1,button,1,46,46,0,50,0,1.0000,666,0.011134,-1,,button,1,46,46,0,50,0,1.0000,666,3.468427,18,18,46,0,0,0,0.4,risk_path,4,Bot1|Bot2|Bot3|Bot4,,1,0
183,0.70,75,440,3412191491,4070376951,3637,0.646578,496,1387,62-44,41-67,63-45,54,44,2,2,56,44,0,0,1,54,1,54,75,1,54,21,1,button,1,54,54,0,2,0,1.0000,1056,0.006820,-1,-1,button,1,54,54,0,2,0,1.0000,1056,0.014717,,-1,button,1,54,54,0,2,0,1.0000,1056,0.022077,-1,,button,1,54,54,0,2,0,1.0000,1056,4.265200,-1,-1,54,0,0,0,0.4,risk_path,4,Bot1|Bot2|Bot3|Bot4,,1,0
184,0.70,75,440,1126362104,2531367481,3631,0.645511,503,1386,31-17,21-48,48-3,53,41,39,31,78,72,0,0,1,53,1,53,105,1,53,52,1,button,1,53,53,0,39,0,1.0000,560,0.003881,-1,-1,button,1,53,53,0,39,0,1.0000,560,0.011198,,-1,button,1,53,53,0,39,0,1.0000,560,0.014475,-1,,button,1,53,53,0,39,0,1.0000,560,4.705789,-1,-1,53,0,0,0,0.4,risk_path,4,Bot1|Bot2|Bot3|Bot4,,1,0
185,0.70,75,440,3977488963,3994077294,3647,0.648356,515,1343,30-40,24-6,35-13,52,40,46,32,18,18,1,0,1,52,0,,23,0,,,0,walked_into_fire,0,34,34,0,-10,18,0.6538,,0.002493,23,23,fire_reached_bot,0,46,22,24,-22,30,0.4231,,0.113470,,-1,fire_reached_bot,0,46,22,24,-22,30,0.4231,,0.230573,-1,,fire_reached_bot,0,46,22,24,-22,30,0.4231,,2.966641,-1,-1,46,0,22,24,,no_path,0,,Bot1|Bot2|Bot3|Bot4,0,1
186,0.70,75,440,2126553979,2609949610,3626,0.644622,490,1334,13-61,42-74,58-35,42,42,73,71,61,55,0,0,1,42,1,42,84,1,42,42,1,button,1,42,42,0,42,0,1.0000,541,0.003312,-1,-1,button,1,42,42,0,42,0,1.0000,541,0.006223,,-1,button,1,42,42,0,42,0,1.0000,541,0.008984,-1,,button,1,42,42,0,42,0,1.0000,541,3.023492,6,6,42,0,0,0,0.4,risk_path,4,Bot1|Bot2|Bot3|Bot4,,1,0
187,0.70,75,440,604629814,3122588556,3651,0.649067,512,1393,42-22,48-26,40-11,12,10,19,13,31,23,0,0,1,12,1,12,43,1,12,31,1,button,1,12,12,0,27,0,1.0000,57,0.000251,-1,-1,button,1,12,12,0,27,0,1.0000,57,0.000570,,-1,button,1,12,12,0,27,0,1.0000,57,0.000564,-1,,button,1,12,12,0,27,0,1.0000,57,0.337856,-1,-1,12,0,0,0,0.4,risk_path,4,Bot1|Bot2|Bot3|Bot4,,1,0
188,0.70,75,440,2717215071,3838181151,3669,0.652267,516,1402,4-12,43-12,69-67,83,39,120,120,91,81,0,0,1,83,1,83,121,1,83,38,1,button,1,83,83,0,36,0,1.0000,1394,0.016857,-1,-1,button,1,83,83,0,36,0,1.0000,1394,0.074336,,-1,button,1,83,83,0,36,0,1.0000,1394,0.086601,-1,,button,1,83,83,0,36,0,1.0000,1394,8.950948,34,34,83,0,0,0,0.4,risk_path,4,Bot1|Bot2|Bot3|Bot4,,1,0
189,0.70,75,440,899400218,1033562852,3653,0.649422,519,1408,15-65,68-61,7-10,91,57,95,63,132,112,0,0,1,91,1,91,176,1,91,85,1,button,1,91,91,0,80,0,1.0000,791,0.006398,-1,-1,button,1,91,91,0,80,0,1.0000,791,0.041528,,-1,button,1,91,91,0,80,0,1.0000,791,0.050654,-1,,button,1,91,91,0,80,0,1.0000,791,12.259914,22,22,91,0,0,0,0.4,risk_path,4,Bot1|Bot2|Bot3|Bot4,,1,0
190,0.70,75,440,3481980839,2844192455,3636,0.646400,506,1365,69-53,58-13,16-44,61,51,78,62,77,73,0,0,1,61,1,61,107,1,61,46,1,button,1,61,61,0,39,0,1.0000,1543,0.010556,-1,-1,button,1,61,61,0,39,0,1.0000,1543,0.025287,,-1,button,1,61,61,0,39,0,1.0000,1543,0.033230,-1,,button,1,61,61,0,39,0,1.0000,1543,4.693886,-1,-1,61,0,0,0,0.4,risk_path,4,Bot1|Bot2|Bot3|Bot4,,1,0
191,0.70,75,440,1615916817,2432315316,3635,0.646222,508,1385,2-12,63-7,37-53,84,66,84,76,96,72,0,0,1,84,1,84,130,1,84,46,1,button,1,84,84,0,45,0,1.0000,2257,0.022302,-1,-1,button,1,84,84,0,45,0,1.0000,2257,0.046263,,-1,button,1,84,84,0,45,0,1.0000,2257,0.064788,-1,,button,1,84,84,0,45,0,1.0000,2257,7.748568,4,4,84,0,0,0,0.4,risk_path,4,Bot1|Bot2|Bot3|Bot4,,1,0
192,0.70,75,440,3898521735,118069459,3640,0.647111,503,1357,65-51,13-31,35-4,78,72,95,77,65,49,1,0,1,78,0,,83,1,78,5,1,button,1,78,78,0,5,0,1.0000,1142,0.010520,-1,-1,button,1,78,78,0,5,0,1.0000,1142,0.034866,,-1,button,1,78,78,0,5,0,1.0000,1142,0.042303,-1,,button,1,78,78,0,5,0,1.0000,1142,9.771559,-1,-1,78,23,18,0,0.99,risk_path,4,Bot1|Bot2|Bot3|Bot4,,1,0
193,0.70,75,440,2444658365,2126892776,3649,0.648711,505,1399,33-16,18-42,60-74,45,41,103,85,80,74,0,0,1,45,1,45,102,1,45,57,1,button,1,45,45,0,51,0,1.0000,414,0.003676,-1,-1,button,1,45,45,0,51,0,1.0000,414,0.008760,,-1,button,1,45,45,0,51,0,1.0000,414,0.011152,-1,,button,1,45,45,0,51,0,1.0000,414,3.327328,-1,-1,45,0,0,0,0.4,risk_path,4,Bot1|Bot2|Bot3|Bot4,,1,0
194,0.70,75,440,2214062488,49670459,3680,0.654222,504,1424,54-28,6-56,20-24,80,76,58,38,60,46,1,0,1,80,0,,81,0,,,0,fire_reached_bot,0,47,47,0,0,33,0.5875,1023,0.006368,-1,46,fire_reached_bot,0,47,47,0,0,33,0.5875,1023,0.031253,,46,fire_reached_bot,0,55,48,7,0,32,0.6000,1293,0.039238,46,,fire_reached_bot,0,47,47,0,0,33,0.5875,1023,7.174232,-1,46,47,0,47,0,,shortest_path_fallback,0,,Bot1|Bot2|Bot3|Bot4,0,1
195,0.70,75,440,1449191703,2718877568,3592,0.638578,491,1324,33-21,17-58,26-24,55,53,12,10,53,43,1,0,1,55,0,,84,1,55,29,1,button,1,55,55,0,11,0,1.0000,1030,0.006044,-1,-1,button,1,55,55,0,11,0,1.0000,1030,0.012648,,-1,button,1,55,55,0,11,0,1.0000,1030,0.017352,-1,,button,1,55,55,0,11,0,1.0000,1030,4.546428,-1,-1,55,0,0,0,0.4,risk_path,4,Bot1|Bot2|Bot3|Bot4,,1,0
196,0.70,75,440,2745450280,3961164760,3646,0.648178,520,1434,24-70,36-17,51-9,95,65,110,88,25,23,1,0,1,95,0,,27,0,,,0,walked_into_fire,0,69,69,0,-41,26,0.7263,,0.014906,28,28,fire_reached_bot,0,118,27,91,-90,68,0.2842,,0.377613,,-1,fire_reached_bot,0,118,27,91,-90,68,0.2842,,0.627025,-1,,fire_reached_bot,0,118,27,91,-90,68,0.2842,,6.297284,-1,-1,118,0,27,91,,no_path,0,,Bot1|Bot2|Bot3|Bot4,0,1
197,0.70,75,440,1134599302,4132178095,3653,0.649422,495,1397,20-37,62-2,57-46,77,77,56,46,65,49,1,0,1,77,0,,80,1,77,3,1,button,1,77,77,0,1,0,1.0000,2258,0.023334,-1,-1,button,1,77,77,0,1,0,1.0000,2258,0.034368,,-1,button,1,77,77,0,1,0,1.0000,2258,0.055310,-1,,button,1,77,77,0,1,0,1.0000,2258,7.760432,26,26,77,26,21,0,0.99,risk_path,4,Bot1|Bot2|Bot3|Bot4,,1,0
198,0.70,75,440,3387618525,4213744687,3637,0.646578,501,1335,25-12,26-27,73-32,32,16,80,68,70,52,0,0,1,32,1,32,86,1,32,54,1,button,1,32,32,0,52,0,1.0000,289,0.001341,-1,-1,button,1,32,32,0,52,0,1.0000,289,0.003449,,-1,button,1,32,32,0,52,0,1.0000,289,0.004696,-1,,button,1,32,32,0,52,0,1.0000,289,1.798698,-1,-1,32,0,0,0,0.4,risk_path,4,Bot1|Bot2|Bot3|Bot4,,1,0
199,0.70,75,440,3963364150,1255751458,3646,0.648178,503,1378,31-11,73-33,7-36,76,64,53,49,91,69,0,0,1,76,1,76,121,1,76,45,1,button,1,76,76,0,39,0,1.0000,1672,0.012989,-1,-1,button,1,76,76,0,39,0,1.0000,1672,0.032273,,-1,button,1,76,76,0,39,0,1.0000,1672,0.045941,-1,,button,1,76,76,0,42,0,1.0000,1672,7.529109,1,1,76,0,0,0,0.4,risk_path,4,Bot1|Bot2|Bot3|Bot4,,1,0
200,0.70,75,440,687047578,4017936739,3628,0.644978,511,1337,27-51,69-32,8-40,65,61,30,30,79,69,0,0,1,65,1,65,100,1,65,35,1,button,1,65,65,0,22,0,1.0000,1351,0.009669,-1,-1,button,1,65,65,0,22,0,1.0000,1351,0.023582,,-1,button,1,65,65,0,22,0,1.0000,1351,0.034183,-1,,button,1,65,65,0,22,0,1.0000,1351,5.918948,16,16,65,0,0,0,0.4,risk_path,4,Bot1|Bot2|Bot3|Bot4,,1,0
201,0.70,75,440,3808654913,1437651723,3644,0.647822,506,1376,73-63,38-16,62-70,86,82,34,18,84,78,1,0,1,86,0,,101,1,86,15,1,button,1,86,86,0,1,0,1.0000,1379,0.013111,-1,23,button,1,86,86,0,1,0,1.0000,1379,0.039878,,23,fire_reached_bot,0,49,49,0,0,59,0.3140,507,0.037198,23,,button,1,86,86,0,13,0,1.0000,1379,9.780383,6,6,86,0,0,0,0.4,risk_path,3,Bot1|Bot2|Bot4,Bot3,0,0
202,0.70,75,440,479682215,117614757,3621,0.643733,510,1341,36-35,34-65,43-19,46,32,39,23,81,55,0,0,1,46,1,46,102,1,46,56,1,button,1,46,46,0,48,0,1.0000,670,0.003072,-1,-1,button,1,46,46,0,48,0,1.0000,670,0.009375,,-1,button,1,46,46,0,48,0,1.0000,670,0.012158,-1,,button,1,46,46,0,48,0,1.0000,670,3.176131,-1,-1,46,0,0,0,0.4,risk_path,4,Bot1|Bot2|Bot3|Bot4,,1,0
203,0.70,75,440,1496475200,4047105304,3645,0.648000,514,1350,51-1,14-73,56-29,117,109,43,33,88,86,1,0,1,117,0,,107,0,,,0,walked_into_fire,0,26,26,0,-1,91,0.2222,347,0.002505,22,22,fire_reached_bot,0,81,78,3,0,83,0.2906,2748,0.115155,,29,fire_reached_bot,0,86,78,8,0,87,0.2564,2908,0.149005,29,,fire_reached_bot,0,81,78,3,0,83,0.2906,2748,11.370927,-1,29,81,0,78,3,,no_path,0,,Bot1|Bot2|Bot3|Bot4,0,1
204,0.70,75,440,505044942,177768735,3649,0.648711,507,1385,16-40,65-14,63-49,81,75,68,56,65,37,1,0,1,81,0,,79,0,,,0,walked_into_fire,0,42,42,0,-1,39,0.5185,561,0.004217,42,42,fire_reached_bot,0,79,79,0,0,24,0.7037,1917,0.050607,,-1,fire_reached_bot,0,79,79,0,0,24,0.7037,1917,0.066251,-1,,fire_reached_bot,0,79,79,0,0,24,0.7037,1917,9.622869,-1,-1,79,0,79,0,,shortest_path_fallback,0,,Bot1|Bot2|Bot3|Bot4,0,1
205,0.70,75,440,2592851329,1842348790,3662,0.651022,518,1377,6-43,55-29,67-0,81,63,112,104,51,41,1,0,1,81,0,,65,0,,,0,fire_reached_bot,0,66,66,0,0,15,0.8148,,0.005943,62,61,fire_reached_bot,0,78,65,13,-12,24,0.7037,,0.110496,,61,fire_reached_bot,0,80,65,15,-14,26,0.6790,,0.178463,61,,fire_reached_bot,0,78,65,13,-12,24,0.7037,,10.856100,-1,61,78,0,65,13,,no_path,0,,Bot1|Bot2|Bot3|Bot4,0,1
206,0.70,75,440,3837839052,4278048444,3662,0.651022,509,1415,49-20,41-20,45-66,10,8,62,50,64,50,0,0,1,10,1,10,87,1,10,77,1,button,1,10,10,0,75,0,1.0000,43,0.000196,-1,-1,button,1,10,10,0,75,0,1.0000,43,0.000265,,-1,button,1,10,10,0,75,0,1.0000,43,0.000367,-1,,button,1,10,10,0,75,0,1.0000,43,0.268688,1,1,10,0,0,0,0.4,risk_path,4,Bot1|Bot2|Bot3|Bot4,,1,0
207,0.70,75,440,4060788553,845069922,3646,0.648178,517,1375,13-16,67-34,60-28,86,72,81,59,13,13,1,0,1,86,0,,18,0,,,0,walked_into_fire,0,45,45,0,-26,41,0.5233,,0.006887,16,16,fire_reached_bot,0,84,15,69,-65,71,0.1744,,0.309552,,-1,fire_reached_bot,0,84,15,69,-65,71,0.1744,,0.537305,-1,,fire_reached_bot,0,84,15,69,-65,71,0.1744,,3.533691,-1,-1,84,0,15,69,,no_path,0,,Bot1|Bot2|Bot3|Bot4,0,1
208,0.70,75,440,1921987437,1998653501,3636,0.646400,506,1373,74-46,4-55,7-25,107,79,108,88,45,33,1,0,1,107,0,,57,0,,,0,fire_reached_bot,0,67,67,0,-9,40,0.6262,,0.012926,58,58,fire_reached_bot,0,79,57,22,-21,50,0.5327,,0.154764,,-1,fire_reached_bot,0,79,57,22,-21,50,0.5327,,0.221886,-1,,fire_reached_bot,0,79,57,22,-21,50,0.5327,,10.284880,-1,-1,79,0,57,22,,no_path,0,,Bot1|Bot2|Bot3|Bot4,0,1
209,0.70,75,440,2984244257,2435512816,3670,0.652444,500,1412,29-21,22-1,14-24,37,27,42,18,53,31,0,0,1,37,1,37,75,1,37,38,1,button,1,37,37,0,32,0,1.0000,402,0.001877,-1,-1,button,1,37,37,0,32,0,1.0000,402,0.005610,,-1,button,1,37,37,0,32,0,1.0000,402,0.007185,-1,,button,1,37,37,0,32,0,1.0000,402,2.303772,-1,-1,37,0,0,0,0.4,risk_path,4,Bot1|Bot2|Bot3|Bot4,,1,0
210,0.70,75,440,1735617669,2279655686,3643,0.647644,510,1392,61-49,6-10,2-50,100,94,80,60,72,44,1,0,1,100,0,,96,0,,,0,walked_into_fire,0,95,95,0,-1,5,0.9500,1763,0.019968,93,93,fire_reached_bot,0,101,96,5,-4,12,0.8800,,0.073474,,-1,fire_reached_bot,0,101,96,5,-4,12,0.8800,,0.124082,-1,,fire_reached_bot,0,101,96,5,-4,12,0.8800,,14.166080,-1,-1,101,0,96,5,,no_path,0,,Bot1|Bot2|Bot3|Bot4,0,1
211,0.70,75,440,741719091,4088483574,3654,0.649600,511,1417,7-48,46-4,1-6,87,83,60,48,63,47,1,0,1,87,0,,89,1,87,2,0,walked_into_fire,0,65,65,0,-1,22,0.7471,571,0.004841,62,60,fire_reached_bot,0,71,66,5,0,31,0.6437,733,0.036342,,60,fire_reached_bot,0,66,66,0,0,35,0.5977,613,0.048851,60,,fire_reached_bot,0,71,66,5,0,31,0.6437,733,12.254278,-1,60,71,0,66,5,,no_path,0,,Bot1|Bot2|Bot3|Bot4,0,1
212,0.70,75,440,43164127,71827648,3665,0.651556,501,1384,71-28,42-51,34-71,58,52,92,80,34,28,1,0,1,58,0,,47,0,,,0,walked_into_fire,0,53,53,0,-5,5,0.9138,,0.002718,48,48,fire_reached_bot,0,59,47,12,-11,11,0.8103,,0.087947,,-1,fire_reached_bot,0,59,47,12,-11,11,0.8103,,0.151466,-1,,fire_reached_bot,0,59,47,12,-11,11,0.8103,,6.376915,-1,-1,59,0,47,12,,no_path,0,,Bot1|Bot2|Bot3|Bot4,0,1
213,0.70,75,440,1597394174,606359399,3657,0.650133,510,1407,65-30,32-37,23-68,54,40,86,80,52,40,1,0,1,54,0,,67,1,54,13,1,button,1,54,54,0,7,0,1.0000,798,0.005565,-1,-1,button,1,54,54,0,7,0,1.0000,798,0.015925,,-1,button,1,54,54,0,7,0,1.0000,798,0.022507,-1,,button,1,54,54,0,7,0,1.0000,798,4.623729,-1,-1,54,0,0,0,0.4,risk_path,4,Bot1|Bot2|Bot3|Bot4,,1,0
214,0.70,75,440,3435905294,2392089260,3647,0.648356,496,1383,21-73,38-43,5-63,65,47,30,26,71,53,0,0,1,65,1,65,92,1,65,27,1,button,1,65,65,0,14,0,1.0000,760,0.007352,-1,-1,button,1,65,65,0,14,0,1.0000,760,0.028069,,-1,button,1,65,65,0,14,0,1.0000,760,0.030142,-1,,button,1,65,65,0,14,0,1.0000,760,6.691691,2,2,65,0,0,0,0.4,risk_path,4,Bot1|Bot2|Bot3|Bot4,,1,0
215,0.70,75,440,538301983,4070519892,3626,0.644622,499,1356,51-64,36-73,37-37,50,24,51,41,51,37,0,0,1,50,1,50,63,1,50,13,1,button,1,50,50,0,10,0,1.0000,1102,0.006613,-1,-1,button,1,50,50,0,10,0,1.0000,1102,0.019491,,-1,button,1,50,50,0,10,0,1.0000,1102,0.019960,-1,,button,1,50,50,0,10,0,1.0000,1102,3.747784,39,39,50,0,0,0,0.4,risk_path,4,Bot1|Bot2|Bot3|Bot4,,1,0
216,0.70,75,440,1948681360,2814169751,3667,0.651911,505,1403,15-18,25-22,10-13,14,14,30,10,30,24,0,0,1,14,1,14,44,1,14,30,1,button,1,14,14,0,27,0,1.0000,42,0.000295,-1,-1,button,1,14,14,0,27,0,1.0000,42,0.000531,,-1,button,1,14,14,0,27,0,1.0000,42,0.000547,-1,,button,1,14,14,0,27,0,1.0000,42,0.441097,-1,-1,14,0,0,0,0.4,risk_path,4,Bot1|Bot2|Bot3|Bot4,,1,0
217,0.70,75,440,234546496,899763894,3644,0.647822,506,1364,33-28,9-36,33-5,44,32,45,23,61,55,0,0,1,44,1,44,80,1,44,36,1,button,1,44,44,0,35,0,1.0000,466,0.003620,-1,-1,button,1,44,44,0,35,0,1.0000,466,0.012357,,-1,button,1,44,44,0,35,0,1.0000,466,0.012580,-1,,button,1,44,44,0,35,0,1.0000,466,3.283797,43,43,44,0,0,0,0.4,risk_path,4,Bot1|Bot2|Bot3|Bot4,,1,0
218,0.70,75,440,2601635953,347498,3653,0.649422,506,1409,29-59,4-21,38-7,73,63,75,61,62,48,1,0,1,73,0,,75,1,73,2,1,button,1,73,73,0,2,0,1.0000,1497,0.012150,-1,-1,button,1,73,73,0,2,0,1.0000,1497,0.046119,,-1,button,1,73,73,0,2,0,1.0000,1497,0.057492,-1,,button,1,73,73,0,2,0,1.0000,1497,8.722144,-1,-1,73,18,32,0,0.99,risk_path,4,Bot1|Bot2|Bot3|Bot4,,1,0
219,0.70,75,440,1873523526,189957216,3638,0.646756,508,1348,47-9,28-54,6-25,72,64,71,57,51,51,1,0,1,72,0,,67,0,,,0,walked_into_fire,0,42,42,0,-2,30,0.5833,459,0.002641,41,39,fire_reached_bot,0,57,57,0,0,23,0.6806,908,0.027955,,39,fire_reached_bot,0,64,62,2,0,28,0.6111,1136,0.036130,39,,fire_reached_bot,0,57,57,0,0,23,0.6806,908,8.725052,-1,39,57,0,57,0,,shortest_path_fallback,0,,Bot1|Bot2|Bot3|Bot4,0,1
220,0.70,75,440,650066665,1525053087,3651,0.649067,495,1389,47-54,47-10,5-72,80,44,60,60,126,104,0,0,1,80,1,80,171,1,80,91,1,button,1,80,80,0,72,0,1.0000,1002,0.009572,-1,-1,button,1,80,80,0,72,0,1.0000,1002,0.050520,,-1,button,1,80,80,0,72,0,1.0000,1002,0.066313,-1,,button,1,80,80,0,72,0,1.0000,1002,9.471262,39,39,80,0,0,0,0.4,risk_path,4,Bot1|Bot2|Bot3|Bot4,,1,0
221,0.70,75,440,1404877065,2420011909,3640,0.647111,507,1408,54-38,31-51,53-61,38,36,34,24,34,32,1,0,1,38,0,,39,0,,,0,fire_reached_bot,0,32,32,0,0,6,0.8421,507,0.002293,-1,-1,fire_reached_bot,0,32,32,0,0,6,0.8421,507,0.003792,,-1,fire_reached_bot,0,32,32,0,0,6,0.8421,507,0.006959,-1,,fire_reached_bot,0,32,32,0,0,6,0.8421,507,2.903724,-1,-1,32,17,15,0,0.99,risk_path,0,,Bot1|Bot2|Bot3|Bot4,0,1
222,0.70,75,440,1871520942,110449919,3642,0.647467,513,1411,44-69,25-70,38-55,30,20,22,20,30,28,0,0,1,30,0,,38,1,30,8,1,button,1,30,30,0,5,0,1.0000,286,0.001703,-1,-1,button,1,30,30,0,5,0,1.0000,286,0.002556,,-1,button,1,30,30,0,5,0,1.0000,286,0.004700,-1,,button,1,30,30,0,5,0,1.0000,286,1.683210,-1,-1,30,0,0,0,0.4,risk_path,4,Bot1|Bot2|Bot3|Bot4,,1,0
223,0.70,75,440,1891869098,1845810528,3648,0.648533,505,1371,6-33,19-36,72-72,22,16,113,105,101,89,0,0,1,22,1,22,130,1,22,108,1,button,1,22,22,0,108,0,1.0000,78,0.000661,-1,-1,button,1,22,22,0,108,0,1.0000,78,0.001466,,-1,button,1,22,22,0,108,0,1.0000,78,0.002018,-1,,button,1,22,22,0,108,0,1.0000,78,0.943574,6,6,22,0,0,0,0.4,risk_path,4,Bot1|Bot2|Bot3|Bot4,,1,0
224,0.70,75,440,3946411396,399432510,3628,0.644978,507,1377,14-74,47-31,63-44,84,76,81,79,29,29,1,0,1,84,0,,38,0,,,0,walked_into_fire,0,51,51,0,-12,33,0.6071,,0.007194,39,39,fire_reached_bot,0,66,38,28,-27,46,0.4524,,0.135017,,-1,fire_reached_bot,0,66,38,28,-27,46,0.4524,,0.256164,-1,,fire_reached_bot,0,66,38,28,-27,46,0.4524,,6.112673,-1,-1,66,0,38,28,,no_path,0,,Bot1|Bot2|Bot3|Bot4,0,1
225,0.70,75,440,395123674,1705726284,3633,0.645867,498,1354,41-14,11-70,23-1,104,86,31,31,101,81,1,0,1,104,0,,131,1,104,27,1,button,1,104,104,0,4,0,1.0000,2408,0.035756,-1,-1,button,1,104,104,0,4,0,1.0000,2408,0.102171,,-1,button,1,104,104,0,4,0,1.0000,2408,0.131856,-1,,button,1,104,104,0,4,0,1.0000,2408,11.548378,-1,-1,104,5,0,0,0.6,risk_path,4,Bot1|Bot2|Bot3|Bot4,,1,0
226,0.70,75,440,3383174174,417879336,3627,0.644800,505,1348,17-6,56-70,55-30,107,103,74,62,69,41,1,0,1,107,0,,91,0,,,0,walked_into_fire,0,55,55,0,-1,52,0.5140,1043,0.007559,54,54,fire_reached_bot,0,85,80,5,0,33,0.6916,2386,0.102693,,-1,fire_reached_bot,0,85,80,5,0,33,0.6916,2386,0.116635,-1,,fire_reached_bot,0,85,80,5,0,33,0.6916,2386,11.662929,-1,-1,85,0,80,5,,no_path,0,,Bot1|Bot2|Bot3|Bot4,0,1
227,0.70,75,440,3707428535,2930291685,3639,0.646933,499,1357,56-26,19-62,37-36,75,73,29,29,46,44,1,1,1,77,0,,60,0,,,0,walked_into_fire,0,19,19,0,-1,58,0.2267,186,0.001200,18,15,fire_reached_bot,0,20,19,1,0,62,0.1733,232,0.022219,,15,fire_reached_bot,0,65,60,5,-4,83,-0.1067,,0.109427,15,,fire_reached_bot,0,20,19,1,0,62,0.1733,232,3.602163,-1,15,20,0,19,1,,no_path,0,,Bot1|Bot2|Bot3|Bot4,0,1
228,0.70,75,440,3499156370,436825089,3645,0.648000,501,1328,35-35,25-53,19-70,28,28,53,51,25,23,1,0,1,28,0,,33,1,28,5,1,button,1,28,28,0,5,0,1.0000,199,0.000980,-1,-1,button,1,28,28,0,5,0,1.0000,199,0.001977,,-1,button,1,28,28,0,5,0,1.0000,199,0.002902,-1,,button,1,28,28,0,5,0,1.0000,199,1.451666,-1,-1,28,0,0,0,0.4,risk_path,4,Bot1|Bot2|Bot3|Bot4,,1,0
229,0.70,75,440,3921431972,3691631192,3657,0.650133,515,1411,71-56,12-49,11-66,82,66,84,70,36,18,1,0,1,82,0,,46,0,,,0,walked_into_fire,0,47,47,0,-2,35,0.5732,579,0.004252,42,42,fire_reached_bot,0,53,42,11,-6,42,0.4878,,0.088180,,-1,fire_reached_bot,0,53,42,11,-6,42,0.4878,,0.141841,-1,,fire_reached_bot,0,53,42,11,-6,42,0.4878,,7.225720,-1,-1,53,0,42,11,,no_path,0,,Bot1|Bot2|Bot3|Bot4,0,1
230,0.70,75,440,2971960596,3817885116,3644,0.647822,509,1406,9-53,0-65,17-45,21,21,24,16,45,37,0,0,1,21,1,21,62,1,21,41,1,button,1,21,21,0,33,0,1.0000,120,0.000448,-1,-1,button,1,21,21,0,33,0,1.0000,120,0.001263,,-1,button,1,21,21,0,33,0,1.0000,120,0.001731,-1,,button,1,21,21,0,33,0,1.0000,120,1.295943,-1,-1,21,0,0,0,0.4,risk_path,4,Bot1|Bot2|Bot3|Bot4,,1,0
231,0.70,75,440,230717013,2732343365,3677,0.653689,507,1415,18-47,11-37,32-8,17,17,63,53,56,50,0,0,1,17,1,17,75,1,17,58,1,button,1,17,17,0,58,0,1.0000,69,0.000284,-1,-1,button,1,17,17,0,58,0,1.0000,69,0.000769,,-1,button,1,17,17,0,58,0,1.0000,69,0.001039,-1,,button,1,17,17,0,58,0,1.0000,69,0.570413,-1,-1,17,0,0,0,0.4,risk_path,4,Bot1|Bot2|Bot3|Bot4,,1,0
232,0.70,75,440,1277540315,2568731835,3650,0.648889,492,1378,51-49,20-26,68-25,56,54,47,41,73,49,0,0,1,56,1,56,97,1,56,41,1,button,1,56,56,0,41,0,1.0000,976,0.007218,-1,-1,button,1,56,56,0,41,0,1.0000,976,0.016433,,-1,button,1,56,56,0,41,0,1.0000,976,0.020426,-1,,button,1,56,56,0,41,0,1.0000,976,4.837585,-1,-1,56,0,0,0,0.4,risk_path,4,Bot1|Bot2|Bot3|Bot4,,1,0
233,0.70,75,440,2601371361,3429438074,3616,0.642844,495,1327,48-24,49-48,54-71,47,25,75,53,40,28,1,0,1,47,0,,52,1,47,5,1,button,1,47,47,0,5,0,1.0000,631,0.004766,-1,-1,button,1,47,47,0,5,0,1.0000,631,0.012027,,-1,button,1,47,47,0,5,0,1.0000,631,0.015876,-1,,button,1,47,47,0,5,0,1.0000,631,3.759464,1,1,47,20,2,0,0.99,risk_path,4,Bot1|Bot2|Bot3|Bot4,,1,0
234,0.70,75,440,2175815046,2513501025,3671,0.652622,515,1422,60-58,33-61,26-34,36,30,66,58,42,34,0,0,1,36,1,36,59,1,36,23,1,button,1,36,36,0,21,0,1.0000,428,0.001866,-1,-1,button,1,36,36,0,21,0,1.0000,428,0.004784,,-1,button,1,36,36,0,21,0,1.0000,428,0.006684,-1,,button,1,36,36,0,21,0,1.0000,428,2.328323,-1,-1,36,0,0,0,0.4,risk_path,4,Bot1|Bot2|Bot3|Bot4,,1,0
235,0.70,75,440,2903687551,1508666098,3664,0.651378,508,1412,62-11,20-70,59-72,105,101,88,64,77,41,1,0,1,105,0,,112,0,,,0,walked_into_fire,0,80,80,0,-1,25,0.7619,1092,0.012501,80,77,fire_reached_bot,0,106,103,3,0,26,0.7524,1883,0.090190,,77,fire_reached_bot,0,106,103,3,0,26,0.7524,1883,0.107183,77,,fire_reached_bot,0,106,103,3,0,26,0.7524,1883,16.194291,-1,77,106,0,103,3,,no_path,0,,Bot1|Bot2|Bot3|Bot4,0,1
236,0.70,75,440,2767072028,3293256290,3657,0.650133,505,1375,27-0,15-28,25-43,46,40,61,45,33,25,1,0,1,46,0,,44,0,,,0,walked_into_fire,0,45,45,0,-2,1,0.9783,711,0.003718,44,44,fire_reached_bot,0,44,43,1,0,3,0.9348,711,0.011785,,-1,fire_reached_bot,0,44,43,1,0,3,0.9348,711,0.012761,-1,,fire_reached_bot,0,44,43,1,0,3,0.9348,711,3.409300,-1,-1,44,2,41,1,0.99,no_path,0,,Bot1|Bot2|Bot3|Bot4,0,1
237,0.70,75,440,434350479,2119715637,3663,0.651200,511,1423,44-63,20-38,29-11,59,49,81,67,42,36,1,0,1,59,0,,50,0,,,0,fire_reached_bot,0,51,51,0,0,8,0.8644,,0.006722,47,46,fire_reached_bot,0,61,49,12,-10,16,0.7288,,0.076771,,46,fire_reached_bot,0,63,49,14,-12,18,0.6949,,0.142696,46,,fire_reached_bot,0,61,49,12,-10,16,0.7288,,5.178538,-1,46,61,0,49,12,,no_path,0,,Bot1|Bot2|Bot3|Bot4,0,1
238,0.70,75,440,860933267,2945000663,3628,0.644978,509,1350,25-29,50-8,50-6,48,46,48,48,4,2,1,0,1,48,0,,4,0,,,0,fire_reached_bot,0,27,27,0,-22,21,0.5625,,0.001431,5,5,fire_reached_bot,0,58,4,54,-53,44,0.0833,,0.289668,,-1,fire_reached_bot,0,58,4,54,-53,44,0.0833,,0.530633,-1,,fire_reached_bot,0,58,4,54,-53,44,0.0833,,0.867230,-1,-1,58,0,4,54,,no_path,0,,Bot1|Bot2|Bot3|Bot4,0,1
239,0.70,75,440,3847153091,2545232110,3641,0.647289,491,1366,31-51,0-30,58-14,56,52,76,64,80,74,0,0,1,56,1,56,106,1,56,50,1,button,1,56,56,0,50,0,1.0000,1015,0.007841,-1,-1,button,1,56,56,0,50,0,1.0000,1015,0.017180,,-1,button,1,56,56,0,50,0,1.0000,1015,0.030265,-1,,button,1,56,56,0,50,0,1.0000,1015,4.998754,-1,-1,56,0,0,0,0.4,risk_path,4,Bot1|Bot2|Bot3|Bot4,,1,0
240,0.70,75,440,3830646336,1583051720,3645,0.648000,501,1357,37-49,56-9,43-1,67,59,72,54,23,21,1,0,1,67,0,,30,0,,,0,walked_into_fire,0,42,42,0,-11,25,0.6269,,0.002916,31,27,fire_reached_bot,0,61,30,31,-30,37,0.4478,,0.170119,,27,fire_reached_bot,0,60,30,30,-29,37,0.4478,,0.298017,27,,fire_reached_bot,0,61,30,31,-30,37,0.4478,,5.511198,-1,27,61,0,30,31,,no_path,0,,Bot1|Bot2|Bot3|Bot4,0,1
241,0.70,75,440,50286375,2368400549,3661,0.650844,522,1437,27-9,46-22,65-3,40,32,62,44,44,38,0,0,1,40,1,40,57,1,40,17,1,button,1,40,40,0,17,0,1.0000,278,0.001897,-1,-1,button,1,40,40,0,17,0,1.0000,278,0.007206,,-1,button,1,40,40,0,17,0,1.0000,278,0.008272,-1,,button,1,40,40,0,17,0,1.0000,278,2.882498,37,37,40,0,0,0,0.4,risk_path,4,Bot1|Bot2|Bot3|Bot4,,1,0
242,0.70,75,440,229134076,547575414,3636,0.646400,512,1351,44-13,33-41,33-18,41,39,46,16,53,23,0,0,1,41,1,41,69,1,41,28,1,button,1,41,41,0,28,0,1.0000,233,0.001057,-1,-1,button,1,41,41,0,28,0,1.0000,233,0.003597,,-1,button,1,41,41,0,28,0,1.0000,233,0.004416,-1,,button,1,41,41,0,28,0,1.0000,233,2.934872,-1,-1,41,0,0,0,0.4,risk_path,4,Bot1|Bot2|Bot3|Bot4,,1,0
243,0.70,75,440,3829884547,2736529294,3653,0.649422,512,1397,6-66,44-36,13-50,68,68,31,23,45,45,1,0,1,68,0,,56,0,,,0,fire_reached_bot,0,26,26,0,0,42,0.3824,272,0.001201,23,21,fire_reached_bot,0,30,29,1,0,51,0.2500,353,0.009538,,21,fire_reached_bot,0,32,29,3,0,53,0.2206,403,0.011671,21,,fire_reached_bot,0,30,29,1,0,51,0.2500,353,4.946508,-1,21,30,0,29,1,,no_path,0,,Bot1|Bot2|Bot3|Bot4,0,1
244,0.70,75,440,2905315126,631340303,3628,0.644978,494,1376,22-71,69-35,61-25,87,83,93,85,18,18,1,0,1,87,0,,22,0,,,0,fire_reached_bot,0,61,61,0,-38,26,0.7011,,0.011830,23,23,fire_reached_bot,0,91,22,69,-68,65,0.2529,,0.290012,,-1,fire_reached_bot,0,91,22,69,-68,65,0.2529,,0.514717,-1,,fire_reached_bot,0,91,22,69,-68,65,0.2529,,4.445471,-1,-1,91,0,22,69,,no_path,0,,Bot1|Bot2|Bot3|Bot4,0,1
245,0.70,75,440,3180725409,3525950523,3641,0.647289,501,1379,46-21,33-48,70-57,40,40,62,60,66,46,0,0,1,40,1,40,101,1,40,61,1,button,1,40,40,0,49,0,1.0000,320,0.001862,-1,-1,button,1,40,40,0,49,0,1.0000,320,0.005484,,-1,button,1,40,40,0,49,0,1.0000,320,0.006237,-1,,button,1,40,40,0,49,0,1.0000,320,2.814497,-1,-1,40,0,0,0,0.4,risk_path,4,Bot1|Bot2|Bot3|Bot4,,1,0
246,0.70,75,440,3527288279,2290517008,3632,0.645689,488,1357,49-48,15-4,50-34,86,78,37,15,71,65,1,0,1,86,0,,95,0,,,0,fire_reached_bot,0,30,30,0,0,56,0.3488,371,0.002579,-1,30,fire_reached_bot,0,30,30,0,0,56,0.3488,371,0.029710,,30,fire_reached_bot,0,107,88,19,-11,60,0.3023,,0.204007,30,,fire_reached_bot,0,30,30,0,0,56,0.3488,371,5.510581,-1,30,30,10,20,0,0.99,risk_path,0,,Bot1|Bot2|Bot3|Bot4,0,1
247,0.70,75,440,2693909744,892987441,3653,0.649422,508,1396,12-31,19-16,27-15,24,22,37,31,13,9,1,0,1,24,0,,20,0,,,0,fire_reached_bot,0,22,22,0,-1,2,0.9167,,0.000479,21,21,fire_reached_bot,0,24,20,4,-3,4,0.8333,,0.024062,,-1,fire_reached_bot,0,24,20,4,-3,4,0.8333,,0.058651,-1,,fire_reached_bot,0,24,20,4,-3,4,0.8333,,1.080447,-1,-1,24,0,20,4,,no_path,0,,Bot1|Bot2|Bot3|Bot4,0,1
248,0.70,75,440,3466483215,701012700,3661,0.650844,506,1362,70-13,27-29,57-25,77,59,27,25,52,34,1,0,1,77,0,,73,0,,,0,walked_into_fire,0,17,17,0,-3,60,0.2208,80,0.001336,10,8,fire_reached_bot,0,72,71,1,0,34,0.5584,1606,0.049854,,8,fire_reached_bot,0,79,71,8,-5,24,0.6883,,0.096621,8,,fire_reached_bot,0,72,71,1,0,34,0.5584,1606,9.286093,-1,8,72,0,71,1,,no_path,0,,Bot1|Bot2|Bot3|Bot4,0,1
249,0.70,75,440,3499659840,3439355226,3673,0.652978,514,1426,22-34,21-64,21-4,43,31,43,31,86,60,0,0,1,43,1,43,123,1,43,80,1,button,1,43,43,0,57,0,1.0000,551,0.003117,-1,-1,button,1,43,43,0,57,0,1.0000,551,0.007626,,-1,button,1,43,43,0,57,0,1.0000,551,0.013164,-1,,button,1,43,43,0,57,0,1.0000,551,3.025452,-1,-1,43,0,0,0,0.4,risk_path,4,Bot1|Bot2|Bot3|Bot4,,1,0
250,0.70,75,440,1517605910,2955868487,3642,0.647467,504,1373,46-30,45-21,67-21,12,10,30,30,36,22,0,0,1,12,1,12,46,1,12,34,1,button,1,12,12,0,31,0,1.0000,55,0.000192,-1,-1,button,1,12,12,0,31,0,1.0000,55,0.000459,,-1,button,1,12,12,0,31,0,1.0000,55,0.000729,-1,,button,1,12,12,0,31,0,1.0000,55,0.334753,-1,-1,12,0,0,0,0.4,risk_path,4,Bot1|Bot2|Bot3|Bot4,,1,0
251,0.70,75,440,742681489,3514916377,3632,0.645689,501,1338,21-17,13-44,11-71,43,35,84,64,41,29,1,0,1,43,0,,56,1,43,13,1,button,1,43,43,0,13,0,1.0000,411,0.002531,-1,-1,button,1,43,43,0,13,0,1.0000,411,0.006210,,-1,button,1,43,43,0,13,0,1.0000,411,0.007942,-1,,button,1,43,43,0,13,0,1.0000,411,3.197961,-1,-1,43,0,0,0,0.4,risk_path,4,Bot1|Bot2|Bot3|Bot4,,1,0
252,0.70,75,440,389585178,1768587399,3635,0.646222,502,1366,66-16,51-57,64-53,72,56,59,39,33,17,1,0,1,72,0,,45,0,,,0,walked_into_fire,0,35,35,0,-1,37,0.4861,270,0.001879,34,34,fire_reached_bot,0,46,45,1,0,35,0.5139,,0.026935,,-1,fire_reached_bot,0,46,45,1,0,35,0.5139,,0.038087,-1,,fire_reached_bot,0,46,45,1,0,35,0.5139,,7.294971,-1,-1,46,0,45,1,,no_path,0,,Bot1|Bot2|Bot3|Bot4,0,1
253,0.70,75,440,3332814137,1126990968,3634,0.646044,504,1387,69-32,59-13,32-53,89,29,70,58,95,67,0,0,1,89,1,89,120,1,89,31,1,button,1,89,89,0,23,0,1.0000,2892,0.032163,-1,-1,button,1,89,89,0,23,0,1.0000,2892,0.092579,,-1,button,1,89,89,0,23,0,1.0000,2892,0.140329,-1,,button,1,89,89,0,23,0,1.0000,2892,7.797115,47,47,89,0,0,0,0.4,risk_path,4,Bot1|Bot2|Bot3|Bot4,,1,0
254,0.70,75,440,1495801011,917814670,3676,0.653511,528,1432,47-21,14-43,57-68,59,55,71,57,92,68,0,0,1,59,1,59,116,1,59,57,1,button,1,59,59,0,57,0,1.0000,911,0.006346,-1,-1,button,1,59,59,0,57,0,1.0000,911,0.016799,,-1,button,1,59,59,0,57,0,1.0000,911,0.023763,-1,,button,1,59,59,0,57,0,1.0000,911,5.521950,-1,-1,59,0,0,0,0.4,risk_path,4,Bot1|Bot2|Bot3|Bot4,,1,0
255,0.70,75,440,2990102404,731289034,3646,0.648178,513,1347,4-13,3-46,4-57,48,34,66,44,20,12,1,0,1,48,0,,31,0,,,0,walked_into_fire,0,39,39,0,-7,9,0.8125,,0.002593,32,32,fire_reached_bot,0,49,31,18,-17,17,0.6458,,0.092620,,-1,fire_reached_bot,0,49,31,18,-17,17,0.6458,,0.204375,-1,,fire_reached_bot,0,49,31,18,-17,17,0.6458,,3.471216,-1,-1,49,0,31,18,,no_path,0,,Bot1|Bot2|Bot3|Bot4,0,1
256,0.70,75,440,1232018688,2548799540,3612,0.642133,502,1307,72-37,46-52,56-73,49,41,62,52,33,31,1,0,1,49,0,,47,0,,,0,walked_into_fire,0,48,48,0,-1,1,0.9796,456,0.003426,48,45,fire_reached_bot,0,49,47,2,-1,2,0.9592,,0.019088,,45,fire_reached_bot,0,53,47,6,-5,6,0.8776,,0.071278,45,,fire_reached_bot,0,49,47,2,-1,2,0.9592,,4.248242,-1,45,49,0,47,2,,no_path,0,,Bot1|Bot2|Bot3|Bot4,0,1
257,0.70,75,440,107580103,4254696228,3638,0.646756,494,1325,72-15,40-45,29-23,70,62,85,51,49,33,1,0,1,70,0,,66,0,,,0,fire_reached_bot,0,68,68,0,-1,2,0.9714,,0.010910,67,67,fire_reached_bot,0,70,66,4,-3,4,0.9429,,0.039275,,-1,fire_reached_bot,0,70,66,4,-3,4,0.9429,,0.067029,-1,,fire_reached_bot,0,70,66,4,-3,4,0.9429,,7.321895,-1,-1,70,0,66,4,,no_path,0,,Bot1|Bot2|Bot3|Bot4,0,1
258,0.70,75,440,2403017489,1321081877,3632,0.645689,502,1356,25-59,15-60,72-57,21,11,69,49,90,60,0,0,1,21,1,21,117,1,21,96,1,button,1,21,21,0,92,0,1.0000,156,0.000566,-1,-1,button,1,21,21,0,92,0,1.0000,156,0.001724,,-1,button,1,21,21,0,92,0,1.0000,156,0.002413,-1,,button,1,21,21,0,92,0,1.0000,156,0.828858,-1,-1,21,0,0,0,0.4,risk_path,4,Bot1|Bot2|Bot3|Bot4,,1,0
259,0.70,75,440,3247152571,688223439,3631,0.645511,509,1371,69-74,26-34,10-32,85,83,103,101,20,18,1,0,1,85,0,,23,0,,,0,walked_into_fire,0,57,57,0,-33,28,0.6706,,0.005626,24,24,fire_reached_bot,0,95,23,72,-71,62,0.2706,,0.244662,,-1,fire_reached_bot,0,95,23,72,-71,62,0.2706,,0.492917,-1,,fire_reached_bot,0,95,23,72,-71,62,0.2706,,4.183751,-1,-1,95,0,23,72,,no_path,0,,Bot1|Bot2|Bot3|Bot4,0,1
260,0.70,75,440,2786424847,3343057812,3666,0.651733,505,1445,11-26,51-68,14-46,82,82,41,23,65,59,1,0,1,82,0,,95,1,84,11,0,walked_into_fire,0,39,39,0,-1,43,0.4756,417,0.002283,39,39,button,1,90,90,0,1,0,1.0000,2037,0.037064,,62,button,1,88,88,0,1,0,1.0000,1966,0.066586,62,,button,1,90,90,0,1,0,1.0000,2037,9.820035,-1,62,90,2,76,0,0.99,risk_path,3,Bot2|Bot3|Bot4,Bot1,0,0
261,0.70,75,440,2797536688,4050217512,3651,0.649067,503,1365,0-14,53-28,35-60,81,67,99,81,54,50,1,0,1,81,0,,72,0,,,0,fire_reached_bot,0,76,76,0,-3,5,0.9383,,0.021535,72,72,fire_reached_bot,0,82,71,11,-9,10,0.8765,,0.073586,,-1,fire_reached_bot,0,82,71,11,-9,10,0.8765,,0.130902,-1,,fire_reached_bot,0,82,71,11,-9,10,0.8765,,8.662997,-1,-1,82,0,71,11,,no_path,0,,Bot1|Bot2|Bot3|Bot4,0,1
262,0.70,75,440,3920002231,96578032,3642,0.647467,510,1405,70-17,18-0,22-20,83,69,75,51,30,24,1,0,1,83,0,,38,0,,,0,walked_into_fire,0,45,45,0,-6,38,0.5422,,0.006726,26,26,fire_reached_bot,0,71,25,46,-32,58,0.3012,,0.193760,,-1,fire_reached_bot,0,71,25,46,-32,58,0.3012,,0.371711,-1,,fire_reached_bot,0,71,25,46,-32,58,0.3012,,4.446888,-1,-1,71,0,25,46,,no_path,0,,Bot1|Bot2|Bot3|Bot4,0,1
263,0.70,75,440,221242311,932793819,3625,0.644444,502,1344,3-28,11-56,64-10,40,36,85,79,113,99,0,0,1,40,1,40,142,1,40,102,1,button,1,40,40,0,101,0,1.0000,479,0.003345,-1,-1,button,1,40,40,0,101,0,1.0000,479,0.007534,,-1,button,1,40,40,0,101,0,1.0000,479,0.009615,-1,,button,1,40,40,0,101,0,1.0000,479,2.611698,19,19,40,0,0,0,0.4,risk_path,4,Bot1|Bot2|Bot3|Bot4,,1,0
264,0.70,75,440,1006815665,3029020804,3650,0.648889,508,1335,0-54,26-44,69-74,48,36,107,89,75,73,0,0,1,48,1,48,96,1,48,48,1,button,1,48,48,0,47,0,1.0000,460,0.004212,-1,-1,button,1,48,48,0,47,0,1.0000,460,0.013005,,-1,button,1,48,48,0,47,0,1.0000,460,0.016144,-1,,button,1,48,48,0,47,0,1.0000,460,3.833882,1,1,48,0,0,0,0.4,risk_path,4,Bot1|Bot2|Bot3|Bot4,,1,0
265,0.70,75,440,3550384,2803946996,3652,0.649244,496,1359,36-68,30-18,50-16,72,56,86,66,32,22,1,0,1,72,0,,43,0,,,0,walked_into_fire,0,57,57,0,-13,15,0.7917,,0.008526,44,44,fire_reached_bot,0,80,43,37,-36,29,0.5972,,0.150641,,-1,fire_reached_bot,0,80,43,37,-36,29,0.5972,,0.305023,-1,,fire_reached_bot,0,80,43,37,-36,29,0.5972,,6.214081,-1,-1,80,0,43,37,,no_path,0,,Bot1|Bot2|Bot3|Bot4,0,1
266,0.70,75,440,1459446169,848544576,3647,0.648356,503,1372,12-53,23-15,51-21,59,49,79,71,36,34,1,0,1,59,0,,46,0,,,0,fire_reached_bot,0,52,52,0,-5,7,0.8814,,0.009399,47,47,fire_reached_bot,0,60,46,14,-13,13,0.7797,,0.065874,,-1,fire_reached_bot,0,60,46,14,-13,13,0.7797,,0.134165,-1,,fire_reached_bot,0,60,46,14,-13,13,0.7797,,5.200070,-1,-1,60,0,46,14,,no_path,0,,Bot1|Bot2|Bot3|Bot4,0,1
267,0.70,75,440,1897333980,3152261953,3618,0.643200,496,1339,34-62,30-66,59-38,10,8,53,49,61,57,0,0,1,10,1,10,82,1,10,72,1,button,1,10,10,0,72,0,1.0000,44,0.000160,-1,-1,button,1,10,10,0,72,0,1.0000,44,0.000380,,-1,button,1,10,10,0,72,0,1.0000,44,0.000577,-1,,button,1,10,10,0,72,0,1.0000,44,0.239727,-1,-1,10,0,0,0,0.4,risk_path,4,Bot1|Bot2|Bot3|Bot4,,1,0
268,0.70,75,440,1652118545,685776228,3653,0.649422,509,1418,3-27,46-74,31-68,92,90,71,69,21,21,1,0,1,92,0,,28,0,,,0,walked_into_fire,0,41,41,0,-12,51,0.4457,,0.004314,10,10,fire_reached_bot,0,58,27,31,-29,65,0.2935,,0.171869,,-1,fire_reached_bot,0,58,27,31,-29,65,0.2935,,0.351017,-1,,fire_reached_bot,0,58,27,31,-29,65,0.2935,,5.571415,-1,-1,58,0,27,31,,no_path,0,,Bot1|Bot2|Bot3|Bot4,0,1
269,0.70,75,440,943373969,2848700176,3631,0.645511,501,1392,10-22,36-18,37-71,38,30,82,76,72,54,0,0,1,38,1,38,90,1,38,52,1,button,1,38,38,0,52,0,1.0000,408,0.002225,-1,-1,button,1,38,38,0,52,0,1.0000,408,0.005542,,-1,button,1,38,38,0,52,0,1.0000,408,0.007855,-1,,button,1,38,38,0,52,0,1.0000,408,2.281339,1,1,38,0,0,0,0.4,risk_path,4,Bot1|Bot2|Bot3|Bot4,,1,0
270,0.70,75,440,1415906743,1027550563,3643,0.647644,499,1344,71-56,1-44,50-21,96,82,60,56,80,72,1,0,1,96,0,,107,1,96,11,1,button,1,96,96,0,6,0,1.0000,2844,0.036175,-1,-1,button,1,96,96,0,6,0,1.0000,2844,0.071994,,-1,button,1,96,96,0,6,0,1.0000,2844,0.129785,-1,,button,1,96,96,0,6,0,1.0000,2844,9.113534,-1,-1,96,7,28,0,0.99,risk_path,4,Bot1|Bot2|Bot3|Bot4,,1,0
271,0.70,75,440,4249967921,3928420346,3633,0.645867,503,1392,3-30,29-44,72-6,50,40,101,93,83,81,0,0,1,50,1,50,102,1,50,52,1,button,1,50,50,0,52,0,1.0000,439,0.003606,-1,-1,button,1,50,50,0,52,0,1.0000,439,0.007718,,-1,button,1,50,50,0,52,0,1.0000,439,0.011243,-1,,button,1,50,50,0,52,0,1.0000,439,3.835120,10,10,50,0,0,0,0.4,risk_path,4,Bot1|Bot2|Bot3|Bot4,,1,0
272,0.70,75,440,3406299465,3246889654,3643,0.647644,495,1345,7-69,26-14,52-56,82,74,64,58,78,68,1,0,1,82,0,,109,1,82,27,1,button,1,82,82,0,26,0,1.0000,1717,0.017169,-1,-1,button,1,82,82,0,26,0,1.0000,1717,0.040723,,-1,button,1,82,82,0,26,0,1.0000,1717,0.073352,-1,,button,1,82,82,0,26,0,1.0000,1717,7.944432,1,1,82,0,0,0,0.4,risk_path,4,Bot1|Bot2|Bot3|Bot4,,1,0
273,0.70,75,440,2347823433,2610306846,3633,0.645867,506,1373,13-74,74-39,46-24,106,96,87,83,55,43,1,0,1,106,0,,77,0,,,0,walked_into_fire,0,60,60,0,-5,46,0.5660,1721,0.013819,56,56,fire_reached_bot,0,61,61,0,0,49,0.5377,1827,0.046217,,-1,fire_reached_bot,0,61,61,0,0,49,0.5377,1827,0.066062,-1,,fire_reached_bot,0,61,61,0,0,49,0.5377,1827,8.127562,-1,-1,61,0,61,0,,shortest_path_fallback,0,,Bot1|Bot2|Bot3|Bot4,0,1
274,0.70,75,440,2266113072,2703714323,3649,0.648711,509,1393,60-40,45-73,70-6,54,48,58,44,108,92,0,0,1,54,1,54,143,1,54,89,1,button,1,54,54,0,69,0,1.0000,517,0.004041,-1,-1,button,1,54,54,0,69,0,1.0000,517,0.011827,,-1,button,1,54,54,0,69,0,1.0000,517,0.016403,-1,,button,1,54,54,0,69,0,1.0000,517,4.542379,-1,-1,54,0,0,0,0.4,risk_path,4,Bot1|Bot2|Bot3|Bot4,,1,0
275,0.70,75,440,572313208,4115807259,3673,0.652978,515,1382,27-14,6-71,71-65,96,78,101,95,101,71,0,0,1,96,1,96,138,1,96,42,1,button,1,96,96,0,39,0,1.0000,1532,0.019140,-1,-1,button,1,96,96,0,39,0,1.0000,1532,0.067408,,-1,button,1,96,96,0,39,0,1.0000,1532,0.093083,-1,,button,1,96,96,0,39,0,1.0000,1532,11.358712,76,76,96,0,0,0,0.4,risk_path,4,Bot1|Bot2|Bot3|Bot4,,1,0
276,0.70,75,440,441933108,3198590936,3653,0.649422,500,1388,16-39,72-3,74-20,98,92,85,77,29,19,1,0,1,98,0,,42,0,,,0,walked_into_fire,0,58,58,0,-15,40,0.5918,,0.005892,36,36,fire_reached_bot,0,84,35,49,-41,63,0.3571,,0.254787,,-1,fire_reached_bot,0,84,35,49,-41,63,0.3571,,0.523598,-1,,fire_reached_bot,0,84,35,49,-41,63,0.3571,,7.540939,-1,-1,84,0,35,49,,no_path,0,,Bot1|Bot2|Bot3|Bot4,0,1
277,0.70,75,440,3418122606,1333948928,3641,0.647289,508,1374,47-46,22-43,66-36,32,28,37,29,67,51,0,0,1,32,1,32,87,1,32,55,1,button,1,32,32,0,47,0,1.0000,307,0.001708,-1,-1,button,1,32,32,0,47,0,1.0000,307,0.003045,,-1,button,1,32,32,0,47,0,1.0000,307,0.004777,-1,,button,1,32,32,0,47,0,1.0000,307,1.681031,-1,-1,32,0,0,0,0.4,risk_path,4,Bot1|Bot2|Bot3|Bot4,,1,0
278,0.70,75,440,2893733061,2995401778,3638,0.646756,510,1380,32-62,48-27,5-67,57,51,48,32,89,83,0,0,1,57,1,57,114,1,57,57,1,button,1,57,57,0,50,0,1.0000,490,0.003868,-1,-1,button,1,57,57,0,50,0,1.0000,490,0.014416,,-1,button,1,57,57,0,50,0,1.0000,490,0.016676,-1,,button,1,57,57,0,50,0,1.0000,490,5.104806,22,22,57,0,0,0,0.4,risk_path,4,Bot1|Bot2|Bot3|Bot4,,1,0
279,0.70,75,440,3773649777,926245506,3628,0.644978,495,1368,32-63,60-72,25-22,47,37,60,48,87,85,0,0,1,47,1,47,107,1,47,60,1,button,1,47,47,0,54,0,1.0000,982,0.005301,-1,-1,button,1,47,47,0,54,0,1.0000,982,0.012786,,-1,button,1,47,47,0,54,0,1.0000,982,0.018863,-1,,button,1,47,47,0,54,0,1.0000,982,3.128298,7,7,47,0,0,0,0.4,risk_path,4,Bot1|Bot2|Bot3|Bot4,,1,0
280,0.70,75,440,2985125786,3442015289,3635,0.646222,507,1348,28-4,7-3,50-1,34,22,41,25,63,45,0,0,1,34,1,34,91,1,34,57,1,button,1,34,34,0,41,0,1.0000,212,0.001198,-1,-1,button,1,34,34,0,41,0,1.0000,212,0.003528,,-1,button,1,34,34,0,41,0,1.0000,212,0.004310,-1,,button,1,34,34,0,41,0,1.0000,212,1.855950,-1,-1,34,0,0,0,0.4,risk_path,4,Bot1|Bot2|Bot3|Bot4,,1,0
281,0.70,75,440,2521516864,696713569,3648,0.648533,502,1389,44-7,32-14,41-1,25,19,11,9,28,22,0,0,1,25,1,25,44,1,25,19,1,button,1,25,25,0,10,0,1.0000,151,0.000646,-1,-1,button,1,25,25,0,10,0,1.0000,151,0.002331,,-1,button,1,25,25,0,10,0,1.0000,151,0.002656,-1,,button,1,25,25,0,10,0,1.0000,151,1.140614,-1,-1,25,0,0,0,0.4,risk_path,4,Bot1|Bot2|Bot3|Bot4,,1,0
282,0.70,75,440,3512670226,3470638926,3653,0.649422,513,1374,59-63,33-58,21-65,53,31,74,40,31,19,1,0,1,53,0,,38,0,,,0,walked_into_fire,0,46,46,0,-7,7,0.8679,,0.004630,39,39,fire_reached_bot,0,55,38,17,-16,15,0.7170,,0.109294,,-1,fire_reached_bot,0,55,38,17,-16,15,0.7170,,0.194082,-1,,fire_reached_bot,0,55,38,17,-16,15,0.7170,,4.405597,-1,-1,55,0,38,17,,no_path,0,,Bot1|Bot2|Bot3|Bot4,0,1
283,0.70,75,440,139254943,2871586275,3638,0.646756,499,1382,4-42,66-69,7-3,103,89,60,42,127,125,0,0,1,103,1,103,164,1,103,61,1,button,1,103,103,0,41,0,1.0000,1980,0.024428,-1,-1,button,1,103,103,0,41,0,1.0000,1980,0.102807,,-1,button,1,103,103,0,41,0,1.0000,1980,0.114982,-1,,button,1,103,103,0,41,0,1.0000,1980,12.541556,38,38,103,0,0,0,0.4,risk_path,4,Bot1|Bot2|Bot3|Bot4,,1,0
284,0.70,75,440,2016013904,2387887068,3654,0.649600,510,1422,62-39,27-35,2-37,59,39,92,62,39,27,1,0,1,59,0,,45,0,,,0,fire_reached_bot,0,52,52,0,-6,7,0.8814,,0.006385,46,46,fire_reached_bot,0,60,45,15,-14,14,0.7627,,0.079720,,-1,fire_reached_bot,0,60,45,15,-14,14,0.7627,,0.149781,-1,,fire_reached_bot,0,60,45,15,-14,14,0.7627,,5.454549,-1,-1,60,0,45,15,,no_path,0,,Bot1|Bot2|Bot3|Bot4,0,1
285,0.70,75,440,2152869414,3950020351,3662,0.651022,509,1413,46-68,12-66,41-41,46,36,40,32,58,54,0,0,1,46,1,46,81,1,46,35,1,button,1,46,46,0,34,0,1.0000,919,0.004731,-1,-1,button,1,46,46,0,34,0,1.0000,919,0.010135,,-1,button,1,46,46,0,34,0,1.0000,919,0.018326,-1,,button,1,46,46,0,34,0,1.0000,919,3.332173,34,34,46,0,0,0,0.4,risk_path,4,Bot1|Bot2|Bot3|Bot4,,1,0
286,0.70,75,440,1157899962,1993066084,3639,0.646933,494,1362,35-40,45-7,36-3,55,43,56,38,15,13,1,0,1,55,0,,20,0,,,0,walked_into_fire,0,33,33,0,-12,22,0.6000,,0.002068,21,21,fire_reached_bot,0,46,20,26,-25,35,0.3636,,0.133084,,-1,fire_reached_bot,0,46,20,26,-25,35,0.3636,,0.307323,-1,,fire_reached_bot,0,46,20,26,-25,35,0.3636,,3.245928,-1,-1,46,0,20,26,,no_path,0,,Bot1|Bot2|Bot3|Bot4,0,1
287,0.70,75,440,3991210846,343377854,3657,0.650133,514,1363,38-53,25-9,44-54,67,57,19,7,86,64,0,0,1,67,1,67,114,1,67,47,1,button,1,67,67,0,24,0,1.0000,1254,0.008177,-1,-1,button,1,67,67,0,24,0,1.0000,1254,0.024980,,-1,button,1,67,67,0,24,0,1.0000,1254,0.039267,-1,,button,1,67,67,0,24,0,1.0000,1254,6.612504,65,65,67,0,0,0,0.4,risk_path,4,Bot1|Bot2|Bot3|Bot4,,1,0
288,0.70,75,440,3830897319,2464422491,3661,0.650844,511,1430,65-37,32-41,39-55,47,37,46,44,33,21,1,0,1,47,0,,40,0,,,0,fire_reached_bot,0,44,44,0,-3,3,0.9362,,0.004815,41,41,fire_reached_bot,0,42,40,2,-1,7,0.8511,,0.016672,,-1,fire_reached_bot,0,42,40,2,-1,7,0.8511,,0.029525,-1,,fire_reached_bot,0,42,40,2,-1,7,0.8511,,3.572744,-1,-1,42,0,40,2,,no_path,0,,Bot1|Bot2|Bot3|Bot4,0,1
289,0.70,75,440,718415510,2147925118,3645,0.648000,499,1380,34-46,50-13,2-73,57,49,61,59,118,108,0,0,1,57,1,57,150,1,57,93,1,button,1,57,57,0,78,0,1.0000,444,0.003327,-1,-1,button,1,57,57,0,78,0,1.0000,444,0.012696,,-1,button,1,57,57,0,78,0,1.0000,444,0.016203,-1,,button,1,57,57,0,78,0,1.0000,444,5.416368,3,3,57,0,0,0,0.4,risk_path,4,Bot1|Bot2|Bot3|Bot4,,1,0
290,0.70,75,440,3810450922,1091198838,3649,0.648711,509,1393,38-31,8-34,21-59,45,33,45,45,44,38,1,0,1,45,0,,56,1,45,11,1,button,1,45,45,0,10,0,1.0000,941,0.005710,-1,-1,button,1,45,45,0,10,0,1.0000,941,0.010383,,-1,button,1,45,45,0,10,0,1.0000,941,0.016113,-1,,button,1,45,45,0,10,0,1.0000,941,3.315216,-1,-1,45,0,0,0,0.4,risk_path,4,Bot1|Bot2|Bot3|Bot4,,1,0
291,0.70,75,440,488650922,3463263512,3635,0.646222,503,1370,28-52,57-36,37-65,51,45,30,22,53,49,0,0,1,51,1,51,71,1,51,20,1,button,1,51,51,0,14,0,1.0000,725,0.004269,-1,-1,button,1,51,51,0,14,0,1.0000,725,0.012072,,-1,button,1,51,51,0,14,0,1.0000,725,0.017161,-1,,button,1,51,51,0,14,0,1.0000,725,4.284961,1,1,51,0,0,0,0.4,risk_path,4,Bot1|Bot2|Bot3|Bot4,,1,0
292,0.70,75,440,1069063252,2129452804,3641,0.647289,498,1356,46-5,62-39,70-24,56,50,59,43,23,23,1,0,1,56,0,,26,0,,,0,walked_into_fire,0,32,32,0,-5,24,0.5714,,0.001579,26,26,fire_reached_bot,0,38,25,13,-11,31,0.4464,,0.077023,,-1,fire_reached_bot,0,38,25,13,-11,31,0.4464,,0.140352,-1,,fire_reached_bot,0,38,25,13,-11,31,0.4464,,4.079947,-1,-1,38,0,25,13,,no_path,0,,Bot1|Bot2|Bot3|Bot4,0,1
293,0.70,75,440,2939677069,3588486604,3656,0.649956,511,1377,31-9,16-62,11-71,74,68,88,82,14,14,1,0,1,74,0,,20,0,,,0,walked_into_fire,0,50,50,0,-29,24,0.6757,,0.004081,21,21,fire_reached_bot,0,91,20,71,-70,54,0.2703,,0.314690,,-1,fire_reached_bot,0,91,20,71,-70,54,0.2703,,0.678253,-1,,fire_reached_bot,0,91,20,71,-70,54,0.2703,,4.306628,-1,-1,91,0,20,71,,no_path,0,,Bot1|Bot2|Bot3|Bot4,0,1
294,0.70,75,440,3448987124,1070658387,3646,0.648178,504,1370,1-64,0-32,53-31,51,33,87,85,68,54,0,0,1,51,1,51,89,1,51,38,1,button,1,51,51,0,38,0,1.0000,1163,0.006164,-1,-1,button,1,51,51,0,38,0,1.0000,1163,0.013133,,-1,button,1,51,51,0,38,0,1.0000,1163,0.020262,-1,,button,1,51,51,0,38,0,1.0000,1163,3.926528,-1,-1,51,0,0,0,0.4,risk_path,4,Bot1|Bot2|Bot3|Bot4,,1,0
295,0.70,75,440,3957383876,3993555280,3636,0.646400,488,1349,43-23,34-19,37-37,15,13,26,20,23,21,0,0,1,15,1,15,31,1,15,16,1,button,1,15,15,0,15,0,1.0000,92,0.000270,-1,-1,button,1,15,15,0,15,0,1.0000,92,0.000646,,-1,button,1,15,15,0,15,0,1.0000,92,0.000894,-1,,button,1,15,15,0,15,0,1.0000,92,0.545672,-1,-1,15,0,0,0,0.4,risk_path,4,Bot1|Bot2|Bot3|Bot4,,1,0
296,0.70,75,440,1682334534,1630947947,3617,0.643022,503,1320,22-65,9-42,33-4,52,36,102,72,66,62,0,0,1,52,1,52,90,1,52,38,1,button,1,52,52,0,37,0,1.0000,748,0.005460,-1,-1,button,1,52,52,0,37,0,1.0000,748,0.012637,,-1,button,1,52,52,0,37,0,1.0000,748,0.017846,-1,,button,1,52,52,0,38,0,1.0000,748,4.428105,47,47,52,0,0,0,0.4,risk_path,4,Bot1|Bot2|Bot3|Bot4,,1,0
297,0.70,75,440,3826954389,2667375914,3627,0.644800,504,1383,45-29,20-58,24-32,58,54,32,24,34,30,1,0,1,58,0,,51,0,,,0,fire_reached_bot,0,18,18,0,0,40,0.3103,141,0.001098,11,11,fire_reached_bot,0,47,37,10,0,31,0.4655,1093,0.016205,,-1,fire_reached_bot,0,47,37,10,0,31,0.4655,1093,0.025953,-1,,fire_reached_bot,0,47,37,10,0,31,0.4655,1093,5.044370,-1,-1,47,0,37,10,,no_path,0,,Bot1|Bot2|Bot3|Bot4,0,1
298,0.70,75,440,1463647553,2324460761,3676,0.653511,516,1382,7-73,14-7,18-37,113,73,73,47,48,34,1,0,1,113,0,,68,0,,,0,walked_into_fire,0,47,47,0,-4,66,0.4159,567,0.003898,45,45,fire_reached_bot,0,73,68,5,-4,91,0.1947,,0.142922,,45,fire_reached_bot,0,77,68,9,-8,93,0.1770,,0.198103,45,,fire_reached_bot,0,73,68,5,-4,91,0.1947,,13.260112,-1,45,73,0,68,5,,no_path,0,,Bot1|Bot2|Bot3|Bot4,0,1
299,0.70,75,440,290523079,465395590,3655,0.649778,518,1381,69-18,62-58,22-38,57,47,77,67,66,60,0,0,1,57,1,57,91,1,57,34,1,button,1,57,57,0,34,0,1.0000,1281,0.009586,-1,-1,button,1,57,57,0,34,0,1.0000,1281,0.018789,,-1,button,1,57,57,0,34,0,1.0000,1281,0.025118,-1,,button,1,57,57,0,34,0,1.0000,1281,4.655441,-1,-1,57,0,0,0,0.4,risk_path,4,Bot1|Bot2|Bot3|Bot4,,1,0
300,0.70,75,440,2918341021,4123951292,3643,0.647644,507,1388,3-20,42-65,72-2,98,84,121,87,103,93,0,0,1,98,1,98,132,1,98,34,1,button,1,98,98,0,33,0,1.0000,1285,0.016980,-1,-1,button,1,98,98,0,33,0,1.0000,1285,0.072587,,-1,button,1,98,98,0,33,0,1.0000,1285,0.086668,-1,,button,1,98,98,0,33,0,1.0000,1285,12.697147,17,17,98,0,0,0,0.4,risk_path,4,Bot1|Bot2|Bot3|Bot4,,1,0
301,0.70,75,440,1819333381,488089373,3635,0.646222,494,1346,46-31,45-39,54-54,11,9,35,31,24,24,0,0,1,11,1,11,39,1,11,28,1,button,1,11,11,0,28,0,1.0000,46,0.000174,-1,-1,button,1,11,11,0,28,0,1.0000,46,0.000404,,-1,button,1,11,11,0,28,0,1.0000,46,0.000515,-1,,button,1,11,11,0,28,0,1.0000,46,0.303787,-1,-1,11,0,0,0,0.4,risk_path,4,Bot1|Bot2|Bot3|Bot4,,1,0
302,0.70,75,440,1770019578,3777455532,3626,0.644622,501,1376,59-48,49-47,28-6,21,11,73,73,64,62,0,0,1,21,1,21,88,1,21,67,1,button,1,21,21,0,67,0,1.0000,114,0.000480,-1,-1,button,1,21,21,0,67,0,1.0000,114,0.001331,,-1,button,1,21,21,0,67,0,1.0000,114,0.001680,-1,,button,1,21,21,0,67,0,1.0000,114,0.828358,8,8,21,0,0,0,0.4,risk_path,4,Bot1|Bot2|Bot3|Bot4,,1,0
303,0.70,75,440,1560084379,2039133605,3629,0.645156,497,1345,39-25,1-70,74-53,97,83,69,63,96,90,1,0,1,97,0,,112,1,97,15,1,button,1,97,97,0,9,0,1.0000,2182,0.027856,-1,-1,button,1,97,97,0,9,0,1.0000,2182,0.076057,,-1,button,1,97,97,0,9,0,1.0000,2182,0.104769,-1,,button,1,97,97,0,9,0,1.0000,2182,10.567269,-1,-1,97,0,0,0,0.4,risk_path,4,Bot1|Bot2|Bot3|Bot4,,1,0
304,0.70,75,440,3262132408,1721014697,3658,0.650311,496,1385,65-54,0-53,27-37,96,66,59,55,49,43,1,0,1,96,0,,54,0,,,0,fire_reached_bot,0,45,45,0,0,51,0.4688,1025,0.006338,45,45,fire_reached_bot,0,50,45,5,0,53,0.4479,1308,0.073679,,-1,fire_reached_bot,0,50,45,5,0,53,0.4479,1308,0.107957,-1,,fire_reached_bot,0,50,45,5,0,53,0.4479,1308,6.744295,-1,-1,50,0,45,5,,no_path,0,,Bot1|Bot2|Bot3|Bot4,0,1
305,0.70,75,440,77630353,3086096505,3634,0.646044,490,1370,32-73,64-44,11-31,65,61,67,63,74,66,0,0,1,65,1,65,111,1,65,46,1,button,1,65,65,0,45,0,1.0000,1244,0.007811,-1,-1,button,1,65,65,0,45,0,1.0000,1244,0.019140,,-1,button,1,65,65,0,45,0,1.0000,1244,0.032739,-1,,button,1,65,65,0,45,0,1.0000,1244,5.908748,9,9,65,0,0,0,0.4,risk_path,4,Bot1|Bot2|Bot3|Bot4,,1,0
306,0.70,75,440,3978666814,258631395,3644,0.647822,494,1394,3-14,7-13,33-47,15,5,73,63,68,60,0,0,1,15,1,15,91,1,15,76,1,button,1,15,15,0,75,0,1.0000,130,0.000344,-1,-1,button,1,15,15,0,75,0,1.0000,130,0.000762,,-1,button,1,15,15,0,75,0,1.0000,130,0.001153,-1,,button,1,15,15,0,75,0,1.0000,130,0.533737,-1,-1,15,0,0,0,0.4,risk_path,4,Bot1|Bot2|Bot3|Bot4,,1,0
307,0.70,75,440,1680995527,3003881739,3653,0.649422,507,1391,65-55,74-12,61-23,66,52,44,36,24,24,1,0,1,66,0,,27,0,,,0,walked_into_fire,0,26,26,0,-1,40,0.3939,298,0.001567,22,22,fire_reached_bot,0,32,21,11,-4,45,0.3182,,0.078359,,-1,fire_reached_bot,0,32,21,11,-4,45,0.3182,,0.138349,-1,,fire_reached_bot,0,32,21,11,-4,45,0.3182,,4.429788,-1,-1,32,0,21,11,,no_path,0,,Bot1|Bot2|Bot3|Bot4,0,1
308,0.70,75,440,3117523694,2309348517,3656,0.649956,515,1390,15-41,1-38,23-35,31,17,14,14,39,25,0,0,1,31,1,31,52,1,31,21,1,button,1,31,31,0,11,0,1.0000,491,0.001715,-1,-1,button,1,31,31,0,11,0,1.0000,491,0.003791,,-1,button,1,31,31,0,11,0,1.0000,491,0.006861,-1,,button,1,31,31,0,11,0,1.0000,491,1.668005,-1,-1,31,0,0,0,0.4,risk_path,4,Bot1|Bot2|Bot3|Bot4,,1,0
309,0.70,75,440,2835355592,297263676,3627,0.644800,500,1373,11-50,68-37,68-60,86,70,97,67,41,23,1,0,1,86,0,,53,0,,,0,fire_reached_bot,0,60,60,0,-6,26,0.6977,,0.005682,52,52,fire_reached_bot,0,66,51,15,-12,35,0.5930,,0.120758,,-1,fire_reached_bot,0,66,51,15,-12,35,0.5930,,0.185155,-1,,fire_reached_bot,0,66,51,15,-12,35,0.5930,,9.810896,-1,-1,66,0,51,15,,no_path,0,,Bot1|Bot2|Bot3|Bot4,0,1
310,0.70,75,440,2898697772,2994729344,3622,0.643911,510,1334,29-24,19-52,44-21,56,38,22,18,58,56,0,0,1,56,1,56,78,1,56,22,1,button,1,56,56,0,15,0,1.0000,1451,0.008535,-1,-1,button,1,56,56,0,15,0,1.0000,1451,0.027145,,-1,button,1,56,56,0,15,0,1.0000,1451,0.033017,-1,,button,1,56,56,0,15,0,1.0000,1451,3.898736,-1,-1,56,0,0,0,0.4,risk_path,4,Bot1|Bot2|Bot3|Bot4,,1,0
311,0.70,75,440,1005567868,222496869,3643,0.647644,506,1381,16-45,13-59,40-62,35,17,65,41,50,30,0,0,1,35,1,35,68,1,35,33,1,button,1,35,35,0,33,0,1.0000,340,0.001322,-1,-1,button,1,35,35,0,33,0,1.0000,340,0.004765,,-1,button,1,35,35,0,33,0,1.0000,340,0.005486,-1,,button,1,35,35,0,33,0,1.0000,340,1.960768,-1,-1,35,0,0,0,0.4,risk_path,4,Bot1|Bot2|Bot3|Bot4,,1,0
312,0.70,75,440,3042795674,2137903543,3656,0.649956,523,1394,37-7,45-46,3-20,65,47,55,47,74,68,0,0,1,65,1,65,93,1,65,28,1,button,1,65,65,0,24,0,1.0000,841,0.008162,-1,-1,button,1,65,65,0,24,0,1.0000,841,0.018645,,-1,button,1,65,65,0,24,0,1.0000,841,0.027092,-1,,button,1,65,65,0,28,0,1.0000,841,6.256027,39,39,65,0,0,0,0.4,risk_path,4,Bot1|Bot2|Bot3|Bot4,,1,0
313,0.70,75,440,1246630585,1554748669,3644,0.647822,515,1381,70-15,74-36,60-13,39,25,58,12,53,37,0,0,1,39,1,39,79,1,39,40,1,button,1,39,39,0,32,0,1.0000,290,0.001710,-1,-1,button,1,39,39,0,32,0,1.0000,290,0.005233,,-1,button,1,39,39,0,32,0,1.0000,290,0.008030,-1,,button,1,39,39,0,33,0,1.0000,290,2.825120,25,25,39,0,0,0,0.4,risk_path,4,Bot1|Bot2|Bot3|Bot4,,1,0
314,0.70,75,440,2358439391,771830428,3651,0.649067,506,1369,54-13,45-40,7-28,40,36,82,62,62,50,0,0,1,40,1,40,88,1,40,48,1,button,1,40,40,0,48,0,1.0000,268,0.001594,-1,-1,button,1,40,40,0,48,0,1.0000,268,0.004047,,-1,button,1,40,40,0,48,0,1.0000,268,0.005487,-1,,button,1,40,40,0,48,0,1.0000,268,2.792763,-1,-1,40,0,0,0,0.4,risk_path,4,Bot1|Bot2|Bot3|Bot4,,1,0
315,0.70,75,440,773523320,1401553363,3618,0.643200,495,1376,24-48,24-35,13-9,19,13,58,50,53,37,0,0,1,19,1,19,70,1,19,51,1,button,1,19,19,0,49,0,1.0000,176,0.000610,-1,-1,button,1,19,19,0,49,0,1.0000,176,0.001337,,-1,button,1,19,19,0,49,0,1.0000,176,0.001871,-1,,button,1,19,19,0,49,0,1.0000,176,0.739726,6,6,19,0,0,0,0.4,risk_path,4,Bot1|Bot2|Bot3|Bot4,,1,0
316,0.70,75,440,1738134723,2008269550,3615,0.642667,493,1361,13-28,74-55,16-9,92,88,34,22,108,104,0,0,1,92,1,92,142,1,92,50,1,button,1,92,92,0,31,0,1.0000,1682,0.018315,-1,-1,button,1,92,92,0,31,0,1.0000,1682,0.052095,,-1,button,1,92,92,0,31,0,1.0000,1682,0.090098,-1,,button,1,92,92,0,31,0,1.0000,1682,10.197580,15,15,92,0,0,0,0.4,risk_path,4,Bot1|Bot2|Bot3|Bot4,,1,0
317,0.70,75,440,979263756,953799673,3669,0.652267,502,1402,13-59,8-50,29-50,16,14,31,25,31,21,0,0,1,16,1,16,43,1,16,27,1,button,1,16,16,0,27,0,1.0000,93,0.000293,-1,-1,button,1,16,16,0,27,0,1.0000,93,0.000645,,-1,button,1,16,16,0,27,0,1.0000,93,0.000928,-1,,button,1,16,16,0,27,0,1.0000,93,0.481564,-1,-1,16,0,0,0,0.4,risk_path,4,Bot1|Bot2|Bot3|Bot4,,1,0
318,0.70,75,440,1739095726,662417193,3613,0.642311,484,1308,66-39,40-23,28-18,42,42,59,59,17,17,1,0,1,42,0,,20,0,,,0,walked_into_fire,0,33,33,0,-12,9,0.7857,,0.001996,21,21,fire_reached_bot,0,47,20,27,-26,22,0.4762,,0.135701,,-1,fire_reached_bot,0,47,20,27,-26,22,0.4762,,0.278170,-1,,fire_reached_bot,0,47,20,27,-26,22,0.4762,,2.205476,-1,-1,47,0,20,27,,no_path,0,,Bot1|Bot2|Bot3|Bot4,0,1
319,0.70,75,440,868483726,487361327,3650,0.648889,508,1404,55-23,16-9,32-68,67,53,68,68,83,75,0,0,1,67,1,67,108,1,67,41,1,button,1,67,67,0,41,0,1.0000,1545,0.013992,-1,-1,button,1,67,67,0,41,0,1.0000,1545,0.028836,,-1,button,1,67,67,0,41,0,1.0000,1545,0.046405,-1,,button,1,67,67,0,41,0,1.0000,1545,6.182112,-1,-1,67,0,0,0,0.4,risk_path,4,Bot1|Bot2|Bot3|Bot4,,1,0
320,0.70,75,440,780381394,1436591598,3617,0.643022,490,1335,61-29,72-65,25-35,67,47,64,42,83,77,0,0,1,67,1,67,125,1,67,58,1,button,1,67,67,0,49,0,1.0000,1855,0.015301,-1,-1,button,1,67,67,0,49,0,1.0000,1855,0.035894,,-1,button,1,67,67,0,49,0,1.0000,1855,0.054962,-1,,button,1,67,67,0,49,0,1.0000,1855,5.514967,9,9,67,0,0,0,0.4,risk_path,4,Bot1|Bot2|Bot3|Bot4,,1,0
321,0.70,75,440,3438593776,3903306868,3635,0.646222,502,1352,60-59,50-8,12-9,89,61,106,98,51,39,1,0,1,89,0,,64,0,,,0,fire_reached_bot,0,71,71,0,-6,18,0.7978,,0.015559,65,63,fire_reached_bot,0,79,64,15,-14,25,0.7191,,0.106460,,63,fire_reached_bot,0,82,64,18,-17,27,0.6966,,0.192049,63,,fire_reached_bot,0,79,64,15,-14,25,0.7191,,10.502004,-1,63,79,0,64,15,,no_path,0,,Bot1|Bot2|Bot3|Bot4,0,1
322,0.70,75,440,3986935069,3858830174,3609,0.641600,489,1337,31-41,40-34,16-58,18,16,38,32,56,48,0,0,1,18,1,18,68,1,18,50,1,button,1,18,18,0,47,0,1.0000,100,0.000443,-1,-1,button,1,18,18,0,47,0,1.0000,100,0.000948,,-1,button,1,18,18,0,47,0,1.0000,100,0.001366,-1,,button,1,18,18,0,47,0,1.0000,100,0.681471,4,4,18,0,0,0,0.4,risk_path,4,Bot1|Bot2|Bot3|Bot4,,1,0
323,0.70,75,440,509776406,2567658253,3634,0.646044,501,1378,47-21,69-44,53-74,53,45,81,59,48,46,1,0,1,53,0,,63,1,53,10,1,button,1,53,53,0,10,0,1.0000,525,0.004806,-1,-1,button,1,53,53,0,10,0,1.0000,525,0.011991,,-1,button,1,53,53,0,10,0,1.0000,525,0.015415,-1,,button,1,53,53,0,10,0,1.0000,525,4.762517,35,35,53,20,0,0,0.99,risk_path,4,Bot1|Bot2|Bot3|Bot4,,1,0
324,0.70,75,440,1895927736,3210878789,3644,0.647822,498,1357,21-58,33-29,37-60,47,41,24,18,53,35,0,0,1,47,1,47,69,1,47,22,1,button,1,47,47,0,19,0,1.0000,835,0.004408,-1,-1,button,1,47,47,0,19,0,1.0000,835,0.011146,,-1,button,1,47,47,0,19,0,1.0000,835,0.017476,-1,,button,1,47,47,0,15,0,1.0000,835,3.485979,1,1,47,0,0,0,0.4,risk_path,4,Bot1|Bot2|Bot3|Bot4,,1,0
325,0.70,75,440,75942277,1867417450,3633,0.645867,498,1373,42-69,9-37,54-41,67,65,52,40,73,49,0,0,1,67,1,67,94,1,67,27,1,button,1,67,67,0,23,0,1.0000,1456,0.011889,-1,-1,button,1,67,67,0,23,0,1.0000,1456,0.020534,,-1,button,1,67,67,0,23,0,1.0000,1456,0.035980,-1,,button,1,67,67,0,23,0,1.0000,1456,6.208960,-1,-1,67,0,0,0,0.4,risk_path,4,Bot1|Bot2|Bot3|Bot4,,1,0
326,0.70,75,440,4250529820,1484301454,3643,0.647644,502,1368,33-23,2-23,69-51,49,31,74,64,107,95,0,0,1,49,1,49,138,1,49,89,1,button,1,49,49,0,85,0,1.0000,545,0.003331,-1,-1,button,1,49,49,0,85,0,1.0000,545,0.010241,,-1,button,1,49,49,0,85,0,1.0000,545,0.014887,-1,,button,1,49,49,0,85,0,1.0000,545,3.981855,-1,-1,49,0,0,0,0.4,risk_path,4,Bot1|Bot2|Bot3|Bot4,,1,0
327,0.70,75,440,3071567326,2258578127,3628,0.644978,495,1351,17-29,32-6,61-47,52,38,68,62,86,70,0,0,1,52,1,52,115,1,52,63,1,button,1,52,52,0,57,0,1.0000,1020,0.006151,-1,-1,button,1,52,52,0,57,0,1.0000,1020,0.017906,,-1,button,1,52,52,0,57,0,1.0000,1020,0.028234,-1,,button,1,52,52,0,57,0,1.0000,1020,4.046105,-1,-1,52,0,0,0,0.4,risk_path,4,Bot1|Bot2|Bot3|Bot4,,1,0
328,0.70,75,440,407302120,1091993989,3642,0.647467,494,1375,69-30,27-56,9-73,68,68,105,103,41,35,1,0,1,68,0,,59,0,,,0,walked_into_fire,0,63,63,0,-3,5,0.9265,,0.003958,59,59,fire_reached_bot,0,69,59,10,-9,9,0.8676,,0.060120,,-1,fire_reached_bot,0,69,59,10,-9,9,0.8676,,0.120162,-1,,fire_reached_bot,0,69,59,10,-9,9,0.8676,,8.290638,-1,-1,69,0,59,10,,no_path,0,,Bot1|Bot2|Bot3|Bot4,0,1
329,0.70,75,440,403694093,443635467,3638,0.646756,512,1379,43-13,3-72,5-9,105,99,52,42,99,65,1,0,1,105,0,,125,1,105,20,1,button,1,105,105,0,7,0,1.0000,1734,0.025634,-1,-1,button,1,105,105,0,7,0,1.0000,1734,0.064078,,-1,button,1,105,105,0,7,0,1.0000,1734,0.090961,-1,,button,1,105,105,0,7,0,1.0000,1734,13.060529,-1,-1,105,17,0,0,0.8,risk_path,4,Bot1|Bot2|Bot3|Bot4,,1,0
330,0.70,75,440,2933929372,24815168,3657,0.650133,506,1413,16-47,12-13,7-1,58,38,71,55,21,17,1,0,1,58,0,,30,0,,,0,walked_into_fire,0,47,47,0,-16,11,0.8103,,0.002436,30,30,fire_reached_bot,0,66,29,37,-35,29,0.5000,,0.203067,,-1,fire_reached_bot,0,66,29,37,-35,29,0.5000,,0.425338,-1,,fire_reached_bot,0,66,29,37,-35,29,0.5000,,4.881758,-1,-1,66,0,29,37,,no_path,0,,Bot1|Bot2|Bot3|Bot4,0,1
331,0.70,75,440,571489985,3669167757,3662,0.651022,499,1410,27-33,16-4,24-50,66,40,26,20,70,54,0,0,1,66,1,66,93,1,66,27,1,button,1,66,66,0,8,0,1.0000,1919,0.017226,-1,-1,button,1,66,66,0,8,0,1.0000,1919,0.029233,,-1,button,1,66,66,0,8,0,1.0000,1919,0.054130,-1,,button,1,66,66,0,8,0,1.0000,1919,5.903663,-1,-1,66,0,0,0,0.4,risk_path,4,Bot1|Bot2|Bot3|Bot4,,1,0
332,0.70,75,440,2718824820,2814868908,3642,0.647467,500,1367,69-72,7-71,1-31,107,63,123,109,68,46,1,0,1,107,0,,98,0,,,0,fire_reached_bot,0,97,97,0,0,10,0.9065,1873,0.023525,97,97,fire_reached_bot,0,98,96,2,0,11,0.8972,1909,0.076357,,-1,fire_reached_bot,0,98,96,2,0,11,0.8972,1909,0.127351,-1,,fire_reached_bot,0,98,96,2,0,11,0.8972,1909,14.555779,-1,-1,98,0,96,2,,no_path,0,,Bot1|Bot2|Bot3|Bot4,0,1
333,0.70,75,440,1458069241,3379700867,3616,0.642844,488,1368,54-44,9-44,37-18,71,45,51,43,70,54,1,0,1,71,0,,89,1,71,18,1,button,1,71,71,0,13,0,1.0000,1804,0.013663,-1,-1,button,1,71,71,0,13,0,1.0000,1804,0.037577,,-1,button,1,71,71,0,13,0,1.0000,1804,0.059133,-1,,button,1,71,71,0,13,0,1.0000,1804,6.820994,-1,-1,71,0,0,0,0.4,risk_path,4,Bot1|Bot2|Bot3|Bot4,,1,0
334,0.70,75,440,110822976,411924728,3637,0.646578,500,1351,9-14,47-13,64-72,57,39,113,113,90,76,0,0,1,57,1,57,118,1,57,61,1,button,1,57,57,0,61,0,1.0000,501,0.003819,-1,-1,button,1,57,57,0,61,0,1.0000,501,0.010557,,-1,button,1,57,57,0,61,0,1.0000,501,0.015162,-1,,button,1,57,57,0,61,0,1.0000,501,5.154180,30,30,57,0,0,0,0.4,risk_path,4,Bot1|Bot2|Bot3|Bot4,,1,0
335,0.70,75,440,3526644172,994635310,3650,0.648889,506,1412,56-5,54-63,8-20,98,60,75,63,97,89,1,0,1,98,0,,125,1,98,27,1,button,1,98,98,0,27,0,1.0000,2309,0.033469,-1,-1,button,1,98,98,0,27,0,1.0000,2309,0.089076,,-1,button,1,98,98,0,27,0,1.0000,2309,0.126949,-1,,button,1,98,98,0,27,0,1.0000,2309,10.203291,-1,-1,98,0,0,0,0.4,risk_path,4,Bot1|Bot2|Bot3|Bot4,,1,0
336,0.70,75,440,1087217453,2269991397,3621,0.643733,494,1334,22-61,69-15,6-53,93,93,28,24,111,101,0,0,1,93,1,93,140,1,93,47,1,button,1,93,93,0,26,0,1.0000,1775,0.019876,-1,-1,button,1,93,93,0,26,0,1.0000,1775,0.046275,,-1,button,1,93,93,0,26,0,1.0000,1775,0.065901,-1,,button,1,93,93,0,26,0,1.0000,1775,9.524913,9,9,93,0,0,0,0.4,risk_path,4,Bot1|Bot2|Bot3|Bot4,,1,0
337,0.70,75,440,4182190525,591908680,3630,0.645333,507,1374,56-6,63-6,60-53,15,7,63,51,64,50,0,0,1,15,1,15,90,1,15,75,1,button,1,15,15,0,75,0,1.0000,80,0.000380,-1,-1,button,1,15,15,0,75,0,1.0000,80,0.000838,,-1,button,1,15,15,0,75,0,1.0000,80,0.000932,-1,,button,1,15,15,0,75,0,1.0000,80,0.433098,1,1,15,0,0,0,0.4,risk_path,4,Bot1|Bot2|Bot3|Bot4,,1,0
338,0.70,75,440,131814599,1043486984,3657,0.650133,523,1389,39-55,70-4,56-15,84,82,63,57,25,25,1,0,1,84,0,,34,0,,,0,fire_reached_bot,0,39,39,0,-4,45,0.4643,,0.004257,24,24,fire_reached_bot,0,52,23,29,-17,61,0.2738,,0.150632,,-1,fire_reached_bot,0,52,23,29,-17,61,0.2738,,0.309224,-1,,fire_reached_bot,0,52,23,29,-17,61,0.2738,,4.027696,-1,-1,52,0,23,29,,no_path,0,,Bot1|Bot2|Bot3|Bot4,0,1
339,0.70,75,440,1857643394,677001930,3667,0.651911,510,1436,66-71,67-49,25-46,29,23,70,66,57,45,0,0,1,29,1,29,78,1,29,49,1,button,1,29,29,0,49,0,1.0000,182,0.001014,-1,-1,button,1,29,29,0,49,0,1.0000,182,0.002442,,-1,button,1,29,29,0,49,0,1.0000,182,0.004061,-1,,button,1,29,29,0,49,0,1.0000,182,1.387596,20,20,29,0,0,0,0.4,risk_path,4,Bot1|Bot2|Bot3|Bot4,,1,0
340,0.70,75,440,3864308138,3978975570,3644,0.647822,513,1385,10-9,61-25,64-45,83,67,100,90,27,23,1,0,1,83,0,,31,0,,,0,walked_into_fire,0,56,56,0,-24,27,0.6747,,0.009156,31,31,fire_reached_bot,0,88,30,58,-56,53,0.3614,,0.232714,,-1,fire_reached_bot,0,88,30,58,-56,53,0.3614,,0.471171,-1,,fire_reached_bot,0,88,30,58,-56,53,0.3614,,5.170156,-1,-1,88,0,30,58,,no_path,0,,Bot1|Bot2|Bot3|Bot4,0,1
341,0.70,75,440,3005494717,346531541,3669,0.652267,514,1446,23-73,11-56,43-56,29,29,51,37,56,32,0,0,1,29,1,29,74,1,29,45,1,button,1,29,29,0,45,0,1.0000,223,0.000793,-1,-1,button,1,29,29,0,45,0,1.0000,223,0.002306,,-1,button,1,29,29,0,45,0,1.0000,223,0.003729,-1,,button,1,29,29,0,45,0,1.0000,223,1.387008,-1,-1,29,0,0,0,0.4,risk_path,4,Bot1|Bot2|Bot3|Bot4,,1,0
342,0.70,75,440,2387691047,1277799577,3628,0.644978,496,1375,63-32,0-59,64-69,110,90,48,38,108,74,1,0,1,110,0,,139,1,110,29,1,button,1,110,110,0,15,0,1.0000,2264,0.031888,-1,-1,button,1,110,110,0,15,0,1.0000,2264,0.117736,,-1,button,1,110,110,0,15,0,1.0000,2264,0.169635,-1,,button,1,110,110,0,15,0,1.0000,2264,12.088367,80,80,110,0,0,0,0.4,risk_path,4,Bot1|Bot2|Bot3|Bot4,,1,0
343,0.70,75,440,909155234,2602241716,3644,0.647822,500,1364,16-23,49-50,35-2,60,60,42,40,74,62,0,0,1,60,1,60,102,1,60,42,1,button,1,60,60,0,39,0,1.0000,806,0.004643,-1,-1,button,1,60,60,0,39,0,1.0000,806,0.011589,,-1,button,1,60,60,0,39,0,1.0000,806,0.018718,-1,,button,1,60,60,0,37,0,1.0000,806,5.870785,1,1,60,0,0,0,0.4,risk_path,4,Bot1|Bot2|Bot3|Bot4,,1,0
344,0.70,75,440,3582665592,3009362077,3649,0.648711,507,1382,35-73,60-54,29-72,46,44,9,7,55,49,0,0,1,46,1,46,79,1,46,33,1,button,1,46,46,0,12,0,1.0000,440,0.001895,-1,-1,button,1,46,46,0,12,0,1.0000,440,0.006064,,-1,button,1,46,46,0,12,0,1.0000,440,0.009542,-1,,button,1,46,46,0,12,0,1.0000,440,3.677783,-1,-1,46,0,0,0,0.4,risk_path,4,Bot1|Bot2|Bot3|Bot4,,1,0
345,0.70,75,440,2398338138,2828610287,3658,0.650311,518,1407,57-10,11-57,39-61,101,93,79,69,44,32,1,0,1,101,0,,59,0,,,0,walked_into_fire,0,59,59,0,-1,42,0.5842,1247,0.009716,57,57,fire_reached_bot,0,64,58,6,-4,45,0.5545,,0.078473,,-1,fire_reached_bot,0,64,58,6,-4,45,0.5545,,0.109691,-1,,fire_reached_bot,0,64,58,6,-4,45,0.5545,,9.772154,-1,-1,64,0,58,6,,no_path,0,,Bot1|Bot2|Bot3|Bot4,0,1
346,0.70,75,440,1634039232,257003492,3623,0.644089,481,1315,15-50,50-34,67-55,55,51,73,57,58,38,0,0,1,55,1,55,85,1,55,30,1,button,1,55,55,0,27,0,1.0000,502,0.003757,-1,-1,button,1,55,55,0,27,0,1.0000,502,0.010418,,-1,button,1,55,55,0,27,0,1.0000,502,0.016591,-1,,button,1,55,55,0,25,0,1.0000,502,5.062619,9,9,55,0,0,0,0.4,risk_path,4,Bot1|Bot2|Bot3|Bot4,,1,0
347,0.70,75,440,2513077685,551885425,3649,0.648711,526,1370,16-2,51-8,61-32,45,41,77,75,40,34,1,0,1,45,0,,55,1,45,10,1,button,1,45,45,0,10,0,1.0000,784,0.004434,-1,-1,button,1,45,45,0,10,0,1.0000,784,0.009375,,-1,button,1,45,45,0,10,0,1.0000,784,0.015591,-1,,button,1,45,45,0,10,0,1.0000,784,3.336567,-1,-1,45,4,0,0,0.6,risk_path,4,Bot1|Bot2|Bot3|Bot4,,1,0
348,0.70,75,440,2812461286,2193935649,3611,0.641956,483,1301,15-34,23-68,70-39,52,42,84,60,90,76,0,0,1,52,1,52,119,1,52,67,1,button,1,52,52,0,64,0,1.0000,610,0.004212,-1,-1,button,1,52,52,0,64,0,1.0000,610,0.015625,,-1,button,1,52,52,0,64,0,1.0000,610,0.018334,-1,,button,1,52,52,0,64,0,1.0000,610,4.790968,5,5,52,0,0,0,0.4,risk_path,4,Bot1|Bot2|Bot3|Bot4,,1,0
349,0.70,75,440,1831191962,3675714604,3639,0.646933,513,1405,21-49,42-73,62-57,47,45,61,49,38,36,1,0,1,47,0,,55,1,47,8,1,button,1,47,47,0,8,0,1.0000,676,0.003733,-1,-1,button,1,47,47,0,8,0,1.0000,676,0.010721,,-1,button,1,47,47,0,8,0,1.0000,676,0.015618,-1,,button,1,47,47,0,8,0,1.0000,676,3.836495,8,8,47,8,6,0,0.99,risk_path,4,Bot1|Bot2|Bot3|Bot4,,1,0
350,0.70,75,440,2219431423,1820989950,3664,0.651378,510,1364,40-51,48-66,2-54,35,23,61,41,64,58,0,0,1,35,1,35,83,1,35,48,1,button,1,35,35,0,47,0,1.0000,315,0.001264,-1,-1,button,1,35,35,0,47,0,1.0000,315,0.003713,,-1,button,1,35,35,0,47,0,1.0000,315,0.005264,-1,,button,1,35,35,0,48,0,1.0000,315,2.278569,9,9,35,0,0,0,0.4,risk_path,4,Bot1|Bot2|Bot3|Bot4,,1,0
351,0.70,75,440,509892709,3321225519,3631,0.645511,492,1334,68-20,35-61,33-59,76,74,84,74,8,4,1,0,1,76,0,,10,0,,,0,walked_into_fire,0,52,52,0,-41,24,0.6842,,0.005063,11,11,fire_reached_bot,0,107,10,97,-96,66,0.1316,,0.384384,,-1,fire_reached_bot,0,107,10,97,-96,66,0.1316,,0.804932,-1,,fire_reached_bot,0,107,10,97,-96,66,0.1316,,2.260609,-1,-1,107,0,10,97,,no_path,0,,Bot1|Bot2|Bot3|Bot4,0,1
352,0.70,75,440,410674036,2790386272,3625,0.644444,506,1354,26-67,69-15,65-27,97,95,79,79,18,16,1,0,1,97,0,,21,0,,,0,walked_into_fire,0,45,45,0,-23,52,0.4639,,0.004708,22,22,fire_reached_bot,0,75,21,54,-53,76,0.2165,,0.275834,,-1,fire_reached_bot,0,75,21,54,-53,76,0.2165,,0.497546,-1,,fire_reached_bot,0,75,21,54,-53,76,0.2165,,4.660664,-1,-1,75,0,21,54,,no_path,0,,Bot1|Bot2|Bot3|Bot4,0,1
353,0.70,75,440,43560433,194753494,3664,0.651378,509,1414,18-45,35-35,14-41,29,27,10,8,31,27,0,0,1,29,1,29,42,1,29,13,1,button,1,29,29,0,4,0,1.0000,264,0.001157,-1,-1,button,1,29,29,0,4,0,1.0000,264,0.004103,,-1,button,1,29,29,0,4,0,1.0000,264,0.003524,-1,,button,1,29,29,0,4,0,1.0000,264,1.588225,13,13,29,0,0,0,0.4,risk_path,4,Bot1|Bot2|Bot3|Bot4,,1,0
354,0.70,75,440,4123683559,484405637,3632,0.645689,495,1346,35-23,17-71,73-61,72,66,80,76,106,66,0,0,1,72,1,72,127,1,72,55,1,button,1,72,72,0,46,0,1.0000,945,0.008510,-1,-1,button,1,72,72,0,46,0,1.0000,945,0.028071,,-1,button,1,72,72,0,46,0,1.0000,945,0.037024,-1,,button,1,72,72,0,46,0,1.0000,945,7.667003,-1,-1,72,0,0,0,0.4,risk_path,4,Bot1|Bot2|Bot3|Bot4,,1,0
355,0.70,75,440,2102547529,3795932170,3646,0.648178,505,1407,50-36,69-58,9-56,41,41,71,61,84,62,0,0,1,41,1,41,108,1,41,67,1,button,1,41,41,0,67,0,1.0000,587,0.002741,-1,-1,button,1,41,41,0,67,0,1.0000,587,0.006194,,-1,button,1,41,41,0,67,0,1.0000,587,0.009875,-1,,button,1,41,41,0,67,0,1.0000,587,2.762664,22,22,41,0,0,0,0.4,risk_path,4,Bot1|Bot2|Bot3|Bot4,,1,0
356,0.70,75,440,1989372477,1712784801,3669,0.652267,524,1424,21-34,59-12,66-55,66,60,78,66,60,50,1,0,1,66,0,,85,1,66,19,1,button,1,66,66,0,19,0,1.0000,1183,0.009513,-1,-1,button,1,66,66,0,19,0,1.0000,1183,0.021522,,-1,button,1,66,66,0,19,0,1.0000,1183,0.034046,-1,,button,1,66,66,0,19,0,1.0000,1183,6.798716,1,1,66,0,0,0,0.4,risk_path,4,Bot1|Bot2|Bot3|Bot4,,1,0
357,0.70,75,440,3146175691,832631895,3635,0.646222,504,1390,18-0,68-9,10-61,87,59,87,69,126,110,0,0,1,87,1,87,159,1,87,72,1,button,1,87,87,0,66,0,1.0000,1772,0.019055,-1,-1,button,1,87,87,0,66,0,1.0000,1772,0.056375,,-1,button,1,87,87,0,66,0,1.0000,1772,0.080982,-1,,button,1,87,87,0,66,0,1.0000,1772,9.166777,2,2,87,0,0,0,0.4,risk_path,4,Bot1|Bot2|Bot3|Bot4,,1,0
358,0.70,75,440,619419441,2208452547,3652,0.649244,505,1413,54-66,47-12,11-43,71,61,70,66,77,67,0,0,1,71,1,71,106,1,71,35,1,button,1,71,71,0,26,0,1.0000,1576,0.014227,-1,-1,button,1,71,71,0,26,0,1.0000,1576,0.025224,,-1,button,1,71,71,0,26,0,1.0000,1576,0.051353,-1,,button,1,71,71,0,26,0,1.0000,1576,6.872795,-1,-1,71,0,0,0,0.4,risk_path,4,Bot1|Bot2|Bot3|Bot4,,1,0
359,0.70,75,440,1223795627,3036548846,3649,0.648711,506,1394,57-7,12-54,8-43,92,92,87,85,21,15,1,0,1,92,0,,25,0,,,0,walked_into_fire,0,48,48,0,-22,44,0.5217,,0.004157,26,26,fire_reached_bot,0,79,25,54,-53,67,0.2717,,0.235031,,-1,fire_reached_bot,0,79,25,54,-53,67,0.2717,,0.504235,-1,,fire_reached_bot,0,79,25,54,-53,67,0.2717,,5.469252,-1,-1,79,0,25,54,,no_path,0,,Bot1|Bot2|Bot3|Bot4,0,1
360,0.70,75,440,579359964,1186995808,3635,0.646222,507,1379,22-42,54-3,35-52,77,71,23,23,78,68,0,0,1,77,1,77,105,1,77,28,1,button,1,77,77,0,6,0,1.0000,2316,0.022202,-1,-1,button,1,77,77,0,6,0,1.0000,2316,0.034179,,-1,button,1,77,77,0,6,0,1.0000,2316,0.058154,-1,,button,1,77,77,0,6,0,1.0000,2316,6.780206,21,21,77,0,0,0,0.4,risk_path,4,Bot1|Bot2|Bot3|Bot4,,1,0
361,0.70,75,440,2365814492,1911836688,3652,0.649244,497,1410,17-70,13-44,49-34,44,30,72,68,52,46,0,0,1,44,1,44,74,1,44,30,1,button,1,44,44,0,23,0,1.0000,764,0.005319,-1,-1,button,1,44,44,0,23,0,1.0000,764,0.008916,,-1,button,1,44,44,0,23,0,1.0000,764,0.012851,-1,,button,1,44,44,0,23,0,1.0000,764,3.054581,-1,-1,44,0,0,0,0.4,risk_path,4,Bot1|Bot2|Bot3|Bot4,,1,0
362,0.70,75,440,1556033072,2435529583,3641,0.647289,503,1362,41-9,37-54,29-58,73,49,81,61,12,12,1,0,1,73,0,,13,0,,,0,walked_into_fire,0,47,47,0,-33,26,0.6438,,0.006933,14,14,fire_reached_bot,0,88,13,75,-74,60,0.1781,,0.302978,,-1,fire_reached_bot,0,88,13,75,-74,60,0.1781,,0.617916,-1,,fire_reached_bot,0,88,13,75,-74,60,0.1781,,2.694828,-1,-1,88,0,13,75,,no_path,0,,Bot1|Bot2|Bot3|Bot4,0,1
363,0.70,75,440,4172303545,2847709414,3659,0.650489,521,1372,18-5,16-3,65-55,4,4,97,97,101,101,0,0,1,4,1,4,133,1,4,129,1,button,1,4,4,0,126,0,1.0000,6,0.000061,-1,-1,button,1,4,4,0,126,0,1.0000,6,0.000111,,-1,button,1,4,4,0,126,0,1.0000,6,0.000111,-1,,button,1,4,4,0,126,0,1.0000,6,0.092883,-1,-1,4,0,0,0,0.4,risk_path,4,Bot1|Bot2|Bot3|Bot4,,1,0
364,0.70,75,440,2579275816,973970230,3634,0.646044,504,1359,6-44,19-58,62-43,33,27,91,57,60,58,0,0,1,33,1,33,90,1,33,57,1,button,1,33,33,0,56,0,1.0000,468,0.002241,-1,-1,button,1,33,33,0,56,0,1.0000,468,0.003537,,-1,button,1,33,33,0,56,0,1.0000,468,0.005624,-1,,button,1,33,33,0,56,0,1.0000,468,1.851803,10,10,33,0,0,0,0.4,risk_path,4,Bot1|Bot2|Bot3|Bot4,,1,0
365,0.70,75,440,1952802954,979129697,3639,0.646933,509,1412,74-40,7-52,23-65,93,79,90,76,39,29,1,0,1,93,0,,47,0,,,0,fire_reached_bot,0,54,54,0,-6,39,0.5806,,0.008058,46,46,fire_reached_bot,0,61,47,14,-13,46,0.5054,,0.094687,,-1,fire_reached_bot,0,61,47,14,-13,46,0.5054,,0.167735,-1,,fire_reached_bot,0,61,47,14,-13,46,0.5054,,8.749936,-1,-1,61,0,47,14,,no_path,0,,Bot1|Bot2|Bot3|Bot4,0,1
366,0.70,75,440,3081393282,309076382,3638,0.646756,493,1349,36-74,8-31,36-50,71,71,36,24,47,47,1,0,1,71,0,,63,0,,,0,fire_reached_bot,0,24,24,0,0,47,0.3380,192,0.001139,23,22,fire_reached_bot,0,38,37,1,0,60,0.1549,527,0.019600,,22,fire_reached_bot,0,38,37,1,0,60,0.1549,527,0.023167,22,,fire_reached_bot,0,38,37,1,0,60,0.1549,527,5.894709,-1,22,38,0,37,1,,no_path,0,,Bot1|Bot2|Bot3|Bot4,0,1
367,0.70,75,440,3151380601,1716409728,3657,0.650133,505,1413,67-49,55-9,62-54,58,52,10,10,66,52,0,0,1,58,1,58,83,1,58,25,1,button,1,58,58,0,12,0,1.0000,1095,0.010277,-1,-1,button,1,58,58,0,12,0,1.0000,1095,0.015662,,-1,button,1,58,58,0,12,0,1.0000,1095,0.026963,-1,,button,1,58,58,0,12,0,1.0000,1095,5.123934,50,50,58,0,0,0,0.4,risk_path,4,Bot1|Bot2|Bot3|Bot4,,1,0
368,0.70,75,440,2032139050,1891626865,3643,0.647644,499,1406,56-19,54-8,30-48,15,13,57,55,66,64,0,0,1,15,1,15,84,1,15,69,1,button,1,15,15,0,68,0,1.0000,51,0.000296,-1,-1,button,1,15,15,0,68,0,1.0000,51,0.000643,,-1,button,1,15,15,0,68,0,1.0000,51,0.001063,-1,,button,1,15,15,0,68,0,1.0000,51,0.440920,-1,-1,15,0,0,0,0.4,risk_path,4,Bot1|Bot2|Bot3|Bot4,,1,0
369,0.70,75,440,737645428,557148272,3635,0.646222,500,1363,5-39,12-37,1-60,21,9,31,25,40,34,0,0,1,21,1,21,54,1,21,33,1,button,1,21,21,0,33,0,1.0000,58,0.000379,-1,-1,button,1,21,21,0,33,0,1.0000,58,0.001262,,-1,button,1,21,21,0,33,0,1.0000,58,0.001596,-1,,button,1,21,21,0,33,0,1.0000,58,0.862407,-1,-1,21,0,0,0,0.4,risk_path,4,Bot1|Bot2|Bot3|Bot4,,1,0
370,0.70,75,440,2602577069,3193247753,3645,0.648000,514,1391,69-45,24-59,39-7,83,59,82,68,87,67,0,0,1,83,1,83,111,1,83,28,1,button,1,83,83,0,26,0,1.0000,1947,0.017615,-1,-1,button,1,83,83,0,26,0,1.0000,1947,0.055495,,-1,button,1,83,83,0,26,0,1.0000,1947,0.077091,-1,,button,1,83,83,0,26,0,1.0000,1947,8.681801,-1,-1,83,0,0,0,0.4,risk_path,4,Bot1|Bot2|Bot3|Bot4,,1,0
371,0.70,75,440,1923164207,2685547185,3651,0.649067,505,1395,63-72,66-47,73-55,48,28,33,27,33,15,1,0,1,48,0,,48,0,,,0,fire_reached_bot,0,17,17,0,0,31,0.3542,70,0.000768,17,17,fire_reached_bot,0,19,19,0,0,29,0.3958,79,0.006377,,19,fire_reached_bot,0,42,39,3,0,51,-0.0625,389,0.062592,19,,fire_reached_bot,0,19,19,0,0,29,0.3958,79,2.435228,-1,19,19,0,19,0,,shortest_path_fallback,0,,Bot1|Bot2|Bot3|Bot4,0,1
372,0.70,75,440,3064658255,2591067856,3624,0.644267,503,1380,5-60,53-71,10-3,73,59,94,62,119,111,0,0,1,73,1,73,154,1,73,81,1,button,1,73,73,0,80,0,1.0000,853,0.008715,-1,-1,button,1,73,73,0,80,0,1.0000,853,0.022075,,-1,button,1,73,73,0,80,0,1.0000,853,0.031288,-1,,button,1,73,73,0,80,0,1.0000,853,7.885490,6,6,73,0,0,0,0.4,risk_path,4,Bot1|Bot2|Bot3|Bot4,,1,0
373,0.70,75,440,1154147649,4041770858,3645,0.648000,489,1406,62-19,40-29,24-69,34,32,106,88,72,56,0,0,1,34,1,34,98,1,34,64,1,button,1,34,34,0,64,0,1.0000,289,0.001370,-1,-1,button,1,34,34,0,64,0,1.0000,289,0.003500,,-1,button,1,34,34,0,64,0,1.0000,289,0.004807,-1,,button,1,34,34,0,64,0,1.0000,289,2.004179,-1,-1,34,0,0,0,0.4,risk_path,4,Bot1|Bot2|Bot3|Bot4,,1,0
374,0.70,75,440,1357385445,1134208027,3666,0.651733,513,1413,25-51,39-21,30-57,60,44,11,11,65,45,0,0,1,60,1,60,87,1,60,27,1,button,1,60,60,0,6,0,1.0000,1420,0.010134,-1,-1,button,1,60,60,0,6,0,1.0000,1420,0.023451,,-1,button,1,60,60,0,6,0,1.0000,1420,0.034853,-1,,button,1,60,60,0,6,0,1.0000,1420,5.145583,12,12,60,0,0,0,0.4,risk_path,4,Bot1|Bot2|Bot3|Bot4,,1,0
375,0.70,75,440,560426098,1461767624,3635,0.646222,513,1396,24-1,51-60,27-31,94,86,51,33,55,53,1,0,1,94,0,,68,0,,,0,walked_into_fire,0,35,35,0,-1,59,0.3723,435,0.002341,33,33,fire_reached_bot,0,38,32,6,0,62,0.3404,567,0.018828,,-1,fire_reached_bot,0,38,32,6,0,62,0.3404,567,0.019432,-1,,fire_reached_bot,0,38,32,6,0,62,0.3404,567,4.956230,-1,-1,38,0,32,6,,no_path,0,,Bot1|Bot2|Bot3|Bot4,0,1
376,0.70,75,440,1829175360,2037474768,3618,0.643200,493,1325,46-28,2-26,69-70,64,46,67,65,119,111,0,0,1,64,1,64,150,1,64,86,1,button,1,64,64,0,74,0,1.0000,879,0.007215,-1,-1,button,1,64,64,0,74,0,1.0000,879,0.021202,,-1,button,1,64,64,0,74,0,1.0000,879,0.032198,-1,,button,1,64,64,0,74,0,1.0000,879,5.692565,-1,-1,64,0,0,0,0.4,risk_path,4,Bot1|Bot2|Bot3|Bot4,,1,0
377,0.70,75,440,3056335309,1867334455,3661,0.650844,500,1439,27-46,28-68,18-56,47,23,21,19,28,22,1,0,1,47,0,,38,0,,,0,fire_reached_bot,0,12,12,0,0,35,0.2553,50,0.000556,9,7,fire_reached_bot,0,44,38,6,-5,53,-0.1277,,0.064546,,7,fire_reached_bot,0,57,38,19,-18,41,0.1277,,0.205448,7,,fire_reached_bot,0,44,38,6,-5,53,-0.1277,,6.199960,-1,7,44,0,38,6,,no_path,0,,Bot1|Bot2|Bot3|Bot4,0,1
378,0.70,75,440,3498759806,185762425,3635,0.646222,494,1353,44-3,7-68,63-11,110,102,29,27,117,113,0,0,1,110,1,110,144,1,110,34,1,button,1,110,110,0,20,0,1.0000,2567,0.039117,-1,-1,button,1,110,110,0,20,0,1.0000,2567,0.087600,,-1,button,1,110,110,0,20,0,1.0000,2567,0.121793,-1,,button,1,110,110,0,20,0,1.0000,2567,12.050789,-1,-1,110,0,0,0,0.4,risk_path,4,Bot1|Bot2|Bot3|Bot4,,1,0
379,0.70,75,440,743858379,262038232,3647,0.648356,504,1394,0-72,40-37,64-54,77,75,92,82,45,41,1,0,1,77,0,,51,0,,,0,walked_into_fire,0,68,68,0,-16,9,0.8831,,0.012118,52,52,fire_reached_bot,0,61,51,10,-9,26,0.6623,,0.064230,,-1,fire_reached_bot,0,61,51,10,-9,26,0.6623,,0.110465,-1,,fire_reached_bot,0,61,51,10,-9,26,0.6623,,7.326381,-1,-1,61,0,51,10,,no_path,0,,Bot1|Bot2|Bot3|Bot4,0,1
380,0.70,75,440,3490957155,2695499596,3644,0.647822,514,1421,51-6,65-68,53-10,96,76,8,6,90,70,1,0,1,96,0,,114,1,108,6,0,fire_reached_bot,0,5,5,0,0,91,0.0521,7,0.001921,4,1,fire_reached_bot,0,25,25,0,0,81,0.1562,231,0.029743,,1,fire_reached_bot,0,37,35,2,0,73,0.2396,531,0.046971,1,,fire_reached_bot,0,25,25,0,0,81,0.1562,231,4.936111,-1,1,25,0,25,0,,shortest_path_fallback,0,,Bot1|Bot2|Bot3|Bot4,0,1
381,0.70,75,440,44469780,2130841903,3651,0.649067,517,1415,41-66,32-72,23-5,21,15,87,79,102,76,0,0,1,21,1,21,139,1,21,118,1,button,1,21,21,0,116,0,1.0000,146,0.000578,-1,-1,button,1,21,21,0,116,0,1.0000,146,0.001434,,-1,button,1,21,21,0,116,0,1.0000,146,0.001857,-1,,button,1,21,21,0,116,0,1.0000,146,0.910199,-1,-1,21,0,0,0,0.4,risk_path,4,Bot1|Bot2|Bot3|Bot4,,1,0
382,0.70,75,440,1350579762,3490582419,3658,0.650311,507,1374,20-31,25-6,46-43,44,30,48,38,76,58,0,0,1,44,1,44,98,1,44,54,1,button,1,44,44,0,47,0,1.0000,732,0.004143,-1,-1,button,1,44,44,0,47,0,1.0000,732,0.009510,,-1,button,1,44,44,0,47,0,1.0000,732,0.014745,-1,,button,1,44,44,0,47,0,1.0000,732,3.181968,1,1,44,0,0,0,0.4,risk_path,4,Bot1|Bot2|Bot3|Bot4,,1,0
383,0.70,75,440,2733807543,3538856808,3647,0.648356,506,1388,65-8,0-53,51-67,112,110,87,73,81,65,1,0,1,112,0,,108,0,,,0,walked_into_fire,0,111,111,0,-2,1,0.9911,,0.038937,109,109,fire_reached_bot,0,115,108,7,-6,4,0.9643,,0.081317,,-1,fire_reached_bot,0,115,108,7,-6,4,0.9643,,0.131179,-1,,fire_reached_bot,0,115,108,7,-6,4,0.9643,,14.207465,-1,-1,115,0,108,7,,no_path,0,,Bot1|Bot2|Bot3|Bot4,0,1
384,0.70,75,440,144857897,2449621353,3659,0.650489,507,1392,72-6,70-33,45-20,53,29,45,41,44,38,1,0,1,53,0,,57,1,53,4,1,button,1,53,53,0,2,0,1.0000,1277,0.006926,-1,-1,button,1,53,53,0,2,0,1.0000,1277,0.015072,,-1,button,1,53,53,0,2,0,1.0000,1277,0.023610,-1,,button,1,53,53,0,2,0,1.0000,1277,4.189585,35,35,53,24,25,0,0.99,risk_path,4,Bot1|Bot2|Bot3|Bot4,,1,0
385,0.70,75,440,341761630,1725134005,3609,0.641600,497,1358,46-27,19-16,34-58,54,38,61,43,73,57,0,0,1,54,1,54,99,1,54,45,1,button,1,54,54,0,45,0,1.0000,1241,0.007177,-1,-1,button,1,54,54,0,45,0,1.0000,1241,0.019884,,-1,button,1,54,54,0,45,0,1.0000,1241,0.028583,-1,,button,1,54,54,0,45,0,1.0000,1241,4.360094,5,5,54,0,0,0,0.4,risk_path,4,Bot1|Bot2|Bot3|Bot4,,1,0
386,0.70,75,440,192649057,483095820,3649,0.648711,500,1326,43-10,1-65,10-16,107,97,47,39,70,58,1,0,1,107,0,,79,0,,,0,walked_into_fire,0,36,36,0,-2,71,0.3364,571,0.003828,34,34,fire_reached_bot,0,36,36,0,0,73,0.3178,602,0.041328,,-1,fire_reached_bot,0,36,36,0,0,73,0.3178,602,0.044967,-1,,fire_reached_bot,0,36,36,0,0,73,0.3178,602,7.725208,-1,-1,36,0,36,0,,shortest_path_fallback,0,,Bot1|Bot2|Bot3|Bot4,0,1
387,0.70,75,440,3803973244,2905068052,3617,0.643022,490,1340,11-68,71-0,70-47,134,128,102,80,66,48,1,0,1,134,0,,85,0,,,0,fire_reached_bot,0,81,81,0,0,53,0.6045,1466,0.020696,78,78,fire_reached_bot,0,83,77,6,0,57,0.5746,1548,0.116084,,-1,fire_reached_bot,0,83,77,6,0,57,0.5746,1548,0.153746,-1,,fire_reached_bot,0,83,77,6,0,57,0.5746,1548,16.107326,-1,-1,83,0,77,6,,no_path,0,,Bot1|Bot2|Bot3|Bot4,0,1
388,0.70,75,440,1436060441,193209266,3627,0.644800,496,1372,62-48,62-52,65-20,10,4,53,31,57,35,0,0,1,10,1,10,70,1,10,60,1,button,1,10,10,0,58,0,1.0000,22,0.000174,-1,-1,button,1,10,10,0,58,0,1.0000,22,0.000317,,-1,button,1,10,10,0,58,0,1.0000,22,0.000335,-1,,button,1,10,10,0,58,0,1.0000,22,0.271734,-1,-1,10,0,0,0,0.4,risk_path,4,Bot1|Bot2|Bot3|Bot4,,1,0
389,0.70,75,440,3826677250,268213696,3645,0.648000,517,1385,26-31,33-32,8-53,12,8,40,40,48,46,0,0,1,12,1,12,62,1,12,50,1,button,1,12,12,0,50,0,1.0000,63,0.000275,-1,-1,button,1,12,12,0,50,0,1.0000,63,0.000462,,-1,button,1,12,12,0,50,0,1.0000,63,0.000594,-1,,button,1,12,12,0,50,0,1.0000,63,0.354675,7,7,12,0,0,0,0.4,risk_path,4,Bot1|Bot2|Bot3|Bot4,,1,0
390,0.70,75,440,1922677758,3470194275,3657,0.650133,504,1385,3-43,21-19,17-61,44,42,34,32,58,46,0,0,1,44,1,44,77,1,44,33,1,button,1,44,44,0,27,0,1.0000,731,0.005522,-1,-1,button,1,44,44,0,27,0,1.0000,731,0.007396,,-1,button,1,44,44,0,27,0,1.0000,731,0.011771,-1,,button,1,44,44,0,27,0,1.0000,731,3.407125,32,32,44,0,0,0,0.4,risk_path,4,Bot1|Bot2|Bot3|Bot4,,1,0
391,0.70,75,440,220974170,2519797936,3660,0.650667,503,1355,72-66,1-1,16-34,142,136,96,88,52,48,1,0,1,142,0,,66,0,,,0,fire_reached_bot,0,54,54,0,0,88,0.3803,1387,0.014056,45,45,fire_reached_bot,0,70,48,22,-3,98,0.3099,,0.120210,,-1,fire_reached_bot,0,70,48,22,-3,98,0.3099,,0.212353,-1,,fire_reached_bot,0,70,48,22,-3,98,0.3099,,10.448310,-1,-1,70,0,48,22,,no_path,0,,Bot1|Bot2|Bot3|Bot4,0,1
392,0.70,75,440,311089741,15779671,3622,0.643911,498,1359,62-59,70-45,20-52,24,22,73,49,71,57,0,0,1,24,1,24,98,1,24,74,1,button,1,24,24,0,74,0,1.0000,188,0.001101,-1,-1,button,1,24,24,0,74,0,1.0000,188,0.001596,,-1,button,1,24,24,0,74,0,1.0000,188,0.002479,-1,,button,1,24,24,0,74,0,1.0000,188,1.037585,9,9,24,0,0,0,0.4,risk_path,4,Bot1|Bot2|Bot3|Bot4,,1,0
393,0.70,75,440,3786552960,3978206707,3625,0.644444,503,1356,59-68,38-39,26-64,58,50,49,37,57,37,1,0,1,58,0,,70,1,58,12,1,button,1,58,58,0,7,0,1.0000,934,0.008113,-1,-1,button,1,58,58,0,7,0,1.0000,934,0.013670,,-1,button,1,58,58,0,7,0,1.0000,934,0.024494,-1,,button,1,58,58,0,7,0,1.0000,934,5.139069,-1,-1,58,0,0,0,0.4,risk_path,4,Bot1|Bot2|Bot3|Bot4,,1,0
394,0.70,75,440,1026823686,935493975,3622,0.643911,526,1408,70-22,67-29,30-64,16,10,88,82,76,72,0,0,1,16,1,16,97,1,16,81,1,button,1,16,16,0,81,0,1.0000,161,0.000607,-1,-1,button,1,16,16,0,81,0,1.0000,161,0.001109,,-1,button,1,16,16,0,81,0,1.0000,161,0.001738,-1,,button,1,16,16,0,81,0,1.0000,161,0.521718,-1,-1,16,0,0,0,0.4,risk_path,4,Bot1|Bot2|Bot3|Bot4,,1,0
395,0.70,75,440,3873671478,4157908143,3653,0.649422,512,1406,63-33,71-71,3-25,56,46,82,68,116,114,0,0,1,56,1,56,153,1,56,97,1,button,1,56,56,0,92,0,1.0000,911,0.008372,-1,-1,button,1,56,56,0,92,0,1.0000,911,0.013535,,-1,button,1,56,56,0,92,0,1.0000,911,0.021991,-1,,button,1,56,56,0,93,0,1.0000,911,4.766933,5,5,56,0,0,0,0.4,risk_path,4,Bot1|Bot2|Bot3|Bot4,,1,0
396,0.70,75,440,1326410439,1678133499,3636,0.646400,501,1367,2-32,60-34,74-56,78,60,104,96,40,36,1,0,1,78,0,,63,0,,,0,fire_reached_bot,0,62,62,0,0,16,0.7949,707,0.006426,59,59,fire_reached_bot,0,72,61,11,-8,21,0.7308,,0.071491,,-1,fire_reached_bot,0,72,61,11,-8,21,0.7308,,0.141385,-1,,fire_reached_bot,0,72,61,11,-8,21,0.7308,,10.111799,-1,-1,72,0,61,11,,no_path,0,,Bot1|Bot2|Bot3|Bot4,0,1
397,0.70,75,440,613184341,3716848103,3654,0.649600,506,1368,74-57,2-1,55-66,134,128,32,28,126,118,1,0,1,134,0,,165,1,134,31,0,fire_reached_bot,0,18,18,0,0,116,0.1343,136,0.004524,18,16,fire_reached_bot,0,51,47,4,0,109,0.1866,869,0.083864,,16,fire_reached_bot,0,56,53,3,0,95,0.2910,1008,0.107755,16,,button,1,134,134,0,7,0,1.0000,3427,15.282854,1,1,134,8,0,0,0.8,risk_path,1,Bot4,Bot1|Bot2|Bot3,0,0
398,0.70,75,440,140259070,1404237909,3636,0.646400,513,1339,1-48,63-13,41-37,97,97,53,51,54,46,1,0,1,97,0,,74,0,,,0,walked_into_fire,0,30,30,0,-1,67,0.3093,430,0.002925,28,28,fire_reached_bot,0,57,52,5,0,67,0.3093,1837,0.045430,,-1,fire_reached_bot,0,57,52,5,0,67,0.3093,1837,0.067547,-1,,fire_reached_bot,0,57,52,5,0,67,0.3093,1837,7.696617,-1,-1,57,0,52,5,,no_path,0,,Bot1|Bot2|Bot3|Bot4,0,1
399,0.70,75,440,1706966771,3646661798,3652,0.649244,511,1407,32-34,29-13,48-3,40,24,55,47,35,29,1,0,1,40,0,,49,1,40,9,1,button,1,40,40,0,9,0,1.0000,512,0.004159,-1,-1,button,1,40,40,0,9,0,1.0000,512,0.006841,,-1,button,1,40,40,0,9,0,1.0000,512,0.010525,-1,,button,1,40,40,0,9,0,1.0000,512,2.776540,-1,-1,40,11,0,0,0.99,risk_path,4,Bot1|Bot2|Bot3|Bot4,,1,0
400,0.70,75,440,1557608422,587872040,3654,0.649600,504,1397,49-5,1-60,36-26,109,103,40,34,73,69,1,0,1,109,0,,96,0,,,0,walked_into_fire,0,29,29,0,-1,80,0.2661,466,0.003242,26,25,fire_reached_bot,0,63,62,1,0,87,0.2018,2160,0.062887,,25,fire_reached_bot,0,65,62,3,0,85,0.2202,2280,0.092970,25,,fire_reached_bot,0,63,62,1,0,87,0.2018,2160,9.242821,-1,25,63,0,62,1,,no_path,0,,Bot1|Bot2|Bot3|Bot4,0,1
401,0.70,75,440,2000075961,2745563048,3647,0.648356,506,1360,53-41,74-15,43-8,51,47,65,43,46,38,1,0,1,51,0,,58,1,51,7,1,button,1,51,51,0,5,0,1.0000,734,0.007246,-1,-1,button,1,51,51,0,5,0,1.0000,734,0.012481,,-1,button,1,51,51,0,5,0,1.0000,734,0.018876,-1,,button,1,51,51,0,5,0,1.0000,734,4.331142,19,19,51,9,0,0,0.99,risk_path,4,Bot1|Bot2|Bot3|Bot4,,1,0
402,0.70,75,440,4291152545,2741335827,3641,0.647289,513,1401,4-47,39-45,36-43,57,37,58,36,5,5,1,0,1,57,0,,8,0,,,0,fire_reached_bot,0,35,35,0,-26,22,0.6140,,0.003755,9,9,fire_reached_bot,0,73,8,65,-64,49,0.1404,,0.243145,,-1,fire_reached_bot,0,73,8,65,-64,49,0.1404,,0.449312,-1,,fire_reached_bot,0,73,8,65,-64,49,0.1404,,1.579049,-1,-1,73,0,8,65,,no_path,0,,Bot1|Bot2|Bot3|Bot4,0,1
403,0.70,75,440,2060592027,3688875005,3646,0.648178,499,1396,8-70,21-2,51-54,107,81,71,59,86,82,1,0,1,107,0,,110,1,107,3,1,button,1,107,107,0,1,0,1.0000,3110,0.049827,-1,-1,button,1,107,107,0,1,0,1.0000,3110,0.092947,,-1,button,1,107,107,0,1,0,1.0000,3110,0.142300,-1,,button,1,107,107,0,1,0,1.0000,3110,11.342516,-1,-1,107,10,83,0,0.99,risk_path,4,Bot1|Bot2|Bot3|Bot4,,1,0
404,0.70,75,440,1918492199,551143425,3649,0.648711,506,1398,38-59,6-65,53-74,52,38,30,30,68,56,0,0,1,52,1,52,95,1,52,43,1,button,1,52,52,0,30,0,1.0000,710,0.005767,-1,-1,button,1,52,52,0,30,0,1.0000,710,0.011879,,-1,button,1,52,52,0,30,0,1.0000,710,0.016292,-1,,button,1,52,52,0,30,0,1.0000,710,4.078093,-1,-1,52,0,0,0,0.4,risk_path,4,Bot1|Bot2|Bot3|Bot4,,1,0
405,0.70,75,440,4258988007,102048511,3637,0.646578,505,1392,3-50,24-64,58-47,35,35,74,58,57,51,0,0,1,35,1,35,76,1,35,41,1,button,1,35,35,0,41,0,1.0000,519,0.002056,-1,-1,button,1,35,35,0,41,0,1.0000,519,0.004491,,-1,button,1,35,35,0,41,0,1.0000,519,0.006425,-1,,button,1,35,35,0,41,0,1.0000,519,1.909971,7,7,35,0,0,0,0.4,risk_path,4,Bot1|Bot2|Bot3|Bot4,,1,0
406,0.70,75,440,1836645683,3217807480,3644,0.647822,502,1331,0-46,40-23,63-28,79,63,105,81,32,28,1,0,1,79,0,,44,0,,,0,fire_reached_bot,0,64,64,0,-19,15,0.8101,,0.016650,45,45,fire_reached_bot,0,95,44,51,-50,35,0.5570,,0.192092,,-1,fire_reached_bot,0,95,44,51,-50,35,0.5570,,0.370692,-1,,fire_reached_bot,0,95,44,51,-50,35,0.5570,,6.820597,-1,-1,95,0,44,51,,no_path,0,,Bot1|Bot2|Bot3|Bot4,0,1
407,0.70,75,440,348380400,1235727142,3621,0.643733,502,1332,23-11,33-46,23-72,49,45,79,61,46,36,1,0,1,49,0,,67,1,49,18,1,button,1,49,49,0,18,0,1.0000,455,0.003618,-1,-1,button,1,49,49,0,18,0,1.0000,455,0.006600,,-1,button,1,49,49,0,18,0,1.0000,455,0.008710,-1,,button,1,49,49,0,18,0,1.0000,455,4.080424,15,15,49,0,0,0,0.4,risk_path,4,Bot1|Bot2|Bot3|Bot4,,1,0
408,0.70,75,440,649723473,128509568,3652,0.649244,507,1389,26-9,6-2,14-47,31,27,66,50,73,53,0,0,1,31,1,31,90,1,31,59,1,button,1,31,31,0,57,0,1.0000,345,0.001980,-1,-1,button,1,31,31,0,57,0,1.0000,345,0.003371,,-1,button,1,31,31,0,57,0,1.0000,345,0.004429,-1,,button,1,31,31,0,57,0,1.0000,345,1.699001,-1,-1,31,0,0,0,0.4,risk_path,4,Bot1|Bot2|Bot3|Bot4,,1,0
409,0.70,75,440,1213574996,1326260514,3647,0.648356,488,1368,55-57,35-55,55-12,30,22,69,45,67,63,0,0,1,30,1,30,88,1,30,58,1,button,1,30,30,0,58,0,1.0000,342,0.002282,-1,-1,button,1,30,30,0,58,0,1.0000,342,0.003945,,-1,button,1,30,30,0,58,0,1.0000,342,0.005243,-1,,button,1,30,30,0,56,0,1.0000,342,1.608773,6,6,30,0,0,0,0.4,risk_path,4,Bot1|Bot2|Bot3|Bot4,,1,0
410,0.70,75,440,399927594,1172635717,3649,0.648711,503,1395,70-34,60-58,10-58,38,34,88,84,70,50,0,0,1,38,1,38,92,1,38,54,1,button,1,38,38,0,54,0,1.0000,380,0.002155,-1,-1,button,1,38,38,0,54,0,1.0000,380,0.005132,,-1,button,1,38,38,0,54,0,1.0000,380,0.006691,-1,,button,1,38,38,0,54,0,1.0000,380,2.492154,-1,-1,38,0,0,0,0.4,risk_path,4,Bot1|Bot2|Bot3|Bot4,,1,0
411,0.70,75,440,94789281,138735109,3646,0.648178,506,1409,35-29,8-74,34-65,78,72,51,37,39,35,1,0,1,78,0,,65,0,,,0,walked_into_fire,0,44,44,0,-1,34,0.5641,848,0.004571,41,41,fire_reached_bot,0,65,53,12,0,43,0.4487,1689,0.070399,,-1,fire_reached_bot,0,65,53,12,0,43,0.4487,1689,0.126343,-1,,fire_reached_bot,0,65,53,12,0,43,0.4487,1689,7.678069,-1,-1,65,0,53,12,,no_path,0,,Bot1|Bot2|Bot3|Bot4,0,1
412,0.70,75,440,4204771711,1699448702,3649,0.648711,521,1344,25-68,64-22,8-1,101,85,108,84,83,77,1,0,1,101,0,,111,1,101,10,1,button,1,101,101,0,4,0,1.0000,1723,0.016222,-1,-1,button,1,101,101,0,4,0,1.0000,1723,0.048908,,-1,button,1,101,101,0,4,0,1.0000,1723,0.079146,-1,,button,1,101,101,0,4,0,1.0000,1723,13.872982,39,39,101,6,38,0,0.99,risk_path,4,Bot1|Bot2|Bot3|Bot4,,1,0
413,0.70,75,440,823494903,3566751827,3642,0.647467,516,1387,71-17,60-13,29-23,25,15,60,48,45,41,0,0,1,25,1,25,63,1,25,38,1,button,1,25,25,0,36,0,1.0000,280,0.000832,-1,-1,button,1,25,25,0,36,0,1.0000,280,0.001919,,-1,button,1,25,25,0,36,0,1.0000,280,0.003736,-1,,button,1,25,25,0,36,0,1.0000,280,1.141061,-1,-1,25,0,0,0,0.4,risk_path,4,Bot1|Bot2|Bot3|Bot4,,1,0
414,0.70,75,440,277766336,146189312,3644,0.647822,499,1356,58-60,40-20,62-46,72,58,22,18,64,48,1,0,1,72,0,,81,1,72,9,1,button,1,72,72,0,4,0,1.0000,1369,0.012072,-1,-1,button,1,72,72,0,4,0,1.0000,1369,0.036995,,-1,button,1,72,72,0,4,0,1.0000,1369,0.052116,-1,,button,1,72,72,0,4,0,1.0000,1369,7.576621,62,62,72,13,5,0,0.99,risk_path,4,Bot1|Bot2|Bot3|Bot4,,1,0
415,0.70,75,440,2294360336,2377130893,3660,0.650667,509,1386,42-45,54-71,24-24,44,38,39,39,83,77,0,0,1,44,1,44,112,1,44,68,1,button,1,44,44,0,61,0,1.0000,548,0.002067,-1,-1,button,1,44,44,0,61,0,1.0000,548,0.005911,,-1,button,1,44,44,0,61,0,1.0000,548,0.008061,-1,,button,1,44,44,0,61,0,1.0000,548,3.088646,11,11,44,0,0,0,0.4,risk_path,4,Bot1|Bot2|Bot3|Bot4,,1,0
416,0.70,75,440,4063297683,2159750137,3631,0.645511,496,1409,73-41,65-67,49-26,38,34,53,39,63,57,0,0,1,38,1,38,81,1,38,43,1,button,1,38,38,0,42,0,1.0000,535,0.001901,-1,-1,button,1,38,38,0,42,0,1.0000,535,0.005858,,-1,button,1,38,38,0,42,0,1.0000,535,0.007688,-1,,button,1,38,38,0,42,0,1.0000,535,2.370674,-1,-1,38,0,0,0,0.4,risk_path,4,Bot1|Bot2|Bot3|Bot4,,1,0
417,0.70,75,440,4136068613,3935871520,3621,0.643733,502,1362,57-26,62-4,25-23,29,27,53,35,62,56,0,0,1,29,1,29,81,1,29,52,1,button,1,29,29,0,48,0,1.0000,357,0.001191,-1,-1,button,1,29,29,0,48,0,1.0000,357,0.002838,,-1,button,1,29,29,0,48,0,1.0000,357,0.003987,-1,,button,1,29,29,0,48,0,1.0000,357,1.366762,23,23,29,0,0,0,0.4,risk_path,4,Bot1|Bot2|Bot3|Bot4,,1,0
418,0.70,75,440,3079297320,2426746488,3636,0.646400,501,1421,50-61,33-15,73-21,71,63,79,63,60,46,1,0,1,71,0,,85,1,71,14,1,button,1,71,71,0,14,0,1.0000,832,0.006118,-1,-1,button,1,71,71,0,14,0,1.0000,832,0.020449,,-1,button,1,71,71,0,14,0,1.0000,832,0.026620,-1,,button,1,71,71,0,14,0,1.0000,832,7.824949,-1,-1,71,8,2,0,0.99,risk_path,4,Bot1|Bot2|Bot3|Bot4,,1,0
419,0.70,75,440,4257723732,3495392713,3654,0.649600,498,1377,48-73,69-49,48-45,53,45,42,28,33,25,1,0,1,53,0,,40,0,,,0,walked_into_fire,0,29,29,0,-1,24,0.5472,411,0.001855,25,25,fire_reached_bot,0,38,38,0,0,19,0.6415,806,0.015538,,38,fire_reached_bot,0,48,40,8,-7,19,0.6415,,0.032089,38,,fire_reached_bot,0,38,38,0,0,19,0.6415,806,3.691280,-1,38,38,0,38,0,,shortest_path_fallback,0,,Bot1|Bot2|Bot3|Bot4,0,1
420,0.70,75,440,4078690204,3768167155,3654,0.649600,511,1398,67-28,21-7,28-59,79,67,74,70,75,59,1,0,1,79,0,,91,1,79,12,1,button,1,79,79,0,12,0,1.0000,2051,0.019441,-1,-1,button,1,79,79,0,12,0,1.0000,2051,0.052078,,-1,button,1,79,79,0,12,0,1.0000,2051,0.081984,-1,,button,1,79,79,0,12,0,1.0000,2051,6.896929,-1,-1,79,0,0,0,0.4,risk_path,4,Bot1|Bot2|Bot3|Bot4,,1,0
421,0.70,75,440,958537604,1453352966,3651,0.649067,500,1404,28-43,1-30,35-32,50,40,18,18,50,36,0,0,1,50,0,,62,1,50,12,1,button,1,50,50,0,9,0,1.0000,758,0.003330,-1,-1,button,1,50,50,0,9,0,1.0000,758,0.008304,,-1,button,1,50,50,0,9,0,1.0000,758,0.012197,-1,,button,1,50,50,0,9,0,1.0000,758,3.911918,-1,-1,50,0,0,0,0.4,risk_path,4,Bot1|Bot2|Bot3|Bot4,,1,0
422,0.70,75,440,2355762477,2963328483,3669,0.652267,526,1440,54-11,49-40,53-34,40,34,34,24,10,10,1,0,1,40,0,,12,0,,,0,walked_into_fire,0,20,20,0,-7,20,0.5000,,0.000599,12,12,fire_reached_bot,0,32,12,20,-19,30,0.2500,,0.108241,,-1,fire_reached_bot,0,32,12,20,-19,30,0.2500,,0.224144,-1,,fire_reached_bot,0,32,12,20,-19,30,0.2500,,2.362946,-1,-1,32,0,12,20,,no_path,0,,Bot1|Bot2|Bot3|Bot4,0,1
423,0.70,75,440,3860660340,1064690405,3656,0.649956,501,1379,41-13,19-25,56-67,36,34,91,69,81,79,0,0,1,36,1,36,107,1,36,71,1,button,1,36,36,0,68,0,1.0000,432,0.001871,-1,-1,button,1,36,36,0,68,0,1.0000,432,0.004505,,-1,button,1,36,36,0,68,0,1.0000,432,0.007384,-1,,button,1,36,36,0,68,0,1.0000,432,2.114627,-1,-1,36,0,0,0,0.4,risk_path,4,Bot1|Bot2|Bot3|Bot4,,1,0
424,0.70,75,440,4240931953,1182499683,3665,0.651556,513,1403,19-9,38-33,56-58,51,43,90,86,51,43,0,0,1,51,1,51,75,1,51,24,1,button,1,51,51,0,24,0,1.0000,765,0.004403,-1,-1,button,1,51,51,0,24,0,1.0000,765,0.013533,,-1,button,1,51,51,0,24,0,1.0000,765,0.020014,-1,,button,1,51,51,0,24,0,1.0000,765,3.845711,1,1,51,0,0,0,0.4,risk_path,4,Bot1|Bot2|Bot3|Bot4,,1,0
425,0.70,75,440,2493525027,414517936,3643,0.647644,501,1383,58-63,3-72,18-64,90,64,67,41,25,23,1,0,1,90,0,,37,0,,,0,fire_reached_bot,0,37,37,0,0,53,0.4111,511,0.002867,11,10,fire_reached_bot,0,73,27,46,-35,83,0.0778,,0.235971,,10,fire_reached_bot,0,71,27,44,-33,81,0.1000,,0.475018,10,,fire_reached_bot,0,73,27,46,-35,83,0.0778,,6.588001,-1,10,73,0,27,46,,no_path,0,,Bot1|Bot2|Bot3|Bot4,0,1
426,0.70,75,440,836001522,3918252539,3632,0.645689,504,1368,22-45,44-49,26-42,34,26,7,7,29,25,1,0,1,34,0,,38,0,,,0,walked_into_fire,0,5,5,0,-1,29,0.1471,10,0.000213,5,2,fire_reached_bot,0,42,38,4,-3,36,-0.0588,,0.030271,,2,fire_reached_bot,0,47,38,9,-8,26,0.2353,,0.061412,2,,fire_reached_bot,0,42,38,4,-3,36,-0.0588,,4.126052,-1,2,42,0,38,4,,no_path,0,,Bot1|Bot2|Bot3|Bot4,0,1
427,0.70,75,440,435955948,1367064018,3647,0.648356,496,1404,47-12,21-74,60-61,96,88,70,62,82,52,1,0,1,96,0,,112,1,96,16,1,button,1,96,96,0,6,0,1.0000,2073,0.024644,-1,-1,button,1,96,96,0,6,0,1.0000,2073,0.083931,,-1,button,1,96,96,0,6,0,1.0000,2073,0.119197,-1,,button,1,98,98,0,14,0,1.0000,2139,11.611820,34,34,98,11,31,0,0.99,risk_path,4,Bot1|Bot2|Bot3|Bot4,,1,0
428,0.70,75,440,2279097245,954607641,3621,0.643733,485,1323,11-38,1-39,51-68,11,11,76,70,81,79,0,0,1,11,1,11,105,1,11,94,1,button,1,11,11,0,93,0,1.0000,46,0.000131,-1,-1,button,1,11,11,0,93,0,1.0000,46,0.000504,,-1,button,1,11,11,0,93,0,1.0000,46,0.000436,-1,,button,1,11,11,0,93,0,1.0000,46,0.279001,-1,-1,11,0,0,0,0.4,risk_path,4,Bot1|Bot2|Bot3|Bot4,,1,0
429,0.70,75,440,2932552292,18426317,3674,0.653156,511,1398,22-34,51-14,67-21,59,49,66,58,37,23,1,0,1,59,0,,52,0,,,0,fire_reached_bot,0,56,56,0,-3,3,0.9492,,0.004780,53,53,fire_reached_bot,0,61,52,9,-8,7,0.8814,,0.058659,,-1,fire_reached_bot,0,61,52,9,-8,7,0.8814,,0.121681,-1,,fire_reached_bot,0,61,52,9,-8,7,0.8814,,6.392165,-1,-1,61,0,52,9,,no_path,0,,Bot1|Bot2|Bot3|Bot4,0,1
430,0.70,75,440,2526166132,2004277368,3663,0.651200,520,1424,48-54,7-1,3-67,98,94,78,58,90,70,1,0,1,98,0,,120,1,98,22,1,button,1,98,98,0,5,0,1.0000,1694,0.018170,-1,-1,button,1,98,98,0,5,0,1.0000,1694,0.059944,,-1,button,1,98,98,0,5,0,1.0000,1694,0.096005,-1,,button,1,98,98,0,5,0,1.0000,1694,11.985040,-1,-1,98,8,0,0,0.8,risk_path,4,Bot1|Bot2|Bot3|Bot4,,1,0
431,0.70,75,440,2360711024,676293112,3646,0.648178,499,1381,49-31,9-40,65-23,57,49,28,24,81,73,0,0,1,57,1,57,120,1,57,63,1,button,1,57,57,0,29,0,1.0000,1143,0.011533,-1,-1,button,1,57,57,0,29,0,1.0000,1143,0.015395,,-1,button,1,57,57,0,29,0,1.0000,1143,0.027307,-1,,button,1,57,57,0,29,0,1.0000,1143,4.685462,-1,-1,57,0,0,0,0.4,risk_path,4,Bot1|Bot2|Bot3|Bot4,,1,0
432,0.70,75,440,1910899855,3074822446,3643,0.647644,516,1359,33-54,51-29,56-40,55,43,49,37,16,16,1,0,1,55,0,,21,0,,,0,fire_reached_bot,0,28,28,0,-6,27,0.5091,,0.003453,22,22,fire_reached_bot,0,38,21,17,-16,34,0.3818,,0.091072,,-1,fire_reached_bot,0,38,21,17,-16,34,0.3818,,0.181965,-1,,fire_reached_bot,0,38,21,17,-16,34,0.3818,,3.254820,-1,-1,38,0,21,17,,no_path,0,,Bot1|Bot2|Bot3|Bot4,0,1
433,0.70,75,440,2661614459,1963583143,3649,0.648711,498,1378,42-68,17-18,56-34,83,75,52,48,59,55,1,0,1,83,0,,84,0,,,0,fire_reached_bot,0,44,44,0,0,39,0.5301,859,0.007752,44,44,fire_reached_bot,0,47,47,0,0,42,0.4940,987,0.027703,,47,fire_reached_bot,0,50,49,1,0,44,0.4699,1133,0.037193,47,,fire_reached_bot,0,47,47,0,0,42,0.4940,987,7.000931,-1,47,47,0,47,0,,shortest_path_fallback,0,,Bot1|Bot2|Bot3|Bot4,0,1
434,0.70,75,440,3282060075,882283043,3638,0.646756,507,1363,17-63,15-48,25-14,17,17,75,57,60,44,0,0,1,17,1,17,82,1,17,65,1,button,1,17,17,0,65,0,1.0000,54,0.000347,-1,-1,button,1,17,17,0,65,0,1.0000,54,0.000643,,-1,button,1,17,17,0,65,0,1.0000,54,0.000853,-1,,button,1,17,17,0,65,0,1.0000,54,0.577702,-1,-1,17,0,0,0,0.4,risk_path,4,Bot1|Bot2|Bot3|Bot4,,1,0
435,0.70,75,440,3996130700,1346204788,3641,0.647289,510,1369,33-13,9-17,51-33,36,28,48,38,72,58,0,0,1,36,1,36,92,1,36,56,1,button,1,36,36,0,48,0,1.0000,653,0.004140,-1,-1,button,1,36,36,0,48,0,1.0000,653,0.005913,,-1,button,1,36,36,0,48,0,1.0000,653,0.008939,-1,,button,1,36,36,0,48,0,1.0000,653,2.171617,-1,-1,36,0,0,0,0.4,risk_path,4,Bot1|Bot2|Bot3|Bot4,,1,0
436,0.70,75,440,836374606,2519469390,3644,0.647822,514,1410,66-40,20-42,12-26,64,48,78,68,26,24,1,0,1,64,0,,33,0,,,0,fire_reached_bot,0,51,51,0,-17,13,0.7969,,0.006769,34,34,fire_reached_bot,0,69,33,36,-35,31,0.5156,,0.153014,,-1,fire_reached_bot,0,69,33,36,-35,31,0.5156,,0.321214,-1,,fire_reached_bot,0,69,33,36,-35,31,0.5156,,5.258978,-1,-1,69,0,33,36,,no_path,0,,Bot1|Bot2|Bot3|Bot4,0,1
437,0.70,75,440,3431814037,2475972391,3665,0.651556,509,1430,18-47,46-36,51-30,43,39,54,50,11,11,1,0,1,43,0,,16,0,,,0,walked_into_fire,0,31,31,0,-14,12,0.7209,,0.001944,17,17,fire_reached_bot,0,49,16,33,-32,27,0.3721,,0.145913,,-1,fire_reached_bot,0,49,16,33,-32,27,0.3721,,0.295513,-1,,fire_reached_bot,0,49,16,33,-32,27,0.3721,,1.940179,-1,-1,49,0,16,33,,no_path,0,,Bot1|Bot2|Bot3|Bot4,0,1
438,0.70,75,440,1717278258,3909387573,3628,0.644978,489,1365,62-2,11-7,19-66,66,56,109,107,83,67,0,0,1,66,1,66,113,1,66,47,1,button,1,66,66,0,45,0,1.0000,1204,0.012796,-1,-1,button,1,66,66,0,45,0,1.0000,1204,0.020248,,-1,button,1,66,66,0,45,0,1.0000,1204,0.035468,-1,,button,1,66,66,0,45,0,1.0000,1204,5.758620,-1,-1,66,0,0,0,0.4,risk_path,4,Bot1|Bot2|Bot3|Bot4,,1,0
439,0.70,75,440,601328095,3338845994,3660,0.650667,513,1409,49-10,22-21,7-64,58,38,102,96,64,58,0,0,1,58,1,58,86,1,58,28,1,button,1,58,58,0,28,0,1.0000,647,0.004781,-1,-1,button,1,58,58,0,28,0,1.0000,647,0.021278,,-1,button,1,58,58,0,28,0,1.0000,647,0.027095,-1,,button,1,58,58,0,28,0,1.0000,647,5.362017,-1,-1,58,0,0,0,0.4,risk_path,4,Bot1|Bot2|Bot3|Bot4,,1,0
440,0.70,75,440,2216123474,76203067,3642,0.647467,521,1396,71-40,18-70,58-46,91,83,25,19,66,64,1,0,1,91,0,,102,0,,,0,walked_into_fire,0,14,14,0,-1,77,0.1538,89,0.001157,13,13,fire_reached_bot,0,15,15,0,0,78,0.1429,120,0.010220,,-1,fire_reached_bot,0,15,15,0,0,78,0.1429,120,0.012711,-1,,fire_reached_bot,0,15,15,0,0,78,0.1429,120,3.133192,-1,-1,15,0,15,0,,shortest_path_fallback,0,,Bot1|Bot2|Bot3|Bot4,0,1
441,0.70,75,440,2952930947,3442715,3633,0.645867,493,1336,34-33,4-65,13-73,70,62,69,61,21,17,1,0,1,70,0,,33,0,,,0,walked_into_fire,0,44,44,0,-10,26,0.6286,,0.002410,33,33,fire_reached_bot,0,54,32,22,-20,38,0.4571,,0.124329,,-1,fire_reached_bot,0,54,32,22,-20,38,0.4571,,0.247009,-1,,fire_reached_bot,0,54,32,22,-20,38,0.4571,,6.308918,-1,-1,54,0,32,22,,no_path,0,,Bot1|Bot2|Bot3|Bot4,0,1
442,0.70,75,440,954329560,321467233,3659,0.650489,499,1374,67-24,7-24,36-66,86,60,77,73,75,71,1,0,1,86,0,,101,1,86,15,1,button,1,86,86,0,15,0,1.0000,2061,0.018757,-1,-1,button,1,86,86,0,15,0,1.0000,2061,0.059485,,-1,button,1,86,86,0,15,0,1.0000,2061,0.069030,-1,,button,1,86,86,0,15,0,1.0000,2061,9.912732,-1,-1,86,15,25,0,0.99,risk_path,4,Bot1|Bot2|Bot3|Bot4,,1,0
443,0.70,75,440,2194090034,1836282544,3620,0.643556,485,1382,59-51,66-29,6-24,39,29,88,80,83,65,0,0,1,39,1,39,107,1,39,68,1,button,1,39,39,0,67,0,1.0000,387,0.001803,-1,-1,button,1,39,39,0,67,0,1.0000,387,0.006073,,-1,button,1,39,39,0,67,0,1.0000,387,0.007730,-1,,button,1,39,39,0,67,0,1.0000,387,2.666614,27,27,39,0,0,0,0.4,risk_path,4,Bot1|Bot2|Bot3|Bot4,,1,0
444,0.70,75,440,99980322,3105913063,3629,0.645156,499,1364,32-3,62-72,50-46,109,99,71,61,52,38,1,0,1,109,0,,68,0,,,0,fire_reached_bot,0,40,40,0,0,69,0.3670,562,0.003565,35,35,fire_reached_bot,0,61,54,7,0,85,0.2202,1414,0.103108,,-1,fire_reached_bot,0,61,54,7,0,85,0.2202,1414,0.141979,-1,,fire_reached_bot,0,61,54,7,0,85,0.2202,1414,9.926781,-1,-1,61,0,54,7,,no_path,0,,Bot1|Bot2|Bot3|Bot4,0,1
445,0.70,75,440,4143197766,1623788008,3645,0.648000,506,1364,60-66,70-44,12-31,34,32,91,83,97,71,0,0,1,34,1,34,121,1,34,87,1,button,1,34,34,0,85,0,1.0000,421,0.001536,-1,-1,button,1,34,34,0,85,0,1.0000,421,0.003794,,-1,button,1,34,34,0,85,0,1.0000,421,0.005104,-1,,button,1,34,34,0,85,0,1.0000,421,2.000589,13,13,34,0,0,0,0.4,risk_path,4,Bot1|Bot2|Bot3|Bot4,,1,0
446,0.70,75,440,846446360,2130916755,3634,0.646044,496,1358,39-19,71-58,53-21,79,71,24,16,73,55,1,0,1,79,0,,89,1,79,10,1,button,1,79,79,0,1,0,1.0000,2092,0.019367,-1,-1,button,1,79,79,0,1,0,1.0000,2092,0.074333,,-1,button,1,79,79,0,1,0,1.0000,2092,0.081062,-1,,button,1,79,79,0,1,0,1.0000,2092,7.470011,32,32,79,2,0,0,0.6,risk_path,4,Bot1|Bot2|Bot3|Bot4,,1,0
447,0.70,75,440,779460035,79676451,3647,0.648356,502,1429,35-37,33-67,8-44,46,32,60,34,56,48,0,0,1,46,1,46,78,1,46,32,1,button,1,46,46,0,32,0,1.0000,589,0.003063,-1,-1,button,1,46,46,0,32,0,1.0000,589,0.011920,,-1,button,1,46,46,0,32,0,1.0000,589,0.012132,-1,,button,1,46,46,0,32,0,1.0000,589,3.394207,-1,-1,46,0,0,0,0.4,risk_path,4,Bot1|Bot2|Bot3|Bot4,,1,0
448,0.70,75,440,1123366057,3344577641,3660,0.650667,494,1419,30-32,27-34,73-46,11,5,79,57,84,58,0,0,1,11,1,11,101,1,11,90,1,button,1,11,11,0,88,0,1.0000,28,0.000137,-1,-1,button,1,11,11,0,88,0,1.0000,28,0.000589,,-1,button,1,11,11,0,88,0,1.0000,28,0.000456,-1,,button,1,11,11,0,88,0,1.0000,28,0.295679,-1,-1,11,0,0,0,0.4,risk_path,4,Bot1|Bot2|Bot3|Bot4,,1,0
449,0.70,75,440,2060266283,3682968219,3648,0.648533,502,1416,66-6,7-5,44-56,86,60,86,72,98,88,0,0,1,86,1,86,125,1,86,39,1,button,1,86,86,0,38,0,1.0000,2180,0.024032,-1,-1,button,1,86,86,0,38,0,1.0000,2180,0.047481,,-1,button,1,86,86,0,38,0,1.0000,2180,0.072959,-1,,button,1,86,86,0,38,0,1.0000,2180,7.835251,-1,-1,86,0,0,0,0.4,risk_path,4,Bot1|Bot2|Bot3|Bot4,,1,0
450,0.70,75,440,3271714734,783943413,3641,0.647289,494,1354,33-11,36-11,36-6,3,3,8,8,5,5,0,0,1,3,1,3,5,1,3,2,1,button,1,3,3,0,2,0,1.0000,4,0.000065,-1,-1,button,1,3,3,0,2,0,1.0000,4,0.000081,,-1,button,1,3,3,0,2,0,1.0000,4,0.000103,-1,,button,1,3,3,0,2,0,1.0000,4,0.055319,-1,-1,3,0,0,0,0.4,risk_path,4,Bot1|Bot2|Bot3|Bot4,,1,0
451,0.70,75,440,1682450521,2218722123,3650,0.648889,500,1388,63-74,74-28,41-74,67,57,62,22,85,79,0,0,1,67,1,67,123,1,67,56,1,button,1,67,67,0,48,0,1.0000,843,0.005495,-1,-1,button,1,67,67,0,48,0,1.0000,843,0.015207,,-1,button,1,67,67,0,48,0,1.0000,843,0.024178,-1,,button,1,67,67,0,48,0,1.0000,843,7.200275,42,42,67,0,0,0,0.4,risk_path,4,Bot1|Bot2|Bot3|Bot4,,1,0
452,0.70,75,440,4253021220,2834508363,3667,0.651911,506,1400,26-8,16-57,57-74,77,59,103,97,70,58,1,0,1,77,0,,92,1,77,15,1,button,1,77,77,0,15,0,1.0000,1270,0.016572,-1,-1,button,1,77,77,0,15,0,1.0000,1270,0.043004,,-1,button,1,77,77,0,15,0,1.0000,1270,0.056172,-1,,button,1,77,77,0,15,0,1.0000,1270,7.957963,1,1,77,6,0,0,0.8,risk_path,4,Bot1|Bot2|Bot3|Bot4,,1,0
453,0.70,75,440,2952658635,970395582,3617,0.643022,500,1329,73-24,20-35,66-32,74,64,55,15,63,49,1,0,1,74,0,,82,1,74,8,1,button,1,74,74,0,4,0,1.0000,1226,0.012663,-1,-1,button,1,74,74,0,4,0,1.0000,1226,0.033230,,-1,button,1,74,74,0,4,0,1.0000,1226,0.035269,-1,,button,1,74,74,0,4,0,1.0000,1226,7.853884,-1,-1,74,2,23,0,0.99,risk_path,4,Bot1|Bot2|Bot3|Bot4,,1,0
454,0.70,75,440,473146384,3945293444,3628,0.644978,501,1342,49-65,65-42,31-59,53,39,28,24,65,51,0,0,1,53,1,53,84,1,53,31,1,button,1,53,53,0,23,0,1.0000,1188,0.010182,-1,-1,button,1,53,53,0,23,0,1.0000,1188,0.016707,,-1,button,1,53,53,0,23,0,1.0000,1188,0.023324,-1,,button,1,53,53,0,23,0,1.0000,1188,3.949530,24,24,53,0,0,0,0.4,risk_path,4,Bot1|Bot2|Bot3|Bot4,,1,0
455,0.70,75,440,2903495406,1402952168,3639,0.646933,510,1381,26-31,73-0,14-53,80,78,44,34,112,112,0,0,1,80,1,80,149,1,80,69,1,button,1,80,80,0,56,0,1.0000,1943,0.019164,-1,-1,button,1,80,80,0,56,0,1.0000,1943,0.042732,,-1,button,1,80,80,0,56,0,1.0000,1943,0.069311,-1,,button,1,80,80,0,56,0,1.0000,1943,7.691988,37,37,80,0,0,0,0.4,risk_path,4,Bot1|Bot2|Bot3|Bot4,,1,0
456,0.70,75,440,1612596313,1606830779,3651,0.649067,494,1390,61-73,9-34,31-53,97,91,56,50,41,41,1,0,1,97,0,,50,0,,,0,walked_into_fire,0,35,35,0,-1,62,0.3608,509,0.003834,33,33,fire_reached_bot,0,45,45,0,0,54,0.4433,984,0.034075,,43,fire_reached_bot,0,51,50,1,0,59,0.3918,,0.065795,43,,fire_reached_bot,0,45,45,0,0,54,0.4433,984,7.214110,-1,43,45,0,45,0,,shortest_path_fallback,0,,Bot1|Bot2|Bot3|Bot4,0,1
457,0.70,75,440,2590130515,196957734,3647,0.648356,507,1384,54-67,36-66,67-8,27,19,114,72,103,89,0,0,1,27,1,27,136,1,27,109,1,button,1,27,27,0,109,0,1.0000,191,0.001423,-1,-1,button,1,27,27,0,109,0,1.0000,191,0.002432,,-1,button,1,27,27,0,109,0,1.0000,191,0.003234,-1,,button,1,27,27,0,109,0,1.0000,191,1.342091,6,6,27,0,0,0,0.4,risk_path,4,Bot1|Bot2|Bot3|Bot4,,1,0
458,0.70,75,440,3410208556,1748041653,3630,0.645333,504,1401,43-42,53-52,35-68,20,20,44,34,38,34,0,0,1,20,1,20,52,1,20,32,1,button,1,20,20,0,32,0,1.0000,173,0.000831,-1,-1,button,1,20,20,0,32,0,1.0000,173,0.001149,,-1,button,1,20,20,0,32,0,1.0000,173,0.001622,-1,,button,1,20,20,0,32,0,1.0000,173,0.788017,1,1,20,0,0,0,0.4,risk_path,4,Bot1|Bot2|Bot3|Bot4,,1,0
459,0.70,75,440,1944609791,705594675,3674,0.653156,521,1406,73-3,42-69,11-71,103,97,132,130,43,33,1,0,1,103,0,,60,0,,,0,walked_into_fire,0,85,85,0,-24,18,0.8252,,0.021347,61,61,fire_reached_bot,0,102,60,42,-41,43,0.5825,,0.231804,,-1,fire_reached_bot,0,102,60,42,-41,43,0.5825,,0.425791,-1,,fire_reached_bot,0,102,60,42,-41,43,0.5825,,11.734792,-1,-1,102,0,60,42,,no_path,0,,Bot1|Bot2|Bot3|Bot4,0,1
460,0.70,75,440,3380480183,1588023217,3661,0.650844,511,1422,4-70,35-43,9-64,60,58,11,11,49,47,1,0,1,60,0,,65,0,,,0,walked_into_fire,0,10,10,0,-1,50,0.1667,51,0.000960,8,8,fire_reached_bot,0,41,40,1,0,42,0.3000,490,0.013717,,-1,fire_reached_bot,0,41,40,1,0,42,0.3000,490,0.016827,-1,,fire_reached_bot,0,41,40,1,0,42,0.3000,490,5.781598,-1,-1,41,0,40,1,,no_path,0,,Bot1|Bot2|Bot3|Bot4,0,1
461,0.70,75,440,545968031,3785375886,3639,0.646933,498,1365,43-6,61-58,1-42,76,70,84,78,86,76,0,0,1,76,1,76,108,1,76,32,1,button,1,76,76,0,26,0,1.0000,1388,0.012998,-1,-1,button,1,76,76,0,26,0,1.0000,1388,0.031643,,-1,button,1,76,76,0,26,0,1.0000,1388,0.048247,-1,,button,1,76,76,0,26,0,1.0000,1388,8.149199,43,43,76,0,0,0,0.4,risk_path,4,Bot1|Bot2|Bot3|Bot4,,1,0
462,0.70,75,440,3450460134,238140626,3636,0.646400,504,1363,56-10,14-8,20-65,68,44,93,91,83,63,0,0,1,68,1,68,111,1,68,43,1,button,1,68,68,0,43,0,1.0000,1326,0.013157,-1,-1,button,1,68,68,0,43,0,1.0000,1326,0.020860,,-1,button,1,68,68,0,43,0,1.0000,1326,0.038063,-1,,button,1,68,68,0,43,0,1.0000,1326,6.288961,-1,-1,68,0,0,0,0.4,risk_path,4,Bot1|Bot2|Bot3|Bot4,,1,0
463,0.70,75,440,1149964191,3065534945,3643,0.647644,509,1362,40-25,17-31,0-32,35,29,63,47,36,18,0,0,1,35,1,35,50,1,35,15,1,button,1,35,35,0,15,0,1.0000,241,0.001984,-1,-1,button,1,35,35,0,15,0,1.0000,241,0.003581,,-1,button,1,35,35,0,15,0,1.0000,241,0.007044,-1,,button,1,35,35,0,15,0,1.0000,241,2.047526,2,2,35,0,0,0,0.4,risk_path,4,Bot1|Bot2|Bot3|Bot4,,1,0
464,0.70,75,440,2588932194,3317267967,3638,0.646756,502,1370,62-19,40-53,74-66,68,56,83,59,61,47,1,0,1,68,0,,80,1,68,12,1,button,1,68,68,0,12,0,1.0000,492,0.005707,-1,-1,button,1,68,68,0,12,0,1.0000,492,0.019772,,-1,button,1,68,68,0,12,0,1.0000,492,0.023771,-1,,button,1,68,68,0,12,0,1.0000,492,7.073172,-1,-1,68,3,0,0,0.6,risk_path,4,Bot1|Bot2|Bot3|Bot4,,1,0
465,0.70,75,440,283204915,3485829726,3629,0.645156,508,1367,64-59,65-68,21-63,12,10,71,47,71,49,0,0,1,12,1,12,89,1,12,77,1,button,1,12,12,0,76,0,1.0000,37,0.000219,-1,-1,button,1,12,12,0,76,0,1.0000,37,0.000395,,-1,button,1,12,12,0,76,0,1.0000,37,0.000433,-1,,button,1,12,12,0,76,0,1.0000,37,0.306980,-1,-1,12,0,0,0,0.4,risk_path,4,Bot1|Bot2|Bot3|Bot4,,1,0
466,0.70,75,440,519884690,3415390693,3660,0.650667,498,1397,42-44,2-19,17-64,65,65,47,45,82,60,0,0,1,65,1,65,100,1,65,35,1,button,1,65,65,0,29,0,1.0000,1252,0.013152,-1,-1,button,1,65,65,0,29,0,1.0000,1252,0.021293,,-1,button,1,65,65,0,29,0,1.0000,1252,0.032241,-1,,button,1,65,65,0,29,0,1.0000,1252,5.390520,-1,-1,65,0,0,0,0.4,risk_path,4,Bot1|Bot2|Bot3|Bot4,,1,0
467,0.70,75,440,3826963234,2865125719,3651,0.649067,514,1442,46-13,18-38,44-2,53,53,13,13,62,62,0,0,1,53,1,53,87,1,53,34,1,button,1,53,53,0,19,0,1.0000,686,0.003561,-1,-1,button,1,53,53,0,19,0,1.0000,686,0.006875,,-1,button,1,53,53,0,19,0,1.0000,686,0.011188,-1,,button,1,53,53,0,19,0,1.0000,686,3.968640,-1,-1,53,0,0,0,0.4,risk_path,4,Bot1|Bot2|Bot3|Bot4,,1,0
468,0.70,75,440,4243052957,3832579543,3655,0.649778,512,1362,20-47,35-34,1-59,40,28,31,31,67,59,0,0,1,40,1,40,90,1,40,50,1,button,1,40,40,0,38,0,1.0000,335,0.001694,-1,-1,button,1,40,40,0,38,0,1.0000,335,0.006546,,-1,button,1,40,40,0,38,0,1.0000,335,0.008262,-1,,button,1,40,40,0,38,0,1.0000,335,2.649150,11,11,40,0,0,0,0.4,risk_path,4,Bot1|Bot2|Bot3|Bot4,,1,0
469,0.70,75,440,2512400746,3515949097,3651,0.649067,508,1372,72-67,69-59,59-74,27,11,22,20,29,25,0,0,1,27,1,27,42,1,27,15,1,button,1,27,27,0,7,0,1.0000,205,0.000863,-1,-1,button,1,27,27,0,7,0,1.0000,205,0.002602,,-1,button,1,27,27,0,7,0,1.0000,205,0.003401,-1,,button,1,27,27,0,7,0,1.0000,205,1.330394,-1,-1,27,0,0,0,0.4,risk_path,4,Bot1|Bot2|Bot3|Bot4,,1,0
470,0.70,75,440,3413718978,1893227172,3673,0.652978,501,1432,59-29,30-55,41-69,67,55,72,58,33,25,1,0,1,67,0,,47,0,,,0,walked_into_fire,0,48,48,0,-1,19,0.7164,583,0.003697,38,37,fire_reached_bot,0,66,44,22,-18,35,0.4776,,0.111620,,37,fire_reached_bot,0,66,44,22,-18,35,0.4776,,0.240546,37,,fire_reached_bot,0,66,44,22,-18,35,0.4776,,7.117314,-1,37,66,0,44,22,,no_path,0,,Bot1|Bot2|Bot3|Bot4,0,1
471,0.70,75,440,503817407,3717343413,3672,0.652800,514,1425,13-45,72-30,24-35,84,74,23,21,75,53,1,0,1,84,0,,101,0,,,0,fire_reached_bot,0,18,18,0,0,66,0.2143,127,0.001345,17,17,fire_reached_bot,0,40,28,12,0,62,0.2619,801,0.024830,,-1,fire_reached_bot,0,40,28,12,0,62,0.2619,801,0.026039,-1,,fire_reached_bot,0,40,28,12,0,62,0.2619,801,4.256078,-1,-1,40,0,28,12,,no_path,0,,Bot1|Bot2|Bot3|Bot4,0,1
472,0.70,75,440,2819638129,3975689994,3623,0.644089,510,1354,74-33,36-23,31-36,66,48,70,46,34,18,1,0,1,66,0,,44,0,,,0,walked_into_fire,0,56,56,0,-11,10,0.8485,,0.005882,45,45,fire_reached_bot,0,55,44,11,-10,22,0.6667,,0.069876,,-1,fire_reached_bot,0,55,44,11,-10,22,0.6667,,0.127688,-1,,fire_reached_bot,0,55,44,11,-10,22,0.6667,,5.618158,-1,-1,55,0,44,11,,no_path,0,,Bot1|Bot2|Bot3|Bot4,0,1
473,0.70,75,440,2272994969,415899555,3671,0.652622,516,1414,5-54,58-0,43-33,113,107,75,59,50,48,1,0,1,113,0,,63,0,,,0,fire_reached_bot,0,44,44,0,0,69,0.3894,867,0.005739,43,43,fire_reached_bot,0,60,52,8,0,81,0.2832,1651,0.082753,,-1,fire_reached_bot,0,60,52,8,0,81,0.2832,1651,0.134780,-1,,fire_reached_bot,0,60,52,8,0,81,0.2832,1651,8.697028,-1,-1,60,0,52,8,,no_path,0,,Bot1|Bot2|Bot3|Bot4,0,1
474,0.70,75,440,3800817311,3697787141,3626,0.644622,492,1343,5-7,13-60,73-20,75,61,97,81,102,100,0,0,1,75,1,75,128,1,75,53,1,button,1,75,75,0,50,0,1.0000,1158,0.011679,-1,-1,button,1,75,75,0,50,0,1.0000,1158,0.040793,,-1,button,1,75,75,0,50,0,1.0000,1158,0.049745,-1,,button,1,75,75,0,50,0,1.0000,1158,7.772740,12,12,75,0,0,0,0.4,risk_path,4,Bot1|Bot2|Bot3|Bot4,,1,0
475,0.70,75,440,3913921988,874549696,3647,0.648356,511,1362,56-1,38-43,52-0,66,60,15,5,67,57,0,0,1,66,1,66,82,1,66,16,1,button,1,66,66,0,10,0,1.0000,921,0.009157,-1,-1,button,1,66,66,0,10,0,1.0000,921,0.020550,,-1,button,1,66,66,0,10,0,1.0000,921,0.033050,-1,,button,1,66,66,0,10,0,1.0000,921,6.488958,-1,-1,66,0,0,0,0.4,risk_path,4,Bot1|Bot2|Bot3|Bot4,,1,0
476,0.70,75,440,2149910873,4090412208,3621,0.643733,513,1361,26-55,26-4,18-31,83,51,34,32,49,35,1,0,1,83,0,,67,0,,,0,walked_into_fire,0,34,34,0,-1,49,0.4096,332,0.002697,33,33,fire_reached_bot,0,46,46,0,0,49,0.4096,765,0.048819,,39,fire_reached_bot,0,68,63,5,0,54,0.3494,,0.100155,39,,fire_reached_bot,0,46,46,0,0,49,0.4096,765,7.053814,-1,39,46,0,46,0,,shortest_path_fallback,0,,Bot1|Bot2|Bot3|Bot4,0,1
477,0.70,75,440,2557168548,667988557,3659,0.650489,494,1407,58-32,54-42,13-19,30,14,66,58,80,64,0,0,1,30,1,30,116,1,30,86,1,button,1,30,30,0,77,0,1.0000,316,0.001095,-1,-1,button,1,30,30,0,77,0,1.0000,316,0.004476,,-1,button,1,30,30,0,77,0,1.0000,316,0.005509,-1,,button,1,30,30,0,77,0,1.0000,316,1.599661,27,27,30,0,0,0,0.4,risk_path,4,Bot1|Bot2|Bot3|Bot4,,1,0
478,0.70,75,440,364875584,1296068607,3621,0.643733,496,1338,45-17,14-59,55-11,91,73,20,16,105,89,0,0,1,91,1,91,137,1,91,46,1,button,1,91,91,0,23,0,1.0000,2058,0.025490,-1,-1,button,1,91,91,0,23,0,1.0000,2058,0.090176,,-1,button,1,91,91,0,23,0,1.0000,2058,0.120496,-1,,button,1,91,91,0,23,0,1.0000,2058,9.230209,-1,-1,91,0,0,0,0.4,risk_path,4,Bot1|Bot2|Bot3|Bot4,,1,0
479,0.70,75,440,1145681825,3225904011,3615,0.642667,492,1333,39-32,63-60,60-51,54,52,42,40,14,12,1,0,1,54,0,,26,0,,,0,fire_reached_bot,0,28,28,0,-1,26,0.5185,,0.001523,26,26,fire_reached_bot,0,36,26,10,-9,30,0.4444,,0.058056,,-1,fire_reached_bot,0,36,26,10,-9,30,0.4444,,0.095859,-1,,fire_reached_bot,0,36,26,10,-9,30,0.4444,,3.441482,-1,-1,36,0,26,10,,no_path,0,,Bot1|Bot2|Bot3|Bot4,0,1
480,0.70,75,440,348230519,1372939948,3638,0.646756,505,1386,59-43,51-1,23-1,54,50,82,78,52,28,1,0,1,54,0,,64,1,54,10,1,button,1,54,54,0,9,0,1.0000,644,0.003869,-1,-1,button,1,54,54,0,9,0,1.0000,644,0.009558,,-1,button,1,54,54,0,9,0,1.0000,644,0.014825,-1,,button,1,54,54,0,9,0,1.0000,644,4.452783,-1,-1,54,0,0,0,0.4,risk_path,4,Bot1|Bot2|Bot3|Bot4,,1,0
481,0.70,75,440,1613761028,1186564994,3628,0.644978,490,1360,42-69,73-38,64-51,70,62,44,40,32,22,1,0,1,70,0,,42,0,,,0,fire_reached_bot,0,25,25,0,0,45,0.3571,267,0.001963,21,21,fire_reached_bot,0,43,39,4,0,41,0.4143,,0.037469,,35,fire_reached_bot,0,44,39,5,-1,41,0.4143,,0.073309,35,,fire_reached_bot,0,43,39,4,0,41,0.4143,,6.167391,-1,35,43,0,39,4,,no_path,0,,Bot1|Bot2|Bot3|Bot4,0,1
482,0.70,75,440,2244013405,2091786480,3633,0.645867,501,1376,17-42,31-61,59-17,39,33,75,67,92,72,0,0,1,39,1,39,115,1,39,76,1,button,1,39,39,0,76,0,1.0000,652,0.003335,-1,-1,button,1,39,39,0,76,0,1.0000,652,0.007675,,-1,button,1,39,39,0,76,0,1.0000,652,0.012305,-1,,button,1,39,39,0,75,0,1.0000,652,2.435888,10,10,39,0,0,0,0.4,risk_path,4,Bot1|Bot2|Bot3|Bot4,,1,0
483,0.70,75,440,944778932,1478825027,3640,0.647111,504,1358,32-47,39-21,6-61,37,33,54,40,91,73,0,0,1,37,1,37,109,1,37,72,1,button,1,37,37,0,63,0,1.0000,311,0.001479,-1,-1,button,1,37,37,0,63,0,1.0000,311,0.003359,,-1,button,1,37,37,0,63,0,1.0000,311,0.004737,-1,,button,1,37,37,0,63,0,1.0000,311,2.252232,7,7,37,0,0,0,0.4,risk_path,4,Bot1|Bot2|Bot3|Bot4,,1,0
484,0.70,75,440,575576,2379172882,3653,0.649422,507,1391,49-28,31-22,13-1,24,24,65,63,41,39,0,0,1,24,1,24,50,1,24,26,1,button,1,24,24,0,26,0,1.0000,91,0.000489,-1,-1,button,1,24,24,0,26,0,1.0000,91,0.001289,,-1,button,1,24,24,0,26,0,1.0000,91,0.004858,-1,,button,1,24,24,0,26,0,1.0000,91,1.024964,-1,-1,24,0,0,0,0.4,risk_path,4,Bot1|Bot2|Bot3|Bot4,,1,0
485,0.70,75,440,2872471504,826922753,3634,0.646044,499,1374,45-66,31-68,39-51,22,16,25,21,29,25,0,0,1,22,1,22,41,1,22,19,1,button,1,22,22,0,13,0,1.0000,176,0.000763,-1,-1,button,1,22,22,0,13,0,1.0000,176,0.001418,,-1,button,1,22,22,0,13,0,1.0000,176,0.001868,-1,,button,1,22,22,0,13,0,1.0000,176,0.848258,1,1,22,0,0,0,0.4,risk_path,4,Bot1|Bot2|Bot3|Bot4,,1,0
486,0.70,75,440,2028298929,2150041132,3626,0.644622,502,1364,44-42,46-42,65-27,8,2,42,36,36,34,0,0,1,8,1,8,52,1,8,44,1,button,1,8,8,0,41,0,1.0000,18,0.000122,-1,-1,button,1,8,8,0,41,0,1.0000,18,0.000230,,-1,button,1,8,8,0,41,0,1.0000,18,0.000269,-1,,button,1,8,8,0,41,0,1.0000,18,0.184877,-1,-1,8,0,0,0,0.4,risk_path,4,Bot1|Bot2|Bot3|Bot4,,1,0
487,0.70,75,440,2834803892,1468566193,3640,0.647111,512,1367,16-6,32-47,25-59,69,57,88,62,23,19,1,0,1,69,0,,28,0,,,0,walked_into_fire,0,49,49,0,-20,20,0.7101,,0.003416,29,29,fire_reached_bot,0,78,28,50,-49,41,0.4058,,0.228229,,-1,fire_reached_bot,0,78,28,50,-49,41,0.4058,,0.453397,-1,,fire_reached_bot,0,78,28,50,-49,41,0.4058,,4.526237,-1,-1,78,0,28,50,,no_path,0,,Bot1|Bot2|Bot3|Bot4,0,1
488,0.70,75,440,1595770306,3510375444,3647,0.648356,509,1358,34-49,38-18,27-62,53,35,40,20,81,55,0,0,1,53,1,53,108,1,53,55,1,button,1,53,53,0,47,0,1.0000,853,0.007183,-1,-1,button,1,53,53,0,47,0,1.0000,853,0.013669,,-1,button,1,53,53,0,47,0,1.0000,853,0.022521,-1,,button,1,53,53,0,49,0,1.0000,853,4.041686,4,4,53,0,0,0,0.4,risk_path,4,Bot1|Bot2|Bot3|Bot4,,1,0
489,0.70,75,440,4171940784,3372629387,3636,0.646400,499,1366,69-26,7-39,72-72,87,75,81,49,106,98,0,0,1,87,1,87,137,1,87,50,1,button,1,87,87,0,45,0,1.0000,1007,0.011676,-1,-1,button,1,87,87,0,45,0,1.0000,1007,0.051021,,-1,button,1,87,87,0,45,0,1.0000,1007,0.056005,-1,,button,1,87,87,0,50,0,1.0000,1007,10.825985,24,24,87,0,0,0,0.4,risk_path,4,Bot1|Bot2|Bot3|Bot4,,1,0
490,0.70,75,440,3646037766,3925754981,3637,0.646578,497,1370,8-53,48-10,13-11,87,83,61,47,62,36,1,0,1,87,0,,82,0,,,0,fire_reached_bot,0,82,82,0,0,5,0.9425,1516,0.023040,81,81,fire_reached_bot,0,84,80,4,-1,7,0.9195,,0.064183,,-1,fire_reached_bot,0,84,80,4,-1,7,0.9195,,0.087860,-1,,fire_reached_bot,0,84,80,4,-1,7,0.9195,,10.529440,-1,-1,84,0,80,4,,no_path,0,,Bot1|Bot2|Bot3|Bot4,0,1
491,0.70,75,440,1715550879,3700416209,3644,0.647822,514,1416,15-65,62-11,56-66,107,101,64,42,87,61,1,0,1,107,0,,112,1,107,5,1,button,1,107,107,0,5,0,1.0000,2240,0.033750,-1,-1,button,1,107,107,0,5,0,1.0000,2240,0.097314,,-1,button,1,107,107,0,5,0,1.0000,2240,0.132727,-1,,button,1,107,107,0,5,0,1.0000,2240,13.938610,79,79,107,17,54,0,0.99,risk_path,4,Bot1|Bot2|Bot3|Bot4,,1,0
492,0.70,75,440,1948605556,4065344269,3640,0.647111,507,1371,51-69,52-25,18-50,63,45,52,52,61,59,1,0,1,63,0,,79,1,63,16,1,button,1,63,63,0,14,0,1.0000,1643,0.012881,-1,-1,button,1,63,63,0,14,0,1.0000,1643,0.025175,,-1,button,1,63,63,0,14,0,1.0000,1643,0.042657,-1,,button,1,63,63,0,14,0,1.0000,1643,4.746437,13,13,63,0,0,0,0.4,risk_path,4,Bot1|Bot2|Bot3|Bot4,,1,0
493,0.70,75,440,627320740,1943041704,3628,0.644978,504,1383,15-31,53-41,42-35,54,48,37,31,17,17,1,1,1,58,0,,25,0,,,0,walked_into_fire,0,23,23,0,-1,31,0.4259,171,0.001851,22,21,fire_reached_bot,0,30,25,5,-4,37,0.3148,,0.036723,,21,fire_reached_bot,0,32,25,7,-6,37,0.3148,,0.093805,21,,fire_reached_bot,0,30,25,5,-4,37,0.3148,,3.665090,-1,21,30,0,25,5,,no_path,0,,Bot1|Bot2|Bot3|Bot4,0,1
494,0.70,75,440,3909912075,2078630651,3651,0.649067,498,1390,32-62,42-47,11-0,29,25,101,83,82,78,0,0,1,29,1,29,98,1,29,69,1,button,1,29,29,0,69,0,1.0000,207,0.001162,-1,-1,button,1,29,29,0,69,0,1.0000,207,0.002074,,-1,button,1,29,29,0,69,0,1.0000,207,0.003067,-1,,button,1,29,29,0,69,0,1.0000,207,1.476733,-1,-1,29,0,0,0,0.4,risk_path,4,Bot1|Bot2|Bot3|Bot4,,1,0
495,0.70,75,440,1510466362,86062878,3646,0.648178,503,1410,1-6,28-20,9-50,43,41,82,52,65,49,0,0,1,43,1,43,89,1,43,46,1,button,1,43,43,0,46,0,1.0000,430,0.003219,-1,-1,button,1,43,43,0,46,0,1.0000,430,0.006014,,-1,button,1,43,43,0,46,0,1.0000,430,0.009000,-1,,button,1,43,43,0,46,0,1.0000,430,2.917106,24,24,43,0,0,0,0.4,risk_path,4,Bot1|Bot2|Bot3|Bot4,,1,0
496,0.70,75,440,1673293873,26139537,3663,0.651200,514,1389,47-11,12-26,34-36,62,50,44,38,46,32,1,0,1,62,0,,64,1,62,2,1,button,1,62,62,0,2,0,1.0000,1770,0.016493,-1,-1,button,1,62,62,0,2,0,1.0000,1770,0.025338,,-1,button,1,62,62,0,2,0,1.0000,1770,0.040386,-1,,button,1,62,62,0,2,0,1.0000,1770,4.869815,-1,-1,62,10,36,0,0.99,risk_path,4,Bot1|Bot2|Bot3|Bot4,,1,0
497,0.70,75,440,475465390,3774680164,3640,0.647111,505,1390,35-60,0-27,45-26,72,68,48,44,60,46,1,0,1,72,0,,84,1,72,12,1,button,1,72,72,0,6,0,1.0000,2140,0.016085,-1,-1,button,1,72,72,0,6,0,1.0000,2140,0.028940,,-1,button,1,72,72,0,6,0,1.0000,2140,0.055405,-1,,button,1,72,72,0,6,0,1.0000,2140,6.373246,-1,-1,72,7,22,0,0.99,risk_path,4,Bot1|Bot2|Bot3|Bot4,,1,0
498,0.70,75,440,662792833,1871343044,3645,0.648000,508,1402,32-8,35-37,6-34,48,32,60,52,40,32,1,0,1,48,0,,55,1,48,7,1,button,1,48,48,0,5,0,1.0000,614,0.003400,-1,-1,button,1,48,48,0,5,0,1.0000,614,0.012564,,-1,button,1,48,48,0,5,0,1.0000,614,0.019276,-1,,button,1,48,48,0,5,0,1.0000,614,3.474105,39,39,48,4,3,0,0.99,risk_path,4,Bot1|Bot2|Bot3|Bot4,,1,0
499,0.70,75,440,2014376753,1909772166,3652,0.649244,495,1363,33-38,36-40,60-38,5,5,57,27,54,26,0,0,1,5,1,5,70,1,5,65,1,button,1,5,5,0,65,0,1.0000,10,0.000054,-1,-1,button,1,5,5,0,65,0,1.0000,10,0.000114,,-1,button,1,5,5,0,65,0,1.0000,10,0.000164,-1,,button,1,5,5,0,65,0,1.0000,10,0.106093,-1,-1,5,0,0,0,0.4,risk_path,4,Bot1|Bot2|Bot3|Bot4,,1,0
