scenario_id,q,grid_size,seed,layout_seed,fire_seed,open_cells,open_fraction,dead_ends,junctions,start,button,fire_start,start_button_dist,start_button_manhattan,start_fire_dist,start_fire_manhattan,button_fire_dist,button_fire_manhattan,fire_closer_to_button,fire_start_on_shortest_path,path_exists_avoiding_fire_start,bot1_path_len,guaranteed_win,guaranteed_win_route_len,fire_button_time,oracle_win,oracle_route_len,oracle_margin,bot1_predicted_win,Bot1_result,Bot1_success,Bot1_steps,Bot1_moves,Bot1_waits,Bot1_min_slack,Bot1_final_dist_to_button,Bot1_progress_to_button,Bot1_fire_cells_at_end,Bot1_trial_seconds,Bot1_diverges_from_Bot2,Bot1_diverges_from_Bot3,Bot2_result,Bot2_success,Bot2_steps,Bot2_moves,Bot2_waits,Bot2_min_slack,Bot2_final_dist_to_button,Bot2_progress_to_button,Bot2_fire_cells_at_end,Bot2_trial_seconds,Bot2_diverges_from_Bot2,Bot2_diverges_from_Bot3,Bot3_result,Bot3_success,Bot3_steps,Bot3_moves,Bot3_waits,Bot3_min_slack,Bot3_final_dist_to_button,Bot3_progress_to_button,Bot3_fire_cells_at_end,Bot3_trial_seconds,Bot3_diverges_from_Bot2,Bot3_diverges_from_Bot3,Bot4_result,Bot4_success,Bot4_steps,Bot4_moves,Bot4_waits,Bot4_min_slack,Bot4_final_dist_to_button,Bot4_progress_to_button,Bot4_fire_cells_at_end,Bot4_trial_seconds,Bot4_diverges_from_Bot2,Bot4_diverges_from_Bot3,Bot4_plan_count,Bot4_relaxed_count,Bot4_fallback_count,Bot4_no_path_count,Bot4_max_active_threshold,Bot4_final_strategy,n_bots_succeeded,succeeded_bots,failed_bots,all_bots_succeeded,all_bots_failed
0,0.65,75,440,1268951711,594470288,3627,0.644800,505,1370,17-28,16-61,4-73,52,34,68,58,26,24,1,0,1,52,0,,40,0,,,0,walked_into_fire,0,42,42,0,-3,10,0.8077,,0.001697,36,35,fire_reached_bot,0,53,36,17,-12,18,0.6538,,0.097838,,35,fire_reached_bot,0,55,36,19,-14,20,0.6154,,0.191537,35,,fire_reached_bot,0,53,36,17,-12,18,0.6538,,4.773695,-1,35,53,0,36,17,,no_path,0,,Bot1|Bot2|Bot3|Bot4,0,1
1,0.65,75,440,2520073151,427107123,3637,0.646578,501,1318,1-73,6-66,34-48,14,12,72,58,60,46,0,0,1,14,1,14,86,1,14,72,1,button,1,14,14,0,72,0,1.0000,41,0.000174,-1,-1,button,1,14,14,0,72,0,1.0000,41,0.000556,,-1,button,1,14,14,0,72,0,1.0000,41,0.000554,-1,,button,1,14,14,0,72,0,1.0000,41,0.431887,12,12,14,0,0,0,0.4,risk_path,4,Bot1|Bot2|Bot3|Bot4,,1,0
2,0.65,75,440,1257125778,1539091741,3644,0.647822,495,1360,33-34,5-11,72-13,55,51,74,60,93,69,0,0,1,55,1,55,125,1,55,70,1,button,1,55,55,0,68,0,1.0000,630,0.004028,-1,-1,button,1,55,55,0,68,0,1.0000,630,0.013679,,-1,button,1,55,55,0,68,0,1.0000,630,0.016217,-1,,button,1,55,55,0,68,0,1.0000,630,4.637510,-1,-1,55,0,0,0,0.4,risk_path,4,Bot1|Bot2|Bot3|Bot4,,1,0
3,0.65,75,440,3219619760,4192021694,3647,0.648356,513,1356,57-62,26-5,53-47,110,88,43,19,75,69,1,0,1,110,0,,108,0,,,0,walked_into_fire,0,39,39,0,-2,71,0.3545,463,0.003329,37,37,fire_reached_bot,0,50,50,0,0,70,0.3636,877,0.054281,,49,fire_reached_bot,0,80,73,7,0,71,0.3545,2108,0.100681,49,,fire_reached_bot,0,50,50,0,0,70,0.3636,877,8.062649,-1,49,50,0,50,0,,shortest_path_fallback,0,,Bot1|Bot2|Bot3|Bot4,0,1
4,0.65,75,440,4248281429,536808686,3633,0.645867,506,1351,44-73,59-42,40-8,54,46,87,69,57,53,0,0,1,54,1,54,77,1,54,23,1,button,1,54,54,0,21,0,1.0000,813,0.004710,-1,-1,button,1,54,54,0,21,0,1.0000,813,0.011986,,-1,button,1,54,54,0,21,0,1.0000,813,0.016603,-1,,button,1,54,54,0,21,0,1.0000,813,4.174496,10,10,54,0,0,0,0.4,risk_path,4,Bot1|Bot2|Bot3|Bot4,,1,0
5,0.65,75,440,3037363144,91013559,3636,0.646400,501,1364,0-7,1-17,69-60,65,11,124,122,117,111,0,0,1,65,1,65,158,1,65,93,1,button,1,65,65,0,86,0,1.0000,981,0.007380,-1,-1,button,1,65,65,0,86,0,1.0000,981,0.026134,,-1,button,1,65,65,0,86,0,1.0000,981,0.033212,-1,,button,1,65,65,0,86,0,1.0000,981,5.614250,-1,-1,65,0,0,0,0.4,risk_path,4,Bot1|Bot2|Bot3|Bot4,,1,0
6,0.65,75,440,1074636703,574306319,3647,0.648356,496,1322,54-62,27-69,48-74,44,34,18,18,28,26,1,0,1,44,0,,39,0,,,0,walked_into_fire,0,29,29,0,-2,15,0.6591,182,0.000871,25,25,fire_reached_bot,0,51,38,13,-11,24,0.4545,,0.066581,,-1,fire_reached_bot,0,51,38,13,-11,24,0.4545,,0.131603,-1,,fire_reached_bot,0,51,38,13,-11,24,0.4545,,4.427064,-1,-1,51,0,38,13,,no_path,0,,Bot1|Bot2|Bot3|Bot4,0,1
7,0.65,75,440,1849467998,3035649632,3658,0.650311,499,1404,22-44,18-46,73-3,6,6,92,92,98,98,0,0,1,6,1,6,133,1,6,127,1,button,1,6,6,0,124,0,1.0000,18,0.000074,-1,-1,button,1,6,6,0,124,0,1.0000,18,0.000103,,-1,button,1,6,6,0,124,0,1.0000,18,0.000162,-1,,button,1,6,6,0,124,0,1.0000,18,0.131993,-1,-1,6,0,0,0,0.4,risk_path,4,Bot1|Bot2|Bot3|Bot4,,1,0
8,0.65,75,440,2909181240,3215246687,3620,0.643556,506,1362,12-1,70-49,6-29,106,106,62,34,92,84,1,0,1,106,0,,124,1,106,18,1,button,1,106,106,0,9,0,1.0000,2272,0.024264,-1,-1,button,1,106,106,0,9,0,1.0000,2272,0.048855,,-1,button,1,106,106,0,9,0,1.0000,2272,0.081555,-1,,button,1,106,106,0,13,0,1.0000,2272,11.796447,8,8,106,7,2,0,0.99,risk_path,4,Bot1|Bot2|Bot3|Bot4,,1,0
9,0.65,75,440,3923003300,2956249458,3664,0.651378,525,1435,41-54,51-65,1-72,21,21,64,58,71,57,0,0,1,21,1,21,100,1,21,79,1,button,1,21,21,0,79,0,1.0000,70,0.000342,-1,-1,button,1,21,21,0,79,0,1.0000,70,0.000931,,-1,button,1,21,21,0,79,0,1.0000,70,0.001291,-1,,button,1,21,21,0,79,0,1.0000,70,0.816407,7,7,21,0,0,0,0.4,risk_path,4,Bot1|Bot2|Bot3|Bot4,,1,0
10,0.65,75,440,4156351459,864755998,3658,0.650311,493,1376,2-7,26-2,45-26,33,29,64,62,47,43,0,0,1,33,1,33,74,1,33,41,1,button,1,33,33,0,38,0,1.0000,355,0.001710,-1,-1,button,1,33,33,0,38,0,1.0000,355,0.003455,,-1,button,1,33,33,0,38,0,1.0000,355,0.004866,-1,,button,1,33,33,0,38,0,1.0000,355,1.890962,28,28,33,0,0,0,0.4,risk_path,4,Bot1|Bot2|Bot3|Bot4,,1,0
11,0.65,75,440,1031185214,4103681230,3664,0.651378,508,1398,69-16,41-61,63-36,77,73,28,26,51,47,1,0,1,77,0,,66,0,,,0,fire_reached_bot,0,17,17,0,0,60,0.2208,150,0.001390,11,11,fire_reached_bot,0,35,35,0,0,50,0.3506,421,0.018029,,-1,fire_reached_bot,0,35,35,0,0,50,0.3506,421,0.019826,-1,,fire_reached_bot,0,35,35,0,0,50,0.3506,421,5.204097,-1,-1,35,0,35,0,,shortest_path_fallback,0,,Bot1|Bot2|Bot3|Bot4,0,1
12,0.65,75,440,2377238433,762642544,3645,0.648000,497,1380,5-25,25-21,70-55,52,24,109,95,85,79,0,0,1,52,1,52,125,1,52,73,1,button,1,52,52,0,68,0,1.0000,568,0.003719,-1,-1,button,1,52,52,0,68,0,1.0000,568,0.013095,,-1,button,1,52,52,0,68,0,1.0000,568,0.015808,-1,,button,1,52,52,0,68,0,1.0000,568,4.356049,-1,-1,52,0,0,0,0.4,risk_path,4,Bot1|Bot2|Bot3|Bot4,,1,0
13,0.65,75,440,942222858,1891687492,3628,0.644978,514,1353,17-65,38-60,0-9,40,26,103,73,93,89,0,0,1,40,1,40,124,1,40,84,1,button,1,40,40,0,84,0,1.0000,330,0.001520,-1,-1,button,1,40,40,0,84,0,1.0000,330,0.005401,,-1,button,1,40,40,0,84,0,1.0000,330,0.006286,-1,,button,1,40,40,0,84,0,1.0000,330,2.794722,25,25,40,0,0,0,0.4,risk_path,4,Bot1|Bot2|Bot3|Bot4,,1,0
14,0.65,75,440,1794572316,2153723049,3632,0.645689,513,1338,29-67,13-50,1-15,37,33,80,80,47,47,0,0,1,37,1,37,69,1,37,32,1,button,1,37,37,0,32,0,1.0000,351,0.001390,-1,-1,button,1,37,37,0,32,0,1.0000,351,0.004973,,-1,button,1,37,37,0,32,0,1.0000,351,0.007014,-1,,button,1,37,37,0,32,0,1.0000,351,2.605944,-1,-1,37,0,0,0,0.4,risk_path,4,Bot1|Bot2|Bot3|Bot4,,1,0
15,0.65,75,440,2441200447,3899617149,3635,0.646222,492,1390,6-57,27-10,39-18,76,68,74,72,22,20,1,0,1,76,0,,31,0,,,0,walked_into_fire,0,46,46,0,-14,30,0.6053,,0.006565,32,32,fire_reached_bot,0,61,31,30,-29,45,0.4079,,0.136207,,-1,fire_reached_bot,0,61,31,30,-29,45,0.4079,,0.251401,-1,,fire_reached_bot,0,61,31,30,-29,45,0.4079,,4.545443,-1,-1,61,0,31,30,,no_path,0,,Bot1|Bot2|Bot3|Bot4,0,1
16,0.65,75,440,1409741764,2153672354,3659,0.650489,494,1408,10-46,25-53,31-39,26,22,36,28,22,20,1,0,1,26,0,,33,1,26,7,1,button,1,26,26,0,7,0,1.0000,240,0.001006,-1,-1,button,1,26,26,0,7,0,1.0000,240,0.001944,,-1,button,1,26,26,0,7,0,1.0000,240,0.002715,-1,,button,1,26,26,0,7,0,1.0000,240,1.223370,8,8,26,4,0,0,0.8,risk_path,4,Bot1|Bot2|Bot3|Bot4,,1,0
17,0.65,75,440,4196951117,430857384,3656,0.649956,505,1381,14-41,64-28,8-72,71,63,55,37,102,100,0,0,1,71,1,71,139,1,71,68,1,button,1,71,71,0,64,0,1.0000,663,0.006245,-1,-1,button,1,71,71,0,64,0,1.0000,663,0.017639,,-1,button,1,71,71,0,64,0,1.0000,663,0.023292,-1,,button,1,71,71,0,64,0,1.0000,663,7.771881,24,24,71,0,0,0,0.4,risk_path,4,Bot1|Bot2|Bot3|Bot4,,1,0
18,0.65,75,440,4233149764,1616157659,3637,0.646578,497,1393,11-0,16-18,0-66,29,23,99,77,86,64,0,0,1,29,1,29,126,1,29,97,1,button,1,29,29,0,96,0,1.0000,89,0.000464,-1,-1,button,1,29,29,0,96,0,1.0000,89,0.001919,,-1,button,1,29,29,0,96,0,1.0000,89,0.002228,-1,,button,1,29,29,0,96,0,1.0000,89,1.547530,-1,-1,29,0,0,0,0.4,risk_path,4,Bot1|Bot2|Bot3|Bot4,,1,0
19,0.65,75,440,4064511795,2171928469,3659,0.650489,507,1409,57-65,50-20,26-74,72,52,56,40,90,78,0,0,1,72,1,72,134,1,72,62,1,button,1,72,72,0,54,0,1.0000,832,0.007563,-1,-1,button,1,72,72,0,54,0,1.0000,832,0.025728,,-1,button,1,72,72,0,54,0,1.0000,832,0.032199,-1,,button,1,72,72,0,54,0,1.0000,832,7.652275,54,54,72,0,0,0,0.4,risk_path,4,Bot1|Bot2|Bot3|Bot4,,1,0
20,0.65,75,440,1699899743,2977238066,3632,0.645689,499,1358,65-61,56-62,5-33,12,10,94,88,84,80,0,0,1,12,1,12,123,1,12,111,1,button,1,12,12,0,110,0,1.0000,47,0.000169,-1,-1,button,1,12,12,0,110,0,1.0000,47,0.000298,,-1,button,1,12,12,0,110,0,1.0000,47,0.000430,-1,,button,1,12,12,0,110,0,1.0000,47,0.339178,-1,-1,12,0,0,0,0.4,risk_path,4,Bot1|Bot2|Bot3|Bot4,,1,0
21,0.65,75,440,2732194428,1130965774,3628,0.644978,500,1341,59-18,44-33,32-32,42,30,53,41,17,13,1,0,1,42,0,,22,0,,,0,fire_reached_bot,0,34,34,0,-11,8,0.8095,,0.002714,23,23,fire_reached_bot,0,48,22,26,-25,20,0.5238,,0.112268,,-1,fire_reached_bot,0,48,22,26,-25,20,0.5238,,0.233232,-1,,fire_reached_bot,0,48,22,26,-25,20,0.5238,,2.395361,-1,-1,48,0,22,26,,no_path,0,,Bot1|Bot2|Bot3|Bot4,0,1
22,0.65,75,440,2997683836,1911204995,3630,0.645333,512,1370,1-26,1-47,5-0,43,21,52,30,83,51,0,0,1,43,1,43,108,1,43,65,1,button,1,43,43,0,56,0,1.0000,288,0.001710,-1,-1,button,1,43,43,0,56,0,1.0000,288,0.005574,,-1,button,1,43,43,0,56,0,1.0000,288,0.007541,-1,,button,1,43,43,0,56,0,1.0000,288,3.405565,-1,-1,43,0,0,0,0.4,risk_path,4,Bot1|Bot2|Bot3|Bot4,,1,0
23,0.65,75,440,1097742752,1414824977,3616,0.642844,520,1378,33-68,31-51,41-66,27,19,28,10,31,25,0,0,1,27,1,27,39,1,27,12,1,button,1,27,27,0,8,0,1.0000,220,0.000979,-1,-1,button,1,27,27,0,8,0,1.0000,220,0.001823,,-1,button,1,27,27,0,8,0,1.0000,220,0.002578,-1,,button,1,27,27,0,8,0,1.0000,220,1.415203,15,15,27,0,0,0,0.4,risk_path,4,Bot1|Bot2|Bot3|Bot4,,1,0
24,0.65,75,440,1337507337,2865046632,3623,0.644089,507,1335,32-73,70-9,19-6,112,102,98,80,76,54,1,0,1,112,0,,114,0,,,0,walked_into_fire,0,93,93,0,-3,19,0.8304,1536,0.020026,88,88,fire_reached_bot,0,92,87,5,0,25,0.7768,1536,0.094126,,-1,fire_reached_bot,0,92,87,5,0,25,0.7768,1536,0.122671,-1,,fire_reached_bot,0,92,87,5,0,25,0.7768,1536,14.929577,-1,-1,92,0,87,5,,no_path,0,,Bot1|Bot2|Bot3|Bot4,0,1
25,0.65,75,440,2498745009,4169581797,3635,0.646222,494,1385,46-65,45-48,5-39,32,18,69,67,59,49,0,0,1,32,1,32,84,1,32,52,1,button,1,32,32,0,51,0,1.0000,313,0.001340,-1,-1,button,1,32,32,0,51,0,1.0000,313,0.003711,,-1,button,1,32,32,0,51,0,1.0000,313,0.004932,-1,,button,1,32,32,0,52,0,1.0000,313,1.966061,27,27,32,0,0,0,0.4,risk_path,4,Bot1|Bot2|Bot3|Bot4,,1,0
26,0.65,75,440,702485085,3014187463,3632,0.645689,514,1384,50-33,57-15,62-49,27,25,30,28,49,39,0,0,1,27,1,27,67,1,27,40,1,button,1,27,27,0,40,0,1.0000,129,0.000517,-1,-1,button,1,27,27,0,40,0,1.0000,129,0.001780,,-1,button,1,27,27,0,40,0,1.0000,129,0.002024,-1,,button,1,27,27,0,40,0,1.0000,129,1.459769,9,9,27,0,0,0,0.4,risk_path,4,Bot1|Bot2|Bot3|Bot4,,1,0
27,0.65,75,440,643282798,4265031986,3649,0.648711,511,1394,1-17,44-11,69-37,79,49,110,88,53,51,1,0,1,79,0,,78,0,,,0,walked_into_fire,0,79,79,0,-1,0,1.0000,1364,0.013126,79,79,fire_reached_bot,0,80,78,2,-1,1,0.9873,,0.042367,,-1,fire_reached_bot,0,80,78,2,-1,1,0.9873,,0.065672,-1,,fire_reached_bot,0,80,78,2,-1,1,0.9873,,9.510091,56,56,80,24,54,2,0.99,no_path,0,,Bot1|Bot2|Bot3|Bot4,0,1
28,0.65,75,440,1804062868,1517241965,3645,0.648000,508,1398,11-0,21-47,20-45,67,57,66,54,3,3,1,0,1,67,0,,3,0,,,0,fire_reached_bot,0,37,37,0,-33,30,0.5522,,0.003211,4,4,fire_reached_bot,0,89,3,86,-85,64,0.0448,,0.292422,,-1,fire_reached_bot,0,89,3,86,-85,64,0.0448,,0.597793,-1,,fire_reached_bot,0,89,3,86,-85,64,0.0448,,0.824853,-1,-1,89,0,3,86,,no_path,0,,Bot1|Bot2|Bot3|Bot4,0,1
29,0.65,75,440,566956298,2924771251,3644,0.647822,501,1370,50-7,18-23,45-30,52,48,40,28,40,34,1,0,1,52,0,,58,0,,,0,fire_reached_bot,0,40,40,0,0,12,0.7692,715,0.002887,-1,40,fire_reached_bot,0,40,40,0,0,12,0.7692,715,0.008966,,40,fire_reached_bot,0,72,58,14,-13,10,0.8077,,0.109972,40,,fire_reached_bot,0,40,40,0,0,12,0.7692,715,3.958847,-1,40,40,10,30,0,0.99,risk_path,0,,Bot1|Bot2|Bot3|Bot4,0,1
30,0.65,75,440,2308806563,965244565,3657,0.650133,511,1407,30-30,52-69,10-51,77,61,45,41,68,60,1,0,1,77,0,,95,1,77,18,1,button,1,77,77,0,8,0,1.0000,1485,0.013611,-1,-1,button,1,77,77,0,8,0,1.0000,1485,0.044423,,-1,button,1,77,77,0,8,0,1.0000,1485,0.062613,-1,,button,1,77,77,0,8,0,1.0000,1485,8.663331,18,18,77,25,0,0,0.99,risk_path,4,Bot1|Bot2|Bot3|Bot4,,1,0
31,0.65,75,440,462864162,1041021291,3639,0.646933,509,1365,21-23,18-74,12-3,78,54,35,29,107,77,0,0,1,78,1,78,144,1,78,66,1,button,1,78,78,0,41,0,1.0000,1195,0.010539,-1,-1,button,1,78,78,0,41,0,1.0000,1195,0.031564,,-1,button,1,78,78,0,41,0,1.0000,1195,0.044887,-1,,button,1,78,78,0,41,0,1.0000,1195,8.301870,-1,-1,78,0,0,0,0.4,risk_path,4,Bot1|Bot2|Bot3|Bot4,,1,0
32,0.65,75,440,1155299482,2171726374,3641,0.647289,493,1387,25-45,7-61,54-71,34,34,61,55,61,57,0,0,1,34,1,34,82,1,34,48,1,button,1,34,34,0,42,0,1.0000,331,0.001553,-1,-1,button,1,34,34,0,42,0,1.0000,331,0.002728,,-1,button,1,34,34,0,42,0,1.0000,331,0.004227,-1,,button,1,34,34,0,42,0,1.0000,331,1.922909,-1,-1,34,0,0,0,0.4,risk_path,4,Bot1|Bot2|Bot3|Bot4,,1,0
33,0.65,75,440,2179890998,1736700740,3656,0.649956,513,1434,34-4,10-2,6-32,38,26,62,56,50,34,0,0,1,38,1,38,74,1,38,36,1,button,1,38,38,0,28,0,1.0000,358,0.001571,-1,-1,button,1,38,38,0,28,0,1.0000,358,0.005011,,-1,button,1,38,38,0,28,0,1.0000,358,0.006492,-1,,button,1,38,38,0,28,0,1.0000,358,2.561766,-1,-1,38,0,0,0,0.4,risk_path,4,Bot1|Bot2|Bot3|Bot4,,1,0
34,0.65,75,440,1845197330,3869115511,3638,0.646756,501,1332,22-74,62-5,5-2,117,109,105,89,100,60,1,0,1,117,0,,147,1,117,30,1,button,1,117,117,0,11,0,1.0000,1656,0.031708,-1,-1,button,1,117,117,0,11,0,1.0000,1656,0.088878,,-1,button,1,117,117,0,11,0,1.0000,1656,0.110693,-1,,button,1,117,117,0,13,0,1.0000,1656,19.188199,59,59,117,24,28,0,0.99,risk_path,4,Bot1|Bot2|Bot3|Bot4,,1,0
35,0.65,75,440,2606653398,2211110660,3655,0.649778,520,1407,30-55,10-46,12-4,33,29,77,69,54,44,0,0,1,33,1,33,74,1,33,41,1,button,1,33,33,0,41,0,1.0000,297,0.001467,-1,-1,button,1,33,33,0,41,0,1.0000,297,0.003169,,-1,button,1,33,33,0,41,0,1.0000,297,0.004506,-1,,button,1,33,33,0,41,0,1.0000,297,2.235797,-1,-1,33,0,0,0,0.4,risk_path,4,Bot1|Bot2|Bot3|Bot4,,1,0
36,0.65,75,440,185924975,3982104193,3640,0.647111,501,1382,69-56,63-24,28-5,56,38,104,92,68,54,0,0,1,56,1,56,92,1,56,36,1,button,1,56,56,0,36,0,1.0000,522,0.003546,-1,-1,button,1,56,56,0,36,0,1.0000,522,0.016622,,-1,button,1,56,56,0,36,0,1.0000,522,0.020036,-1,,button,1,56,56,0,36,0,1.0000,522,5.045141,49,49,56,0,0,0,0.4,risk_path,4,Bot1|Bot2|Bot3|Bot4,,1,0
37,0.65,75,440,3568169848,3649924492,3650,0.648889,506,1389,70-37,57-65,26-62,57,41,93,69,66,34,0,0,1,57,1,57,103,1,57,46,1,button,1,57,57,0,45,0,1.0000,780,0.004021,-1,-1,button,1,57,57,0,45,0,1.0000,780,0.015466,,-1,button,1,57,57,0,45,0,1.0000,780,0.019354,-1,,button,1,57,57,0,45,0,1.0000,780,5.177125,-1,-1,57,0,0,0,0.4,risk_path,4,Bot1|Bot2|Bot3|Bot4,,1,0
38,0.65,75,440,3097759363,742922130,3644,0.647822,512,1377,53-33,58-19,16-17,25,19,57,53,64,44,0,0,1,25,1,25,84,1,25,59,1,button,1,25,25,0,56,0,1.0000,262,0.000881,-1,-1,button,1,25,25,0,56,0,1.0000,262,0.001969,,-1,button,1,25,25,0,56,0,1.0000,262,0.002937,-1,,button,1,25,25,0,56,0,1.0000,262,1.104314,11,11,25,0,0,0,0.4,risk_path,4,Bot1|Bot2|Bot3|Bot4,,1,0
39,0.65,75,440,3219368855,3088895621,3631,0.645511,504,1368,38-4,59-25,64-72,50,42,100,94,70,52,0,0,1,50,1,50,105,1,50,55,1,button,1,50,50,0,55,0,1.0000,342,0.002446,-1,-1,button,1,50,50,0,55,0,1.0000,342,0.011934,,-1,button,1,50,50,0,55,0,1.0000,342,0.014488,-1,,button,1,50,50,0,55,0,1.0000,342,4.055478,2,2,50,0,0,0,0.4,risk_path,4,Bot1|Bot2|Bot3|Bot4,,1,0
40,0.65,75,440,3029962385,3015429521,3622,0.643911,504,1322,30-34,46-20,61-2,32,30,67,63,43,33,0,0,1,32,1,32,59,1,32,27,1,button,1,32,32,0,26,0,1.0000,269,0.001168,-1,-1,button,1,32,32,0,26,0,1.0000,269,0.002600,,-1,button,1,32,32,0,26,0,1.0000,269,0.003726,-1,,button,1,32,32,0,26,0,1.0000,269,1.765676,13,13,32,0,0,0,0.4,risk_path,4,Bot1|Bot2|Bot3|Bot4,,1,0
41,0.65,75,440,4017667363,2471176468,3640,0.647111,508,1366,47-32,62-11,3-74,48,36,92,86,138,122,0,0,1,48,1,48,197,1,48,149,1,button,1,48,48,0,130,0,1.0000,209,0.001657,-1,-1,button,1,48,48,0,130,0,1.0000,209,0.008794,,-1,button,1,48,48,0,130,0,1.0000,209,0.010078,-1,,button,1,48,48,0,130,0,1.0000,209,3.977101,-1,-1,48,0,0,0,0.4,risk_path,4,Bot1|Bot2|Bot3|Bot4,,1,0
42,0.65,75,440,287415481,3615322627,3640,0.647111,512,1371,33-53,74-35,48-20,65,59,62,48,45,41,1,0,1,65,0,,65,0,,,0,walked_into_fire,0,45,45,0,-1,20,0.6923,711,0.003819,44,44,fire_reached_bot,0,72,62,10,-6,25,0.6154,,0.056763,,-1,fire_reached_bot,0,72,62,10,-6,25,0.6154,,0.105508,-1,,fire_reached_bot,0,72,62,10,-6,25,0.6154,,7.828621,-1,-1,72,0,62,10,,no_path,0,,Bot1|Bot2|Bot3|Bot4,0,1
43,0.65,75,440,3343635005,3613099639,3644,0.647822,513,1424,40-63,49-41,34-34,39,31,43,35,30,22,1,0,1,39,0,,44,1,39,5,1,button,1,39,39,0,4,0,1.0000,576,0.002673,-1,-1,button,1,39,39,0,4,0,1.0000,576,0.005887,,-1,button,1,39,39,0,4,0,1.0000,576,0.008455,-1,,button,1,39,39,0,4,0,1.0000,576,2.637310,-1,-1,39,6,7,0,0.99,risk_path,4,Bot1|Bot2|Bot3|Bot4,,1,0
44,0.65,75,440,2433726094,1705541714,3627,0.644800,494,1308,60-20,48-7,31-29,35,25,46,38,41,39,0,0,1,35,1,35,59,1,35,24,1,button,1,35,35,0,22,0,1.0000,515,0.002447,-1,-1,button,1,35,35,0,22,0,1.0000,515,0.004264,,-1,button,1,35,35,0,22,0,1.0000,515,0.006560,-1,,button,1,35,35,0,22,0,1.0000,515,2.147626,-1,-1,35,0,0,0,0.4,risk_path,4,Bot1|Bot2|Bot3|Bot4,,1,0
45,0.65,75,440,3245280877,583972034,3621,0.643733,504,1351,40-56,38-63,23-69,15,9,38,30,25,21,0,0,1,15,1,15,34,1,15,19,1,button,1,15,15,0,19,0,1.0000,33,0.000206,-1,-1,button,1,15,15,0,19,0,1.0000,33,0.000506,,-1,button,1,15,15,0,19,0,1.0000,33,0.000595,-1,,button,1,15,15,0,19,0,1.0000,33,0.445588,-1,-1,15,0,0,0,0.4,risk_path,4,Bot1|Bot2|Bot3|Bot4,,1,0
46,0.65,75,440,744039592,481665536,3664,0.651378,517,1383,42-67,5-61,36-15,65,43,76,58,87,77,0,0,1,65,1,65,123,1,65,58,1,button,1,65,65,0,56,0,1.0000,1465,0.010497,-1,-1,button,1,65,65,0,56,0,1.0000,1465,0.022752,,-1,button,1,65,65,0,56,0,1.0000,1465,0.034613,-1,,button,1,65,65,0,56,0,1.0000,1465,5.545884,-1,-1,65,0,0,0,0.4,risk_path,4,Bot1|Bot2|Bot3|Bot4,,1,0
47,0.65,75,440,1407365857,2116346229,3670,0.652444,517,1423,35-11,51-53,61-53,72,58,84,68,14,10,1,0,1,72,0,,21,0,,,0,walked_into_fire,0,50,50,0,-28,22,0.6944,,0.004904,22,22,fire_reached_bot,0,92,21,71,-70,51,0.2917,,0.300647,,-1,fire_reached_bot,0,92,21,71,-70,51,0.2917,,0.597290,-1,,fire_reached_bot,0,92,21,71,-70,51,0.2917,,5.074628,-1,-1,92,0,21,71,,no_path,0,,Bot1|Bot2|Bot3|Bot4,0,1
48,0.65,75,440,3906747135,3253557841,3652,0.649244,514,1378,38-31,19-45,43-34,35,33,8,8,37,35,0,0,1,35,1,35,47,1,35,12,1,button,1,35,35,0,9,0,1.0000,467,0.001724,-1,-1,button,1,35,35,0,9,0,1.0000,467,0.004573,,-1,button,1,35,35,0,9,0,1.0000,467,0.006590,-1,,button,1,35,35,0,9,0,1.0000,467,2.102724,-1,-1,35,0,0,0,0.4,risk_path,4,Bot1|Bot2|Bot3|Bot4,,1,0
49,0.65,75,440,568842183,2915534142,3635,0.646222,500,1368,31-65,44-71,44-59,47,19,31,19,16,12,1,1,1,101,0,,23,0,,,0,walked_into_fire,0,18,18,0,-1,29,0.3830,94,0.002753,7,7,fire_reached_bot,0,36,6,30,-12,41,0.1277,,0.154731,,-1,fire_reached_bot,0,36,6,30,-12,41,0.1277,,0.301202,-1,,fire_reached_bot,0,36,6,30,-12,41,0.1277,,1.447862,-1,-1,36,0,6,30,,no_path,0,,Bot1|Bot2|Bot3|Bot4,0,1
50,0.65,75,440,514431646,1809119261,3651,0.649067,517,1393,25-17,63-18,11-57,51,39,58,54,109,91,0,0,1,51,1,51,151,1,51,100,1,button,1,51,51,0,83,0,1.0000,710,0.003564,-1,-1,button,1,51,51,0,83,0,1.0000,710,0.009486,,-1,button,1,51,51,0,83,0,1.0000,710,0.013260,-1,,button,1,51,51,0,83,0,1.0000,710,4.376361,33,33,51,0,0,0,0.4,risk_path,4,Bot1|Bot2|Bot3|Bot4,,1,0
51,0.65,75,440,3235510554,1802600594,3623,0.644089,494,1355,2-10,68-24,9-57,110,80,66,54,94,92,1,0,1,110,0,,131,1,110,21,1,button,1,110,110,0,12,0,1.0000,2350,0.033939,-1,-1,button,1,110,110,0,12,0,1.0000,2350,0.115084,,-1,button,1,110,110,0,12,0,1.0000,2350,0.157265,-1,,button,1,110,110,0,12,0,1.0000,2350,13.919010,16,16,110,5,25,0,0.99,risk_path,4,Bot1|Bot2|Bot3|Bot4,,1,0
52,0.65,75,440,639085731,3543395183,3638,0.646756,515,1390,32-9,6-35,41-25,56,52,25,25,51,45,1,0,1,56,0,,70,1,56,14,1,button,1,56,56,0,13,0,1.0000,1365,0.008490,-1,-1,button,1,56,56,0,13,0,1.0000,1365,0.014671,,-1,button,1,56,56,0,13,0,1.0000,1365,0.023179,-1,,button,1,56,56,0,13,0,1.0000,1365,4.657997,-1,-1,56,0,0,0,0.4,risk_path,4,Bot1|Bot2|Bot3|Bot4,,1,0
53,0.65,75,440,4049135280,482899726,3625,0.644444,501,1359,43-44,33-34,49-33,36,20,23,17,25,17,1,0,1,36,0,,38,1,36,2,1,button,1,36,36,0,2,0,1.0000,516,0.002319,-1,-1,button,1,36,36,0,2,0,1.0000,516,0.004143,,-1,button,1,36,36,0,2,0,1.0000,516,0.006215,-1,,button,1,36,36,0,2,0,1.0000,516,2.530425,-1,-1,36,5,27,0,0.99,risk_path,4,Bot1|Bot2|Bot3|Bot4,,1,0
54,0.65,75,440,2561198562,2236996756,3645,0.648000,500,1328,20-62,0-59,47-37,29,23,58,52,79,69,0,0,1,29,1,29,113,1,29,84,1,button,1,29,29,0,77,0,1.0000,260,0.001151,-1,-1,button,1,29,29,0,77,0,1.0000,260,0.002114,,-1,button,1,29,29,0,77,0,1.0000,260,0.003200,-1,,button,1,29,29,0,77,0,1.0000,260,1.540302,-1,-1,29,0,0,0,0.4,risk_path,4,Bot1|Bot2|Bot3|Bot4,,1,0
55,0.65,75,440,2251065692,286865008,3616,0.642844,496,1335,58-63,9-0,53-16,120,112,64,52,62,60,1,0,1,120,0,,85,0,,,0,fire_reached_bot,0,51,51,0,0,69,0.4250,1103,0.007932,50,50,fire_reached_bot,0,79,73,6,0,83,0.3083,1996,0.091802,,57,fire_reached_bot,0,81,73,8,0,85,0.2917,2062,0.164541,57,,fire_reached_bot,0,79,73,6,0,83,0.3083,1996,13.019327,-1,57,79,0,73,6,,no_path,0,,Bot1|Bot2|Bot3|Bot4,0,1
56,0.65,75,440,489761711,2230263378,3623,0.644089,501,1372,42-25,42-63,50-53,54,38,40,36,24,18,1,0,1,54,0,,35,0,,,0,fire_reached_bot,0,24,24,0,0,30,0.4444,247,0.001249,20,20,fire_reached_bot,0,47,35,12,-11,41,0.2407,,0.071642,,-1,fire_reached_bot,0,47,35,12,-11,41,0.2407,,0.130135,-1,,fire_reached_bot,0,47,35,12,-11,41,0.2407,,5.758415,-1,-1,47,0,35,12,,no_path,0,,Bot1|Bot2|Bot3|Bot4,0,1
57,0.65,75,440,3274284638,313157239,3626,0.644622,513,1371,46-14,73-22,58-60,39,35,62,58,59,53,0,0,1,39,1,39,81,1,39,42,1,button,1,39,39,0,40,0,1.0000,626,0.002698,-1,-1,button,1,39,39,0,40,0,1.0000,626,0.005777,,-1,button,1,39,39,0,40,0,1.0000,626,0.008187,-1,,button,1,39,39,0,40,0,1.0000,626,2.622981,8,8,39,0,0,0,0.4,risk_path,4,Bot1|Bot2|Bot3|Bot4,,1,0
58,0.65,75,440,3129249196,3379267321,3657,0.650133,513,1417,60-25,1-56,25-34,90,90,46,44,46,46,1,0,1,90,0,,64,0,,,0,walked_into_fire,0,38,38,0,-3,52,0.4222,634,0.002941,35,35,fire_reached_bot,0,55,51,4,0,59,0.3444,1403,0.041147,,49,fire_reached_bot,0,53,51,2,0,61,0.3222,1303,0.045298,49,,fire_reached_bot,0,55,51,4,0,59,0.3444,1403,8.574361,-1,49,55,0,51,4,,no_path,0,,Bot1|Bot2|Bot3|Bot4,0,1
59,0.65,75,440,894121229,1668138513,3639,0.646933,508,1374,35-29,71-66,49-2,75,73,43,41,98,86,0,0,1,75,1,75,139,1,75,64,1,button,1,75,75,0,58,0,1.0000,1196,0.009107,-1,-1,button,1,75,75,0,58,0,1.0000,1196,0.028695,,-1,button,1,75,75,0,58,0,1.0000,1196,0.040051,-1,,button,1,75,75,0,56,0,1.0000,1196,8.191554,11,11,75,0,0,0,0.4,risk_path,4,Bot1|Bot2|Bot3|Bot4,,1,0
60,0.65,75,440,2937611675,2098551990,3661,0.650844,517,1463,74-51,28-50,7-34,75,47,98,84,43,37,1,0,1,75,0,,61,0,,,0,walked_into_fire,0,64,64,0,-2,11,0.8533,,0.009433,54,54,fire_reached_bot,0,71,53,18,-9,22,0.7067,,0.098848,,-1,fire_reached_bot,0,71,53,18,-9,22,0.7067,,0.171663,-1,,fire_reached_bot,0,71,53,18,-9,22,0.7067,,7.987431,-1,-1,71,0,53,18,,no_path,0,,Bot1|Bot2|Bot3|Bot4,0,1
61,0.65,75,440,2158948882,4161325205,3649,0.648711,504,1375,55-43,55-56,72-7,43,13,55,53,98,66,0,0,1,43,1,43,135,1,43,92,1,button,1,43,43,0,70,0,1.0000,291,0.002159,-1,-1,button,1,43,43,0,70,0,1.0000,291,0.010163,,-1,button,1,43,43,0,70,0,1.0000,291,0.010922,-1,,button,1,43,43,0,70,0,1.0000,291,3.136774,-1,-1,43,0,0,0,0.4,risk_path,4,Bot1|Bot2|Bot3|Bot4,,1,0
62,0.65,75,440,3393563913,2253549308,3667,0.651911,508,1380,24-27,32-68,1-59,71,49,57,55,46,40,1,0,1,71,0,,60,0,,,0,fire_reached_bot,0,38,38,0,0,33,0.5352,306,0.002247,37,36,fire_reached_bot,0,76,60,16,-15,37,0.4789,,0.096396,,36,fire_reached_bot,0,78,60,18,-17,35,0.5070,,0.189764,36,,fire_reached_bot,0,76,60,16,-15,37,0.4789,,9.879280,-1,36,76,0,60,16,,no_path,0,,Bot1|Bot2|Bot3|Bot4,0,1
63,0.65,75,440,3798218772,3326087650,3629,0.645156,502,1335,46-27,21-72,19-59,74,70,59,59,17,15,1,0,1,74,0,,21,0,,,0,fire_reached_bot,0,34,34,0,-12,40,0.4595,,0.003361,19,19,fire_reached_bot,0,62,21,41,-40,57,0.2297,,0.183670,,-1,fire_reached_bot,0,62,21,41,-40,57,0.2297,,0.354299,-1,,fire_reached_bot,0,62,21,41,-40,57,0.2297,,4.641333,-1,-1,62,0,21,41,,no_path,0,,Bot1|Bot2|Bot3|Bot4,0,1
64,0.65,75,440,2494522029,654045650,3638,0.646756,507,1370,7-38,4-33,70-44,8,8,99,69,103,77,0,0,1,8,1,8,148,1,8,140,1,button,1,8,8,0,138,0,1.0000,21,0.000087,-1,-1,button,1,8,8,0,138,0,1.0000,21,0.000155,,-1,button,1,8,8,0,138,0,1.0000,21,0.000224,-1,,button,1,8,8,0,138,0,1.0000,21,0.178365,-1,-1,8,0,0,0,0.4,risk_path,4,Bot1|Bot2|Bot3|Bot4,,1,0
65,0.65,75,440,282407045,3208019061,3667,0.651911,507,1402,71-60,44-21,48-55,68,66,40,28,64,38,1,0,1,68,0,,85,1,68,17,1,button,1,68,68,0,9,0,1.0000,1717,0.012468,-1,-1,button,1,68,68,0,9,0,1.0000,1717,0.024968,,-1,button,1,68,68,0,9,0,1.0000,1717,0.039433,-1,,button,1,68,68,0,9,0,1.0000,1717,5.779116,-1,-1,68,0,0,0,0.4,risk_path,4,Bot1|Bot2|Bot3|Bot4,,1,0
66,0.65,75,440,2624712765,892082244,3630,0.645333,514,1350,67-68,51-49,10-44,39,35,91,81,62,46,0,0,1,39,1,39,93,1,39,54,1,button,1,39,39,0,54,0,1.0000,481,0.002229,-1,-1,button,1,39,39,0,54,0,1.0000,481,0.004180,,-1,button,1,39,39,0,54,0,1.0000,481,0.006539,-1,,button,1,39,39,0,54,0,1.0000,481,2.535613,-1,-1,39,0,0,0,0.4,risk_path,4,Bot1|Bot2|Bot3|Bot4,,1,0
67,0.65,75,440,1729019775,856386472,3624,0.644267,517,1409,60-53,29-59,62-26,39,37,43,29,68,66,0,0,1,39,1,39,104,1,39,65,1,button,1,39,39,0,44,0,1.0000,558,0.002259,-1,-1,button,1,39,39,0,44,0,1.0000,558,0.005018,,-1,button,1,39,39,0,44,0,1.0000,558,0.007532,-1,,button,1,39,39,0,44,0,1.0000,558,2.547967,-1,-1,39,0,0,0,0.4,risk_path,4,Bot1|Bot2|Bot3|Bot4,,1,0
68,0.65,75,440,4025098533,459075162,3613,0.642311,482,1310,53-46,53-73,41-17,43,27,43,41,86,68,0,0,1,43,1,43,124,1,43,81,1,button,1,43,43,0,61,0,1.0000,518,0.002204,-1,-1,button,1,43,43,0,61,0,1.0000,518,0.006736,,-1,button,1,43,43,0,61,0,1.0000,518,0.009044,-1,,button,1,43,43,0,61,0,1.0000,518,2.882672,-1,-1,43,0,0,0,0.4,risk_path,4,Bot1|Bot2|Bot3|Bot4,,1,0
69,0.65,75,440,266228852,4289431394,3621,0.643733,500,1398,43-3,26-13,19-65,43,27,102,86,79,59,0,0,1,43,1,43,109,1,43,66,1,button,1,43,43,0,63,0,1.0000,622,0.003156,-1,-1,button,1,43,43,0,63,0,1.0000,622,0.007863,,-1,button,1,43,43,0,63,0,1.0000,622,0.011504,-1,,button,1,43,43,0,63,0,1.0000,622,2.873307,-1,-1,43,0,0,0,0.4,risk_path,4,Bot1|Bot2|Bot3|Bot4,,1,0
70,0.65,75,440,3288517247,2662616909,3639,0.646933,504,1347,14-60,54-8,52-56,96,92,58,42,64,50,1,0,1,96,0,,95,0,,,0,walked_into_fire,0,48,48,0,-1,48,0.5000,842,0.005138,43,43,fire_reached_bot,0,66,65,1,0,35,0.6354,1586,0.042692,,64,fire_reached_bot,0,106,95,11,-10,37,0.6146,,0.138858,64,,fire_reached_bot,0,66,65,1,0,35,0.6354,1586,9.415468,-1,64,66,0,65,1,,no_path,0,,Bot1|Bot2|Bot3|Bot4,0,1
71,0.65,75,440,3168276635,2131575540,3624,0.644267,484,1358,74-4,42-32,8-21,64,60,93,83,49,45,1,0,1,64,0,,74,1,64,10,1,button,1,64,64,0,10,0,1.0000,1082,0.006858,-1,-1,button,1,64,64,0,10,0,1.0000,1082,0.018722,,-1,button,1,64,64,0,10,0,1.0000,1082,0.026231,-1,,button,1,64,64,0,10,0,1.0000,1082,6.374712,-1,-1,64,23,9,0,0.99,risk_path,4,Bot1|Bot2|Bot3|Bot4,,1,0
72,0.65,75,440,3264989703,3396489466,3645,0.648000,501,1378,40-20,63-53,65-66,60,56,81,71,27,15,1,0,1,60,0,,38,0,,,0,walked_into_fire,0,47,47,0,-8,13,0.7833,,0.003399,37,37,fire_reached_bot,0,62,36,26,-23,24,0.6000,,0.127828,,-1,fire_reached_bot,0,62,36,26,-23,24,0.6000,,0.243275,-1,,fire_reached_bot,0,62,36,26,-23,24,0.6000,,5.153811,-1,-1,62,0,36,26,,no_path,0,,Bot1|Bot2|Bot3|Bot4,0,1
73,0.65,75,440,3661586234,851551463,3654,0.649600,496,1346,19-42,55-11,6-19,77,67,48,36,73,57,1,0,1,77,0,,106,1,77,29,1,button,1,77,77,0,14,0,1.0000,1172,0.010476,-1,-1,button,1,77,77,0,14,0,1.0000,1172,0.041018,,-1,button,1,77,77,0,14,0,1.0000,1172,0.052082,-1,,button,1,77,77,0,21,0,1.0000,1172,7.955638,30,30,77,0,0,0,0.4,risk_path,4,Bot1|Bot2|Bot3|Bot4,,1,0
74,0.65,75,440,1507352610,3438827500,3616,0.642844,480,1296,44-65,19-74,3-51,36,34,71,55,43,39,0,0,1,36,1,36,61,1,36,25,1,button,1,36,36,0,25,0,1.0000,197,0.000943,-1,-1,button,1,36,36,0,25,0,1.0000,197,0.002711,,-1,button,1,36,36,0,25,0,1.0000,197,0.003545,-1,,button,1,36,36,0,25,0,1.0000,197,2.007685,-1,-1,36,0,0,0,0.4,risk_path,4,Bot1|Bot2|Bot3|Bot4,,1,0
75,0.65,75,440,2046749167,4286327507,3627,0.644800,499,1365,2-9,37-12,35-29,62,38,61,53,25,19,1,0,1,62,0,,38,0,,,0,fire_reached_bot,0,45,45,0,-6,17,0.7258,,0.004315,33,33,fire_reached_bot,0,63,32,31,-24,30,0.5161,,0.054841,,-1,fire_reached_bot,0,63,32,31,-24,30,0.5161,,0.091763,-1,,fire_reached_bot,0,63,32,31,-24,30,0.5161,,3.685017,-1,-1,63,0,32,31,,no_path,0,,Bot1|Bot2|Bot3|Bot4,0,1
76,0.65,75,440,3008379624,3615876865,3655,0.649778,515,1384,43-36,1-62,52-64,72,68,49,37,85,53,0,0,1,72,1,72,115,1,72,43,1,button,1,72,72,0,37,0,1.0000,1062,0.008757,-1,-1,button,1,72,72,0,37,0,1.0000,1062,0.025755,,-1,button,1,72,72,0,37,0,1.0000,1062,0.035358,-1,,button,1,72,72,0,35,0,1.0000,1062,7.268967,54,54,72,0,0,0,0.4,risk_path,4,Bot1|Bot2|Bot3|Bot4,,1,0
77,0.65,75,440,168951023,2051054311,3646,0.648178,498,1387,63-46,7-52,36-46,78,62,39,27,41,35,1,0,1,78,0,,59,0,,,0,fire_reached_bot,0,22,22,0,0,56,0.2821,129,0.001112,12,12,fire_reached_bot,0,82,59,23,-22,39,0.5000,,0.056186,,32,fire_reached_bot,0,86,59,27,-26,37,0.5256,,0.108051,32,,fire_reached_bot,0,82,59,23,-22,39,0.5000,,6.906170,-1,32,82,0,59,23,,no_path,0,,Bot1|Bot2|Bot3|Bot4,0,1
78,0.65,75,440,2349810379,2265303479,3641,0.647289,501,1376,71-31,32-73,47-46,91,81,51,39,46,42,1,0,1,91,0,,75,0,,,0,walked_into_fire,0,29,29,0,-2,62,0.3187,148,0.001771,13,6,fire_reached_bot,0,61,61,0,0,52,0.4286,1150,0.053241,,6,fire_reached_bot,0,82,75,7,-6,64,0.2967,,0.150314,6,,fire_reached_bot,0,61,61,0,0,52,0.4286,1150,9.754276,-1,6,61,0,61,0,,shortest_path_fallback,0,,Bot1|Bot2|Bot3|Bot4,0,1
79,0.65,75,440,2763321522,3868111401,3664,0.651378,494,1408,50-59,10-66,49-54,63,47,6,6,63,51,0,0,1,63,0,,90,1,63,27,1,button,1,63,63,0,2,0,1.0000,1257,0.009719,-1,-1,button,1,63,63,0,2,0,1.0000,1257,0.020769,,-1,button,1,63,63,0,2,0,1.0000,1257,0.032645,-1,,button,1,63,63,0,2,0,1.0000,1257,5.151640,34,34,63,0,0,0,0.4,risk_path,4,Bot1|Bot2|Bot3|Bot4,,1,0
80,0.65,75,440,3716998955,3442828106,3643,0.647644,507,1384,32-60,45-60,19-26,29,13,51,47,72,60,0,0,1,29,1,29,111,1,29,82,1,button,1,29,29,0,67,0,1.0000,372,0.001247,-1,-1,button,1,29,29,0,67,0,1.0000,372,0.003247,,-1,button,1,29,29,0,67,0,1.0000,372,0.004363,-1,,button,1,29,29,0,67,0,1.0000,372,1.363836,15,15,29,0,0,0,0.4,risk_path,4,Bot1|Bot2|Bot3|Bot4,,1,0
81,0.65,75,440,2802822109,1173380791,3659,0.650489,505,1348,72-70,46-13,62-73,91,83,29,13,92,76,0,0,1,91,1,91,113,1,91,22,1,button,1,91,91,0,7,0,1.0000,1391,0.014824,-1,-1,button,1,91,91,0,7,0,1.0000,1391,0.040369,,-1,button,1,91,91,0,7,0,1.0000,1391,0.056382,-1,,button,1,91,91,0,7,0,1.0000,1391,9.987119,-1,-1,91,0,0,0,0.4,risk_path,4,Bot1|Bot2|Bot3|Bot4,,1,0
82,0.65,75,440,1458696374,4138283831,3640,0.647111,513,1373,14-4,25-57,6-47,78,64,63,51,31,29,1,0,1,78,0,,46,0,,,0,walked_into_fire,0,45,45,0,-2,33,0.5769,517,0.004179,33,33,fire_reached_bot,0,69,46,23,-22,44,0.4359,,0.112957,,-1,fire_reached_bot,0,69,46,23,-22,44,0.4359,,0.204846,-1,,fire_reached_bot,0,69,46,23,-22,44,0.4359,,7.503352,-1,-1,69,0,46,23,,no_path,0,,Bot1|Bot2|Bot3|Bot4,0,1
83,0.65,75,440,2432187744,4169280272,3642,0.647467,503,1356,40-58,45-19,12-50,66,44,46,36,86,64,0,0,1,66,1,66,125,1,66,59,1,button,1,66,66,0,48,0,1.0000,1015,0.007536,-1,-1,button,1,66,66,0,48,0,1.0000,1015,0.021472,,-1,button,1,66,66,0,48,0,1.0000,1015,0.030490,-1,,button,1,66,66,0,48,0,1.0000,1015,5.909938,14,14,66,0,0,0,0.4,risk_path,4,Bot1|Bot2|Bot3|Bot4,,1,0
84,0.65,75,440,117610117,309971403,3649,0.648711,513,1375,38-60,71-19,27-60,80,74,29,11,91,85,0,0,1,80,1,80,127,1,80,47,1,button,1,80,80,0,32,0,1.0000,1739,0.015398,-1,-1,button,1,80,80,0,32,0,1.0000,1739,0.048929,,-1,button,1,80,80,0,32,0,1.0000,1739,0.062324,-1,,button,1,80,80,0,32,0,1.0000,1739,7.142140,1,1,80,0,0,0,0.4,risk_path,4,Bot1|Bot2|Bot3|Bot4,,1,0
85,0.65,75,440,2351945767,3852249623,3652,0.649244,513,1378,46-2,42-17,48-41,27,19,63,41,48,30,0,0,1,27,1,27,65,1,27,38,1,button,1,27,27,0,37,0,1.0000,326,0.001159,-1,-1,button,1,27,27,0,37,0,1.0000,326,0.002915,,-1,button,1,27,27,0,37,0,1.0000,326,0.003968,-1,,button,1,27,27,0,37,0,1.0000,326,1.275358,-1,-1,27,0,0,0,0.4,risk_path,4,Bot1|Bot2|Bot3|Bot4,,1,0
86,0.65,75,440,2895808900,3809999560,3632,0.645689,498,1315,29-67,1-17,74-52,80,78,78,60,124,108,0,0,1,80,1,80,186,1,80,106,1,button,1,80,80,0,91,0,1.0000,889,0.006862,-1,-1,button,1,80,80,0,91,0,1.0000,889,0.029047,,-1,button,1,80,80,0,91,0,1.0000,889,0.036634,-1,,button,1,80,80,0,91,0,1.0000,889,8.636018,-1,-1,80,0,0,0,0.4,risk_path,4,Bot1|Bot2|Bot3|Bot4,,1,0
87,0.65,75,440,2723283324,3272133986,3648,0.648533,511,1411,47-73,31-5,7-43,104,84,90,70,88,62,1,0,1,104,0,,120,1,104,16,1,button,1,104,104,0,11,0,1.0000,2162,0.024136,-1,-1,button,1,104,104,0,11,0,1.0000,2162,0.079646,,-1,button,1,104,104,0,11,0,1.0000,2162,0.106723,-1,,button,1,104,104,0,11,0,1.0000,2162,11.757748,-1,-1,104,11,27,0,0.99,risk_path,4,Bot1|Bot2|Bot3|Bot4,,1,0
88,0.65,75,440,442504758,736042750,3679,0.654044,508,1420,16-28,1-29,31-35,26,16,30,22,46,36,0,0,1,26,1,26,63,1,26,37,1,button,1,26,26,0,36,0,1.0000,285,0.001076,-1,-1,button,1,26,26,0,36,0,1.0000,285,0.002155,,-1,button,1,26,26,0,36,0,1.0000,285,0.003114,-1,,button,1,26,26,0,36,0,1.0000,285,1.126916,-1,-1,26,0,0,0,0.4,risk_path,4,Bot1|Bot2|Bot3|Bot4,,1,0
89,0.65,75,440,2689907484,1240102764,3643,0.647644,497,1379,16-33,54-64,7-11,73,69,33,31,104,100,0,0,1,73,1,73,150,1,73,77,1,button,1,73,73,0,47,0,1.0000,1030,0.007340,-1,-1,button,1,73,73,0,47,0,1.0000,1030,0.016212,,-1,button,1,73,73,0,47,0,1.0000,1030,0.025120,-1,,button,1,73,73,0,47,0,1.0000,1030,7.535940,15,15,73,0,0,0,0.4,risk_path,4,Bot1|Bot2|Bot3|Bot4,,1,0
90,0.65,75,440,1410515791,2649707326,3622,0.643911,490,1314,8-14,42-56,9-9,84,76,8,6,88,80,0,0,1,84,1,84,122,1,84,38,1,button,1,84,84,0,7,0,1.0000,1302,0.011775,-1,-1,button,1,84,84,0,7,0,1.0000,1302,0.042031,,-1,button,1,84,84,0,7,0,1.0000,1302,0.055410,-1,,button,1,84,84,0,7,0,1.0000,1302,8.565297,15,15,84,0,0,0,0.4,risk_path,4,Bot1|Bot2|Bot3|Bot4,,1,0
91,0.65,75,440,1198831680,429899597,3632,0.645689,491,1347,53-16,73-34,18-42,46,38,65,61,73,63,0,0,1,46,1,46,102,1,46,56,1,button,1,46,46,0,56,0,1.0000,795,0.003979,-1,-1,button,1,46,46,0,56,0,1.0000,795,0.008423,,-1,button,1,46,46,0,56,0,1.0000,795,0.012646,-1,,button,1,46,46,0,56,0,1.0000,795,3.031149,1,1,46,0,0,0,0.4,risk_path,4,Bot1|Bot2|Bot3|Bot4,,1,0
92,0.65,75,440,2479440059,167758409,3623,0.644089,483,1277,70-63,69-1,24-59,93,63,66,50,109,103,0,0,1,93,1,93,160,1,93,67,1,button,1,93,93,0,67,0,1.0000,2089,0.021690,-1,-1,button,1,93,93,0,67,0,1.0000,2089,0.067446,,-1,button,1,93,93,0,67,0,1.0000,2089,0.082572,-1,,button,1,93,93,0,67,0,1.0000,2089,9.029802,10,10,93,0,0,0,0.4,risk_path,4,Bot1|Bot2|Bot3|Bot4,,1,0
93,0.65,75,440,2629098381,3995597651,3617,0.643022,492,1335,43-38,0-52,68-32,73,57,45,31,106,88,0,0,1,73,1,73,147,1,73,74,1,button,1,73,73,0,53,0,1.0000,1442,0.010590,-1,-1,button,1,73,73,0,53,0,1.0000,1442,0.035048,,-1,button,1,73,73,0,53,0,1.0000,1442,0.048667,-1,,button,1,73,73,0,53,0,1.0000,1442,6.825484,-1,-1,73,0,0,0,0.4,risk_path,4,Bot1|Bot2|Bot3|Bot4,,1,0
94,0.65,75,440,4034527632,2373009210,3618,0.643200,497,1351,2-63,74-14,29-36,133,121,56,54,79,67,1,0,1,133,0,,122,0,,,0,fire_reached_bot,0,32,32,0,0,101,0.2406,435,0.005254,28,27,fire_reached_bot,0,60,46,14,0,121,0.0902,1563,0.174180,,27,fire_reached_bot,0,60,46,14,0,121,0.0902,1563,0.228306,27,,fire_reached_bot,0,60,46,14,0,121,0.0902,1563,8.823047,-1,27,60,0,46,14,,no_path,0,,Bot1|Bot2|Bot3|Bot4,0,1
95,0.65,75,440,83074924,374331740,3621,0.643733,498,1346,0-52,43-16,43-65,89,79,64,56,81,49,1,0,1,89,0,,109,1,89,20,1,button,1,89,89,0,18,0,1.0000,1995,0.018833,-1,-1,button,1,89,89,0,18,0,1.0000,1995,0.055208,,-1,button,1,89,89,0,18,0,1.0000,1995,0.077546,-1,,button,1,89,89,0,18,0,1.0000,1995,9.264819,9,9,89,0,0,0,0.4,risk_path,4,Bot1|Bot2|Bot3|Bot4,,1,0
96,0.65,75,440,902943538,3127573542,3621,0.643733,508,1388,18-50,22-44,54-28,10,10,60,58,50,48,0,0,1,10,1,10,73,1,10,63,1,button,1,10,10,0,63,0,1.0000,24,0.000126,-1,-1,button,1,10,10,0,63,0,1.0000,24,0.000248,,-1,button,1,10,10,0,63,0,1.0000,24,0.000340,-1,,button,1,10,10,0,63,0,1.0000,24,0.268904,3,3,10,0,0,0,0.4,risk_path,4,Bot1|Bot2|Bot3|Bot4,,1,0
97,0.65,75,440,1323143353,2588849054,3631,0.645511,502,1329,18-54,46-56,54-72,50,30,56,54,26,24,1,0,1,50,0,,32,0,,,0,walked_into_fire,0,38,38,0,-5,12,0.7600,,0.002265,33,33,fire_reached_bot,0,47,32,15,-14,18,0.6400,,0.075216,,-1,fire_reached_bot,0,47,32,15,-14,18,0.6400,,0.153870,-1,,fire_reached_bot,0,47,32,15,-14,18,0.6400,,3.691008,-1,-1,47,0,32,15,,no_path,0,,Bot1|Bot2|Bot3|Bot4,0,1
98,0.65,75,440,172568286,2343787580,3644,0.647822,511,1392,60-60,70-36,25-9,36,34,88,86,90,72,0,0,1,36,1,36,129,1,36,93,1,button,1,36,36,0,93,0,1.0000,444,0.001824,-1,-1,button,1,36,36,0,93,0,1.0000,444,0.003985,,-1,button,1,36,36,0,93,0,1.0000,444,0.006238,-1,,button,1,36,36,0,93,0,1.0000,444,2.119654,7,7,36,0,0,0,0.4,risk_path,4,Bot1|Bot2|Bot3|Bot4,,1,0
99,0.65,75,440,398009931,2986606611,3623,0.644089,501,1378,64-44,52-32,42-2,24,24,70,64,48,40,0,0,1,24,1,24,79,1,24,55,1,button,1,24,24,0,55,0,1.0000,115,0.000479,-1,-1,button,1,24,24,0,55,0,1.0000,115,0.001240,,-1,button,1,24,24,0,55,0,1.0000,115,0.001832,-1,,button,1,24,24,0,55,0,1.0000,115,1.020554,-1,-1,24,0,0,0,0.4,risk_path,4,Bot1|Bot2|Bot3|Bot4,,1,0
100,0.65,75,440,2731167691,650338235,3631,0.645511,511,1398,15-65,12-41,22-36,51,27,44,36,15,15,1,0,1,51,0,,21,0,,,0,walked_into_fire,0,38,38,0,-16,13,0.7451,,0.003085,22,22,fire_reached_bot,0,60,21,39,-38,30,0.4118,,0.163632,,-1,fire_reached_bot,0,60,21,39,-38,30,0.4118,,0.336927,-1,,fire_reached_bot,0,60,21,39,-38,30,0.4118,,2.673223,-1,-1,60,0,21,39,,no_path,0,,Bot1|Bot2|Bot3|Bot4,0,1
101,0.65,75,440,3976025462,1984228406,3637,0.646578,518,1371,60-37,47-47,45-51,35,23,37,29,8,6,1,0,1,35,0,,12,0,,,0,walked_into_fire,0,22,22,0,-9,13,0.6286,,0.000624,10,10,fire_reached_bot,0,41,9,32,-28,26,0.2571,,0.155747,,-1,fire_reached_bot,0,41,9,32,-28,26,0.2571,,0.326858,-1,,fire_reached_bot,0,41,9,32,-28,26,0.2571,,1.095201,-1,-1,41,0,9,32,,no_path,0,,Bot1|Bot2|Bot3|Bot4,0,1
102,0.65,75,440,3469237606,1649159914,3647,0.648356,506,1395,16-63,59-25,55-5,89,81,101,97,32,24,1,0,1,89,0,,50,0,,,0,walked_into_fire,0,71,71,0,-20,18,0.7978,,0.009377,51,51,fire_reached_bot,0,76,50,26,-25,39,0.5618,,0.137868,,-1,fire_reached_bot,0,76,50,26,-25,39,0.5618,,0.252339,-1,,fire_reached_bot,0,76,50,26,-25,39,0.5618,,9.547822,-1,-1,76,0,50,26,,no_path,0,,Bot1|Bot2|Bot3|Bot4,0,1
103,0.65,75,440,1354804743,391426036,3643,0.647644,507,1361,49-52,55-52,69-35,8,6,39,37,35,31,0,0,1,8,1,8,50,1,8,42,1,button,1,8,8,0,42,0,1.0000,27,0.000115,-1,-1,button,1,8,8,0,42,0,1.0000,27,0.000195,,-1,button,1,8,8,0,42,0,1.0000,27,0.000276,-1,,button,1,8,8,0,42,0,1.0000,27,0.209695,6,6,8,0,0,0,0.4,risk_path,4,Bot1|Bot2|Bot3|Bot4,,1,0
104,0.65,75,440,4136514547,4012823104,3668,0.652089,517,1436,46-54,39-69,8-3,24,22,95,89,115,97,0,0,1,24,1,24,153,1,24,129,1,button,1,24,24,0,127,0,1.0000,82,0.000495,-1,-1,button,1,24,24,0,127,0,1.0000,82,0.001482,,-1,button,1,24,24,0,127,0,1.0000,82,0.001793,-1,,button,1,24,24,0,127,0,1.0000,82,1.080451,-1,-1,24,0,0,0,0.4,risk_path,4,Bot1|Bot2|Bot3|Bot4,,1,0
105,0.65,75,440,1802906948,4050598220,3643,0.647644,499,1382,33-16,18-43,1-63,58,42,83,79,39,37,1,0,1,58,0,,57,0,,,0,walked_into_fire,0,55,55,0,-1,3,0.9483,534,0.003473,53,52,fire_reached_bot,0,62,57,5,-4,11,0.8103,,0.038148,,52,fire_reached_bot,0,64,57,7,-6,13,0.7759,,0.093161,52,,fire_reached_bot,0,62,57,5,-4,11,0.8103,,6.073210,-1,52,62,0,57,5,,no_path,0,,Bot1|Bot2|Bot3|Bot4,0,1
106,0.65,75,440,4274087871,3596512109,3639,0.646933,511,1331,55-51,1-14,4-69,91,91,81,69,78,58,1,0,1,91,0,,110,1,91,19,1,button,1,91,91,0,15,0,1.0000,1172,0.011815,-1,-1,button,1,91,91,0,15,0,1.0000,1172,0.025250,,-1,button,1,91,91,0,15,0,1.0000,1172,0.039447,-1,,button,1,91,91,0,15,0,1.0000,1172,11.287709,-1,-1,91,10,2,0,0.99,risk_path,4,Bot1|Bot2|Bot3|Bot4,,1,0
107,0.65,75,440,3806192457,1257605443,3641,0.647289,497,1368,71-43,46-0,13-11,72,68,100,90,64,44,1,0,1,72,0,,88,1,72,16,1,button,1,72,72,0,16,0,1.0000,1212,0.012596,-1,-1,button,1,72,72,0,16,0,1.0000,1212,0.028713,,-1,button,1,72,72,0,16,0,1.0000,1212,0.047972,-1,,button,1,72,72,0,16,0,1.0000,1212,7.322478,-1,-1,72,4,0,0,0.8,risk_path,4,Bot1|Bot2|Bot3|Bot4,,1,0
108,0.65,75,440,3395390498,1222503905,3664,0.651378,520,1390,12-36,29-30,4-71,31,23,53,43,68,66,0,0,1,31,1,31,99,1,31,68,1,button,1,31,31,0,58,0,1.0000,191,0.000961,-1,-1,button,1,31,31,0,58,0,1.0000,191,0.003561,,-1,button,1,31,31,0,58,0,1.0000,191,0.004129,-1,,button,1,31,31,0,58,0,1.0000,191,1.629975,14,14,31,0,0,0,0.4,risk_path,4,Bot1|Bot2|Bot3|Bot4,,1,0
109,0.65,75,440,3653473380,1973034153,3655,0.649778,504,1448,65-67,22-22,34-51,96,88,61,47,51,41,1,0,1,96,0,,71,0,,,0,walked_into_fire,0,39,39,0,-1,57,0.4062,402,0.002871,38,38,fire_reached_bot,0,42,42,0,0,60,0.3750,509,0.037980,,-1,fire_reached_bot,0,42,42,0,0,60,0.3750,509,0.047338,-1,,fire_reached_bot,0,42,42,0,0,60,0.3750,509,6.363447,-1,-1,42,0,42,0,,shortest_path_fallback,0,,Bot1|Bot2|Bot3|Bot4,0,1
110,0.65,75,440,4082012561,1074635792,3655,0.649778,497,1382,49-25,32-5,37-65,37,37,64,52,87,65,0,0,1,37,1,37,116,1,37,79,1,button,1,37,37,0,78,0,1.0000,302,0.001432,-1,-1,button,1,37,37,0,78,0,1.0000,302,0.003175,,-1,button,1,37,37,0,78,0,1.0000,302,0.004921,-1,,button,1,37,37,0,78,0,1.0000,302,2.196048,-1,-1,37,0,0,0,0.4,risk_path,4,Bot1|Bot2|Bot3|Bot4,,1,0
111,0.65,75,440,416203697,1615190462,3657,0.650133,504,1392,10-8,49-62,1-12,95,93,25,13,100,98,0,0,1,95,1,95,140,1,95,45,1,button,1,95,95,0,16,0,1.0000,1344,0.013850,-1,-1,button,1,95,95,0,16,0,1.0000,1344,0.036731,,-1,button,1,95,95,0,16,0,1.0000,1344,0.058826,-1,,button,1,95,95,0,20,0,1.0000,1344,11.052675,4,4,95,0,0,0,0.4,risk_path,4,Bot1|Bot2|Bot3|Bot4,,1,0
112,0.65,75,440,2193764734,2138228930,3634,0.646044,495,1355,5-53,26-8,50-73,84,66,77,65,95,89,0,0,1,84,1,84,120,1,84,36,1,button,1,84,84,0,36,0,1.0000,1531,0.017835,-1,-1,button,1,84,84,0,36,0,1.0000,1531,0.053261,,-1,button,1,84,84,0,36,0,1.0000,1531,0.086116,-1,,button,1,84,84,0,36,0,1.0000,1531,9.192839,17,17,84,0,0,0,0.4,risk_path,4,Bot1|Bot2|Bot3|Bot4,,1,0
113,0.65,75,440,901889356,3820153862,3646,0.648178,513,1391,62-42,17-55,3-0,66,58,105,101,77,69,0,0,1,66,1,66,102,1,66,36,1,button,1,66,66,0,36,0,1.0000,596,0.005989,-1,-1,button,1,66,66,0,36,0,1.0000,596,0.012652,,-1,button,1,66,66,0,36,0,1.0000,596,0.020666,-1,,button,1,66,66,0,36,0,1.0000,596,7.094357,-1,-1,66,0,0,0,0.4,risk_path,4,Bot1|Bot2|Bot3|Bot4,,1,0
114,0.65,75,440,1911151784,3134867747,3627,0.644800,498,1377,36-73,65-72,37-32,52,30,56,42,72,68,0,0,1,52,1,52,107,1,52,55,1,button,1,52,52,0,49,0,1.0000,1178,0.006804,-1,-1,button,1,52,52,0,49,0,1.0000,1178,0.012884,,-1,button,1,52,52,0,49,0,1.0000,1178,0.023183,-1,,button,1,52,52,0,47,0,1.0000,1178,3.701973,35,35,52,0,0,0,0.4,risk_path,4,Bot1|Bot2|Bot3|Bot4,,1,0
115,0.65,75,440,1828045502,3560377918,3637,0.646578,489,1362,63-14,43-70,18-23,94,76,60,54,80,72,1,0,1,94,0,,113,1,94,19,1,button,1,94,94,0,18,0,1.0000,2534,0.030639,-1,-1,button,1,94,94,0,18,0,1.0000,2534,0.084060,,-1,button,1,94,94,0,18,0,1.0000,2534,0.135626,-1,,button,1,94,94,0,18,0,1.0000,2534,9.543665,-1,-1,94,5,0,0,0.99,risk_path,4,Bot1|Bot2|Bot3|Bot4,,1,0
116,0.65,75,440,794248593,1319229455,3632,0.645689,513,1408,15-60,69-51,1-71,83,63,27,25,92,88,0,0,1,83,1,83,137,1,83,54,1,button,1,83,83,0,20,0,1.0000,1110,0.008648,-1,-1,button,1,83,83,0,20,0,1.0000,1110,0.028175,,-1,button,1,83,83,0,20,0,1.0000,1110,0.043388,-1,,button,1,83,83,0,20,0,1.0000,1110,10.157243,22,22,83,0,0,0,0.4,risk_path,4,Bot1|Bot2|Bot3|Bot4,,1,0
117,0.65,75,440,247906182,231731730,3642,0.647467,494,1409,20-61,54-52,41-36,51,43,52,46,37,29,1,0,1,51,0,,51,0,,,0,fire_reached_bot,0,45,45,0,0,6,0.8824,778,0.003876,45,44,fire_reached_bot,0,50,47,3,0,10,0.8039,1001,0.011120,,44,fire_reached_bot,0,52,47,5,0,12,0.7647,,0.018635,44,,fire_reached_bot,0,50,47,3,0,10,0.8039,1001,4.513470,43,43,50,5,42,3,0.99,no_path,0,,Bot1|Bot2|Bot3|Bot4,0,1
118,0.65,75,440,2338859109,2503174722,3651,0.649067,498,1365,60-47,39-67,22-52,49,41,55,43,40,32,1,0,1,49,0,,47,0,,,0,fire_reached_bot,0,29,29,0,0,20,0.5918,341,0.001508,29,26,fire_reached_bot,0,36,36,0,0,21,0.5714,563,0.007432,,26,fire_reached_bot,0,51,47,4,-3,16,0.6735,,0.023580,26,,fire_reached_bot,0,36,36,0,0,21,0.5714,563,4.081727,-1,26,36,0,36,0,,shortest_path_fallback,0,,Bot1|Bot2|Bot3|Bot4,0,1
119,0.65,75,440,2795650116,841446020,3644,0.647822,511,1355,59-73,29-38,14-26,65,65,92,92,27,27,1,0,1,65,0,,37,0,,,0,fire_reached_bot,0,52,52,0,-14,13,0.8000,,0.006430,38,38,fire_reached_bot,0,71,37,34,-33,28,0.5692,,0.135326,,-1,fire_reached_bot,0,71,37,34,-33,28,0.5692,,0.290366,-1,,fire_reached_bot,0,71,37,34,-33,28,0.5692,,6.425666,-1,-1,71,0,37,34,,no_path,0,,Bot1|Bot2|Bot3|Bot4,0,1
120,0.65,75,440,2363225837,4020754255,3642,0.647467,496,1398,9-74,30-27,35-63,78,68,53,37,53,41,1,0,1,78,0,,65,0,,,0,walked_into_fire,0,54,54,0,-1,24,0.6923,986,0.006048,53,52,fire_reached_bot,0,71,65,6,-5,35,0.5513,,0.055819,,52,fire_reached_bot,0,73,65,8,-7,37,0.5256,,0.114806,52,,fire_reached_bot,0,71,65,6,-5,35,0.5513,,8.344442,-1,52,71,0,65,6,,no_path,0,,Bot1|Bot2|Bot3|Bot4,0,1
121,0.65,75,440,272157506,212865656,3665,0.651556,503,1381,45-19,17-12,29-12,43,35,25,23,24,12,1,0,1,43,0,,41,0,,,0,fire_reached_bot,0,23,23,0,0,20,0.5349,172,0.000875,-1,21,fire_reached_bot,0,23,23,0,0,20,0.5349,172,0.004805,,21,fire_reached_bot,0,36,32,4,0,23,0.4651,434,0.012629,21,,fire_reached_bot,0,23,23,0,0,20,0.5349,172,3.117801,-1,21,23,0,23,0,,shortest_path_fallback,0,,Bot1|Bot2|Bot3|Bot4,0,1
122,0.65,75,440,377564765,534516638,3632,0.645689,502,1362,27-3,24-11,67-44,15,11,83,81,82,76,0,0,1,15,1,15,114,1,15,99,1,button,1,15,15,0,99,0,1.0000,98,0.000304,-1,-1,button,1,15,15,0,99,0,1.0000,98,0.000580,,-1,button,1,15,15,0,99,0,1.0000,98,0.001178,-1,,button,1,15,15,0,99,0,1.0000,98,0.521939,-1,-1,15,0,0,0,0.4,risk_path,4,Bot1|Bot2|Bot3|Bot4,,1,0
123,0.65,75,440,1595995648,4164420774,3638,0.646756,514,1373,61-17,41-64,33-69,75,67,88,80,21,13,1,0,1,75,0,,30,0,,,0,walked_into_fire,0,51,51,0,-20,24,0.6800,,0.003066,28,28,fire_reached_bot,0,88,27,61,-57,48,0.3600,,0.266586,,-1,fire_reached_bot,0,88,27,61,-57,48,0.3600,,0.582506,-1,,fire_reached_bot,0,88,27,61,-57,48,0.3600,,5.863851,-1,-1,88,0,27,61,,no_path,0,,Bot1|Bot2|Bot3|Bot4,0,1
124,0.65,75,440,2851316964,3849568425,3612,0.642133,497,1349,30-47,1-14,18-2,64,62,73,57,31,29,1,0,1,64,0,,48,0,,,0,walked_into_fire,0,47,47,0,-1,17,0.7344,510,0.002665,46,46,fire_reached_bot,0,49,45,4,0,19,0.7031,,0.029455,,-1,fire_reached_bot,0,49,45,4,0,19,0.7031,,0.061434,-1,,fire_reached_bot,0,49,45,4,0,19,0.7031,,6.465098,-1,-1,49,0,45,4,,no_path,0,,Bot1|Bot2|Bot3|Bot4,0,1
125,0.65,75,440,75640016,983425269,3623,0.644089,509,1341,47-43,18-9,40-9,73,63,43,41,34,22,1,0,1,73,0,,44,0,,,0,fire_reached_bot,0,34,34,0,0,39,0.4658,371,0.002322,-1,34,fire_reached_bot,0,34,34,0,0,39,0.4658,371,0.012642,,34,fire_reached_bot,0,51,44,7,-6,51,0.3014,,0.086489,34,,fire_reached_bot,0,34,34,0,0,39,0.4658,371,5.151158,-1,34,34,0,34,0,,shortest_path_fallback,0,,Bot1|Bot2|Bot3|Bot4,0,1
126,0.65,75,440,2257855052,553856936,3648,0.648533,488,1395,40-62,42-9,71-44,85,55,51,49,70,64,1,0,1,85,0,,98,1,85,13,1,button,1,85,85,0,3,0,1.0000,1633,0.016924,-1,-1,button,1,85,85,0,3,0,1.0000,1633,0.047418,,-1,button,1,85,85,0,3,0,1.0000,1633,0.076412,-1,,button,1,85,85,0,3,0,1.0000,1633,10.735323,-1,-1,85,7,40,0,0.99,risk_path,4,Bot1|Bot2|Bot3|Bot4,,1,0
127,0.65,75,440,2387835660,4210166861,3638,0.646756,493,1389,16-46,13-0,26-22,61,49,38,34,35,35,1,0,1,61,0,,56,0,,,0,fire_reached_bot,0,25,25,0,0,36,0.4098,292,0.001238,24,24,fire_reached_bot,0,27,23,4,0,38,0.3770,339,0.024734,,-1,fire_reached_bot,0,27,23,4,0,38,0.3770,339,0.056610,-1,,fire_reached_bot,0,27,23,4,0,38,0.3770,339,3.788666,-1,-1,27,0,23,4,,no_path,0,,Bot1|Bot2|Bot3|Bot4,0,1
128,0.65,75,440,880119995,1942672215,3641,0.647289,524,1390,39-49,62-0,18-73,82,72,45,45,127,117,0,0,1,82,1,82,183,1,82,101,1,button,1,82,82,0,65,0,1.0000,1321,0.014356,-1,-1,button,1,82,82,0,65,0,1.0000,1321,0.040739,,-1,button,1,82,82,0,65,0,1.0000,1321,0.068977,-1,,button,1,82,82,0,65,0,1.0000,1321,9.122722,4,4,82,0,0,0,0.4,risk_path,4,Bot1|Bot2|Bot3|Bot4,,1,0
129,0.65,75,440,2335898079,2211249253,3628,0.644978,514,1381,37-2,64-0,45-5,67,29,11,11,58,24,1,0,1,67,0,,91,0,,,0,walked_into_fire,0,8,8,0,-4,59,0.1194,11,0.000554,3,1,fire_reached_bot,0,47,46,1,0,61,0.0896,318,0.028935,,1,fire_reached_bot,0,83,76,7,0,75,-0.1194,1453,0.122245,1,,fire_reached_bot,0,47,46,1,0,61,0.0896,318,8.603609,-1,1,47,0,46,1,,no_path,0,,Bot1|Bot2|Bot3|Bot4,0,1
130,0.65,75,440,1465691200,1383389641,3648,0.648533,504,1394,67-45,2-1,32-38,111,109,54,42,67,67,1,0,1,111,0,,93,0,,,0,walked_into_fire,0,32,32,0,-2,79,0.2883,394,0.001795,27,23,fire_reached_bot,0,70,64,6,0,73,0.3423,2292,0.057978,,23,fire_reached_bot,0,74,64,10,0,69,0.3784,2515,0.105960,23,,fire_reached_bot,0,70,64,6,0,73,0.3423,2292,9.876315,-1,23,70,0,64,6,,no_path,0,,Bot1|Bot2|Bot3|Bot4,0,1
131,0.65,75,440,440757090,857276793,3614,0.642489,500,1344,44-57,14-72,67-57,47,45,29,23,76,68,0,0,1,47,1,47,103,1,47,56,1,button,1,47,47,0,42,0,1.0000,629,0.003579,-1,-1,button,1,47,47,0,42,0,1.0000,629,0.008985,,-1,button,1,47,47,0,42,0,1.0000,629,0.013240,-1,,button,1,47,47,0,42,0,1.0000,629,3.523670,-1,-1,47,0,0,0,0.4,risk_path,4,Bot1|Bot2|Bot3|Bot4,,1,0
132,0.65,75,440,3555543580,3812448778,3626,0.644622,494,1308,13-24,61-74,48-37,102,98,60,48,52,50,1,0,1,102,0,,80,0,,,0,walked_into_fire,0,40,40,0,-3,62,0.3922,411,0.002254,33,33,fire_reached_bot,0,78,63,15,0,65,0.3627,2171,0.080615,,-1,fire_reached_bot,0,78,63,15,0,65,0.3627,2171,0.139954,-1,,fire_reached_bot,0,78,63,15,0,65,0.3627,2171,10.024723,-1,-1,78,0,63,15,,no_path,0,,Bot1|Bot2|Bot3|Bot4,0,1
133,0.65,75,440,948442129,703702193,3606,0.641067,489,1329,17-44,66-21,47-52,80,72,44,38,60,50,1,0,1,80,0,,83,1,80,3,1,button,1,80,80,0,3,0,1.0000,1793,0.016809,-1,-1,button,1,80,80,0,3,0,1.0000,1793,0.049124,,-1,button,1,80,80,0,3,0,1.0000,1793,0.068369,-1,,button,1,80,80,0,3,0,1.0000,1793,9.622783,41,41,80,31,40,0,0.99,risk_path,4,Bot1|Bot2|Bot3|Bot4,,1,0
134,0.65,75,440,1102281211,3563752405,3654,0.649600,503,1348,15-61,46-3,6-5,101,89,91,65,70,42,1,0,1,101,0,,97,0,,,0,fire_reached_bot,0,73,73,0,0,28,0.7228,711,0.006375,70,70,fire_reached_bot,0,101,97,4,-3,18,0.8218,,0.082928,,89,fire_reached_bot,0,101,97,4,-3,18,0.8218,,0.127686,89,,fire_reached_bot,0,101,97,4,-3,18,0.8218,,16.298387,-1,89,101,0,97,4,,no_path,0,,Bot1|Bot2|Bot3|Bot4,0,1
135,0.65,75,440,807723142,2871911597,3642,0.647467,509,1338,62-61,53-43,38-3,37,27,96,82,69,55,0,0,1,37,1,37,96,1,37,59,1,button,1,37,37,0,58,0,1.0000,428,0.002114,-1,-1,button,1,37,37,0,58,0,1.0000,428,0.005126,,-1,button,1,37,37,0,58,0,1.0000,428,0.007134,-1,,button,1,37,37,0,58,0,1.0000,428,2.193373,-1,-1,37,0,0,0,0.4,risk_path,4,Bot1|Bot2|Bot3|Bot4,,1,0
136,0.65,75,440,1899007051,3079980098,3638,0.646756,507,1386,8-11,70-74,66-70,137,125,125,117,32,8,1,0,1,137,0,,45,0,,,0,walked_into_fire,0,73,73,0,-27,64,0.5328,,0.010224,20,20,fire_reached_bot,0,150,19,131,-104,118,0.1387,,0.549332,,-1,fire_reached_bot,0,150,19,131,-104,118,0.1387,,1.114512,-1,,fire_reached_bot,0,150,19,131,-104,118,0.1387,,6.089474,-1,-1,150,0,19,131,,no_path,0,,Bot1|Bot2|Bot3|Bot4,0,1
137,0.65,75,440,647213272,3488528219,3639,0.646933,496,1345,70-47,48-57,68-22,44,32,33,27,57,55,0,0,1,44,1,44,89,1,44,45,1,button,1,44,44,0,41,0,1.0000,601,0.003260,-1,-1,button,1,44,44,0,41,0,1.0000,601,0.008357,,-1,button,1,44,44,0,41,0,1.0000,601,0.011187,-1,,button,1,44,44,0,41,0,1.0000,601,3.235108,-1,-1,44,0,0,0,0.4,risk_path,4,Bot1|Bot2|Bot3|Bot4,,1,0
138,0.65,75,440,2955646883,1522454323,3639,0.646933,498,1348,70-34,60-68,42-16,66,44,52,46,88,70,0,0,1,66,1,66,129,1,66,63,1,button,1,66,66,0,63,0,1.0000,1375,0.012129,-1,-1,button,1,66,66,0,63,0,1.0000,1375,0.026554,,-1,button,1,66,66,0,63,0,1.0000,1375,0.035611,-1,,button,1,66,66,0,63,0,1.0000,1375,6.302910,60,60,66,0,0,0,0.4,risk_path,4,Bot1|Bot2|Bot3|Bot4,,1,0
139,0.65,75,440,3313783522,2464351505,3645,0.648000,495,1407,56-27,40-63,31-4,64,52,54,48,80,68,0,0,1,64,1,64,113,1,64,49,1,button,1,64,64,0,35,0,1.0000,1060,0.010928,-1,-1,button,1,64,64,0,35,0,1.0000,1060,0.021287,,-1,button,1,64,64,0,35,0,1.0000,1060,0.042468,-1,,button,1,64,64,0,35,0,1.0000,1060,6.111280,50,50,64,0,0,0,0.4,risk_path,4,Bot1|Bot2|Bot3|Bot4,,1,0
140,0.65,75,440,3452405857,2375599770,3649,0.648711,506,1372,37-2,71-34,45-58,70,66,82,64,60,50,1,0,1,70,0,,84,1,70,14,1,button,1,70,70,0,12,0,1.0000,1537,0.011888,-1,-1,button,1,70,70,0,12,0,1.0000,1537,0.031997,,-1,button,1,70,70,0,12,0,1.0000,1537,0.059679,-1,,button,1,70,70,0,12,0,1.0000,1537,6.548597,6,6,70,15,0,0,0.99,risk_path,4,Bot1|Bot2|Bot3|Bot4,,1,0
141,0.65,75,440,1002585984,1855575115,3672,0.652800,510,1408,39-60,63-11,65-29,83,73,63,57,26,20,1,0,1,83,0,,41,0,,,0,walked_into_fire,0,36,36,0,-1,47,0.4337,400,0.002664,20,20,fire_reached_bot,0,45,41,4,-3,52,0.3735,,0.055999,,39,fire_reached_bot,0,45,41,4,-3,50,0.3976,,0.092727,39,,fire_reached_bot,0,45,41,4,-3,52,0.3735,,7.909854,-1,39,45,0,41,4,,no_path,0,,Bot1|Bot2|Bot3|Bot4,0,1
142,0.65,75,440,216244798,858947628,3652,0.649244,509,1403,47-4,42-58,32-25,87,59,40,36,61,43,1,0,1,87,0,,93,0,,,0,walked_into_fire,0,42,42,0,-1,45,0.4828,667,0.004006,37,36,fire_reached_bot,0,97,90,7,-3,9,0.8966,,0.087123,,36,fire_reached_bot,0,95,90,5,-1,7,0.9195,,0.134365,36,,fire_reached_bot,0,97,90,7,-3,9,0.8966,,9.559967,-1,36,97,0,90,7,,no_path,0,,Bot1|Bot2|Bot3|Bot4,0,1
143,0.65,75,440,1035138522,1426829652,3638,0.646756,509,1403,25-73,20-22,66-72,76,56,68,42,98,96,0,0,1,76,1,76,126,1,76,50,1,button,1,76,76,0,48,0,1.0000,1020,0.009683,-1,-1,button,1,76,76,0,48,0,1.0000,1020,0.036433,,-1,button,1,76,76,0,48,0,1.0000,1020,0.045189,-1,,button,1,76,76,0,48,0,1.0000,1020,8.699720,-1,-1,76,0,0,0,0.4,risk_path,4,Bot1|Bot2|Bot3|Bot4,,1,0
144,0.65,75,440,833741974,2067007930,3647,0.648356,507,1395,18-23,49-6,31-6,66,48,50,30,28,18,1,0,1,66,0,,44,0,,,0,walked_into_fire,0,28,28,0,-1,38,0.4242,224,0.001439,25,23,fire_reached_bot,0,54,40,14,-9,58,0.1212,,0.078496,,23,fire_reached_bot,0,59,40,19,-14,54,0.1818,,0.207640,23,,fire_reached_bot,0,54,40,14,-9,58,0.1212,,6.404001,-1,23,54,0,40,14,,no_path,0,,Bot1|Bot2|Bot3|Bot4,0,1
145,0.65,75,440,2337670084,113731334,3646,0.648178,502,1417,55-29,37-24,34-37,45,23,45,29,28,16,1,0,1,45,0,,36,0,,,0,fire_reached_bot,0,36,36,0,0,9,0.8000,543,0.003283,31,31,fire_reached_bot,0,35,30,5,0,15,0.6667,504,0.035265,,-1,fire_reached_bot,0,35,30,5,0,15,0.6667,504,0.075248,-1,,fire_reached_bot,0,35,30,5,0,15,0.6667,504,3.188439,-1,-1,35,0,30,5,,no_path,0,,Bot1|Bot2|Bot3|Bot4,0,1
146,0.65,75,440,1787649367,1167024077,3657,0.650133,512,1392,14-28,1-15,50-67,26,26,83,75,107,101,0,0,1,26,1,26,158,1,26,132,1,button,1,26,26,0,119,0,1.0000,144,0.000685,-1,-1,button,1,26,26,0,119,0,1.0000,144,0.001700,,-1,button,1,26,26,0,119,0,1.0000,144,0.002309,-1,,button,1,26,26,0,119,0,1.0000,144,1.224460,-1,-1,26,0,0,0,0.4,risk_path,4,Bot1|Bot2|Bot3|Bot4,,1,0
147,0.65,75,440,979999953,4214328274,3643,0.647644,509,1369,73-50,6-59,2-35,108,76,110,86,54,28,1,0,1,108,0,,90,0,,,0,walked_into_fire,0,76,76,0,-2,32,0.7037,1102,0.011541,75,72,fire_reached_bot,0,75,74,1,0,34,0.6852,1102,0.074599,,72,fire_reached_bot,0,107,90,17,-16,56,0.4815,,0.219810,72,,fire_reached_bot,0,75,74,1,0,34,0.6852,1102,13.222693,-1,72,75,0,74,1,,no_path,0,,Bot1|Bot2|Bot3|Bot4,0,1
148,0.65,75,440,1054847335,3500475643,3631,0.645511,510,1332,16-42,50-74,65-40,70,66,67,51,55,49,1,0,1,70,0,,89,1,70,19,1,button,1,70,70,0,19,0,1.0000,1509,0.011107,-1,-1,button,1,70,70,0,19,0,1.0000,1509,0.019395,,-1,button,1,70,70,0,19,0,1.0000,1509,0.036807,-1,,button,1,70,70,0,19,0,1.0000,1509,7.585523,49,49,70,9,20,0,0.99,risk_path,4,Bot1|Bot2|Bot3|Bot4,,1,0
149,0.65,75,440,175257072,1831328636,3645,0.648000,497,1375,51-67,36-24,24-26,78,58,76,68,16,14,1,0,1,78,0,,20,0,,,0,fire_reached_bot,0,48,48,0,-27,30,0.6154,,0.005666,19,19,fire_reached_bot,0,79,18,61,-58,60,0.2308,,0.233095,,-1,fire_reached_bot,0,79,18,61,-58,60,0.2308,,0.493593,-1,,fire_reached_bot,0,79,18,61,-58,60,0.2308,,3.441704,-1,-1,79,0,18,61,,no_path,0,,Bot1|Bot2|Bot3|Bot4,0,1
150,0.65,75,440,782275208,1449296483,3626,0.644622,490,1345,36-22,61-74,74-15,91,77,59,45,76,72,1,0,1,91,0,,105,1,91,14,1,button,1,91,91,0,14,0,1.0000,1670,0.017183,-1,-1,button,1,91,91,0,14,0,1.0000,1670,0.047882,,-1,button,1,91,91,0,14,0,1.0000,1670,0.069799,-1,,button,1,91,91,0,14,0,1.0000,1670,11.660874,10,10,91,20,19,0,0.99,risk_path,4,Bot1|Bot2|Bot3|Bot4,,1,0
151,0.65,75,440,1315622670,76071239,3641,0.647289,502,1361,31-53,41-5,48-29,80,58,61,41,35,31,1,0,1,80,0,,41,0,,,0,walked_into_fire,0,35,35,0,-1,45,0.4375,323,0.002321,32,32,fire_reached_bot,0,50,39,11,-8,45,0.4375,,0.071452,,-1,fire_reached_bot,0,50,39,11,-8,45,0.4375,,0.122898,-1,,fire_reached_bot,0,50,39,11,-8,45,0.4375,,7.346010,-1,-1,50,0,39,11,,no_path,0,,Bot1|Bot2|Bot3|Bot4,0,1
152,0.65,75,440,3579991625,3229194548,3608,0.641422,497,1331,48-13,34-13,13-45,32,14,69,67,65,53,0,0,1,32,1,32,94,1,32,62,1,button,1,32,32,0,58,0,1.0000,387,0.001466,-1,-1,button,1,32,32,0,58,0,1.0000,387,0.004802,,-1,button,1,32,32,0,58,0,1.0000,387,0.006598,-1,,button,1,32,32,0,58,0,1.0000,387,1.761219,-1,-1,32,0,0,0,0.4,risk_path,4,Bot1|Bot2|Bot3|Bot4,,1,0
153,0.65,75,440,3847139812,3509606694,3641,0.647289,498,1353,5-25,63-60,7-65,105,93,70,42,91,61,1,0,1,105,0,,127,1,105,22,1,button,1,105,105,0,3,0,1.0000,1966,0.022802,-1,-1,button,1,105,105,0,3,0,1.0000,1966,0.083020,,-1,button,1,105,105,0,3,0,1.0000,1966,0.128113,-1,,button,1,105,105,0,3,0,1.0000,1966,14.947943,25,25,105,15,27,0,0.99,risk_path,4,Bot1|Bot2|Bot3|Bot4,,1,0
154,0.65,75,440,3024991366,1532867464,3642,0.647467,510,1382,14-15,44-47,50-59,66,62,86,80,20,18,1,0,1,66,0,,35,0,,,0,fire_reached_bot,0,53,53,0,-17,13,0.8030,,0.005476,36,36,fire_reached_bot,0,78,35,43,-42,31,0.5303,,0.174919,,-1,fire_reached_bot,0,78,35,43,-42,31,0.5303,,0.394456,-1,,fire_reached_bot,0,78,35,43,-42,31,0.5303,,5.177634,-1,-1,78,0,35,43,,no_path,0,,Bot1|Bot2|Bot3|Bot4,0,1
155,0.65,75,440,77398656,2952771356,3656,0.649956,502,1378,31-28,68-3,37-6,66,62,34,28,46,34,1,0,1,66,0,,64,0,,,0,fire_reached_bot,0,48,48,0,0,18,0.7273,654,0.003837,-1,47,fire_reached_bot,0,48,48,0,0,18,0.7273,654,0.011301,,47,fire_reached_bot,0,77,64,13,-12,24,0.6364,,0.111515,47,,fire_reached_bot,0,48,48,0,0,18,0.7273,654,6.538830,-1,47,48,0,48,0,,shortest_path_fallback,0,,Bot1|Bot2|Bot3|Bot4,0,1
156,0.65,75,440,1479374087,890278548,3637,0.646578,485,1364,25-27,72-41,49-50,75,61,57,47,46,32,1,0,1,75,0,,59,0,,,0,fire_reached_bot,0,35,35,0,0,40,0.4667,340,0.002184,30,30,fire_reached_bot,0,57,57,0,0,18,0.7600,1124,0.027200,,56,fire_reached_bot,0,64,58,6,-4,23,0.6933,,0.083372,56,,fire_reached_bot,0,57,57,0,0,18,0.7600,1124,6.711240,-1,56,57,0,57,0,,shortest_path_fallback,0,,Bot1|Bot2|Bot3|Bot4,0,1
157,0.65,75,440,2224295823,2491851967,3652,0.649244,510,1364,9-52,44-18,52-33,75,69,76,62,25,23,1,0,1,75,0,,34,0,,,0,fire_reached_bot,0,48,48,0,-13,27,0.6400,,0.006251,35,35,fire_reached_bot,0,60,34,26,-25,41,0.4533,,0.103992,,-1,fire_reached_bot,0,60,34,26,-25,41,0.4533,,0.245728,-1,,fire_reached_bot,0,60,34,26,-25,41,0.4533,,5.535258,-1,-1,60,0,34,26,,no_path,0,,Bot1|Bot2|Bot3|Bot4,0,1
158,0.65,75,440,4250350007,863802251,3634,0.646044,516,1368,52-14,14-5,70-62,57,47,82,66,123,113,0,0,1,57,1,57,158,1,57,101,1,button,1,57,57,0,101,0,1.0000,628,0.003906,-1,-1,button,1,57,57,0,101,0,1.0000,628,0.012661,,-1,button,1,57,57,0,101,0,1.0000,628,0.019634,-1,,button,1,57,57,0,101,0,1.0000,628,5.191404,-1,-1,57,0,0,0,0.4,risk_path,4,Bot1|Bot2|Bot3|Bot4,,1,0
159,0.65,75,440,1797411092,3333033759,3625,0.644444,505,1318,69-22,18-54,2-51,89,83,106,96,21,19,1,0,1,89,0,,31,0,,,0,fire_reached_bot,0,63,63,0,-31,26,0.7079,,0.005952,32,32,fire_reached_bot,0,115,31,84,-83,58,0.3483,,0.364211,,-1,fire_reached_bot,0,115,31,84,-83,58,0.3483,,0.699904,-1,,fire_reached_bot,0,115,31,84,-83,58,0.3483,,7.516542,-1,-1,115,0,31,84,,no_path,0,,Bot1|Bot2|Bot3|Bot4,0,1
160,0.65,75,440,2622103724,4030296821,3630,0.645333,510,1345,71-28,17-69,71-57,103,95,41,29,98,66,1,0,1,103,0,,141,1,103,38,1,button,1,103,103,0,26,0,1.0000,1802,0.020457,-1,-1,button,1,103,103,0,26,0,1.0000,1802,0.090491,,-1,button,1,103,103,0,26,0,1.0000,1802,0.122372,-1,,button,1,103,103,0,20,0,1.0000,1802,12.732911,16,16,103,0,0,0,0.4,risk_path,4,Bot1|Bot2|Bot3|Bot4,,1,0
161,0.65,75,440,2317555799,151919511,3653,0.649422,497,1386,39-11,9-48,34-21,71,67,19,15,58,52,1,0,1,71,0,,89,1,77,12,0,fire_reached_bot,0,36,36,0,0,35,0.5070,366,0.001814,-1,35,fire_reached_bot,0,36,36,0,0,35,0.5070,366,0.011965,,35,button,1,81,81,0,1,0,1.0000,2073,0.054668,35,,fire_reached_bot,0,36,36,0,0,35,0.5070,366,5.043131,-1,35,36,7,29,0,0.99,risk_path,1,Bot3,Bot1|Bot2|Bot4,0,0
162,0.65,75,440,197254622,1131390103,3628,0.644978,492,1357,64-4,48-48,10-59,78,60,119,109,69,49,1,0,1,78,0,,91,1,78,13,1,button,1,78,78,0,11,0,1.0000,1020,0.008611,-1,-1,button,1,78,78,0,11,0,1.0000,1020,0.038106,,-1,button,1,78,78,0,11,0,1.0000,1020,0.051587,-1,,button,1,78,78,0,11,0,1.0000,1020,9.018474,-1,-1,78,0,0,0,0.4,risk_path,4,Bot1|Bot2|Bot3|Bot4,,1,0
163,0.65,75,440,2939572986,872181782,3637,0.646578,492,1354,24-49,24-6,26-14,61,43,47,37,26,10,1,0,1,61,0,,37,0,,,0,fire_reached_bot,0,28,28,0,0,33,0.4590,279,0.001434,20,19,fire_reached_bot,0,40,33,7,-2,36,0.4098,,0.044657,,19,fire_reached_bot,0,43,33,10,-5,38,0.3770,,0.123621,19,,fire_reached_bot,0,40,33,7,-2,36,0.4098,,5.192959,-1,19,40,0,33,7,,no_path,0,,Bot1|Bot2|Bot3|Bot4,0,1
164,0.65,75,440,318478055,3662582948,3642,0.647467,515,1402,71-51,66-61,54-8,21,15,76,60,89,65,0,0,1,21,1,21,121,1,21,100,1,button,1,21,21,0,100,0,1.0000,117,0.000413,-1,-1,button,1,21,21,0,100,0,1.0000,117,0.001327,,-1,button,1,21,21,0,100,0,1.0000,117,0.001776,-1,,button,1,21,21,0,100,0,1.0000,117,1.290809,-1,-1,21,0,0,0,0.4,risk_path,4,Bot1|Bot2|Bot3|Bot4,,1,0
165,0.65,75,440,4153650681,247554762,3644,0.647822,510,1382,64-68,47-30,67-69,71,55,10,4,81,59,0,0,1,71,1,71,115,1,71,44,1,button,1,71,71,0,14,0,1.0000,723,0.005798,-1,-1,button,1,71,71,0,14,0,1.0000,723,0.027875,,-1,button,1,71,71,0,14,0,1.0000,723,0.034055,-1,,button,1,71,71,0,14,0,1.0000,723,8.309169,-1,-1,71,0,0,0,0.4,risk_path,4,Bot1|Bot2|Bot3|Bot4,,1,0
166,0.65,75,440,3449166865,1705888709,3633,0.645867,507,1380,4-1,11-58,21-60,82,64,84,76,34,12,1,0,1,82,0,,47,0,,,0,fire_reached_bot,0,49,49,0,-1,33,0.5976,,0.004071,44,44,fire_reached_bot,0,57,43,14,-9,39,0.5244,,0.085501,,-1,fire_reached_bot,0,57,43,14,-9,39,0.5244,,0.158104,-1,,fire_reached_bot,0,57,43,14,-9,39,0.5244,,7.203357,-1,-1,57,0,43,14,,no_path,0,,Bot1|Bot2|Bot3|Bot4,0,1
167,0.65,75,440,922269232,2098977963,3647,0.648356,511,1360,13-1,33-41,63-8,76,60,65,57,65,63,1,0,1,76,0,,84,1,76,8,1,button,1,76,76,0,8,0,1.0000,1296,0.011353,-1,-1,button,1,76,76,0,8,0,1.0000,1296,0.034718,,-1,button,1,76,76,0,8,0,1.0000,1296,0.056849,-1,,button,1,76,76,0,8,0,1.0000,1296,8.241293,26,26,76,15,5,0,0.99,risk_path,4,Bot1|Bot2|Bot3|Bot4,,1,0
168,0.65,75,440,544612032,2877135198,3672,0.652800,519,1443,73-8,4-23,58-24,108,84,33,31,77,55,1,0,1,108,0,,102,0,,,0,fire_reached_bot,0,44,44,0,0,64,0.4074,760,0.005362,-1,43,fire_reached_bot,0,44,44,0,0,64,0.4074,760,0.052361,,43,fire_reached_bot,0,53,47,6,0,71,0.3426,1066,0.071569,43,,fire_reached_bot,0,44,44,0,0,64,0.4074,760,7.225102,-1,43,44,0,44,0,,shortest_path_fallback,0,,Bot1|Bot2|Bot3|Bot4,0,1
169,0.65,75,440,3778881665,2740835865,3659,0.650489,524,1370,53-11,25-60,12-64,89,77,106,94,17,17,1,0,1,89,0,,25,0,,,0,fire_reached_bot,0,62,62,0,-36,27,0.6966,,0.007572,26,26,fire_reached_bot,0,114,25,89,-88,64,0.2809,,0.364175,,-1,fire_reached_bot,0,114,25,89,-88,64,0.2809,,0.784265,-1,,fire_reached_bot,0,114,25,89,-88,64,0.2809,,6.448192,-1,-1,114,0,25,89,,no_path,0,,Bot1|Bot2|Bot3|Bot4,0,1
170,0.65,75,440,229250927,3518222234,3643,0.647644,495,1356,14-12,17-54,46-5,67,45,45,39,78,78,0,0,1,67,1,67,115,1,67,48,1,button,1,67,67,0,48,0,1.0000,1134,0.007600,-1,-1,button,1,67,67,0,48,0,1.0000,1134,0.025093,,-1,button,1,67,67,0,48,0,1.0000,1134,0.041712,-1,,button,1,67,67,0,48,0,1.0000,1134,6.400912,26,26,67,0,0,0,0.4,risk_path,4,Bot1|Bot2|Bot3|Bot4,,1,0
171,0.65,75,440,1085318485,4112605803,3639,0.646933,508,1381,36-73,72-19,35-7,98,90,87,67,55,49,1,0,1,98,0,,81,0,,,0,fire_reached_bot,0,61,61,0,0,37,0.6224,1113,0.008876,58,58,fire_reached_bot,0,90,80,10,-8,22,0.7755,,0.100882,,-1,fire_reached_bot,0,90,80,10,-8,22,0.7755,,0.165987,-1,,fire_reached_bot,0,90,80,10,-8,22,0.7755,,11.818550,-1,-1,90,0,80,10,,no_path,0,,Bot1|Bot2|Bot3|Bot4,0,1
172,0.65,75,440,1943131252,2533243586,3649,0.648711,504,1361,49-28,24-40,33-20,43,37,28,24,33,29,1,0,1,43,0,,46,0,,,0,fire_reached_bot,0,19,19,0,0,24,0.4419,147,0.000692,-1,19,fire_reached_bot,0,19,19,0,0,24,0.4419,147,0.004846,,19,fire_reached_bot,0,44,44,0,0,25,0.4186,853,0.024921,19,,fire_reached_bot,0,19,19,0,0,24,0.4419,147,2.190104,-1,19,19,0,19,0,,shortest_path_fallback,0,,Bot1|Bot2|Bot3|Bot4,0,1
173,0.65,75,440,815405907,3357921857,3626,0.644622,501,1351,17-10,2-58,1-70,77,63,88,76,23,13,1,0,1,77,0,,31,0,,,0,walked_into_fire,0,51,51,0,-19,26,0.6623,,0.002837,23,23,fire_reached_bot,0,91,22,69,-59,55,0.2857,,0.319191,,-1,fire_reached_bot,0,91,22,69,-59,55,0.2857,,0.703534,-1,,fire_reached_bot,0,91,22,69,-59,55,0.2857,,5.253641,-1,-1,91,0,22,69,,no_path,0,,Bot1|Bot2|Bot3|Bot4,0,1
174,0.65,75,440,2300978891,2614612160,3647,0.648356,501,1375,29-35,5-65,18-74,54,54,60,50,26,22,1,0,1,54,0,,37,0,,,0,fire_reached_bot,0,37,37,0,0,17,0.6852,263,0.001279,34,33,fire_reached_bot,0,43,35,8,-5,23,0.5741,,0.045702,,33,fire_reached_bot,0,45,35,10,-7,25,0.5370,,0.133157,33,,fire_reached_bot,0,43,35,8,-5,23,0.5741,,4.869252,-1,33,43,0,35,8,,no_path,0,,Bot1|Bot2|Bot3|Bot4,0,1
175,0.65,75,440,2018207897,3314081923,3620,0.643556,501,1355,16-10,53-27,60-70,66,54,122,104,56,50,1,0,1,66,0,,81,1,66,15,1,button,1,66,66,0,15,0,1.0000,982,0.007232,-1,-1,button,1,66,66,0,15,0,1.0000,982,0.024017,,-1,button,1,66,66,0,15,0,1.0000,982,0.037217,-1,,button,1,66,66,0,15,0,1.0000,982,6.964602,23,23,66,6,0,0,0.99,risk_path,4,Bot1|Bot2|Bot3|Bot4,,1,0
176,0.65,75,440,2818097894,3512310857,3632,0.645689,509,1342,11-44,26-37,59-48,46,22,74,52,66,44,0,0,1,46,1,46,99,1,46,53,1,button,1,46,46,0,45,0,1.0000,372,0.002693,-1,-1,button,1,46,46,0,45,0,1.0000,372,0.012113,,-1,button,1,46,46,0,45,0,1.0000,372,0.016399,-1,,button,1,46,46,0,45,0,1.0000,372,3.284163,6,6,46,0,0,0,0.4,risk_path,4,Bot1|Bot2|Bot3|Bot4,,1,0
177,0.65,75,440,2027427399,1220179851,3630,0.645333,486,1356,30-38,73-15,50-71,66,66,63,53,95,79,0,0,1,66,1,66,140,1,66,74,1,button,1,66,66,0,70,0,1.0000,726,0.003834,-1,-1,button,1,66,66,0,70,0,1.0000,726,0.013137,,-1,button,1,66,66,0,70,0,1.0000,726,0.017846,-1,,button,1,66,66,0,70,0,1.0000,726,6.498286,37,37,66,0,0,0,0.4,risk_path,4,Bot1|Bot2|Bot3|Bot4,,1,0
178,0.65,75,440,3599993327,1032513067,3649,0.648711,514,1379,52-28,3-70,60-5,101,91,39,31,122,122,0,0,1,101,1,101,167,1,101,66,1,button,1,101,101,0,47,0,1.0000,1950,0.021811,-1,-1,button,1,101,101,0,47,0,1.0000,1950,0.049185,,-1,button,1,101,101,0,47,0,1.0000,1950,0.091529,-1,,button,1,101,101,0,47,0,1.0000,1950,11.660107,-1,-1,101,0,0,0,0.4,risk_path,4,Bot1|Bot2|Bot3|Bot4,,1,0
179,0.65,75,440,2543364003,1899170686,3632,0.645689,503,1387,41-38,55-52,67-5,34,28,63,59,69,59,0,0,1,34,1,34,100,1,34,66,1,button,1,34,34,0,66,0,1.0000,138,0.000709,-1,-1,button,1,34,34,0,66,0,1.0000,138,0.008939,,-1,button,1,34,34,0,66,0,1.0000,138,0.006323,-1,,button,1,34,34,0,66,0,1.0000,138,2.099606,19,19,34,0,0,0,0.4,risk_path,4,Bot1|Bot2|Bot3|Bot4,,1,0
180,0.65,75,440,1116830270,123999137,3635,0.646222,502,1362,41-21,71-69,61-69,92,78,78,68,30,10,1,0,1,92,0,,43,0,,,0,walked_into_fire,0,46,46,0,-2,46,0.5000,,0.003244,21,21,fire_reached_bot,0,85,20,65,-41,72,0.2174,,0.315352,,-1,fire_reached_bot,0,85,20,65,-41,72,0.2174,,0.671964,-1,,fire_reached_bot,0,85,20,65,-41,72,0.2174,,6.231120,-1,-1,85,0,20,65,,no_path,0,,Bot1|Bot2|Bot3|Bot4,0,1
181,0.65,75,440,4129245186,2777447817,3675,0.653333,520,1414,58-11,69-10,38-59,16,12,74,68,86,80,0,0,1,16,1,16,118,1,16,102,1,button,1,16,16,0,98,0,1.0000,51,0.000204,-1,-1,button,1,16,16,0,98,0,1.0000,51,0.000680,,-1,button,1,16,16,0,98,0,1.0000,51,0.000924,-1,,button,1,16,16,0,98,0,1.0000,51,0.565866,2,2,16,0,0,0,0.4,risk_path,4,Bot1|Bot2|Bot3|Bot4,,1,0
182,0.65,75,440,699038936,1084992602,3641,0.647289,516,1390,25-21,56-28,5-35,46,38,36,34,74,58,0,0,1,46,1,46,120,1,46,74,1,button,1,46,46,0,50,0,1.0000,566,0.002750,-1,-1,button,1,46,46,0,50,0,1.0000,566,0.006892,,-1,button,1,46,46,0,50,0,1.0000,566,0.010527,-1,,button,1,46,46,0,50,0,1.0000,566,3.473044,18,18,46,0,0,0,0.4,risk_path,4,Bot1|Bot2|Bot3|Bot4,,1,0
183,0.65,75,440,3412191491,4070376951,3637,0.646578,496,1387,62-44,41-67,63-45,54,44,2,2,56,44,0,0,1,54,1,54,83,1,54,29,1,button,1,54,54,0,2,0,1.0000,963,0.005874,-1,-1,button,1,54,54,0,2,0,1.0000,963,0.014384,,-1,button,1,54,54,0,2,0,1.0000,963,0.024797,-1,,button,1,54,54,0,2,0,1.0000,963,4.543462,-1,-1,54,0,0,0,0.4,risk_path,4,Bot1|Bot2|Bot3|Bot4,,1,0
184,0.65,75,440,1126362104,2531367481,3631,0.645511,503,1386,31-17,21-48,48-3,53,41,39,31,78,72,0,0,1,53,1,53,107,1,53,54,1,button,1,53,53,0,39,0,1.0000,488,0.002805,-1,-1,button,1,53,53,0,39,0,1.0000,488,0.011745,,-1,button,1,53,53,0,39,0,1.0000,488,0.016821,-1,,button,1,53,53,0,39,0,1.0000,488,4.742789,-1,-1,53,0,0,0,0.4,risk_path,4,Bot1|Bot2|Bot3|Bot4,,1,0
185,0.65,75,440,3977488963,3994077294,3647,0.648356,515,1343,30-40,24-6,35-13,52,40,46,32,18,18,1,0,1,52,0,,22,0,,,0,walked_into_fire,0,32,32,0,-9,20,0.6154,,0.001738,22,22,fire_reached_bot,0,40,21,19,-17,31,0.4038,,0.093093,,-1,fire_reached_bot,0,40,21,19,-17,31,0.4038,,0.198809,-1,,fire_reached_bot,0,40,21,19,-17,31,0.4038,,3.715359,-1,-1,40,0,21,19,,no_path,0,,Bot1|Bot2|Bot3|Bot4,0,1
186,0.65,75,440,2126553979,2609949610,3626,0.644622,490,1334,13-61,42-74,58-35,42,42,73,71,61,55,0,0,1,42,1,42,102,1,42,60,1,button,1,42,42,0,60,0,1.0000,426,0.001988,-1,-1,button,1,42,42,0,60,0,1.0000,426,0.005302,,-1,button,1,42,42,0,60,0,1.0000,426,0.009420,-1,,button,1,42,42,0,60,0,1.0000,426,3.077961,6,6,42,0,0,0,0.4,risk_path,4,Bot1|Bot2|Bot3|Bot4,,1,0
187,0.65,75,440,604629814,3122588556,3651,0.649067,512,1393,42-22,48-26,40-11,12,10,19,13,31,23,0,0,1,12,1,12,42,1,12,30,1,button,1,12,12,0,25,0,1.0000,55,0.000180,-1,-1,button,1,12,12,0,25,0,1.0000,55,0.000393,,-1,button,1,12,12,0,25,0,1.0000,55,0.000655,-1,,button,1,12,12,0,25,0,1.0000,55,0.338360,-1,-1,12,0,0,0,0.4,risk_path,4,Bot1|Bot2|Bot3|Bot4,,1,0
188,0.65,75,440,2717215071,3838181151,3669,0.652267,516,1402,4-12,43-12,69-67,83,39,120,120,91,81,0,0,1,83,1,83,123,1,83,40,1,button,1,83,83,0,35,0,1.0000,1334,0.013382,-1,-1,button,1,83,83,0,35,0,1.0000,1334,0.069257,,-1,button,1,83,83,0,35,0,1.0000,1334,0.086449,-1,,button,1,83,83,0,35,0,1.0000,1334,9.680557,34,34,83,0,0,0,0.4,risk_path,4,Bot1|Bot2|Bot3|Bot4,,1,0
189,0.65,75,440,899400218,1033562852,3653,0.649422,519,1408,15-65,68-61,7-10,91,57,95,63,132,112,0,0,1,91,1,91,201,1,91,110,1,button,1,91,91,0,92,0,1.0000,640,0.005407,-1,-1,button,1,91,91,0,92,0,1.0000,640,0.038843,,-1,button,1,91,91,0,92,0,1.0000,640,0.045218,-1,,button,1,91,91,0,92,0,1.0000,640,13.235051,22,22,91,0,0,0,0.4,risk_path,4,Bot1|Bot2|Bot3|Bot4,,1,0
190,0.65,75,440,3481980839,2844192455,3636,0.646400,506,1365,69-53,58-13,16-44,61,51,78,62,77,73,0,0,1,61,1,61,116,1,61,55,1,button,1,61,61,0,48,0,1.0000,1254,0.008253,-1,-1,button,1,61,61,0,48,0,1.0000,1254,0.022311,,-1,button,1,61,61,0,48,0,1.0000,1254,0.031357,-1,,button,1,61,61,0,48,0,1.0000,1254,5.281903,-1,-1,61,0,0,0,0.4,risk_path,4,Bot1|Bot2|Bot3|Bot4,,1,0
191,0.65,75,440,1615916817,2432315316,3635,0.646222,508,1385,2-12,63-7,37-53,84,66,84,76,96,72,0,0,1,84,1,84,126,1,84,42,1,button,1,84,84,0,41,0,1.0000,2108,0.020317,-1,-1,button,1,84,84,0,41,0,1.0000,2108,0.041537,,-1,button,1,84,84,0,41,0,1.0000,2108,0.061862,-1,,button,1,84,84,0,41,0,1.0000,2108,8.361281,4,4,84,0,0,0,0.4,risk_path,4,Bot1|Bot2|Bot3|Bot4,,1,0
192,0.65,75,440,3898521735,118069459,3640,0.647111,503,1357,65-51,13-31,35-4,78,72,95,77,65,49,1,0,1,78,0,,90,1,78,12,1,button,1,78,78,0,12,0,1.0000,968,0.007638,-1,-1,button,1,78,78,0,12,0,1.0000,968,0.029136,,-1,button,1,78,78,0,12,0,1.0000,968,0.037468,-1,,button,1,78,78,0,12,0,1.0000,968,10.059723,-1,-1,78,17,3,0,0.99,risk_path,4,Bot1|Bot2|Bot3|Bot4,,1,0
193,0.65,75,440,2444658365,2126892776,3649,0.648711,505,1399,33-16,18-42,60-74,45,41,103,85,80,74,0,0,1,45,1,45,109,1,45,64,1,button,1,45,45,0,57,0,1.0000,423,0.002520,-1,-1,button,1,45,45,0,57,0,1.0000,423,0.008617,,-1,button,1,45,45,0,57,0,1.0000,423,0.010729,-1,,button,1,45,45,0,57,0,1.0000,423,3.512297,-1,-1,45,0,0,0,0.4,risk_path,4,Bot1|Bot2|Bot3|Bot4,,1,0
194,0.65,75,440,2214062488,49670459,3680,0.654222,504,1424,54-28,6-56,20-24,80,76,58,38,60,46,1,0,1,80,0,,74,0,,,0,walked_into_fire,0,43,43,0,-1,37,0.5375,762,0.003883,42,42,fire_reached_bot,0,59,59,0,0,27,0.6625,1410,0.034947,,59,fire_reached_bot,0,71,69,2,0,29,0.6375,1803,0.056938,59,,fire_reached_bot,0,59,59,0,0,27,0.6625,1410,8.512038,-1,59,59,0,59,0,,shortest_path_fallback,0,,Bot1|Bot2|Bot3|Bot4,0,1
195,0.65,75,440,1449191703,2718877568,3592,0.638578,491,1324,33-21,17-58,26-24,55,53,12,10,53,43,1,0,1,55,0,,79,1,55,24,1,button,1,55,55,0,9,0,1.0000,906,0.004664,-1,-1,button,1,55,55,0,9,0,1.0000,906,0.011426,,-1,button,1,55,55,0,9,0,1.0000,906,0.017576,-1,,button,1,55,55,0,9,0,1.0000,906,4.441505,-1,-1,55,0,0,0,0.4,risk_path,4,Bot1|Bot2|Bot3|Bot4,,1,0
196,0.65,75,440,2745450280,3961164760,3646,0.648178,520,1434,24-70,36-17,51-9,95,65,110,88,25,23,1,0,1,95,0,,33,0,,,0,fire_reached_bot,0,69,69,0,-35,26,0.7263,,0.010969,34,34,fire_reached_bot,0,120,33,87,-86,62,0.3474,,0.337945,,-1,fire_reached_bot,0,120,33,87,-86,62,0.3474,,0.690157,-1,,fire_reached_bot,0,120,33,87,-86,62,0.3474,,7.874044,-1,-1,120,0,33,87,,no_path,0,,Bot1|Bot2|Bot3|Bot4,0,1
197,0.65,75,440,1134599302,4132178095,3653,0.649422,495,1397,20-37,62-2,57-46,77,77,56,46,65,49,1,0,1,77,0,,97,1,77,20,1,button,1,77,77,0,10,0,1.0000,1897,0.016417,-1,-1,button,1,77,77,0,10,0,1.0000,1897,0.029488,,-1,button,1,77,77,0,10,0,1.0000,1897,0.048339,-1,,button,1,77,77,0,10,0,1.0000,1897,8.408874,20,20,77,26,7,0,0.99,risk_path,4,Bot1|Bot2|Bot3|Bot4,,1,0
198,0.65,75,440,3387618525,4213744687,3637,0.646578,501,1335,25-12,26-27,73-32,32,16,80,68,70,52,0,0,1,32,1,32,99,1,32,67,1,button,1,32,32,0,65,0,1.0000,220,0.001037,-1,-1,button,1,32,32,0,65,0,1.0000,220,0.003192,,-1,button,1,32,32,0,65,0,1.0000,220,0.003856,-1,,button,1,32,32,0,65,0,1.0000,220,1.915658,-1,-1,32,0,0,0,0.4,risk_path,4,Bot1|Bot2|Bot3|Bot4,,1,0
199,0.65,75,440,3963364150,1255751458,3646,0.648178,503,1378,31-11,73-33,7-36,76,64,53,49,91,69,0,0,1,76,1,76,142,1,76,66,1,button,1,76,76,0,53,0,1.0000,1346,0.010504,-1,-1,button,1,76,76,0,53,0,1.0000,1346,0.029911,,-1,button,1,76,76,0,53,0,1.0000,1346,0.040335,-1,,button,1,76,76,0,58,0,1.0000,1346,7.786936,1,1,76,0,0,0,0.4,risk_path,4,Bot1|Bot2|Bot3|Bot4,,1,0
200,0.65,75,440,687047578,4017936739,3628,0.644978,511,1337,27-51,69-32,8-40,65,61,30,30,79,69,0,0,1,65,1,65,118,1,65,53,1,button,1,65,65,0,28,0,1.0000,1266,0.009808,-1,-1,button,1,65,65,0,28,0,1.0000,1266,0.023798,,-1,button,1,65,65,0,28,0,1.0000,1266,0.036385,-1,,button,1,65,65,0,28,0,1.0000,1266,5.895473,16,16,65,0,0,0,0.4,risk_path,4,Bot1|Bot2|Bot3|Bot4,,1,0
201,0.65,75,440,3808654913,1437651723,3644,0.647822,506,1376,73-63,38-16,62-70,86,82,34,18,84,78,1,0,1,86,0,,113,1,86,27,1,button,1,86,86,0,6,0,1.0000,1216,0.011887,-1,-1,button,1,86,86,0,6,0,1.0000,1216,0.037806,,-1,button,1,86,86,0,6,0,1.0000,1216,0.057216,-1,,button,1,86,86,0,26,0,1.0000,1216,10.167535,6,6,86,0,0,0,0.4,risk_path,4,Bot1|Bot2|Bot3|Bot4,,1,0
202,0.65,75,440,479682215,117614757,3621,0.643733,510,1341,36-35,34-65,43-19,46,32,39,23,81,55,0,0,1,46,1,46,120,1,46,74,1,button,1,46,46,0,55,0,1.0000,531,0.002607,-1,-1,button,1,46,46,0,55,0,1.0000,531,0.008702,,-1,button,1,46,46,0,55,0,1.0000,531,0.021574,-1,,button,1,46,46,0,55,0,1.0000,531,3.408834,-1,-1,46,0,0,0,0.4,risk_path,4,Bot1|Bot2|Bot3|Bot4,,1,0
203,0.65,75,440,1496475200,4047105304,3645,0.648000,514,1350,51-1,14-73,56-29,117,109,43,33,88,86,1,0,1,117,0,,117,0,,,0,fire_reached_bot,0,24,24,0,0,93,0.2051,265,0.002190,22,22,fire_reached_bot,0,90,81,9,0,86,0.2650,2886,0.125620,,39,fire_reached_bot,0,87,81,6,0,86,0.2650,2786,0.163670,39,,fire_reached_bot,0,90,81,9,0,86,0.2650,2886,13.581092,-1,39,90,0,81,9,,no_path,0,,Bot1|Bot2|Bot3|Bot4,0,1
204,0.65,75,440,505044942,177768735,3649,0.648711,507,1385,16-40,65-14,63-49,81,75,68,56,65,37,1,0,1,81,0,,82,0,,,0,fire_reached_bot,0,47,47,0,0,34,0.5802,608,0.004533,-1,47,fire_reached_bot,0,47,47,0,0,34,0.5802,608,0.027763,,47,fire_reached_bot,0,99,82,17,-16,29,0.6420,,0.172396,47,,fire_reached_bot,0,47,47,0,0,34,0.5802,608,8.129394,44,44,47,4,43,0,0.99,risk_path,0,,Bot1|Bot2|Bot3|Bot4,0,1
205,0.65,75,440,2592851329,1842348790,3662,0.651022,518,1377,6-43,55-29,67-0,81,63,112,104,51,41,1,0,1,81,0,,74,0,,,0,fire_reached_bot,0,69,69,0,0,12,0.8519,554,0.006125,67,66,fire_reached_bot,0,84,74,10,-9,23,0.7160,,0.087632,,66,fire_reached_bot,0,86,74,12,-11,25,0.6914,,0.175623,66,,fire_reached_bot,0,84,74,10,-9,23,0.7160,,12.368783,-1,66,84,0,74,10,,no_path,0,,Bot1|Bot2|Bot3|Bot4,0,1
206,0.65,75,440,3837839052,4278048444,3662,0.651022,509,1415,49-20,41-20,45-66,10,8,62,50,64,50,0,0,1,10,1,10,91,1,10,81,1,button,1,10,10,0,79,0,1.0000,37,0.000130,-1,-1,button,1,10,10,0,79,0,1.0000,37,0.000243,,-1,button,1,10,10,0,79,0,1.0000,37,0.000388,-1,,button,1,10,10,0,79,0,1.0000,37,0.242529,1,1,10,0,0,0,0.4,risk_path,4,Bot1|Bot2|Bot3|Bot4,,1,0
207,0.65,75,440,4060788553,845069922,3646,0.648178,517,1375,13-16,67-34,60-28,86,72,81,59,13,13,1,0,1,86,0,,21,0,,,0,walked_into_fire,0,48,48,0,-26,38,0.5581,,0.005794,21,21,fire_reached_bot,0,85,20,65,-63,66,0.2326,,0.287034,,-1,fire_reached_bot,0,85,20,65,-63,66,0.2326,,0.613895,-1,,fire_reached_bot,0,85,20,65,-63,66,0.2326,,4.717237,-1,-1,85,0,20,65,,no_path,0,,Bot1|Bot2|Bot3|Bot4,0,1
208,0.65,75,440,1921987437,1998653501,3636,0.646400,506,1373,74-46,4-55,7-25,107,79,108,88,45,33,1,0,1,107,0,,66,0,,,0,walked_into_fire,0,77,77,0,-10,30,0.7196,,0.014229,67,67,fire_reached_bot,0,75,66,9,-8,41,0.6168,,0.097538,,-1,fire_reached_bot,0,75,66,9,-8,41,0.6168,,0.174777,-1,,fire_reached_bot,0,75,66,9,-8,41,0.6168,,12.307860,-1,-1,75,0,66,9,,no_path,0,,Bot1|Bot2|Bot3|Bot4,0,1
209,0.65,75,440,2984244257,2435512816,3670,0.652444,500,1412,29-21,22-1,14-24,37,27,42,18,53,31,0,0,1,37,1,37,81,1,37,44,1,button,1,37,37,0,37,0,1.0000,379,0.001984,-1,-1,button,1,37,37,0,37,0,1.0000,379,0.005397,,-1,button,1,37,37,0,37,0,1.0000,379,0.007094,-1,,button,1,37,37,0,37,0,1.0000,379,2.625662,-1,-1,37,0,0,0,0.4,risk_path,4,Bot1|Bot2|Bot3|Bot4,,1,0
210,0.65,75,440,1735617669,2279655686,3643,0.647644,510,1392,61-49,6-10,2-50,100,94,80,60,72,44,1,0,1,100,0,,102,0,,,0,fire_reached_bot,0,96,96,0,0,4,0.9600,1579,0.014718,-1,96,fire_reached_bot,0,96,96,0,0,4,0.9600,1579,0.058688,,96,fire_reached_bot,0,107,102,5,-4,12,0.8800,,0.108582,96,,fire_reached_bot,0,96,96,0,0,4,0.9600,1579,14.934513,-1,96,96,26,60,0,0.99,risk_path,0,,Bot1|Bot2|Bot3|Bot4,0,1
211,0.65,75,440,741719091,4088483574,3654,0.649600,511,1417,7-48,46-4,1-6,87,83,60,48,63,47,1,0,1,87,0,,100,1,87,13,1,button,1,87,87,0,1,0,1.0000,885,0.008257,-1,-1,button,1,87,87,0,1,0,1.0000,885,0.034903,,-1,button,1,87,87,0,1,0,1.0000,885,0.045617,-1,,button,1,87,87,0,1,0,1.0000,885,13.625306,77,77,87,8,54,0,0.99,risk_path,4,Bot1|Bot2|Bot3|Bot4,,1,0
212,0.65,75,440,43164127,71827648,3665,0.651556,501,1384,71-28,42-51,34-71,58,52,92,80,34,28,1,0,1,58,0,,50,0,,,0,fire_reached_bot,0,55,55,0,-4,3,0.9483,,0.002573,51,51,fire_reached_bot,0,63,50,13,-12,8,0.8621,,0.071300,,-1,fire_reached_bot,0,63,50,13,-12,8,0.8621,,0.153238,-1,,fire_reached_bot,0,63,50,13,-12,8,0.8621,,6.232925,-1,-1,63,0,50,13,,no_path,0,,Bot1|Bot2|Bot3|Bot4,0,1
213,0.65,75,440,1597394174,606359399,3657,0.650133,510,1407,65-30,32-37,23-68,54,40,86,80,52,40,1,0,1,54,0,,74,1,54,20,1,button,1,54,54,0,16,0,1.0000,812,0.005118,-1,-1,button,1,54,54,0,16,0,1.0000,812,0.012405,,-1,button,1,54,54,0,16,0,1.0000,812,0.027045,-1,,button,1,54,54,0,16,0,1.0000,812,4.824116,-1,-1,54,0,0,0,0.4,risk_path,4,Bot1|Bot2|Bot3|Bot4,,1,0
214,0.65,75,440,3435905294,2392089260,3647,0.648356,496,1383,21-73,38-43,5-63,65,47,30,26,71,53,0,0,1,65,1,65,106,1,65,41,1,button,1,65,65,0,20,0,1.0000,748,0.006341,-1,-1,button,1,65,65,0,20,0,1.0000,748,0.019688,,-1,button,1,65,65,0,20,0,1.0000,748,0.026378,-1,,button,1,65,65,0,20,0,1.0000,748,7.466906,2,2,65,0,0,0,0.4,risk_path,4,Bot1|Bot2|Bot3|Bot4,,1,0
215,0.65,75,440,538301983,4070519892,3626,0.644622,499,1356,51-64,36-73,37-37,50,24,51,41,51,37,0,0,1,50,1,50,69,1,50,19,1,button,1,50,50,0,16,0,1.0000,934,0.004764,-1,-1,button,1,50,50,0,16,0,1.0000,934,0.012132,,-1,button,1,50,50,0,16,0,1.0000,934,0.017267,-1,,button,1,50,50,0,16,0,1.0000,934,3.998313,39,39,50,0,0,0,0.4,risk_path,4,Bot1|Bot2|Bot3|Bot4,,1,0
216,0.65,75,440,1948681360,2814169751,3667,0.651911,505,1403,15-18,25-22,10-13,14,14,30,10,30,24,0,0,1,14,1,14,42,1,14,28,1,button,1,14,14,0,25,0,1.0000,39,0.000151,-1,-1,button,1,14,14,0,25,0,1.0000,39,0.000319,,-1,button,1,14,14,0,25,0,1.0000,39,0.000473,-1,,button,1,14,14,0,25,0,1.0000,39,0.467099,-1,-1,14,0,0,0,0.4,risk_path,4,Bot1|Bot2|Bot3|Bot4,,1,0
217,0.65,75,440,234546496,899763894,3644,0.647822,506,1364,33-28,9-36,33-5,44,32,45,23,61,55,0,0,1,44,1,44,92,1,44,48,1,button,1,44,44,0,44,0,1.0000,403,0.002075,-1,-1,button,1,44,44,0,44,0,1.0000,403,0.007972,,-1,button,1,44,44,0,44,0,1.0000,403,0.009931,-1,,button,1,44,44,0,44,0,1.0000,403,3.473708,43,43,44,0,0,0,0.4,risk_path,4,Bot1|Bot2|Bot3|Bot4,,1,0
218,0.65,75,440,2601635953,347498,3653,0.649422,506,1409,29-59,4-21,38-7,73,63,75,61,62,48,1,0,1,73,0,,80,1,73,7,1,button,1,73,73,0,7,0,1.0000,1364,0.012291,-1,-1,button,1,73,73,0,7,0,1.0000,1364,0.033774,,-1,button,1,73,73,0,7,0,1.0000,1364,0.052782,-1,,button,1,73,73,0,6,0,1.0000,1364,8.482100,60,60,73,7,24,0,0.99,risk_path,4,Bot1|Bot2|Bot3|Bot4,,1,0
219,0.65,75,440,1873523526,189957216,3638,0.646756,508,1348,47-9,28-54,6-25,72,64,71,57,51,51,1,0,1,72,0,,76,1,72,4,1,button,1,72,72,0,4,0,1.0000,1113,0.007791,-1,-1,button,1,72,72,0,4,0,1.0000,1113,0.024843,,-1,button,1,72,72,0,4,0,1.0000,1113,0.035196,-1,,button,1,72,72,0,4,0,1.0000,1113,8.381586,-1,-1,72,10,49,0,0.99,risk_path,4,Bot1|Bot2|Bot3|Bot4,,1,0
220,0.65,75,440,650066665,1525053087,3651,0.649067,495,1389,47-54,47-10,5-72,80,44,60,60,126,104,0,0,1,80,1,80,168,1,80,88,1,button,1,80,80,0,70,0,1.0000,944,0.008457,-1,-1,button,1,80,80,0,70,0,1.0000,944,0.049372,,-1,button,1,80,80,0,70,0,1.0000,944,0.058187,-1,,button,1,80,80,0,70,0,1.0000,944,10.049330,39,39,80,0,0,0,0.4,risk_path,4,Bot1|Bot2|Bot3|Bot4,,1,0
221,0.65,75,440,1404877065,2420011909,3640,0.647111,507,1408,54-38,31-51,53-61,38,36,34,24,34,32,1,0,1,38,0,,43,1,38,5,1,button,1,38,38,0,3,0,1.0000,593,0.002346,-1,-1,button,1,38,38,0,3,0,1.0000,593,0.004419,,-1,button,1,38,38,0,3,0,1.0000,593,0.007409,-1,,button,1,38,38,0,3,0,1.0000,593,2.658747,-1,-1,38,11,7,0,0.99,risk_path,4,Bot1|Bot2|Bot3|Bot4,,1,0
222,0.65,75,440,1871520942,110449919,3642,0.647467,513,1411,44-69,25-70,38-55,30,20,22,20,30,28,0,0,1,30,0,,45,1,30,15,1,button,1,30,30,0,10,0,1.0000,218,0.000968,-1,-1,button,1,30,30,0,10,0,1.0000,218,0.002339,,-1,button,1,30,30,0,10,0,1.0000,218,0.003322,-1,,button,1,30,30,0,10,0,1.0000,218,1.633664,-1,-1,30,0,0,0,0.4,risk_path,4,Bot1|Bot2|Bot3|Bot4,,1,0
223,0.65,75,440,1891869098,1845810528,3648,0.648533,505,1371,6-33,19-36,72-72,22,16,113,105,101,89,0,0,1,22,1,22,140,1,22,118,1,button,1,22,22,0,117,0,1.0000,68,0.000393,-1,-1,button,1,22,22,0,117,0,1.0000,68,0.001286,,-1,button,1,22,22,0,117,0,1.0000,68,0.001645,-1,,button,1,22,22,0,117,0,1.0000,68,0.928017,6,6,22,0,0,0,0.4,risk_path,4,Bot1|Bot2|Bot3|Bot4,,1,0
224,0.65,75,440,3946411396,399432510,3628,0.644978,507,1377,14-74,47-31,63-44,84,76,81,79,29,29,1,0,1,84,0,,38,0,,,0,fire_reached_bot,0,53,53,0,-14,31,0.6310,,0.005693,37,37,fire_reached_bot,0,78,36,42,-39,48,0.4286,,0.167947,,-1,fire_reached_bot,0,78,36,42,-39,48,0.4286,,0.335475,-1,,fire_reached_bot,0,78,36,42,-39,48,0.4286,,6.790529,-1,-1,78,0,36,42,,no_path,0,,Bot1|Bot2|Bot3|Bot4,0,1
225,0.65,75,440,395123674,1705726284,3633,0.645867,498,1354,41-14,11-70,23-1,104,86,31,31,101,81,1,0,1,104,0,,135,1,104,31,1,button,1,104,104,0,1,0,1.0000,2325,0.027833,-1,-1,button,1,104,104,0,1,0,1.0000,2325,0.091330,,-1,button,1,104,104,0,1,0,1.0000,2325,0.127025,-1,,button,1,104,104,0,1,0,1.0000,2325,12.214556,-1,-1,104,0,0,0,0.4,risk_path,4,Bot1|Bot2|Bot3|Bot4,,1,0
226,0.65,75,440,3383174174,417879336,3627,0.644800,505,1348,17-6,56-70,55-30,107,103,74,62,69,41,1,0,1,107,0,,93,0,,,0,walked_into_fire,0,57,57,0,-1,50,0.5327,1014,0.006359,56,55,fire_reached_bot,0,92,84,8,0,33,0.6916,2500,0.088764,,55,fire_reached_bot,0,91,84,7,0,33,0.6916,2444,0.133588,55,,fire_reached_bot,0,92,84,8,0,33,0.6916,2500,11.698305,-1,55,92,0,84,8,,no_path,0,,Bot1|Bot2|Bot3|Bot4,0,1
227,0.65,75,440,3707428535,2930291685,3639,0.646933,499,1357,56-26,19-62,37-36,75,73,29,29,46,44,1,1,1,77,0,,69,0,,,0,walked_into_fire,0,21,21,0,-1,56,0.2533,178,0.001043,21,21,fire_reached_bot,0,60,58,2,0,63,0.1600,1372,0.048423,,57,fire_reached_bot,0,61,58,3,0,65,0.1333,1428,0.061435,57,,fire_reached_bot,0,60,58,2,0,63,0.1600,1372,8.848081,-1,57,60,0,58,2,,no_path,0,,Bot1|Bot2|Bot3|Bot4,0,1
228,0.65,75,440,3499156370,436825089,3645,0.648000,501,1328,35-35,25-53,19-70,28,28,53,51,25,23,1,0,1,28,0,,33,1,28,5,1,button,1,28,28,0,5,0,1.0000,204,0.000811,-1,-1,button,1,28,28,0,5,0,1.0000,204,0.002132,,-1,button,1,28,28,0,5,0,1.0000,204,0.003458,-1,,button,1,28,28,0,5,0,1.0000,204,1.443393,-1,-1,28,0,0,0,0.4,risk_path,4,Bot1|Bot2|Bot3|Bot4,,1,0
229,0.65,75,440,3921431972,3691631192,3657,0.650133,515,1411,71-56,12-49,11-66,82,66,84,70,36,18,1,0,1,82,0,,58,0,,,0,walked_into_fire,0,50,50,0,-2,32,0.6098,532,0.004013,42,42,fire_reached_bot,0,67,52,15,-8,46,0.4390,,0.101357,,-1,fire_reached_bot,0,67,52,15,-8,46,0.4390,,0.186842,-1,,fire_reached_bot,0,67,52,15,-8,46,0.4390,,9.561093,-1,-1,67,0,52,15,,no_path,0,,Bot1|Bot2|Bot3|Bot4,0,1
230,0.65,75,440,2971960596,3817885116,3644,0.647822,509,1406,9-53,0-65,17-45,21,21,24,16,45,37,0,0,1,21,1,21,65,1,21,44,1,button,1,21,21,0,33,0,1.0000,98,0.000337,-1,-1,button,1,21,21,0,33,0,1.0000,98,0.001084,,-1,button,1,21,21,0,33,0,1.0000,98,0.001442,-1,,button,1,21,21,0,33,0,1.0000,98,0.787241,-1,-1,21,0,0,0,0.4,risk_path,4,Bot1|Bot2|Bot3|Bot4,,1,0
231,0.65,75,440,230717013,2732343365,3677,0.653689,507,1415,18-47,11-37,32-8,17,17,63,53,56,50,0,0,1,17,1,17,78,1,17,61,1,button,1,17,17,0,59,0,1.0000,60,0.000233,-1,-1,button,1,17,17,0,59,0,1.0000,60,0.000695,,-1,button,1,17,17,0,59,0,1.0000,60,0.000900,-1,,button,1,17,17,0,59,0,1.0000,60,0.553312,-1,-1,17,0,0,0,0.4,risk_path,4,Bot1|Bot2|Bot3|Bot4,,1,0
232,0.65,75,440,1277540315,2568731835,3650,0.648889,492,1378,51-49,20-26,68-25,56,54,47,41,73,49,0,0,1,56,1,56,111,1,56,55,1,button,1,56,56,0,50,0,1.0000,847,0.004935,-1,-1,button,1,56,56,0,50,0,1.0000,847,0.012215,,-1,button,1,56,56,0,50,0,1.0000,847,0.018051,-1,,button,1,56,56,0,50,0,1.0000,847,4.359576,-1,-1,56,0,0,0,0.4,risk_path,4,Bot1|Bot2|Bot3|Bot4,,1,0
233,0.65,75,440,2601371361,3429438074,3616,0.642844,495,1327,48-24,49-48,54-71,47,25,75,53,40,28,1,0,1,47,0,,49,1,47,2,1,button,1,47,47,0,2,0,1.0000,585,0.003607,-1,-1,button,1,47,47,0,2,0,1.0000,585,0.010942,,-1,button,1,47,47,0,2,0,1.0000,585,0.016288,-1,,button,1,47,47,0,2,0,1.0000,585,3.465560,1,1,47,27,0,0,0.99,risk_path,4,Bot1|Bot2|Bot3|Bot4,,1,0
234,0.65,75,440,2175815046,2513501025,3671,0.652622,515,1422,60-58,33-61,26-34,36,30,66,58,42,34,0,0,1,36,1,36,63,1,36,27,1,button,1,36,36,0,24,0,1.0000,301,0.001081,-1,-1,button,1,36,36,0,24,0,1.0000,301,0.004145,,-1,button,1,36,36,0,24,0,1.0000,301,0.006936,-1,,button,1,36,36,0,24,0,1.0000,301,2.075569,-1,-1,36,0,0,0,0.4,risk_path,4,Bot1|Bot2|Bot3|Bot4,,1,0
235,0.65,75,440,2903687551,1508666098,3664,0.651378,508,1412,62-11,20-70,59-72,105,101,88,64,77,41,1,0,1,105,0,,111,0,,,0,walked_into_fire,0,81,81,0,-1,24,0.7714,1001,0.010350,80,80,fire_reached_bot,0,115,109,6,-3,30,0.7143,,0.098560,,96,fire_reached_bot,0,111,109,2,0,28,0.7333,1885,0.142209,96,,fire_reached_bot,0,115,109,6,-3,30,0.7143,,16.998680,-1,96,115,0,109,6,,no_path,0,,Bot1|Bot2|Bot3|Bot4,0,1
236,0.65,75,440,2767072028,3293256290,3657,0.650133,505,1375,27-0,15-28,25-43,46,40,61,45,33,25,1,0,1,46,0,,49,1,46,3,1,button,1,46,46,0,3,0,1.0000,619,0.002787,-1,-1,button,1,46,46,0,3,0,1.0000,619,0.009105,,-1,button,1,46,46,0,3,0,1.0000,619,0.013151,-1,,button,1,46,46,0,3,0,1.0000,619,3.962216,-1,-1,46,10,26,0,0.99,risk_path,4,Bot1|Bot2|Bot3|Bot4,,1,0
237,0.65,75,440,434350479,2119715637,3663,0.651200,511,1423,44-63,20-38,29-11,59,49,81,67,42,36,1,0,1,59,0,,59,0,,,0,walked_into_fire,0,56,56,0,-1,3,0.9492,923,0.006678,56,55,fire_reached_bot,0,60,58,2,0,7,0.8814,,0.027899,,55,fire_reached_bot,0,63,58,5,-3,9,0.8475,,0.073554,55,,fire_reached_bot,0,60,58,2,0,7,0.8814,,6.390348,-1,55,60,21,24,2,0.99,no_path,0,,Bot1|Bot2|Bot3|Bot4,0,1
238,0.65,75,440,860933267,2945000663,3628,0.644978,509,1350,25-29,50-8,50-6,48,46,48,48,4,2,1,0,1,48,0,,5,0,,,0,walked_into_fire,0,30,30,0,-24,18,0.6250,,0.001643,5,5,fire_reached_bot,0,58,4,54,-52,44,0.0833,,0.250970,,-1,fire_reached_bot,0,58,4,54,-52,44,0.0833,,0.563904,-1,,fire_reached_bot,0,58,4,54,-52,44,0.0833,,0.898893,-1,-1,58,0,4,54,,no_path,0,,Bot1|Bot2|Bot3|Bot4,0,1
239,0.65,75,440,3847153091,2545232110,3641,0.647289,491,1366,31-51,0-30,58-14,56,52,76,64,80,74,0,0,1,56,1,56,108,1,56,52,1,button,1,56,56,0,47,0,1.0000,873,0.006341,-1,-1,button,1,56,56,0,47,0,1.0000,873,0.015078,,-1,button,1,56,56,0,47,0,1.0000,873,0.022740,-1,,button,1,56,56,0,47,0,1.0000,873,4.782756,-1,-1,56,0,0,0,0.4,risk_path,4,Bot1|Bot2|Bot3|Bot4,,1,0
240,0.65,75,440,3830646336,1583051720,3645,0.648000,501,1357,37-49,56-9,43-1,67,59,72,54,23,21,1,0,1,67,0,,43,0,,,0,walked_into_fire,0,44,44,0,-1,23,0.6567,384,0.002808,36,36,fire_reached_bot,0,51,43,8,-7,26,0.6119,,0.056889,,-1,fire_reached_bot,0,51,43,8,-7,26,0.6119,,0.107392,-1,,fire_reached_bot,0,51,43,8,-7,26,0.6119,,7.688750,-1,-1,51,0,43,8,,no_path,0,,Bot1|Bot2|Bot3|Bot4,0,1
241,0.65,75,440,50286375,2368400549,3661,0.650844,522,1437,27-9,46-22,65-3,40,32,62,44,44,38,0,0,1,40,1,40,61,1,40,21,1,button,1,40,40,0,21,0,1.0000,272,0.001878,-1,-1,button,1,40,40,0,21,0,1.0000,272,0.006258,,-1,button,1,40,40,0,21,0,1.0000,272,0.009616,-1,,button,1,40,40,0,21,0,1.0000,272,2.926801,37,37,40,0,0,0,0.4,risk_path,4,Bot1|Bot2|Bot3|Bot4,,1,0
242,0.65,75,440,229134076,547575414,3636,0.646400,512,1351,44-13,33-41,33-18,41,39,46,16,53,23,0,0,1,41,1,41,79,1,41,38,1,button,1,41,41,0,33,0,1.0000,218,0.001101,-1,-1,button,1,41,41,0,33,0,1.0000,218,0.003326,,-1,button,1,41,41,0,33,0,1.0000,218,0.004633,-1,,button,1,41,41,0,33,0,1.0000,218,3.037049,-1,-1,41,0,0,0,0.4,risk_path,4,Bot1|Bot2|Bot3|Bot4,,1,0
243,0.65,75,440,3829884547,2736529294,3653,0.649422,512,1397,6-66,44-36,13-50,68,68,31,23,45,45,1,0,1,68,0,,63,0,,,0,walked_into_fire,0,27,27,0,-1,41,0.3971,249,0.001083,25,25,fire_reached_bot,0,29,24,5,0,44,0.3529,307,0.006032,,-1,fire_reached_bot,0,29,24,5,0,44,0.3529,307,0.007820,-1,,fire_reached_bot,0,29,24,5,0,44,0.3529,307,3.823959,-1,-1,29,0,24,5,,no_path,0,,Bot1|Bot2|Bot3|Bot4,0,1
244,0.65,75,440,2905315126,631340303,3628,0.644978,494,1376,22-71,69-35,61-25,87,83,93,85,18,18,1,0,1,87,0,,28,0,,,0,fire_reached_bot,0,62,62,0,-33,25,0.7126,,0.010834,29,29,fire_reached_bot,0,90,28,62,-61,59,0.3218,,0.229642,,-1,fire_reached_bot,0,90,28,62,-61,59,0.3218,,0.507595,-1,,fire_reached_bot,0,90,28,62,-61,59,0.3218,,5.977863,-1,-1,90,0,28,62,,no_path,0,,Bot1|Bot2|Bot3|Bot4,0,1
245,0.65,75,440,3180725409,3525950523,3641,0.647289,501,1379,46-21,33-48,70-57,40,40,62,60,66,46,0,0,1,40,1,40,99,1,40,59,1,button,1,40,40,0,53,0,1.0000,312,0.001780,-1,-1,button,1,40,40,0,53,0,1.0000,312,0.004313,,-1,button,1,40,40,0,53,0,1.0000,312,0.006088,-1,,button,1,40,40,0,53,0,1.0000,312,2.968553,-1,-1,40,0,0,0,0.4,risk_path,4,Bot1|Bot2|Bot3|Bot4,,1,0
246,0.65,75,440,3527288279,2290517008,3632,0.645689,488,1357,49-48,15-4,50-34,86,78,37,15,71,65,1,0,1,86,0,,96,0,,,0,fire_reached_bot,0,30,30,0,0,56,0.3488,345,0.002331,-1,30,fire_reached_bot,0,30,30,0,0,56,0.3488,345,0.023304,,30,fire_reached_bot,0,115,96,19,-18,58,0.3256,,0.200571,30,,fire_reached_bot,0,30,30,0,0,56,0.3488,345,5.905735,-1,30,30,11,19,0,0.99,risk_path,0,,Bot1|Bot2|Bot3|Bot4,0,1
247,0.65,75,440,2693909744,892987441,3653,0.649422,508,1396,12-31,19-16,27-15,24,22,37,31,13,9,1,0,1,24,0,,18,0,,,0,walked_into_fire,0,22,22,0,-3,2,0.9167,,0.000351,19,19,fire_reached_bot,0,25,18,7,-6,6,0.7500,,0.035858,,-1,fire_reached_bot,0,25,18,7,-6,6,0.7500,,0.089222,-1,,fire_reached_bot,0,25,18,7,-6,6,0.7500,,1.168751,-1,-1,25,0,18,7,,no_path,0,,Bot1|Bot2|Bot3|Bot4,0,1
248,0.65,75,440,3466483215,701012700,3661,0.650844,506,1362,70-13,27-29,57-25,77,59,27,25,52,34,1,0,1,77,0,,86,0,,,0,walked_into_fire,0,16,16,0,-1,61,0.2078,69,0.001058,11,8,fire_reached_bot,0,64,61,3,0,40,0.4805,1304,0.037572,,8,fire_reached_bot,0,88,80,8,-1,31,0.5974,,0.123332,8,,fire_reached_bot,0,64,61,3,0,40,0.4805,1304,8.175413,-1,8,64,0,61,3,,no_path,0,,Bot1|Bot2|Bot3|Bot4,0,1
249,0.65,75,440,3499659840,3439355226,3673,0.652978,514,1426,22-34,21-64,21-4,43,31,43,31,86,60,0,0,1,43,1,43,127,1,43,84,1,button,1,43,43,0,61,0,1.0000,516,0.002596,-1,-1,button,1,43,43,0,61,0,1.0000,516,0.007151,,-1,button,1,43,43,0,61,0,1.0000,516,0.015525,-1,,button,1,43,43,0,61,0,1.0000,516,3.038398,-1,-1,43,0,0,0,0.4,risk_path,4,Bot1|Bot2|Bot3|Bot4,,1,0
250,0.65,75,440,1517605910,2955868487,3642,0.647467,504,1373,46-30,45-21,67-21,12,10,30,30,36,22,0,0,1,12,1,12,47,1,12,35,1,button,1,12,12,0,34,0,1.0000,55,0.000191,-1,-1,button,1,12,12,0,34,0,1.0000,55,0.000362,,-1,button,1,12,12,0,34,0,1.0000,55,0.000826,-1,,button,1,12,12,0,34,0,1.0000,55,0.337770,-1,-1,12,0,0,0,0.4,risk_path,4,Bot1|Bot2|Bot3|Bot4,,1,0
251,0.65,75,440,742681489,3514916377,3632,0.645689,501,1338,21-17,13-44,11-71,43,35,84,64,41,29,1,0,1,43,0,,51,1,43,8,1,button,1,43,43,0,8,0,1.0000,374,0.001893,-1,-1,button,1,43,43,0,8,0,1.0000,374,0.004926,,-1,button,1,43,43,0,8,0,1.0000,374,0.010777,-1,,button,1,43,43,0,8,0,1.0000,374,3.568461,-1,-1,43,0,0,0,0.4,risk_path,4,Bot1|Bot2|Bot3|Bot4,,1,0
252,0.65,75,440,389585178,1768587399,3635,0.646222,502,1366,66-16,51-57,64-53,72,56,59,39,33,17,1,0,1,72,0,,49,0,,,0,fire_reached_bot,0,35,35,0,0,37,0.4861,286,0.001581,34,34,fire_reached_bot,0,54,49,5,-4,39,0.4583,,0.043106,,-1,fire_reached_bot,0,54,49,5,-4,39,0.4583,,0.104018,-1,,fire_reached_bot,0,54,49,5,-4,39,0.4583,,7.544595,-1,-1,54,0,49,5,,no_path,0,,Bot1|Bot2|Bot3|Bot4,0,1
253,0.65,75,440,3332814137,1126990968,3634,0.646044,504,1387,69-32,59-13,32-53,89,29,70,58,95,67,0,0,1,89,1,89,129,1,89,40,1,button,1,89,89,0,24,0,1.0000,2789,0.030833,-1,-1,button,1,89,89,0,24,0,1.0000,2789,0.085053,,-1,button,1,89,89,0,24,0,1.0000,2789,0.143280,-1,,button,1,89,89,0,24,0,1.0000,2789,8.291159,47,47,89,0,0,0,0.4,risk_path,4,Bot1|Bot2|Bot3|Bot4,,1,0
254,0.65,75,440,1495801011,917814670,3676,0.653511,528,1432,47-21,14-43,57-68,59,55,71,57,92,68,0,0,1,59,1,59,135,1,59,76,1,button,1,59,59,0,68,0,1.0000,720,0.004548,-1,-1,button,1,59,59,0,68,0,1.0000,720,0.014134,,-1,button,1,59,59,0,68,0,1.0000,720,0.019032,-1,,button,1,59,59,0,68,0,1.0000,720,5.626672,-1,-1,59,0,0,0,0.4,risk_path,4,Bot1|Bot2|Bot3|Bot4,,1,0
255,0.65,75,440,2990102404,731289034,3646,0.648178,513,1347,4-13,3-46,4-57,48,34,66,44,20,12,1,0,1,48,0,,23,0,,,0,walked_into_fire,0,36,36,0,-12,12,0.7500,,0.001674,24,24,fire_reached_bot,0,53,23,30,-29,25,0.4792,,0.143196,,-1,fire_reached_bot,0,53,23,30,-29,25,0.4792,,0.302195,-1,,fire_reached_bot,0,53,23,30,-29,25,0.4792,,3.074853,-1,-1,53,0,23,30,,no_path,0,,Bot1|Bot2|Bot3|Bot4,0,1
256,0.65,75,440,1232018688,2548799540,3612,0.642133,502,1307,72-37,46-52,56-73,49,41,62,52,33,31,1,0,1,49,0,,48,0,,,0,walked_into_fire,0,48,48,0,-1,1,0.9796,429,0.002664,48,48,fire_reached_bot,0,48,47,1,0,2,0.9592,442,0.013652,,-1,fire_reached_bot,0,48,47,1,0,2,0.9592,442,0.033978,-1,,fire_reached_bot,0,48,47,1,0,2,0.9592,442,4.666081,-1,-1,48,4,43,1,0.99,no_path,0,,Bot1|Bot2|Bot3|Bot4,0,1
257,0.65,75,440,107580103,4254696228,3638,0.646756,494,1325,72-15,40-45,29-23,70,62,85,51,49,33,1,0,1,70,0,,62,0,,,0,fire_reached_bot,0,66,66,0,-3,4,0.9429,,0.009615,63,63,fire_reached_bot,0,70,62,8,-7,8,0.8857,,0.045548,,-1,fire_reached_bot,0,70,62,8,-7,8,0.8857,,0.098101,-1,,fire_reached_bot,0,70,62,8,-7,8,0.8857,,7.667519,-1,-1,70,0,62,8,,no_path,0,,Bot1|Bot2|Bot3|Bot4,0,1
258,0.65,75,440,2403017489,1321081877,3632,0.645689,502,1356,25-59,15-60,72-57,21,11,69,49,90,60,0,0,1,21,1,21,122,1,21,101,1,button,1,21,21,0,96,0,1.0000,129,0.000541,-1,-1,button,1,21,21,0,96,0,1.0000,129,0.001434,,-1,button,1,21,21,0,96,0,1.0000,129,0.002165,-1,,button,1,21,21,0,96,0,1.0000,129,0.862628,-1,-1,21,0,0,0,0.4,risk_path,4,Bot1|Bot2|Bot3|Bot4,,1,0
259,0.65,75,440,3247152571,688223439,3631,0.645511,509,1371,69-74,26-34,10-32,85,83,103,101,20,18,1,0,1,85,0,,29,0,,,0,fire_reached_bot,0,62,62,0,-32,23,0.7294,,0.006350,30,30,fire_reached_bot,0,104,29,75,-74,56,0.3412,,0.238561,,-1,fire_reached_bot,0,104,29,75,-74,56,0.3412,,0.514345,-1,,fire_reached_bot,0,104,29,75,-74,56,0.3412,,5.957739,-1,-1,104,0,29,75,,no_path,0,,Bot1|Bot2|Bot3|Bot4,0,1
260,0.65,75,440,2786424847,3343057812,3666,0.651733,505,1445,11-26,51-68,14-46,82,82,41,23,65,59,1,0,1,82,0,,95,1,82,13,0,walked_into_fire,0,40,40,0,-2,42,0.4878,361,0.002274,40,39,fire_reached_bot,0,69,67,2,0,23,0.7195,1208,0.021225,,39,fire_reached_bot,0,67,67,0,0,25,0.6951,1153,0.028909,39,,fire_reached_bot,0,69,67,2,0,23,0.7195,1208,9.755420,-1,39,69,0,67,2,,no_path,0,,Bot1|Bot2|Bot3|Bot4,0,1
261,0.65,75,440,2797536688,4050217512,3651,0.649067,503,1365,0-14,53-28,35-60,81,67,99,81,54,50,1,0,1,81,0,,68,0,,,0,walked_into_fire,0,76,76,0,-7,5,0.9383,,0.015304,68,68,fire_reached_bot,0,87,67,20,-18,14,0.8272,,0.100837,,-1,fire_reached_bot,0,87,67,20,-18,14,0.8272,,0.193318,-1,,fire_reached_bot,0,87,67,20,-18,14,0.8272,,9.191583,-1,-1,87,0,67,20,,no_path,0,,Bot1|Bot2|Bot3|Bot4,0,1
262,0.65,75,440,3920002231,96578032,3642,0.647467,510,1405,70-17,18-0,22-20,83,69,75,51,30,24,1,0,1,83,0,,48,0,,,0,walked_into_fire,0,45,45,0,-2,38,0.5422,866,0.004662,25,25,fire_reached_bot,0,76,24,52,-27,59,0.2892,,0.193874,,-1,fire_reached_bot,0,76,24,52,-27,59,0.2892,,0.439933,-1,,fire_reached_bot,0,76,24,52,-27,59,0.2892,,4.074871,-1,-1,76,0,24,52,,no_path,0,,Bot1|Bot2|Bot3|Bot4,0,1
263,0.65,75,440,221242311,932793819,3625,0.644444,502,1344,3-28,11-56,64-10,40,36,85,79,113,99,0,0,1,40,1,40,158,1,40,118,1,button,1,40,40,0,117,0,1.0000,393,0.002044,-1,-1,button,1,40,40,0,117,0,1.0000,393,0.005975,,-1,button,1,40,40,0,117,0,1.0000,393,0.009191,-1,,button,1,40,40,0,117,0,1.0000,393,2.596916,19,19,40,0,0,0,0.4,risk_path,4,Bot1|Bot2|Bot3|Bot4,,1,0
264,0.65,75,440,1006815665,3029020804,3650,0.648889,508,1335,0-54,26-44,69-74,48,36,107,89,75,73,0,0,1,48,1,48,115,1,48,67,1,button,1,48,48,0,67,0,1.0000,370,0.002810,-1,-1,button,1,48,48,0,67,0,1.0000,370,0.011030,,-1,button,1,48,48,0,67,0,1.0000,370,0.018607,-1,,button,1,48,48,0,67,0,1.0000,370,3.542151,1,1,48,0,0,0,0.4,risk_path,4,Bot1|Bot2|Bot3|Bot4,,1,0
265,0.65,75,440,3550384,2803946996,3652,0.649244,496,1359,36-68,30-18,50-16,72,56,86,66,32,22,1,0,1,72,0,,50,0,,,0,fire_reached_bot,0,62,62,0,-11,10,0.8611,,0.007680,51,51,fire_reached_bot,0,80,50,30,-29,22,0.6944,,0.126146,,-1,fire_reached_bot,0,80,50,30,-29,22,0.6944,,0.257399,-1,,fire_reached_bot,0,80,50,30,-29,22,0.6944,,7.470382,-1,-1,80,0,50,30,,no_path,0,,Bot1|Bot2|Bot3|Bot4,0,1
266,0.65,75,440,1459446169,848544576,3647,0.648356,503,1372,12-53,23-15,51-21,59,49,79,71,36,34,1,0,1,59,0,,45,0,,,0,walked_into_fire,0,53,53,0,-7,6,0.8983,,0.009524,46,46,fire_reached_bot,0,59,45,14,-13,14,0.7627,,0.063944,,-1,fire_reached_bot,0,59,45,14,-13,14,0.7627,,0.134282,-1,,fire_reached_bot,0,59,45,14,-13,14,0.7627,,4.809352,-1,-1,59,0,45,14,,no_path,0,,Bot1|Bot2|Bot3|Bot4,0,1
267,0.65,75,440,1897333980,3152261953,3618,0.643200,496,1339,34-62,30-66,59-38,10,8,53,49,61,57,0,0,1,10,1,10,87,1,10,77,1,button,1,10,10,0,74,0,1.0000,43,0.000221,-1,-1,button,1,10,10,0,74,0,1.0000,43,0.000285,,-1,button,1,10,10,0,74,0,1.0000,43,0.000544,-1,,button,1,10,10,0,74,0,1.0000,43,0.253733,-1,-1,10,0,0,0,0.4,risk_path,4,Bot1|Bot2|Bot3|Bot4,,1,0
268,0.65,75,440,1652118545,685776228,3653,0.649422,509,1418,3-27,46-74,31-68,92,90,71,69,21,21,1,0,1,92,0,,30,0,,,0,walked_into_fire,0,43,43,0,-12,49,0.4674,,0.003883,10,10,fire_reached_bot,0,72,27,45,-41,65,0.2935,,0.225463,,-1,fire_reached_bot,0,72,27,45,-41,65,0.2935,,0.458134,-1,,fire_reached_bot,0,72,27,45,-41,65,0.2935,,6.388416,-1,-1,72,0,27,45,,no_path,0,,Bot1|Bot2|Bot3|Bot4,0,1
269,0.65,75,440,943373969,2848700176,3631,0.645511,501,1392,10-22,36-18,37-71,38,30,82,76,72,54,0,0,1,38,1,38,105,1,38,67,1,button,1,38,38,0,67,0,1.0000,406,0.002414,-1,-1,button,1,38,38,0,67,0,1.0000,406,0.005285,,-1,button,1,38,38,0,67,0,1.0000,406,0.007775,-1,,button,1,38,38,0,67,0,1.0000,406,2.593112,1,1,38,0,0,0,0.4,risk_path,4,Bot1|Bot2|Bot3|Bot4,,1,0
270,0.65,75,440,1415906743,1027550563,3643,0.647644,499,1344,71-56,1-44,50-21,96,82,60,56,80,72,1,0,1,96,0,,117,1,96,21,1,button,1,96,96,0,9,0,1.0000,2616,0.031389,-1,-1,button,1,96,96,0,9,0,1.0000,2616,0.069551,,-1,button,1,96,96,0,9,0,1.0000,2616,0.118997,-1,,button,1,96,96,0,9,0,1.0000,2616,10.129169,9,9,96,10,7,0,0.99,risk_path,4,Bot1|Bot2|Bot3|Bot4,,1,0
271,0.65,75,440,4249967921,3928420346,3633,0.645867,503,1392,3-30,29-44,72-6,50,40,101,93,83,81,0,0,1,50,1,50,117,1,50,67,1,button,1,50,50,0,67,0,1.0000,356,0.002473,-1,-1,button,1,50,50,0,67,0,1.0000,356,0.006703,,-1,button,1,50,50,0,67,0,1.0000,356,0.012459,-1,,button,1,50,50,0,67,0,1.0000,356,4.124830,10,10,50,0,0,0,0.4,risk_path,4,Bot1|Bot2|Bot3|Bot4,,1,0
272,0.65,75,440,3406299465,3246889654,3643,0.647644,495,1345,7-69,26-14,52-56,82,74,64,58,78,68,1,0,1,82,0,,127,1,82,45,1,button,1,82,82,0,36,0,1.0000,1551,0.015217,-1,-1,button,1,82,82,0,36,0,1.0000,1551,0.040471,,-1,button,1,82,82,0,36,0,1.0000,1551,0.058478,-1,,button,1,82,82,0,36,0,1.0000,1551,8.474957,1,1,82,0,0,0,0.4,risk_path,4,Bot1|Bot2|Bot3|Bot4,,1,0
273,0.65,75,440,2347823433,2610306846,3633,0.645867,506,1373,13-74,74-39,46-24,106,96,87,83,55,43,1,0,1,106,0,,72,0,,,0,walked_into_fire,0,64,64,0,-2,42,0.6038,1694,0.012375,62,62,fire_reached_bot,0,74,64,10,-1,48,0.5472,,0.079006,,-1,fire_reached_bot,0,74,64,10,-1,48,0.5472,,0.134984,-1,,fire_reached_bot,0,74,64,10,-1,48,0.5472,,9.014800,-1,-1,74,0,64,10,,no_path,0,,Bot1|Bot2|Bot3|Bot4,0,1
274,0.65,75,440,2266113072,2703714323,3649,0.648711,509,1393,60-40,45-73,70-6,54,48,58,44,108,92,0,0,1,54,1,54,151,1,54,97,1,button,1,54,54,0,80,0,1.0000,424,0.002914,-1,-1,button,1,54,54,0,80,0,1.0000,424,0.011567,,-1,button,1,54,54,0,80,0,1.0000,424,0.014668,-1,,button,1,54,54,0,80,0,1.0000,424,4.871807,-1,-1,54,0,0,0,0.4,risk_path,4,Bot1|Bot2|Bot3|Bot4,,1,0
275,0.65,75,440,572313208,4115807259,3673,0.652978,515,1382,27-14,6-71,71-65,96,78,101,95,101,71,0,0,1,96,1,96,142,1,96,46,1,button,1,96,96,0,36,0,1.0000,1507,0.015614,-1,-1,button,1,96,96,0,36,0,1.0000,1507,0.068838,,-1,button,1,96,96,0,36,0,1.0000,1507,0.095294,-1,,button,1,96,96,0,36,0,1.0000,1507,12.145223,76,76,96,0,0,0,0.4,risk_path,4,Bot1|Bot2|Bot3|Bot4,,1,0
276,0.65,75,440,441933108,3198590936,3653,0.649422,500,1388,16-39,72-3,74-20,98,92,85,77,29,19,1,0,1,98,0,,43,0,,,0,walked_into_fire,0,57,57,0,-13,41,0.5816,,0.004643,40,40,fire_reached_bot,0,82,39,43,-38,59,0.3980,,0.210644,,-1,fire_reached_bot,0,82,39,43,-38,59,0.3980,,0.436923,-1,,fire_reached_bot,0,82,39,43,-38,59,0.3980,,9.184835,-1,-1,82,0,39,43,,no_path,0,,Bot1|Bot2|Bot3|Bot4,0,1
277,0.65,75,440,3418122606,1333948928,3641,0.647289,508,1374,47-46,22-43,66-36,32,28,37,29,67,51,0,0,1,32,1,32,100,1,32,68,1,button,1,32,32,0,55,0,1.0000,277,0.001143,-1,-1,button,1,32,32,0,55,0,1.0000,277,0.002620,,-1,button,1,32,32,0,55,0,1.0000,277,0.004097,-1,,button,1,32,32,0,55,0,1.0000,277,1.891605,-1,-1,32,0,0,0,0.4,risk_path,4,Bot1|Bot2|Bot3|Bot4,,1,0
278,0.65,75,440,2893733061,2995401778,3638,0.646756,510,1380,32-62,48-27,5-67,57,51,48,32,89,83,0,0,1,57,1,57,117,1,57,60,1,button,1,57,57,0,52,0,1.0000,488,0.003256,-1,-1,button,1,57,57,0,52,0,1.0000,488,0.012850,,-1,button,1,57,57,0,52,0,1.0000,488,0.017198,-1,,button,1,57,57,0,52,0,1.0000,488,6.096343,22,22,57,0,0,0,0.4,risk_path,4,Bot1|Bot2|Bot3|Bot4,,1,0
279,0.65,75,440,3773649777,926245506,3628,0.644978,495,1368,32-63,60-72,25-22,47,37,60,48,87,85,0,0,1,47,1,47,136,1,47,89,1,button,1,47,47,0,76,0,1.0000,789,0.004064,-1,-1,button,1,47,47,0,76,0,1.0000,789,0.010432,,-1,button,1,47,47,0,76,0,1.0000,789,0.018175,-1,,button,1,47,47,0,76,0,1.0000,789,3.518123,7,7,47,0,0,0,0.4,risk_path,4,Bot1|Bot2|Bot3|Bot4,,1,0
280,0.65,75,440,2985125786,3442015289,3635,0.646222,507,1348,28-4,7-3,50-1,34,22,41,25,63,45,0,0,1,34,1,34,87,1,34,53,1,button,1,34,34,0,46,0,1.0000,159,0.000733,-1,-1,button,1,34,34,0,46,0,1.0000,159,0.003169,,-1,button,1,34,34,0,46,0,1.0000,159,0.004586,-1,,button,1,34,34,0,46,0,1.0000,159,2.170862,-1,-1,34,0,0,0,0.4,risk_path,4,Bot1|Bot2|Bot3|Bot4,,1,0
281,0.65,75,440,2521516864,696713569,3648,0.648533,502,1389,44-7,32-14,41-1,25,19,11,9,28,22,0,0,1,25,1,25,39,1,25,14,1,button,1,25,25,0,9,0,1.0000,148,0.000599,-1,-1,button,1,25,25,0,9,0,1.0000,148,0.002480,,-1,button,1,25,25,0,9,0,1.0000,148,0.003089,-1,,button,1,25,25,0,9,0,1.0000,148,1.238851,-1,-1,25,0,0,0,0.4,risk_path,4,Bot1|Bot2|Bot3|Bot4,,1,0
282,0.65,75,440,3512670226,3470638926,3653,0.649422,513,1374,59-63,33-58,21-65,53,31,74,40,31,19,1,0,1,53,0,,47,0,,,0,fire_reached_bot,0,50,50,0,-2,3,0.9434,,0.004419,48,48,fire_reached_bot,0,52,47,5,-4,6,0.8868,,0.035807,,-1,fire_reached_bot,0,52,47,5,-4,6,0.8868,,0.077542,-1,,fire_reached_bot,0,52,47,5,-4,6,0.8868,,4.970585,-1,-1,52,0,47,5,,no_path,0,,Bot1|Bot2|Bot3|Bot4,0,1
283,0.65,75,440,139254943,2871586275,3638,0.646756,499,1382,4-42,66-69,7-3,103,89,60,42,127,125,0,0,1,103,1,103,169,1,103,66,1,button,1,103,103,0,43,0,1.0000,1662,0.019512,-1,-1,button,1,103,103,0,43,0,1.0000,1662,0.075476,,-1,button,1,103,103,0,43,0,1.0000,1662,0.103498,-1,,button,1,103,103,0,43,0,1.0000,1662,13.083563,38,38,103,0,0,0,0.4,risk_path,4,Bot1|Bot2|Bot3|Bot4,,1,0
284,0.65,75,440,2016013904,2387887068,3654,0.649600,510,1422,62-39,27-35,2-37,59,39,92,62,39,27,1,0,1,59,0,,46,0,,,0,fire_reached_bot,0,53,53,0,-6,6,0.8983,,0.005392,47,47,fire_reached_bot,0,60,46,14,-13,13,0.7797,,0.072861,,-1,fire_reached_bot,0,60,46,14,-13,13,0.7797,,0.150694,-1,,fire_reached_bot,0,60,46,14,-13,13,0.7797,,6.485170,-1,-1,60,0,46,14,,no_path,0,,Bot1|Bot2|Bot3|Bot4,0,1
285,0.65,75,440,2152869414,3950020351,3662,0.651022,509,1413,46-68,12-66,41-41,46,36,40,32,58,54,0,0,1,46,1,46,85,1,46,39,1,button,1,46,46,0,36,0,1.0000,732,0.003339,-1,-1,button,1,46,46,0,36,0,1.0000,732,0.008778,,-1,button,1,46,46,0,36,0,1.0000,732,0.014219,-1,,button,1,46,46,0,36,0,1.0000,732,3.353597,34,34,46,0,0,0,0.4,risk_path,4,Bot1|Bot2|Bot3|Bot4,,1,0
286,0.65,75,440,1157899962,1993066084,3639,0.646933,494,1362,35-40,45-7,36-3,55,43,56,38,15,13,1,0,1,55,0,,23,0,,,0,fire_reached_bot,0,34,34,0,-10,21,0.6182,,0.001662,23,23,fire_reached_bot,0,49,23,26,-25,32,0.4182,,0.133972,,-1,fire_reached_bot,0,49,23,26,-25,32,0.4182,,0.292162,-1,,fire_reached_bot,0,49,23,26,-25,32,0.4182,,3.871764,-1,-1,49,0,23,26,,no_path,0,,Bot1|Bot2|Bot3|Bot4,0,1
287,0.65,75,440,3991210846,343377854,3657,0.650133,514,1363,38-53,25-9,44-54,67,57,19,7,86,64,0,0,1,67,1,67,122,1,67,55,1,button,1,67,67,0,30,0,1.0000,990,0.006140,-1,-1,button,1,67,67,0,30,0,1.0000,990,0.021648,,-1,button,1,67,67,0,30,0,1.0000,990,0.029377,-1,,button,1,67,67,0,30,0,1.0000,990,6.676844,65,65,67,0,0,0,0.4,risk_path,4,Bot1|Bot2|Bot3|Bot4,,1,0
288,0.65,75,440,3830897319,2464422491,3661,0.650844,511,1430,65-37,32-41,39-55,47,37,46,44,33,21,1,0,1,47,0,,42,0,,,0,walked_into_fire,0,45,45,0,-2,2,0.9574,,0.004384,43,43,fire_reached_bot,0,47,42,5,-4,5,0.8936,,0.026690,,-1,fire_reached_bot,0,47,42,5,-4,5,0.8936,,0.050060,-1,,fire_reached_bot,0,47,42,5,-4,5,0.8936,,3.728250,-1,-1,47,0,42,5,,no_path,0,,Bot1|Bot2|Bot3|Bot4,0,1
289,0.65,75,440,718415510,2147925118,3645,0.648000,499,1380,34-46,50-13,2-73,57,49,61,59,118,108,0,0,1,57,1,57,164,1,57,107,1,button,1,57,57,0,85,0,1.0000,398,0.002758,-1,-1,button,1,57,57,0,85,0,1.0000,398,0.011267,,-1,button,1,57,57,0,85,0,1.0000,398,0.014867,-1,,button,1,57,57,0,85,0,1.0000,398,6.123812,3,3,57,0,0,0,0.4,risk_path,4,Bot1|Bot2|Bot3|Bot4,,1,0
290,0.65,75,440,3810450922,1091198838,3649,0.648711,509,1393,38-31,8-34,21-59,45,33,45,45,44,38,1,0,1,45,0,,58,1,45,13,1,button,1,45,45,0,13,0,1.0000,879,0.004550,-1,-1,button,1,45,45,0,13,0,1.0000,879,0.009587,,-1,button,1,45,45,0,13,0,1.0000,879,0.015546,-1,,button,1,45,45,0,13,0,1.0000,879,3.173935,-1,-1,45,0,0,0,0.4,risk_path,4,Bot1|Bot2|Bot3|Bot4,,1,0
291,0.65,75,440,488650922,3463263512,3635,0.646222,503,1370,28-52,57-36,37-65,51,45,30,22,53,49,0,0,1,51,1,51,73,1,51,22,1,button,1,51,51,0,21,0,1.0000,636,0.002905,-1,-1,button,1,51,51,0,21,0,1.0000,636,0.010652,,-1,button,1,51,51,0,21,0,1.0000,636,0.014560,-1,,button,1,51,51,0,21,0,1.0000,636,4.246282,1,1,51,0,0,0,0.4,risk_path,4,Bot1|Bot2|Bot3|Bot4,,1,0
292,0.65,75,440,1069063252,2129452804,3641,0.647289,498,1356,46-5,62-39,70-24,56,50,59,43,23,23,1,0,1,56,0,,29,0,,,0,walked_into_fire,0,34,34,0,-4,22,0.6071,,0.001417,30,30,fire_reached_bot,0,39,29,10,-9,27,0.5179,,0.055643,,-1,fire_reached_bot,0,39,29,10,-9,27,0.5179,,0.116442,-1,,fire_reached_bot,0,39,29,10,-9,27,0.5179,,4.049006,-1,-1,39,0,29,10,,no_path,0,,Bot1|Bot2|Bot3|Bot4,0,1
293,0.65,75,440,2939677069,3588486604,3656,0.649956,511,1377,31-9,16-62,11-71,74,68,88,82,14,14,1,0,1,74,0,,25,0,,,0,walked_into_fire,0,54,54,0,-28,20,0.7297,,0.003480,26,26,fire_reached_bot,0,100,25,75,-74,49,0.3378,,0.326078,,-1,fire_reached_bot,0,100,25,75,-74,49,0.3378,,0.710648,-1,,fire_reached_bot,0,100,25,75,-74,49,0.3378,,5.959628,-1,-1,100,0,25,75,,no_path,0,,Bot1|Bot2|Bot3|Bot4,0,1
294,0.65,75,440,3448987124,1070658387,3646,0.648178,504,1370,1-64,0-32,53-31,51,33,87,85,68,54,0,0,1,51,1,51,94,1,51,43,1,button,1,51,51,0,38,0,1.0000,1031,0.005271,-1,-1,button,1,51,51,0,38,0,1.0000,1031,0.011438,,-1,button,1,51,51,0,38,0,1.0000,1031,0.020815,-1,,button,1,51,51,0,38,0,1.0000,1031,4.052675,-1,-1,51,0,0,0,0.4,risk_path,4,Bot1|Bot2|Bot3|Bot4,,1,0
295,0.65,75,440,3957383876,3993555280,3636,0.646400,488,1349,43-23,34-19,37-37,15,13,26,20,23,21,0,0,1,15,1,15,31,1,15,16,1,button,1,15,15,0,14,0,1.0000,82,0.000271,-1,-1,button,1,15,15,0,14,0,1.0000,82,0.000527,,-1,button,1,15,15,0,14,0,1.0000,82,0.000912,-1,,button,1,15,15,0,14,0,1.0000,82,0.513454,-1,-1,15,0,0,0,0.4,risk_path,4,Bot1|Bot2|Bot3|Bot4,,1,0
296,0.65,75,440,1682334534,1630947947,3617,0.643022,503,1320,22-65,9-42,33-4,52,36,102,72,66,62,0,0,1,52,1,52,96,1,52,44,1,button,1,52,52,0,44,0,1.0000,743,0.004674,-1,-1,button,1,52,52,0,44,0,1.0000,743,0.012947,,-1,button,1,52,52,0,44,0,1.0000,743,0.018606,-1,,button,1,52,52,0,44,0,1.0000,743,4.532461,47,47,52,0,0,0,0.4,risk_path,4,Bot1|Bot2|Bot3|Bot4,,1,0
297,0.65,75,440,3826954389,2667375914,3627,0.644800,504,1383,45-29,20-58,24-32,58,54,32,24,34,30,1,0,1,58,0,,56,0,,,0,walked_into_fire,0,21,21,0,-3,37,0.3621,110,0.001178,16,12,fire_reached_bot,0,43,41,2,0,33,0.4310,680,0.015304,,12,fire_reached_bot,0,43,41,2,0,33,0.4310,680,0.017765,12,,fire_reached_bot,0,43,41,2,0,33,0.4310,680,5.577638,-1,12,43,0,41,2,,no_path,0,,Bot1|Bot2|Bot3|Bot4,0,1
298,0.65,75,440,1463647553,2324460761,3676,0.653511,516,1382,7-73,14-7,18-37,113,73,73,47,48,34,1,0,1,113,0,,70,0,,,0,fire_reached_bot,0,44,44,0,0,69,0.3894,422,0.003306,-1,44,fire_reached_bot,0,44,44,0,0,69,0.3894,422,0.062933,,44,fire_reached_bot,0,75,70,5,-4,95,0.1593,,0.164925,44,,fire_reached_bot,0,44,44,0,0,69,0.3894,422,8.336097,-1,44,44,0,44,0,,shortest_path_fallback,0,,Bot1|Bot2|Bot3|Bot4,0,1
299,0.65,75,440,290523079,465395590,3655,0.649778,518,1381,69-18,62-58,22-38,57,47,77,67,66,60,0,0,1,57,1,57,88,1,57,31,1,button,1,57,57,0,31,0,1.0000,1196,0.006830,-1,-1,button,1,57,57,0,31,0,1.0000,1196,0.017958,,-1,button,1,57,57,0,31,0,1.0000,1196,0.027081,-1,,button,1,57,57,0,31,0,1.0000,1196,5.091392,-1,-1,57,0,0,0,0.4,risk_path,4,Bot1|Bot2|Bot3|Bot4,,1,0
300,0.65,75,440,2918341021,4123951292,3643,0.647644,507,1388,3-20,42-65,72-2,98,84,121,87,103,93,0,0,1,98,1,98,145,1,98,47,1,button,1,98,98,0,47,0,1.0000,1145,0.012129,-1,-1,button,1,98,98,0,47,0,1.0000,1145,0.075982,,-1,button,1,98,98,0,47,0,1.0000,1145,0.083719,-1,,button,1,98,98,0,47,0,1.0000,1145,12.335174,17,17,98,0,0,0,0.4,risk_path,4,Bot1|Bot2|Bot3|Bot4,,1,0
301,0.65,75,440,1819333381,488089373,3635,0.646222,494,1346,46-31,45-39,54-54,11,9,35,31,24,24,0,0,1,11,1,11,36,1,11,25,1,button,1,11,11,0,25,0,1.0000,39,0.000171,-1,-1,button,1,11,11,0,25,0,1.0000,39,0.000268,,-1,button,1,11,11,0,25,0,1.0000,39,0.000554,-1,,button,1,11,11,0,25,0,1.0000,39,0.266348,-1,-1,11,0,0,0,0.4,risk_path,4,Bot1|Bot2|Bot3|Bot4,,1,0
302,0.65,75,440,1770019578,3777455532,3626,0.644622,501,1376,59-48,49-47,28-6,21,11,73,73,64,62,0,0,1,21,1,21,89,1,21,68,1,button,1,21,21,0,68,0,1.0000,109,0.000434,-1,-1,button,1,21,21,0,68,0,1.0000,109,0.001077,,-1,button,1,21,21,0,68,0,1.0000,109,0.001478,-1,,button,1,21,21,0,68,0,1.0000,109,0.797749,8,8,21,0,0,0,0.4,risk_path,4,Bot1|Bot2|Bot3|Bot4,,1,0
303,0.65,75,440,1560084379,2039133605,3629,0.645156,497,1345,39-25,1-70,74-53,97,83,69,63,96,90,1,0,1,97,0,,138,1,97,41,1,button,1,97,97,0,20,0,1.0000,1830,0.021621,-1,-1,button,1,97,97,0,20,0,1.0000,1830,0.068638,,-1,button,1,97,97,0,20,0,1.0000,1830,0.091468,-1,,button,1,97,97,0,20,0,1.0000,1830,10.533384,-1,-1,97,0,0,0,0.4,risk_path,4,Bot1|Bot2|Bot3|Bot4,,1,0
304,0.65,75,440,3262132408,1721014697,3658,0.650311,496,1385,65-54,0-53,27-37,96,66,59,55,49,43,1,0,1,96,0,,73,0,,,0,walked_into_fire,0,46,46,0,-1,50,0.4792,795,0.004716,45,45,fire_reached_bot,0,64,60,4,0,48,0.5000,1730,0.060779,,-1,fire_reached_bot,0,64,60,4,0,48,0.5000,1730,0.075638,-1,,fire_reached_bot,0,64,60,4,0,48,0.5000,1730,8.817088,-1,-1,64,0,60,4,,no_path,0,,Bot1|Bot2|Bot3|Bot4,0,1
305,0.65,75,440,77630353,3086096505,3634,0.646044,490,1370,32-73,64-44,11-31,65,61,67,63,74,66,0,0,1,65,1,65,116,1,65,51,1,button,1,65,65,0,49,0,1.0000,1045,0.006054,-1,-1,button,1,65,65,0,49,0,1.0000,1045,0.016396,,-1,button,1,65,65,0,49,0,1.0000,1045,0.023392,-1,,button,1,65,65,0,49,0,1.0000,1045,5.822979,9,9,65,0,0,0,0.4,risk_path,4,Bot1|Bot2|Bot3|Bot4,,1,0
306,0.65,75,440,3978666814,258631395,3644,0.647822,494,1394,3-14,7-13,33-47,15,5,73,63,68,60,0,0,1,15,1,15,103,1,15,88,1,button,1,15,15,0,88,0,1.0000,116,0.000303,-1,-1,button,1,15,15,0,88,0,1.0000,116,0.000608,,-1,button,1,15,15,0,88,0,1.0000,116,0.000955,-1,,button,1,15,15,0,88,0,1.0000,116,0.470055,-1,-1,15,0,0,0,0.4,risk_path,4,Bot1|Bot2|Bot3|Bot4,,1,0
307,0.65,75,440,1680995527,3003881739,3653,0.649422,507,1391,65-55,74-12,61-23,66,52,44,36,24,24,1,0,1,66,0,,33,0,,,0,walked_into_fire,0,27,27,0,-1,39,0.4091,267,0.001397,22,22,fire_reached_bot,0,31,24,7,0,44,0.3333,383,0.051778,,-1,fire_reached_bot,0,31,24,7,0,44,0.3333,383,0.098633,-1,,fire_reached_bot,0,31,24,7,0,44,0.3333,383,4.483814,-1,-1,31,0,24,7,,no_path,0,,Bot1|Bot2|Bot3|Bot4,0,1
308,0.65,75,440,3117523694,2309348517,3656,0.649956,515,1390,15-41,1-38,23-35,31,17,14,14,39,25,0,0,1,31,1,31,52,1,31,21,1,button,1,31,31,0,16,0,1.0000,389,0.001280,-1,-1,button,1,31,31,0,16,0,1.0000,389,0.002884,,-1,button,1,31,31,0,16,0,1.0000,389,0.004475,-1,,button,1,31,31,0,16,0,1.0000,389,1.749283,-1,-1,31,0,0,0,0.4,risk_path,4,Bot1|Bot2|Bot3|Bot4,,1,0
309,0.65,75,440,2835355592,297263676,3627,0.644800,500,1373,11-50,68-37,68-60,86,70,97,67,41,23,1,0,1,86,0,,64,0,,,0,fire_reached_bot,0,64,64,0,0,22,0.7442,524,0.005046,60,60,fire_reached_bot,0,72,59,13,-7,27,0.6860,,0.093159,,-1,fire_reached_bot,0,72,59,13,-7,27,0.6860,,0.162489,-1,,fire_reached_bot,0,72,59,13,-7,27,0.6860,,11.892072,-1,-1,72,0,59,13,,no_path,0,,Bot1|Bot2|Bot3|Bot4,0,1
310,0.65,75,440,2898697772,2994729344,3622,0.643911,510,1334,29-24,19-52,44-21,56,38,22,18,58,56,0,0,1,56,1,56,86,1,56,30,1,button,1,56,56,0,29,0,1.0000,1193,0.006984,-1,-1,button,1,56,56,0,29,0,1.0000,1193,0.020694,,-1,button,1,56,56,0,29,0,1.0000,1193,0.029181,-1,,button,1,56,56,0,29,0,1.0000,1193,4.513619,-1,-1,56,0,0,0,0.4,risk_path,4,Bot1|Bot2|Bot3|Bot4,,1,0
311,0.65,75,440,1005567868,222496869,3643,0.647644,506,1381,16-45,13-59,40-62,35,17,65,41,50,30,0,0,1,35,1,35,68,1,35,33,1,button,1,35,35,0,33,0,1.0000,324,0.001180,-1,-1,button,1,35,35,0,33,0,1.0000,324,0.003500,,-1,button,1,35,35,0,33,0,1.0000,324,0.004920,-1,,button,1,35,35,0,33,0,1.0000,324,2.271505,-1,-1,35,0,0,0,0.4,risk_path,4,Bot1|Bot2|Bot3|Bot4,,1,0
312,0.65,75,440,3042795674,2137903543,3656,0.649956,523,1394,37-7,45-46,3-20,65,47,55,47,74,68,0,0,1,65,1,65,113,1,65,48,1,button,1,65,65,0,39,0,1.0000,773,0.005306,-1,-1,button,1,65,65,0,39,0,1.0000,773,0.014677,,-1,button,1,65,65,0,39,0,1.0000,773,0.022231,-1,,button,1,65,65,0,44,0,1.0000,773,7.001899,39,39,65,0,0,0,0.4,risk_path,4,Bot1|Bot2|Bot3|Bot4,,1,0
313,0.65,75,440,1246630585,1554748669,3644,0.647822,515,1381,70-15,74-36,60-13,39,25,58,12,53,37,0,0,1,39,1,39,73,1,39,34,1,button,1,39,39,0,30,0,1.0000,280,0.001303,-1,-1,button,1,39,39,0,30,0,1.0000,280,0.004892,,-1,button,1,39,39,0,30,0,1.0000,280,0.007936,-1,,button,1,39,39,0,30,0,1.0000,280,2.948774,25,25,39,0,0,0,0.4,risk_path,4,Bot1|Bot2|Bot3|Bot4,,1,0
314,0.65,75,440,2358439391,771830428,3651,0.649067,506,1369,54-13,45-40,7-28,40,36,82,62,62,50,0,0,1,40,1,40,89,1,40,49,1,button,1,40,40,0,49,0,1.0000,164,0.000834,-1,-1,button,1,40,40,0,49,0,1.0000,164,0.003359,,-1,button,1,40,40,0,49,0,1.0000,164,0.004778,-1,,button,1,40,40,0,49,0,1.0000,164,3.024099,-1,-1,40,0,0,0,0.4,risk_path,4,Bot1|Bot2|Bot3|Bot4,,1,0
315,0.65,75,440,773523320,1401553363,3618,0.643200,495,1376,24-48,24-35,13-9,19,13,58,50,53,37,0,0,1,19,1,19,77,1,19,58,1,button,1,19,19,0,57,0,1.0000,173,0.000488,-1,-1,button,1,19,19,0,57,0,1.0000,173,0.001061,,-1,button,1,19,19,0,57,0,1.0000,173,0.001569,-1,,button,1,19,19,0,57,0,1.0000,173,0.767737,6,6,19,0,0,0,0.4,risk_path,4,Bot1|Bot2|Bot3|Bot4,,1,0
316,0.65,75,440,1738134723,2008269550,3615,0.642667,493,1361,13-28,74-55,16-9,92,88,34,22,108,104,0,0,1,92,1,92,166,1,92,74,1,button,1,92,92,0,43,0,1.0000,1527,0.016216,-1,-1,button,1,92,92,0,43,0,1.0000,1527,0.047243,,-1,button,1,92,92,0,43,0,1.0000,1527,0.071750,-1,,button,1,92,92,0,43,0,1.0000,1527,11.153710,15,15,92,0,0,0,0.4,risk_path,4,Bot1|Bot2|Bot3|Bot4,,1,0
317,0.65,75,440,979263756,953799673,3669,0.652267,502,1402,13-59,8-50,29-50,16,14,31,25,31,21,0,0,1,16,1,16,41,1,16,25,1,button,1,16,16,0,25,0,1.0000,78,0.000273,-1,-1,button,1,16,16,0,25,0,1.0000,78,0.000724,,-1,button,1,16,16,0,25,0,1.0000,78,0.000783,-1,,button,1,16,16,0,25,0,1.0000,78,0.552897,-1,-1,16,0,0,0,0.4,risk_path,4,Bot1|Bot2|Bot3|Bot4,,1,0
318,0.65,75,440,1739095726,662417193,3613,0.642311,484,1308,66-39,40-23,28-18,42,42,59,59,17,17,1,0,1,42,0,,26,0,,,0,walked_into_fire,0,35,35,0,-8,7,0.8333,,0.001678,27,27,fire_reached_bot,0,48,26,22,-21,16,0.6190,,0.099370,,-1,fire_reached_bot,0,48,26,22,-21,16,0.6190,,0.209082,-1,,fire_reached_bot,0,48,26,22,-21,16,0.6190,,2.630416,-1,-1,48,0,26,22,,no_path,0,,Bot1|Bot2|Bot3|Bot4,0,1
319,0.65,75,440,868483726,487361327,3650,0.648889,508,1404,55-23,16-9,32-68,67,53,68,68,83,75,0,0,1,67,1,67,115,1,67,48,1,button,1,67,67,0,48,0,1.0000,1428,0.010585,-1,-1,button,1,67,67,0,48,0,1.0000,1428,0.026799,,-1,button,1,67,67,0,48,0,1.0000,1428,0.041814,-1,,button,1,67,67,0,48,0,1.0000,1428,6.086049,-1,-1,67,0,0,0,0.4,risk_path,4,Bot1|Bot2|Bot3|Bot4,,1,0
320,0.65,75,440,780381394,1436591598,3617,0.643022,490,1335,61-29,72-65,25-35,67,47,64,42,83,77,0,0,1,67,1,67,120,1,67,53,1,button,1,67,67,0,45,0,1.0000,1764,0.013287,-1,-1,button,1,67,67,0,45,0,1.0000,1764,0.029119,,-1,button,1,67,67,0,45,0,1.0000,1764,0.045471,-1,,button,1,67,67,0,45,0,1.0000,1764,6.396594,9,9,67,0,0,0,0.4,risk_path,4,Bot1|Bot2|Bot3|Bot4,,1,0
321,0.65,75,440,3438593776,3903306868,3635,0.646222,502,1352,60-59,50-8,12-9,89,61,106,98,51,39,1,0,1,89,0,,73,0,,,0,fire_reached_bot,0,68,68,0,0,21,0.7640,1110,0.009985,67,66,fire_reached_bot,0,79,73,6,-5,30,0.6629,,0.066791,,66,fire_reached_bot,0,81,73,8,-7,32,0.6404,,0.115433,66,,fire_reached_bot,0,79,73,6,-5,30,0.6629,,11.778339,-1,66,79,0,73,6,,no_path,0,,Bot1|Bot2|Bot3|Bot4,0,1
322,0.65,75,440,3986935069,3858830174,3609,0.641600,489,1337,31-41,40-34,16-58,18,16,38,32,56,48,0,0,1,18,1,18,81,1,18,63,1,button,1,18,18,0,59,0,1.0000,86,0.000341,-1,-1,button,1,18,18,0,59,0,1.0000,86,0.000892,,-1,button,1,18,18,0,59,0,1.0000,86,0.001108,-1,,button,1,18,18,0,59,0,1.0000,86,0.671597,4,4,18,0,0,0,0.4,risk_path,4,Bot1|Bot2|Bot3|Bot4,,1,0
323,0.65,75,440,509776406,2567658253,3634,0.646044,501,1378,47-21,69-44,53-74,53,45,81,59,48,46,1,0,1,53,0,,68,1,53,15,1,button,1,53,53,0,15,0,1.0000,388,0.003141,-1,-1,button,1,53,53,0,15,0,1.0000,388,0.010618,,-1,button,1,53,53,0,15,0,1.0000,388,0.012905,-1,,button,1,53,53,0,15,0,1.0000,388,4.906725,35,35,53,0,0,0,0.4,risk_path,4,Bot1|Bot2|Bot3|Bot4,,1,0
324,0.65,75,440,1895927736,3210878789,3644,0.647822,498,1357,21-58,33-29,37-60,47,41,24,18,53,35,0,0,1,47,1,47,77,1,47,30,1,button,1,47,47,0,16,0,1.0000,778,0.004145,-1,-1,button,1,47,47,0,16,0,1.0000,778,0.011318,,-1,button,1,47,47,0,16,0,1.0000,778,0.015621,-1,,button,1,47,47,0,13,0,1.0000,778,3.599320,1,1,47,0,0,0,0.4,risk_path,4,Bot1|Bot2|Bot3|Bot4,,1,0
325,0.65,75,440,75942277,1867417450,3633,0.645867,498,1373,42-69,9-37,54-41,67,65,52,40,73,49,0,0,1,67,1,67,111,1,67,44,1,button,1,67,67,0,38,0,1.0000,1373,0.009277,-1,-1,button,1,67,67,0,38,0,1.0000,1373,0.019554,,-1,button,1,67,67,0,38,0,1.0000,1373,0.033245,-1,,button,1,67,67,0,38,0,1.0000,1373,6.652808,-1,-1,67,0,0,0,0.4,risk_path,4,Bot1|Bot2|Bot3|Bot4,,1,0
326,0.65,75,440,4250529820,1484301454,3643,0.647644,502,1368,33-23,2-23,69-51,49,31,74,64,107,95,0,0,1,49,1,49,142,1,49,93,1,button,1,49,49,0,92,0,1.0000,456,0.002847,-1,-1,button,1,49,49,0,92,0,1.0000,456,0.009565,,-1,button,1,49,49,0,92,0,1.0000,456,0.013749,-1,,button,1,49,49,0,92,0,1.0000,456,4.287023,-1,-1,49,0,0,0,0.4,risk_path,4,Bot1|Bot2|Bot3|Bot4,,1,0
327,0.65,75,440,3071567326,2258578127,3628,0.644978,495,1351,17-29,32-6,61-47,52,38,68,62,86,70,0,0,1,52,1,52,127,1,52,75,1,button,1,52,52,0,64,0,1.0000,1002,0.005668,-1,-1,button,1,52,52,0,64,0,1.0000,1002,0.017940,,-1,button,1,52,52,0,64,0,1.0000,1002,0.028086,-1,,button,1,52,52,0,64,0,1.0000,1002,4.147860,-1,-1,52,0,0,0,0.4,risk_path,4,Bot1|Bot2|Bot3|Bot4,,1,0
328,0.65,75,440,407302120,1091993989,3642,0.647467,494,1375,69-30,27-56,9-73,68,68,105,103,41,35,1,0,1,68,0,,61,0,,,0,fire_reached_bot,0,63,63,0,-1,5,0.9265,,0.003787,59,59,fire_reached_bot,0,73,61,12,-11,7,0.8971,,0.070284,,-1,fire_reached_bot,0,73,61,12,-11,7,0.8971,,0.154405,-1,,fire_reached_bot,0,73,61,12,-11,7,0.8971,,7.990835,-1,-1,73,0,61,12,,no_path,0,,Bot1|Bot2|Bot3|Bot4,0,1
329,0.65,75,440,403694093,443635467,3638,0.646756,512,1379,43-13,3-72,5-9,105,99,52,42,99,65,1,0,1,105,0,,132,1,105,27,1,button,1,105,105,0,10,0,1.0000,1593,0.020391,-1,-1,button,1,105,105,0,10,0,1.0000,1593,0.066096,,-1,button,1,105,105,0,10,0,1.0000,1593,0.096087,-1,,button,1,105,105,0,10,0,1.0000,1593,12.912058,-1,-1,105,0,0,0,0.4,risk_path,4,Bot1|Bot2|Bot3|Bot4,,1,0
330,0.65,75,440,2933929372,24815168,3657,0.650133,506,1413,16-47,12-13,7-1,58,38,71,55,21,17,1,0,1,58,0,,32,0,,,0,fire_reached_bot,0,46,46,0,-13,12,0.7931,,0.002280,32,32,fire_reached_bot,0,61,31,30,-28,27,0.5345,,0.155360,,-1,fire_reached_bot,0,61,31,30,-28,27,0.5345,,0.324939,-1,,fire_reached_bot,0,61,31,30,-28,27,0.5345,,4.562657,-1,-1,61,0,31,30,,no_path,0,,Bot1|Bot2|Bot3|Bot4,0,1
331,0.65,75,440,571489985,3669167757,3662,0.651022,499,1410,27-33,16-4,24-50,66,40,26,20,70,54,0,0,1,66,1,66,96,1,66,30,1,button,1,66,66,0,7,0,1.0000,1806,0.013909,-1,-1,button,1,66,66,0,7,0,1.0000,1806,0.027970,,-1,button,1,66,66,0,7,0,1.0000,1806,0.045834,-1,,button,1,66,66,0,7,0,1.0000,1806,5.080413,-1,-1,66,0,0,0,0.4,risk_path,4,Bot1|Bot2|Bot3|Bot4,,1,0
332,0.65,75,440,2718824820,2814868908,3642,0.647467,500,1367,69-72,7-71,1-31,107,63,123,109,68,46,1,0,1,107,0,,107,1,107,0,0,walked_into_fire,0,106,106,0,-2,1,0.9907,1830,0.018749,106,106,button,1,107,107,0,0,0,1.0000,1857,0.073162,,-1,button,1,107,107,0,0,0,1.0000,1857,0.113299,-1,,button,1,107,107,0,0,0,1.0000,1857,14.302849,-1,-1,107,4,103,0,0.99,risk_path,3,Bot2|Bot3|Bot4,Bot1,0,0
333,0.65,75,440,1458069241,3379700867,3616,0.642844,488,1368,54-44,9-44,37-18,71,45,51,43,70,54,1,0,1,71,0,,101,1,71,30,1,button,1,71,71,0,21,0,1.0000,1560,0.011430,-1,-1,button,1,71,71,0,21,0,1.0000,1560,0.036348,,-1,button,1,71,71,0,21,0,1.0000,1560,0.050336,-1,,button,1,71,71,0,21,0,1.0000,1560,6.187356,-1,-1,71,0,0,0,0.4,risk_path,4,Bot1|Bot2|Bot3|Bot4,,1,0
334,0.65,75,440,110822976,411924728,3637,0.646578,500,1351,9-14,47-13,64-72,57,39,113,113,90,76,0,0,1,57,1,57,126,1,57,69,1,button,1,57,57,0,69,0,1.0000,436,0.002863,-1,-1,button,1,57,57,0,69,0,1.0000,436,0.010235,,-1,button,1,57,57,0,69,0,1.0000,436,0.014226,-1,,button,1,57,57,0,69,0,1.0000,436,5.365568,30,30,57,0,0,0,0.4,risk_path,4,Bot1|Bot2|Bot3|Bot4,,1,0
335,0.65,75,440,3526644172,994635310,3650,0.648889,506,1412,56-5,54-63,8-20,98,60,75,63,97,89,1,0,1,98,0,,120,1,98,22,1,button,1,98,98,0,22,0,1.0000,2088,0.023174,-1,-1,button,1,98,98,0,22,0,1.0000,2088,0.082432,,-1,button,1,98,98,0,22,0,1.0000,2088,0.117052,-1,,button,1,98,98,0,22,0,1.0000,2088,11.655096,-1,-1,98,0,0,0,0.4,risk_path,4,Bot1|Bot2|Bot3|Bot4,,1,0
336,0.65,75,440,1087217453,2269991397,3621,0.643733,494,1334,22-61,69-15,6-53,93,93,28,24,111,101,0,0,1,93,1,93,158,1,93,65,1,button,1,93,93,0,35,0,1.0000,1575,0.015387,-1,-1,button,1,93,93,0,35,0,1.0000,1575,0.038345,,-1,button,1,93,93,0,35,0,1.0000,1575,0.060116,-1,,button,1,93,93,0,35,0,1.0000,1575,10.683328,9,9,93,0,0,0,0.4,risk_path,4,Bot1|Bot2|Bot3|Bot4,,1,0
337,0.65,75,440,4182190525,591908680,3630,0.645333,507,1374,56-6,63-6,60-53,15,7,63,51,64,50,0,0,1,15,1,15,95,1,15,80,1,button,1,15,15,0,79,0,1.0000,79,0.000265,-1,-1,button,1,15,15,0,79,0,1.0000,79,0.000558,,-1,button,1,15,15,0,79,0,1.0000,79,0.000781,-1,,button,1,15,15,0,79,0,1.0000,79,0.485837,1,1,15,0,0,0,0.4,risk_path,4,Bot1|Bot2|Bot3|Bot4,,1,0
338,0.65,75,440,131814599,1043486984,3657,0.650133,523,1389,39-55,70-4,56-15,84,82,63,57,25,25,1,0,1,84,0,,33,0,,,0,walked_into_fire,0,39,39,0,-5,45,0.4643,,0.003036,25,25,fire_reached_bot,0,60,24,36,-26,60,0.2857,,0.167800,,-1,fire_reached_bot,0,60,24,36,-26,60,0.2857,,0.327924,-1,,fire_reached_bot,0,60,24,36,-26,60,0.2857,,5.355498,-1,-1,60,0,24,36,,no_path,0,,Bot1|Bot2|Bot3|Bot4,0,1
339,0.65,75,440,1857643394,677001930,3667,0.651911,510,1436,66-71,67-49,25-46,29,23,70,66,57,45,0,0,1,29,1,29,83,1,29,54,1,button,1,29,29,0,54,0,1.0000,198,0.000779,-1,-1,button,1,29,29,0,54,0,1.0000,198,0.002207,,-1,button,1,29,29,0,54,0,1.0000,198,0.003670,-1,,button,1,29,29,0,54,0,1.0000,198,1.570399,20,20,29,0,0,0,0.4,risk_path,4,Bot1|Bot2|Bot3|Bot4,,1,0
340,0.65,75,440,3864308138,3978975570,3644,0.647822,513,1385,10-9,61-25,64-45,83,67,100,90,27,23,1,0,1,83,0,,40,0,,,0,walked_into_fire,0,58,58,0,-17,25,0.6988,,0.007889,39,39,fire_reached_bot,0,88,38,50,-47,45,0.4578,,0.195413,,-1,fire_reached_bot,0,88,38,50,-47,45,0.4578,,0.404030,-1,,fire_reached_bot,0,88,38,50,-47,45,0.4578,,7.165070,-1,-1,88,0,38,50,,no_path,0,,Bot1|Bot2|Bot3|Bot4,0,1
341,0.65,75,440,3005494717,346531541,3669,0.652267,514,1446,23-73,11-56,43-56,29,29,51,37,56,32,0,0,1,29,1,29,84,1,29,55,1,button,1,29,29,0,55,0,1.0000,220,0.000733,-1,-1,button,1,29,29,0,55,0,1.0000,220,0.002167,,-1,button,1,29,29,0,55,0,1.0000,220,0.003567,-1,,button,1,29,29,0,55,0,1.0000,220,1.660675,-1,-1,29,0,0,0,0.4,risk_path,4,Bot1|Bot2|Bot3|Bot4,,1,0
342,0.65,75,440,2387691047,1277799577,3628,0.644978,496,1375,63-32,0-59,64-69,110,90,48,38,108,74,1,0,1,110,0,,145,1,110,35,1,button,1,110,110,0,24,0,1.0000,2097,0.026545,-1,-1,button,1,110,110,0,24,0,1.0000,2097,0.114882,,-1,button,1,110,110,0,24,0,1.0000,2097,0.163667,-1,,button,1,110,110,0,24,0,1.0000,2097,13.743789,80,80,110,0,0,0,0.4,risk_path,4,Bot1|Bot2|Bot3|Bot4,,1,0
343,0.65,75,440,909155234,2602241716,3644,0.647822,500,1364,16-23,49-50,35-2,60,60,42,40,74,62,0,0,1,60,1,60,106,1,60,46,1,button,1,60,60,0,44,0,1.0000,715,0.003607,-1,-1,button,1,60,60,0,44,0,1.0000,715,0.010370,,-1,button,1,60,60,0,44,0,1.0000,715,0.015720,-1,,button,1,60,60,0,44,0,1.0000,715,5.811172,1,1,60,0,0,0,0.4,risk_path,4,Bot1|Bot2|Bot3|Bot4,,1,0
344,0.65,75,440,3582665592,3009362077,3649,0.648711,507,1382,35-73,60-54,29-72,46,44,9,7,55,49,0,0,1,46,1,46,87,1,46,41,1,button,1,46,46,0,14,0,1.0000,339,0.001498,-1,-1,button,1,46,46,0,14,0,1.0000,339,0.005551,,-1,button,1,46,46,0,14,0,1.0000,339,0.007729,-1,,button,1,46,46,0,14,0,1.0000,339,3.707772,-1,-1,46,0,0,0,0.4,risk_path,4,Bot1|Bot2|Bot3|Bot4,,1,0
345,0.65,75,440,2398338138,2828610287,3658,0.650311,518,1407,57-10,11-57,39-61,101,93,79,69,44,32,1,0,1,101,0,,54,0,,,0,fire_reached_bot,0,63,63,0,-8,38,0.6238,,0.008974,55,55,fire_reached_bot,0,73,54,19,-18,47,0.5347,,0.107067,,-1,fire_reached_bot,0,73,54,19,-18,47,0.5347,,0.202625,-1,,fire_reached_bot,0,73,54,19,-18,47,0.5347,,9.484999,-1,-1,73,0,54,19,,no_path,0,,Bot1|Bot2|Bot3|Bot4,0,1
346,0.65,75,440,1634039232,257003492,3623,0.644089,481,1315,15-50,50-34,67-55,55,51,73,57,58,38,0,0,1,55,1,55,95,1,55,40,1,button,1,55,55,0,35,0,1.0000,417,0.002858,-1,-1,button,1,55,55,0,35,0,1.0000,417,0.009011,,-1,button,1,55,55,0,35,0,1.0000,417,0.012698,-1,,button,1,55,55,0,35,0,1.0000,417,5.546727,9,9,55,0,0,0,0.4,risk_path,4,Bot1|Bot2|Bot3|Bot4,,1,0
347,0.65,75,440,2513077685,551885425,3649,0.648711,526,1370,16-2,51-8,61-32,45,41,77,75,40,34,1,0,1,45,0,,59,1,45,14,1,button,1,45,45,0,14,0,1.0000,654,0.003311,-1,-1,button,1,45,45,0,14,0,1.0000,654,0.006140,,-1,button,1,45,45,0,14,0,1.0000,654,0.010991,-1,,button,1,45,45,0,14,0,1.0000,654,3.257785,-1,-1,45,0,0,0,0.4,risk_path,4,Bot1|Bot2|Bot3|Bot4,,1,0
348,0.65,75,440,2812461286,2193935649,3611,0.641956,483,1301,15-34,23-68,70-39,52,42,84,60,90,76,0,0,1,52,1,52,120,1,52,68,1,button,1,52,52,0,63,0,1.0000,625,0.003382,-1,-1,button,1,52,52,0,63,0,1.0000,625,0.011210,,-1,button,1,52,52,0,63,0,1.0000,625,0.018125,-1,,button,1,52,52,0,63,0,1.0000,625,4.350777,5,5,52,0,0,0,0.4,risk_path,4,Bot1|Bot2|Bot3|Bot4,,1,0
349,0.65,75,440,1831191962,3675714604,3639,0.646933,513,1405,21-49,42-73,62-57,47,45,61,49,38,36,1,0,1,47,0,,56,1,47,9,1,button,1,47,47,0,8,0,1.0000,599,0.003081,-1,-1,button,1,47,47,0,8,0,1.0000,599,0.009039,,-1,button,1,47,47,0,8,0,1.0000,599,0.012549,-1,,button,1,47,47,0,8,0,1.0000,599,3.665548,6,6,47,10,1,0,0.99,risk_path,4,Bot1|Bot2|Bot3|Bot4,,1,0
350,0.65,75,440,2219431423,1820989950,3664,0.651378,510,1364,40-51,48-66,2-54,35,23,61,41,64,58,0,0,1,35,1,35,86,1,35,51,1,button,1,35,35,0,50,0,1.0000,316,0.001234,-1,-1,button,1,35,35,0,50,0,1.0000,316,0.003511,,-1,button,1,35,35,0,50,0,1.0000,316,0.004955,-1,,button,1,35,35,0,51,0,1.0000,316,2.150041,9,9,35,0,0,0,0.4,risk_path,4,Bot1|Bot2|Bot3|Bot4,,1,0
351,0.65,75,440,509892709,3321225519,3631,0.645511,492,1334,68-20,35-61,33-59,76,74,84,74,8,4,1,0,1,76,0,,10,0,,,0,fire_reached_bot,0,49,49,0,-38,27,0.6447,,0.003860,11,11,fire_reached_bot,0,109,10,99,-98,66,0.1316,,0.364725,,-1,fire_reached_bot,0,109,10,99,-98,66,0.1316,,0.843317,-1,,fire_reached_bot,0,109,10,99,-98,66,0.1316,,2.294906,-1,-1,109,0,10,99,,no_path,0,,Bot1|Bot2|Bot3|Bot4,0,1
352,0.65,75,440,410674036,2790386272,3625,0.644444,506,1354,26-67,69-15,65-27,97,95,79,79,18,16,1,0,1,97,0,,21,0,,,0,walked_into_fire,0,45,45,0,-23,52,0.4639,,0.004070,22,22,fire_reached_bot,0,74,21,53,-52,76,0.2165,,0.234148,,-1,fire_reached_bot,0,74,21,53,-52,76,0.2165,,0.495546,-1,,fire_reached_bot,0,74,21,53,-52,76,0.2165,,5.074437,-1,-1,74,0,21,53,,no_path,0,,Bot1|Bot2|Bot3|Bot4,0,1
353,0.65,75,440,43560433,194753494,3664,0.651378,509,1414,18-45,35-35,14-41,29,27,10,8,31,27,0,0,1,29,1,29,39,1,29,10,1,button,1,29,29,0,2,0,1.0000,268,0.000977,-1,-1,button,1,29,29,0,2,0,1.0000,268,0.002338,,-1,button,1,29,29,0,2,0,1.0000,268,0.005232,-1,,button,1,29,29,0,2,0,1.0000,268,1.640278,13,13,29,0,0,0,0.4,risk_path,4,Bot1|Bot2|Bot3|Bot4,,1,0
354,0.65,75,440,4123683559,484405637,3632,0.645689,495,1346,35-23,17-71,73-61,72,66,80,76,106,66,0,0,1,72,1,72,144,1,72,72,1,button,1,72,72,0,56,0,1.0000,901,0.007195,-1,-1,button,1,72,72,0,56,0,1.0000,901,0.026517,,-1,button,1,72,72,0,56,0,1.0000,901,0.047687,-1,,button,1,72,72,0,56,0,1.0000,901,7.803132,-1,-1,72,0,0,0,0.4,risk_path,4,Bot1|Bot2|Bot3|Bot4,,1,0
355,0.65,75,440,2102547529,3795932170,3646,0.648178,505,1407,50-36,69-58,9-56,41,41,71,61,84,62,0,0,1,41,1,41,125,1,41,84,1,button,1,41,41,0,82,0,1.0000,581,0.002611,-1,-1,button,1,41,41,0,82,0,1.0000,581,0.006065,,-1,button,1,41,41,0,82,0,1.0000,581,0.011071,-1,,button,1,41,41,0,82,0,1.0000,581,2.948358,22,22,41,0,0,0,0.4,risk_path,4,Bot1|Bot2|Bot3|Bot4,,1,0
356,0.65,75,440,1989372477,1712784801,3669,0.652267,524,1424,21-34,59-12,66-55,66,60,78,66,60,50,1,0,1,66,0,,97,1,66,31,1,button,1,66,66,0,31,0,1.0000,1058,0.009866,-1,-1,button,1,66,66,0,31,0,1.0000,1058,0.019570,,-1,button,1,66,66,0,31,0,1.0000,1058,0.031512,-1,,button,1,66,66,0,29,0,1.0000,1058,6.698337,1,1,66,0,0,0,0.4,risk_path,4,Bot1|Bot2|Bot3|Bot4,,1,0
357,0.65,75,440,3146175691,832631895,3635,0.646222,504,1390,18-0,68-9,10-61,87,59,87,69,126,110,0,0,1,87,1,87,174,1,87,87,1,button,1,87,87,0,81,0,1.0000,1597,0.017889,-1,-1,button,1,87,87,0,81,0,1.0000,1597,0.061617,,-1,button,1,87,87,0,81,0,1.0000,1597,0.083596,-1,,button,1,87,87,0,81,0,1.0000,1597,8.843956,2,2,87,0,0,0,0.4,risk_path,4,Bot1|Bot2|Bot3|Bot4,,1,0
358,0.65,75,440,619419441,2208452547,3652,0.649244,505,1413,54-66,47-12,11-43,71,61,70,66,77,67,0,0,1,71,1,71,107,1,71,36,1,button,1,71,71,0,27,0,1.0000,1536,0.012321,-1,-1,button,1,71,71,0,27,0,1.0000,1536,0.023493,,-1,button,1,71,71,0,27,0,1.0000,1536,0.038895,-1,,button,1,71,71,0,27,0,1.0000,1536,6.782271,-1,-1,71,0,0,0,0.4,risk_path,4,Bot1|Bot2|Bot3|Bot4,,1,0
359,0.65,75,440,1223795627,3036548846,3649,0.648711,506,1394,57-7,12-54,8-43,92,92,87,85,21,15,1,0,1,92,0,,32,0,,,0,walked_into_fire,0,53,53,0,-20,39,0.5761,,0.004462,33,33,fire_reached_bot,0,75,32,43,-42,60,0.3478,,0.201826,,-1,fire_reached_bot,0,75,32,43,-42,60,0.3478,,0.407004,-1,,fire_reached_bot,0,75,32,43,-42,60,0.3478,,6.826903,-1,-1,75,0,32,43,,no_path,0,,Bot1|Bot2|Bot3|Bot4,0,1
360,0.65,75,440,579359964,1186995808,3635,0.646222,507,1379,22-42,54-3,35-52,77,71,23,23,78,68,0,0,1,77,1,77,119,1,77,42,1,button,1,77,77,0,15,0,1.0000,1817,0.014662,-1,-1,button,1,77,77,0,15,0,1.0000,1817,0.029265,,-1,button,1,77,77,0,15,0,1.0000,1817,0.051621,-1,,button,1,77,77,0,15,0,1.0000,1817,7.064472,21,21,77,0,0,0,0.4,risk_path,4,Bot1|Bot2|Bot3|Bot4,,1,0
361,0.65,75,440,2365814492,1911836688,3652,0.649244,497,1410,17-70,13-44,49-34,44,30,72,68,52,46,0,0,1,44,1,44,77,1,44,33,1,button,1,44,44,0,31,0,1.0000,607,0.003207,-1,-1,button,1,44,44,0,31,0,1.0000,607,0.007624,,-1,button,1,44,44,0,31,0,1.0000,607,0.010888,-1,,button,1,44,44,0,31,0,1.0000,607,2.929500,-1,-1,44,0,0,0,0.4,risk_path,4,Bot1|Bot2|Bot3|Bot4,,1,0
362,0.65,75,440,1556033072,2435529583,3641,0.647289,503,1362,41-9,37-54,29-58,73,49,81,61,12,12,1,0,1,73,0,,15,0,,,0,fire_reached_bot,0,51,51,0,-35,22,0.6986,,0.006493,16,16,fire_reached_bot,0,98,15,83,-82,58,0.2055,,0.330913,,-1,fire_reached_bot,0,98,15,83,-82,58,0.2055,,0.677672,-1,,fire_reached_bot,0,98,15,83,-82,58,0.2055,,3.374764,-1,-1,98,0,15,83,,no_path,0,,Bot1|Bot2|Bot3|Bot4,0,1
363,0.65,75,440,4172303545,2847709414,3659,0.650489,521,1372,18-5,16-3,65-55,4,4,97,97,101,101,0,0,1,4,1,4,135,1,4,131,1,button,1,4,4,0,130,0,1.0000,6,0.000052,-1,-1,button,1,4,4,0,130,0,1.0000,6,0.000080,,-1,button,1,4,4,0,130,0,1.0000,6,0.000125,-1,,button,1,4,4,0,130,0,1.0000,6,0.085064,-1,-1,4,0,0,0,0.4,risk_path,4,Bot1|Bot2|Bot3|Bot4,,1,0
364,0.65,75,440,2579275816,973970230,3634,0.646044,504,1359,6-44,19-58,62-43,33,27,91,57,60,58,0,0,1,33,1,33,97,1,33,64,1,button,1,33,33,0,63,0,1.0000,378,0.001513,-1,-1,button,1,33,33,0,63,0,1.0000,378,0.003845,,-1,button,1,33,33,0,63,0,1.0000,378,0.004975,-1,,button,1,33,33,0,63,0,1.0000,378,1.726027,10,10,33,0,0,0,0.4,risk_path,4,Bot1|Bot2|Bot3|Bot4,,1,0
365,0.65,75,440,1952802954,979129697,3639,0.646933,509,1412,74-40,7-52,23-65,93,79,90,76,39,29,1,0,1,93,0,,50,0,,,0,fire_reached_bot,0,52,52,0,-1,41,0.5591,,0.005458,46,46,fire_reached_bot,0,54,50,4,-3,43,0.5376,,0.056178,,-1,fire_reached_bot,0,54,50,4,-3,43,0.5376,,0.080656,-1,,fire_reached_bot,0,54,50,4,-3,43,0.5376,,9.309470,-1,-1,54,0,50,4,,no_path,0,,Bot1|Bot2|Bot3|Bot4,0,1
366,0.65,75,440,3081393282,309076382,3638,0.646756,493,1349,36-74,8-31,36-50,71,71,36,24,47,47,1,0,1,71,0,,68,0,,,0,fire_reached_bot,0,29,29,0,0,42,0.4085,285,0.001170,27,26,fire_reached_bot,0,35,35,0,0,54,0.2394,422,0.014293,,26,fire_reached_bot,0,46,42,4,0,63,0.1127,769,0.025978,26,,fire_reached_bot,0,35,35,0,0,54,0.2394,422,5.208837,-1,26,35,0,35,0,,shortest_path_fallback,0,,Bot1|Bot2|Bot3|Bot4,0,1
367,0.65,75,440,3151380601,1716409728,3657,0.650133,505,1413,67-49,55-9,62-54,58,52,10,10,66,52,0,0,1,58,1,58,85,1,58,27,1,button,1,58,58,0,13,0,1.0000,990,0.007142,-1,-1,button,1,58,58,0,13,0,1.0000,990,0.016094,,-1,button,1,58,58,0,13,0,1.0000,990,0.021264,-1,,button,1,58,58,0,13,0,1.0000,990,5.349339,50,50,58,0,0,0,0.4,risk_path,4,Bot1|Bot2|Bot3|Bot4,,1,0
368,0.65,75,440,2032139050,1891626865,3643,0.647644,499,1406,56-19,54-8,30-48,15,13,57,55,66,64,0,0,1,15,1,15,84,1,15,69,1,button,1,15,15,0,69,0,1.0000,43,0.000202,-1,-1,button,1,15,15,0,69,0,1.0000,43,0.000562,,-1,button,1,15,15,0,69,0,1.0000,43,0.000690,-1,,button,1,15,15,0,69,0,1.0000,43,0.449637,-1,-1,15,0,0,0,0.4,risk_path,4,Bot1|Bot2|Bot3|Bot4,,1,0
369,0.65,75,440,737645428,557148272,3635,0.646222,500,1363,5-39,12-37,1-60,21,9,31,25,40,34,0,0,1,21,1,21,65,1,21,44,1,button,1,21,21,0,41,0,1.0000,62,0.000322,-1,-1,button,1,21,21,0,41,0,1.0000,62,0.001130,,-1,button,1,21,21,0,41,0,1.0000,62,0.001330,-1,,button,1,21,21,0,41,0,1.0000,62,0.856232,-1,-1,21,0,0,0,0.4,risk_path,4,Bot1|Bot2|Bot3|Bot4,,1,0
370,0.65,75,440,2602577069,3193247753,3645,0.648000,514,1391,69-45,24-59,39-7,83,59,82,68,87,67,0,0,1,83,1,83,113,1,83,30,1,button,1,83,83,0,29,0,1.0000,1727,0.014809,-1,-1,button,1,83,83,0,29,0,1.0000,1727,0.052602,,-1,button,1,83,83,0,29,0,1.0000,1727,0.069148,-1,,button,1,83,83,0,29,0,1.0000,1727,8.525062,-1,-1,83,0,0,0,0.4,risk_path,4,Bot1|Bot2|Bot3|Bot4,,1,0
371,0.65,75,440,1923164207,2685547185,3651,0.649067,505,1395,63-72,66-47,73-55,48,28,33,27,33,15,1,0,1,48,0,,46,0,,,0,walked_into_fire,0,24,24,0,-1,24,0.5000,96,0.001004,24,18,fire_reached_bot,0,26,25,1,0,27,0.4375,131,0.007174,,18,fire_reached_bot,0,26,25,1,0,27,0.4375,131,0.007739,18,,fire_reached_bot,0,26,25,1,0,27,0.4375,131,3.135037,-1,18,26,0,25,1,,no_path,0,,Bot1|Bot2|Bot3|Bot4,0,1
372,0.65,75,440,3064658255,2591067856,3624,0.644267,503,1380,5-60,53-71,10-3,73,59,94,62,119,111,0,0,1,73,1,73,157,1,73,84,1,button,1,73,73,0,80,0,1.0000,901,0.007286,-1,-1,button,1,73,73,0,80,0,1.0000,901,0.021450,,-1,button,1,73,73,0,80,0,1.0000,901,0.028811,-1,,button,1,73,73,0,80,0,1.0000,901,8.284151,6,6,73,0,0,0,0.4,risk_path,4,Bot1|Bot2|Bot3|Bot4,,1,0
373,0.65,75,440,1154147649,4041770858,3645,0.648000,489,1406,62-19,40-29,24-69,34,32,106,88,72,56,0,0,1,34,1,34,109,1,34,75,1,button,1,34,34,0,75,0,1.0000,254,0.001014,-1,-1,button,1,34,34,0,75,0,1.0000,254,0.003294,,-1,button,1,34,34,0,75,0,1.0000,254,0.004403,-1,,button,1,34,34,0,75,0,1.0000,254,2.093715,-1,-1,34,0,0,0,0.4,risk_path,4,Bot1|Bot2|Bot3|Bot4,,1,0
374,0.65,75,440,1357385445,1134208027,3666,0.651733,513,1413,25-51,39-21,30-57,60,44,11,11,65,45,0,0,1,60,1,60,85,1,60,25,1,button,1,60,60,0,6,0,1.0000,1264,0.007945,-1,-1,button,1,60,60,0,6,0,1.0000,1264,0.022937,,-1,button,1,60,60,0,6,0,1.0000,1264,0.030415,-1,,button,1,60,60,0,6,0,1.0000,1264,5.194233,12,12,60,0,0,0,0.4,risk_path,4,Bot1|Bot2|Bot3|Bot4,,1,0
375,0.65,75,440,560426098,1461767624,3635,0.646222,513,1396,24-1,51-60,27-31,94,86,51,33,55,53,1,0,1,94,0,,70,0,,,0,walked_into_fire,0,43,43,0,-1,51,0.4574,654,0.002863,40,40,fire_reached_bot,0,42,39,3,0,55,0.4149,654,0.016483,,-1,fire_reached_bot,0,42,39,3,0,55,0.4149,654,0.019980,-1,,fire_reached_bot,0,42,39,3,0,55,0.4149,654,6.707023,-1,-1,42,0,39,3,,no_path,0,,Bot1|Bot2|Bot3|Bot4,0,1
376,0.65,75,440,1829175360,2037474768,3618,0.643200,493,1325,46-28,2-26,69-70,64,46,67,65,119,111,0,0,1,64,1,64,171,1,64,107,1,button,1,64,64,0,87,0,1.0000,743,0.006023,-1,-1,button,1,64,64,0,87,0,1.0000,743,0.016389,,-1,button,1,64,64,0,87,0,1.0000,743,0.024712,-1,,button,1,64,64,0,87,0,1.0000,743,6.176639,-1,-1,64,0,0,0,0.4,risk_path,4,Bot1|Bot2|Bot3|Bot4,,1,0
377,0.65,75,440,3056335309,1867334455,3661,0.650844,500,1439,27-46,28-68,18-56,47,23,21,19,28,22,1,0,1,47,0,,40,0,,,0,fire_reached_bot,0,11,11,0,0,36,0.2340,41,0.000522,10,9,fire_reached_bot,0,58,40,18,-17,43,0.0851,,0.084831,,9,fire_reached_bot,0,43,40,3,-2,55,-0.1702,,0.084055,9,,fire_reached_bot,0,58,40,18,-17,43,0.0851,,6.489320,-1,9,58,0,40,18,,no_path,0,,Bot1|Bot2|Bot3|Bot4,0,1
378,0.65,75,440,3498759806,185762425,3635,0.646222,494,1353,44-3,7-68,63-11,110,102,29,27,117,113,0,0,1,110,1,110,152,1,110,42,1,button,1,110,110,0,15,0,1.0000,2299,0.030017,-1,-1,button,1,110,110,0,15,0,1.0000,2299,0.069213,,-1,button,1,110,110,0,15,0,1.0000,2299,0.114441,-1,,button,1,110,110,0,15,0,1.0000,2299,12.810765,-1,-1,110,0,0,0,0.4,risk_path,4,Bot1|Bot2|Bot3|Bot4,,1,0
379,0.65,75,440,743858379,262038232,3647,0.648356,504,1394,0-72,40-37,64-54,77,75,92,82,45,41,1,0,1,77,0,,61,0,,,0,walked_into_fire,0,73,73,0,-11,4,0.9481,,0.014075,62,62,fire_reached_bot,0,80,61,19,-18,16,0.7922,,0.086824,,-1,fire_reached_bot,0,80,61,19,-18,16,0.7922,,0.169860,-1,,fire_reached_bot,0,80,61,19,-18,16,0.7922,,8.557401,-1,-1,80,0,61,19,,no_path,0,,Bot1|Bot2|Bot3|Bot4,0,1
380,0.65,75,440,3490957155,2695499596,3644,0.647822,514,1421,51-6,65-68,53-10,96,76,8,6,90,70,1,0,1,96,0,,127,1,108,19,0,fire_reached_bot,0,6,6,0,0,90,0.0625,9,0.001795,4,1,fire_reached_bot,0,39,39,0,0,81,0.1562,518,0.040465,,1,button,1,108,108,0,2,0,1.0000,2422,0.149681,1,,fire_reached_bot,0,39,39,0,0,81,0.1562,518,7.200224,-1,1,39,0,39,0,,shortest_path_fallback,1,Bot3,Bot1|Bot2|Bot4,0,0
381,0.65,75,440,44469780,2130841903,3651,0.649067,517,1415,41-66,32-72,23-5,21,15,87,79,102,76,0,0,1,21,1,21,143,1,21,122,1,button,1,21,21,0,116,0,1.0000,146,0.000572,-1,-1,button,1,21,21,0,116,0,1.0000,146,0.001316,,-1,button,1,21,21,0,116,0,1.0000,146,0.002268,-1,,button,1,21,21,0,116,0,1.0000,146,0.869523,-1,-1,21,0,0,0,0.4,risk_path,4,Bot1|Bot2|Bot3|Bot4,,1,0
382,0.65,75,440,1350579762,3490582419,3658,0.650311,507,1374,20-31,25-6,46-43,44,30,48,38,76,58,0,0,1,44,1,44,108,1,44,64,1,button,1,44,44,0,59,0,1.0000,640,0.003184,-1,-1,button,1,44,44,0,59,0,1.0000,640,0.008905,,-1,button,1,44,44,0,59,0,1.0000,640,0.015567,-1,,button,1,44,44,0,59,0,1.0000,640,3.273369,1,1,44,0,0,0,0.4,risk_path,4,Bot1|Bot2|Bot3|Bot4,,1,0
383,0.65,75,440,2733807543,3538856808,3647,0.648356,506,1388,65-8,0-53,51-67,112,110,87,73,81,65,1,0,1,112,0,,116,1,112,4,1,button,1,112,112,0,4,0,1.0000,2599,0.037573,-1,-1,button,1,112,112,0,4,0,1.0000,2599,0.073850,,-1,button,1,112,112,0,4,0,1.0000,2599,0.124473,-1,,button,1,112,112,0,4,0,1.0000,2599,14.818457,-1,-1,112,11,89,0,0.99,risk_path,4,Bot1|Bot2|Bot3|Bot4,,1,0
384,0.65,75,440,144857897,2449621353,3659,0.650489,507,1392,72-6,70-33,45-20,53,29,45,41,44,38,1,0,1,53,0,,57,1,53,4,1,button,1,53,53,0,1,0,1.0000,1160,0.007457,-1,-1,button,1,53,53,0,1,0,1.0000,1160,0.014408,,-1,button,1,53,53,0,1,0,1.0000,1160,0.023280,-1,,button,1,53,53,0,1,0,1.0000,1160,4.728807,35,35,53,21,6,0,0.99,risk_path,4,Bot1|Bot2|Bot3|Bot4,,1,0
385,0.65,75,440,341761630,1725134005,3609,0.641600,497,1358,46-27,19-16,34-58,54,38,61,43,73,57,0,0,1,54,1,54,97,1,54,43,1,button,1,54,54,0,43,0,1.0000,927,0.006786,-1,-1,button,1,54,54,0,43,0,1.0000,927,0.018139,,-1,button,1,54,54,0,43,0,1.0000,927,0.025264,-1,,button,1,54,54,0,43,0,1.0000,927,4.496462,5,5,54,0,0,0,0.4,risk_path,4,Bot1|Bot2|Bot3|Bot4,,1,0
386,0.65,75,440,192649057,483095820,3649,0.648711,500,1326,43-10,1-65,10-16,107,97,47,39,70,58,1,0,1,107,0,,94,0,,,0,fire_reached_bot,0,39,39,0,0,68,0.3645,618,0.004781,34,34,fire_reached_bot,0,96,90,6,-1,45,0.5794,,0.094884,,70,fire_reached_bot,0,98,90,8,-3,43,0.5981,,0.149034,70,,fire_reached_bot,0,96,90,6,-1,45,0.5794,,14.326307,-1,70,96,0,90,6,,no_path,0,,Bot1|Bot2|Bot3|Bot4,0,1
387,0.65,75,440,3803973244,2905068052,3617,0.643022,490,1340,11-68,71-0,70-47,134,128,102,80,66,48,1,0,1,134,0,,94,0,,,0,fire_reached_bot,0,91,91,0,0,43,0.6791,1527,0.015353,85,85,fire_reached_bot,0,94,86,8,0,50,0.6269,1655,0.121128,,-1,fire_reached_bot,0,94,86,8,0,50,0.6269,1655,0.164478,-1,,fire_reached_bot,0,94,86,8,0,50,0.6269,1655,17.794015,-1,-1,94,0,86,8,,no_path,0,,Bot1|Bot2|Bot3|Bot4,0,1
388,0.65,75,440,1436060441,193209266,3627,0.644800,496,1372,62-48,62-52,65-20,10,4,53,31,57,35,0,0,1,10,1,10,87,1,10,77,1,button,1,10,10,0,74,0,1.0000,18,0.000157,-1,-1,button,1,10,10,0,74,0,1.0000,18,0.000234,,-1,button,1,10,10,0,74,0,1.0000,18,0.000453,-1,,button,1,10,10,0,74,0,1.0000,18,0.254796,-1,-1,10,0,0,0,0.4,risk_path,4,Bot1|Bot2|Bot3|Bot4,,1,0
389,0.65,75,440,3826677250,268213696,3645,0.648000,517,1385,26-31,33-32,8-53,12,8,40,40,48,46,0,0,1,12,1,12,63,1,12,51,1,button,1,12,12,0,51,0,1.0000,61,0.000194,-1,-1,button,1,12,12,0,51,0,1.0000,61,0.000393,,-1,button,1,12,12,0,51,0,1.0000,61,0.000970,-1,,button,1,12,12,0,51,0,1.0000,61,0.312759,7,7,12,0,0,0,0.4,risk_path,4,Bot1|Bot2|Bot3|Bot4,,1,0
390,0.65,75,440,1922677758,3470194275,3657,0.650133,504,1385,3-43,21-19,17-61,44,42,34,32,58,46,0,0,1,44,1,44,81,1,44,37,1,button,1,44,44,0,32,0,1.0000,643,0.003088,-1,-1,button,1,44,44,0,32,0,1.0000,643,0.006682,,-1,button,1,44,44,0,32,0,1.0000,643,0.011617,-1,,button,1,44,44,0,32,0,1.0000,643,2.994071,32,32,44,0,0,0,0.4,risk_path,4,Bot1|Bot2|Bot3|Bot4,,1,0
391,0.65,75,440,220974170,2519797936,3660,0.650667,503,1355,72-66,1-1,16-34,142,136,96,88,52,48,1,0,1,142,0,,74,0,,,0,fire_reached_bot,0,58,58,0,0,84,0.4085,1487,0.011520,45,45,fire_reached_bot,0,64,52,12,0,94,0.3380,1785,0.099917,,-1,fire_reached_bot,0,64,52,12,0,94,0.3380,1785,0.154798,-1,,fire_reached_bot,0,64,52,12,0,94,0.3380,1785,10.280881,-1,-1,64,0,52,12,,no_path,0,,Bot1|Bot2|Bot3|Bot4,0,1
392,0.65,75,440,311089741,15779671,3622,0.643911,498,1359,62-59,70-45,20-52,24,22,73,49,71,57,0,0,1,24,1,24,103,1,24,79,1,button,1,24,24,0,79,0,1.0000,193,0.000703,-1,-1,button,1,24,24,0,79,0,1.0000,193,0.001320,,-1,button,1,24,24,0,79,0,1.0000,193,0.002811,-1,,button,1,24,24,0,79,0,1.0000,193,1.049874,9,9,24,0,0,0,0.4,risk_path,4,Bot1|Bot2|Bot3|Bot4,,1,0
393,0.65,75,440,3786552960,3978206707,3625,0.644444,503,1356,59-68,38-39,26-64,58,50,49,37,57,37,1,0,1,58,0,,80,1,58,22,1,button,1,58,58,0,18,0,1.0000,827,0.005171,-1,-1,button,1,58,58,0,18,0,1.0000,827,0.012470,,-1,button,1,58,58,0,18,0,1.0000,827,0.020502,-1,,button,1,58,58,0,18,0,1.0000,827,5.460514,-1,-1,58,0,0,0,0.4,risk_path,4,Bot1|Bot2|Bot3|Bot4,,1,0
394,0.65,75,440,1026823686,935493975,3622,0.643911,526,1408,70-22,67-29,30-64,16,10,88,82,76,72,0,0,1,16,1,16,99,1,16,83,1,button,1,16,16,0,82,0,1.0000,151,0.000428,-1,-1,button,1,16,16,0,82,0,1.0000,151,0.000964,,-1,button,1,16,16,0,82,0,1.0000,151,0.001871,-1,,button,1,16,16,0,82,0,1.0000,151,0.521035,-1,-1,16,0,0,0,0.4,risk_path,4,Bot1|Bot2|Bot3|Bot4,,1,0
395,0.65,75,440,3873671478,4157908143,3653,0.649422,512,1406,63-33,71-71,3-25,56,46,82,68,116,114,0,0,1,56,1,56,159,1,56,103,1,button,1,56,56,0,97,0,1.0000,926,0.006681,-1,-1,button,1,56,56,0,97,0,1.0000,926,0.013329,,-1,button,1,56,56,0,97,0,1.0000,926,0.024507,-1,,button,1,56,56,0,100,0,1.0000,926,4.959335,5,5,56,0,0,0,0.4,risk_path,4,Bot1|Bot2|Bot3|Bot4,,1,0
396,0.65,75,440,1326410439,1678133499,3636,0.646400,501,1367,2-32,60-34,74-56,78,60,104,96,40,36,1,0,1,78,0,,55,0,,,0,walked_into_fire,0,60,60,0,-4,18,0.7692,,0.005189,52,52,fire_reached_bot,0,75,55,20,-19,25,0.6795,,0.109041,,-1,fire_reached_bot,0,75,55,20,-19,25,0.6795,,0.207393,-1,,fire_reached_bot,0,75,55,20,-19,25,0.6795,,9.926141,-1,-1,75,0,55,20,,no_path,0,,Bot1|Bot2|Bot3|Bot4,0,1
397,0.65,75,440,613184341,3716848103,3654,0.649600,506,1368,74-57,2-1,55-66,134,128,32,28,126,118,1,0,1,134,0,,169,1,134,35,0,fire_reached_bot,0,18,18,0,0,116,0.1343,130,0.003480,17,16,fire_reached_bot,0,77,74,3,0,116,0.1343,1493,0.129740,,16,fire_reached_bot,0,76,74,2,0,116,0.1343,1465,0.160581,16,,button,1,134,134,0,5,0,1.0000,3312,15.334716,1,1,134,0,0,0,0.4,risk_path,1,Bot4,Bot1|Bot2|Bot3,0,0
398,0.65,75,440,140259070,1404237909,3636,0.646400,513,1339,1-48,63-13,41-37,97,97,53,51,54,46,1,0,1,97,0,,80,0,,,0,walked_into_fire,0,31,31,0,-1,66,0.3196,405,0.001667,28,28,fire_reached_bot,0,64,53,11,0,68,0.2990,1975,0.055509,,-1,fire_reached_bot,0,64,53,11,0,68,0.2990,1975,0.084016,-1,,fire_reached_bot,0,64,53,11,0,68,0.2990,1975,7.902222,-1,-1,64,0,53,11,,no_path,0,,Bot1|Bot2|Bot3|Bot4,0,1
399,0.65,75,440,1706966771,3646661798,3652,0.649244,511,1407,32-34,29-13,48-3,40,24,55,47,35,29,1,0,1,40,0,,47,1,40,7,1,button,1,40,40,0,7,0,1.0000,475,0.002300,-1,-1,button,1,40,40,0,7,0,1.0000,475,0.006489,,-1,button,1,40,40,0,7,0,1.0000,475,0.010163,-1,,button,1,40,40,0,7,0,1.0000,475,2.691565,-1,-1,40,3,0,0,0.6,risk_path,4,Bot1|Bot2|Bot3|Bot4,,1,0
400,0.65,75,440,1557608422,587872040,3654,0.649600,504,1397,49-5,1-60,36-26,109,103,40,34,73,69,1,0,1,109,0,,103,0,,,0,fire_reached_bot,0,29,29,0,0,80,0.2661,420,0.001930,25,25,fire_reached_bot,0,68,66,2,0,85,0.2202,2185,0.068423,,-1,fire_reached_bot,0,68,66,2,0,85,0.2202,2185,0.101952,-1,,fire_reached_bot,0,68,66,2,0,85,0.2202,2185,9.757520,-1,-1,68,0,66,2,,no_path,0,,Bot1|Bot2|Bot3|Bot4,0,1
401,0.65,75,440,2000075961,2745563048,3647,0.648356,506,1360,53-41,74-15,43-8,51,47,65,43,46,38,1,0,1,51,0,,71,1,51,20,1,button,1,51,51,0,12,0,1.0000,702,0.003941,-1,-1,button,1,51,51,0,12,0,1.0000,702,0.011541,,-1,button,1,51,51,0,12,0,1.0000,702,0.019415,-1,,button,1,51,51,0,12,0,1.0000,702,4.053732,19,19,51,0,0,0,0.4,risk_path,4,Bot1|Bot2|Bot3|Bot4,,1,0
402,0.65,75,440,4291152545,2741335827,3641,0.647289,513,1401,4-47,39-45,36-43,57,37,58,36,5,5,1,0,1,57,0,,9,0,,,0,fire_reached_bot,0,34,34,0,-24,23,0.5965,,0.002008,10,10,fire_reached_bot,0,70,9,61,-60,48,0.1579,,0.213047,,-1,fire_reached_bot,0,70,9,61,-60,48,0.1579,,0.447703,-1,,fire_reached_bot,0,70,9,61,-60,48,0.1579,,1.629777,-1,-1,70,0,9,61,,no_path,0,,Bot1|Bot2|Bot3|Bot4,0,1
403,0.65,75,440,2060592027,3688875005,3646,0.648178,499,1396,8-70,21-2,51-54,107,81,71,59,86,82,1,0,1,107,0,,113,1,107,6,1,button,1,107,107,0,5,0,1.0000,2969,0.038043,-1,-1,button,1,107,107,0,5,0,1.0000,2969,0.086836,,-1,button,1,107,107,0,5,0,1.0000,2969,0.149042,-1,,button,1,107,107,0,5,0,1.0000,2969,11.532482,71,71,107,8,73,0,0.99,risk_path,4,Bot1|Bot2|Bot3|Bot4,,1,0
404,0.65,75,440,1918492199,551143425,3649,0.648711,506,1398,38-59,6-65,53-74,52,38,30,30,68,56,0,0,1,52,1,52,99,1,52,47,1,button,1,52,52,0,26,0,1.0000,685,0.004196,-1,-1,button,1,52,52,0,26,0,1.0000,685,0.010852,,-1,button,1,52,52,0,26,0,1.0000,685,0.016187,-1,,button,1,52,52,0,26,0,1.0000,685,4.650089,-1,-1,52,0,0,0,0.4,risk_path,4,Bot1|Bot2|Bot3|Bot4,,1,0
405,0.65,75,440,4258988007,102048511,3637,0.646578,505,1392,3-50,24-64,58-47,35,35,74,58,57,51,0,0,1,35,1,35,78,1,35,43,1,button,1,35,35,0,43,0,1.0000,407,0.001506,-1,-1,button,1,35,35,0,43,0,1.0000,407,0.003901,,-1,button,1,35,35,0,43,0,1.0000,407,0.005933,-1,,button,1,35,35,0,43,0,1.0000,407,2.104970,7,7,35,0,0,0,0.4,risk_path,4,Bot1|Bot2|Bot3|Bot4,,1,0
406,0.65,75,440,1836645683,3217807480,3644,0.647822,502,1331,0-46,40-23,63-28,79,63,105,81,32,28,1,0,1,79,0,,42,0,,,0,walked_into_fire,0,65,65,0,-22,14,0.8228,,0.009621,43,43,fire_reached_bot,0,103,42,61,-60,37,0.5316,,0.215691,,-1,fire_reached_bot,0,103,42,61,-60,37,0.5316,,0.464486,-1,,fire_reached_bot,0,103,42,61,-60,37,0.5316,,7.065249,-1,-1,103,0,42,61,,no_path,0,,Bot1|Bot2|Bot3|Bot4,0,1
407,0.65,75,440,348380400,1235727142,3621,0.643733,502,1332,23-11,33-46,23-72,49,45,79,61,46,36,1,0,1,49,0,,76,1,49,27,1,button,1,49,49,0,27,0,1.0000,266,0.001418,-1,-1,button,1,49,49,0,27,0,1.0000,266,0.005747,,-1,button,1,49,49,0,27,0,1.0000,266,0.007176,-1,,button,1,49,49,0,27,0,1.0000,266,4.408107,15,15,49,0,0,0,0.4,risk_path,4,Bot1|Bot2|Bot3|Bot4,,1,0
408,0.65,75,440,649723473,128509568,3652,0.649244,507,1389,26-9,6-2,14-47,31,27,66,50,73,53,0,0,1,31,1,31,97,1,31,66,1,button,1,31,31,0,66,0,1.0000,277,0.000987,-1,-1,button,1,31,31,0,66,0,1.0000,277,0.002999,,-1,button,1,31,31,0,66,0,1.0000,277,0.004060,-1,,button,1,31,31,0,66,0,1.0000,277,1.651579,-1,-1,31,0,0,0,0.4,risk_path,4,Bot1|Bot2|Bot3|Bot4,,1,0
409,0.65,75,440,1213574996,1326260514,3647,0.648356,488,1368,55-57,35-55,55-12,30,22,69,45,67,63,0,0,1,30,1,30,94,1,30,64,1,button,1,30,30,0,64,0,1.0000,281,0.001173,-1,-1,button,1,30,30,0,64,0,1.0000,281,0.003517,,-1,button,1,30,30,0,64,0,1.0000,281,0.004641,-1,,button,1,30,30,0,60,0,1.0000,281,1.576947,6,6,30,0,0,0,0.4,risk_path,4,Bot1|Bot2|Bot3|Bot4,,1,0
410,0.65,75,440,399927594,1172635717,3649,0.648711,503,1395,70-34,60-58,10-58,38,34,88,84,70,50,0,0,1,38,1,38,91,1,38,53,1,button,1,38,38,0,53,0,1.0000,386,0.001598,-1,-1,button,1,38,38,0,53,0,1.0000,386,0.004832,,-1,button,1,38,38,0,53,0,1.0000,386,0.006506,-1,,button,1,38,38,0,53,0,1.0000,386,2.463955,-1,-1,38,0,0,0,0.4,risk_path,4,Bot1|Bot2|Bot3|Bot4,,1,0
411,0.65,75,440,94789281,138735109,3646,0.648178,506,1409,35-29,8-74,34-65,78,72,51,37,39,35,1,0,1,78,0,,61,0,,,0,walked_into_fire,0,43,43,0,-2,35,0.5513,755,0.004144,41,41,fire_reached_bot,0,61,52,9,0,42,0.4615,1409,0.063412,,-1,fire_reached_bot,0,61,52,9,0,42,0.4615,1409,0.107284,-1,,fire_reached_bot,0,61,52,9,0,42,0.4615,1409,7.124917,-1,-1,61,0,52,9,,no_path,0,,Bot1|Bot2|Bot3|Bot4,0,1
412,0.65,75,440,4204771711,1699448702,3649,0.648711,521,1344,25-68,64-22,8-1,101,85,108,84,83,77,1,0,1,101,0,,119,1,101,18,1,button,1,101,101,0,18,0,1.0000,1408,0.013729,-1,-1,button,1,101,101,0,18,0,1.0000,1408,0.043689,,-1,button,1,101,101,0,18,0,1.0000,1408,0.062111,-1,,button,1,101,101,0,18,0,1.0000,1408,14.491252,39,39,101,15,16,0,0.99,risk_path,4,Bot1|Bot2|Bot3|Bot4,,1,0
413,0.65,75,440,823494903,3566751827,3642,0.647467,516,1387,71-17,60-13,29-23,25,15,60,48,45,41,0,0,1,25,1,25,66,1,25,41,1,button,1,25,25,0,40,0,1.0000,267,0.000866,-1,-1,button,1,25,25,0,40,0,1.0000,267,0.001780,,-1,button,1,25,25,0,40,0,1.0000,267,0.002736,-1,,button,1,25,25,0,40,0,1.0000,267,1.079906,-1,-1,25,0,0,0,0.4,risk_path,4,Bot1|Bot2|Bot3|Bot4,,1,0
414,0.65,75,440,277766336,146189312,3644,0.647822,499,1356,58-60,40-20,62-46,72,58,22,18,64,48,1,0,1,72,0,,102,1,72,30,1,button,1,72,72,0,10,0,1.0000,1250,0.010797,-1,-1,button,1,72,72,0,10,0,1.0000,1250,0.035073,,-1,button,1,72,72,0,10,0,1.0000,1250,0.055561,-1,,button,1,72,72,0,10,0,1.0000,1250,7.378170,62,62,72,12,0,0,0.99,risk_path,4,Bot1|Bot2|Bot3|Bot4,,1,0
415,0.65,75,440,2294360336,2377130893,3660,0.650667,509,1386,42-45,54-71,24-24,44,38,39,39,83,77,0,0,1,44,1,44,127,1,44,83,1,button,1,44,44,0,62,0,1.0000,365,0.001491,-1,-1,button,1,44,44,0,62,0,1.0000,365,0.005466,,-1,button,1,44,44,0,62,0,1.0000,365,0.006496,-1,,button,1,44,44,0,62,0,1.0000,365,3.626767,11,11,44,0,0,0,0.4,risk_path,4,Bot1|Bot2|Bot3|Bot4,,1,0
416,0.65,75,440,4063297683,2159750137,3631,0.645511,496,1409,73-41,65-67,49-26,38,34,53,39,63,57,0,0,1,38,1,38,87,1,38,49,1,button,1,38,38,0,49,0,1.0000,475,0.001753,-1,-1,button,1,38,38,0,49,0,1.0000,475,0.005249,,-1,button,1,38,38,0,49,0,1.0000,475,0.007321,-1,,button,1,38,38,0,49,0,1.0000,475,2.397664,-1,-1,38,0,0,0,0.4,risk_path,4,Bot1|Bot2|Bot3|Bot4,,1,0
417,0.65,75,440,4136068613,3935871520,3621,0.643733,502,1362,57-26,62-4,25-23,29,27,53,35,62,56,0,0,1,29,1,29,97,1,29,68,1,button,1,29,29,0,64,0,1.0000,296,0.001020,-1,-1,button,1,29,29,0,64,0,1.0000,296,0.002453,,-1,button,1,29,29,0,64,0,1.0000,296,0.003598,-1,,button,1,29,29,0,64,0,1.0000,296,1.524041,23,23,29,0,0,0,0.4,risk_path,4,Bot1|Bot2|Bot3|Bot4,,1,0
418,0.65,75,440,3079297320,2426746488,3636,0.646400,501,1421,50-61,33-15,73-21,71,63,79,63,60,46,1,0,1,71,0,,96,1,71,25,1,button,1,71,71,0,25,0,1.0000,655,0.004713,-1,-1,button,1,71,71,0,25,0,1.0000,655,0.019293,,-1,button,1,71,71,0,25,0,1.0000,655,0.023309,-1,,button,1,71,71,0,25,0,1.0000,655,7.990327,-1,-1,71,1,0,0,0.8,risk_path,4,Bot1|Bot2|Bot3|Bot4,,1,0
419,0.65,75,440,4257723732,3495392713,3654,0.649600,498,1377,48-73,69-49,48-45,53,45,42,28,33,25,1,0,1,53,0,,43,0,,,0,fire_reached_bot,0,27,27,0,0,26,0.5094,310,0.001641,23,23,fire_reached_bot,0,49,43,6,-5,12,0.7736,,0.019223,,-1,fire_reached_bot,0,49,43,6,-5,12,0.7736,,0.027615,-1,,fire_reached_bot,0,49,43,6,-5,12,0.7736,,4.001899,-1,-1,49,0,43,6,,no_path,0,,Bot1|Bot2|Bot3|Bot4,0,1
420,0.65,75,440,4078690204,3768167155,3654,0.649600,511,1398,67-28,21-7,28-59,79,67,74,70,75,59,1,0,1,79,0,,115,1,79,36,1,button,1,79,79,0,36,0,1.0000,1890,0.017858,-1,-1,button,1,79,79,0,36,0,1.0000,1890,0.048529,,-1,button,1,79,79,0,36,0,1.0000,1890,0.069582,-1,,button,1,79,79,0,36,0,1.0000,1890,7.478108,-1,-1,79,0,0,0,0.4,risk_path,4,Bot1|Bot2|Bot3|Bot4,,1,0
421,0.65,75,440,958537604,1453352966,3651,0.649067,500,1404,28-43,1-30,35-32,50,40,18,18,50,36,0,0,1,50,0,,72,1,50,22,1,button,1,50,50,0,16,0,1.0000,531,0.002345,-1,-1,button,1,50,50,0,16,0,1.0000,531,0.006878,,-1,button,1,50,50,0,16,0,1.0000,531,0.009942,-1,,button,1,50,50,0,16,0,1.0000,531,3.973228,-1,-1,50,0,0,0,0.4,risk_path,4,Bot1|Bot2|Bot3|Bot4,,1,0
422,0.65,75,440,2355762477,2963328483,3669,0.652267,526,1440,54-11,49-40,53-34,40,34,34,24,10,10,1,0,1,40,0,,12,0,,,0,fire_reached_bot,0,19,19,0,-6,21,0.4750,,0.000584,12,12,fire_reached_bot,0,31,12,19,-18,30,0.2500,,0.085435,,-1,fire_reached_bot,0,31,12,19,-18,30,0.2500,,0.163180,-1,,fire_reached_bot,0,31,12,19,-18,30,0.2500,,2.104868,-1,-1,31,0,12,19,,no_path,0,,Bot1|Bot2|Bot3|Bot4,0,1
423,0.65,75,440,3860660340,1064690405,3656,0.649956,501,1379,41-13,19-25,56-67,36,34,91,69,81,79,0,0,1,36,1,36,104,1,36,68,1,button,1,36,36,0,66,0,1.0000,365,0.001640,-1,-1,button,1,36,36,0,66,0,1.0000,365,0.004710,,-1,button,1,36,36,0,66,0,1.0000,365,0.008155,-1,,button,1,36,36,0,66,0,1.0000,365,2.229540,-1,-1,36,0,0,0,0.4,risk_path,4,Bot1|Bot2|Bot3|Bot4,,1,0
424,0.65,75,440,4240931953,1182499683,3665,0.651556,513,1403,19-9,38-33,56-58,51,43,90,86,51,43,0,0,1,51,1,51,74,1,51,23,1,button,1,51,51,0,23,0,1.0000,779,0.004883,-1,-1,button,1,51,51,0,23,0,1.0000,779,0.013261,,-1,button,1,51,51,0,23,0,1.0000,779,0.024818,-1,,button,1,51,51,0,23,0,1.0000,779,4.136679,1,1,51,0,0,0,0.4,risk_path,4,Bot1|Bot2|Bot3|Bot4,,1,0
425,0.65,75,440,2493525027,414517936,3643,0.647644,501,1383,58-63,3-72,18-64,90,64,67,41,25,23,1,0,1,90,0,,46,0,,,0,walked_into_fire,0,40,40,0,-3,50,0.4444,488,0.002797,29,10,fire_reached_bot,0,57,30,27,-10,60,0.3333,,0.160130,,10,fire_reached_bot,0,71,30,41,-24,78,0.1333,,0.437680,10,,fire_reached_bot,0,57,30,27,-10,60,0.3333,,7.357207,-1,10,57,0,30,27,,no_path,0,,Bot1|Bot2|Bot3|Bot4,0,1
426,0.65,75,440,836001522,3918252539,3632,0.645689,504,1368,22-45,44-49,26-42,34,26,7,7,29,25,1,0,1,34,0,,42,0,,,0,walked_into_fire,0,5,5,0,-1,29,0.1471,10,0.000193,5,2,fire_reached_bot,0,22,22,0,0,30,0.1176,207,0.003975,,2,fire_reached_bot,0,46,42,4,-3,22,0.3529,,0.018296,2,,fire_reached_bot,0,22,22,0,0,30,0.1176,207,2.581402,-1,2,22,2,20,0,0.99,shortest_path_fallback,0,,Bot1|Bot2|Bot3|Bot4,0,1
427,0.65,75,440,435955948,1367064018,3647,0.648356,496,1404,47-12,21-74,60-61,96,88,70,62,82,52,1,0,1,96,0,,112,1,96,16,1,button,1,96,96,0,4,0,1.0000,1950,0.023739,-1,-1,button,1,96,96,0,4,0,1.0000,1950,0.069680,,-1,button,1,96,96,0,4,0,1.0000,1950,0.106555,-1,,button,1,98,98,0,12,0,1.0000,2005,13.643970,34,34,98,30,26,0,0.99,risk_path,4,Bot1|Bot2|Bot3|Bot4,,1,0
428,0.65,75,440,2279097245,954607641,3621,0.643733,485,1323,11-38,1-39,51-68,11,11,76,70,81,79,0,0,1,11,1,11,108,1,11,97,1,button,1,11,11,0,97,0,1.0000,42,0.000135,-1,-1,button,1,11,11,0,97,0,1.0000,42,0.000262,,-1,button,1,11,11,0,97,0,1.0000,42,0.000390,-1,,button,1,11,11,0,97,0,1.0000,42,0.294638,-1,-1,11,0,0,0,0.4,risk_path,4,Bot1|Bot2|Bot3|Bot4,,1,0
429,0.65,75,440,2932552292,18426317,3674,0.653156,511,1398,22-34,51-14,67-21,59,49,66,58,37,23,1,0,1,59,0,,59,0,,,0,fire_reached_bot,0,58,58,0,0,1,0.9831,687,0.004423,-1,-1,fire_reached_bot,0,58,58,0,0,1,0.9831,687,0.019331,,-1,fire_reached_bot,0,58,58,0,0,1,0.9831,687,0.032453,-1,,fire_reached_bot,0,58,58,0,0,1,0.9831,687,6.450632,57,57,58,3,55,0,0.99,risk_path,0,,Bot1|Bot2|Bot3|Bot4,0,1
430,0.65,75,440,2526166132,2004277368,3663,0.651200,520,1424,48-54,7-1,3-67,98,94,78,58,90,70,1,0,1,98,0,,129,1,98,31,1,button,1,98,98,0,15,0,1.0000,1366,0.013805,-1,-1,button,1,98,98,0,15,0,1.0000,1366,0.055952,,-1,button,1,98,98,0,15,0,1.0000,1366,0.070201,-1,,button,1,98,98,0,15,0,1.0000,1366,12.537482,-1,-1,98,0,0,0,0.4,risk_path,4,Bot1|Bot2|Bot3|Bot4,,1,0
431,0.65,75,440,2360711024,676293112,3646,0.648178,499,1381,49-31,9-40,65-23,57,49,28,24,81,73,0,0,1,57,1,57,122,1,57,65,1,button,1,57,57,0,42,0,1.0000,888,0.006307,-1,-1,button,1,57,57,0,42,0,1.0000,888,0.014070,,-1,button,1,57,57,0,42,0,1.0000,888,0.019801,-1,,button,1,57,57,0,42,0,1.0000,888,5.161659,-1,-1,57,0,0,0,0.4,risk_path,4,Bot1|Bot2|Bot3|Bot4,,1,0
432,0.65,75,440,1910899855,3074822446,3643,0.647644,516,1359,33-54,51-29,56-40,55,43,49,37,16,16,1,0,1,55,0,,19,0,,,0,fire_reached_bot,0,28,28,0,-8,27,0.5091,,0.001738,20,20,fire_reached_bot,0,45,19,26,-25,36,0.3455,,0.133281,,-1,fire_reached_bot,0,45,19,26,-25,36,0.3455,,0.279907,-1,,fire_reached_bot,0,45,19,26,-25,36,0.3455,,3.106317,-1,-1,45,0,19,26,,no_path,0,,Bot1|Bot2|Bot3|Bot4,0,1
433,0.65,75,440,2661614459,1963583143,3649,0.648711,498,1378,42-68,17-18,56-34,83,75,52,48,59,55,1,0,1,83,0,,81,0,,,0,fire_reached_bot,0,37,37,0,0,46,0.4458,586,0.003384,37,36,fire_reached_bot,0,39,39,0,0,50,0.3976,647,0.022701,,36,fire_reached_bot,0,93,81,12,-11,60,0.2771,,0.147400,36,,fire_reached_bot,0,39,39,0,0,50,0.3976,647,6.351686,-1,36,39,0,39,0,,shortest_path_fallback,0,,Bot1|Bot2|Bot3|Bot4,0,1
434,0.65,75,440,3282060075,882283043,3638,0.646756,507,1363,17-63,15-48,25-14,17,17,75,57,60,44,0,0,1,17,1,17,85,1,17,68,1,button,1,17,17,0,68,0,1.0000,42,0.000192,-1,-1,button,1,17,17,0,68,0,1.0000,42,0.000562,,-1,button,1,17,17,0,68,0,1.0000,42,0.000728,-1,,button,1,17,17,0,68,0,1.0000,42,0.598814,-1,-1,17,0,0,0,0.4,risk_path,4,Bot1|Bot2|Bot3|Bot4,,1,0
435,0.65,75,440,3996130700,1346204788,3641,0.647289,510,1369,33-13,9-17,51-33,36,28,48,38,72,58,0,0,1,36,1,36,93,1,36,57,1,button,1,36,36,0,53,0,1.0000,539,0.002109,-1,-1,button,1,36,36,0,53,0,1.0000,539,0.005158,,-1,button,1,36,36,0,53,0,1.0000,539,0.007540,-1,,button,1,36,36,0,53,0,1.0000,539,2.077062,-1,-1,36,0,0,0,0.4,risk_path,4,Bot1|Bot2|Bot3|Bot4,,1,0
436,0.65,75,440,836374606,2519469390,3644,0.647822,514,1410,66-40,20-42,12-26,64,48,78,68,26,24,1,0,1,64,0,,36,0,,,0,walked_into_fire,0,54,54,0,-17,10,0.8438,,0.006379,37,37,fire_reached_bot,0,66,36,30,-29,28,0.5625,,0.124045,,-1,fire_reached_bot,0,66,36,30,-29,28,0.5625,,0.238307,-1,,fire_reached_bot,0,66,36,30,-29,28,0.5625,,5.320394,-1,-1,66,0,36,30,,no_path,0,,Bot1|Bot2|Bot3|Bot4,0,1
437,0.65,75,440,3431814037,2475972391,3665,0.651556,509,1430,18-47,46-36,51-30,43,39,54,50,11,11,1,0,1,43,0,,17,0,,,0,fire_reached_bot,0,33,33,0,-15,10,0.7674,,0.002259,18,18,fire_reached_bot,0,54,17,37,-36,26,0.3953,,0.165116,,-1,fire_reached_bot,0,54,17,37,-36,26,0.3953,,0.355702,-1,,fire_reached_bot,0,54,17,37,-36,26,0.3953,,2.120369,-1,-1,54,0,17,37,,no_path,0,,Bot1|Bot2|Bot3|Bot4,0,1
438,0.65,75,440,1717278258,3909387573,3628,0.644978,489,1365,62-2,11-7,19-66,66,56,109,107,83,67,0,0,1,66,1,66,125,1,66,59,1,button,1,66,66,0,59,0,1.0000,1046,0.008173,-1,-1,button,1,66,66,0,59,0,1.0000,1046,0.019123,,-1,button,1,66,66,0,59,0,1.0000,1046,0.032166,-1,,button,1,66,66,0,59,0,1.0000,1046,6.439730,-1,-1,66,0,0,0,0.4,risk_path,4,Bot1|Bot2|Bot3|Bot4,,1,0
439,0.65,75,440,601328095,3338845994,3660,0.650667,513,1409,49-10,22-21,7-64,58,38,102,96,64,58,0,0,1,58,1,58,104,1,58,46,1,button,1,58,58,0,45,0,1.0000,508,0.003933,-1,-1,button,1,58,58,0,45,0,1.0000,508,0.020134,,-1,button,1,58,58,0,45,0,1.0000,508,0.026721,-1,,button,1,58,58,0,45,0,1.0000,508,5.518524,-1,-1,58,0,0,0,0.4,risk_path,4,Bot1|Bot2|Bot3|Bot4,,1,0
440,0.65,75,440,2216123474,76203067,3642,0.647467,521,1396,71-40,18-70,58-46,91,83,25,19,66,64,1,0,1,91,0,,94,0,,,0,walked_into_fire,0,15,15,0,-1,76,0.1648,91,0.001184,15,13,fire_reached_bot,0,18,18,0,0,79,0.1319,148,0.012229,,13,fire_reached_bot,0,76,76,0,0,71,0.2198,1737,0.097939,13,,fire_reached_bot,0,18,18,0,0,79,0.1319,148,3.347426,-1,13,18,0,18,0,,shortest_path_fallback,0,,Bot1|Bot2|Bot3|Bot4,0,1
441,0.65,75,440,2952930947,3442715,3633,0.645867,493,1336,34-33,4-65,13-73,70,62,69,61,21,17,1,0,1,70,0,,35,0,,,0,walked_into_fire,0,43,43,0,-7,27,0.6143,,0.002019,30,30,fire_reached_bot,0,64,29,35,-28,41,0.4143,,0.166271,,-1,fire_reached_bot,0,64,29,35,-28,41,0.4143,,0.352592,-1,,fire_reached_bot,0,64,29,35,-28,41,0.4143,,6.307163,-1,-1,64,0,29,35,,no_path,0,,Bot1|Bot2|Bot3|Bot4,0,1
442,0.65,75,440,954329560,321467233,3659,0.650489,499,1374,67-24,7-24,36-66,86,60,77,73,75,71,1,0,1,86,0,,103,1,86,17,1,button,1,86,86,0,13,0,1.0000,1945,0.017536,-1,-1,button,1,86,86,0,13,0,1.0000,1945,0.043684,,-1,button,1,86,86,0,13,0,1.0000,1945,0.074366,-1,,button,1,86,86,0,13,0,1.0000,1945,9.344897,-1,-1,86,13,1,0,0.99,risk_path,4,Bot1|Bot2|Bot3|Bot4,,1,0
443,0.65,75,440,2194090034,1836282544,3620,0.643556,485,1382,59-51,66-29,6-24,39,29,88,80,83,65,0,0,1,39,1,39,110,1,39,71,1,button,1,39,39,0,68,0,1.0000,309,0.001607,-1,-1,button,1,39,39,0,68,0,1.0000,309,0.005553,,-1,button,1,39,39,0,68,0,1.0000,309,0.008320,-1,,button,1,39,39,0,68,0,1.0000,309,2.585624,27,27,39,0,0,0,0.4,risk_path,4,Bot1|Bot2|Bot3|Bot4,,1,0
444,0.65,75,440,99980322,3105913063,3629,0.645156,499,1364,32-3,62-72,50-46,109,99,71,61,52,38,1,0,1,109,0,,69,0,,,0,fire_reached_bot,0,42,42,0,0,67,0.3853,567,0.003626,35,35,fire_reached_bot,0,66,55,11,0,86,0.2110,1596,0.102407,,-1,fire_reached_bot,0,66,55,11,0,86,0.2110,1596,0.148977,-1,,fire_reached_bot,0,66,55,11,0,86,0.2110,1596,10.830551,-1,-1,66,0,55,11,,no_path,0,,Bot1|Bot2|Bot3|Bot4,0,1
445,0.65,75,440,4143197766,1623788008,3645,0.648000,506,1364,60-66,70-44,12-31,34,32,91,83,97,71,0,0,1,34,1,34,128,1,34,94,1,button,1,34,34,0,92,0,1.0000,371,0.001409,-1,-1,button,1,34,34,0,92,0,1.0000,371,0.002937,,-1,button,1,34,34,0,92,0,1.0000,371,0.004473,-1,,button,1,34,34,0,92,0,1.0000,371,2.107464,13,13,34,0,0,0,0.4,risk_path,4,Bot1|Bot2|Bot3|Bot4,,1,0
446,0.65,75,440,846446360,2130916755,3634,0.646044,496,1358,39-19,71-58,53-21,79,71,24,16,73,55,1,0,1,79,0,,108,1,79,29,1,button,1,79,79,0,12,0,1.0000,1817,0.016926,-1,-1,button,1,79,79,0,12,0,1.0000,1817,0.049904,,-1,button,1,79,79,0,12,0,1.0000,1817,0.070160,-1,,button,1,79,79,0,12,0,1.0000,1817,7.295275,32,32,79,0,0,0,0.4,risk_path,4,Bot1|Bot2|Bot3|Bot4,,1,0
447,0.65,75,440,779460035,79676451,3647,0.648356,502,1429,35-37,33-67,8-44,46,32,60,34,56,48,0,0,1,46,1,46,77,1,46,31,1,button,1,46,46,0,31,0,1.0000,572,0.002997,-1,-1,button,1,46,46,0,31,0,1.0000,572,0.007307,,-1,button,1,46,46,0,31,0,1.0000,572,0.012160,-1,,button,1,46,46,0,31,0,1.0000,572,3.288573,-1,-1,46,0,0,0,0.4,risk_path,4,Bot1|Bot2|Bot3|Bot4,,1,0
448,0.65,75,440,1123366057,3344577641,3660,0.650667,494,1419,30-32,27-34,73-46,11,5,79,57,84,58,0,0,1,11,1,11,122,1,11,111,1,button,1,11,11,0,106,0,1.0000,26,0.000124,-1,-1,button,1,11,11,0,106,0,1.0000,26,0.000299,,-1,button,1,11,11,0,106,0,1.0000,26,0.000435,-1,,button,1,11,11,0,106,0,1.0000,26,0.298095,-1,-1,11,0,0,0,0.4,risk_path,4,Bot1|Bot2|Bot3|Bot4,,1,0
449,0.65,75,440,2060266283,3682968219,3648,0.648533,502,1416,66-6,7-5,44-56,86,60,86,72,98,88,0,0,1,86,1,86,145,1,86,59,1,button,1,86,86,0,57,0,1.0000,1891,0.018893,-1,-1,button,1,86,86,0,57,0,1.0000,1891,0.036761,,-1,button,1,86,86,0,57,0,1.0000,1891,0.060876,-1,,button,1,86,86,0,57,0,1.0000,1891,8.936455,-1,-1,86,0,0,0,0.4,risk_path,4,Bot1|Bot2|Bot3|Bot4,,1,0
450,0.65,75,440,3271714734,783943413,3641,0.647289,494,1354,33-11,36-11,36-6,3,3,8,8,5,5,0,0,1,3,1,3,6,1,3,3,1,button,1,3,3,0,3,0,1.0000,4,0.000044,-1,-1,button,1,3,3,0,3,0,1.0000,4,0.000055,,-1,button,1,3,3,0,3,0,1.0000,4,0.000080,-1,,button,1,3,3,0,3,0,1.0000,4,0.062961,-1,-1,3,0,0,0,0.4,risk_path,4,Bot1|Bot2|Bot3|Bot4,,1,0
451,0.65,75,440,1682450521,2218722123,3650,0.648889,500,1388,63-74,74-28,41-74,67,57,62,22,85,79,0,0,1,67,1,67,118,1,67,51,1,button,1,67,67,0,50,0,1.0000,639,0.003658,-1,-1,button,1,67,67,0,50,0,1.0000,639,0.014147,,-1,button,1,67,67,0,50,0,1.0000,639,0.018173,-1,,button,1,67,67,0,50,0,1.0000,639,6.772996,42,42,67,0,0,0,0.4,risk_path,4,Bot1|Bot2|Bot3|Bot4,,1,0
452,0.65,75,440,4253021220,2834508363,3667,0.651911,506,1400,26-8,16-57,57-74,77,59,103,97,70,58,1,0,1,77,0,,95,1,77,18,1,button,1,77,77,0,18,0,1.0000,1022,0.009156,-1,-1,button,1,77,77,0,18,0,1.0000,1022,0.032103,,-1,button,1,77,77,0,18,0,1.0000,1022,0.047162,-1,,button,1,77,77,0,18,0,1.0000,1022,8.670354,1,1,77,0,0,0,0.4,risk_path,4,Bot1|Bot2|Bot3|Bot4,,1,0
453,0.65,75,440,2952658635,970395582,3617,0.643022,500,1329,73-24,20-35,66-32,74,64,55,15,63,49,1,0,1,74,0,,84,1,74,10,1,button,1,74,74,0,3,0,1.0000,1134,0.008878,-1,-1,button,1,74,74,0,3,0,1.0000,1134,0.023393,,-1,button,1,74,74,0,3,0,1.0000,1134,0.034304,-1,,button,1,74,74,0,3,0,1.0000,1134,7.551687,-1,-1,74,7,23,0,0.99,risk_path,4,Bot1|Bot2|Bot3|Bot4,,1,0
454,0.65,75,440,473146384,3945293444,3628,0.644978,501,1342,49-65,65-42,31-59,53,39,28,24,65,51,0,0,1,53,1,53,80,1,53,27,1,button,1,53,53,0,27,0,1.0000,1043,0.006397,-1,-1,button,1,53,53,0,27,0,1.0000,1043,0.013764,,-1,button,1,53,53,0,27,0,1.0000,1043,0.022352,-1,,button,1,53,53,0,27,0,1.0000,1043,4.441292,24,24,53,0,0,0,0.4,risk_path,4,Bot1|Bot2|Bot3|Bot4,,1,0
455,0.65,75,440,2903495406,1402952168,3639,0.646933,510,1381,26-31,73-0,14-53,80,78,44,34,112,112,0,0,1,80,1,80,155,1,80,75,1,button,1,80,80,0,59,0,1.0000,1724,0.015101,-1,-1,button,1,80,80,0,59,0,1.0000,1724,0.037835,,-1,button,1,80,80,0,59,0,1.0000,1724,0.070116,-1,,button,1,80,80,0,59,0,1.0000,1724,7.434055,37,37,80,0,0,0,0.4,risk_path,4,Bot1|Bot2|Bot3|Bot4,,1,0
456,0.65,75,440,1612596313,1606830779,3651,0.649067,494,1390,61-73,9-34,31-53,97,91,56,50,41,41,1,0,1,97,0,,63,0,,,0,walked_into_fire,0,36,36,0,-4,61,0.3711,423,0.002426,33,33,fire_reached_bot,0,34,34,0,0,63,0.3505,400,0.019950,,34,fire_reached_bot,0,55,52,3,0,69,0.2887,1249,0.060768,34,,fire_reached_bot,0,34,34,0,0,63,0.3505,400,5.917136,-1,34,34,0,34,0,,shortest_path_fallback,0,,Bot1|Bot2|Bot3|Bot4,0,1
457,0.65,75,440,2590130515,196957734,3647,0.648356,507,1384,54-67,36-66,67-8,27,19,114,72,103,89,0,0,1,27,1,27,138,1,27,111,1,button,1,27,27,0,111,0,1.0000,199,0.000874,-1,-1,button,1,27,27,0,111,0,1.0000,199,0.002284,,-1,button,1,27,27,0,111,0,1.0000,199,0.003510,-1,,button,1,27,27,0,111,0,1.0000,199,1.332018,6,6,27,0,0,0,0.4,risk_path,4,Bot1|Bot2|Bot3|Bot4,,1,0
458,0.65,75,440,3410208556,1748041653,3630,0.645333,504,1401,43-42,53-52,35-68,20,20,44,34,38,34,0,0,1,20,1,20,51,1,20,31,1,button,1,20,20,0,31,0,1.0000,156,0.000468,-1,-1,button,1,20,20,0,31,0,1.0000,156,0.000980,,-1,button,1,20,20,0,31,0,1.0000,156,0.001912,-1,,button,1,20,20,0,31,0,1.0000,156,0.749431,1,1,20,0,0,0,0.4,risk_path,4,Bot1|Bot2|Bot3|Bot4,,1,0
459,0.65,75,440,1944609791,705594675,3674,0.653156,521,1406,73-3,42-69,11-71,103,97,132,130,43,33,1,0,1,103,0,,63,0,,,0,walked_into_fire,0,88,88,0,-24,15,0.8544,,0.011804,64,64,fire_reached_bot,0,109,63,46,-45,40,0.6117,,0.218010,,-1,fire_reached_bot,0,109,63,46,-45,40,0.6117,,0.429690,-1,,fire_reached_bot,0,109,63,46,-45,40,0.6117,,12.750522,-1,-1,109,0,63,46,,no_path,0,,Bot1|Bot2|Bot3|Bot4,0,1
460,0.65,75,440,3380480183,1588023217,3661,0.650844,511,1422,4-70,35-43,9-64,60,58,11,11,49,47,1,0,1,60,0,,71,0,,,0,fire_reached_bot,0,9,9,0,0,51,0.1500,49,0.000512,8,8,fire_reached_bot,0,13,13,0,0,53,0.1167,104,0.004782,,-1,fire_reached_bot,0,13,13,0,0,53,0.1167,104,0.005380,-1,,fire_reached_bot,0,13,13,0,0,53,0.1167,104,2.539928,-1,-1,13,0,13,0,,shortest_path_fallback,0,,Bot1|Bot2|Bot3|Bot4,0,1
461,0.65,75,440,545968031,3785375886,3639,0.646933,498,1365,43-6,61-58,1-42,76,70,84,78,86,76,0,0,1,76,1,76,122,1,76,46,1,button,1,76,76,0,39,0,1.0000,1331,0.010085,-1,-1,button,1,76,76,0,39,0,1.0000,1331,0.030502,,-1,button,1,76,76,0,39,0,1.0000,1331,0.050690,-1,,button,1,76,76,0,39,0,1.0000,1331,7.738043,43,43,76,0,0,0,0.4,risk_path,4,Bot1|Bot2|Bot3|Bot4,,1,0
462,0.65,75,440,3450460134,238140626,3636,0.646400,504,1363,56-10,14-8,20-65,68,44,93,91,83,63,0,0,1,68,1,68,123,1,68,55,1,button,1,68,68,0,53,0,1.0000,1118,0.008916,-1,-1,button,1,68,68,0,53,0,1.0000,1118,0.018892,,-1,button,1,68,68,0,53,0,1.0000,1118,0.031977,-1,,button,1,68,68,0,53,0,1.0000,1118,6.345818,-1,-1,68,0,0,0,0.4,risk_path,4,Bot1|Bot2|Bot3|Bot4,,1,0
463,0.65,75,440,1149964191,3065534945,3643,0.647644,509,1362,40-25,17-31,0-32,35,29,63,47,36,18,0,0,1,35,1,35,48,1,35,13,1,button,1,35,35,0,13,0,1.0000,216,0.001239,-1,-1,button,1,35,35,0,13,0,1.0000,216,0.003321,,-1,button,1,35,35,0,13,0,1.0000,216,0.004710,-1,,button,1,35,35,0,13,0,1.0000,216,2.200489,2,2,35,0,0,0,0.4,risk_path,4,Bot1|Bot2|Bot3|Bot4,,1,0
464,0.65,75,440,2588932194,3317267967,3638,0.646756,502,1370,62-19,40-53,74-66,68,56,83,59,61,47,1,0,1,68,0,,90,1,68,22,1,button,1,68,68,0,22,0,1.0000,285,0.003047,-1,-1,button,1,68,68,0,22,0,1.0000,285,0.018652,,-1,button,1,68,68,0,22,0,1.0000,285,0.026920,-1,,button,1,68,68,0,22,0,1.0000,285,7.822314,-1,-1,68,0,0,0,0.4,risk_path,4,Bot1|Bot2|Bot3|Bot4,,1,0
465,0.65,75,440,283204915,3485829726,3629,0.645156,508,1367,64-59,65-68,21-63,12,10,71,47,71,49,0,0,1,12,1,12,111,1,12,99,1,button,1,12,12,0,99,0,1.0000,29,0.000125,-1,-1,button,1,12,12,0,99,0,1.0000,29,0.000294,,-1,button,1,12,12,0,99,0,1.0000,29,0.000492,-1,,button,1,12,12,0,99,0,1.0000,29,0.334879,-1,-1,12,0,0,0,0.4,risk_path,4,Bot1|Bot2|Bot3|Bot4,,1,0
466,0.65,75,440,519884690,3415390693,3660,0.650667,498,1397,42-44,2-19,17-64,65,65,47,45,82,60,0,0,1,65,1,65,115,1,65,50,1,button,1,65,65,0,42,0,1.0000,1055,0.008548,-1,-1,button,1,65,65,0,42,0,1.0000,1055,0.019013,,-1,button,1,65,65,0,42,0,1.0000,1055,0.030736,-1,,button,1,65,65,0,42,0,1.0000,1055,5.869659,-1,-1,65,0,0,0,0.4,risk_path,4,Bot1|Bot2|Bot3|Bot4,,1,0
467,0.65,75,440,3826963234,2865125719,3651,0.649067,514,1442,46-13,18-38,44-2,53,53,13,13,62,62,0,0,1,53,1,53,88,1,53,35,1,button,1,53,53,0,12,0,1.0000,719,0.003786,-1,-1,button,1,53,53,0,12,0,1.0000,719,0.006684,,-1,button,1,53,53,0,12,0,1.0000,719,0.013268,-1,,button,1,53,53,0,12,0,1.0000,719,4.406533,-1,-1,53,0,0,0,0.4,risk_path,4,Bot1|Bot2|Bot3|Bot4,,1,0
468,0.65,75,440,4243052957,3832579543,3655,0.649778,512,1362,20-47,35-34,1-59,40,28,31,31,67,59,0,0,1,40,1,40,102,1,40,62,1,button,1,40,40,0,46,0,1.0000,326,0.001547,-1,-1,button,1,40,40,0,46,0,1.0000,326,0.006401,,-1,button,1,40,40,0,46,0,1.0000,326,0.008052,-1,,button,1,40,40,0,46,0,1.0000,326,2.776596,11,11,40,0,0,0,0.4,risk_path,4,Bot1|Bot2|Bot3|Bot4,,1,0
469,0.65,75,440,2512400746,3515949097,3651,0.649067,508,1372,72-67,69-59,59-74,27,11,22,20,29,25,0,0,1,27,1,27,37,1,27,10,1,button,1,27,27,0,8,0,1.0000,181,0.000781,-1,-1,button,1,27,27,0,8,0,1.0000,181,0.002421,,-1,button,1,27,27,0,8,0,1.0000,181,0.003185,-1,,button,1,27,27,0,8,0,1.0000,181,1.304339,-1,-1,27,0,0,0,0.4,risk_path,4,Bot1|Bot2|Bot3|Bot4,,1,0
470,0.65,75,440,3413718978,1893227172,3673,0.652978,501,1432,59-29,30-55,41-69,67,55,72,58,33,25,1,0,1,67,0,,51,0,,,0,fire_reached_bot,0,49,49,0,0,18,0.7313,594,0.003763,37,37,fire_reached_bot,0,76,44,32,-24,35,0.4776,,0.146757,,-1,fire_reached_bot,0,76,44,32,-24,35,0.4776,,0.301014,-1,,fire_reached_bot,0,76,44,32,-24,35,0.4776,,7.305550,-1,-1,76,0,44,32,,no_path,0,,Bot1|Bot2|Bot3|Bot4,0,1
471,0.65,75,440,503817407,3717343413,3672,0.652800,514,1425,13-45,72-30,24-35,84,74,23,21,75,53,1,0,1,84,0,,100,0,,,0,fire_reached_bot,0,18,18,0,0,66,0.2143,101,0.001297,17,17,fire_reached_bot,0,33,28,5,0,64,0.2381,455,0.020156,,-1,fire_reached_bot,0,33,28,5,0,64,0.2381,455,0.022871,-1,,fire_reached_bot,0,33,28,5,0,64,0.2381,455,4.694794,-1,-1,33,0,28,5,,no_path,0,,Bot1|Bot2|Bot3|Bot4,0,1
472,0.65,75,440,2819638129,3975689994,3623,0.644089,510,1354,74-33,36-23,31-36,66,48,70,46,34,18,1,0,1,66,0,,53,0,,,0,walked_into_fire,0,60,60,0,-6,6,0.9091,,0.007023,54,54,fire_reached_bot,0,64,53,11,-10,13,0.8030,,0.057088,,-1,fire_reached_bot,0,64,53,11,-10,13,0.8030,,0.108661,-1,,fire_reached_bot,0,64,53,11,-10,13,0.8030,,5.971501,-1,-1,64,0,53,11,,no_path,0,,Bot1|Bot2|Bot3|Bot4,0,1
473,0.65,75,440,2272994969,415899555,3671,0.652622,516,1414,5-54,58-0,43-33,113,107,75,59,50,48,1,0,1,113,0,,73,0,,,0,walked_into_fire,0,48,48,0,-1,65,0.4248,783,0.005080,43,43,fire_reached_bot,0,73,57,16,0,84,0.2566,2077,0.093623,,56,fire_reached_bot,0,71,57,14,0,84,0.2566,1979,0.148222,56,,fire_reached_bot,0,73,57,16,0,84,0.2566,2077,10.386941,-1,56,73,0,57,16,,no_path,0,,Bot1|Bot2|Bot3|Bot4,0,1
474,0.65,75,440,3800817311,3697787141,3626,0.644622,492,1343,5-7,13-60,73-20,75,61,97,81,102,100,0,0,1,75,1,75,139,1,75,64,1,button,1,75,75,0,59,0,1.0000,1070,0.008370,-1,-1,button,1,75,75,0,59,0,1.0000,1070,0.026980,,-1,button,1,75,75,0,59,0,1.0000,1070,0.047094,-1,,button,1,75,75,0,59,0,1.0000,1070,7.741008,12,12,75,0,0,0,0.4,risk_path,4,Bot1|Bot2|Bot3|Bot4,,1,0
475,0.65,75,440,3913921988,874549696,3647,0.648356,511,1362,56-1,38-43,52-0,66,60,15,5,67,57,0,0,1,66,1,66,96,1,66,30,1,button,1,66,66,0,7,0,1.0000,824,0.005788,-1,-1,button,1,66,66,0,7,0,1.0000,824,0.019565,,-1,button,1,66,66,0,7,0,1.0000,824,0.034030,-1,,button,1,66,66,0,7,0,1.0000,824,6.355940,-1,-1,66,0,0,0,0.4,risk_path,4,Bot1|Bot2|Bot3|Bot4,,1,0
476,0.65,75,440,2149910873,4090412208,3621,0.643733,513,1361,26-55,26-4,18-31,83,51,34,32,49,35,1,0,1,83,0,,73,0,,,0,walked_into_fire,0,35,35,0,-1,48,0.4217,359,0.002578,35,33,fire_reached_bot,0,60,55,5,0,54,0.3494,1390,0.043691,,33,fire_reached_bot,0,55,55,0,0,50,0.3976,1162,0.055044,33,,fire_reached_bot,0,60,55,5,0,54,0.3494,1390,7.885622,-1,33,60,0,55,5,,no_path,0,,Bot1|Bot2|Bot3|Bot4,0,1
477,0.65,75,440,2557168548,667988557,3659,0.650489,494,1407,58-32,54-42,13-19,30,14,66,58,80,64,0,0,1,30,1,30,109,1,30,79,1,button,1,30,30,0,72,0,1.0000,303,0.001077,-1,-1,button,1,30,30,0,72,0,1.0000,303,0.002964,,-1,button,1,30,30,0,72,0,1.0000,303,0.004133,-1,,button,1,30,30,0,72,0,1.0000,303,1.639655,27,27,30,0,0,0,0.4,risk_path,4,Bot1|Bot2|Bot3|Bot4,,1,0
478,0.65,75,440,364875584,1296068607,3621,0.643733,496,1338,45-17,14-59,55-11,91,73,20,16,105,89,0,0,1,91,1,91,149,1,91,58,1,button,1,91,91,0,31,0,1.0000,1755,0.019563,-1,-1,button,1,91,91,0,31,0,1.0000,1755,0.075208,,-1,button,1,91,91,0,31,0,1.0000,1755,0.110122,-1,,button,1,91,91,0,31,0,1.0000,1755,9.504588,-1,-1,91,0,0,0,0.4,risk_path,4,Bot1|Bot2|Bot3|Bot4,,1,0
479,0.65,75,440,1145681825,3225904011,3615,0.642667,492,1333,39-32,63-60,60-51,54,52,42,40,14,12,1,0,1,54,0,,20,0,,,0,walked_into_fire,0,30,30,0,-9,24,0.5556,,0.001393,21,21,fire_reached_bot,0,41,20,21,-20,34,0.3704,,0.087961,,-1,fire_reached_bot,0,41,20,21,-20,34,0.3704,,0.181763,-1,,fire_reached_bot,0,41,20,21,-20,34,0.3704,,3.735181,-1,-1,41,0,20,21,,no_path,0,,Bot1|Bot2|Bot3|Bot4,0,1
480,0.65,75,440,348230519,1372939948,3638,0.646756,505,1386,59-43,51-1,23-1,54,50,82,78,52,28,1,0,1,54,0,,76,1,54,22,1,button,1,54,54,0,21,0,1.0000,535,0.003075,-1,-1,button,1,54,54,0,21,0,1.0000,535,0.008578,,-1,button,1,54,54,0,21,0,1.0000,535,0.013488,-1,,button,1,54,54,0,21,0,1.0000,535,4.553925,-1,-1,54,0,0,0,0.4,risk_path,4,Bot1|Bot2|Bot3|Bot4,,1,0
481,0.65,75,440,1613761028,1186564994,3628,0.644978,490,1360,42-69,73-38,64-51,70,62,44,40,32,22,1,0,1,70,0,,51,0,,,0,fire_reached_bot,0,27,27,0,0,43,0.3857,289,0.001852,21,21,fire_reached_bot,0,34,34,0,0,38,0.4571,392,0.019511,,34,fire_reached_bot,0,52,46,6,0,52,0.2571,,0.075601,34,,fire_reached_bot,0,34,34,0,0,38,0.4571,392,4.945720,-1,34,34,0,34,0,,shortest_path_fallback,0,,Bot1|Bot2|Bot3|Bot4,0,1
482,0.65,75,440,2244013405,2091786480,3633,0.645867,501,1376,17-42,31-61,59-17,39,33,75,67,92,72,0,0,1,39,1,39,131,1,39,92,1,button,1,39,39,0,92,0,1.0000,572,0.002794,-1,-1,button,1,39,39,0,92,0,1.0000,572,0.006821,,-1,button,1,39,39,0,92,0,1.0000,572,0.009857,-1,,button,1,39,39,0,92,0,1.0000,572,2.410672,10,10,39,0,0,0,0.4,risk_path,4,Bot1|Bot2|Bot3|Bot4,,1,0
483,0.65,75,440,944778932,1478825027,3640,0.647111,504,1358,32-47,39-21,6-61,37,33,54,40,91,73,0,0,1,37,1,37,128,1,37,91,1,button,1,37,37,0,72,0,1.0000,253,0.001128,-1,-1,button,1,37,37,0,72,0,1.0000,253,0.002776,,-1,button,1,37,37,0,72,0,1.0000,253,0.004031,-1,,button,1,37,37,0,72,0,1.0000,253,2.354602,7,7,37,0,0,0,0.4,risk_path,4,Bot1|Bot2|Bot3|Bot4,,1,0
484,0.65,75,440,575576,2379172882,3653,0.649422,507,1391,49-28,31-22,13-1,24,24,65,63,41,39,0,0,1,24,1,24,69,1,24,45,1,button,1,24,24,0,45,0,1.0000,54,0.000261,-1,-1,button,1,24,24,0,45,0,1.0000,54,0.001053,,-1,button,1,24,24,0,45,0,1.0000,54,0.001667,-1,,button,1,24,24,0,45,0,1.0000,54,1.056738,-1,-1,24,0,0,0,0.4,risk_path,4,Bot1|Bot2|Bot3|Bot4,,1,0
485,0.65,75,440,2872471504,826922753,3634,0.646044,499,1374,45-66,31-68,39-51,22,16,25,21,29,25,0,0,1,22,1,22,45,1,22,23,1,button,1,22,22,0,17,0,1.0000,150,0.000560,-1,-1,button,1,22,22,0,17,0,1.0000,150,0.001308,,-1,button,1,22,22,0,17,0,1.0000,150,0.001774,-1,,button,1,22,22,0,18,0,1.0000,150,0.907187,1,1,22,0,0,0,0.4,risk_path,4,Bot1|Bot2|Bot3|Bot4,,1,0
486,0.65,75,440,2028298929,2150041132,3626,0.644622,502,1364,44-42,46-42,65-27,8,2,42,36,36,34,0,0,1,8,1,8,53,1,8,45,1,button,1,8,8,0,45,0,1.0000,18,0.000117,-1,-1,button,1,8,8,0,45,0,1.0000,18,0.000188,,-1,button,1,8,8,0,45,0,1.0000,18,0.000243,-1,,button,1,8,8,0,45,0,1.0000,18,0.191707,-1,-1,8,0,0,0,0.4,risk_path,4,Bot1|Bot2|Bot3|Bot4,,1,0
487,0.65,75,440,2834803892,1468566193,3640,0.647111,512,1367,16-6,32-47,25-59,69,57,88,62,23,19,1,0,1,69,0,,36,0,,,0,walked_into_fire,0,55,55,0,-18,14,0.7971,,0.003094,34,34,fire_reached_bot,0,84,33,51,-47,36,0.4783,,0.215540,,-1,fire_reached_bot,0,84,33,51,-47,36,0.4783,,0.461991,-1,,fire_reached_bot,0,84,33,51,-47,36,0.4783,,5.977086,-1,-1,84,0,33,51,,no_path,0,,Bot1|Bot2|Bot3|Bot4,0,1
488,0.65,75,440,1595770306,3510375444,3647,0.648356,509,1358,34-49,38-18,27-62,53,35,40,20,81,55,0,0,1,53,1,53,113,1,53,60,1,button,1,53,53,0,51,0,1.0000,765,0.004960,-1,-1,button,1,53,53,0,51,0,1.0000,765,0.012596,,-1,button,1,53,53,0,51,0,1.0000,765,0.017801,-1,,button,1,53,53,0,51,0,1.0000,765,4.046468,4,4,53,0,0,0,0.4,risk_path,4,Bot1|Bot2|Bot3|Bot4,,1,0
489,0.65,75,440,4171940784,3372629387,3636,0.646400,499,1366,69-26,7-39,72-72,87,75,81,49,106,98,0,0,1,87,1,87,142,1,87,55,1,button,1,87,87,0,46,0,1.0000,907,0.008311,-1,-1,button,1,87,87,0,46,0,1.0000,907,0.039956,,-1,button,1,87,87,0,46,0,1.0000,907,0.052525,-1,,button,1,87,87,0,49,0,1.0000,907,11.062784,24,24,87,0,0,0,0.4,risk_path,4,Bot1|Bot2|Bot3|Bot4,,1,0
490,0.65,75,440,3646037766,3925754981,3637,0.646578,497,1370,8-53,48-10,13-11,87,83,61,47,62,36,1,0,1,87,0,,95,1,87,8,1,button,1,87,87,0,2,0,1.0000,1390,0.011330,-1,-1,button,1,87,87,0,2,0,1.0000,1390,0.040712,,-1,button,1,87,87,0,2,0,1.0000,1390,0.061148,-1,,button,1,87,87,0,5,0,1.0000,1390,11.795906,58,58,87,13,45,0,0.99,risk_path,4,Bot1|Bot2|Bot3|Bot4,,1,0
491,0.65,75,440,1715550879,3700416209,3644,0.647822,514,1416,15-65,62-11,56-66,107,101,64,42,87,61,1,0,1,107,0,,123,1,107,16,1,button,1,107,107,0,5,0,1.0000,2119,0.026793,-1,-1,button,1,107,107,0,5,0,1.0000,2119,0.085374,,-1,button,1,107,107,0,5,0,1.0000,2119,0.119619,-1,,button,1,107,107,0,5,0,1.0000,2119,13.893580,40,40,107,7,29,0,0.99,risk_path,4,Bot1|Bot2|Bot3|Bot4,,1,0
492,0.65,75,440,1948605556,4065344269,3640,0.647111,507,1371,51-69,52-25,18-50,63,45,52,52,61,59,1,0,1,63,0,,84,1,63,21,1,button,1,63,63,0,18,0,1.0000,1522,0.011309,-1,-1,button,1,63,63,0,18,0,1.0000,1522,0.022991,,-1,button,1,63,63,0,18,0,1.0000,1522,0.037602,-1,,button,1,63,63,0,18,0,1.0000,1522,5.748010,13,13,63,0,0,0,0.4,risk_path,4,Bot1|Bot2|Bot3|Bot4,,1,0
493,0.65,75,440,627320740,1943041704,3628,0.644978,504,1383,15-31,53-41,42-35,54,48,37,31,17,17,1,1,1,58,0,,29,0,,,0,walked_into_fire,0,22,22,0,-1,32,0.4074,150,0.001186,21,21,fire_reached_bot,0,36,29,7,-6,33,0.3889,,0.044109,,-1,fire_reached_bot,0,36,29,7,-6,33,0.3889,,0.092897,-1,,fire_reached_bot,0,36,29,7,-6,33,0.3889,,3.900217,-1,-1,36,0,29,7,,no_path,0,,Bot1|Bot2|Bot3|Bot4,0,1
494,0.65,75,440,3909912075,2078630651,3651,0.649067,498,1390,32-62,42-47,11-0,29,25,101,83,82,78,0,0,1,29,1,29,108,1,29,79,1,button,1,29,29,0,79,0,1.0000,163,0.000696,-1,-1,button,1,29,29,0,79,0,1.0000,163,0.001708,,-1,button,1,29,29,0,79,0,1.0000,163,0.003695,-1,,button,1,29,29,0,79,0,1.0000,163,1.542649,-1,-1,29,0,0,0,0.4,risk_path,4,Bot1|Bot2|Bot3|Bot4,,1,0
495,0.65,75,440,1510466362,86062878,3646,0.648178,503,1410,1-6,28-20,9-50,43,41,82,52,65,49,0,0,1,43,1,43,90,1,43,47,1,button,1,43,43,0,47,0,1.0000,433,0.002295,-1,-1,button,1,43,43,0,47,0,1.0000,433,0.005808,,-1,button,1,43,43,0,47,0,1.0000,433,0.011926,-1,,button,1,43,43,0,47,0,1.0000,433,3.230450,24,24,43,0,0,0,0.4,risk_path,4,Bot1|Bot2|Bot3|Bot4,,1,0
496,0.65,75,440,1673293873,26139537,3663,0.651200,514,1389,47-11,12-26,34-36,62,50,44,38,46,32,1,0,1,62,0,,70,1,62,8,1,button,1,62,62,0,8,0,1.0000,1530,0.010021,-1,-1,button,1,62,62,0,8,0,1.0000,1530,0.025300,,-1,button,1,62,62,0,8,0,1.0000,1530,0.047324,-1,,button,1,62,62,0,8,0,1.0000,1530,5.765209,-1,-1,62,10,24,0,0.99,risk_path,4,Bot1|Bot2|Bot3|Bot4,,1,0
497,0.65,75,440,475465390,3774680164,3640,0.647111,505,1390,35-60,0-27,45-26,72,68,48,44,60,46,1,0,1,72,0,,86,1,72,14,1,button,1,72,72,0,4,0,1.0000,2056,0.016765,-1,-1,button,1,72,72,0,4,0,1.0000,2056,0.027770,,-1,button,1,72,72,0,4,0,1.0000,2056,0.047740,-1,,button,1,72,72,0,4,0,1.0000,2056,7.183909,-1,-1,72,13,10,0,0.99,risk_path,4,Bot1|Bot2|Bot3|Bot4,,1,0
498,0.65,75,440,662792833,1871343044,3645,0.648000,508,1402,32-8,35-37,6-34,48,32,60,52,40,32,1,0,1,48,0,,69,1,48,21,1,button,1,48,48,0,20,0,1.0000,523,0.003057,-1,-1,button,1,48,48,0,20,0,1.0000,523,0.011171,,-1,button,1,48,48,0,20,0,1.0000,523,0.013980,-1,,button,1,48,48,0,20,0,1.0000,523,3.750984,39,39,48,4,0,0,0.99,risk_path,4,Bot1|Bot2|Bot3|Bot4,,1,0
499,0.65,75,440,2014376753,1909772166,3652,0.649244,495,1363,33-38,36-40,60-38,5,5,57,27,54,26,0,0,1,5,1,5,80,1,5,75,1,button,1,5,5,0,75,0,1.0000,8,0.000073,-1,-1,button,1,5,5,0,75,0,1.0000,8,0.000084,,-1,button,1,5,5,0,75,0,1.0000,8,0.000110,-1,,button,1,5,5,0,75,0,1.0000,8,0.104168,-1,-1,5,0,0,0,0.4,risk_path,4,Bot1|Bot2|Bot3|Bot4,,1,0
