scenario_id,q,grid_size,seed,layout_seed,fire_seed,open_cells,open_fraction,dead_ends,junctions,start,button,fire_start,start_button_dist,start_button_manhattan,start_fire_dist,start_fire_manhattan,button_fire_dist,button_fire_manhattan,fire_closer_to_button,fire_start_on_shortest_path,path_exists_avoiding_fire_start,bot1_path_len,guaranteed_win,guaranteed_win_route_len,fire_button_time,oracle_win,oracle_route_len,oracle_margin,bot1_predicted_win,Bot1_result,Bot1_success,Bot1_steps,Bot1_moves,Bot1_waits,Bot1_min_slack,Bot1_final_dist_to_button,Bot1_progress_to_button,Bot1_fire_cells_at_end,Bot1_trial_seconds,Bot1_diverges_from_Bot2,Bot1_diverges_from_Bot3,Bot2_result,Bot2_success,Bot2_steps,Bot2_moves,Bot2_waits,Bot2_min_slack,Bot2_final_dist_to_button,Bot2_progress_to_button,Bot2_fire_cells_at_end,Bot2_trial_seconds,Bot2_diverges_from_Bot2,Bot2_diverges_from_Bot3,Bot3_result,Bot3_success,Bot3_steps,Bot3_moves,Bot3_waits,Bot3_min_slack,Bot3_final_dist_to_button,Bot3_progress_to_button,Bot3_fire_cells_at_end,Bot3_trial_seconds,Bot3_diverges_from_Bot2,Bot3_diverges_from_Bot3,Bot4_result,Bot4_success,Bot4_steps,Bot4_moves,Bot4_waits,Bot4_min_slack,Bot4_final_dist_to_button,Bot4_progress_to_button,Bot4_fire_cells_at_end,Bot4_trial_seconds,Bot4_diverges_from_Bot2,Bot4_diverges_from_Bot3,Bot4_plan_count,Bot4_relaxed_count,Bot4_fallback_count,Bot4_no_path_count,Bot4_max_active_threshold,Bot4_final_strategy,n_bots_succeeded,succeeded_bots,failed_bots,all_bots_succeeded,all_bots_failed
0,0.20,75,440,1268951711,594470288,3627,0.644800,505,1370,17-28,16-61,4-73,52,34,68,58,26,24,1,0,1,52,0,,72,1,52,20,1,button,1,52,52,0,20,0,1.0000,102,0.001273,-1,-1,button,1,52,52,0,20,0,1.0000,102,0.008920,,-1,button,1,52,52,0,20,0,1.0000,102,0.013161,-1,,button,1,52,52,0,20,0,1.0000,102,4.988287,-1,-1,52,0,0,0,0.4,risk_path,4,Bot1|Bot2|Bot3|Bot4,,1,0
1,0.20,75,440,2520073151,427107123,3637,0.646578,501,1318,1-73,6-66,34-48,14,12,72,58,60,46,0,0,1,14,1,14,260,1,14,246,1,button,1,14,14,0,246,0,1.0000,8,0.000136,-1,-1,button,1,14,14,0,246,0,1.0000,8,0.000365,,-1,button,1,14,14,0,246,0,1.0000,8,0.000487,-1,,button,1,14,14,0,246,0,1.0000,8,0.433053,12,12,14,0,0,0,0.4,risk_path,4,Bot1|Bot2|Bot3|Bot4,,1,0
2,0.20,75,440,1257125778,1539091741,3644,0.647822,495,1360,33-34,5-11,72-13,55,51,74,60,93,69,0,0,1,55,1,55,412,1,55,357,1,button,1,55,55,0,287,0,1.0000,97,0.001307,-1,-1,button,1,55,55,0,287,0,1.0000,97,0.008899,,-1,button,1,55,55,0,287,0,1.0000,97,0.012894,-1,,button,1,55,55,0,287,0,1.0000,97,6.178998,-1,-1,55,0,0,0,0.4,risk_path,4,Bot1|Bot2|Bot3|Bot4,,1,0
3,0.20,75,440,3219619760,4192021694,3647,0.648356,513,1356,57-62,26-5,53-47,110,88,43,19,75,69,1,0,1,110,0,,428,1,110,318,1,button,1,110,110,0,50,0,1.0000,333,0.004529,-1,-1,button,1,110,110,0,50,0,1.0000,333,0.065999,,-1,button,1,110,110,0,50,0,1.0000,333,0.080600,-1,,button,1,110,110,0,50,0,1.0000,333,23.203475,28,28,110,0,0,0,0.4,risk_path,4,Bot1|Bot2|Bot3|Bot4,,1,0
4,0.20,75,440,4248281429,536808686,3633,0.645867,506,1351,44-73,59-42,40-8,54,46,87,69,57,53,0,0,1,54,1,54,250,1,54,196,1,button,1,54,54,0,185,0,1.0000,94,0.001237,-1,-1,button,1,54,54,0,185,0,1.0000,94,0.007714,,-1,button,1,54,54,0,185,0,1.0000,94,0.010486,-1,,button,1,54,54,0,185,0,1.0000,94,5.163562,10,10,54,0,0,0,0.4,risk_path,4,Bot1|Bot2|Bot3|Bot4,,1,0
5,0.20,75,440,3037363144,91013559,3636,0.646400,501,1364,0-7,1-17,69-60,65,11,124,122,117,111,0,0,1,65,1,65,472,1,65,407,1,button,1,65,65,0,298,0,1.0000,219,0.002540,-1,-1,button,1,65,65,0,298,0,1.0000,219,0.019576,,-1,button,1,65,65,0,298,0,1.0000,219,0.023313,-1,,button,1,65,65,0,298,0,1.0000,219,7.637786,-1,-1,65,0,0,0,0.4,risk_path,4,Bot1|Bot2|Bot3|Bot4,,1,0
6,0.20,75,440,1074636703,574306319,3647,0.648356,496,1322,54-62,27-69,48-74,44,34,18,18,28,26,1,0,1,44,0,,110,1,44,66,1,button,1,44,44,0,32,0,1.0000,30,0.000589,-1,-1,button,1,44,44,0,32,0,1.0000,30,0.004661,,-1,button,1,44,44,0,32,0,1.0000,30,0.005745,-1,,button,1,44,44,0,32,0,1.0000,30,3.602683,-1,-1,44,0,0,0,0.4,risk_path,4,Bot1|Bot2|Bot3|Bot4,,1,0
7,0.20,75,440,1849467998,3035649632,3658,0.650311,499,1404,22-44,18-46,73-3,6,6,92,92,98,98,0,0,1,6,1,6,373,1,6,367,1,button,1,6,6,0,341,0,1.0000,10,0.000072,-1,-1,button,1,6,6,0,341,0,1.0000,10,0.000089,,-1,button,1,6,6,0,341,0,1.0000,10,0.000115,-1,,button,1,6,6,0,341,0,1.0000,10,0.134852,-1,-1,6,0,0,0,0.4,risk_path,4,Bot1|Bot2|Bot3|Bot4,,1,0
8,0.20,75,440,2909181240,3215246687,3620,0.643556,506,1362,12-1,70-49,6-29,106,106,62,34,92,84,1,0,1,106,0,,394,1,106,288,1,button,1,106,106,0,112,0,1.0000,336,0.003832,-1,-1,button,1,106,106,0,112,0,1.0000,336,0.027193,,-1,button,1,106,106,0,112,0,1.0000,336,0.033797,-1,,button,1,106,106,0,115,0,1.0000,336,19.855810,8,8,106,0,0,0,0.4,risk_path,4,Bot1|Bot2|Bot3|Bot4,,1,0
9,0.20,75,440,3923003300,2956249458,3664,0.651378,525,1435,41-54,51-65,1-72,21,21,64,58,71,57,0,0,1,21,1,21,278,1,21,257,1,button,1,21,21,0,223,0,1.0000,43,0.000278,-1,-1,button,1,21,21,0,223,0,1.0000,43,0.000839,,-1,button,1,21,21,0,223,0,1.0000,43,0.001183,-1,,button,1,21,21,0,223,0,1.0000,43,0.826598,7,7,21,0,0,0,0.4,risk_path,4,Bot1|Bot2|Bot3|Bot4,,1,0
10,0.20,75,440,4156351459,864755998,3658,0.650311,493,1376,2-7,26-2,45-26,33,29,64,62,47,43,0,0,1,33,1,33,228,1,33,195,1,button,1,33,33,0,178,0,1.0000,29,0.000394,-1,-1,button,1,33,33,0,178,0,1.0000,29,0.002471,,-1,button,1,33,33,0,178,0,1.0000,29,0.002988,-1,,button,1,33,33,0,178,0,1.0000,29,1.925971,28,28,33,0,0,0,0.4,risk_path,4,Bot1|Bot2|Bot3|Bot4,,1,0
11,0.20,75,440,1031185214,4103681230,3664,0.651378,508,1398,69-16,41-61,63-36,77,73,28,26,51,47,1,0,1,77,0,,185,1,79,106,0,walked_into_fire,0,25,25,0,-1,52,0.3247,32,0.001162,13,12,button,1,81,81,0,9,0,1.0000,277,0.025357,,12,button,1,79,79,0,11,0,1.0000,265,0.029777,12,,button,1,79,79,0,11,0,1.0000,265,10.972765,3,3,79,0,0,0,0.4,risk_path,3,Bot2|Bot3|Bot4,Bot1,0,0
12,0.20,75,440,2377238433,762642544,3645,0.648000,497,1380,5-25,25-21,70-55,52,24,109,95,85,79,0,0,1,52,1,52,345,1,52,293,1,button,1,52,52,0,251,0,1.0000,58,0.001035,-1,-1,button,1,52,52,0,251,0,1.0000,58,0.010069,,-1,button,1,52,52,0,251,0,1.0000,58,0.012433,-1,,button,1,52,52,0,251,0,1.0000,58,4.724546,-1,-1,52,0,0,0,0.4,risk_path,4,Bot1|Bot2|Bot3|Bot4,,1,0
13,0.20,75,440,942222858,1891687492,3628,0.644978,514,1353,17-65,38-60,0-9,40,26,103,73,93,89,0,0,1,40,1,40,398,1,40,358,1,button,1,40,40,0,358,0,1.0000,8,0.000360,-1,-1,button,1,40,40,0,358,0,1.0000,8,0.004602,,-1,button,1,40,40,0,358,0,1.0000,8,0.005246,-1,,button,1,40,40,0,358,0,1.0000,8,2.805691,25,25,40,0,0,0,0.4,risk_path,4,Bot1|Bot2|Bot3|Bot4,,1,0
14,0.20,75,440,1794572316,2153723049,3632,0.645689,513,1338,29-67,13-50,1-15,37,33,80,80,47,47,0,0,1,37,1,37,214,1,37,177,1,button,1,37,37,0,177,0,1.0000,52,0.000538,-1,-1,button,1,37,37,0,177,0,1.0000,52,0.005634,,-1,button,1,37,37,0,177,0,1.0000,52,0.004694,-1,,button,1,37,37,0,177,0,1.0000,52,2.459089,-1,-1,37,0,0,0,0.4,risk_path,4,Bot1|Bot2|Bot3|Bot4,,1,0
15,0.20,75,440,2441200447,3899617149,3635,0.646222,492,1390,6-57,27-10,39-18,76,68,74,72,22,20,1,0,1,76,0,,75,0,,,0,walked_into_fire,0,76,76,0,-1,0,1.0000,251,0.003387,76,76,fire_reached_bot,0,76,75,1,0,1,0.9868,,0.051063,,-1,fire_reached_bot,0,76,75,1,0,1,0.9868,,0.050487,-1,,fire_reached_bot,0,85,75,10,-9,1,0.9868,,11.268074,43,43,85,31,35,10,0.99,no_path,0,,Bot1|Bot2|Bot3|Bot4,0,1
16,0.20,75,440,1409741764,2153672354,3659,0.650489,494,1408,10-46,25-53,31-39,26,22,36,28,22,20,1,0,1,26,0,,81,1,26,55,1,button,1,26,26,0,55,0,1.0000,46,0.000367,-1,-1,button,1,26,26,0,55,0,1.0000,46,0.002187,,-1,button,1,26,26,0,55,0,1.0000,46,0.001710,-1,,button,1,26,26,0,55,0,1.0000,46,1.263410,8,8,26,0,0,0,0.4,risk_path,4,Bot1|Bot2|Bot3|Bot4,,1,0
17,0.20,75,440,4196951117,430857384,3656,0.649956,505,1381,14-41,64-28,8-72,71,63,55,37,102,100,0,0,1,71,1,71,371,1,71,300,1,button,1,71,71,0,203,0,1.0000,145,0.001903,-1,-1,button,1,71,71,0,203,0,1.0000,145,0.015296,,-1,button,1,71,71,0,203,0,1.0000,145,0.017580,-1,,button,1,71,71,0,203,0,1.0000,145,9.249559,24,24,71,0,0,0,0.4,risk_path,4,Bot1|Bot2|Bot3|Bot4,,1,0
18,0.20,75,440,4233149764,1616157659,3637,0.646578,497,1393,11-0,16-18,0-66,29,23,99,77,86,64,0,0,1,29,1,29,339,1,29,310,1,button,1,29,29,0,292,0,1.0000,10,0.000258,-1,-1,button,1,29,29,0,292,0,1.0000,10,0.001809,,-1,button,1,29,29,0,292,0,1.0000,10,0.001862,-1,,button,1,29,29,0,292,0,1.0000,10,1.567437,-1,-1,29,0,0,0,0.4,risk_path,4,Bot1|Bot2|Bot3|Bot4,,1,0
19,0.20,75,440,4064511795,2171928469,3659,0.650489,507,1409,57-65,50-20,26-74,72,52,56,40,90,78,0,0,1,72,1,72,360,1,72,288,1,button,1,72,72,0,187,0,1.0000,111,0.001801,-1,-1,button,1,72,72,0,187,0,1.0000,111,0.021055,,-1,button,1,72,72,0,187,0,1.0000,111,0.022590,-1,,button,1,72,72,0,187,0,1.0000,111,8.863411,54,54,72,0,0,0,0.4,risk_path,4,Bot1|Bot2|Bot3|Bot4,,1,0
20,0.20,75,440,1699899743,2977238066,3632,0.645689,499,1358,65-61,56-62,5-33,12,10,94,88,84,80,0,0,1,12,1,12,358,1,12,346,1,button,1,12,12,0,335,0,1.0000,11,0.000114,-1,-1,button,1,12,12,0,335,0,1.0000,11,0.000255,,-1,button,1,12,12,0,335,0,1.0000,11,0.000296,-1,,button,1,12,12,0,335,0,1.0000,11,0.316771,-1,-1,12,0,0,0,0.4,risk_path,4,Bot1|Bot2|Bot3|Bot4,,1,0
21,0.20,75,440,2732194428,1130965774,3628,0.644978,500,1341,59-18,44-33,32-32,42,30,53,41,17,13,1,0,1,42,0,,75,1,42,33,1,button,1,42,42,0,28,0,1.0000,100,0.000875,-1,-1,button,1,42,42,0,28,0,1.0000,100,0.004366,,-1,button,1,42,42,0,28,0,1.0000,100,0.005726,-1,,button,1,42,42,0,28,0,1.0000,100,3.409121,3,3,42,3,0,0,0.6,risk_path,4,Bot1|Bot2|Bot3|Bot4,,1,0
22,0.20,75,440,2997683836,1911204995,3630,0.645333,512,1370,1-26,1-47,5-0,43,21,52,30,83,51,0,0,1,43,1,43,388,1,43,345,1,button,1,43,43,0,232,0,1.0000,43,0.000597,-1,-1,button,1,43,43,0,232,0,1.0000,43,0.004522,,-1,button,1,43,43,0,232,0,1.0000,43,0.007655,-1,,button,1,43,43,0,232,0,1.0000,43,3.510346,-1,-1,43,0,0,0,0.4,risk_path,4,Bot1|Bot2|Bot3|Bot4,,1,0
23,0.20,75,440,1097742752,1414824977,3616,0.642844,520,1378,33-68,31-51,41-66,27,19,28,10,31,25,0,0,1,27,1,27,116,1,27,89,1,button,1,27,27,0,65,0,1.0000,19,0.000271,-1,-1,button,1,27,27,0,65,0,1.0000,19,0.001255,,-1,button,1,27,27,0,65,0,1.0000,19,0.002185,-1,,button,1,27,27,0,65,0,1.0000,19,1.437895,15,15,27,0,0,0,0.4,risk_path,4,Bot1|Bot2|Bot3|Bot4,,1,0
24,0.20,75,440,1337507337,2865046632,3623,0.644089,507,1335,32-73,70-9,19-6,112,102,98,80,76,54,1,0,1,112,0,,372,1,112,260,1,button,1,112,112,0,198,0,1.0000,260,0.004218,-1,-1,button,1,112,112,0,198,0,1.0000,260,0.085498,,-1,button,1,112,112,0,198,0,1.0000,260,0.083871,-1,,button,1,112,112,0,198,0,1.0000,260,29.073218,37,37,112,0,0,0,0.4,risk_path,4,Bot1|Bot2|Bot3|Bot4,,1,0
25,0.20,75,440,2498745009,4169581797,3635,0.646222,494,1385,46-65,45-48,5-39,32,18,69,67,59,49,0,0,1,32,1,32,219,1,32,187,1,button,1,32,32,0,179,0,1.0000,54,0.000562,-1,-1,button,1,32,32,0,179,0,1.0000,54,0.002892,,-1,button,1,32,32,0,179,0,1.0000,54,0.003144,-1,,button,1,32,32,0,187,0,1.0000,54,2.426996,27,27,32,0,0,0,0.4,risk_path,4,Bot1|Bot2|Bot3|Bot4,,1,0
26,0.20,75,440,702485085,3014187463,3632,0.645689,514,1384,50-33,57-15,62-49,27,25,30,28,49,39,0,0,1,27,1,27,200,1,27,173,1,button,1,27,27,0,134,0,1.0000,13,0.000274,-1,-1,button,1,27,27,0,134,0,1.0000,13,0.001353,,-1,button,1,27,27,0,134,0,1.0000,13,0.001447,-1,,button,1,27,27,0,132,0,1.0000,13,1.781452,9,9,27,0,0,0,0.4,risk_path,4,Bot1|Bot2|Bot3|Bot4,,1,0
27,0.20,75,440,643282798,4265031986,3649,0.648711,511,1394,1-17,44-11,69-37,79,49,110,88,53,51,1,0,1,79,0,,251,1,79,172,1,button,1,79,79,0,172,0,1.0000,121,0.002116,-1,-1,button,1,79,79,0,172,0,1.0000,121,0.033695,,-1,button,1,79,79,0,172,0,1.0000,121,0.028413,-1,,button,1,79,79,0,172,0,1.0000,121,14.707678,5,5,79,0,0,0,0.4,risk_path,4,Bot1|Bot2|Bot3|Bot4,,1,0
28,0.20,75,440,1804062868,1517241965,3645,0.648000,508,1398,11-0,21-47,20-45,67,57,66,54,3,3,1,0,1,67,0,,7,0,,,0,walked_into_fire,0,54,54,0,-46,13,0.8060,,0.001645,8,8,fire_reached_bot,0,267,7,260,-259,60,0.1045,,0.887571,,-1,fire_reached_bot,0,267,7,260,-259,60,0.1045,,1.820576,-1,,fire_reached_bot,0,267,7,260,-259,60,0.1045,,3.584384,-1,-1,267,0,7,260,,no_path,0,,Bot1|Bot2|Bot3|Bot4,0,1
29,0.20,75,440,566956298,2924771251,3644,0.647822,501,1370,50-7,18-23,45-30,52,48,40,28,40,34,1,0,1,52,0,,185,1,52,133,1,button,1,52,52,0,89,0,1.0000,95,0.000977,-1,-1,button,1,52,52,0,89,0,1.0000,95,0.007119,,-1,button,1,52,52,0,89,0,1.0000,95,0.007719,-1,,button,1,52,52,0,89,0,1.0000,95,6.341290,-1,-1,52,0,0,0,0.4,risk_path,4,Bot1|Bot2|Bot3|Bot4,,1,0
30,0.20,75,440,2308806563,965244565,3657,0.650133,511,1407,30-30,52-69,10-51,77,61,45,41,68,60,1,0,1,77,0,,252,1,77,175,1,button,1,77,77,0,113,0,1.0000,210,0.003042,-1,-1,button,1,77,77,0,113,0,1.0000,210,0.033698,,-1,button,1,77,77,0,113,0,1.0000,210,0.037964,-1,,button,1,77,77,0,119,0,1.0000,210,14.928336,18,18,77,0,0,0,0.4,risk_path,4,Bot1|Bot2|Bot3|Bot4,,1,0
31,0.20,75,440,462864162,1041021291,3639,0.646933,509,1365,21-23,18-74,12-3,78,54,35,29,107,77,0,0,1,78,1,78,399,1,78,321,1,button,1,78,78,0,158,0,1.0000,182,0.002476,-1,-1,button,1,78,78,0,158,0,1.0000,182,0.029047,,-1,button,1,78,78,0,158,0,1.0000,182,0.026655,-1,,button,1,78,78,0,158,0,1.0000,182,15.117464,-1,-1,78,0,0,0,0.4,risk_path,4,Bot1|Bot2|Bot3|Bot4,,1,0
32,0.20,75,440,1155299482,2171726374,3641,0.647289,493,1387,25-45,7-61,54-71,34,34,61,55,61,57,0,0,1,34,1,34,234,1,34,200,1,button,1,34,34,0,186,0,1.0000,76,0.000551,-1,-1,button,1,34,34,0,186,0,1.0000,76,0.001800,,-1,button,1,34,34,0,186,0,1.0000,76,0.002240,-1,,button,1,34,34,0,186,0,1.0000,76,2.785517,-1,-1,34,0,0,0,0.4,risk_path,4,Bot1|Bot2|Bot3|Bot4,,1,0
33,0.20,75,440,2179890998,1736700740,3656,0.649956,513,1434,34-4,10-2,6-32,38,26,62,56,50,34,0,0,1,38,1,38,271,1,38,233,1,button,1,38,38,0,192,0,1.0000,11,0.000419,-1,-1,button,1,38,38,0,192,0,1.0000,11,0.003804,,-1,button,1,38,38,0,192,0,1.0000,11,0.004045,-1,,button,1,38,38,0,192,0,1.0000,11,3.633485,-1,-1,38,0,0,0,0.4,risk_path,4,Bot1|Bot2|Bot3|Bot4,,1,0
34,0.20,75,440,1845197330,3869115511,3638,0.646756,501,1332,22-74,62-5,5-2,117,109,105,89,100,60,1,0,1,117,0,,375,1,117,258,1,button,1,117,117,0,183,0,1.0000,169,0.004619,-1,-1,button,1,117,117,0,183,0,1.0000,169,0.072369,,-1,button,1,117,117,0,183,0,1.0000,169,0.098112,-1,,button,1,117,117,0,183,0,1.0000,169,32.182249,25,25,117,0,0,0,0.4,risk_path,4,Bot1|Bot2|Bot3|Bot4,,1,0
35,0.20,75,440,2606653398,2211110660,3655,0.649778,520,1407,30-55,10-46,12-4,33,29,77,69,54,44,0,0,1,33,1,33,209,1,33,176,1,button,1,33,33,0,176,0,1.0000,32,0.000393,-1,-1,button,1,33,33,0,176,0,1.0000,32,0.002157,,-1,button,1,33,33,0,176,0,1.0000,32,0.003077,-1,,button,1,33,33,0,176,0,1.0000,32,2.622218,-1,-1,33,0,0,0,0.4,risk_path,4,Bot1|Bot2|Bot3|Bot4,,1,0
36,0.20,75,440,185924975,3982104193,3640,0.647111,501,1382,69-56,63-24,28-5,56,38,104,92,68,54,0,0,1,56,1,56,315,1,56,259,1,button,1,56,56,0,248,0,1.0000,55,0.001066,-1,-1,button,1,56,56,0,248,0,1.0000,55,0.014678,,-1,button,1,56,56,0,248,0,1.0000,55,0.018631,-1,,button,1,56,56,0,249,0,1.0000,55,7.478405,49,49,56,0,0,0,0.4,risk_path,4,Bot1|Bot2|Bot3|Bot4,,1,0
37,0.20,75,440,3568169848,3649924492,3650,0.648889,506,1389,70-37,57-65,26-62,57,41,93,69,66,34,0,0,1,57,1,57,298,1,57,241,1,button,1,57,57,0,239,0,1.0000,27,0.000966,-1,-1,button,1,57,57,0,239,0,1.0000,27,0.012049,,-1,button,1,57,57,0,239,0,1.0000,27,0.014838,-1,,button,1,57,57,0,239,0,1.0000,27,8.389294,-1,-1,57,0,0,0,0.4,risk_path,4,Bot1|Bot2|Bot3|Bot4,,1,0
38,0.20,75,440,3097759363,742922130,3644,0.647822,512,1377,53-33,58-19,16-17,25,19,57,53,64,44,0,0,1,25,1,25,266,1,25,241,1,button,1,25,25,0,212,0,1.0000,54,0.000376,-1,-1,button,1,25,25,0,212,0,1.0000,54,0.001403,,-1,button,1,25,25,0,212,0,1.0000,54,0.001663,-1,,button,1,25,25,0,212,0,1.0000,54,1.592563,11,11,25,0,0,0,0.4,risk_path,4,Bot1|Bot2|Bot3|Bot4,,1,0
39,0.20,75,440,3219368855,3088895621,3631,0.645511,504,1368,38-4,59-25,64-72,50,42,100,94,70,52,0,0,1,50,1,50,337,1,50,287,1,button,1,50,50,0,252,0,1.0000,63,0.001016,-1,-1,button,1,50,50,0,252,0,1.0000,63,0.010171,,-1,button,1,50,50,0,252,0,1.0000,63,0.013896,-1,,button,1,50,50,0,252,0,1.0000,63,5.910567,2,2,50,0,0,0,0.4,risk_path,4,Bot1|Bot2|Bot3|Bot4,,1,0
40,0.20,75,440,3029962385,3015429521,3622,0.643911,504,1322,30-34,46-20,61-2,32,30,67,63,43,33,0,0,1,32,1,32,165,1,32,133,1,button,1,32,32,0,126,0,1.0000,36,0.000424,-1,-1,button,1,32,32,0,126,0,1.0000,36,0.001873,,-1,button,1,32,32,0,126,0,1.0000,36,0.002207,-1,,button,1,32,32,0,126,0,1.0000,36,2.465965,13,13,32,0,0,0,0.4,risk_path,4,Bot1|Bot2|Bot3|Bot4,,1,0
41,0.20,75,440,4017667363,2471176468,3640,0.647111,508,1366,47-32,62-11,3-74,48,36,92,86,138,122,0,0,1,48,1,48,589,1,48,541,1,button,1,48,48,0,373,0,1.0000,26,0.000775,-1,-1,button,1,48,48,0,373,0,1.0000,26,0.008045,,-1,button,1,48,48,0,373,0,1.0000,26,0.010093,-1,,button,1,48,48,0,373,0,1.0000,26,5.580358,-1,-1,48,0,0,0,0.4,risk_path,4,Bot1|Bot2|Bot3|Bot4,,1,0
42,0.20,75,440,287415481,3615322627,3640,0.647111,512,1371,33-53,74-35,48-20,65,59,62,48,45,41,1,0,1,65,0,,191,1,65,126,1,button,1,65,65,0,74,0,1.0000,110,0.001323,-1,-1,button,1,65,65,0,74,0,1.0000,110,0.012452,,-1,button,1,65,65,0,74,0,1.0000,110,0.013747,-1,,button,1,65,65,0,78,0,1.0000,110,10.164238,14,14,65,0,0,0,0.4,risk_path,4,Bot1|Bot2|Bot3|Bot4,,1,0
43,0.20,75,440,3343635005,3613099639,3644,0.647822,513,1424,40-63,49-41,34-34,39,31,43,35,30,22,1,0,1,39,0,,141,1,39,102,1,button,1,39,39,0,84,0,1.0000,59,0.000673,-1,-1,button,1,39,39,0,84,0,1.0000,59,0.004060,,-1,button,1,39,39,0,84,0,1.0000,59,0.005475,-1,,button,1,39,39,0,84,0,1.0000,59,3.801076,1,1,39,0,0,0,0.4,risk_path,4,Bot1|Bot2|Bot3|Bot4,,1,0
44,0.20,75,440,2433726094,1705541714,3627,0.644800,494,1308,60-20,48-7,31-29,35,25,46,38,41,39,0,0,1,35,1,35,197,1,35,162,1,button,1,35,35,0,151,0,1.0000,50,0.000534,-1,-1,button,1,35,35,0,151,0,1.0000,50,0.002702,,-1,button,1,35,35,0,151,0,1.0000,50,0.003396,-1,,button,1,35,35,0,151,0,1.0000,50,2.908977,-1,-1,35,0,0,0,0.4,risk_path,4,Bot1|Bot2|Bot3|Bot4,,1,0
45,0.20,75,440,3245280877,583972034,3621,0.643733,504,1351,40-56,38-63,23-69,15,9,38,30,25,21,0,0,1,15,1,15,120,1,15,105,1,button,1,15,15,0,105,0,1.0000,5,0.000135,-1,-1,button,1,15,15,0,105,0,1.0000,5,0.000448,,-1,button,1,15,15,0,105,0,1.0000,5,0.000514,-1,,button,1,15,15,0,105,0,1.0000,5,0.636221,-1,-1,15,0,0,0,0.4,risk_path,4,Bot1|Bot2|Bot3|Bot4,,1,0
46,0.20,75,440,744039592,481665536,3664,0.651378,517,1383,42-67,5-61,36-15,65,43,76,58,87,77,0,0,1,65,1,65,346,1,65,281,1,button,1,65,65,0,281,0,1.0000,181,0.002070,-1,-1,button,1,65,65,0,281,0,1.0000,181,0.014006,,-1,button,1,65,65,0,281,0,1.0000,181,0.019232,-1,,button,1,65,65,0,281,0,1.0000,181,10.408870,-1,-1,65,0,0,0,0.4,risk_path,4,Bot1|Bot2|Bot3|Bot4,,1,0
47,0.20,75,440,1407365857,2116346229,3670,0.652444,517,1423,35-11,51-53,61-53,72,58,84,68,14,10,1,0,1,72,0,,68,0,,,0,walked_into_fire,0,69,69,0,-1,3,0.9583,174,0.002104,66,66,fire_reached_bot,0,104,65,39,-35,7,0.9028,,0.235025,,-1,fire_reached_bot,0,104,65,39,-35,7,0.9028,,0.490634,-1,,fire_reached_bot,0,104,65,39,-35,7,0.9028,,15.412567,-1,-1,104,12,53,39,0.99,no_path,0,,Bot1|Bot2|Bot3|Bot4,0,1
48,0.20,75,440,3906747135,3253557841,3652,0.649244,514,1378,38-31,19-45,43-34,35,33,8,8,37,35,0,0,1,35,1,35,164,1,35,129,1,button,1,35,35,0,42,0,1.0000,24,0.000410,-1,-1,button,1,35,35,0,42,0,1.0000,24,0.003120,,-1,button,1,35,35,0,42,0,1.0000,24,0.005638,-1,,button,1,35,35,0,42,0,1.0000,24,3.438990,-1,-1,35,0,0,0,0.4,risk_path,4,Bot1|Bot2|Bot3|Bot4,,1,0
49,0.20,75,440,568842183,2915534142,3635,0.646222,500,1368,31-65,44-71,44-59,47,19,31,19,16,12,1,1,1,101,0,,94,0,,,0,fire_reached_bot,0,71,71,0,0,30,0.3617,120,0.003360,15,15,fire_reached_bot,0,88,14,74,0,33,0.2979,203,0.389349,,-1,fire_reached_bot,0,88,14,74,0,33,0.2979,203,0.889775,-1,,fire_reached_bot,0,88,14,74,0,33,0.2979,203,7.854033,-1,-1,88,0,14,74,,no_path,0,,Bot1|Bot2|Bot3|Bot4,0,1
50,0.20,75,440,514431646,1809119261,3651,0.649067,517,1393,25-17,63-18,11-57,51,39,58,54,109,91,0,0,1,51,1,51,450,1,51,399,1,button,1,51,51,0,288,0,1.0000,47,0.000771,-1,-1,button,1,51,51,0,288,0,1.0000,47,0.006654,,-1,button,1,51,51,0,288,0,1.0000,47,0.009374,-1,,button,1,51,51,0,288,0,1.0000,47,6.313129,33,33,51,0,0,0,0.4,risk_path,4,Bot1|Bot2|Bot3|Bot4,,1,0
51,0.20,75,440,3235510554,1802600594,3623,0.644089,494,1355,2-10,68-24,9-57,110,80,66,54,94,92,1,0,1,110,0,,366,1,110,256,1,button,1,110,110,0,146,0,1.0000,334,0.006232,-1,-1,button,1,110,110,0,146,0,1.0000,334,0.089679,,-1,button,1,110,110,0,146,0,1.0000,334,0.106679,-1,,button,1,110,110,0,146,0,1.0000,334,28.982770,4,4,110,0,0,0,0.4,risk_path,4,Bot1|Bot2|Bot3|Bot4,,1,0
52,0.20,75,440,639085731,3543395183,3638,0.646756,515,1390,32-9,6-35,41-25,56,52,25,25,51,45,1,0,1,56,0,,215,1,56,159,1,button,1,56,56,0,70,0,1.0000,117,0.001020,-1,-1,button,1,56,56,0,70,0,1.0000,117,0.008492,,-1,button,1,56,56,0,70,0,1.0000,117,0.008818,-1,,button,1,56,56,0,70,0,1.0000,117,7.793953,-1,-1,56,0,0,0,0.4,risk_path,4,Bot1|Bot2|Bot3|Bot4,,1,0
53,0.20,75,440,4049135280,482899726,3625,0.644444,501,1359,43-44,33-34,49-33,36,20,23,17,25,17,1,0,1,36,0,,100,1,36,64,1,button,1,36,36,0,60,0,1.0000,23,0.000343,-1,-1,button,1,36,36,0,60,0,1.0000,23,0.002931,,-1,button,1,36,36,0,60,0,1.0000,23,0.003818,-1,,button,1,36,36,0,60,0,1.0000,23,3.522121,-1,-1,36,0,0,0,0.4,risk_path,4,Bot1|Bot2|Bot3|Bot4,,1,0
54,0.20,75,440,2561198562,2236996756,3645,0.648000,500,1328,20-62,0-59,47-37,29,23,58,52,79,69,0,0,1,29,1,29,318,1,29,289,1,button,1,29,29,0,212,0,1.0000,39,0.000368,-1,-1,button,1,29,29,0,212,0,1.0000,39,0.001555,,-1,button,1,29,29,0,212,0,1.0000,39,0.002252,-1,,button,1,29,29,0,212,0,1.0000,39,2.420617,-1,-1,29,0,0,0,0.4,risk_path,4,Bot1|Bot2|Bot3|Bot4,,1,0
55,0.20,75,440,2251065692,286865008,3616,0.642844,496,1335,58-63,9-0,53-16,120,112,64,52,62,60,1,0,1,120,0,,267,1,120,147,1,button,1,120,120,0,69,0,1.0000,673,0.009169,-1,-1,button,1,120,120,0,69,0,1.0000,673,0.046588,,-1,button,1,120,120,0,69,0,1.0000,673,0.062888,-1,,button,1,120,120,0,69,0,1.0000,673,33.995305,-1,-1,120,5,0,0,0.8,risk_path,4,Bot1|Bot2|Bot3|Bot4,,1,0
56,0.20,75,440,489761711,2230263378,3623,0.644089,501,1372,42-25,42-63,50-53,54,38,40,36,24,18,1,0,1,54,0,,110,1,54,56,1,button,1,54,54,0,19,0,1.0000,155,0.001406,-1,-1,button,1,54,54,0,19,0,1.0000,155,0.009867,,-1,button,1,54,54,0,19,0,1.0000,155,0.012695,-1,,button,1,54,54,0,19,0,1.0000,155,7.061613,-1,-1,54,9,0,0,0.99,risk_path,4,Bot1|Bot2|Bot3|Bot4,,1,0
57,0.20,75,440,3274284638,313157239,3626,0.644622,513,1371,46-14,73-22,58-60,39,35,62,58,59,53,0,0,1,39,1,39,228,1,39,189,1,button,1,39,39,0,157,0,1.0000,114,0.000802,-1,-1,button,1,39,39,0,157,0,1.0000,114,0.003253,,-1,button,1,39,39,0,157,0,1.0000,114,0.006192,-1,,button,1,39,39,0,157,0,1.0000,114,3.728342,8,8,39,0,0,0,0.4,risk_path,4,Bot1|Bot2|Bot3|Bot4,,1,0
58,0.20,75,440,3129249196,3379267321,3657,0.650133,513,1417,60-25,1-56,25-34,90,90,46,44,46,46,1,0,1,90,0,,238,1,90,148,1,button,1,90,90,0,28,0,1.0000,235,0.002575,-1,-1,button,1,90,90,0,28,0,1.0000,235,0.026781,,-1,button,1,90,90,0,28,0,1.0000,235,0.038508,-1,,button,1,96,96,0,72,0,1.0000,284,21.286717,20,20,96,5,0,0,0.8,risk_path,4,Bot1|Bot2|Bot3|Bot4,,1,0
59,0.20,75,440,894121229,1668138513,3639,0.646933,508,1374,35-29,71-66,49-2,75,73,43,41,98,86,0,0,1,75,1,75,389,1,75,314,1,button,1,75,75,0,150,0,1.0000,168,0.002073,-1,-1,button,1,75,75,0,150,0,1.0000,168,0.020547,,-1,button,1,75,75,0,150,0,1.0000,168,0.027761,-1,,button,1,75,75,0,150,0,1.0000,168,13.550236,11,11,75,0,0,0,0.4,risk_path,4,Bot1|Bot2|Bot3|Bot4,,1,0
60,0.20,75,440,2937611675,2098551990,3661,0.650844,517,1463,74-51,28-50,7-34,75,47,98,84,43,37,1,0,1,75,0,,136,1,75,61,1,button,1,75,75,0,60,0,1.0000,253,0.003006,-1,-1,button,1,75,75,0,60,0,1.0000,253,0.036016,,-1,button,1,75,75,0,60,0,1.0000,253,0.046189,-1,,button,1,75,75,0,60,0,1.0000,253,14.703286,-1,-1,75,0,0,0,0.4,risk_path,4,Bot1|Bot2|Bot3|Bot4,,1,0
61,0.20,75,440,2158948882,4161325205,3649,0.648711,504,1375,55-43,55-56,72-7,43,13,55,53,98,66,0,0,1,43,1,43,414,1,43,371,1,button,1,43,43,0,230,0,1.0000,50,0.001087,-1,-1,button,1,43,43,0,230,0,1.0000,50,0.012450,,-1,button,1,43,43,0,230,0,1.0000,50,0.011338,-1,,button,1,43,43,0,230,0,1.0000,50,4.486967,-1,-1,43,0,0,0,0.4,risk_path,4,Bot1|Bot2|Bot3|Bot4,,1,0
62,0.20,75,440,3393563913,2253549308,3667,0.651911,508,1380,24-27,32-68,1-59,71,49,57,55,46,40,1,0,1,71,0,,214,1,71,143,1,button,1,71,71,0,52,0,1.0000,108,0.001775,-1,-1,button,1,71,71,0,52,0,1.0000,108,0.018648,,-1,button,1,71,71,0,52,0,1.0000,108,0.023646,-1,,button,1,71,71,0,52,0,1.0000,108,12.093437,41,41,71,0,0,0,0.4,risk_path,4,Bot1|Bot2|Bot3|Bot4,,1,0
63,0.20,75,440,3798218772,3326087650,3629,0.645156,502,1335,46-27,21-72,19-59,74,70,59,59,17,15,1,0,1,74,0,,91,1,80,11,0,walked_into_fire,0,47,47,0,-1,27,0.6351,91,0.001307,45,41,fire_reached_bot,0,106,91,15,-14,45,0.3919,,0.122437,,41,fire_reached_bot,0,106,91,15,-14,45,0.3919,,0.230295,41,,fire_reached_bot,0,106,91,15,-14,45,0.3919,,31.089590,-1,41,106,0,91,15,,no_path,0,,Bot1|Bot2|Bot3|Bot4,0,1
64,0.20,75,440,2494522029,654045650,3638,0.646756,507,1370,7-38,4-33,70-44,8,8,99,69,103,77,0,0,1,8,1,8,434,1,8,426,1,button,1,8,8,0,393,0,1.0000,5,0.000072,-1,-1,button,1,8,8,0,393,0,1.0000,5,0.000134,,-1,button,1,8,8,0,393,0,1.0000,5,0.000220,-1,,button,1,8,8,0,393,0,1.0000,5,0.261840,-1,-1,8,0,0,0,0.4,risk_path,4,Bot1|Bot2|Bot3|Bot4,,1,0
65,0.20,75,440,282407045,3208019061,3667,0.651911,507,1402,71-60,44-21,48-55,68,66,40,28,64,38,1,0,1,68,0,,254,1,68,186,1,button,1,68,68,0,94,0,1.0000,271,0.002607,-1,-1,button,1,68,68,0,94,0,1.0000,271,0.014726,,-1,button,1,68,68,0,94,0,1.0000,271,0.019171,-1,,button,1,68,68,0,94,0,1.0000,271,11.341035,-1,-1,68,0,0,0,0.4,risk_path,4,Bot1|Bot2|Bot3|Bot4,,1,0
66,0.20,75,440,2624712765,892082244,3630,0.645333,514,1350,67-68,51-49,10-44,39,35,91,81,62,46,0,0,1,39,1,39,257,1,39,218,1,button,1,39,39,0,218,0,1.0000,67,0.000661,-1,-1,button,1,39,39,0,218,0,1.0000,67,0.002769,,-1,button,1,39,39,0,218,0,1.0000,67,0.003003,-1,,button,1,39,39,0,218,0,1.0000,67,3.542974,-1,-1,39,0,0,0,0.4,risk_path,4,Bot1|Bot2|Bot3|Bot4,,1,0
67,0.20,75,440,1729019775,856386472,3624,0.644267,517,1409,60-53,29-59,62-26,39,37,43,29,68,66,0,0,1,39,1,39,295,1,39,256,1,button,1,39,39,0,123,0,1.0000,111,0.000831,-1,-1,button,1,39,39,0,123,0,1.0000,111,0.003521,,-1,button,1,39,39,0,123,0,1.0000,111,0.004229,-1,,button,1,39,39,0,123,0,1.0000,111,3.710588,-1,-1,39,0,0,0,0.4,risk_path,4,Bot1|Bot2|Bot3|Bot4,,1,0
68,0.20,75,440,4025098533,459075162,3613,0.642311,482,1310,53-46,53-73,41-17,43,27,43,41,86,68,0,0,1,43,1,43,398,1,43,355,1,button,1,43,43,0,222,0,1.0000,81,0.001111,-1,-1,button,1,43,43,0,222,0,1.0000,81,0.005405,,-1,button,1,43,43,0,222,0,1.0000,81,0.007780,-1,,button,1,43,43,0,222,0,1.0000,81,4.413510,-1,-1,43,0,0,0,0.4,risk_path,4,Bot1|Bot2|Bot3|Bot4,,1,0
69,0.20,75,440,266228852,4289431394,3621,0.643733,500,1398,43-3,26-13,19-65,43,27,102,86,79,59,0,0,1,43,1,43,316,1,43,273,1,button,1,43,43,0,264,0,1.0000,37,0.000909,-1,-1,button,1,43,43,0,264,0,1.0000,37,0.005007,,-1,button,1,43,43,0,264,0,1.0000,37,0.009215,-1,,button,1,43,43,0,264,0,1.0000,37,4.325609,-1,-1,43,0,0,0,0.4,risk_path,4,Bot1|Bot2|Bot3|Bot4,,1,0
70,0.20,75,440,3288517247,2662616909,3639,0.646933,504,1347,14-60,54-8,52-56,96,92,58,42,64,50,1,0,1,96,0,,297,1,96,201,1,button,1,96,96,0,44,0,1.0000,368,0.004885,-1,-1,button,1,96,96,0,44,0,1.0000,368,0.037316,,-1,button,1,96,96,0,44,0,1.0000,368,0.045002,-1,,button,1,96,96,0,117,0,1.0000,368,21.725902,18,18,96,0,0,0,0.4,risk_path,4,Bot1|Bot2|Bot3|Bot4,,1,0
71,0.20,75,440,3168276635,2131575540,3624,0.644267,484,1358,74-4,42-32,8-21,64,60,93,83,49,45,1,0,1,64,0,,226,1,64,162,1,button,1,64,64,0,159,0,1.0000,129,0.001532,-1,-1,button,1,64,64,0,159,0,1.0000,129,0.013706,,-1,button,1,64,64,0,159,0,1.0000,129,0.015244,-1,,button,1,64,64,0,159,0,1.0000,129,9.466495,-1,-1,64,0,0,0,0.4,risk_path,4,Bot1|Bot2|Bot3|Bot4,,1,0
72,0.20,75,440,3264989703,3396489466,3645,0.648000,501,1378,40-20,63-53,65-66,60,56,81,71,27,15,1,0,1,60,0,,142,1,60,82,1,button,1,60,60,0,67,0,1.0000,150,0.001542,-1,-1,button,1,60,60,0,67,0,1.0000,150,0.010593,,-1,button,1,60,60,0,67,0,1.0000,150,0.011600,-1,,button,1,60,60,0,67,0,1.0000,150,8.558884,9,9,60,0,0,0,0.4,risk_path,4,Bot1|Bot2|Bot3|Bot4,,1,0
73,0.20,75,440,3661586234,851551463,3654,0.649600,496,1346,19-42,55-11,6-19,77,67,48,36,73,57,1,0,1,77,0,,321,1,77,244,1,button,1,77,77,0,105,0,1.0000,87,0.002337,-1,-1,button,1,77,77,0,105,0,1.0000,87,0.034528,,-1,button,1,77,77,0,105,0,1.0000,87,0.035518,-1,,button,1,77,77,0,105,0,1.0000,87,14.908496,30,30,77,0,0,0,0.4,risk_path,4,Bot1|Bot2|Bot3|Bot4,,1,0
74,0.20,75,440,1507352610,3438827500,3616,0.642844,480,1296,44-65,19-74,3-51,36,34,71,55,43,39,0,0,1,36,1,36,221,1,36,185,1,button,1,36,36,0,168,0,1.0000,25,0.000342,-1,-1,button,1,36,36,0,168,0,1.0000,25,0.002167,,-1,button,1,36,36,0,168,0,1.0000,25,0.002615,-1,,button,1,36,36,0,168,0,1.0000,25,3.584097,-1,-1,36,0,0,0,0.4,risk_path,4,Bot1|Bot2|Bot3|Bot4,,1,0
75,0.20,75,440,2046749167,4286327507,3627,0.644800,499,1365,2-9,37-12,35-29,62,38,61,53,25,19,1,0,1,62,0,,128,1,62,66,1,button,1,62,62,0,41,0,1.0000,139,0.001625,-1,-1,button,1,62,62,0,41,0,1.0000,139,0.015628,,-1,button,1,62,62,0,41,0,1.0000,139,0.019350,-1,,button,1,62,62,0,41,0,1.0000,139,9.256311,32,32,62,11,0,0,0.99,risk_path,4,Bot1|Bot2|Bot3|Bot4,,1,0
76,0.20,75,440,3008379624,3615876865,3655,0.649778,515,1384,43-36,1-62,52-64,72,68,49,37,85,53,0,0,1,72,1,72,396,1,72,324,1,button,1,72,72,0,207,0,1.0000,55,0.001185,-1,-1,button,1,72,72,0,207,0,1.0000,55,0.019469,,-1,button,1,72,72,0,207,0,1.0000,55,0.021745,-1,,button,1,72,72,0,207,0,1.0000,55,13.002838,54,54,72,0,0,0,0.4,risk_path,4,Bot1|Bot2|Bot3|Bot4,,1,0
77,0.20,75,440,168951023,2051054311,3646,0.648178,498,1387,63-46,7-52,36-46,78,62,39,27,41,35,1,0,1,78,0,,172,1,82,90,0,walked_into_fire,0,32,32,0,-4,46,0.4103,33,0.000961,12,12,button,1,82,82,0,22,0,1.0000,273,0.022174,,-1,button,1,82,82,0,22,0,1.0000,273,0.027387,-1,,button,1,96,96,0,64,0,1.0000,391,19.363239,32,32,96,8,0,0,0.8,risk_path,3,Bot2|Bot3|Bot4,Bot1,0,0
78,0.20,75,440,2349810379,2265303479,3641,0.647289,501,1376,71-31,32-73,47-46,91,81,51,39,46,42,1,0,1,91,0,,208,1,95,113,0,fire_reached_bot,0,43,43,0,0,48,0.4725,27,0.001367,43,43,fire_reached_bot,0,80,48,32,0,53,0.4176,108,0.029306,,45,fire_reached_bot,0,63,48,15,0,51,0.4396,75,0.033678,45,,button,1,95,95,0,47,0,1.0000,141,22.191700,17,17,95,3,0,0,0.8,risk_path,1,Bot4,Bot1|Bot2|Bot3,0,0
79,0.20,75,440,2763321522,3868111401,3664,0.651378,494,1408,50-59,10-66,49-54,63,47,6,6,63,51,0,0,1,63,0,,271,1,63,208,1,button,1,63,63,0,18,0,1.0000,124,0.001440,-1,-1,button,1,63,63,0,18,0,1.0000,124,0.014102,,-1,button,1,63,63,0,18,0,1.0000,124,0.015893,-1,,button,1,63,63,0,18,0,1.0000,124,9.316937,34,34,63,0,0,0,0.4,risk_path,4,Bot1|Bot2|Bot3|Bot4,,1,0
80,0.20,75,440,3716998955,3442828106,3643,0.647644,507,1384,32-60,45-60,19-26,29,13,51,47,72,60,0,0,1,29,1,29,300,1,29,271,1,button,1,29,29,0,196,0,1.0000,31,0.000369,-1,-1,button,1,29,29,0,196,0,1.0000,31,0.002149,,-1,button,1,29,29,0,196,0,1.0000,31,0.002484,-1,,button,1,29,29,0,196,0,1.0000,31,2.472081,15,15,29,0,0,0,0.4,risk_path,4,Bot1|Bot2|Bot3|Bot4,,1,0
81,0.20,75,440,2802822109,1173380791,3659,0.650489,505,1348,72-70,46-13,62-73,91,83,29,13,92,76,0,0,1,91,1,91,376,1,91,285,1,button,1,91,91,0,84,0,1.0000,155,0.002270,-1,-1,button,1,91,91,0,84,0,1.0000,155,0.029340,,-1,button,1,91,91,0,84,0,1.0000,155,0.032075,-1,,button,1,91,91,0,84,0,1.0000,155,19.395208,-1,-1,91,0,0,0,0.4,risk_path,4,Bot1|Bot2|Bot3|Bot4,,1,0
82,0.20,75,440,1458696374,4138283831,3640,0.647111,513,1373,14-4,25-57,6-47,78,64,63,51,31,29,1,0,1,78,0,,117,1,78,39,1,button,1,78,78,0,7,0,1.0000,289,0.003360,-1,-1,button,1,78,78,0,7,0,1.0000,289,0.027867,,-1,button,1,78,78,0,7,0,1.0000,289,0.031182,-1,,button,1,78,78,0,7,0,1.0000,289,17.069044,-1,-1,78,27,32,0,0.99,risk_path,4,Bot1|Bot2|Bot3|Bot4,,1,0
83,0.20,75,440,2432187744,4169280272,3642,0.647467,503,1356,40-58,45-19,12-50,66,44,46,36,86,64,0,0,1,66,1,66,357,1,66,291,1,button,1,66,66,0,172,0,1.0000,110,0.001654,-1,-1,button,1,66,66,0,172,0,1.0000,110,0.015818,,-1,button,1,66,66,0,172,0,1.0000,110,0.017217,-1,,button,1,66,66,0,172,0,1.0000,110,10.393814,14,14,66,0,0,0,0.4,risk_path,4,Bot1|Bot2|Bot3|Bot4,,1,0
84,0.20,75,440,117610117,309971403,3649,0.648711,513,1375,38-60,71-19,27-60,80,74,29,11,91,85,0,0,1,80,1,80,441,1,80,361,1,button,1,80,80,0,140,0,1.0000,174,0.002466,-1,-1,button,1,80,80,0,140,0,1.0000,174,0.030408,,-1,button,1,80,80,0,140,0,1.0000,174,0.033386,-1,,button,1,80,80,0,143,0,1.0000,174,14.908426,1,1,80,0,0,0,0.4,risk_path,4,Bot1|Bot2|Bot3|Bot4,,1,0
85,0.20,75,440,2351945767,3852249623,3652,0.649244,513,1378,46-2,42-17,48-41,27,19,63,41,48,30,0,0,1,27,1,27,169,1,27,142,1,button,1,27,27,0,136,0,1.0000,19,0.000348,-1,-1,button,1,27,27,0,136,0,1.0000,19,0.002065,,-1,button,1,27,27,0,136,0,1.0000,19,0.002758,-1,,button,1,27,27,0,136,0,1.0000,19,1.826612,-1,-1,27,0,0,0,0.4,risk_path,4,Bot1|Bot2|Bot3|Bot4,,1,0
86,0.20,75,440,2895808900,3809999560,3632,0.645689,498,1315,29-67,1-17,74-52,80,78,78,60,124,108,0,0,1,80,1,80,514,1,80,434,1,button,1,80,80,0,309,0,1.0000,100,0.001923,-1,-1,button,1,80,80,0,309,0,1.0000,100,0.024112,,-1,button,1,80,80,0,309,0,1.0000,100,0.027796,-1,,button,1,80,80,0,309,0,1.0000,100,15.182654,-1,-1,80,0,0,0,0.4,risk_path,4,Bot1|Bot2|Bot3|Bot4,,1,0
87,0.20,75,440,2723283324,3272133986,3648,0.648533,511,1411,47-73,31-5,7-43,104,84,90,70,88,62,1,0,1,104,0,,331,1,104,227,1,button,1,104,104,0,150,0,1.0000,345,0.005234,-1,-1,button,1,104,104,0,150,0,1.0000,345,0.066514,,-1,button,1,104,104,0,150,0,1.0000,345,0.065857,-1,,button,1,104,104,0,150,0,1.0000,345,25.918132,-1,-1,104,0,0,0,0.4,risk_path,4,Bot1|Bot2|Bot3|Bot4,,1,0
88,0.20,75,440,442504758,736042750,3679,0.654044,508,1420,16-28,1-29,31-35,26,16,30,22,46,36,0,0,1,26,1,26,205,1,26,179,1,button,1,26,26,0,138,0,1.0000,48,0.000384,-1,-1,button,1,26,26,0,138,0,1.0000,48,0.002178,,-1,button,1,26,26,0,138,0,1.0000,48,0.002005,-1,,button,1,26,26,0,138,0,1.0000,48,1.769373,-1,-1,26,0,0,0,0.4,risk_path,4,Bot1|Bot2|Bot3|Bot4,,1,0
89,0.20,75,440,2689907484,1240102764,3643,0.647644,497,1379,16-33,54-64,7-11,73,69,33,31,104,100,0,0,1,73,1,73,435,1,73,362,1,button,1,73,73,0,170,0,1.0000,189,0.002118,-1,-1,button,1,73,73,0,170,0,1.0000,189,0.016062,,-1,button,1,73,73,0,170,0,1.0000,189,0.013626,-1,,button,1,73,73,0,170,0,1.0000,189,12.611355,15,15,73,0,0,0,0.4,risk_path,4,Bot1|Bot2|Bot3|Bot4,,1,0
90,0.20,75,440,1410515791,2649707326,3622,0.643911,490,1314,8-14,42-56,9-9,84,76,8,6,88,80,0,0,1,84,1,84,367,1,84,283,1,button,1,84,84,0,37,0,1.0000,148,0.002613,-1,-1,button,1,84,84,0,37,0,1.0000,148,0.041206,,-1,button,1,84,84,0,37,0,1.0000,148,0.036086,-1,,button,1,84,84,0,37,0,1.0000,148,17.284768,15,15,84,0,0,0,0.4,risk_path,4,Bot1|Bot2|Bot3|Bot4,,1,0
91,0.20,75,440,1198831680,429899597,3632,0.645689,491,1347,53-16,73-34,18-42,46,38,65,61,73,63,0,0,1,46,1,46,325,1,46,279,1,button,1,46,46,0,254,0,1.0000,36,0.000624,-1,-1,button,1,46,46,0,254,0,1.0000,36,0.004958,,-1,button,1,46,46,0,254,0,1.0000,36,0.005333,-1,,button,1,46,46,0,254,0,1.0000,36,5.115432,1,1,46,0,0,0,0.4,risk_path,4,Bot1|Bot2|Bot3|Bot4,,1,0
92,0.20,75,440,2479440059,167758409,3623,0.644089,483,1277,70-63,69-1,24-59,93,63,66,50,109,103,0,0,1,93,1,93,421,1,93,328,1,button,1,93,93,0,248,0,1.0000,330,0.004080,-1,-1,button,1,93,93,0,248,0,1.0000,330,0.039723,,-1,button,1,93,93,0,248,0,1.0000,330,0.049912,-1,,button,1,93,93,0,248,0,1.0000,330,21.075228,10,10,93,0,0,0,0.4,risk_path,4,Bot1|Bot2|Bot3|Bot4,,1,0
93,0.20,75,440,2629098381,3995597651,3617,0.643022,492,1335,43-38,0-52,68-32,73,57,45,31,106,88,0,0,1,73,1,73,491,1,73,418,1,button,1,73,73,0,188,0,1.0000,158,0.002651,-1,-1,button,1,73,73,0,188,0,1.0000,158,0.026569,,-1,button,1,73,73,0,188,0,1.0000,158,0.030115,-1,,button,1,73,73,0,188,0,1.0000,158,13.172068,-1,-1,73,0,0,0,0.4,risk_path,4,Bot1|Bot2|Bot3|Bot4,,1,0
94,0.20,75,440,4034527632,2373009210,3618,0.643200,497,1351,2-63,74-14,29-36,133,121,56,54,79,67,1,0,1,133,0,,366,1,141,225,0,walked_into_fire,0,42,42,0,-6,91,0.3158,124,0.004252,37,37,button,1,141,141,0,4,0,1.0000,959,0.180250,,-1,button,1,141,141,0,4,0,1.0000,959,0.224359,-1,,button,1,159,159,0,21,0,1.0000,1285,56.001940,3,3,159,31,0,0,0.99,risk_path,3,Bot2|Bot3|Bot4,Bot1,0,0
95,0.20,75,440,83074924,374331740,3621,0.643733,498,1346,0-52,43-16,43-65,89,79,64,56,81,49,1,0,1,89,0,,326,1,89,237,1,button,1,89,89,0,203,0,1.0000,209,0.002781,-1,-1,button,1,89,89,0,203,0,1.0000,209,0.038198,,-1,button,1,89,89,0,203,0,1.0000,209,0.045800,-1,,button,1,89,89,0,150,0,1.0000,209,19.644604,9,9,89,0,0,0,0.4,risk_path,4,Bot1|Bot2|Bot3|Bot4,,1,0
96,0.20,75,440,902943538,3127573542,3621,0.643733,508,1388,18-50,22-44,54-28,10,10,60,58,50,48,0,0,1,10,1,10,205,1,10,195,1,button,1,10,10,0,195,0,1.0000,3,0.000090,-1,-1,button,1,10,10,0,195,0,1.0000,3,0.000213,,-1,button,1,10,10,0,195,0,1.0000,3,0.000252,-1,,button,1,10,10,0,195,0,1.0000,3,0.366264,3,3,10,0,0,0,0.4,risk_path,4,Bot1|Bot2|Bot3|Bot4,,1,0
97,0.20,75,440,1323143353,2588849054,3631,0.645511,502,1329,18-54,46-56,54-72,50,30,56,54,26,24,1,0,1,50,0,,88,1,50,38,1,button,1,50,50,0,37,0,1.0000,137,0.001341,-1,-1,button,1,50,50,0,37,0,1.0000,137,0.007727,,-1,button,1,50,50,0,37,0,1.0000,137,0.010565,-1,,button,1,50,50,0,37,0,1.0000,137,6.712726,24,24,50,0,0,0,0.4,risk_path,4,Bot1|Bot2|Bot3|Bot4,,1,0
98,0.20,75,440,172568286,2343787580,3644,0.647822,511,1392,60-60,70-36,25-9,36,34,88,86,90,72,0,0,1,36,1,36,358,1,36,322,1,button,1,36,36,0,281,0,1.0000,55,0.000530,-1,-1,button,1,36,36,0,281,0,1.0000,55,0.002606,,-1,button,1,36,36,0,281,0,1.0000,55,0.003216,-1,,button,1,36,36,0,291,0,1.0000,55,3.327478,7,7,36,0,0,0,0.4,risk_path,4,Bot1|Bot2|Bot3|Bot4,,1,0
99,0.20,75,440,398009931,2986606611,3623,0.644089,501,1378,64-44,52-32,42-2,24,24,70,64,48,40,0,0,1,24,1,24,232,1,24,208,1,button,1,24,24,0,208,0,1.0000,11,0.000238,-1,-1,button,1,24,24,0,208,0,1.0000,11,0.000982,,-1,button,1,24,24,0,208,0,1.0000,11,0.001145,-1,,button,1,24,24,0,208,0,1.0000,11,1.436836,-1,-1,24,0,0,0,0.4,risk_path,4,Bot1|Bot2|Bot3|Bot4,,1,0
100,0.20,75,440,2731167691,650338235,3631,0.645511,511,1398,15-65,12-41,22-36,51,27,44,36,15,15,1,0,1,51,0,,64,1,51,13,1,button,1,51,51,0,13,0,1.0000,98,0.001207,-1,-1,button,1,51,51,0,13,0,1.0000,98,0.009335,,-1,button,1,51,51,0,13,0,1.0000,98,0.011809,-1,,button,1,51,51,0,13,0,1.0000,98,7.421511,-1,-1,51,17,6,0,0.99,risk_path,4,Bot1|Bot2|Bot3|Bot4,,1,0
101,0.20,75,440,3976025462,1984228406,3637,0.646578,518,1371,60-37,47-47,45-51,35,23,37,29,8,6,1,0,1,35,0,,23,0,,,0,walked_into_fire,0,28,28,0,-4,7,0.8000,,0.000484,18,18,fire_reached_bot,0,88,17,71,-64,18,0.4857,,0.378702,,-1,fire_reached_bot,0,88,17,71,-64,18,0.4857,,0.842985,-1,,fire_reached_bot,0,88,17,71,-64,18,0.4857,,3.903321,-1,-1,88,0,17,71,,no_path,0,,Bot1|Bot2|Bot3|Bot4,0,1
102,0.20,75,440,3469237606,1649159914,3647,0.648356,506,1395,16-63,59-25,55-5,89,81,101,97,32,24,1,0,1,89,0,,168,1,89,79,1,button,1,89,89,0,75,0,1.0000,163,0.002888,-1,-1,button,1,89,89,0,75,0,1.0000,163,0.036449,,-1,button,1,89,89,0,75,0,1.0000,163,0.046019,-1,,button,1,89,89,0,75,0,1.0000,163,20.294119,16,16,89,20,3,0,0.99,risk_path,4,Bot1|Bot2|Bot3|Bot4,,1,0
103,0.20,75,440,1354804743,391426036,3643,0.647644,507,1361,49-52,55-52,69-35,8,6,39,37,35,31,0,0,1,8,1,8,159,1,8,151,1,button,1,8,8,0,151,0,1.0000,8,0.000100,-1,-1,button,1,8,8,0,151,0,1.0000,8,0.000169,,-1,button,1,8,8,0,151,0,1.0000,8,0.000233,-1,,button,1,8,8,0,149,0,1.0000,8,0.259199,6,6,8,0,0,0,0.4,risk_path,4,Bot1|Bot2|Bot3|Bot4,,1,0
104,0.20,75,440,4136514547,4012823104,3668,0.652089,517,1436,46-54,39-69,8-3,24,22,95,89,115,97,0,0,1,24,1,24,494,1,24,470,1,button,1,24,24,0,432,0,1.0000,12,0.000243,-1,-1,button,1,24,24,0,432,0,1.0000,12,0.001265,,-1,button,1,24,24,0,432,0,1.0000,12,0.001493,-1,,button,1,24,24,0,432,0,1.0000,12,1.434489,-1,-1,24,0,0,0,0.4,risk_path,4,Bot1|Bot2|Bot3|Bot4,,1,0
105,0.20,75,440,1802906948,4050598220,3643,0.647644,499,1382,33-16,18-43,1-63,58,42,83,79,39,37,1,0,1,58,0,,160,1,58,102,1,button,1,58,58,0,98,0,1.0000,84,0.001226,-1,-1,button,1,58,58,0,98,0,1.0000,84,0.011672,,-1,button,1,58,58,0,98,0,1.0000,84,0.013480,-1,,button,1,58,58,0,102,0,1.0000,84,8.005404,24,24,58,0,0,0,0.4,risk_path,4,Bot1|Bot2|Bot3|Bot4,,1,0
106,0.20,75,440,4274087871,3596512109,3639,0.646933,511,1331,55-51,1-14,4-69,91,91,81,69,78,58,1,0,1,91,0,,413,1,91,322,1,button,1,91,91,0,194,0,1.0000,123,0.001855,-1,-1,button,1,91,91,0,194,0,1.0000,123,0.015551,,-1,button,1,91,91,0,194,0,1.0000,123,0.023223,-1,,button,1,91,91,0,194,0,1.0000,123,20.294000,-1,-1,91,0,0,0,0.4,risk_path,4,Bot1|Bot2|Bot3|Bot4,,1,0
107,0.20,75,440,3806192457,1257605443,3641,0.647289,497,1368,71-43,46-0,13-11,72,68,100,90,64,44,1,0,1,72,0,,297,1,72,225,1,button,1,72,72,0,225,0,1.0000,260,0.002745,-1,-1,button,1,72,72,0,225,0,1.0000,260,0.018099,,-1,button,1,72,72,0,225,0,1.0000,260,0.024288,-1,,button,1,72,72,0,225,0,1.0000,260,11.892530,-1,-1,72,0,0,0,0.4,risk_path,4,Bot1|Bot2|Bot3|Bot4,,1,0
108,0.20,75,440,3395390498,1222503905,3664,0.651378,520,1390,12-36,29-30,4-71,31,23,53,43,68,66,0,0,1,31,1,31,341,1,31,310,1,button,1,31,31,0,211,0,1.0000,18,0.000274,-1,-1,button,1,31,31,0,211,0,1.0000,18,0.002063,,-1,button,1,31,31,0,211,0,1.0000,18,0.003033,-1,,button,1,31,31,0,211,0,1.0000,18,2.366083,14,14,31,0,0,0,0.4,risk_path,4,Bot1|Bot2|Bot3|Bot4,,1,0
109,0.20,75,440,3653473380,1973034153,3655,0.649778,504,1448,65-67,22-22,34-51,96,88,61,47,51,41,1,0,1,96,0,,205,1,96,109,0,walked_into_fire,0,50,50,0,-1,46,0.5208,65,0.001547,50,50,button,1,96,96,0,1,0,1.0000,377,0.035059,,55,button,1,124,124,0,2,0,1.0000,621,0.080251,55,,button,1,108,108,0,43,0,1.0000,465,26.676264,9,9,108,0,0,0,0.4,risk_path,3,Bot2|Bot3|Bot4,Bot1,0,0
110,0.20,75,440,4082012561,1074635792,3655,0.649778,497,1382,49-25,32-5,37-65,37,37,64,52,87,65,0,0,1,37,1,37,409,1,37,372,1,button,1,37,37,0,280,0,1.0000,24,0.000363,-1,-1,button,1,37,37,0,280,0,1.0000,24,0.002286,,-1,button,1,37,37,0,280,0,1.0000,24,0.002808,-1,,button,1,37,37,0,280,0,1.0000,24,3.278086,-1,-1,37,0,0,0,0.4,risk_path,4,Bot1|Bot2|Bot3|Bot4,,1,0
111,0.20,75,440,416203697,1615190462,3657,0.650133,504,1392,10-8,49-62,1-12,95,93,25,13,100,98,0,0,1,95,1,95,458,1,95,363,1,button,1,95,95,0,97,0,1.0000,67,0.001904,-1,-1,button,1,95,95,0,97,0,1.0000,67,0.026131,,-1,button,1,95,95,0,97,0,1.0000,67,0.031668,-1,,button,1,95,95,0,114,0,1.0000,67,21.505551,4,4,95,0,0,0,0.4,risk_path,4,Bot1|Bot2|Bot3|Bot4,,1,0
112,0.20,75,440,2193764734,2138228930,3634,0.646044,495,1355,5-53,26-8,50-73,84,66,77,65,95,89,0,0,1,84,1,84,445,1,84,361,1,button,1,84,84,0,258,0,1.0000,184,0.003115,-1,-1,button,1,84,84,0,258,0,1.0000,184,0.040406,,-1,button,1,84,84,0,258,0,1.0000,184,0.049788,-1,,button,1,84,84,0,258,0,1.0000,184,17.204212,17,17,84,0,0,0,0.4,risk_path,4,Bot1|Bot2|Bot3|Bot4,,1,0
113,0.20,75,440,901889356,3820153862,3646,0.648178,513,1391,62-42,17-55,3-0,66,58,105,101,77,69,0,0,1,66,1,66,251,1,66,185,1,button,1,66,66,0,172,0,1.0000,117,0.001539,-1,-1,button,1,66,66,0,172,0,1.0000,117,0.009593,,-1,button,1,66,66,0,172,0,1.0000,117,0.012168,-1,,button,1,66,66,0,172,0,1.0000,117,10.608575,-1,-1,66,0,0,0,0.4,risk_path,4,Bot1|Bot2|Bot3|Bot4,,1,0
114,0.20,75,440,1911151784,3134867747,3627,0.644800,498,1377,36-73,65-72,37-32,52,30,56,42,72,68,0,0,1,52,1,52,289,1,52,237,1,button,1,52,52,0,198,0,1.0000,164,0.001396,-1,-1,button,1,52,52,0,198,0,1.0000,164,0.007550,,-1,button,1,52,52,0,198,0,1.0000,164,0.009027,-1,,button,1,52,52,0,198,0,1.0000,164,6.532163,35,35,52,0,0,0,0.4,risk_path,4,Bot1|Bot2|Bot3|Bot4,,1,0
115,0.20,75,440,1828045502,3560377918,3637,0.646578,489,1362,63-14,43-70,18-23,94,76,60,54,80,72,1,0,1,94,0,,347,1,94,253,1,button,1,94,94,0,182,0,1.0000,415,0.005180,-1,-1,button,1,94,94,0,182,0,1.0000,415,0.059106,,-1,button,1,94,94,0,182,0,1.0000,415,0.068728,-1,,button,1,94,94,0,182,0,1.0000,415,21.687001,-1,-1,94,0,0,0,0.4,risk_path,4,Bot1|Bot2|Bot3|Bot4,,1,0
116,0.20,75,440,794248593,1319229455,3632,0.645689,513,1408,15-60,69-51,1-71,83,63,27,25,92,88,0,0,1,83,1,83,349,1,83,266,1,button,1,83,83,0,39,0,1.0000,165,0.002348,-1,-1,button,1,83,83,0,39,0,1.0000,165,0.021197,,-1,button,1,83,83,0,39,0,1.0000,165,0.025063,-1,,button,1,83,83,0,39,0,1.0000,165,16.667891,22,22,83,0,0,0,0.4,risk_path,4,Bot1|Bot2|Bot3|Bot4,,1,0
117,0.20,75,440,247906182,231731730,3642,0.647467,494,1409,20-61,54-52,41-36,51,43,52,46,37,29,1,0,1,51,0,,132,1,51,81,1,button,1,51,51,0,74,0,1.0000,179,0.001554,-1,-1,button,1,51,51,0,74,0,1.0000,179,0.006349,,-1,button,1,51,51,0,74,0,1.0000,179,0.007815,-1,,button,1,51,51,0,74,0,1.0000,179,6.428932,4,4,51,0,0,0,0.4,risk_path,4,Bot1|Bot2|Bot3|Bot4,,1,0
118,0.20,75,440,2338859109,2503174722,3651,0.649067,498,1365,60-47,39-67,22-52,49,41,55,43,40,32,1,0,1,49,0,,153,1,49,104,1,button,1,49,49,0,62,0,1.0000,94,0.001013,-1,-1,button,1,49,49,0,62,0,1.0000,94,0.005720,,-1,button,1,49,49,0,62,0,1.0000,94,0.007124,-1,,button,1,49,49,0,62,0,1.0000,94,5.845699,-1,-1,49,0,0,0,0.4,risk_path,4,Bot1|Bot2|Bot3|Bot4,,1,0
119,0.20,75,440,2795650116,841446020,3644,0.647822,511,1355,59-73,29-38,14-26,65,65,92,92,27,27,1,0,1,65,0,,128,1,65,63,1,button,1,65,65,0,63,0,1.0000,232,0.002305,-1,-1,button,1,65,65,0,63,0,1.0000,232,0.012058,,-1,button,1,65,65,0,63,0,1.0000,232,0.015053,-1,,button,1,65,65,0,63,0,1.0000,232,9.937366,-1,-1,65,0,0,0,0.4,risk_path,4,Bot1|Bot2|Bot3|Bot4,,1,0
120,0.20,75,440,2363225837,4020754255,3642,0.647467,496,1398,9-74,30-27,35-63,78,68,53,37,53,41,1,0,1,78,0,,204,1,78,126,1,button,1,78,78,0,90,0,1.0000,216,0.002996,-1,-1,button,1,78,78,0,90,0,1.0000,216,0.023779,,-1,button,1,78,78,0,90,0,1.0000,216,0.030691,-1,,button,1,78,78,0,90,0,1.0000,216,14.398158,6,6,78,0,0,0,0.4,risk_path,4,Bot1|Bot2|Bot3|Bot4,,1,0
121,0.20,75,440,272157506,212865656,3665,0.651556,503,1381,45-19,17-12,29-12,43,35,25,23,24,12,1,0,1,43,0,,108,1,43,65,1,button,1,43,43,0,40,0,1.0000,85,0.000937,-1,-1,button,1,43,43,0,40,0,1.0000,85,0.005272,,-1,button,1,43,43,0,40,0,1.0000,85,0.005971,-1,,button,1,43,43,0,40,0,1.0000,85,4.383338,-1,-1,43,6,0,0,0.8,risk_path,4,Bot1|Bot2|Bot3|Bot4,,1,0
122,0.20,75,440,377564765,534516638,3632,0.645689,502,1362,27-3,24-11,67-44,15,11,83,81,82,76,0,0,1,15,1,15,323,1,15,308,1,button,1,15,15,0,308,0,1.0000,13,0.000184,-1,-1,button,1,15,15,0,308,0,1.0000,13,0.000422,,-1,button,1,15,15,0,308,0,1.0000,13,0.000547,-1,,button,1,15,15,0,308,0,1.0000,13,0.623711,-1,-1,15,0,0,0,0.4,risk_path,4,Bot1|Bot2|Bot3|Bot4,,1,0
123,0.20,75,440,1595995648,4164420774,3638,0.646756,514,1373,61-17,41-64,33-69,75,67,88,80,21,13,1,0,1,75,0,,82,0,,,0,fire_reached_bot,0,71,71,0,0,4,0.9467,99,0.001577,71,63,fire_reached_bot,0,95,75,20,-12,10,0.8667,,0.115356,,63,fire_reached_bot,0,183,75,108,-100,22,0.7067,,1.154879,63,,fire_reached_bot,0,95,75,20,-12,10,0.8667,,16.954606,-1,63,95,21,54,20,0.99,no_path,0,,Bot1|Bot2|Bot3|Bot4,0,1
124,0.20,75,440,2851316964,3849568425,3612,0.642133,497,1349,30-47,1-14,18-2,64,62,73,57,31,29,1,0,1,64,0,,121,1,64,57,1,button,1,64,64,0,46,0,1.0000,128,0.001311,-1,-1,button,1,64,64,0,46,0,1.0000,128,0.011352,,-1,button,1,64,64,0,46,0,1.0000,128,0.015383,-1,,button,1,64,64,0,46,0,1.0000,128,9.587568,-1,-1,64,0,0,0,0.4,risk_path,4,Bot1|Bot2|Bot3|Bot4,,1,0
125,0.20,75,440,75640016,983425269,3623,0.644089,509,1341,47-43,18-9,40-9,73,63,43,41,34,22,1,0,1,73,0,,150,1,73,77,1,button,1,73,73,0,61,0,1.0000,192,0.002501,-1,-1,button,1,73,73,0,61,0,1.0000,192,0.017899,,-1,button,1,73,73,0,61,0,1.0000,192,0.022054,-1,,button,1,73,73,0,61,0,1.0000,192,12.662973,1,1,73,0,0,0,0.4,risk_path,4,Bot1|Bot2|Bot3|Bot4,,1,0
126,0.20,75,440,2257855052,553856936,3648,0.648533,488,1395,40-62,42-9,71-44,85,55,51,49,70,64,1,0,1,85,0,,273,1,85,188,1,button,1,85,85,0,96,0,1.0000,232,0.003691,-1,-1,button,1,85,85,0,96,0,1.0000,232,0.036496,,-1,button,1,85,85,0,96,0,1.0000,232,0.038721,-1,,button,1,85,85,0,96,0,1.0000,232,16.872050,-1,-1,85,0,0,0,0.4,risk_path,4,Bot1|Bot2|Bot3|Bot4,,1,0
127,0.20,75,440,2387835660,4210166861,3638,0.646756,493,1389,16-46,13-0,26-22,61,49,38,34,35,35,1,0,1,61,0,,146,1,61,85,1,button,1,61,61,0,19,0,1.0000,221,0.001755,-1,-1,button,1,61,61,0,19,0,1.0000,221,0.008218,,-1,button,1,61,61,0,19,0,1.0000,221,0.010072,-1,,button,1,61,61,0,19,0,1.0000,221,8.705073,13,13,61,5,0,0,0.8,risk_path,4,Bot1|Bot2|Bot3|Bot4,,1,0
128,0.20,75,440,880119995,1942672215,3641,0.647289,524,1390,39-49,62-0,18-73,82,72,45,45,127,117,0,0,1,82,1,82,515,1,82,433,1,button,1,82,82,0,188,0,1.0000,152,0.002557,-1,-1,button,1,82,82,0,188,0,1.0000,152,0.030521,,-1,button,1,82,82,0,188,0,1.0000,152,0.039349,-1,,button,1,82,82,0,188,0,1.0000,152,15.752551,4,4,82,0,0,0,0.4,risk_path,4,Bot1|Bot2|Bot3|Bot4,,1,0
129,0.20,75,440,2335898079,2211249253,3628,0.644978,514,1381,37-2,64-0,45-5,67,29,11,11,58,24,1,0,1,67,0,,274,1,97,177,0,walked_into_fire,0,9,9,0,-1,58,0.1343,4,0.000493,7,1,button,1,131,131,0,10,0,1.0000,267,0.044970,,1,button,1,97,97,0,1,0,1.0000,149,0.039727,1,,button,1,123,123,0,26,0,1.0000,217,29.108793,1,30,123,0,0,0,0.4,risk_path,3,Bot2|Bot3|Bot4,Bot1,0,0
130,0.20,75,440,1465691200,1383389641,3648,0.648533,504,1394,67-45,2-1,32-38,111,109,54,42,67,67,1,0,1,111,0,,280,1,111,169,1,button,1,111,111,0,26,0,1.0000,404,0.004164,-1,-1,button,1,111,111,0,26,0,1.0000,404,0.029294,,-1,button,1,111,111,0,26,0,1.0000,404,0.038000,-1,,button,1,111,111,0,26,0,1.0000,404,30.480385,-1,-1,111,0,0,0,0.4,risk_path,4,Bot1|Bot2|Bot3|Bot4,,1,0
131,0.20,75,440,440757090,857276793,3614,0.642489,500,1344,44-57,14-72,67-57,47,45,29,23,76,68,0,0,1,47,1,47,345,1,47,298,1,button,1,47,47,0,168,0,1.0000,65,0.000946,-1,-1,button,1,47,47,0,168,0,1.0000,65,0.005958,,-1,button,1,47,47,0,168,0,1.0000,65,0.007117,-1,,button,1,47,47,0,168,0,1.0000,65,5.722458,-1,-1,47,0,0,0,0.4,risk_path,4,Bot1|Bot2|Bot3|Bot4,,1,0
132,0.20,75,440,3555543580,3812448778,3626,0.644622,494,1308,13-24,61-74,48-37,102,98,60,48,52,50,1,0,1,102,0,,247,1,102,145,1,button,1,102,102,0,25,0,1.0000,238,0.003378,-1,-1,button,1,102,102,0,25,0,1.0000,238,0.033069,,-1,button,1,102,102,0,25,0,1.0000,238,0.040319,-1,,button,1,102,102,0,22,0,1.0000,238,30.035750,46,46,102,27,0,0,0.99,risk_path,4,Bot1|Bot2|Bot3|Bot4,,1,0
133,0.20,75,440,948442129,703702193,3606,0.641067,489,1329,17-44,66-21,47-52,80,72,44,38,60,50,1,0,1,80,0,,309,1,80,229,1,button,1,80,80,0,157,0,1.0000,240,0.003696,-1,-1,button,1,80,80,0,157,0,1.0000,240,0.033385,,-1,button,1,80,80,0,157,0,1.0000,240,0.043746,-1,,button,1,80,80,0,151,0,1.0000,240,17.646298,7,7,80,0,0,0,0.4,risk_path,4,Bot1|Bot2|Bot3|Bot4,,1,0
134,0.20,75,440,1102281211,3563752405,3654,0.649600,503,1348,15-61,46-3,6-5,101,89,91,65,70,42,1,0,1,101,0,,303,1,101,202,1,button,1,101,101,0,119,0,1.0000,158,0.003291,-1,-1,button,1,101,101,0,119,0,1.0000,158,0.054779,,-1,button,1,101,101,0,119,0,1.0000,158,0.067421,-1,,button,1,101,101,0,119,0,1.0000,158,28.391718,29,29,101,0,0,0,0.4,risk_path,4,Bot1|Bot2|Bot3|Bot4,,1,0
135,0.20,75,440,807723142,2871911597,3642,0.647467,509,1338,62-61,53-43,38-3,37,27,96,82,69,55,0,0,1,37,1,37,259,1,37,222,1,button,1,37,37,0,214,0,1.0000,82,0.000865,-1,-1,button,1,37,37,0,214,0,1.0000,82,0.003907,,-1,button,1,37,37,0,214,0,1.0000,82,0.004889,-1,,button,1,37,37,0,214,0,1.0000,82,3.754140,-1,-1,37,0,0,0,0.4,risk_path,4,Bot1|Bot2|Bot3|Bot4,,1,0
136,0.20,75,440,1899007051,3079980098,3638,0.646756,507,1386,8-11,70-74,66-70,137,125,125,117,32,8,1,0,1,137,0,,143,0,,,0,walked_into_fire,0,107,107,0,-3,30,0.7810,255,0.006570,63,63,fire_reached_bot,0,297,62,235,-153,75,0.4526,,1.155789,,-1,fire_reached_bot,0,297,62,235,-153,75,0.4526,,2.368240,-1,,fire_reached_bot,0,297,62,235,-153,75,0.4526,,42.906851,-1,-1,297,0,62,235,,no_path,0,,Bot1|Bot2|Bot3|Bot4,0,1
137,0.20,75,440,647213272,3488528219,3639,0.646933,496,1345,70-47,48-57,68-22,44,32,33,27,57,55,0,0,1,44,1,44,252,1,44,208,1,button,1,44,44,0,118,0,1.0000,115,0.000974,-1,-1,button,1,44,44,0,118,0,1.0000,115,0.005575,,-1,button,1,44,44,0,118,0,1.0000,115,0.007385,-1,,button,1,44,44,0,118,0,1.0000,115,5.072382,-1,-1,44,0,0,0,0.4,risk_path,4,Bot1|Bot2|Bot3|Bot4,,1,0
138,0.20,75,440,2955646883,1522454323,3639,0.646933,498,1348,70-34,60-68,42-16,66,44,52,46,88,70,0,0,1,66,1,66,368,1,66,302,1,button,1,66,66,0,221,0,1.0000,107,0.001764,-1,-1,button,1,66,66,0,221,0,1.0000,107,0.016987,,-1,button,1,66,66,0,221,0,1.0000,107,0.020040,-1,,button,1,66,66,0,221,0,1.0000,107,11.600799,60,60,66,0,0,0,0.4,risk_path,4,Bot1|Bot2|Bot3|Bot4,,1,0
139,0.20,75,440,3313783522,2464351505,3645,0.648000,495,1407,56-27,40-63,31-4,64,52,54,48,80,68,0,0,1,64,1,64,340,1,64,276,1,button,1,64,64,0,163,0,1.0000,115,0.001400,-1,-1,button,1,64,64,0,163,0,1.0000,115,0.014985,,-1,button,1,64,64,0,163,0,1.0000,115,0.020872,-1,,button,1,64,64,0,163,0,1.0000,115,10.437557,50,50,64,0,0,0,0.4,risk_path,4,Bot1|Bot2|Bot3|Bot4,,1,0
140,0.20,75,440,3452405857,2375599770,3649,0.648711,506,1372,37-2,71-34,45-58,70,66,82,64,60,50,1,0,1,70,0,,248,1,70,178,1,button,1,70,70,0,168,0,1.0000,162,0.002079,-1,-1,button,1,70,70,0,168,0,1.0000,162,0.018212,,-1,button,1,70,70,0,168,0,1.0000,162,0.024328,-1,,button,1,70,70,0,168,0,1.0000,162,13.166654,6,6,70,0,0,0,0.4,risk_path,4,Bot1|Bot2|Bot3|Bot4,,1,0
141,0.20,75,440,1002585984,1855575115,3672,0.652800,510,1408,39-60,63-11,65-29,83,73,63,57,26,20,1,0,1,83,0,,109,1,87,22,0,fire_reached_bot,0,51,51,0,0,32,0.6145,102,0.001844,42,20,button,1,93,93,0,1,0,1.0000,266,0.045563,,20,button,1,87,87,0,7,0,1.0000,237,0.046878,20,,button,1,97,97,0,12,0,1.0000,293,26.882388,72,20,97,25,51,0,0.99,risk_path,3,Bot2|Bot3|Bot4,Bot1,0,0
142,0.20,75,440,216244798,858947628,3652,0.649244,509,1403,47-4,42-58,32-25,87,59,40,36,61,43,1,0,1,87,0,,276,1,87,189,1,button,1,87,87,0,63,0,1.0000,298,0.003649,-1,-1,button,1,87,87,0,63,0,1.0000,298,0.053614,,-1,button,1,87,87,0,63,0,1.0000,298,0.059830,-1,,button,1,87,87,0,63,0,1.0000,298,20.460108,-1,-1,87,0,0,0,0.4,risk_path,4,Bot1|Bot2|Bot3|Bot4,,1,0
143,0.20,75,440,1035138522,1426829652,3638,0.646756,509,1403,25-73,20-22,66-72,76,56,68,42,98,96,0,0,1,76,1,76,385,1,76,309,1,button,1,76,76,0,183,0,1.0000,145,0.002343,-1,-1,button,1,76,76,0,183,0,1.0000,145,0.029220,,-1,button,1,76,76,0,183,0,1.0000,145,0.032400,-1,,button,1,76,76,0,183,0,1.0000,145,15.390680,-1,-1,76,0,0,0,0.4,risk_path,4,Bot1|Bot2|Bot3|Bot4,,1,0
144,0.20,75,440,833741974,2067007930,3647,0.648356,507,1395,18-23,49-6,31-6,66,48,50,30,28,18,1,0,1,66,0,,143,1,66,77,1,button,1,66,66,0,19,0,1.0000,150,0.001476,-1,-1,button,1,66,66,0,19,0,1.0000,150,0.010161,,-1,button,1,66,66,0,19,0,1.0000,150,0.011575,-1,,button,1,66,66,0,19,0,1.0000,150,11.749121,-1,-1,66,0,0,0,0.4,risk_path,4,Bot1|Bot2|Bot3|Bot4,,1,0
145,0.20,75,440,2337670084,113731334,3646,0.648178,502,1417,55-29,37-24,34-37,45,23,45,29,28,16,1,0,1,45,0,,118,1,45,73,1,button,1,45,45,0,45,0,1.0000,74,0.000991,-1,-1,button,1,45,45,0,45,0,1.0000,74,0.009630,,-1,button,1,45,45,0,45,0,1.0000,74,0.011272,-1,,button,1,45,45,0,45,0,1.0000,74,5.003264,-1,-1,45,0,0,0,0.4,risk_path,4,Bot1|Bot2|Bot3|Bot4,,1,0
146,0.20,75,440,1787649367,1167024077,3657,0.650133,512,1392,14-28,1-15,50-67,26,26,83,75,107,101,0,0,1,26,1,26,481,1,26,455,1,button,1,26,26,0,380,0,1.0000,26,0.000379,-1,-1,button,1,26,26,0,380,0,1.0000,26,0.001299,,-1,button,1,26,26,0,380,0,1.0000,26,0.001672,-1,,button,1,26,26,0,380,0,1.0000,26,2.173331,-1,-1,26,0,0,0,0.4,risk_path,4,Bot1|Bot2|Bot3|Bot4,,1,0
147,0.20,75,440,979999953,4214328274,3643,0.647644,509,1369,73-50,6-59,2-35,108,76,110,86,54,28,1,0,1,108,0,,254,1,108,146,1,button,1,108,108,0,104,0,1.0000,264,0.005138,-1,-1,button,1,108,108,0,104,0,1.0000,264,0.066403,,-1,button,1,108,108,0,104,0,1.0000,264,0.077459,-1,,button,1,108,108,0,104,0,1.0000,264,31.275778,-1,-1,108,0,0,0,0.4,risk_path,4,Bot1|Bot2|Bot3|Bot4,,1,0
148,0.20,75,440,1054847335,3500475643,3631,0.645511,510,1332,16-42,50-74,65-40,70,66,67,51,55,49,1,0,1,70,0,,199,1,70,129,1,button,1,70,70,0,122,0,1.0000,147,0.001492,-1,-1,button,1,70,70,0,122,0,1.0000,147,0.009299,,-1,button,1,70,70,0,122,0,1.0000,147,0.013149,-1,,button,1,70,70,0,122,0,1.0000,147,12.100906,49,49,70,0,0,0,0.4,risk_path,4,Bot1|Bot2|Bot3|Bot4,,1,0
149,0.20,75,440,175257072,1831328636,3645,0.648000,497,1375,51-67,36-24,24-26,78,58,76,68,16,14,1,0,1,78,0,,83,0,,,0,walked_into_fire,0,75,75,0,-2,3,0.9615,234,0.003292,69,69,fire_reached_bot,0,114,68,46,-30,10,0.8718,,0.197979,,-1,fire_reached_bot,0,114,68,46,-30,10,0.8718,,0.381638,-1,,fire_reached_bot,0,114,68,46,-30,10,0.8718,,21.986326,-1,-1,114,11,57,46,0.99,no_path,0,,Bot1|Bot2|Bot3|Bot4,0,1
150,0.20,75,440,782275208,1449296483,3626,0.644622,490,1345,36-22,61-74,74-15,91,77,59,45,76,72,1,0,1,91,0,,340,1,91,249,1,button,1,91,91,0,181,0,1.0000,256,0.003113,-1,-1,button,1,91,91,0,181,0,1.0000,256,0.034392,,-1,button,1,91,91,0,181,0,1.0000,256,0.038682,-1,,button,1,91,91,0,181,0,1.0000,256,22.006506,10,10,91,0,0,0,0.4,risk_path,4,Bot1|Bot2|Bot3|Bot4,,1,0
151,0.20,75,440,1315622670,76071239,3641,0.647289,502,1361,31-53,41-5,48-29,80,58,61,41,35,31,1,0,1,80,0,,162,1,80,82,1,button,1,80,80,0,19,0,1.0000,98,0.002156,-1,-1,button,1,80,80,0,19,0,1.0000,98,0.035530,,-1,button,1,80,80,0,19,0,1.0000,98,0.042199,-1,,button,1,80,80,0,55,0,1.0000,98,17.301423,23,23,80,3,0,0,0.8,risk_path,4,Bot1|Bot2|Bot3|Bot4,,1,0
152,0.20,75,440,3579991625,3229194548,3608,0.641422,497,1331,48-13,34-13,13-45,32,14,69,67,65,53,0,0,1,32,1,32,291,1,32,259,1,button,1,32,32,0,243,0,1.0000,51,0.000607,-1,-1,button,1,32,32,0,243,0,1.0000,51,0.003871,,-1,button,1,32,32,0,243,0,1.0000,51,0.005195,-1,,button,1,32,32,0,243,0,1.0000,51,2.688011,-1,-1,32,0,0,0,0.4,risk_path,4,Bot1|Bot2|Bot3|Bot4,,1,0
153,0.20,75,440,3847139812,3509606694,3641,0.647289,498,1353,5-25,63-60,7-65,105,93,70,42,91,61,1,0,1,105,0,,393,1,105,288,1,button,1,105,105,0,119,0,1.0000,265,0.004480,-1,-1,button,1,105,105,0,119,0,1.0000,265,0.075607,,-1,button,1,105,105,0,119,0,1.0000,265,0.077878,-1,,button,1,105,105,0,119,0,1.0000,265,29.756110,16,16,105,0,0,0,0.4,risk_path,4,Bot1|Bot2|Bot3|Bot4,,1,0
154,0.20,75,440,3024991366,1532867464,3642,0.647467,510,1382,14-15,44-47,50-59,66,62,86,80,20,18,1,0,1,66,0,,96,1,66,30,1,button,1,66,66,0,30,0,1.0000,152,0.001583,-1,-1,button,1,66,66,0,30,0,1.0000,152,0.012720,,-1,button,1,66,66,0,30,0,1.0000,152,0.017343,-1,,button,1,66,66,0,30,0,1.0000,152,14.181902,24,24,66,20,11,0,0.99,risk_path,4,Bot1|Bot2|Bot3|Bot4,,1,0
155,0.20,75,440,77398656,2952771356,3656,0.649956,502,1378,31-28,68-3,37-6,66,62,34,28,46,34,1,0,1,66,0,,201,1,66,135,1,button,1,66,66,0,91,0,1.0000,154,0.001619,-1,-1,button,1,66,66,0,91,0,1.0000,154,0.009657,,-1,button,1,66,66,0,91,0,1.0000,154,0.011206,-1,,button,1,66,66,0,91,0,1.0000,154,12.290053,35,35,66,0,0,0,0.4,risk_path,4,Bot1|Bot2|Bot3|Bot4,,1,0
156,0.20,75,440,1479374087,890278548,3637,0.646578,485,1364,25-27,72-41,49-50,75,61,57,47,46,32,1,0,1,75,0,,194,1,75,119,1,button,1,75,75,0,44,0,1.0000,162,0.002183,-1,-1,button,1,75,75,0,44,0,1.0000,162,0.026207,,-1,button,1,75,75,0,44,0,1.0000,162,0.032949,-1,,button,1,75,75,0,101,0,1.0000,162,14.667911,2,2,75,0,0,0,0.4,risk_path,4,Bot1|Bot2|Bot3|Bot4,,1,0
157,0.20,75,440,2224295823,2491851967,3652,0.649244,510,1364,9-52,44-18,52-33,75,69,76,62,25,23,1,0,1,75,0,,97,1,75,22,1,button,1,75,75,0,8,0,1.0000,180,0.001870,-1,-1,button,1,75,75,0,8,0,1.0000,180,0.014488,,-1,button,1,75,75,0,8,0,1.0000,180,0.017154,-1,,button,1,75,75,0,8,0,1.0000,180,16.962967,18,18,75,19,17,0,0.99,risk_path,4,Bot1|Bot2|Bot3|Bot4,,1,0
158,0.20,75,440,4250350007,863802251,3634,0.646044,516,1368,52-14,14-5,70-62,57,47,82,66,123,113,0,0,1,57,1,57,506,1,57,449,1,button,1,57,57,0,353,0,1.0000,95,0.001172,-1,-1,button,1,57,57,0,353,0,1.0000,95,0.008080,,-1,button,1,57,57,0,353,0,1.0000,95,0.010047,-1,,button,1,57,57,0,353,0,1.0000,95,8.947237,-1,-1,57,0,0,0,0.4,risk_path,4,Bot1|Bot2|Bot3|Bot4,,1,0
159,0.20,75,440,1797411092,3333033759,3625,0.644444,505,1318,69-22,18-54,2-51,89,83,106,96,21,19,1,0,1,89,0,,139,1,89,50,1,button,1,89,89,0,48,0,1.0000,175,0.002874,-1,-1,button,1,89,89,0,48,0,1.0000,175,0.032140,,-1,button,1,89,89,0,48,0,1.0000,175,0.039392,-1,,button,1,89,89,0,48,0,1.0000,175,27.612776,51,51,89,19,44,0,0.99,risk_path,4,Bot1|Bot2|Bot3|Bot4,,1,0
160,0.20,75,440,2622103724,4030296821,3630,0.645333,510,1345,71-28,17-69,71-57,103,95,41,29,98,66,1,0,1,103,0,,436,1,103,333,1,button,1,103,103,0,121,0,1.0000,278,0.004539,-1,-1,button,1,103,103,0,121,0,1.0000,278,0.074325,,-1,button,1,103,103,0,121,0,1.0000,278,0.088978,-1,,button,1,103,103,0,87,0,1.0000,278,27.515652,16,16,103,0,0,0,0.4,risk_path,4,Bot1|Bot2|Bot3|Bot4,,1,0
161,0.20,75,440,2317555799,151919511,3653,0.649422,497,1386,39-11,9-48,34-21,71,67,19,15,58,52,1,0,1,71,0,,297,1,71,226,1,button,1,71,71,0,18,0,1.0000,157,0.001953,-1,-1,button,1,71,71,0,18,0,1.0000,157,0.015853,,-1,button,1,71,71,0,18,0,1.0000,157,0.019876,-1,,button,1,71,71,0,18,0,1.0000,157,13.685877,-1,-1,71,0,0,0,0.4,risk_path,4,Bot1|Bot2|Bot3|Bot4,,1,0
162,0.20,75,440,197254622,1131390103,3628,0.644978,492,1357,64-4,48-48,10-59,78,60,119,109,69,49,1,0,1,78,0,,326,1,78,248,1,button,1,78,78,0,242,0,1.0000,110,0.001842,-1,-1,button,1,78,78,0,242,0,1.0000,110,0.030961,,-1,button,1,78,78,0,242,0,1.0000,110,0.034297,-1,,button,1,78,78,0,242,0,1.0000,110,16.213464,-1,-1,78,0,0,0,0.4,risk_path,4,Bot1|Bot2|Bot3|Bot4,,1,0
163,0.20,75,440,2939572986,872181782,3637,0.646578,492,1354,24-49,24-6,26-14,61,43,47,37,26,10,1,0,1,61,0,,88,1,73,15,0,fire_reached_bot,0,33,33,0,0,28,0.5410,54,0.000923,31,29,fire_reached_bot,0,84,72,12,0,29,0.5246,330,0.086084,,29,fire_reached_bot,0,98,72,26,-9,27,0.5574,,0.303683,29,,fire_reached_bot,0,43,43,0,0,24,0.6066,101,11.218935,15,15,43,35,0,0,0.99,risk_path,0,,Bot1|Bot2|Bot3|Bot4,0,1
164,0.20,75,440,318478055,3662582948,3642,0.647467,515,1402,71-51,66-61,54-8,21,15,76,60,89,65,0,0,1,21,1,21,385,1,21,364,1,button,1,21,21,0,343,0,1.0000,22,0.000272,-1,-1,button,1,21,21,0,343,0,1.0000,22,0.001187,,-1,button,1,21,21,0,343,0,1.0000,22,0.001569,-1,,button,1,21,21,0,343,0,1.0000,22,1.315266,-1,-1,21,0,0,0,0.4,risk_path,4,Bot1|Bot2|Bot3|Bot4,,1,0
165,0.20,75,440,4153650681,247554762,3644,0.647822,510,1382,64-68,47-30,67-69,71,55,10,4,81,59,0,0,1,71,1,71,304,1,71,233,1,button,1,71,71,0,41,0,1.0000,70,0.001932,-1,-1,button,1,71,71,0,41,0,1.0000,70,0.027164,,-1,button,1,71,71,0,41,0,1.0000,70,0.029088,-1,,button,1,71,71,0,41,0,1.0000,70,12.747009,-1,-1,71,0,0,0,0.4,risk_path,4,Bot1|Bot2|Bot3|Bot4,,1,0
166,0.20,75,440,3449166865,1705888709,3633,0.645867,507,1380,4-1,11-58,21-60,82,64,84,76,34,12,1,0,1,82,0,,173,1,82,91,1,button,1,82,82,0,41,0,1.0000,167,0.002281,-1,-1,button,1,82,82,0,41,0,1.0000,167,0.030173,,-1,button,1,82,82,0,41,0,1.0000,167,0.033816,-1,,button,1,82,82,0,69,0,1.0000,167,18.723844,12,12,82,8,1,0,0.99,risk_path,4,Bot1|Bot2|Bot3|Bot4,,1,0
167,0.20,75,440,922269232,2098977963,3647,0.648356,511,1360,13-1,33-41,63-8,76,60,65,57,65,63,1,0,1,76,0,,280,1,76,204,1,button,1,76,76,0,147,0,1.0000,233,0.002823,-1,-1,button,1,76,76,0,147,0,1.0000,233,0.024308,,-1,button,1,76,76,0,147,0,1.0000,233,0.029972,-1,,button,1,76,76,0,147,0,1.0000,233,15.033677,26,26,76,0,0,0,0.4,risk_path,4,Bot1|Bot2|Bot3|Bot4,,1,0
168,0.20,75,440,544612032,2877135198,3672,0.652800,519,1443,73-8,4-23,58-24,108,84,33,31,77,55,1,0,1,108,0,,325,1,108,217,1,button,1,108,108,0,95,0,1.0000,489,0.006895,-1,-1,button,1,108,108,0,95,0,1.0000,489,0.080510,,-1,button,1,108,108,0,95,0,1.0000,489,0.087857,-1,,button,1,108,108,0,95,0,1.0000,489,31.490509,57,57,108,0,0,0,0.4,risk_path,4,Bot1|Bot2|Bot3|Bot4,,1,0
169,0.20,75,440,3778881665,2740835865,3659,0.650489,524,1370,53-11,25-60,12-64,89,77,106,94,17,17,1,0,1,89,0,,67,0,,,0,walked_into_fire,0,83,83,0,-15,6,0.9326,,0.004254,68,68,fire_reached_bot,0,147,67,80,-79,22,0.7528,,0.419324,,-1,fire_reached_bot,0,147,67,80,-79,22,0.7528,,0.852478,-1,,fire_reached_bot,0,147,67,80,-79,22,0.7528,,24.248480,-1,-1,147,0,67,80,,no_path,0,,Bot1|Bot2|Bot3|Bot4,0,1
170,0.20,75,440,229250927,3518222234,3643,0.647644,495,1356,14-12,17-54,46-5,67,45,45,39,78,78,0,0,1,67,1,67,339,1,67,272,1,button,1,67,67,0,191,0,1.0000,179,0.001996,-1,-1,button,1,67,67,0,191,0,1.0000,179,0.018975,,-1,button,1,67,67,0,191,0,1.0000,179,0.023658,-1,,button,1,67,67,0,191,0,1.0000,179,12.976420,26,26,67,0,0,0,0.4,risk_path,4,Bot1|Bot2|Bot3|Bot4,,1,0
171,0.20,75,440,1085318485,4112605803,3639,0.646933,508,1381,36-73,72-19,35-7,98,90,87,67,55,49,1,0,1,98,0,,219,1,98,121,1,button,1,98,98,0,80,0,1.0000,298,0.005013,-1,-1,button,1,98,98,0,80,0,1.0000,298,0.059689,,-1,button,1,98,98,0,80,0,1.0000,298,0.068577,-1,,button,1,98,98,0,91,0,1.0000,298,26.395260,11,11,98,0,0,0,0.4,risk_path,4,Bot1|Bot2|Bot3|Bot4,,1,0
172,0.20,75,440,1943131252,2533243586,3649,0.648711,504,1361,49-28,24-40,33-20,43,37,28,24,33,29,1,0,1,43,0,,131,1,43,88,1,button,1,43,43,0,58,0,1.0000,94,0.000895,-1,-1,button,1,43,43,0,58,0,1.0000,94,0.005965,,-1,button,1,43,43,0,58,0,1.0000,94,0.008728,-1,,button,1,43,43,0,58,0,1.0000,94,5.698451,-1,-1,43,0,0,0,0.4,risk_path,4,Bot1|Bot2|Bot3|Bot4,,1,0
173,0.20,75,440,815405907,3357921857,3626,0.644622,501,1351,17-10,2-58,1-70,77,63,88,76,23,13,1,0,1,77,0,,97,1,77,20,1,button,1,77,77,0,6,0,1.0000,99,0.001974,-1,-1,button,1,77,77,0,6,0,1.0000,99,0.025144,,-1,button,1,77,77,0,6,0,1.0000,99,0.042324,-1,,button,1,77,77,0,6,0,1.0000,99,17.747050,-1,-1,77,18,48,0,0.99,risk_path,4,Bot1|Bot2|Bot3|Bot4,,1,0
174,0.20,75,440,2300978891,2614612160,3647,0.648356,501,1375,29-35,5-65,18-74,54,54,60,50,26,22,1,0,1,54,0,,133,1,54,79,1,button,1,54,54,0,73,0,1.0000,41,0.000756,-1,-1,button,1,54,54,0,73,0,1.0000,41,0.007548,,-1,button,1,54,54,0,73,0,1.0000,41,0.010523,-1,,button,1,54,54,0,73,0,1.0000,41,8.442464,-1,-1,54,0,0,0,0.4,risk_path,4,Bot1|Bot2|Bot3|Bot4,,1,0
175,0.20,75,440,2018207897,3314081923,3620,0.643556,501,1355,16-10,53-27,60-70,66,54,122,104,56,50,1,0,1,66,0,,267,1,66,201,1,button,1,66,66,0,201,0,1.0000,180,0.002141,-1,-1,button,1,66,66,0,201,0,1.0000,180,0.018420,,-1,button,1,66,66,0,201,0,1.0000,180,0.023081,-1,,button,1,66,66,0,201,0,1.0000,180,11.965794,23,23,66,0,0,0,0.4,risk_path,4,Bot1|Bot2|Bot3|Bot4,,1,0
176,0.20,75,440,2818097894,3512310857,3632,0.645689,509,1342,11-44,26-37,59-48,46,22,74,52,66,44,0,0,1,46,1,46,287,1,46,241,1,button,1,46,46,0,198,0,1.0000,30,0.000926,-1,-1,button,1,46,46,0,198,0,1.0000,30,0.011143,,-1,button,1,46,46,0,198,0,1.0000,30,0.010837,-1,,button,1,46,46,0,198,0,1.0000,30,6.064433,6,6,46,0,0,0,0.4,risk_path,4,Bot1|Bot2|Bot3|Bot4,,1,0
177,0.20,75,440,2027427399,1220179851,3630,0.645333,486,1356,30-38,73-15,50-71,66,66,63,53,95,79,0,0,1,66,1,66,369,1,66,303,1,button,1,66,66,0,219,0,1.0000,85,0.000952,-1,-1,button,1,66,66,0,219,0,1.0000,85,0.007324,,-1,button,1,66,66,0,219,0,1.0000,85,0.008145,-1,,button,1,66,66,0,219,0,1.0000,85,12.511189,37,37,66,0,0,0,0.4,risk_path,4,Bot1|Bot2|Bot3|Bot4,,1,0
178,0.20,75,440,3599993327,1032513067,3649,0.648711,514,1379,52-28,3-70,60-5,101,91,39,31,122,122,0,0,1,101,1,101,511,1,101,410,1,button,1,101,101,0,140,0,1.0000,385,0.004728,-1,-1,button,1,101,101,0,140,0,1.0000,385,0.031475,,-1,button,1,101,101,0,140,0,1.0000,385,0.038411,-1,,button,1,101,101,0,140,0,1.0000,385,28.049467,-1,-1,101,0,0,0,0.4,risk_path,4,Bot1|Bot2|Bot3|Bot4,,1,0
179,0.20,75,440,2543364003,1899170686,3632,0.645689,503,1387,41-38,55-52,67-5,34,28,63,59,69,59,0,0,1,34,1,34,295,1,34,261,1,button,1,34,34,0,261,0,1.0000,11,0.000375,-1,-1,button,1,34,34,0,261,0,1.0000,11,0.002985,,-1,button,1,34,34,0,261,0,1.0000,11,0.003130,-1,,button,1,34,34,0,261,0,1.0000,11,3.518793,19,19,34,0,0,0,0.4,risk_path,4,Bot1|Bot2|Bot3|Bot4,,1,0
180,0.20,75,440,1116830270,123999137,3635,0.646222,502,1362,41-21,71-69,61-69,92,78,78,68,30,10,1,0,1,92,0,,155,0,,,0,walked_into_fire,0,63,63,0,-3,29,0.6848,69,0.002575,49,49,fire_reached_bot,0,77,74,3,0,18,0.8043,86,0.070527,,-1,fire_reached_bot,0,77,74,3,0,18,0.8043,86,0.098393,-1,,fire_reached_bot,0,77,74,3,0,18,0.8043,86,25.812831,54,54,77,21,52,3,0.99,no_path,0,,Bot1|Bot2|Bot3|Bot4,0,1
181,0.20,75,440,4129245186,2777447817,3675,0.653333,520,1414,58-11,69-10,38-59,16,12,74,68,86,80,0,0,1,16,1,16,391,1,16,375,1,button,1,16,16,0,342,0,1.0000,3,0.000167,-1,-1,button,1,16,16,0,342,0,1.0000,3,0.000610,,-1,button,1,16,16,0,342,0,1.0000,3,0.000707,-1,,button,1,16,16,0,339,0,1.0000,3,0.962238,2,2,16,0,0,0,0.4,risk_path,4,Bot1|Bot2|Bot3|Bot4,,1,0
182,0.20,75,440,699038936,1084992602,3641,0.647289,516,1390,25-21,56-28,5-35,46,38,36,34,74,58,0,0,1,46,1,46,307,1,46,261,1,button,1,46,46,0,121,0,1.0000,88,0.000869,-1,-1,button,1,46,46,0,121,0,1.0000,88,0.005109,,-1,button,1,46,46,0,121,0,1.0000,88,0.005725,-1,,button,1,46,46,0,121,0,1.0000,88,6.420190,18,18,46,0,0,0,0.4,risk_path,4,Bot1|Bot2|Bot3|Bot4,,1,0
183,0.20,75,440,3412191491,4070376951,3637,0.646578,496,1387,62-44,41-67,63-45,54,44,2,2,56,44,0,0,1,54,1,54,237,1,54,183,1,button,1,54,54,0,7,0,1.0000,144,0.001430,-1,-1,button,1,54,54,0,7,0,1.0000,144,0.009905,,-1,button,1,54,54,0,7,0,1.0000,144,0.011036,-1,,button,1,54,54,0,7,0,1.0000,144,7.849945,-1,-1,54,0,0,0,0.4,risk_path,4,Bot1|Bot2|Bot3|Bot4,,1,0
184,0.20,75,440,1126362104,2531367481,3631,0.645511,503,1386,31-17,21-48,48-3,53,41,39,31,78,72,0,0,1,53,1,53,332,1,53,279,1,button,1,53,53,0,157,0,1.0000,37,0.000784,-1,-1,button,1,53,53,0,157,0,1.0000,37,0.008764,,-1,button,1,53,53,0,157,0,1.0000,37,0.009520,-1,,button,1,53,53,0,157,0,1.0000,37,7.694343,-1,-1,53,0,0,0,0.4,risk_path,4,Bot1|Bot2|Bot3|Bot4,,1,0
185,0.20,75,440,3977488963,3994077294,3647,0.648356,515,1343,30-40,24-6,35-13,52,40,46,32,18,18,1,0,1,52,0,,91,1,52,39,1,button,1,52,52,0,15,0,1.0000,93,0.001023,-1,-1,button,1,52,52,0,15,0,1.0000,93,0.006783,,-1,button,1,52,52,0,15,0,1.0000,93,0.007970,-1,,button,1,52,52,0,15,0,1.0000,93,7.965972,-1,-1,52,10,12,0,0.99,risk_path,4,Bot1|Bot2|Bot3|Bot4,,1,0
186,0.20,75,440,2126553979,2609949610,3626,0.644622,490,1334,13-61,42-74,58-35,42,42,73,71,61,55,0,0,1,42,1,42,280,1,42,238,1,button,1,42,42,0,221,0,1.0000,65,0.000569,-1,-1,button,1,42,42,0,221,0,1.0000,65,0.003676,,-1,button,1,42,42,0,221,0,1.0000,65,0.004214,-1,,button,1,42,42,0,207,0,1.0000,65,4.893828,6,6,42,0,0,0,0.4,risk_path,4,Bot1|Bot2|Bot3|Bot4,,1,0
187,0.20,75,440,604629814,3122588556,3651,0.649067,512,1393,42-22,48-26,40-11,12,10,19,13,31,23,0,0,1,12,1,12,130,1,12,118,1,button,1,12,12,0,74,0,1.0000,8,0.000116,-1,-1,button,1,12,12,0,74,0,1.0000,8,0.000314,,-1,button,1,12,12,0,74,0,1.0000,8,0.000371,-1,,button,1,12,12,0,74,0,1.0000,8,0.710747,-1,-1,12,0,0,0,0.4,risk_path,4,Bot1|Bot2|Bot3|Bot4,,1,0
188,0.20,75,440,2717215071,3838181151,3669,0.652267,516,1402,4-12,43-12,69-67,83,39,120,120,91,81,0,0,1,83,1,83,436,1,83,353,1,button,1,83,83,0,307,0,1.0000,219,0.003874,-1,-1,button,1,83,83,0,307,0,1.0000,219,0.056465,,-1,button,1,83,83,0,307,0,1.0000,219,0.064030,-1,,button,1,83,83,0,297,0,1.0000,219,19.314771,34,34,83,0,0,0,0.4,risk_path,4,Bot1|Bot2|Bot3|Bot4,,1,0
189,0.20,75,440,899400218,1033562852,3653,0.649422,519,1408,15-65,68-61,7-10,91,57,95,63,132,112,0,0,1,91,1,91,616,1,91,525,1,button,1,91,91,0,410,0,1.0000,29,0.001594,-1,-1,button,1,91,91,0,410,0,1.0000,29,0.033593,,-1,button,1,91,91,0,410,0,1.0000,29,0.036970,-1,,button,1,91,91,0,410,0,1.0000,29,23.061055,22,22,91,0,0,0,0.4,risk_path,4,Bot1|Bot2|Bot3|Bot4,,1,0
190,0.20,75,440,3481980839,2844192455,3636,0.646400,506,1365,69-53,58-13,16-44,61,51,78,62,77,73,0,0,1,61,1,61,314,1,61,253,1,button,1,61,61,0,230,0,1.0000,99,0.001195,-1,-1,button,1,61,61,0,230,0,1.0000,99,0.012492,,-1,button,1,61,61,0,230,0,1.0000,99,0.013682,-1,,button,1,61,61,0,230,0,1.0000,99,9.666827,-1,-1,61,0,0,0,0.4,risk_path,4,Bot1|Bot2|Bot3|Bot4,,1,0
191,0.20,75,440,1615916817,2432315316,3635,0.646222,508,1385,2-12,63-7,37-53,84,66,84,76,96,72,0,0,1,84,1,84,361,1,84,277,1,button,1,84,84,0,220,0,1.0000,255,0.002769,-1,-1,button,1,84,84,0,220,0,1.0000,255,0.022022,,-1,button,1,84,84,0,220,0,1.0000,255,0.025336,-1,,button,1,84,84,0,220,0,1.0000,255,19.979662,4,4,84,0,0,0,0.4,risk_path,4,Bot1|Bot2|Bot3|Bot4,,1,0
192,0.20,75,440,3898521735,118069459,3640,0.647111,503,1357,65-51,13-31,35-4,78,72,95,77,65,49,1,0,1,78,0,,289,1,78,211,1,button,1,78,78,0,205,0,1.0000,106,0.001599,-1,-1,button,1,78,78,0,205,0,1.0000,106,0.022402,,-1,button,1,78,78,0,205,0,1.0000,106,0.027339,-1,,button,1,78,78,0,205,0,1.0000,106,17.349759,-1,-1,78,0,0,0,0.4,risk_path,4,Bot1|Bot2|Bot3|Bot4,,1,0
193,0.20,75,440,2444658365,2126892776,3649,0.648711,505,1399,33-16,18-42,60-74,45,41,103,85,80,74,0,0,1,45,1,45,312,1,45,267,1,button,1,45,45,0,236,0,1.0000,63,0.000750,-1,-1,button,1,45,45,0,236,0,1.0000,63,0.006217,,-1,button,1,45,45,0,236,0,1.0000,63,0.007777,-1,,button,1,45,45,0,236,0,1.0000,63,5.096308,-1,-1,45,0,0,0,0.4,risk_path,4,Bot1|Bot2|Bot3|Bot4,,1,0
194,0.20,75,440,2214062488,49670459,3680,0.654222,504,1424,54-28,6-56,20-24,80,76,58,38,60,46,1,0,1,80,0,,255,1,80,175,1,button,1,80,80,0,98,0,1.0000,201,0.002413,-1,-1,button,1,80,80,0,98,0,1.0000,201,0.027520,,-1,button,1,80,80,0,98,0,1.0000,201,0.032682,-1,,button,1,80,80,0,98,0,1.0000,201,17.171507,-1,-1,80,0,0,0,0.4,risk_path,4,Bot1|Bot2|Bot3|Bot4,,1,0
195,0.20,75,440,1449191703,2718877568,3592,0.638578,491,1324,33-21,17-58,26-24,55,53,12,10,53,43,1,0,1,55,0,,200,1,55,145,1,button,1,55,55,0,45,0,1.0000,32,0.000651,-1,-1,button,1,55,55,0,45,0,1.0000,32,0.006544,,-1,button,1,55,55,0,45,0,1.0000,32,0.008231,-1,,button,1,55,55,0,45,0,1.0000,32,7.805034,-1,-1,55,0,0,0,0.4,risk_path,4,Bot1|Bot2|Bot3|Bot4,,1,0
196,0.20,75,440,2745450280,3961164760,3646,0.648178,520,1434,24-70,36-17,51-9,95,65,110,88,25,23,1,0,1,95,0,,82,0,,,0,walked_into_fire,0,92,92,0,-15,3,0.9684,,0.005391,83,83,fire_reached_bot,0,128,82,46,-45,13,0.8632,,0.271545,,-1,fire_reached_bot,0,128,82,46,-45,13,0.8632,,0.566608,-1,,fire_reached_bot,0,128,82,46,-45,13,0.8632,,27.406945,-1,-1,128,0,82,46,,no_path,0,,Bot1|Bot2|Bot3|Bot4,0,1
197,0.20,75,440,1134599302,4132178095,3653,0.649422,495,1397,20-37,62-2,57-46,77,77,56,46,65,49,1,0,1,77,0,,277,1,77,200,1,button,1,77,77,0,120,0,1.0000,240,0.002544,-1,-1,button,1,77,77,0,120,0,1.0000,240,0.015352,,-1,button,1,77,77,0,120,0,1.0000,240,0.020823,-1,,button,1,77,77,0,88,0,1.0000,240,14.509830,20,20,77,0,0,0,0.4,risk_path,4,Bot1|Bot2|Bot3|Bot4,,1,0
198,0.20,75,440,3387618525,4213744687,3637,0.646578,501,1335,25-12,26-27,73-32,32,16,80,68,70,52,0,0,1,32,1,32,311,1,32,279,1,button,1,32,32,0,233,0,1.0000,14,0.000431,-1,-1,button,1,32,32,0,233,0,1.0000,14,0.002278,,-1,button,1,32,32,0,233,0,1.0000,14,0.003457,-1,,button,1,32,32,0,233,0,1.0000,14,2.887112,-1,-1,32,0,0,0,0.4,risk_path,4,Bot1|Bot2|Bot3|Bot4,,1,0
199,0.20,75,440,3963364150,1255751458,3646,0.648178,503,1378,31-11,73-33,7-36,76,64,53,49,91,69,0,0,1,76,1,76,414,1,76,338,1,button,1,76,76,0,166,0,1.0000,241,0.003029,-1,-1,button,1,76,76,0,166,0,1.0000,241,0.020351,,-1,button,1,76,76,0,166,0,1.0000,241,0.025622,-1,,button,1,76,76,0,207,0,1.0000,241,15.202262,1,1,76,0,0,0,0.4,risk_path,4,Bot1|Bot2|Bot3|Bot4,,1,0
200,0.20,75,440,687047578,4017936739,3628,0.644978,511,1337,27-51,69-32,8-40,65,61,30,30,79,69,0,0,1,65,1,65,316,1,65,251,1,button,1,65,65,0,88,0,1.0000,218,0.002362,-1,-1,button,1,65,65,0,88,0,1.0000,218,0.015389,,-1,button,1,65,65,0,88,0,1.0000,218,0.022233,-1,,button,1,65,65,0,88,0,1.0000,218,10.464023,16,16,65,0,0,0,0.4,risk_path,4,Bot1|Bot2|Bot3|Bot4,,1,0
201,0.20,75,440,3808654913,1437651723,3644,0.647822,506,1376,73-63,38-16,62-70,86,82,34,18,84,78,1,0,1,86,0,,323,1,86,237,1,button,1,86,86,0,48,0,1.0000,214,0.004705,-1,-1,button,1,86,86,0,48,0,1.0000,214,0.027610,,-1,button,1,86,86,0,48,0,1.0000,214,0.032981,-1,,button,1,86,86,0,59,0,1.0000,214,18.300830,9,9,86,0,0,0,0.4,risk_path,4,Bot1|Bot2|Bot3|Bot4,,1,0
202,0.20,75,440,479682215,117614757,3621,0.643733,510,1341,36-35,34-65,43-19,46,32,39,23,81,55,0,0,1,46,1,46,295,1,46,249,1,button,1,46,46,0,150,0,1.0000,42,0.000770,-1,-1,button,1,46,46,0,150,0,1.0000,42,0.006615,,-1,button,1,46,46,0,150,0,1.0000,42,0.008689,-1,,button,1,46,46,0,150,0,1.0000,42,6.269160,-1,-1,46,0,0,0,0.4,risk_path,4,Bot1|Bot2|Bot3|Bot4,,1,0
203,0.20,75,440,1496475200,4047105304,3645,0.648000,514,1350,51-1,14-73,56-29,117,109,43,33,88,86,1,0,1,117,0,,306,1,117,189,1,button,1,117,117,0,15,0,1.0000,750,0.012923,-1,-1,button,1,117,117,0,15,0,1.0000,750,0.078436,,-1,button,1,117,117,0,15,0,1.0000,750,0.092616,-1,,button,1,117,117,0,15,0,1.0000,750,34.932929,-1,-1,117,0,0,0,0.4,risk_path,4,Bot1|Bot2|Bot3|Bot4,,1,0
204,0.20,75,440,505044942,177768735,3649,0.648711,507,1385,16-40,65-14,63-49,81,75,68,56,65,37,1,0,1,81,0,,260,1,81,179,1,button,1,81,81,0,99,0,1.0000,193,0.003839,-1,-1,button,1,81,81,0,99,0,1.0000,193,0.031168,,-1,button,1,81,81,0,99,0,1.0000,193,0.030761,-1,,button,1,81,81,0,96,0,1.0000,193,18.123183,38,38,81,0,0,0,0.4,risk_path,4,Bot1|Bot2|Bot3|Bot4,,1,0
205,0.20,75,440,2592851329,1842348790,3662,0.651022,518,1377,6-43,55-29,67-0,81,63,112,104,51,41,1,0,1,81,0,,221,1,81,140,1,button,1,81,81,0,133,0,1.0000,94,0.003398,-1,-1,button,1,81,81,0,133,0,1.0000,94,0.037069,,-1,button,1,81,81,0,133,0,1.0000,94,0.047732,-1,,button,1,81,81,0,133,0,1.0000,94,17.574365,17,17,81,0,0,0,0.4,risk_path,4,Bot1|Bot2|Bot3|Bot4,,1,0
206,0.20,75,440,3837839052,4278048444,3662,0.651022,509,1415,49-20,41-20,45-66,10,8,62,50,64,50,0,0,1,10,1,10,293,1,10,283,1,button,1,10,10,0,262,0,1.0000,10,0.000161,-1,-1,button,1,10,10,0,262,0,1.0000,10,0.000255,,-1,button,1,10,10,0,262,0,1.0000,10,0.000382,-1,,button,1,10,10,0,263,0,1.0000,10,0.387615,1,1,10,0,0,0,0.4,risk_path,4,Bot1|Bot2|Bot3|Bot4,,1,0
207,0.20,75,440,4060788553,845069922,3646,0.648178,517,1375,13-16,67-34,60-28,86,72,81,59,13,13,1,0,1,86,0,,51,0,,,0,fire_reached_bot,0,65,65,0,-13,21,0.7558,,0.003930,39,39,fire_reached_bot,0,160,44,116,-108,44,0.4884,,0.588024,,-1,fire_reached_bot,0,160,44,116,-108,44,0.4884,,1.164559,-1,,fire_reached_bot,0,160,44,116,-108,44,0.4884,,20.164930,-1,-1,160,0,44,116,,no_path,0,,Bot1|Bot2|Bot3|Bot4,0,1
208,0.20,75,440,1921987437,1998653501,3636,0.646400,506,1373,74-46,4-55,7-25,107,79,108,88,45,33,1,0,1,107,0,,211,1,107,104,1,button,1,107,107,0,104,0,1.0000,370,0.007550,-1,-1,button,1,107,107,0,104,0,1.0000,370,0.062676,,-1,button,1,107,107,0,104,0,1.0000,370,0.077084,-1,,button,1,107,107,0,104,0,1.0000,370,31.256769,-1,-1,107,11,0,0,0.99,risk_path,4,Bot1|Bot2|Bot3|Bot4,,1,0
209,0.20,75,440,2984244257,2435512816,3670,0.652444,500,1412,29-21,22-1,14-24,37,27,42,18,53,31,0,0,1,37,1,37,224,1,37,187,1,button,1,37,37,0,128,0,1.0000,10,0.000416,-1,-1,button,1,37,37,0,128,0,1.0000,10,0.004113,,-1,button,1,37,37,0,128,0,1.0000,10,0.005302,-1,,button,1,37,37,0,128,0,1.0000,10,3.737066,-1,-1,37,0,0,0,0.4,risk_path,4,Bot1|Bot2|Bot3|Bot4,,1,0
210,0.20,75,440,1735617669,2279655686,3643,0.647644,510,1392,61-49,6-10,2-50,100,94,80,60,72,44,1,0,1,100,0,,294,1,100,194,1,button,1,100,100,0,172,0,1.0000,143,0.002895,-1,-1,button,1,100,100,0,172,0,1.0000,143,0.047281,,-1,button,1,100,100,0,172,0,1.0000,143,0.052598,-1,,button,1,100,100,0,172,0,1.0000,143,28.177638,-1,-1,100,0,0,0,0.4,risk_path,4,Bot1|Bot2|Bot3|Bot4,,1,0
211,0.20,75,440,741719091,4088483574,3654,0.649600,511,1417,7-48,46-4,1-6,87,83,60,48,63,47,1,0,1,87,0,,262,1,87,175,1,button,1,87,87,0,91,0,1.0000,166,0.002717,-1,-1,button,1,87,87,0,91,0,1.0000,166,0.033378,,-1,button,1,87,87,0,91,0,1.0000,166,0.033685,-1,,button,1,87,87,0,127,0,1.0000,166,21.022442,29,29,87,0,0,0,0.4,risk_path,4,Bot1|Bot2|Bot3|Bot4,,1,0
212,0.20,75,440,43164127,71827648,3665,0.651556,501,1384,71-28,42-51,34-71,58,52,92,80,34,28,1,0,1,58,0,,154,1,58,96,1,button,1,58,58,0,96,0,1.0000,36,0.000839,-1,-1,button,1,58,58,0,96,0,1.0000,36,0.011764,,-1,button,1,58,58,0,96,0,1.0000,36,0.012920,-1,,button,1,58,58,0,96,0,1.0000,36,9.416058,-1,-1,58,0,0,0,0.4,risk_path,4,Bot1|Bot2|Bot3|Bot4,,1,0
213,0.20,75,440,1597394174,606359399,3657,0.650133,510,1407,65-30,32-37,23-68,54,40,86,80,52,40,1,0,1,54,0,,199,1,54,145,1,button,1,54,54,0,109,0,1.0000,146,0.001495,-1,-1,button,1,54,54,0,109,0,1.0000,146,0.008766,,-1,button,1,54,54,0,109,0,1.0000,146,0.009572,-1,,button,1,54,54,0,109,0,1.0000,146,7.569729,-1,-1,54,0,0,0,0.4,risk_path,4,Bot1|Bot2|Bot3|Bot4,,1,0
214,0.20,75,440,3435905294,2392089260,3647,0.648356,496,1383,21-73,38-43,5-63,65,47,30,26,71,53,0,0,1,65,1,65,303,1,65,238,1,button,1,65,65,0,82,0,1.0000,235,0.002721,-1,-1,button,1,65,65,0,82,0,1.0000,235,0.016117,,-1,button,1,65,65,0,82,0,1.0000,235,0.018298,-1,,button,1,65,65,0,82,0,1.0000,235,11.161578,2,2,65,0,0,0,0.4,risk_path,4,Bot1|Bot2|Bot3|Bot4,,1,0
215,0.20,75,440,538301983,4070519892,3626,0.644622,499,1356,51-64,36-73,37-37,50,24,51,41,51,37,0,0,1,50,1,50,209,1,50,159,1,button,1,50,50,0,97,0,1.0000,122,0.001430,-1,-1,button,1,50,50,0,97,0,1.0000,122,0.008781,,-1,button,1,50,50,0,97,0,1.0000,122,0.010015,-1,,button,1,50,50,0,97,0,1.0000,122,6.879946,39,39,50,0,0,0,0.4,risk_path,4,Bot1|Bot2|Bot3|Bot4,,1,0
216,0.20,75,440,1948681360,2814169751,3667,0.651911,505,1403,15-18,25-22,10-13,14,14,30,10,30,24,0,0,1,14,1,14,128,1,14,114,1,button,1,14,14,0,76,0,1.0000,9,0.000136,-1,-1,button,1,14,14,0,76,0,1.0000,9,0.000275,,-1,button,1,14,14,0,76,0,1.0000,9,0.000491,-1,,button,1,14,14,0,76,0,1.0000,9,0.454481,-1,-1,14,0,0,0,0.4,risk_path,4,Bot1|Bot2|Bot3|Bot4,,1,0
217,0.20,75,440,234546496,899763894,3644,0.647822,506,1364,33-28,9-36,33-5,44,32,45,23,61,55,0,0,1,44,1,44,273,1,44,229,1,button,1,44,44,0,174,0,1.0000,46,0.000966,-1,-1,button,1,44,44,0,174,0,1.0000,46,0.006501,,-1,button,1,44,44,0,174,0,1.0000,46,0.009783,-1,,button,1,44,44,0,174,0,1.0000,46,5.018054,43,43,44,0,0,0,0.4,risk_path,4,Bot1|Bot2|Bot3|Bot4,,1,0
218,0.20,75,440,2601635953,347498,3653,0.649422,506,1409,29-59,4-21,38-7,73,63,75,61,62,48,1,0,1,73,0,,303,1,73,230,1,button,1,73,73,0,181,0,1.0000,151,0.002896,-1,-1,button,1,73,73,0,181,0,1.0000,151,0.024977,,-1,button,1,73,73,0,181,0,1.0000,151,0.038942,-1,,button,1,73,73,0,181,0,1.0000,151,15.479580,60,60,73,0,0,0,0.4,risk_path,4,Bot1|Bot2|Bot3|Bot4,,1,0
219,0.20,75,440,1873523526,189957216,3638,0.646756,508,1348,47-9,28-54,6-25,72,64,71,57,51,51,1,0,1,72,0,,224,1,72,152,1,button,1,72,72,0,66,0,1.0000,201,0.002419,-1,-1,button,1,72,72,0,66,0,1.0000,201,0.019087,,-1,button,1,72,72,0,66,0,1.0000,201,0.027257,-1,,button,1,72,72,0,66,0,1.0000,201,14.786974,-1,-1,72,0,0,0,0.4,risk_path,4,Bot1|Bot2|Bot3|Bot4,,1,0
220,0.20,75,440,650066665,1525053087,3651,0.649067,495,1389,47-54,47-10,5-72,80,44,60,60,126,104,0,0,1,80,1,80,546,1,80,466,1,button,1,80,80,0,275,0,1.0000,95,0.003170,-1,-1,button,1,80,80,0,275,0,1.0000,95,0.044227,,-1,button,1,80,80,0,275,0,1.0000,95,0.049157,-1,,button,1,80,80,0,275,0,1.0000,95,18.001474,39,39,80,0,0,0,0.4,risk_path,4,Bot1|Bot2|Bot3|Bot4,,1,0
221,0.20,75,440,1404877065,2420011909,3640,0.647111,507,1408,54-38,31-51,53-61,38,36,34,24,34,32,1,0,1,38,0,,125,1,38,87,1,button,1,38,38,0,58,0,1.0000,45,0.000478,-1,-1,button,1,38,38,0,58,0,1.0000,45,0.002447,,-1,button,1,38,38,0,58,0,1.0000,45,0.002677,-1,,button,1,38,38,0,58,0,1.0000,45,4.141084,-1,-1,38,0,0,0,0.4,risk_path,4,Bot1|Bot2|Bot3|Bot4,,1,0
222,0.20,75,440,1871520942,110449919,3642,0.647467,513,1411,44-69,25-70,38-55,30,20,22,20,30,28,0,0,1,30,0,,90,1,30,60,1,button,1,30,30,0,11,0,1.0000,68,0.000663,-1,-1,button,1,30,30,0,11,0,1.0000,68,0.001899,,-1,button,1,30,30,0,11,0,1.0000,68,0.002302,-1,,button,1,30,30,0,11,0,1.0000,68,2.470209,-1,-1,30,0,0,0,0.4,risk_path,4,Bot1|Bot2|Bot3|Bot4,,1,0
223,0.20,75,440,1891869098,1845810528,3648,0.648533,505,1371,6-33,19-36,72-72,22,16,113,105,101,89,0,0,1,22,1,22,471,1,22,449,1,button,1,22,22,0,439,0,1.0000,13,0.000290,-1,-1,button,1,22,22,0,439,0,1.0000,13,0.001163,,-1,button,1,22,22,0,439,0,1.0000,13,0.001401,-1,,button,1,22,22,0,439,0,1.0000,13,0.904286,6,6,22,0,0,0,0.4,risk_path,4,Bot1|Bot2|Bot3|Bot4,,1,0
224,0.20,75,440,3946411396,399432510,3628,0.644978,507,1377,14-74,47-31,63-44,84,76,81,79,29,29,1,0,1,84,0,,104,1,84,20,1,button,1,84,84,0,20,0,1.0000,269,0.003113,-1,-1,button,1,84,84,0,20,0,1.0000,269,0.024091,,-1,button,1,84,84,0,20,0,1.0000,269,0.026445,-1,,button,1,84,84,0,20,0,1.0000,269,17.618640,30,30,84,32,22,0,0.99,risk_path,4,Bot1|Bot2|Bot3|Bot4,,1,0
225,0.20,75,440,395123674,1705726284,3633,0.645867,498,1354,41-14,11-70,23-1,104,86,31,31,101,81,1,0,1,104,0,,462,1,104,358,1,button,1,104,104,0,43,0,1.0000,323,0.005583,-1,-1,button,1,104,104,0,43,0,1.0000,323,0.071462,,-1,button,1,104,104,0,43,0,1.0000,323,0.074275,-1,,button,1,104,104,0,43,0,1.0000,323,23.437128,-1,-1,104,0,0,0,0.4,risk_path,4,Bot1|Bot2|Bot3|Bot4,,1,0
226,0.20,75,440,3383174174,417879336,3627,0.644800,505,1348,17-6,56-70,55-30,107,103,74,62,69,41,1,0,1,107,0,,319,1,107,212,1,button,1,107,107,0,102,0,1.0000,390,0.004801,-1,-1,button,1,107,107,0,102,0,1.0000,390,0.071301,,-1,button,1,107,107,0,102,0,1.0000,390,0.061532,-1,,button,1,107,107,0,67,0,1.0000,390,25.007445,41,41,107,0,0,0,0.4,risk_path,4,Bot1|Bot2|Bot3|Bot4,,1,0
227,0.20,75,440,3707428535,2930291685,3639,0.646933,499,1357,56-26,19-62,37-36,75,73,29,29,46,44,1,1,1,77,0,,256,1,91,165,0,walked_into_fire,0,30,30,0,-5,47,0.3733,45,0.000914,26,15,button,1,109,109,0,41,0,1.0000,505,0.040536,,15,button,1,93,93,0,2,0,1.0000,372,0.037813,15,,button,1,99,99,0,57,0,1.0000,418,18.781024,21,15,99,0,0,0,0.4,risk_path,3,Bot2|Bot3|Bot4,Bot1,0,0
228,0.20,75,440,3499156370,436825089,3645,0.648000,501,1328,35-35,25-53,19-70,28,28,53,51,25,23,1,0,1,28,0,,129,1,28,101,1,button,1,28,28,0,96,0,1.0000,55,0.000449,-1,-1,button,1,28,28,0,96,0,1.0000,55,0.001793,,-1,button,1,28,28,0,96,0,1.0000,55,0.001749,-1,,button,1,28,28,0,96,0,1.0000,55,1.468842,-1,-1,28,0,0,0,0.4,risk_path,4,Bot1|Bot2|Bot3|Bot4,,1,0
229,0.20,75,440,3921431972,3691631192,3657,0.650133,515,1411,71-56,12-49,11-66,82,66,84,70,36,18,1,0,1,82,0,,136,1,82,54,1,button,1,82,82,0,44,0,1.0000,258,0.003802,-1,-1,button,1,82,82,0,44,0,1.0000,258,0.038068,,-1,button,1,82,82,0,44,0,1.0000,258,0.034720,-1,,button,1,82,82,0,44,0,1.0000,258,15.430406,-1,-1,82,5,0,0,0.8,risk_path,4,Bot1|Bot2|Bot3|Bot4,,1,0
230,0.20,75,440,2971960596,3817885116,3644,0.647822,509,1406,9-53,0-65,17-45,21,21,24,16,45,37,0,0,1,21,1,21,199,1,21,178,1,button,1,21,21,0,112,0,1.0000,38,0.000297,-1,-1,button,1,21,21,0,112,0,1.0000,38,0.000981,,-1,button,1,21,21,0,112,0,1.0000,38,0.001134,-1,,button,1,21,21,0,112,0,1.0000,38,1.022177,-1,-1,21,0,0,0,0.4,risk_path,4,Bot1|Bot2|Bot3|Bot4,,1,0
231,0.20,75,440,230717013,2732343365,3677,0.653689,507,1415,18-47,11-37,32-8,17,17,63,53,56,50,0,0,1,17,1,17,251,1,17,234,1,button,1,17,17,0,230,0,1.0000,11,0.000161,-1,-1,button,1,17,17,0,230,0,1.0000,11,0.000632,,-1,button,1,17,17,0,230,0,1.0000,11,0.000706,-1,,button,1,17,17,0,230,0,1.0000,11,0.574344,-1,-1,17,0,0,0,0.4,risk_path,4,Bot1|Bot2|Bot3|Bot4,,1,0
232,0.20,75,440,1277540315,2568731835,3650,0.648889,492,1378,51-49,20-26,68-25,56,54,47,41,73,49,0,0,1,56,1,56,302,1,56,246,1,button,1,56,56,0,184,0,1.0000,110,0.001404,-1,-1,button,1,56,56,0,184,0,1.0000,110,0.008121,,-1,button,1,56,56,0,184,0,1.0000,110,0.009005,-1,,button,1,56,56,0,184,0,1.0000,110,6.181549,-1,-1,56,0,0,0,0.4,risk_path,4,Bot1|Bot2|Bot3|Bot4,,1,0
233,0.20,75,440,2601371361,3429438074,3616,0.642844,495,1327,48-24,49-48,54-71,47,25,75,53,40,28,1,0,1,47,0,,174,1,47,127,1,button,1,47,47,0,127,0,1.0000,90,0.001637,-1,-1,button,1,47,47,0,127,0,1.0000,90,0.008418,,-1,button,1,47,47,0,127,0,1.0000,90,0.009058,-1,,button,1,47,47,0,127,0,1.0000,90,4.352455,1,1,47,0,0,0,0.4,risk_path,4,Bot1|Bot2|Bot3|Bot4,,1,0
234,0.20,75,440,2175815046,2513501025,3671,0.652622,515,1422,60-58,33-61,26-34,36,30,66,58,42,34,0,0,1,36,1,36,178,1,36,142,1,button,1,36,36,0,134,0,1.0000,27,0.000691,-1,-1,button,1,36,36,0,134,0,1.0000,27,0.003599,,-1,button,1,36,36,0,134,0,1.0000,27,0.003637,-1,,button,1,36,36,0,134,0,1.0000,27,2.410258,-1,-1,36,0,0,0,0.4,risk_path,4,Bot1|Bot2|Bot3|Bot4,,1,0
235,0.20,75,440,2903687551,1508666098,3664,0.651378,508,1412,62-11,20-70,59-72,105,101,88,64,77,41,1,0,1,105,0,,328,1,105,223,1,button,1,105,105,0,136,0,1.0000,294,0.008137,-1,-1,button,1,105,105,0,136,0,1.0000,294,0.060854,,-1,button,1,105,105,0,136,0,1.0000,294,0.060230,-1,,button,1,105,105,0,136,0,1.0000,294,22.140716,-1,-1,105,0,0,0,0.4,risk_path,4,Bot1|Bot2|Bot3|Bot4,,1,0
236,0.20,75,440,2767072028,3293256290,3657,0.650133,505,1375,27-0,15-28,25-43,46,40,61,45,33,25,1,0,1,46,0,,144,1,46,98,1,button,1,46,46,0,98,0,1.0000,54,0.001189,-1,-1,button,1,46,46,0,98,0,1.0000,54,0.007160,,-1,button,1,46,46,0,98,0,1.0000,54,0.007022,-1,,button,1,46,46,0,98,0,1.0000,54,3.551280,-1,-1,46,0,0,0,0.4,risk_path,4,Bot1|Bot2|Bot3|Bot4,,1,0
237,0.20,75,440,434350479,2119715637,3663,0.651200,511,1423,44-63,20-38,29-11,59,49,81,67,42,36,1,0,1,59,0,,207,1,59,148,1,button,1,59,59,0,130,0,1.0000,161,0.003411,-1,-1,button,1,59,59,0,130,0,1.0000,161,0.014216,,-1,button,1,59,59,0,130,0,1.0000,161,0.015078,-1,,button,1,59,59,0,130,0,1.0000,161,6.305918,-1,-1,59,0,0,0,0.4,risk_path,4,Bot1|Bot2|Bot3|Bot4,,1,0
238,0.20,75,440,860933267,2945000663,3628,0.644978,509,1350,25-29,50-8,50-6,48,46,48,48,4,2,1,0,1,48,0,,12,0,,,0,fire_reached_bot,0,40,40,0,-27,8,0.8333,,0.001413,13,13,fire_reached_bot,0,159,12,147,-146,36,0.2500,,0.691530,,-1,fire_reached_bot,0,159,12,147,-146,36,0.2500,,1.563774,-1,,fire_reached_bot,0,159,12,147,-146,36,0.2500,,3.411644,-1,-1,159,0,12,147,,no_path,0,,Bot1|Bot2|Bot3|Bot4,0,1
239,0.20,75,440,3847153091,2545232110,3641,0.647289,491,1366,31-51,0-30,58-14,56,52,76,64,80,74,0,0,1,56,1,56,332,1,56,276,1,button,1,56,56,0,228,0,1.0000,126,0.002214,-1,-1,button,1,56,56,0,228,0,1.0000,126,0.010904,,-1,button,1,56,56,0,228,0,1.0000,126,0.017499,-1,,button,1,56,56,0,228,0,1.0000,126,6.581054,-1,-1,56,0,0,0,0.4,risk_path,4,Bot1|Bot2|Bot3|Bot4,,1,0
240,0.20,75,440,3830646336,1583051720,3645,0.648000,501,1357,37-49,56-9,43-1,67,59,72,54,23,21,1,0,1,67,0,,101,1,67,34,1,button,1,67,67,0,14,0,1.0000,162,0.003442,-1,-1,button,1,67,67,0,14,0,1.0000,162,0.017256,,-1,button,1,67,67,0,14,0,1.0000,162,0.017822,-1,,button,1,67,67,0,16,0,1.0000,162,10.996643,25,25,67,9,23,0,0.99,risk_path,4,Bot1|Bot2|Bot3|Bot4,,1,0
241,0.20,75,440,50286375,2368400549,3661,0.650844,522,1437,27-9,46-22,65-3,40,32,62,44,44,38,0,0,1,40,1,40,200,1,40,160,1,button,1,40,40,0,154,0,1.0000,50,0.001214,-1,-1,button,1,40,40,0,154,0,1.0000,50,0.005430,,-1,button,1,40,40,0,154,0,1.0000,50,0.005816,-1,,button,1,40,40,0,154,0,1.0000,50,3.475787,37,37,40,0,0,0,0.4,risk_path,4,Bot1|Bot2|Bot3|Bot4,,1,0
242,0.20,75,440,229134076,547575414,3636,0.646400,512,1351,44-13,33-41,33-18,41,39,46,16,53,23,0,0,1,41,1,41,187,1,41,146,1,button,1,41,41,0,133,0,1.0000,17,0.000551,-1,-1,button,1,41,41,0,133,0,1.0000,17,0.002729,,-1,button,1,41,41,0,133,0,1.0000,17,0.002807,-1,,button,1,41,41,0,133,0,1.0000,17,3.841611,-1,-1,41,0,0,0,0.4,risk_path,4,Bot1|Bot2|Bot3|Bot4,,1,0
243,0.20,75,440,3829884547,2736529294,3653,0.649422,512,1397,6-66,44-36,13-50,68,68,31,23,45,45,1,0,1,68,0,,169,1,68,101,1,button,1,68,68,0,24,0,1.0000,215,0.003223,-1,-1,button,1,68,68,0,24,0,1.0000,215,0.011203,,-1,button,1,68,68,0,24,0,1.0000,215,0.011873,-1,,button,1,76,76,0,67,0,1.0000,277,12.423551,1,1,76,0,0,0,0.4,risk_path,4,Bot1|Bot2|Bot3|Bot4,,1,0
244,0.20,75,440,2905315126,631340303,3628,0.644978,494,1376,22-71,69-35,61-25,87,83,93,85,18,18,1,0,1,87,0,,107,1,87,20,1,button,1,87,87,0,20,0,1.0000,263,0.003885,-1,-1,button,1,87,87,0,20,0,1.0000,263,0.024528,,-1,button,1,87,87,0,20,0,1.0000,263,0.020382,-1,,button,1,87,87,0,20,0,1.0000,263,18.735511,48,48,87,27,43,0,0.99,risk_path,4,Bot1|Bot2|Bot3|Bot4,,1,0
245,0.20,75,440,3180725409,3525950523,3641,0.647289,501,1379,46-21,33-48,70-57,40,40,62,60,66,46,0,0,1,40,1,40,267,1,40,227,1,button,1,40,40,0,158,0,1.0000,46,0.000590,-1,-1,button,1,40,40,0,158,0,1.0000,46,0.004084,,-1,button,1,40,40,0,158,0,1.0000,46,0.003615,-1,,button,1,40,40,0,158,0,1.0000,46,3.878766,-1,-1,40,0,0,0,0.4,risk_path,4,Bot1|Bot2|Bot3|Bot4,,1,0
246,0.20,75,440,3527288279,2290517008,3632,0.645689,488,1357,49-48,15-4,50-34,86,78,37,15,71,65,1,0,1,86,0,,288,1,86,202,1,button,1,86,86,0,49,0,1.0000,304,0.004239,-1,-1,button,1,86,86,0,49,0,1.0000,304,0.040096,,-1,button,1,86,86,0,49,0,1.0000,304,0.050319,-1,,button,1,86,86,0,49,0,1.0000,304,15.588682,-1,-1,86,0,0,0,0.4,risk_path,4,Bot1|Bot2|Bot3|Bot4,,1,0
247,0.20,75,440,2693909744,892987441,3653,0.649422,508,1396,12-31,19-16,27-15,24,22,37,31,13,9,1,0,1,24,0,,31,1,24,7,1,button,1,24,24,0,7,0,1.0000,29,0.000257,-1,-1,button,1,24,24,0,7,0,1.0000,29,0.001352,,-1,button,1,24,24,0,7,0,1.0000,29,0.021032,-1,,button,1,24,24,0,7,0,1.0000,29,1.828790,1,1,24,0,0,0,0.4,risk_path,4,Bot1|Bot2|Bot3|Bot4,,1,0
248,0.20,75,440,3466483215,701012700,3661,0.650844,506,1362,70-13,27-29,57-25,77,59,27,25,52,34,1,0,1,77,0,,247,1,89,158,0,walked_into_fire,0,22,22,0,-1,55,0.2857,19,0.001054,22,22,button,1,91,91,0,1,0,1.0000,357,0.033044,,-1,button,1,91,91,0,1,0,1.0000,357,0.049139,-1,,button,1,89,89,0,96,0,1.0000,343,16.826343,1,1,89,0,0,0,0.4,risk_path,3,Bot2|Bot3|Bot4,Bot1,0,0
249,0.20,75,440,3499659840,3439355226,3673,0.652978,514,1426,22-34,21-64,21-4,43,31,43,31,86,60,0,0,1,43,1,43,336,1,43,293,1,button,1,43,43,0,188,0,1.0000,74,0.000853,-1,-1,button,1,43,43,0,188,0,1.0000,74,0.005206,,-1,button,1,43,43,0,188,0,1.0000,74,0.006422,-1,,button,1,43,43,0,188,0,1.0000,74,3.877425,-1,-1,43,0,0,0,0.4,risk_path,4,Bot1|Bot2|Bot3|Bot4,,1,0
250,0.20,75,440,1517605910,2955868487,3642,0.647467,504,1373,46-30,45-21,67-21,12,10,30,30,36,22,0,0,1,12,1,12,126,1,12,114,1,button,1,12,12,0,114,0,1.0000,10,0.000133,-1,-1,button,1,12,12,0,114,0,1.0000,10,0.000295,,-1,button,1,12,12,0,114,0,1.0000,10,0.000408,-1,,button,1,12,12,0,114,0,1.0000,10,0.320991,-1,-1,12,0,0,0,0.4,risk_path,4,Bot1|Bot2|Bot3|Bot4,,1,0
251,0.20,75,440,742681489,3514916377,3632,0.645689,501,1338,21-17,13-44,11-71,43,35,84,64,41,29,1,0,1,43,0,,200,1,43,157,1,button,1,43,43,0,157,0,1.0000,42,0.000465,-1,-1,button,1,43,43,0,157,0,1.0000,42,0.003526,,-1,button,1,43,43,0,157,0,1.0000,42,0.004021,-1,,button,1,43,43,0,157,0,1.0000,42,4.268288,-1,-1,43,0,0,0,0.4,risk_path,4,Bot1|Bot2|Bot3|Bot4,,1,0
252,0.20,75,440,389585178,1768587399,3635,0.646222,502,1366,66-16,51-57,64-53,72,56,59,39,33,17,1,0,1,72,0,,154,1,72,82,1,button,1,72,72,0,36,0,1.0000,161,0.002152,-1,-1,button,1,72,72,0,36,0,1.0000,161,0.019818,,-1,button,1,72,72,0,36,0,1.0000,161,0.021729,-1,,button,1,78,78,0,76,0,1.0000,186,13.484495,11,11,78,4,0,0,0.8,risk_path,4,Bot1|Bot2|Bot3|Bot4,,1,0
253,0.20,75,440,3332814137,1126990968,3634,0.646044,504,1387,69-32,59-13,32-53,89,29,70,58,95,67,0,0,1,89,1,89,407,1,89,318,1,button,1,89,89,0,159,0,1.0000,384,0.005015,-1,-1,button,1,89,89,0,159,0,1.0000,384,0.058142,,-1,button,1,89,89,0,159,0,1.0000,384,0.075219,-1,,button,1,89,89,0,159,0,1.0000,384,17.139055,47,47,89,0,0,0,0.4,risk_path,4,Bot1|Bot2|Bot3|Bot4,,1,0
254,0.20,75,440,1495801011,917814670,3676,0.653511,528,1432,47-21,14-43,57-68,59,55,71,57,92,68,0,0,1,59,1,59,432,1,59,373,1,button,1,59,59,0,285,0,1.0000,58,0.000886,-1,-1,button,1,59,59,0,285,0,1.0000,58,0.009864,,-1,button,1,59,59,0,285,0,1.0000,58,0.010809,-1,,button,1,59,59,0,285,0,1.0000,58,7.815713,-1,-1,59,0,0,0,0.4,risk_path,4,Bot1|Bot2|Bot3|Bot4,,1,0
255,0.20,75,440,2990102404,731289034,3646,0.648178,513,1347,4-13,3-46,4-57,48,34,66,44,20,12,1,0,1,48,0,,105,1,48,57,1,button,1,48,48,0,57,0,1.0000,92,0.000875,-1,-1,button,1,48,48,0,57,0,1.0000,92,0.005330,,-1,button,1,48,48,0,57,0,1.0000,92,0.005950,-1,,button,1,48,48,0,57,0,1.0000,92,4.612992,45,45,48,0,0,0,0.4,risk_path,4,Bot1|Bot2|Bot3|Bot4,,1,0
256,0.20,75,440,1232018688,2548799540,3612,0.642133,502,1307,72-37,46-52,56-73,49,41,62,52,33,31,1,0,1,49,0,,128,1,49,79,1,button,1,49,49,0,73,0,1.0000,68,0.001007,-1,-1,button,1,49,49,0,73,0,1.0000,68,0.006633,,-1,button,1,49,49,0,73,0,1.0000,68,0.007066,-1,,button,1,49,49,0,73,0,1.0000,68,5.224377,4,4,49,0,0,0,0.4,risk_path,4,Bot1|Bot2|Bot3|Bot4,,1,0
257,0.20,75,440,107580103,4254696228,3638,0.646756,494,1325,72-15,40-45,29-23,70,62,85,51,49,33,1,0,1,70,0,,212,1,70,142,1,button,1,70,70,0,142,0,1.0000,76,0.000953,-1,-1,button,1,70,70,0,142,0,1.0000,76,0.012050,,-1,button,1,70,70,0,142,0,1.0000,76,0.012517,-1,,button,1,70,70,0,142,0,1.0000,76,9.971718,-1,-1,70,0,0,0,0.4,risk_path,4,Bot1|Bot2|Bot3|Bot4,,1,0
258,0.20,75,440,2403017489,1321081877,3632,0.645689,502,1356,25-59,15-60,72-57,21,11,69,49,90,60,0,0,1,21,1,21,382,1,21,361,1,button,1,21,21,0,310,0,1.0000,20,0.000250,-1,-1,button,1,21,21,0,310,0,1.0000,20,0.001088,,-1,button,1,21,21,0,310,0,1.0000,20,0.001431,-1,,button,1,21,21,0,310,0,1.0000,20,1.502923,-1,-1,21,0,0,0,0.4,risk_path,4,Bot1|Bot2|Bot3|Bot4,,1,0
259,0.20,75,440,3247152571,688223439,3631,0.645511,509,1371,69-74,26-34,10-32,85,83,103,101,20,18,1,0,1,85,0,,114,1,85,29,1,button,1,85,85,0,29,0,1.0000,115,0.001920,-1,-1,button,1,85,85,0,29,0,1.0000,115,0.024197,,-1,button,1,85,85,0,29,0,1.0000,115,0.030857,-1,,button,1,85,85,0,29,0,1.0000,115,17.011248,66,66,85,17,38,0,0.99,risk_path,4,Bot1|Bot2|Bot3|Bot4,,1,0
260,0.20,75,440,2786424847,3343057812,3666,0.651733,505,1445,11-26,51-68,14-46,82,82,41,23,65,59,1,0,1,82,0,,291,1,82,209,1,button,1,82,82,0,87,0,1.0000,152,0.001973,-1,-1,button,1,82,82,0,87,0,1.0000,152,0.014765,,-1,button,1,82,82,0,87,0,1.0000,152,0.016527,-1,,button,1,82,82,0,130,0,1.0000,152,15.201391,1,1,82,0,0,0,0.4,risk_path,4,Bot1|Bot2|Bot3|Bot4,,1,0
261,0.20,75,440,2797536688,4050217512,3651,0.649067,503,1365,0-14,53-28,35-60,81,67,99,81,54,50,1,0,1,81,0,,212,1,81,131,1,button,1,81,81,0,130,0,1.0000,268,0.003066,-1,-1,button,1,81,81,0,130,0,1.0000,268,0.028501,,-1,button,1,81,81,0,130,0,1.0000,268,0.030246,-1,,button,1,81,81,0,130,0,1.0000,268,14.050349,6,6,81,0,0,0,0.4,risk_path,4,Bot1|Bot2|Bot3|Bot4,,1,0
262,0.20,75,440,3920002231,96578032,3642,0.647467,510,1405,70-17,18-0,22-20,83,69,75,51,30,24,1,0,1,83,0,,142,1,83,59,1,button,1,83,83,0,7,0,1.0000,309,0.003426,-1,-1,button,1,83,83,0,7,0,1.0000,309,0.036445,,-1,button,1,83,83,0,7,0,1.0000,309,0.030920,-1,,button,1,83,83,0,7,0,1.0000,309,15.746601,52,52,83,15,44,0,0.99,risk_path,4,Bot1|Bot2|Bot3|Bot4,,1,0
263,0.20,75,440,221242311,932793819,3625,0.644444,502,1344,3-28,11-56,64-10,40,36,85,79,113,99,0,0,1,40,1,40,480,1,40,440,1,button,1,40,40,0,388,0,1.0000,62,0.000687,-1,-1,button,1,40,40,0,388,0,1.0000,62,0.004532,,-1,button,1,40,40,0,388,0,1.0000,62,0.005031,-1,,button,1,40,40,0,388,0,1.0000,62,3.446946,19,19,40,0,0,0,0.4,risk_path,4,Bot1|Bot2|Bot3|Bot4,,1,0
264,0.20,75,440,1006815665,3029020804,3650,0.648889,508,1335,0-54,26-44,69-74,48,36,107,89,75,73,0,0,1,48,1,48,293,1,48,245,1,button,1,48,48,0,239,0,1.0000,68,0.000984,-1,-1,button,1,48,48,0,239,0,1.0000,68,0.013477,,-1,button,1,48,48,0,239,0,1.0000,68,0.010798,-1,,button,1,48,48,0,239,0,1.0000,68,5.133575,1,1,48,0,0,0,0.4,risk_path,4,Bot1|Bot2|Bot3|Bot4,,1,0
265,0.20,75,440,3550384,2803946996,3652,0.649244,496,1359,36-68,30-18,50-16,72,56,86,66,32,22,1,0,1,72,0,,129,1,72,57,1,button,1,72,72,0,57,0,1.0000,113,0.001671,-1,-1,button,1,72,72,0,57,0,1.0000,113,0.022190,,-1,button,1,72,72,0,57,0,1.0000,113,0.018632,-1,,button,1,72,72,0,57,0,1.0000,113,11.257680,-1,-1,72,0,0,0,0.4,risk_path,4,Bot1|Bot2|Bot3|Bot4,,1,0
266,0.20,75,440,1459446169,848544576,3647,0.648356,503,1372,12-53,23-15,51-21,59,49,79,71,36,34,1,0,1,59,0,,135,1,59,76,1,button,1,59,59,0,76,0,1.0000,241,0.002005,-1,-1,button,1,59,59,0,76,0,1.0000,241,0.013959,,-1,button,1,59,59,0,76,0,1.0000,241,0.012395,-1,,button,1,59,59,0,68,0,1.0000,241,7.226037,14,14,59,0,0,0,0.4,risk_path,4,Bot1|Bot2|Bot3|Bot4,,1,0
267,0.20,75,440,1897333980,3152261953,3618,0.643200,496,1339,34-62,30-66,59-38,10,8,53,49,61,57,0,0,1,10,1,10,244,1,10,234,1,button,1,10,10,0,208,0,1.0000,16,0.000102,-1,-1,button,1,10,10,0,208,0,1.0000,16,0.000325,,-1,button,1,10,10,0,208,0,1.0000,16,0.000282,-1,,button,1,10,10,0,208,0,1.0000,16,0.243217,-1,-1,10,0,0,0,0.4,risk_path,4,Bot1|Bot2|Bot3|Bot4,,1,0
268,0.20,75,440,1652118545,685776228,3653,0.649422,509,1418,3-27,46-74,31-68,92,90,71,69,21,21,1,0,1,92,0,,78,0,,,0,fire_reached_bot,0,60,60,0,0,32,0.6522,161,0.001877,10,10,fire_reached_bot,0,125,76,49,-46,44,0.5217,,0.310806,,41,fire_reached_bot,0,114,76,38,-35,42,0.5435,,0.496741,41,,fire_reached_bot,0,125,76,49,-46,44,0.5217,,29.818481,-1,41,125,0,76,49,,no_path,0,,Bot1|Bot2|Bot3|Bot4,0,1
269,0.20,75,440,943373969,2848700176,3631,0.645511,501,1392,10-22,36-18,37-71,38,30,82,76,72,54,0,0,1,38,1,38,308,1,38,270,1,button,1,38,38,0,270,0,1.0000,45,0.000510,-1,-1,button,1,38,38,0,270,0,1.0000,45,0.003573,,-1,button,1,38,38,0,270,0,1.0000,45,0.004147,-1,,button,1,38,38,0,270,0,1.0000,45,3.202884,1,1,38,0,0,0,0.4,risk_path,4,Bot1|Bot2|Bot3|Bot4,,1,0
270,0.20,75,440,1415906743,1027550563,3643,0.647644,499,1344,71-56,1-44,50-21,96,82,60,56,80,72,1,0,1,96,0,,312,1,96,216,1,button,1,96,96,0,107,0,1.0000,318,0.005170,-1,-1,button,1,96,96,0,107,0,1.0000,318,0.041139,,-1,button,1,96,96,0,107,0,1.0000,318,0.053612,-1,,button,1,96,96,0,107,0,1.0000,318,19.761663,9,9,96,0,0,0,0.4,risk_path,4,Bot1|Bot2|Bot3|Bot4,,1,0
271,0.20,75,440,4249967921,3928420346,3633,0.645867,503,1392,3-30,29-44,72-6,50,40,101,93,83,81,0,0,1,50,1,50,319,1,50,269,1,button,1,50,50,0,269,0,1.0000,65,0.001286,-1,-1,button,1,50,50,0,269,0,1.0000,65,0.005407,,-1,button,1,50,50,0,269,0,1.0000,65,0.007645,-1,,button,1,50,50,0,269,0,1.0000,65,5.199630,10,10,50,0,0,0,0.4,risk_path,4,Bot1|Bot2|Bot3|Bot4,,1,0
272,0.20,75,440,3406299465,3246889654,3643,0.647644,495,1345,7-69,26-14,52-56,82,74,64,58,78,68,1,0,1,82,0,,343,1,82,261,1,button,1,82,82,0,176,0,1.0000,196,0.003568,-1,-1,button,1,82,82,0,176,0,1.0000,196,0.025729,,-1,button,1,82,82,0,176,0,1.0000,196,0.040289,-1,,button,1,82,82,0,176,0,1.0000,196,13.871146,1,1,82,0,0,0,0.4,risk_path,4,Bot1|Bot2|Bot3|Bot4,,1,0
273,0.20,75,440,2347823433,2610306846,3633,0.645867,506,1373,13-74,74-39,46-24,106,96,87,83,55,43,1,0,1,106,0,,230,1,106,124,1,button,1,106,106,0,68,0,1.0000,735,0.012727,-1,-1,button,1,106,106,0,68,0,1.0000,735,0.040491,,-1,button,1,106,106,0,68,0,1.0000,735,0.048606,-1,,button,1,106,106,0,71,0,1.0000,735,21.968462,7,7,106,0,0,0,0.4,risk_path,4,Bot1|Bot2|Bot3|Bot4,,1,0
274,0.20,75,440,2266113072,2703714323,3649,0.648711,509,1393,60-40,45-73,70-6,54,48,58,44,108,92,0,0,1,54,1,54,423,1,54,369,1,button,1,54,54,0,261,0,1.0000,60,0.001169,-1,-1,button,1,54,54,0,261,0,1.0000,60,0.009009,,-1,button,1,54,54,0,261,0,1.0000,60,0.009280,-1,,button,1,54,54,0,261,0,1.0000,60,5.085419,-1,-1,54,0,0,0,0.4,risk_path,4,Bot1|Bot2|Bot3|Bot4,,1,0
275,0.20,75,440,572313208,4115807259,3673,0.652978,515,1382,27-14,6-71,71-65,96,78,101,95,101,71,0,0,1,96,1,96,454,1,96,358,1,button,1,96,96,0,338,0,1.0000,96,0.002794,-1,-1,button,1,96,96,0,338,0,1.0000,96,0.053623,,-1,button,1,96,96,0,338,0,1.0000,96,0.069547,-1,,button,1,96,96,0,331,0,1.0000,96,15.832527,76,76,96,0,0,0,0.4,risk_path,4,Bot1|Bot2|Bot3|Bot4,,1,0
276,0.20,75,440,441933108,3198590936,3653,0.649422,500,1388,16-39,72-3,74-20,98,92,85,77,29,19,1,0,1,98,0,,154,1,98,56,1,button,1,98,98,0,18,0,1.0000,123,0.003060,-1,-1,button,1,98,98,0,18,0,1.0000,123,0.034422,,-1,button,1,98,98,0,18,0,1.0000,123,0.048923,-1,,button,1,98,98,0,14,0,1.0000,123,24.363444,47,47,98,18,33,0,0.99,risk_path,4,Bot1|Bot2|Bot3|Bot4,,1,0
277,0.20,75,440,3418122606,1333948928,3641,0.647289,508,1374,47-46,22-43,66-36,32,28,37,29,67,51,0,0,1,32,1,32,291,1,32,259,1,button,1,32,32,0,151,0,1.0000,18,0.000395,-1,-1,button,1,32,32,0,151,0,1.0000,18,0.001751,,-1,button,1,32,32,0,151,0,1.0000,18,0.002672,-1,,button,1,32,32,0,151,0,1.0000,18,1.770952,-1,-1,32,0,0,0,0.4,risk_path,4,Bot1|Bot2|Bot3|Bot4,,1,0
278,0.20,75,440,2893733061,2995401778,3638,0.646756,510,1380,32-62,48-27,5-67,57,51,48,32,89,83,0,0,1,57,1,57,350,1,57,293,1,button,1,57,57,0,199,0,1.0000,101,0.001855,-1,-1,button,1,57,57,0,199,0,1.0000,101,0.011377,,-1,button,1,57,57,0,199,0,1.0000,101,0.016895,-1,,button,1,57,57,0,199,0,1.0000,101,6.853367,22,22,57,0,0,0,0.4,risk_path,4,Bot1|Bot2|Bot3|Bot4,,1,0
279,0.20,75,440,3773649777,926245506,3628,0.644978,495,1368,32-63,60-72,25-22,47,37,60,48,87,85,0,0,1,47,1,47,380,1,47,333,1,button,1,47,47,0,229,0,1.0000,104,0.001447,-1,-1,button,1,47,47,0,229,0,1.0000,104,0.007856,,-1,button,1,47,47,0,229,0,1.0000,104,0.012076,-1,,button,1,47,47,0,229,0,1.0000,104,5.480223,7,7,47,0,0,0,0.4,risk_path,4,Bot1|Bot2|Bot3|Bot4,,1,0
280,0.20,75,440,2985125786,3442015289,3635,0.646222,507,1348,28-4,7-3,50-1,34,22,41,25,63,45,0,0,1,34,1,34,283,1,34,249,1,button,1,34,34,0,160,0,1.0000,30,0.000543,-1,-1,button,1,34,34,0,160,0,1.0000,30,0.002542,,-1,button,1,34,34,0,160,0,1.0000,30,0.003892,-1,,button,1,34,34,0,160,0,1.0000,30,1.919916,-1,-1,34,0,0,0,0.4,risk_path,4,Bot1|Bot2|Bot3|Bot4,,1,0
281,0.20,75,440,2521516864,696713569,3648,0.648533,502,1389,44-7,32-14,41-1,25,19,11,9,28,22,0,0,1,25,1,25,134,1,25,109,1,button,1,25,25,0,35,0,1.0000,18,0.000443,-1,-1,button,1,25,25,0,35,0,1.0000,18,0.001650,,-1,button,1,25,25,0,35,0,1.0000,18,0.002500,-1,,button,1,25,25,0,35,0,1.0000,18,1.773990,-1,-1,25,0,0,0,0.4,risk_path,4,Bot1|Bot2|Bot3|Bot4,,1,0
282,0.20,75,440,3512670226,3470638926,3653,0.649422,513,1374,59-63,33-58,21-65,53,31,74,40,31,19,1,0,1,53,0,,135,1,53,82,1,button,1,53,53,0,80,0,1.0000,162,0.002435,-1,-1,button,1,53,53,0,80,0,1.0000,162,0.011317,,-1,button,1,53,53,0,80,0,1.0000,162,0.014530,-1,,button,1,53,53,0,80,0,1.0000,162,5.485630,-1,-1,53,0,0,0,0.4,risk_path,4,Bot1|Bot2|Bot3|Bot4,,1,0
283,0.20,75,440,139254943,2871586275,3638,0.646756,499,1382,4-42,66-69,7-3,103,89,60,42,127,125,0,0,1,103,1,103,501,1,103,398,1,button,1,103,103,0,146,0,1.0000,303,0.006623,-1,-1,button,1,103,103,0,146,0,1.0000,303,0.061198,,-1,button,1,103,103,0,146,0,1.0000,303,0.069053,-1,,button,1,103,103,0,146,0,1.0000,303,21.791068,38,38,103,0,0,0,0.4,risk_path,4,Bot1|Bot2|Bot3|Bot4,,1,0
284,0.20,75,440,2016013904,2387887068,3654,0.649600,510,1422,62-39,27-35,2-37,59,39,92,62,39,27,1,0,1,59,0,,143,1,59,84,1,button,1,59,59,0,84,0,1.0000,153,0.001774,-1,-1,button,1,59,59,0,84,0,1.0000,153,0.010979,,-1,button,1,59,59,0,84,0,1.0000,153,0.014588,-1,,button,1,59,59,0,84,0,1.0000,153,7.471481,-1,-1,59,0,0,0,0.4,risk_path,4,Bot1|Bot2|Bot3|Bot4,,1,0
285,0.20,75,440,2152869414,3950020351,3662,0.651022,509,1413,46-68,12-66,41-41,46,36,40,32,58,54,0,0,1,46,1,46,238,1,46,192,1,button,1,46,46,0,163,0,1.0000,40,0.000700,-1,-1,button,1,46,46,0,163,0,1.0000,40,0.006168,,-1,button,1,46,46,0,163,0,1.0000,40,0.006645,-1,,button,1,46,46,0,163,0,1.0000,40,4.665549,34,34,46,0,0,0,0.4,risk_path,4,Bot1|Bot2|Bot3|Bot4,,1,0
286,0.20,75,440,1157899962,1993066084,3639,0.646933,494,1362,35-40,45-7,36-3,55,43,56,38,15,13,1,0,1,55,0,,59,1,55,4,0,walked_into_fire,0,45,45,0,-4,10,0.8182,52,0.001048,45,23,button,1,57,57,0,2,0,1.0000,88,0.010021,,23,button,1,55,55,0,4,0,1.0000,84,0.011101,23,,button,1,57,57,0,2,0,1.0000,88,7.490569,34,23,57,27,26,0,0.99,risk_path,3,Bot2|Bot3|Bot4,Bot1,0,0
287,0.20,75,440,3991210846,343377854,3657,0.650133,514,1363,38-53,25-9,44-54,67,57,19,7,86,64,0,0,1,67,1,67,334,1,67,267,1,button,1,67,67,0,92,0,1.0000,43,0.001374,-1,-1,button,1,67,67,0,92,0,1.0000,43,0.019968,,-1,button,1,67,67,0,92,0,1.0000,43,0.020116,-1,,button,1,67,67,0,92,0,1.0000,43,9.365325,65,65,67,0,0,0,0.4,risk_path,4,Bot1|Bot2|Bot3|Bot4,,1,0
288,0.20,75,440,3830897319,2464422491,3661,0.650844,511,1430,65-37,32-41,39-55,47,37,46,44,33,21,1,0,1,47,0,,129,1,47,82,1,button,1,47,47,0,82,0,1.0000,85,0.000936,-1,-1,button,1,47,47,0,82,0,1.0000,85,0.007198,,-1,button,1,47,47,0,82,0,1.0000,85,0.007187,-1,,button,1,47,47,0,82,0,1.0000,85,4.497851,-1,-1,47,0,0,0,0.4,risk_path,4,Bot1|Bot2|Bot3|Bot4,,1,0
289,0.20,75,440,718415510,2147925118,3645,0.648000,499,1380,34-46,50-13,2-73,57,49,61,59,118,108,0,0,1,57,1,57,481,1,57,424,1,button,1,57,57,0,278,0,1.0000,35,0.001196,-1,-1,button,1,57,57,0,278,0,1.0000,35,0.009486,,-1,button,1,57,57,0,278,0,1.0000,35,0.011057,-1,,button,1,57,57,0,280,0,1.0000,35,6.721804,3,3,57,0,0,0,0.4,risk_path,4,Bot1|Bot2|Bot3|Bot4,,1,0
290,0.20,75,440,3810450922,1091198838,3649,0.648711,509,1393,38-31,8-34,21-59,45,33,45,45,44,38,1,0,1,45,0,,202,1,45,157,1,button,1,45,45,0,118,0,1.0000,99,0.001190,-1,-1,button,1,45,45,0,118,0,1.0000,99,0.005853,,-1,button,1,45,45,0,118,0,1.0000,99,0.008356,-1,,button,1,45,45,0,118,0,1.0000,99,4.207119,-1,-1,45,0,0,0,0.4,risk_path,4,Bot1|Bot2|Bot3|Bot4,,1,0
291,0.20,75,440,488650922,3463263512,3635,0.646222,503,1370,28-52,57-36,37-65,51,45,30,22,53,49,0,0,1,51,1,51,204,1,51,153,1,button,1,51,51,0,98,0,1.0000,59,0.000938,-1,-1,button,1,51,51,0,98,0,1.0000,59,0.008155,,-1,button,1,51,51,0,98,0,1.0000,59,0.009318,-1,,button,1,51,51,0,90,0,1.0000,59,5.443675,1,1,51,0,0,0,0.4,risk_path,4,Bot1|Bot2|Bot3|Bot4,,1,0
292,0.20,75,440,1069063252,2129452804,3641,0.647289,498,1356,46-5,62-39,70-24,56,50,59,43,23,23,1,0,1,56,0,,99,1,56,43,1,button,1,56,56,0,43,0,1.0000,74,0.000815,-1,-1,button,1,56,56,0,43,0,1.0000,74,0.014055,,-1,button,1,56,56,0,43,0,1.0000,74,0.008415,-1,,button,1,56,56,0,38,0,1.0000,74,6.615142,22,22,56,3,0,0,0.6,risk_path,4,Bot1|Bot2|Bot3|Bot4,,1,0
293,0.20,75,440,2939677069,3588486604,3656,0.649956,511,1377,31-9,16-62,11-71,74,68,88,82,14,14,1,0,1,74,0,,80,1,74,6,1,button,1,74,74,0,6,0,1.0000,109,0.002303,-1,-1,button,1,74,74,0,6,0,1.0000,109,0.014265,,-1,button,1,74,74,0,6,0,1.0000,109,0.017049,-1,,button,1,74,74,0,6,0,1.0000,109,13.204083,-1,-1,74,12,54,0,0.99,risk_path,4,Bot1|Bot2|Bot3|Bot4,,1,0
294,0.20,75,440,3448987124,1070658387,3646,0.648178,504,1370,1-64,0-32,53-31,51,33,87,85,68,54,0,0,1,51,1,51,275,1,51,224,1,button,1,51,51,0,191,0,1.0000,107,0.001304,-1,-1,button,1,51,51,0,191,0,1.0000,107,0.007004,,-1,button,1,51,51,0,191,0,1.0000,107,0.007971,-1,,button,1,51,51,0,191,0,1.0000,107,6.090141,-1,-1,51,0,0,0,0.4,risk_path,4,Bot1|Bot2|Bot3|Bot4,,1,0
295,0.20,75,440,3957383876,3993555280,3636,0.646400,488,1349,43-23,34-19,37-37,15,13,26,20,23,21,0,0,1,15,1,15,77,1,15,62,1,button,1,15,15,0,55,0,1.0000,20,0.000167,-1,-1,button,1,15,15,0,55,0,1.0000,20,0.000495,,-1,button,1,15,15,0,55,0,1.0000,20,0.000478,-1,,button,1,15,15,0,55,0,1.0000,20,0.450159,-1,-1,15,0,0,0,0.4,risk_path,4,Bot1|Bot2|Bot3|Bot4,,1,0
296,0.20,75,440,1682334534,1630947947,3617,0.643022,503,1320,22-65,9-42,33-4,52,36,102,72,66,62,0,0,1,52,1,52,299,1,52,247,1,button,1,52,52,0,240,0,1.0000,84,0.001136,-1,-1,button,1,52,52,0,240,0,1.0000,84,0.010738,,-1,button,1,52,52,0,240,0,1.0000,84,0.009748,-1,,button,1,52,52,0,247,0,1.0000,84,5.214312,47,47,52,0,0,0,0.4,risk_path,4,Bot1|Bot2|Bot3|Bot4,,1,0
297,0.20,75,440,3826954389,2667375914,3627,0.644800,504,1383,45-29,20-58,24-32,58,54,32,24,34,30,1,0,1,58,0,,147,1,58,89,0,fire_reached_bot,0,27,27,0,0,31,0.4655,37,0.000975,27,27,fire_reached_bot,0,34,34,0,0,24,0.5862,68,0.007843,,33,button,1,68,68,0,3,0,1.0000,238,0.015421,33,,button,1,58,58,0,43,0,1.0000,176,6.983433,4,4,58,0,0,0,0.4,risk_path,2,Bot3|Bot4,Bot1|Bot2,0,0
298,0.20,75,440,1463647553,2324460761,3676,0.653511,516,1382,7-73,14-7,18-37,113,73,73,47,48,34,1,0,1,113,0,,214,1,115,99,0,walked_into_fire,0,64,64,0,-4,49,0.5664,62,0.002533,52,52,button,1,115,115,0,58,0,1.0000,243,0.086045,,-1,button,1,115,115,0,58,0,1.0000,243,0.098218,-1,,button,1,115,115,0,58,0,1.0000,243,28.409003,76,76,115,12,0,0,0.99,risk_path,3,Bot2|Bot3|Bot4,Bot1,0,0
299,0.20,75,440,290523079,465395590,3655,0.649778,518,1381,69-18,62-58,22-38,57,47,77,67,66,60,0,0,1,57,1,57,280,1,57,223,1,button,1,57,57,0,212,0,1.0000,83,0.001124,-1,-1,button,1,57,57,0,212,0,1.0000,83,0.008911,,-1,button,1,57,57,0,212,0,1.0000,83,0.010460,-1,,button,1,57,57,0,212,0,1.0000,83,7.155860,-1,-1,57,0,0,0,0.4,risk_path,4,Bot1|Bot2|Bot3|Bot4,,1,0
300,0.20,75,440,2918341021,4123951292,3643,0.647644,507,1388,3-20,42-65,72-2,98,84,121,87,103,93,0,0,1,98,1,98,445,1,98,347,1,button,1,98,98,0,333,0,1.0000,85,0.002701,-1,-1,button,1,98,98,0,333,0,1.0000,85,0.055674,,-1,button,1,98,98,0,333,0,1.0000,85,0.062527,-1,,button,1,98,98,0,330,0,1.0000,85,21.048596,17,17,98,0,0,0,0.4,risk_path,4,Bot1|Bot2|Bot3|Bot4,,1,0
301,0.20,75,440,1819333381,488089373,3635,0.646222,494,1346,46-31,45-39,54-54,11,9,35,31,24,24,0,0,1,11,1,11,100,1,11,89,1,button,1,11,11,0,89,0,1.0000,4,0.000098,-1,-1,button,1,11,11,0,89,0,1.0000,4,0.000232,,-1,button,1,11,11,0,89,0,1.0000,4,0.000348,-1,,button,1,11,11,0,89,0,1.0000,4,0.488012,-1,-1,11,0,0,0,0.4,risk_path,4,Bot1|Bot2|Bot3|Bot4,,1,0
302,0.20,75,440,1770019578,3777455532,3626,0.644622,501,1376,59-48,49-47,28-6,21,11,73,73,64,62,0,0,1,21,1,21,292,1,21,271,1,button,1,21,21,0,271,0,1.0000,16,0.000304,-1,-1,button,1,21,21,0,271,0,1.0000,16,0.001101,,-1,button,1,21,21,0,271,0,1.0000,16,0.001461,-1,,button,1,21,21,0,271,0,1.0000,16,1.355428,8,8,21,0,0,0,0.4,risk_path,4,Bot1|Bot2|Bot3|Bot4,,1,0
303,0.20,75,440,1560084379,2039133605,3629,0.645156,497,1345,39-25,1-70,74-53,97,83,69,63,96,90,1,0,1,97,0,,344,1,97,247,1,button,1,97,97,0,139,0,1.0000,332,0.005014,-1,-1,button,1,97,97,0,139,0,1.0000,332,0.049440,,-1,button,1,97,97,0,139,0,1.0000,332,0.074949,-1,,button,1,97,97,0,139,0,1.0000,332,18.868648,-1,-1,97,0,0,0,0.4,risk_path,4,Bot1|Bot2|Bot3|Bot4,,1,0
304,0.20,75,440,3262132408,1721014697,3658,0.650311,496,1385,65-54,0-53,27-37,96,66,59,55,49,43,1,0,1,96,0,,184,1,96,88,1,button,1,96,96,0,22,0,1.0000,252,0.003944,-1,-1,button,1,96,96,0,22,0,1.0000,252,0.050632,,-1,button,1,96,96,0,22,0,1.0000,252,0.055230,-1,,button,1,96,96,0,22,0,1.0000,252,20.397077,-1,-1,96,13,0,0,0.99,risk_path,4,Bot1|Bot2|Bot3|Bot4,,1,0
305,0.20,75,440,77630353,3086096505,3634,0.646044,490,1370,32-73,64-44,11-31,65,61,67,63,74,66,0,0,1,65,1,65,352,1,65,287,1,button,1,65,65,0,219,0,1.0000,129,0.001605,-1,-1,button,1,65,65,0,219,0,1.0000,129,0.010415,,-1,button,1,65,65,0,219,0,1.0000,129,0.011629,-1,,button,1,65,65,0,219,0,1.0000,129,8.891606,9,9,65,0,0,0,0.4,risk_path,4,Bot1|Bot2|Bot3|Bot4,,1,0
306,0.20,75,440,3978666814,258631395,3644,0.647822,494,1394,3-14,7-13,33-47,15,5,73,63,68,60,0,0,1,15,1,15,260,1,15,245,1,button,1,15,15,0,237,0,1.0000,11,0.000178,-1,-1,button,1,15,15,0,237,0,1.0000,11,0.000422,,-1,button,1,15,15,0,237,0,1.0000,11,0.000455,-1,,button,1,15,15,0,237,0,1.0000,11,0.442008,-1,-1,15,0,0,0,0.4,risk_path,4,Bot1|Bot2|Bot3|Bot4,,1,0
307,0.20,75,440,1680995527,3003881739,3653,0.649422,507,1391,65-55,74-12,61-23,66,52,44,36,24,24,1,0,1,66,0,,121,1,66,55,0,walked_into_fire,0,38,38,0,-5,28,0.5758,37,0.000990,34,34,button,1,66,66,0,19,0,1.0000,136,0.014003,,-1,button,1,66,66,0,19,0,1.0000,136,0.016754,-1,,button,1,66,66,0,19,0,1.0000,136,10.129105,51,51,66,11,28,0,0.99,risk_path,3,Bot2|Bot3|Bot4,Bot1,0,0
308,0.20,75,440,3117523694,2309348517,3656,0.649956,515,1390,15-41,1-38,23-35,31,17,14,14,39,25,0,0,1,31,1,31,195,1,31,164,1,button,1,31,31,0,48,0,1.0000,44,0.000444,-1,-1,button,1,31,31,0,48,0,1.0000,44,0.001884,,-1,button,1,31,31,0,48,0,1.0000,44,0.002543,-1,,button,1,31,31,0,48,0,1.0000,44,2.366830,-1,-1,31,0,0,0,0.4,risk_path,4,Bot1|Bot2|Bot3|Bot4,,1,0
309,0.20,75,440,2835355592,297263676,3627,0.644800,500,1373,11-50,68-37,68-60,86,70,97,67,41,23,1,0,1,86,0,,176,1,86,90,1,button,1,86,86,0,67,0,1.0000,135,0.002641,-1,-1,button,1,86,86,0,67,0,1.0000,135,0.027944,,-1,button,1,86,86,0,67,0,1.0000,135,0.036747,-1,,button,1,86,86,0,66,0,1.0000,135,15.431197,52,52,86,0,0,0,0.4,risk_path,4,Bot1|Bot2|Bot3|Bot4,,1,0
310,0.20,75,440,2898697772,2994729344,3622,0.643911,510,1334,29-24,19-52,44-21,56,38,22,18,58,56,0,0,1,56,1,56,281,1,56,225,1,button,1,56,56,0,100,0,1.0000,142,0.001776,-1,-1,button,1,56,56,0,100,0,1.0000,142,0.014042,,-1,button,1,56,56,0,100,0,1.0000,142,0.015363,-1,,button,1,56,56,0,100,0,1.0000,142,6.602582,-1,-1,56,0,0,0,0.4,risk_path,4,Bot1|Bot2|Bot3|Bot4,,1,0
311,0.20,75,440,1005567868,222496869,3643,0.647644,506,1381,16-45,13-59,40-62,35,17,65,41,50,30,0,0,1,35,1,35,192,1,35,157,1,button,1,35,35,0,157,0,1.0000,33,0.000436,-1,-1,button,1,35,35,0,157,0,1.0000,33,0.002557,,-1,button,1,35,35,0,157,0,1.0000,33,0.003059,-1,,button,1,35,35,0,157,0,1.0000,33,2.036412,-1,-1,35,0,0,0,0.4,risk_path,4,Bot1|Bot2|Bot3|Bot4,,1,0
312,0.20,75,440,3042795674,2137903543,3656,0.649956,523,1394,37-7,45-46,3-20,65,47,55,47,74,68,0,0,1,65,1,65,269,1,65,204,1,button,1,65,65,0,179,0,1.0000,83,0.001700,-1,-1,button,1,65,65,0,179,0,1.0000,83,0.010049,,-1,button,1,65,65,0,179,0,1.0000,83,0.011988,-1,,button,1,65,65,0,187,0,1.0000,83,9.279012,39,39,65,0,0,0,0.4,risk_path,4,Bot1|Bot2|Bot3|Bot4,,1,0
313,0.20,75,440,1246630585,1554748669,3644,0.647822,515,1381,70-15,74-36,60-13,39,25,58,12,53,37,0,0,1,39,1,39,230,1,39,191,1,button,1,39,39,0,147,0,1.0000,33,0.000844,-1,-1,button,1,39,39,0,147,0,1.0000,33,0.003934,,-1,button,1,39,39,0,147,0,1.0000,33,0.004537,-1,,button,1,39,39,0,147,0,1.0000,33,2.918600,25,25,39,0,0,0,0.4,risk_path,4,Bot1|Bot2|Bot3|Bot4,,1,0
314,0.20,75,440,2358439391,771830428,3651,0.649067,506,1369,54-13,45-40,7-28,40,36,82,62,62,50,0,0,1,40,1,40,305,1,40,265,1,button,1,40,40,0,250,0,1.0000,25,0.000655,-1,-1,button,1,40,40,0,250,0,1.0000,25,0.002814,,-1,button,1,40,40,0,250,0,1.0000,25,0.002958,-1,,button,1,40,40,0,250,0,1.0000,25,3.987138,-1,-1,40,0,0,0,0.4,risk_path,4,Bot1|Bot2|Bot3|Bot4,,1,0
315,0.20,75,440,773523320,1401553363,3618,0.643200,495,1376,24-48,24-35,13-9,19,13,58,50,53,37,0,0,1,19,1,19,282,1,19,263,1,button,1,19,19,0,223,0,1.0000,33,0.000411,-1,-1,button,1,19,19,0,223,0,1.0000,33,0.000751,,-1,button,1,19,19,0,223,0,1.0000,33,0.000865,-1,,button,1,19,19,0,223,0,1.0000,33,0.856235,6,6,19,0,0,0,0.4,risk_path,4,Bot1|Bot2|Bot3|Bot4,,1,0
316,0.20,75,440,1738134723,2008269550,3615,0.642667,493,1361,13-28,74-55,16-9,92,88,34,22,108,104,0,0,1,92,1,92,417,1,92,325,1,button,1,92,92,0,132,0,1.0000,118,0.002535,-1,-1,button,1,92,92,0,132,0,1.0000,118,0.032525,,-1,button,1,92,92,0,132,0,1.0000,118,0.036554,-1,,button,1,92,92,0,132,0,1.0000,118,17.308064,15,15,92,0,0,0,0.4,risk_path,4,Bot1|Bot2|Bot3|Bot4,,1,0
317,0.20,75,440,979263756,953799673,3669,0.652267,502,1402,13-59,8-50,29-50,16,14,31,25,31,21,0,0,1,16,1,16,153,1,16,137,1,button,1,16,16,0,105,0,1.0000,9,0.000167,-1,-1,button,1,16,16,0,105,0,1.0000,9,0.000390,,-1,button,1,16,16,0,105,0,1.0000,9,0.000455,-1,,button,1,16,16,0,105,0,1.0000,9,0.785810,-1,-1,16,0,0,0,0.4,risk_path,4,Bot1|Bot2|Bot3|Bot4,,1,0
318,0.20,75,440,1739095726,662417193,3613,0.642311,484,1308,66-39,40-23,28-18,42,42,59,59,17,17,1,0,1,42,0,,59,1,42,17,1,button,1,42,42,0,17,0,1.0000,72,0.000743,-1,-1,button,1,42,42,0,17,0,1.0000,72,0.003461,,-1,button,1,42,42,0,17,0,1.0000,72,0.003986,-1,,button,1,42,42,0,17,0,1.0000,72,2.937857,-1,-1,42,2,0,0,0.6,risk_path,4,Bot1|Bot2|Bot3|Bot4,,1,0
319,0.20,75,440,868483726,487361327,3650,0.648889,508,1404,55-23,16-9,32-68,67,53,68,68,83,75,0,0,1,67,1,67,347,1,67,280,1,button,1,67,67,0,260,0,1.0000,222,0.003534,-1,-1,button,1,67,67,0,260,0,1.0000,222,0.017976,,-1,button,1,67,67,0,260,0,1.0000,222,0.020316,-1,,button,1,67,67,0,260,0,1.0000,222,7.832085,-1,-1,67,0,0,0,0.4,risk_path,4,Bot1|Bot2|Bot3|Bot4,,1,0
320,0.20,75,440,780381394,1436591598,3617,0.643022,490,1335,61-29,72-65,25-35,67,47,64,42,83,77,0,0,1,67,1,67,360,1,67,293,1,button,1,67,67,0,234,0,1.0000,223,0.003953,-1,-1,button,1,67,67,0,234,0,1.0000,223,0.018397,,-1,button,1,67,67,0,234,0,1.0000,223,0.021311,-1,,button,1,67,67,0,234,0,1.0000,223,7.289389,9,9,67,0,0,0,0.4,risk_path,4,Bot1|Bot2|Bot3|Bot4,,1,0
321,0.20,75,440,3438593776,3903306868,3635,0.646222,502,1352,60-59,50-8,12-9,89,61,106,98,51,39,1,0,1,89,0,,232,1,89,143,1,button,1,89,89,0,125,0,1.0000,247,0.003805,-1,-1,button,1,89,89,0,125,0,1.0000,247,0.034560,,-1,button,1,89,89,0,125,0,1.0000,247,0.044769,-1,,button,1,89,89,0,125,0,1.0000,247,15.232879,-1,-1,89,0,0,0,0.4,risk_path,4,Bot1|Bot2|Bot3|Bot4,,1,0
322,0.20,75,440,3986935069,3858830174,3609,0.641600,489,1337,31-41,40-34,16-58,18,16,38,32,56,48,0,0,1,18,1,18,203,1,18,185,1,button,1,18,18,0,152,0,1.0000,20,0.000239,-1,-1,button,1,18,18,0,152,0,1.0000,20,0.000666,,-1,button,1,18,18,0,152,0,1.0000,20,0.000735,-1,,button,1,18,18,0,152,0,1.0000,20,0.631459,4,4,18,0,0,0,0.4,risk_path,4,Bot1|Bot2|Bot3|Bot4,,1,0
323,0.20,75,440,509776406,2567658253,3634,0.646044,501,1378,47-21,69-44,53-74,53,45,81,59,48,46,1,0,1,53,0,,227,1,53,174,1,button,1,53,53,0,174,0,1.0000,46,0.001005,-1,-1,button,1,53,53,0,174,0,1.0000,46,0.008291,,-1,button,1,53,53,0,174,0,1.0000,46,0.008796,-1,,button,1,53,53,0,174,0,1.0000,46,6.386655,35,35,53,0,0,0,0.4,risk_path,4,Bot1|Bot2|Bot3|Bot4,,1,0
324,0.20,75,440,1895927736,3210878789,3644,0.647822,498,1357,21-58,33-29,37-60,47,41,24,18,53,35,0,0,1,47,1,47,236,1,47,189,1,button,1,47,47,0,90,0,1.0000,62,0.000966,-1,-1,button,1,47,47,0,90,0,1.0000,62,0.007633,,-1,button,1,47,47,0,90,0,1.0000,62,0.007470,-1,,button,1,47,47,0,86,0,1.0000,62,4.548412,1,1,47,0,0,0,0.4,risk_path,4,Bot1|Bot2|Bot3|Bot4,,1,0
325,0.20,75,440,75942277,1867417450,3633,0.645867,498,1373,42-69,9-37,54-41,67,65,52,40,73,49,0,0,1,67,1,67,326,1,67,259,1,button,1,67,67,0,202,0,1.0000,150,0.001792,-1,-1,button,1,67,67,0,202,0,1.0000,150,0.010950,,-1,button,1,67,67,0,202,0,1.0000,150,0.013015,-1,,button,1,67,67,0,202,0,1.0000,150,9.653537,-1,-1,67,0,0,0,0.4,risk_path,4,Bot1|Bot2|Bot3|Bot4,,1,0
326,0.20,75,440,4250529820,1484301454,3643,0.647644,502,1368,33-23,2-23,69-51,49,31,74,64,107,95,0,0,1,49,1,49,440,1,49,391,1,button,1,49,49,0,288,0,1.0000,92,0.001342,-1,-1,button,1,49,49,0,288,0,1.0000,92,0.007698,,-1,button,1,49,49,0,288,0,1.0000,92,0.008622,-1,,button,1,49,49,0,288,0,1.0000,92,5.253530,-1,-1,49,0,0,0,0.4,risk_path,4,Bot1|Bot2|Bot3|Bot4,,1,0
327,0.20,75,440,3071567326,2258578127,3628,0.644978,495,1351,17-29,32-6,61-47,52,38,68,62,86,70,0,0,1,52,1,52,360,1,52,308,1,button,1,52,52,0,228,0,1.0000,123,0.001645,-1,-1,button,1,52,52,0,228,0,1.0000,123,0.012290,,-1,button,1,52,52,0,228,0,1.0000,123,0.017773,-1,,button,1,52,52,0,228,0,1.0000,123,6.191352,-1,-1,52,0,0,0,0.4,risk_path,4,Bot1|Bot2|Bot3|Bot4,,1,0
328,0.20,75,440,407302120,1091993989,3642,0.647467,494,1375,69-30,27-56,9-73,68,68,105,103,41,35,1,0,1,68,0,,172,1,68,104,1,button,1,68,68,0,104,0,1.0000,101,0.001531,-1,-1,button,1,68,68,0,104,0,1.0000,101,0.011737,,-1,button,1,68,68,0,104,0,1.0000,101,0.023139,-1,,button,1,68,68,0,104,0,1.0000,101,9.774553,-1,-1,68,0,0,0,0.4,risk_path,4,Bot1|Bot2|Bot3|Bot4,,1,0
329,0.20,75,440,403694093,443635467,3638,0.646756,512,1379,43-13,3-72,5-9,105,99,52,42,99,65,1,0,1,105,0,,383,1,105,278,1,button,1,105,105,0,129,0,1.0000,289,0.004703,-1,-1,button,1,105,105,0,129,0,1.0000,289,0.044352,,-1,button,1,105,105,0,129,0,1.0000,289,0.059032,-1,,button,1,105,105,0,129,0,1.0000,289,23.508428,-1,-1,105,0,0,0,0.4,risk_path,4,Bot1|Bot2|Bot3|Bot4,,1,0
330,0.20,75,440,2933929372,24815168,3657,0.650133,506,1413,16-47,12-13,7-1,58,38,71,55,21,17,1,0,1,58,0,,76,1,58,18,1,button,1,58,58,0,18,0,1.0000,92,0.001636,-1,-1,button,1,58,58,0,18,0,1.0000,92,0.016926,,-1,button,1,58,58,0,18,0,1.0000,92,0.021106,-1,,button,1,58,58,0,18,0,1.0000,92,7.954275,-1,-1,58,8,0,0,0.99,risk_path,4,Bot1|Bot2|Bot3|Bot4,,1,0
331,0.20,75,440,571489985,3669167757,3662,0.651022,499,1410,27-33,16-4,24-50,66,40,26,20,70,54,0,0,1,66,1,66,340,1,66,274,1,button,1,66,66,0,70,0,1.0000,213,0.002264,-1,-1,button,1,66,66,0,70,0,1.0000,213,0.015785,,-1,button,1,66,66,0,70,0,1.0000,213,0.017857,-1,,button,1,66,66,0,70,0,1.0000,213,9.331812,-1,-1,66,0,0,0,0.4,risk_path,4,Bot1|Bot2|Bot3|Bot4,,1,0
332,0.20,75,440,2718824820,2814868908,3642,0.647467,500,1367,69-72,7-71,1-31,107,63,123,109,68,46,1,0,1,107,0,,311,1,107,204,1,button,1,107,107,0,198,0,1.0000,149,0.003300,-1,-1,button,1,107,107,0,198,0,1.0000,149,0.053741,,-1,button,1,107,107,0,198,0,1.0000,149,0.060622,-1,,button,1,107,107,0,198,0,1.0000,149,25.472663,-1,-1,107,0,0,0,0.4,risk_path,4,Bot1|Bot2|Bot3|Bot4,,1,0
333,0.20,75,440,1458069241,3379700867,3616,0.642844,488,1368,54-44,9-44,37-18,71,45,51,43,70,54,1,0,1,71,0,,361,1,71,290,1,button,1,71,71,0,134,0,1.0000,141,0.002372,-1,-1,button,1,71,71,0,134,0,1.0000,141,0.024774,,-1,button,1,71,71,0,134,0,1.0000,141,0.027199,-1,,button,1,71,71,0,134,0,1.0000,141,9.870407,-1,-1,71,0,0,0,0.4,risk_path,4,Bot1|Bot2|Bot3|Bot4,,1,0
334,0.20,75,440,110822976,411924728,3637,0.646578,500,1351,9-14,47-13,64-72,57,39,113,113,90,76,0,0,1,57,1,57,350,1,57,293,1,button,1,57,57,0,293,0,1.0000,93,0.001338,-1,-1,button,1,57,57,0,293,0,1.0000,93,0.007904,,-1,button,1,57,57,0,293,0,1.0000,93,0.009712,-1,,button,1,57,57,0,293,0,1.0000,93,6.880898,30,30,57,0,0,0,0.4,risk_path,4,Bot1|Bot2|Bot3|Bot4,,1,0
335,0.20,75,440,3526644172,994635310,3650,0.648889,506,1412,56-5,54-63,8-20,98,60,75,63,97,89,1,0,1,98,0,,365,1,98,267,1,button,1,98,98,0,248,0,1.0000,369,0.005522,-1,-1,button,1,98,98,0,248,0,1.0000,369,0.063841,,-1,button,1,98,98,0,248,0,1.0000,369,0.075165,-1,,button,1,98,98,0,248,0,1.0000,369,20.526968,-1,-1,98,0,0,0,0.4,risk_path,4,Bot1|Bot2|Bot3|Bot4,,1,0
336,0.20,75,440,1087217453,2269991397,3621,0.643733,494,1334,22-61,69-15,6-53,93,93,28,24,111,101,0,0,1,93,1,93,442,1,93,349,1,button,1,93,93,0,100,0,1.0000,299,0.003571,-1,-1,button,1,93,93,0,100,0,1.0000,299,0.024372,,-1,button,1,93,93,0,100,0,1.0000,299,0.027093,-1,,button,1,93,93,0,100,0,1.0000,299,18.060703,9,9,93,0,0,0,0.4,risk_path,4,Bot1|Bot2|Bot3|Bot4,,1,0
337,0.20,75,440,4182190525,591908680,3630,0.645333,507,1374,56-6,63-6,60-53,15,7,63,51,64,50,0,0,1,15,1,15,315,1,15,300,1,button,1,15,15,0,282,0,1.0000,14,0.000190,-1,-1,button,1,15,15,0,282,0,1.0000,14,0.000409,,-1,button,1,15,15,0,282,0,1.0000,14,0.000459,-1,,button,1,15,15,0,300,0,1.0000,14,0.438646,1,1,15,0,0,0,0.4,risk_path,4,Bot1|Bot2|Bot3|Bot4,,1,0
338,0.20,75,440,131814599,1043486984,3657,0.650133,523,1389,39-55,70-4,56-15,84,82,63,57,25,25,1,0,1,84,0,,112,1,90,22,0,walked_into_fire,0,58,58,0,-1,26,0.6905,164,0.001739,57,57,button,1,92,92,0,1,0,1.0000,423,0.021630,,70,button,1,90,90,0,1,0,1.0000,406,0.025754,70,,button,1,90,90,0,1,0,1.0000,406,17.900743,44,44,90,17,43,0,0.99,risk_path,3,Bot2|Bot3|Bot4,Bot1,0,0
339,0.20,75,440,1857643394,677001930,3667,0.651911,510,1436,66-71,67-49,25-46,29,23,70,66,57,45,0,0,1,29,1,29,271,1,29,242,1,button,1,29,29,0,242,0,1.0000,12,0.000294,-1,-1,button,1,29,29,0,242,0,1.0000,12,0.001685,,-1,button,1,29,29,0,242,0,1.0000,12,0.002060,-1,,button,1,29,29,0,242,0,1.0000,12,2.199802,20,20,29,0,0,0,0.4,risk_path,4,Bot1|Bot2|Bot3|Bot4,,1,0
340,0.20,75,440,3864308138,3978975570,3644,0.647822,513,1385,10-9,61-25,64-45,83,67,100,90,27,23,1,0,1,83,0,,106,1,83,23,1,button,1,83,83,0,23,0,1.0000,229,0.003185,-1,-1,button,1,83,83,0,23,0,1.0000,229,0.036978,,-1,button,1,83,83,0,23,0,1.0000,229,0.039261,-1,,button,1,83,83,0,23,0,1.0000,229,15.768652,36,36,83,16,24,0,0.99,risk_path,4,Bot1|Bot2|Bot3|Bot4,,1,0
341,0.20,75,440,3005494717,346531541,3669,0.652267,514,1446,23-73,11-56,43-56,29,29,51,37,56,32,0,0,1,29,1,29,225,1,29,196,1,button,1,29,29,0,193,0,1.0000,10,0.000305,-1,-1,button,1,29,29,0,193,0,1.0000,10,0.001583,,-1,button,1,29,29,0,193,0,1.0000,10,0.001657,-1,,button,1,29,29,0,193,0,1.0000,10,2.210550,-1,-1,29,0,0,0,0.4,risk_path,4,Bot1|Bot2|Bot3|Bot4,,1,0
342,0.20,75,440,2387691047,1277799577,3628,0.644978,496,1375,63-32,0-59,64-69,110,90,48,38,108,74,1,0,1,110,0,,441,1,110,331,1,button,1,110,110,0,189,0,1.0000,293,0.006758,-1,-1,button,1,110,110,0,189,0,1.0000,293,0.091006,,-1,button,1,110,110,0,189,0,1.0000,293,0.115665,-1,,button,1,110,110,0,189,0,1.0000,293,25.590819,80,80,110,0,0,0,0.4,risk_path,4,Bot1|Bot2|Bot3|Bot4,,1,0
343,0.20,75,440,909155234,2602241716,3644,0.647822,500,1364,16-23,49-50,35-2,60,60,42,40,74,62,0,0,1,60,1,60,342,1,60,282,1,button,1,60,60,0,160,0,1.0000,50,0.000933,-1,-1,button,1,60,60,0,160,0,1.0000,50,0.007042,,-1,button,1,60,60,0,160,0,1.0000,50,0.010567,-1,,button,1,60,60,0,160,0,1.0000,50,7.461432,1,1,60,0,0,0,0.4,risk_path,4,Bot1|Bot2|Bot3|Bot4,,1,0
344,0.20,75,440,3582665592,3009362077,3649,0.648711,507,1382,35-73,60-54,29-72,46,44,9,7,55,49,0,0,1,46,1,46,250,1,46,204,1,button,1,46,46,0,45,0,1.0000,29,0.000645,-1,-1,button,1,46,46,0,45,0,1.0000,29,0.004459,,-1,button,1,46,46,0,45,0,1.0000,29,0.005677,-1,,button,1,46,46,0,45,0,1.0000,29,4.345989,-1,-1,46,0,0,0,0.4,risk_path,4,Bot1|Bot2|Bot3|Bot4,,1,0
345,0.20,75,440,2398338138,2828610287,3658,0.650311,518,1407,57-10,11-57,39-61,101,93,79,69,44,32,1,0,1,101,0,,227,1,101,126,1,button,1,101,101,0,100,0,1.0000,362,0.005087,-1,-1,button,1,101,101,0,100,0,1.0000,362,0.047389,,-1,button,1,101,101,0,100,0,1.0000,362,0.064171,-1,,button,1,101,101,0,100,0,1.0000,362,21.397397,-1,-1,101,1,0,0,0.6,risk_path,4,Bot1|Bot2|Bot3|Bot4,,1,0
346,0.20,75,440,1634039232,257003492,3623,0.644089,481,1315,15-50,50-34,67-55,55,51,73,57,58,38,0,0,1,55,1,55,247,1,55,192,1,button,1,55,55,0,172,0,1.0000,85,0.001210,-1,-1,button,1,55,55,0,172,0,1.0000,85,0.007608,,-1,button,1,55,55,0,172,0,1.0000,85,0.011082,-1,,button,1,55,55,0,165,0,1.0000,85,6.320765,9,9,55,0,0,0,0.4,risk_path,4,Bot1|Bot2|Bot3|Bot4,,1,0
347,0.20,75,440,2513077685,551885425,3649,0.648711,526,1370,16-2,51-8,61-32,45,41,77,75,40,34,1,0,1,45,0,,182,1,45,137,1,button,1,45,45,0,137,0,1.0000,61,0.001269,-1,-1,button,1,45,45,0,137,0,1.0000,61,0.003694,,-1,button,1,45,45,0,137,0,1.0000,61,0.005003,-1,,button,1,45,45,0,137,0,1.0000,61,4.026413,-1,-1,45,0,0,0,0.4,risk_path,4,Bot1|Bot2|Bot3|Bot4,,1,0
348,0.20,75,440,2812461286,2193935649,3611,0.641956,483,1301,15-34,23-68,70-39,52,42,84,60,90,76,0,0,1,52,1,52,363,1,52,311,1,button,1,52,52,0,295,0,1.0000,55,0.000962,-1,-1,button,1,52,52,0,295,0,1.0000,55,0.008486,,-1,button,1,52,52,0,295,0,1.0000,55,0.009746,-1,,button,1,52,52,0,295,0,1.0000,55,5.574432,5,5,52,0,0,0,0.4,risk_path,4,Bot1|Bot2|Bot3|Bot4,,1,0
349,0.20,75,440,1831191962,3675714604,3639,0.646933,513,1405,21-49,42-73,62-57,47,45,61,49,38,36,1,0,1,47,0,,158,1,47,111,1,button,1,47,47,0,104,0,1.0000,54,0.000828,-1,-1,button,1,47,47,0,104,0,1.0000,54,0.005958,,-1,button,1,47,47,0,104,0,1.0000,54,0.007507,-1,,button,1,47,47,0,104,0,1.0000,54,4.526943,6,6,47,0,0,0,0.4,risk_path,4,Bot1|Bot2|Bot3|Bot4,,1,0
350,0.20,75,440,2219431423,1820989950,3664,0.651378,510,1364,40-51,48-66,2-54,35,23,61,41,64,58,0,0,1,35,1,35,269,1,35,234,1,button,1,35,35,0,222,0,1.0000,23,0.000372,-1,-1,button,1,35,35,0,222,0,1.0000,23,0.002533,,-1,button,1,35,35,0,222,0,1.0000,23,0.003478,-1,,button,1,35,35,0,226,0,1.0000,23,2.161612,9,9,35,0,0,0,0.4,risk_path,4,Bot1|Bot2|Bot3|Bot4,,1,0
351,0.20,75,440,509892709,3321225519,3631,0.645511,492,1334,68-20,35-61,33-59,76,74,84,74,8,4,1,0,1,76,0,,81,1,76,5,1,button,1,76,76,0,5,0,1.0000,14,0.000662,-1,-1,button,1,76,76,0,5,0,1.0000,14,0.010186,,-1,button,1,76,76,0,5,0,1.0000,14,0.011038,-1,,button,1,76,76,0,5,0,1.0000,14,14.083405,-1,-1,76,15,50,0,0.99,risk_path,4,Bot1|Bot2|Bot3|Bot4,,1,0
352,0.20,75,440,410674036,2790386272,3625,0.644444,506,1354,26-67,69-15,65-27,97,95,79,79,18,16,1,0,1,97,0,,106,0,,,0,walked_into_fire,0,68,68,0,-7,29,0.7010,127,0.001639,39,39,fire_reached_bot,0,120,92,28,-13,31,0.6804,,0.175978,,62,fire_reached_bot,0,137,92,45,-30,25,0.7423,,0.506613,62,,fire_reached_bot,0,120,92,28,-13,31,0.6804,,25.361488,-1,62,120,0,92,28,,no_path,0,,Bot1|Bot2|Bot3|Bot4,0,1
353,0.20,75,440,43560433,194753494,3664,0.651378,509,1414,18-45,35-35,14-41,29,27,10,8,31,27,0,0,1,29,1,29,122,1,29,93,1,button,1,29,29,0,29,0,1.0000,44,0.000440,-1,-1,button,1,29,29,0,29,0,1.0000,44,0.001630,,-1,button,1,29,29,0,29,0,1.0000,44,0.001903,-1,,button,1,29,29,0,29,0,1.0000,44,1.395259,13,13,29,0,0,0,0.4,risk_path,4,Bot1|Bot2|Bot3|Bot4,,1,0
354,0.20,75,440,4123683559,484405637,3632,0.645689,495,1346,35-23,17-71,73-61,72,66,80,76,106,66,0,0,1,72,1,72,467,1,72,395,1,button,1,72,72,0,259,0,1.0000,151,0.002491,-1,-1,button,1,72,72,0,259,0,1.0000,151,0.019605,,-1,button,1,72,72,0,259,0,1.0000,151,0.024317,-1,,button,1,72,72,0,259,0,1.0000,151,8.129395,-1,-1,72,0,0,0,0.4,risk_path,4,Bot1|Bot2|Bot3|Bot4,,1,0
355,0.20,75,440,2102547529,3795932170,3646,0.648178,505,1407,50-36,69-58,9-56,41,41,71,61,84,62,0,0,1,41,1,41,353,1,41,312,1,button,1,41,41,0,276,0,1.0000,102,0.001297,-1,-1,button,1,41,41,0,276,0,1.0000,102,0.004107,,-1,button,1,41,41,0,276,0,1.0000,102,0.004884,-1,,button,1,41,41,0,276,0,1.0000,102,2.729358,22,22,41,0,0,0,0.4,risk_path,4,Bot1|Bot2|Bot3|Bot4,,1,0
356,0.20,75,440,1989372477,1712784801,3669,0.652267,524,1424,21-34,59-12,66-55,66,60,78,66,60,50,1,0,1,66,0,,243,1,66,177,1,button,1,66,66,0,152,0,1.0000,216,0.003790,-1,-1,button,1,66,66,0,152,0,1.0000,216,0.012685,,-1,button,1,66,66,0,152,0,1.0000,216,0.021205,-1,,button,1,66,66,0,152,0,1.0000,216,7.318696,1,1,66,0,0,0,0.4,risk_path,4,Bot1|Bot2|Bot3|Bot4,,1,0
357,0.20,75,440,3146175691,832631895,3635,0.646222,504,1390,18-0,68-9,10-61,87,59,87,69,126,110,0,0,1,87,1,87,489,1,87,402,1,button,1,87,87,0,323,0,1.0000,181,0.004152,-1,-1,button,1,87,87,0,323,0,1.0000,181,0.035933,,-1,button,1,87,87,0,323,0,1.0000,181,0.040788,-1,,button,1,87,87,0,323,0,1.0000,181,12.115378,2,2,87,0,0,0,0.4,risk_path,4,Bot1|Bot2|Bot3|Bot4,,1,0
358,0.20,75,440,619419441,2208452547,3652,0.649244,505,1413,54-66,47-12,11-43,71,61,70,66,77,67,0,0,1,71,1,71,301,1,71,230,1,button,1,71,71,0,141,0,1.0000,220,0.003390,-1,-1,button,1,71,71,0,141,0,1.0000,220,0.013917,,-1,button,1,71,71,0,141,0,1.0000,220,0.019517,-1,,button,1,71,71,0,141,0,1.0000,220,8.513157,-1,-1,71,0,0,0,0.4,risk_path,4,Bot1|Bot2|Bot3|Bot4,,1,0
359,0.20,75,440,1223795627,3036548846,3649,0.648711,506,1394,57-7,12-54,8-43,92,92,87,85,21,15,1,0,1,92,0,,84,0,,,0,walked_into_fire,0,76,76,0,-1,16,0.8261,145,0.003229,63,63,fire_reached_bot,0,90,84,6,-5,8,0.9130,,0.060985,,79,fire_reached_bot,0,108,84,24,-23,10,0.8913,,0.090594,79,,fire_reached_bot,0,90,84,6,-5,8,0.9130,,16.633538,-1,79,90,0,84,6,,no_path,0,,Bot1|Bot2|Bot3|Bot4,0,1
360,0.20,75,440,579359964,1186995808,3635,0.646222,507,1379,22-42,54-3,35-52,77,71,23,23,78,68,0,0,1,77,1,77,296,1,77,219,1,button,1,77,77,0,37,0,1.0000,343,0.005007,-1,-1,button,1,77,77,0,37,0,1.0000,343,0.017052,,-1,button,1,77,77,0,37,0,1.0000,343,0.027243,-1,,button,1,77,77,0,37,0,1.0000,343,9.424815,21,21,77,0,0,0,0.4,risk_path,4,Bot1|Bot2|Bot3|Bot4,,1,0
361,0.20,75,440,2365814492,1911836688,3652,0.649244,497,1410,17-70,13-44,49-34,44,30,72,68,52,46,0,0,1,44,1,44,221,1,44,177,1,button,1,44,44,0,172,0,1.0000,49,0.001142,-1,-1,button,1,44,44,0,172,0,1.0000,49,0.005494,,-1,button,1,44,44,0,172,0,1.0000,49,0.005836,-1,,button,1,44,44,0,172,0,1.0000,49,3.134364,-1,-1,44,0,0,0,0.4,risk_path,4,Bot1|Bot2|Bot3|Bot4,,1,0
362,0.20,75,440,1556033072,2435529583,3641,0.647289,503,1362,41-9,37-54,29-58,73,49,81,61,12,12,1,0,1,73,0,,53,0,,,0,walked_into_fire,0,70,70,0,-16,3,0.9589,,0.003247,54,54,fire_reached_bot,0,159,53,106,-105,20,0.7260,,0.515668,,-1,fire_reached_bot,0,159,53,106,-105,20,0.7260,,1.164226,-1,,fire_reached_bot,0,159,53,106,-105,20,0.7260,,10.200883,-1,-1,159,0,53,106,,no_path,0,,Bot1|Bot2|Bot3|Bot4,0,1
363,0.20,75,440,4172303545,2847709414,3659,0.650489,521,1372,18-5,16-3,65-55,4,4,97,97,101,101,0,0,1,4,1,4,414,1,4,410,1,button,1,4,4,0,402,0,1.0000,1,0.000082,-1,-1,button,1,4,4,0,402,0,1.0000,1,0.000072,,-1,button,1,4,4,0,402,0,1.0000,1,0.000084,-1,,button,1,4,4,0,402,0,1.0000,1,0.077262,-1,-1,4,0,0,0,0.4,risk_path,4,Bot1|Bot2|Bot3|Bot4,,1,0
364,0.20,75,440,2579275816,973970230,3634,0.646044,504,1359,6-44,19-58,62-43,33,27,91,57,60,58,0,0,1,33,1,33,247,1,33,214,1,button,1,33,33,0,209,0,1.0000,50,0.000719,-1,-1,button,1,33,33,0,209,0,1.0000,50,0.001991,,-1,button,1,33,33,0,209,0,1.0000,50,0.002716,-1,,button,1,33,33,0,209,0,1.0000,50,1.805977,10,10,33,0,0,0,0.4,risk_path,4,Bot1|Bot2|Bot3|Bot4,,1,0
365,0.20,75,440,1952802954,979129697,3639,0.646933,509,1412,74-40,7-52,23-65,93,79,90,76,39,29,1,0,1,93,0,,138,1,93,45,1,button,1,93,93,0,45,0,1.0000,234,0.005112,-1,-1,button,1,93,93,0,45,0,1.0000,234,0.035509,,-1,button,1,93,93,0,45,0,1.0000,234,0.043584,-1,,button,1,93,93,0,45,0,1.0000,234,15.108483,-1,-1,93,15,0,0,0.99,risk_path,4,Bot1|Bot2|Bot3|Bot4,,1,0
366,0.20,75,440,3081393282,309076382,3638,0.646756,493,1349,36-74,8-31,36-50,71,71,36,24,47,47,1,0,1,71,0,,216,1,71,145,1,button,1,71,71,0,37,0,1.0000,113,0.001993,-1,-1,button,1,71,71,0,37,0,1.0000,113,0.010591,,-1,button,1,71,71,0,37,0,1.0000,113,0.013305,-1,,button,1,71,71,0,37,0,1.0000,113,8.588238,-1,-1,71,0,0,0,0.4,risk_path,4,Bot1|Bot2|Bot3|Bot4,,1,0
367,0.20,75,440,3151380601,1716409728,3657,0.650133,505,1413,67-49,55-9,62-54,58,52,10,10,66,52,0,0,1,58,1,58,251,1,58,193,1,button,1,58,58,0,45,0,1.0000,122,0.002331,-1,-1,button,1,58,58,0,45,0,1.0000,122,0.008264,,-1,button,1,58,58,0,45,0,1.0000,122,0.009564,-1,,button,1,58,58,0,45,0,1.0000,122,5.310380,50,50,58,0,0,0,0.4,risk_path,4,Bot1|Bot2|Bot3|Bot4,,1,0
368,0.20,75,440,2032139050,1891626865,3643,0.647644,499,1406,56-19,54-8,30-48,15,13,57,55,66,64,0,0,1,15,1,15,279,1,15,264,1,button,1,15,15,0,228,0,1.0000,12,0.000281,-1,-1,button,1,15,15,0,228,0,1.0000,12,0.000484,,-1,button,1,15,15,0,228,0,1.0000,12,0.000618,-1,,button,1,15,15,0,228,0,1.0000,12,0.438700,-1,-1,15,0,0,0,0.4,risk_path,4,Bot1|Bot2|Bot3|Bot4,,1,0
369,0.20,75,440,737645428,557148272,3635,0.646222,500,1363,5-39,12-37,1-60,21,9,31,25,40,34,0,0,1,21,1,21,198,1,21,177,1,button,1,21,21,0,116,0,1.0000,5,0.000359,-1,-1,button,1,21,21,0,116,0,1.0000,5,0.000938,,-1,button,1,21,21,0,116,0,1.0000,5,0.001015,-1,,button,1,21,21,0,116,0,1.0000,5,0.781951,-1,-1,21,0,0,0,0.4,risk_path,4,Bot1|Bot2|Bot3|Bot4,,1,0
370,0.20,75,440,2602577069,3193247753,3645,0.648000,514,1391,69-45,24-59,39-7,83,59,82,68,87,67,0,0,1,83,1,83,322,1,83,239,1,button,1,83,83,0,225,0,1.0000,185,0.004020,-1,-1,button,1,83,83,0,225,0,1.0000,185,0.039451,,-1,button,1,83,83,0,225,0,1.0000,185,0.045394,-1,,button,1,83,83,0,225,0,1.0000,185,11.071680,-1,-1,83,0,0,0,0.4,risk_path,4,Bot1|Bot2|Bot3|Bot4,,1,0
371,0.20,75,440,1923164207,2685547185,3651,0.649067,505,1395,63-72,66-47,73-55,48,28,33,27,33,15,1,0,1,48,0,,151,1,48,103,1,button,1,48,48,0,30,0,1.0000,36,0.001163,-1,-1,button,1,48,48,0,30,0,1.0000,36,0.009389,,-1,button,1,48,48,0,30,0,1.0000,36,0.009489,-1,,button,1,48,48,0,30,0,1.0000,36,4.030459,-1,-1,48,0,0,0,0.4,risk_path,4,Bot1|Bot2|Bot3|Bot4,,1,0
372,0.20,75,440,3064658255,2591067856,3624,0.644267,503,1380,5-60,53-71,10-3,73,59,94,62,119,111,0,0,1,73,1,73,457,1,73,384,1,button,1,73,73,0,346,0,1.0000,154,0.002372,-1,-1,button,1,73,73,0,346,0,1.0000,154,0.016151,,-1,button,1,73,73,0,346,0,1.0000,154,0.017643,-1,,button,1,73,73,0,346,0,1.0000,154,8.363643,6,6,73,0,0,0,0.4,risk_path,4,Bot1|Bot2|Bot3|Bot4,,1,0
373,0.20,75,440,1154147649,4041770858,3645,0.648000,489,1406,62-19,40-29,24-69,34,32,106,88,72,56,0,0,1,34,1,34,359,1,34,325,1,button,1,34,34,0,325,0,1.0000,32,0.000465,-1,-1,button,1,34,34,0,325,0,1.0000,32,0.002358,,-1,button,1,34,34,0,325,0,1.0000,32,0.002609,-1,,button,1,34,34,0,325,0,1.0000,32,1.875684,-1,-1,34,0,0,0,0.4,risk_path,4,Bot1|Bot2|Bot3|Bot4,,1,0
374,0.20,75,440,1357385445,1134208027,3666,0.651733,513,1413,25-51,39-21,30-57,60,44,11,11,65,45,0,0,1,60,1,60,308,1,60,248,1,button,1,60,60,0,43,0,1.0000,111,0.001746,-1,-1,button,1,60,60,0,43,0,1.0000,111,0.015523,,-1,button,1,60,60,0,43,0,1.0000,111,0.016690,-1,,button,1,60,60,0,43,0,1.0000,111,5.656291,12,12,60,0,0,0,0.4,risk_path,4,Bot1|Bot2|Bot3|Bot4,,1,0
375,0.20,75,440,560426098,1461767624,3635,0.646222,513,1396,24-1,51-60,27-31,94,86,51,33,55,53,1,0,1,94,0,,213,1,94,119,1,button,1,94,94,0,26,0,1.0000,291,0.003132,-1,-1,button,1,94,94,0,26,0,1.0000,291,0.023603,,-1,button,1,94,94,0,26,0,1.0000,291,0.030912,-1,,button,1,94,94,0,26,0,1.0000,291,14.460598,39,39,94,0,0,0,0.4,risk_path,4,Bot1|Bot2|Bot3|Bot4,,1,0
376,0.20,75,440,1829175360,2037474768,3618,0.643200,493,1325,46-28,2-26,69-70,64,46,67,65,119,111,0,0,1,64,1,64,492,1,64,428,1,button,1,64,64,0,287,0,1.0000,136,0.001790,-1,-1,button,1,64,64,0,287,0,1.0000,136,0.012060,,-1,button,1,64,64,0,287,0,1.0000,136,0.019821,-1,,button,1,64,64,0,287,0,1.0000,136,6.526393,-1,-1,64,0,0,0,0.4,risk_path,4,Bot1|Bot2|Bot3|Bot4,,1,0
377,0.20,75,440,3056335309,1867334455,3661,0.650844,500,1439,27-46,28-68,18-56,47,23,21,19,28,22,1,0,1,47,0,,104,1,47,57,1,button,1,47,47,0,6,0,1.0000,59,0.000814,-1,-1,button,1,47,47,0,6,0,1.0000,59,0.006488,,-1,button,1,47,47,0,6,0,1.0000,59,0.007822,-1,,button,1,47,47,0,6,0,1.0000,59,3.568269,8,8,47,0,0,0,0.4,risk_path,4,Bot1|Bot2|Bot3|Bot4,,1,0
378,0.20,75,440,3498759806,185762425,3635,0.646222,494,1353,44-3,7-68,63-11,110,102,29,27,117,113,0,0,1,110,1,110,476,1,110,366,1,button,1,110,110,0,102,0,1.0000,427,0.006189,-1,-1,button,1,110,110,0,102,0,1.0000,427,0.047487,,-1,button,1,110,110,0,102,0,1.0000,427,0.051731,-1,,button,1,110,110,0,102,0,1.0000,427,19.797606,-1,-1,110,0,0,0,0.4,risk_path,4,Bot1|Bot2|Bot3|Bot4,,1,0
379,0.20,75,440,743858379,262038232,3647,0.648356,504,1394,0-72,40-37,64-54,77,75,92,82,45,41,1,0,1,77,0,,196,1,77,119,1,button,1,77,77,0,119,0,1.0000,196,0.002086,-1,-1,button,1,77,77,0,119,0,1.0000,196,0.014981,,-1,button,1,77,77,0,119,0,1.0000,196,0.016957,-1,,button,1,77,77,0,119,0,1.0000,196,9.796689,9,9,77,0,0,0,0.4,risk_path,4,Bot1|Bot2|Bot3|Bot4,,1,0
380,0.20,75,440,3490957155,2695499596,3644,0.647822,514,1421,51-6,65-68,53-10,96,76,8,6,90,70,1,0,1,96,0,,381,1,96,285,1,button,1,96,96,0,1,0,1.0000,335,0.004545,-1,1,button,1,96,96,0,1,0,1.0000,335,0.054139,,1,button,1,106,106,0,13,0,1.0000,412,0.078342,1,,button,1,106,106,0,19,0,1.0000,412,18.544661,4,1,106,0,0,0,0.4,risk_path,4,Bot1|Bot2|Bot3|Bot4,,1,0
381,0.20,75,440,44469780,2130841903,3651,0.649067,517,1415,41-66,32-72,23-5,21,15,87,79,102,76,0,0,1,21,1,21,441,1,21,420,1,button,1,21,21,0,349,0,1.0000,10,0.000277,-1,-1,button,1,21,21,0,349,0,1.0000,10,0.000990,,-1,button,1,21,21,0,349,0,1.0000,10,0.001053,-1,,button,1,21,21,0,349,0,1.0000,10,0.791932,-1,-1,21,0,0,0,0.4,risk_path,4,Bot1|Bot2|Bot3|Bot4,,1,0
382,0.20,75,440,1350579762,3490582419,3658,0.650311,507,1374,20-31,25-6,46-43,44,30,48,38,76,58,0,0,1,44,1,44,289,1,44,245,1,button,1,44,44,0,199,0,1.0000,33,0.000802,-1,-1,button,1,44,44,0,199,0,1.0000,33,0.006461,,-1,button,1,44,44,0,199,0,1.0000,33,0.006702,-1,,button,1,44,44,0,199,0,1.0000,33,3.233646,1,1,44,0,0,0,0.4,risk_path,4,Bot1|Bot2|Bot3|Bot4,,1,0
383,0.20,75,440,2733807543,3538856808,3647,0.648356,506,1388,65-8,0-53,51-67,112,110,87,73,81,65,1,0,1,112,0,,287,1,112,175,1,button,1,112,112,0,175,0,1.0000,365,0.005183,-1,-1,button,1,112,112,0,175,0,1.0000,365,0.060387,,-1,button,1,112,112,0,175,0,1.0000,365,0.048620,-1,,button,1,112,112,0,175,0,1.0000,365,21.913205,-1,-1,112,0,0,0,0.4,risk_path,4,Bot1|Bot2|Bot3|Bot4,,1,0
384,0.20,75,440,144857897,2449621353,3659,0.650489,507,1392,72-6,70-33,45-20,53,29,45,41,44,38,1,0,1,53,0,,201,1,53,148,1,button,1,53,53,0,118,0,1.0000,87,0.000960,-1,-1,button,1,53,53,0,118,0,1.0000,87,0.008076,,-1,button,1,53,53,0,118,0,1.0000,87,0.008564,-1,,button,1,53,53,0,118,0,1.0000,87,4.932836,35,35,53,0,0,0,0.4,risk_path,4,Bot1|Bot2|Bot3|Bot4,,1,0
385,0.20,75,440,341761630,1725134005,3609,0.641600,497,1358,46-27,19-16,34-58,54,38,61,43,73,57,0,0,1,54,1,54,278,1,54,224,1,button,1,54,54,0,177,0,1.0000,175,0.001815,-1,-1,button,1,54,54,0,177,0,1.0000,175,0.013616,,-1,button,1,54,54,0,177,0,1.0000,175,0.014888,-1,,button,1,54,54,0,203,0,1.0000,175,5.111137,5,5,54,0,0,0,0.4,risk_path,4,Bot1|Bot2|Bot3|Bot4,,1,0
386,0.20,75,440,192649057,483095820,3649,0.648711,500,1326,43-10,1-65,10-16,107,97,47,39,70,58,1,0,1,107,0,,301,1,107,194,1,button,1,107,107,0,23,0,1.0000,472,0.006673,-1,-1,button,1,107,107,0,23,0,1.0000,472,0.065813,,-1,button,1,107,107,0,23,0,1.0000,472,0.075835,-1,,button,1,107,107,0,23,0,1.0000,472,20.070867,-1,-1,107,0,0,0,0.4,risk_path,4,Bot1|Bot2|Bot3|Bot4,,1,0
387,0.20,75,440,3803973244,2905068052,3617,0.643022,490,1340,11-68,71-0,70-47,134,128,102,80,66,48,1,0,1,134,0,,251,1,134,117,1,button,1,134,134,0,73,0,1.0000,435,0.007686,-1,-1,button,1,134,134,0,73,0,1.0000,435,0.091568,,-1,button,1,134,134,0,73,0,1.0000,435,0.114804,-1,,button,1,134,134,0,73,0,1.0000,435,31.558607,15,15,134,0,0,0,0.4,risk_path,4,Bot1|Bot2|Bot3|Bot4,,1,0
388,0.20,75,440,1436060441,193209266,3627,0.644800,496,1372,62-48,62-52,65-20,10,4,53,31,57,35,0,0,1,10,1,10,220,1,10,210,1,button,1,10,10,0,186,0,1.0000,8,0.000113,-1,-1,button,1,10,10,0,186,0,1.0000,8,0.000194,,-1,button,1,10,10,0,186,0,1.0000,8,0.000324,-1,,button,1,10,10,0,186,0,1.0000,8,0.248979,-1,-1,10,0,0,0,0.4,risk_path,4,Bot1|Bot2|Bot3|Bot4,,1,0
389,0.20,75,440,3826677250,268213696,3645,0.648000,517,1385,26-31,33-32,8-53,12,8,40,40,48,46,0,0,1,12,1,12,225,1,12,213,1,button,1,12,12,0,188,0,1.0000,5,0.000137,-1,-1,button,1,12,12,0,188,0,1.0000,5,0.000291,,-1,button,1,12,12,0,188,0,1.0000,5,0.000570,-1,,button,1,12,12,0,188,0,1.0000,5,0.311089,7,7,12,0,0,0,0.4,risk_path,4,Bot1|Bot2|Bot3|Bot4,,1,0
390,0.20,75,440,1922677758,3470194275,3657,0.650133,504,1385,3-43,21-19,17-61,44,42,34,32,58,46,0,0,1,44,1,44,278,1,44,234,1,button,1,44,44,0,152,0,1.0000,18,0.000411,-1,-1,button,1,44,44,0,152,0,1.0000,18,0.003949,,-1,button,1,44,44,0,152,0,1.0000,18,0.005976,-1,,button,1,44,44,0,152,0,1.0000,18,3.234609,32,32,44,0,0,0,0.4,risk_path,4,Bot1|Bot2|Bot3|Bot4,,1,0
391,0.20,75,440,220974170,2519797936,3660,0.650667,503,1355,72-66,1-1,16-34,142,136,96,88,52,48,1,0,1,142,0,,184,1,152,32,0,walked_into_fire,0,75,75,0,-5,67,0.5282,265,0.003284,70,69,fire_reached_bot,0,94,94,0,0,72,0.4930,520,0.063343,,69,fire_reached_bot,0,169,168,1,0,6,0.9577,1629,0.151937,69,,fire_reached_bot,0,94,94,0,0,72,0.4930,520,38.186149,-1,69,94,0,94,0,,shortest_path_fallback,0,,Bot1|Bot2|Bot3|Bot4,0,1
392,0.20,75,440,311089741,15779671,3622,0.643911,498,1359,62-59,70-45,20-52,24,22,73,49,71,57,0,0,1,24,1,24,282,1,24,258,1,button,1,24,24,0,257,0,1.0000,47,0.000341,-1,-1,button,1,24,24,0,257,0,1.0000,47,0.000948,,-1,button,1,24,24,0,257,0,1.0000,47,0.001488,-1,,button,1,24,24,0,257,0,1.0000,47,1.111073,9,9,24,0,0,0,0.4,risk_path,4,Bot1|Bot2|Bot3|Bot4,,1,0
393,0.20,75,440,3786552960,3978206707,3625,0.644444,503,1356,59-68,38-39,26-64,58,50,49,37,57,37,1,0,1,58,0,,275,1,58,217,1,button,1,58,58,0,138,0,1.0000,62,0.001048,-1,-1,button,1,58,58,0,138,0,1.0000,62,0.008087,,-1,button,1,58,58,0,138,0,1.0000,62,0.009879,-1,,button,1,58,58,0,138,0,1.0000,62,5.665263,-1,-1,58,0,0,0,0.4,risk_path,4,Bot1|Bot2|Bot3|Bot4,,1,0
394,0.20,75,440,1026823686,935493975,3622,0.643911,526,1408,70-22,67-29,30-64,16,10,88,82,76,72,0,0,1,16,1,16,290,1,16,274,1,button,1,16,16,0,260,0,1.0000,21,0.000284,-1,-1,button,1,16,16,0,260,0,1.0000,21,0.000692,,-1,button,1,16,16,0,260,0,1.0000,21,0.000779,-1,,button,1,16,16,0,260,0,1.0000,21,0.494905,-1,-1,16,0,0,0,0.4,risk_path,4,Bot1|Bot2|Bot3|Bot4,,1,0
395,0.20,75,440,3873671478,4157908143,3653,0.649422,512,1406,63-33,71-71,3-25,56,46,82,68,116,114,0,0,1,56,1,56,435,1,56,379,1,button,1,56,56,0,328,0,1.0000,100,0.001299,-1,-1,button,1,56,56,0,328,0,1.0000,100,0.008150,,-1,button,1,56,56,0,328,0,1.0000,100,0.009624,-1,,button,1,56,56,0,337,0,1.0000,100,5.936521,5,5,56,0,0,0,0.4,risk_path,4,Bot1|Bot2|Bot3|Bot4,,1,0
396,0.20,75,440,1326410439,1678133499,3636,0.646400,501,1367,2-32,60-34,74-56,78,60,104,96,40,36,1,0,1,78,0,,158,1,78,80,1,button,1,78,78,0,80,0,1.0000,58,0.001554,-1,-1,button,1,78,78,0,80,0,1.0000,58,0.024080,,-1,button,1,78,78,0,80,0,1.0000,58,0.030553,-1,,button,1,78,78,0,80,0,1.0000,58,10.559051,21,21,78,0,0,0,0.4,risk_path,4,Bot1|Bot2|Bot3|Bot4,,1,0
397,0.20,75,440,613184341,3716848103,3654,0.649600,506,1368,74-57,2-1,55-66,134,128,32,28,126,118,1,0,1,134,0,,504,1,134,370,1,button,1,134,134,0,40,0,1.0000,593,0.011586,-1,-1,button,1,134,134,0,40,0,1.0000,593,0.108643,,-1,button,1,134,134,0,40,0,1.0000,593,0.129576,-1,,button,1,134,134,0,109,0,1.0000,593,30.547528,1,1,134,0,0,0,0.4,risk_path,4,Bot1|Bot2|Bot3|Bot4,,1,0
398,0.20,75,440,140259070,1404237909,3636,0.646400,513,1339,1-48,63-13,41-37,97,97,53,51,54,46,1,0,1,97,0,,207,1,97,110,1,button,1,97,97,0,8,0,1.0000,478,0.005339,-1,-1,button,1,97,97,0,8,0,1.0000,478,0.025204,,-1,button,1,97,97,0,8,0,1.0000,478,0.034744,-1,,button,1,111,111,0,39,0,1.0000,619,19.740542,19,19,111,16,0,0,0.99,risk_path,4,Bot1|Bot2|Bot3|Bot4,,1,0
399,0.20,75,440,1706966771,3646661798,3652,0.649244,511,1407,32-34,29-13,48-3,40,24,55,47,35,29,1,0,1,40,0,,143,1,40,103,1,button,1,40,40,0,103,0,1.0000,75,0.000799,-1,-1,button,1,40,40,0,103,0,1.0000,75,0.004717,,-1,button,1,40,40,0,103,0,1.0000,75,0.005639,-1,,button,1,40,40,0,103,0,1.0000,75,2.623101,-1,-1,40,0,0,0,0.4,risk_path,4,Bot1|Bot2|Bot3|Bot4,,1,0
400,0.20,75,440,1557608422,587872040,3654,0.649600,504,1397,49-5,1-60,36-26,109,103,40,34,73,69,1,0,1,109,0,,266,1,109,157,1,button,1,109,109,0,4,0,1.0000,609,0.006479,-1,40,button,1,109,109,0,4,0,1.0000,609,0.039919,,40,button,1,153,153,0,4,0,1.0000,1278,0.110746,40,,button,1,125,125,0,62,0,1.0000,797,24.330702,5,5,125,0,0,0,0.4,risk_path,4,Bot1|Bot2|Bot3|Bot4,,1,0
401,0.20,75,440,2000075961,2745563048,3647,0.648356,506,1360,53-41,74-15,43-8,51,47,65,43,46,38,1,0,1,51,0,,179,1,51,128,1,button,1,51,51,0,100,0,1.0000,98,0.001134,-1,-1,button,1,51,51,0,100,0,1.0000,98,0.009101,,-1,button,1,51,51,0,100,0,1.0000,98,0.010112,-1,,button,1,51,51,0,100,0,1.0000,98,4.316418,19,19,51,0,0,0,0.4,risk_path,4,Bot1|Bot2|Bot3|Bot4,,1,0
402,0.20,75,440,4291152545,2741335827,3641,0.647289,513,1401,4-47,39-45,36-43,57,37,58,36,5,5,1,0,1,57,0,,20,0,,,0,walked_into_fire,0,45,45,0,-24,12,0.7895,,0.001129,21,21,fire_reached_bot,0,138,20,118,-117,37,0.3509,,0.616203,,-1,fire_reached_bot,0,138,20,118,-117,37,0.3509,,1.310808,-1,,fire_reached_bot,0,138,20,118,-117,37,0.3509,,4.744909,-1,-1,138,0,20,118,,no_path,0,,Bot1|Bot2|Bot3|Bot4,0,1
403,0.20,75,440,2060592027,3688875005,3646,0.648178,499,1396,8-70,21-2,51-54,107,81,71,59,86,82,1,0,1,107,0,,337,1,107,230,1,button,1,107,107,0,152,0,1.0000,316,0.004577,-1,-1,button,1,107,107,0,152,0,1.0000,316,0.053718,,-1,button,1,107,107,0,152,0,1.0000,316,0.062115,-1,,button,1,107,107,0,152,0,1.0000,316,19.286856,2,2,107,0,0,0,0.4,risk_path,4,Bot1|Bot2|Bot3|Bot4,,1,0
404,0.20,75,440,1918492199,551143425,3649,0.648711,506,1398,38-59,6-65,53-74,52,38,30,30,68,56,0,0,1,52,1,52,295,1,52,243,1,button,1,52,52,0,88,0,1.0000,120,0.002157,-1,-1,button,1,52,52,0,88,0,1.0000,120,0.007950,,-1,button,1,52,52,0,88,0,1.0000,120,0.009351,-1,,button,1,52,52,0,88,0,1.0000,120,4.644783,-1,-1,52,0,0,0,0.4,risk_path,4,Bot1|Bot2|Bot3|Bot4,,1,0
405,0.20,75,440,4258988007,102048511,3637,0.646578,505,1392,3-50,24-64,58-47,35,35,74,58,57,51,0,0,1,35,1,35,208,1,35,173,1,button,1,35,35,0,173,0,1.0000,38,0.000632,-1,-1,button,1,35,35,0,173,0,1.0000,38,0.002446,,-1,button,1,35,35,0,173,0,1.0000,38,0.003807,-1,,button,1,35,35,0,173,0,1.0000,38,2.064529,7,7,35,0,0,0,0.4,risk_path,4,Bot1|Bot2|Bot3|Bot4,,1,0
406,0.20,75,440,1836645683,3217807480,3644,0.647822,502,1331,0-46,40-23,63-28,79,63,105,81,32,28,1,0,1,79,0,,134,1,79,55,1,button,1,79,79,0,53,0,1.0000,237,0.003324,-1,-1,button,1,79,79,0,53,0,1.0000,237,0.024897,,-1,button,1,79,79,0,53,0,1.0000,237,0.030692,-1,,button,1,79,79,0,53,0,1.0000,237,10.934152,18,18,79,8,0,0,0.99,risk_path,4,Bot1|Bot2|Bot3|Bot4,,1,0
407,0.20,75,440,348380400,1235727142,3621,0.643733,502,1332,23-11,33-46,23-72,49,45,79,61,46,36,1,0,1,49,0,,184,1,49,135,1,button,1,49,49,0,135,0,1.0000,34,0.000680,-1,-1,button,1,49,49,0,135,0,1.0000,34,0.004726,,-1,button,1,49,49,0,135,0,1.0000,34,0.005334,-1,,button,1,49,49,0,135,0,1.0000,34,3.866765,15,15,49,0,0,0,0.4,risk_path,4,Bot1|Bot2|Bot3|Bot4,,1,0
408,0.20,75,440,649723473,128509568,3652,0.649244,507,1389,26-9,6-2,14-47,31,27,66,50,73,53,0,0,1,31,1,31,297,1,31,266,1,button,1,31,31,0,243,0,1.0000,36,0.000409,-1,-1,button,1,31,31,0,243,0,1.0000,36,0.002307,,-1,button,1,31,31,0,243,0,1.0000,36,0.003745,-1,,button,1,31,31,0,243,0,1.0000,36,1.623115,-1,-1,31,0,0,0,0.4,risk_path,4,Bot1|Bot2|Bot3|Bot4,,1,0
409,0.20,75,440,1213574996,1326260514,3647,0.648356,488,1368,55-57,35-55,55-12,30,22,69,45,67,63,0,0,1,30,1,30,304,1,30,274,1,button,1,30,30,0,269,0,1.0000,37,0.000488,-1,-1,button,1,30,30,0,269,0,1.0000,37,0.002626,,-1,button,1,30,30,0,269,0,1.0000,37,0.002950,-1,,button,1,30,30,0,240,0,1.0000,37,1.503535,6,6,30,0,0,0,0.4,risk_path,4,Bot1|Bot2|Bot3|Bot4,,1,0
410,0.20,75,440,399927594,1172635717,3649,0.648711,503,1395,70-34,60-58,10-58,38,34,88,84,70,50,0,0,1,38,1,38,306,1,38,268,1,button,1,38,38,0,268,0,1.0000,40,0.000591,-1,-1,button,1,38,38,0,268,0,1.0000,40,0.003752,,-1,button,1,38,38,0,268,0,1.0000,40,0.004745,-1,,button,1,38,38,0,268,0,1.0000,40,2.400505,-1,-1,38,0,0,0,0.4,risk_path,4,Bot1|Bot2|Bot3|Bot4,,1,0
411,0.20,75,440,94789281,138735109,3646,0.648178,506,1409,35-29,8-74,34-65,78,72,51,37,39,35,1,0,1,78,0,,173,1,78,95,1,button,1,78,78,0,58,0,1.0000,287,0.005221,-1,-1,button,1,78,78,0,58,0,1.0000,287,0.029193,,-1,button,1,78,78,0,58,0,1.0000,287,0.034520,-1,,button,1,78,78,0,58,0,1.0000,287,9.900997,1,1,78,0,0,0,0.4,risk_path,4,Bot1|Bot2|Bot3|Bot4,,1,0
412,0.20,75,440,4204771711,1699448702,3649,0.648711,521,1344,25-68,64-22,8-1,101,85,108,84,83,77,1,0,1,101,0,,340,1,101,239,1,button,1,101,101,0,173,0,1.0000,223,0.004995,-1,-1,button,1,101,101,0,173,0,1.0000,223,0.032735,,-1,button,1,101,101,0,173,0,1.0000,223,0.037004,-1,,button,1,101,101,0,173,0,1.0000,223,17.035689,39,39,101,0,0,0,0.4,risk_path,4,Bot1|Bot2|Bot3|Bot4,,1,0
413,0.20,75,440,823494903,3566751827,3642,0.647467,516,1387,71-17,60-13,29-23,25,15,60,48,45,41,0,0,1,25,1,25,212,1,25,187,1,button,1,25,25,0,179,0,1.0000,38,0.000594,-1,-1,button,1,25,25,0,179,0,1.0000,38,0.001243,,-1,button,1,25,25,0,179,0,1.0000,38,0.001407,-1,,button,1,25,25,0,179,0,1.0000,38,1.079052,-1,-1,25,0,0,0,0.4,risk_path,4,Bot1|Bot2|Bot3|Bot4,,1,0
414,0.20,75,440,277766336,146189312,3644,0.647822,499,1356,58-60,40-20,62-46,72,58,22,18,64,48,1,0,1,72,0,,281,1,72,209,1,button,1,72,72,0,81,0,1.0000,188,0.004776,-1,-1,button,1,72,72,0,81,0,1.0000,188,0.033077,,-1,button,1,72,72,0,81,0,1.0000,188,0.032312,-1,,button,1,72,72,0,81,0,1.0000,188,8.852084,62,62,72,0,0,0,0.4,risk_path,4,Bot1|Bot2|Bot3|Bot4,,1,0
415,0.20,75,440,2294360336,2377130893,3660,0.650667,509,1386,42-45,54-71,24-24,44,38,39,39,83,77,0,0,1,44,1,44,390,1,44,346,1,button,1,44,44,0,232,0,1.0000,13,0.000858,-1,-1,button,1,44,44,0,232,0,1.0000,13,0.003772,,-1,button,1,44,44,0,232,0,1.0000,13,0.005835,-1,,button,1,44,44,0,232,0,1.0000,13,3.184753,11,11,44,0,0,0,0.4,risk_path,4,Bot1|Bot2|Bot3|Bot4,,1,0
416,0.20,75,440,4063297683,2159750137,3631,0.645511,496,1409,73-41,65-67,49-26,38,34,53,39,63,57,0,0,1,38,1,38,316,1,38,278,1,button,1,38,38,0,216,0,1.0000,30,0.000877,-1,-1,button,1,38,38,0,216,0,1.0000,30,0.003843,,-1,button,1,38,38,0,216,0,1.0000,30,0.005483,-1,,button,1,38,38,0,216,0,1.0000,30,2.314460,-1,-1,38,0,0,0,0.4,risk_path,4,Bot1|Bot2|Bot3|Bot4,,1,0
417,0.20,75,440,4136068613,3935871520,3621,0.643733,502,1362,57-26,62-4,25-23,29,27,53,35,62,56,0,0,1,29,1,29,292,1,29,263,1,button,1,29,29,0,214,0,1.0000,55,0.000726,-1,-1,button,1,29,29,0,214,0,1.0000,55,0.001744,,-1,button,1,29,29,0,214,0,1.0000,55,0.002772,-1,,button,1,29,29,0,214,0,1.0000,55,1.392194,23,23,29,0,0,0,0.4,risk_path,4,Bot1|Bot2|Bot3|Bot4,,1,0
418,0.20,75,440,3079297320,2426746488,3636,0.646400,501,1421,50-61,33-15,73-21,71,63,79,63,60,46,1,0,1,71,0,,273,1,71,202,1,button,1,71,71,0,202,0,1.0000,74,0.002682,-1,-1,button,1,71,71,0,202,0,1.0000,74,0.015139,,-1,button,1,71,71,0,202,0,1.0000,74,0.020596,-1,,button,1,71,71,0,202,0,1.0000,74,8.000298,-1,-1,71,0,0,0,0.4,risk_path,4,Bot1|Bot2|Bot3|Bot4,,1,0
419,0.20,75,440,4257723732,3495392713,3654,0.649600,498,1377,48-73,69-49,48-45,53,45,42,28,33,25,1,0,1,53,0,,152,1,53,99,1,button,1,53,53,0,54,0,1.0000,74,0.001578,-1,-1,button,1,53,53,0,54,0,1.0000,74,0.011788,,-1,button,1,53,53,0,54,0,1.0000,74,0.014523,-1,,button,1,53,53,0,88,0,1.0000,74,4.555601,2,2,53,0,0,0,0.4,risk_path,4,Bot1|Bot2|Bot3|Bot4,,1,0
420,0.20,75,440,4078690204,3768167155,3654,0.649600,511,1398,67-28,21-7,28-59,79,67,74,70,75,59,1,0,1,79,0,,354,1,79,275,1,button,1,79,79,0,257,0,1.0000,247,0.003621,-1,-1,button,1,79,79,0,257,0,1.0000,247,0.037262,,-1,button,1,79,79,0,257,0,1.0000,247,0.043911,-1,,button,1,79,79,0,257,0,1.0000,247,10.731942,-1,-1,79,0,0,0,0.4,risk_path,4,Bot1|Bot2|Bot3|Bot4,,1,0
421,0.20,75,440,958537604,1453352966,3651,0.649067,500,1404,28-43,1-30,35-32,50,40,18,18,50,36,0,0,1,50,0,,190,1,50,140,1,button,1,50,50,0,59,0,1.0000,60,0.000828,-1,-1,button,1,50,50,0,59,0,1.0000,60,0.005141,,-1,button,1,50,50,0,59,0,1.0000,60,0.006100,-1,,button,1,50,50,0,59,0,1.0000,60,4.154736,-1,-1,50,0,0,0,0.4,risk_path,4,Bot1|Bot2|Bot3|Bot4,,1,0
422,0.20,75,440,2355762477,2963328483,3669,0.652267,526,1440,54-11,49-40,53-34,40,34,34,24,10,10,1,0,1,40,0,,31,0,,,0,walked_into_fire,0,28,28,0,-4,12,0.7000,34,0.000477,20,18,fire_reached_bot,0,91,22,69,-59,24,0.4000,,0.369299,,18,fire_reached_bot,0,129,22,107,-97,28,0.3000,,1.147732,18,,fire_reached_bot,0,91,22,69,-59,24,0.4000,,4.326812,-1,18,91,0,22,69,,no_path,0,,Bot1|Bot2|Bot3|Bot4,0,1
423,0.20,75,440,3860660340,1064690405,3656,0.649956,501,1379,41-13,19-25,56-67,36,34,91,69,81,79,0,0,1,36,1,36,326,1,36,290,1,button,1,36,36,0,259,0,1.0000,70,0.000616,-1,-1,button,1,36,36,0,259,0,1.0000,70,0.002781,,-1,button,1,36,36,0,259,0,1.0000,70,0.005161,-1,,button,1,36,36,0,259,0,1.0000,70,2.546575,-1,-1,36,0,0,0,0.4,risk_path,4,Bot1|Bot2|Bot3|Bot4,,1,0
424,0.20,75,440,4240931953,1182499683,3665,0.651556,513,1403,19-9,38-33,56-58,51,43,90,86,51,43,0,0,1,51,1,51,230,1,51,179,1,button,1,51,51,0,163,0,1.0000,48,0.001056,-1,-1,button,1,51,51,0,163,0,1.0000,48,0.009274,,-1,button,1,51,51,0,163,0,1.0000,48,0.013505,-1,,button,1,51,51,0,163,0,1.0000,48,4.330713,1,1,51,0,0,0,0.4,risk_path,4,Bot1|Bot2|Bot3|Bot4,,1,0
425,0.20,75,440,2493525027,414517936,3643,0.647644,501,1383,58-63,3-72,18-64,90,64,67,41,25,23,1,0,1,90,0,,137,0,,,0,walked_into_fire,0,55,55,0,-5,35,0.6111,91,0.001749,48,48,fire_reached_bot,0,128,97,31,0,55,0.3889,543,0.241764,,-1,fire_reached_bot,0,128,97,31,0,55,0.3889,543,0.431372,-1,,fire_reached_bot,0,128,97,31,0,55,0.3889,543,27.669249,-1,-1,128,0,97,31,,no_path,0,,Bot1|Bot2|Bot3|Bot4,0,1
426,0.20,75,440,836001522,3918252539,3632,0.645689,504,1368,22-45,44-49,26-42,34,26,7,7,29,25,1,0,1,34,0,,133,1,44,89,0,walked_into_fire,0,5,5,0,-3,29,0.1471,4,0.000269,3,2,button,1,50,50,0,5,0,1.0000,138,0.005656,,2,button,1,46,46,0,17,0,1.0000,129,0.005777,2,,button,1,46,46,0,17,0,1.0000,129,3.526494,2,10,46,0,0,0,0.4,risk_path,3,Bot2|Bot3|Bot4,Bot1,0,0
427,0.20,75,440,435955948,1367064018,3647,0.648356,496,1404,47-12,21-74,60-61,96,88,70,62,82,52,1,0,1,96,0,,378,1,96,282,1,button,1,96,96,0,122,0,1.0000,403,0.006168,-1,-1,button,1,96,96,0,122,0,1.0000,403,0.051180,,-1,button,1,96,96,0,122,0,1.0000,403,0.060795,-1,,button,1,96,96,0,122,0,1.0000,403,15.833295,-1,-1,96,0,0,0,0.4,risk_path,4,Bot1|Bot2|Bot3|Bot4,,1,0
428,0.20,75,440,2279097245,954607641,3621,0.643733,485,1323,11-38,1-39,51-68,11,11,76,70,81,79,0,0,1,11,1,11,346,1,11,335,1,button,1,11,11,0,310,0,1.0000,18,0.000139,-1,-1,button,1,11,11,0,310,0,1.0000,18,0.000211,,-1,button,1,11,11,0,310,0,1.0000,18,0.000287,-1,,button,1,11,11,0,310,0,1.0000,18,0.272764,-1,-1,11,0,0,0,0.4,risk_path,4,Bot1|Bot2|Bot3|Bot4,,1,0
429,0.20,75,440,2932552292,18426317,3674,0.653156,511,1398,22-34,51-14,67-21,59,49,66,58,37,23,1,0,1,59,0,,136,1,59,77,1,button,1,59,59,0,77,0,1.0000,126,0.001793,-1,-1,button,1,59,59,0,77,0,1.0000,126,0.016388,,-1,button,1,59,59,0,77,0,1.0000,126,0.020930,-1,,button,1,59,59,0,77,0,1.0000,126,6.173253,5,5,59,0,0,0,0.4,risk_path,4,Bot1|Bot2|Bot3|Bot4,,1,0
430,0.20,75,440,2526166132,2004277368,3663,0.651200,520,1424,48-54,7-1,3-67,98,94,78,58,90,70,1,0,1,98,0,,334,1,98,236,1,button,1,98,98,0,130,0,1.0000,207,0.003553,-1,-1,button,1,98,98,0,130,0,1.0000,207,0.044332,,-1,button,1,98,98,0,130,0,1.0000,207,0.051789,-1,,button,1,98,98,0,130,0,1.0000,207,15.524466,-1,-1,98,0,0,0,0.4,risk_path,4,Bot1|Bot2|Bot3|Bot4,,1,0
431,0.20,75,440,2360711024,676293112,3646,0.648178,499,1381,49-31,9-40,65-23,57,49,28,24,81,73,0,0,1,57,1,57,323,1,57,266,1,button,1,57,57,0,94,0,1.0000,190,0.001865,-1,-1,button,1,57,57,0,94,0,1.0000,190,0.009241,,-1,button,1,57,57,0,94,0,1.0000,190,0.012237,-1,,button,1,57,57,0,94,0,1.0000,190,5.686529,-1,-1,57,0,0,0,0.4,risk_path,4,Bot1|Bot2|Bot3|Bot4,,1,0
432,0.20,75,440,1910899855,3074822446,3643,0.647644,516,1359,33-54,51-29,56-40,55,43,49,37,16,16,1,0,1,55,0,,51,0,,,0,walked_into_fire,0,37,37,0,-3,18,0.6727,45,0.001199,28,28,fire_reached_bot,0,117,51,66,-65,16,0.7091,,0.328820,,-1,fire_reached_bot,0,117,51,66,-65,16,0.7091,,0.661961,-1,,fire_reached_bot,0,117,51,66,-65,16,0.7091,,7.693830,-1,-1,117,2,49,66,0.99,no_path,0,,Bot1|Bot2|Bot3|Bot4,0,1
433,0.20,75,440,2661614459,1963583143,3649,0.648711,498,1378,42-68,17-18,56-34,83,75,52,48,59,55,1,0,1,83,0,,247,1,83,164,1,button,1,83,83,0,72,0,1.0000,312,0.003989,-1,-1,button,1,83,83,0,72,0,1.0000,312,0.028534,,-1,button,1,83,83,0,72,0,1.0000,312,0.030612,-1,,button,1,83,83,0,72,0,1.0000,312,11.482109,-1,-1,83,0,0,0,0.4,risk_path,4,Bot1|Bot2|Bot3|Bot4,,1,0
434,0.20,75,440,3282060075,882283043,3638,0.646756,507,1363,17-63,15-48,25-14,17,17,75,57,60,44,0,0,1,17,1,17,246,1,17,229,1,button,1,17,17,0,229,0,1.0000,17,0.000165,-1,-1,button,1,17,17,0,229,0,1.0000,17,0.000597,,-1,button,1,17,17,0,229,0,1.0000,17,0.000600,-1,,button,1,17,17,0,229,0,1.0000,17,0.537006,-1,-1,17,0,0,0,0.4,risk_path,4,Bot1|Bot2|Bot3|Bot4,,1,0
435,0.20,75,440,3996130700,1346204788,3641,0.647289,510,1369,33-13,9-17,51-33,36,28,48,38,72,58,0,0,1,36,1,36,290,1,36,254,1,button,1,36,36,0,190,0,1.0000,60,0.000649,-1,-1,button,1,36,36,0,190,0,1.0000,60,0.004523,,-1,button,1,36,36,0,190,0,1.0000,60,0.004267,-1,,button,1,36,36,0,190,0,1.0000,60,2.199094,-1,-1,36,0,0,0,0.4,risk_path,4,Bot1|Bot2|Bot3|Bot4,,1,0
436,0.20,75,440,836374606,2519469390,3644,0.647822,514,1410,66-40,20-42,12-26,64,48,78,68,26,24,1,0,1,64,0,,119,1,64,55,1,button,1,64,64,0,45,0,1.0000,255,0.002741,-1,-1,button,1,64,64,0,45,0,1.0000,255,0.015838,,-1,button,1,64,64,0,45,0,1.0000,255,0.016741,-1,,button,1,64,64,0,45,0,1.0000,255,6.677427,44,44,64,7,0,0,0.8,risk_path,4,Bot1|Bot2|Bot3|Bot4,,1,0
437,0.20,75,440,3431814037,2475972391,3665,0.651556,509,1430,18-47,46-36,51-30,43,39,54,50,11,11,1,0,1,43,0,,39,0,,,0,walked_into_fire,0,43,43,0,-4,0,1.0000,,0.000961,40,40,fire_reached_bot,0,55,39,16,-15,4,0.9070,,0.095356,,-1,fire_reached_bot,0,55,39,16,-15,4,0.9070,,0.192386,-1,,fire_reached_bot,0,55,39,16,-15,4,0.9070,,3.750296,29,29,55,20,19,16,0.99,no_path,0,,Bot1|Bot2|Bot3|Bot4,0,1
438,0.20,75,440,1717278258,3909387573,3628,0.644978,489,1365,62-2,11-7,19-66,66,56,109,107,83,67,0,0,1,66,1,66,340,1,66,274,1,button,1,66,66,0,251,0,1.0000,165,0.001790,-1,-1,button,1,66,66,0,251,0,1.0000,165,0.015012,,-1,button,1,66,66,0,251,0,1.0000,165,0.014533,-1,,button,1,66,66,0,251,0,1.0000,165,7.001752,-1,-1,66,0,0,0,0.4,risk_path,4,Bot1|Bot2|Bot3|Bot4,,1,0
439,0.20,75,440,601328095,3338845994,3660,0.650667,513,1409,49-10,22-21,7-64,58,38,102,96,64,58,0,0,1,58,1,58,227,1,58,169,1,button,1,58,58,0,158,0,1.0000,121,0.001997,-1,-1,button,1,58,58,0,158,0,1.0000,121,0.019407,,-1,button,1,58,58,0,158,0,1.0000,121,0.022002,-1,,button,1,58,58,0,158,0,1.0000,121,5.513700,-1,-1,58,0,0,0,0.4,risk_path,4,Bot1|Bot2|Bot3|Bot4,,1,0
440,0.20,75,440,2216123474,76203067,3642,0.647467,521,1396,71-40,18-70,58-46,91,83,25,19,66,64,1,0,1,91,0,,243,1,91,152,0,walked_into_fire,0,26,26,0,-5,65,0.2857,15,0.001500,26,22,button,1,91,91,0,3,0,1.0000,323,0.032536,,22,button,1,101,101,0,12,0,1.0000,418,0.046579,22,,button,1,93,93,0,39,0,1.0000,343,14.654993,1,1,93,0,0,0,0.4,risk_path,3,Bot2|Bot3|Bot4,Bot1,0,0
441,0.20,75,440,2952930947,3442715,3633,0.645867,493,1336,34-33,4-65,13-73,70,62,69,61,21,17,1,0,1,70,0,,98,1,80,18,0,walked_into_fire,0,58,58,0,-7,12,0.8286,96,0.001365,52,52,button,1,80,80,0,11,0,1.0000,179,0.017162,,-1,button,1,80,80,0,11,0,1.0000,179,0.018445,-1,,button,1,80,80,0,11,0,1.0000,179,10.489373,-1,-1,80,17,44,0,0.99,risk_path,3,Bot2|Bot3|Bot4,Bot1,0,0
442,0.20,75,440,954329560,321467233,3659,0.650489,499,1374,67-24,7-24,36-66,86,60,77,73,75,71,1,0,1,86,0,,294,1,86,208,1,button,1,86,86,0,185,0,1.0000,167,0.002801,-1,-1,button,1,86,86,0,185,0,1.0000,167,0.033530,,-1,button,1,86,86,0,185,0,1.0000,167,0.030819,-1,,button,1,86,86,0,185,0,1.0000,167,12.061623,-1,-1,86,0,0,0,0.4,risk_path,4,Bot1|Bot2|Bot3|Bot4,,1,0
443,0.20,75,440,2194090034,1836282544,3620,0.643556,485,1382,59-51,66-29,6-24,39,29,88,80,83,65,0,0,1,39,1,39,296,1,39,257,1,button,1,39,39,0,249,0,1.0000,34,0.000674,-1,-1,button,1,39,39,0,249,0,1.0000,34,0.005159,,-1,button,1,39,39,0,249,0,1.0000,34,0.004939,-1,,button,1,39,39,0,249,0,1.0000,34,2.499606,27,27,39,0,0,0,0.4,risk_path,4,Bot1|Bot2|Bot3|Bot4,,1,0
444,0.20,75,440,99980322,3105913063,3629,0.645156,499,1364,32-3,62-72,50-46,109,99,71,61,52,38,1,0,1,109,0,,206,1,137,69,0,walked_into_fire,0,56,56,0,-1,53,0.5138,105,0.002339,51,44,button,1,167,167,0,1,0,1.0000,1070,0.143953,,44,fire_reached_bot,0,204,172,32,0,29,0.7339,1642,0.445207,44,,button,1,143,143,0,19,0,1.0000,781,31.291651,51,44,143,16,49,0,0.99,risk_path,2,Bot2|Bot4,Bot1|Bot3,0,0
445,0.20,75,440,4143197766,1623788008,3645,0.648000,506,1364,60-66,70-44,12-31,34,32,91,83,97,71,0,0,1,34,1,34,385,1,34,351,1,button,1,34,34,0,304,0,1.0000,30,0.000462,-1,-1,button,1,34,34,0,304,0,1.0000,30,0.001968,,-1,button,1,34,34,0,304,0,1.0000,30,0.002039,-1,,button,1,34,34,0,309,0,1.0000,30,1.895152,13,13,34,0,0,0,0.4,risk_path,4,Bot1|Bot2|Bot3|Bot4,,1,0
446,0.20,75,440,846446360,2130916755,3634,0.646044,496,1358,39-19,71-58,53-21,79,71,24,16,73,55,1,0,1,79,0,,295,1,79,216,1,button,1,79,79,0,44,0,1.0000,283,0.003320,-1,-1,button,1,79,79,0,44,0,1.0000,283,0.037616,,-1,button,1,79,79,0,44,0,1.0000,283,0.038486,-1,,button,1,79,79,0,44,0,1.0000,283,10.555745,32,32,79,0,0,0,0.4,risk_path,4,Bot1|Bot2|Bot3|Bot4,,1,0
447,0.20,75,440,779460035,79676451,3647,0.648356,502,1429,35-37,33-67,8-44,46,32,60,34,56,48,0,0,1,46,1,46,247,1,46,201,1,button,1,46,46,0,185,0,1.0000,47,0.000628,-1,-1,button,1,46,46,0,185,0,1.0000,47,0.004879,,-1,button,1,46,46,0,185,0,1.0000,47,0.005151,-1,,button,1,46,46,0,185,0,1.0000,47,3.659762,-1,-1,46,0,0,0,0.4,risk_path,4,Bot1|Bot2|Bot3|Bot4,,1,0
448,0.20,75,440,1123366057,3344577641,3660,0.650667,494,1419,30-32,27-34,73-46,11,5,79,57,84,58,0,0,1,11,1,11,319,1,11,308,1,button,1,11,11,0,268,0,1.0000,12,0.000101,-1,-1,button,1,11,11,0,268,0,1.0000,12,0.000255,,-1,button,1,11,11,0,268,0,1.0000,12,0.000287,-1,,button,1,11,11,0,268,0,1.0000,12,0.285423,-1,-1,11,0,0,0,0.4,risk_path,4,Bot1|Bot2|Bot3|Bot4,,1,0
449,0.20,75,440,2060266283,3682968219,3648,0.648533,502,1416,66-6,7-5,44-56,86,60,86,72,98,88,0,0,1,86,1,86,396,1,86,310,1,button,1,86,86,0,285,0,1.0000,329,0.003628,-1,-1,button,1,86,86,0,285,0,1.0000,329,0.023661,,-1,button,1,86,86,0,285,0,1.0000,329,0.026187,-1,,button,1,86,86,0,285,0,1.0000,329,12.226136,-1,-1,86,0,0,0,0.4,risk_path,4,Bot1|Bot2|Bot3|Bot4,,1,0
450,0.20,75,440,3271714734,783943413,3641,0.647289,494,1354,33-11,36-11,36-6,3,3,8,8,5,5,0,0,1,3,1,3,22,1,3,19,1,button,1,3,3,0,19,0,1.0000,3,0.000044,-1,-1,button,1,3,3,0,19,0,1.0000,3,0.000089,,-1,button,1,3,3,0,19,0,1.0000,3,0.000056,-1,,button,1,3,3,0,19,0,1.0000,3,0.055989,-1,-1,3,0,0,0,0.4,risk_path,4,Bot1|Bot2|Bot3|Bot4,,1,0
451,0.20,75,440,1682450521,2218722123,3650,0.648889,500,1388,63-74,74-28,41-74,67,57,62,22,85,79,0,0,1,67,1,67,402,1,67,335,1,button,1,67,67,0,216,0,1.0000,28,0.000747,-1,-1,button,1,67,67,0,216,0,1.0000,28,0.012588,,-1,button,1,67,67,0,216,0,1.0000,28,0.011746,-1,,button,1,67,67,0,216,0,1.0000,28,7.938356,42,42,67,0,0,0,0.4,risk_path,4,Bot1|Bot2|Bot3|Bot4,,1,0
452,0.20,75,440,4253021220,2834508363,3667,0.651911,506,1400,26-8,16-57,57-74,77,59,103,97,70,58,1,0,1,77,0,,278,1,77,201,1,button,1,77,77,0,201,0,1.0000,160,0.002405,-1,-1,button,1,77,77,0,201,0,1.0000,160,0.031073,,-1,button,1,77,77,0,201,0,1.0000,160,0.031694,-1,,button,1,77,77,0,201,0,1.0000,160,9.918742,1,1,77,0,0,0,0.4,risk_path,4,Bot1|Bot2|Bot3|Bot4,,1,0
453,0.20,75,440,2952658635,970395582,3617,0.643022,500,1329,73-24,20-35,66-32,74,64,55,15,63,49,1,0,1,74,0,,263,1,74,189,1,button,1,74,74,0,69,0,1.0000,177,0.002210,-1,-1,button,1,74,74,0,69,0,1.0000,177,0.020632,,-1,button,1,74,74,0,69,0,1.0000,177,0.018818,-1,,button,1,74,74,0,69,0,1.0000,177,9.179906,-1,-1,74,0,0,0,0.4,risk_path,4,Bot1|Bot2|Bot3|Bot4,,1,0
454,0.20,75,440,473146384,3945293444,3628,0.644978,501,1342,49-65,65-42,31-59,53,39,28,24,65,51,0,0,1,53,1,53,295,1,53,242,1,button,1,53,53,0,99,0,1.0000,92,0.001062,-1,-1,button,1,53,53,0,99,0,1.0000,92,0.010439,,-1,button,1,53,53,0,99,0,1.0000,92,0.010228,-1,,button,1,53,53,0,99,0,1.0000,92,4.612511,24,24,53,0,0,0,0.4,risk_path,4,Bot1|Bot2|Bot3|Bot4,,1,0
455,0.20,75,440,2903495406,1402952168,3639,0.646933,510,1381,26-31,73-0,14-53,80,78,44,34,112,112,0,0,1,80,1,80,420,1,80,340,1,button,1,80,80,0,200,0,1.0000,241,0.002546,-1,-1,button,1,80,80,0,200,0,1.0000,241,0.027915,,-1,button,1,80,80,0,200,0,1.0000,241,0.027150,-1,,button,1,80,80,0,200,0,1.0000,241,10.508378,37,37,80,0,0,0,0.4,risk_path,4,Bot1|Bot2|Bot3|Bot4,,1,0
456,0.20,75,440,1612596313,1606830779,3651,0.649067,494,1390,61-73,9-34,31-53,97,91,56,50,41,41,1,0,1,97,0,,173,1,97,76,1,button,1,97,97,0,10,0,1.0000,301,0.004296,-1,-1,button,1,97,97,0,10,0,1.0000,301,0.033329,,-1,button,1,97,97,0,10,0,1.0000,301,0.035181,-1,,button,1,97,97,0,10,0,1.0000,301,17.516898,-1,-1,97,12,24,0,0.99,risk_path,4,Bot1|Bot2|Bot3|Bot4,,1,0
457,0.20,75,440,2590130515,196957734,3647,0.648356,507,1384,54-67,36-66,67-8,27,19,114,72,103,89,0,0,1,27,1,27,444,1,27,417,1,button,1,27,27,0,416,0,1.0000,26,0.000314,-1,-1,button,1,27,27,0,416,0,1.0000,26,0.001782,,-1,button,1,27,27,0,416,0,1.0000,26,0.001849,-1,,button,1,27,27,0,416,0,1.0000,26,1.256674,6,6,27,0,0,0,0.4,risk_path,4,Bot1|Bot2|Bot3|Bot4,,1,0
458,0.20,75,440,3410208556,1748041653,3630,0.645333,504,1401,43-42,53-52,35-68,20,20,44,34,38,34,0,0,1,20,1,20,145,1,20,125,1,button,1,20,20,0,121,0,1.0000,24,0.000189,-1,-1,button,1,20,20,0,121,0,1.0000,24,0.000812,,-1,button,1,20,20,0,121,0,1.0000,24,0.000781,-1,,button,1,20,20,0,121,0,1.0000,24,0.711533,1,1,20,0,0,0,0.4,risk_path,4,Bot1|Bot2|Bot3|Bot4,,1,0
459,0.20,75,440,1944609791,705594675,3674,0.653156,521,1406,73-3,42-69,11-71,103,97,132,130,43,33,1,0,1,103,0,,167,1,103,64,1,button,1,103,103,0,64,0,1.0000,280,0.003736,-1,-1,button,1,103,103,0,64,0,1.0000,280,0.063206,,-1,button,1,103,103,0,64,0,1.0000,280,0.070688,-1,,button,1,103,103,0,64,0,1.0000,280,17.827733,-1,-1,103,4,0,0,0.8,risk_path,4,Bot1|Bot2|Bot3|Bot4,,1,0
460,0.20,75,440,3380480183,1588023217,3661,0.650844,511,1422,4-70,35-43,9-64,60,58,11,11,49,47,1,0,1,60,0,,220,1,66,154,0,walked_into_fire,0,11,11,0,-2,49,0.1833,12,0.000457,10,8,fire_reached_bot,0,37,36,1,0,46,0.2333,98,0.013981,,8,button,1,66,66,0,3,0,1.0000,216,0.020076,8,,button,1,66,66,0,3,0,1.0000,216,6.818251,8,14,66,0,0,0,0.4,risk_path,2,Bot3|Bot4,Bot1|Bot2,0,0
461,0.20,75,440,545968031,3785375886,3639,0.646933,498,1365,43-6,61-58,1-42,76,70,84,78,86,76,0,0,1,76,1,76,396,1,76,320,1,button,1,76,76,0,263,0,1.0000,86,0.001616,-1,-1,button,1,76,76,0,263,0,1.0000,86,0.024896,,-1,button,1,76,76,0,263,0,1.0000,86,0.025832,-1,,button,1,76,76,0,263,0,1.0000,86,9.693196,43,43,76,0,0,0,0.4,risk_path,4,Bot1|Bot2|Bot3|Bot4,,1,0
462,0.20,75,440,3450460134,238140626,3636,0.646400,504,1363,56-10,14-8,20-65,68,44,93,91,83,63,0,0,1,68,1,68,389,1,68,321,1,button,1,68,68,0,318,0,1.0000,114,0.001428,-1,-1,button,1,68,68,0,318,0,1.0000,114,0.012114,,-1,button,1,68,68,0,318,0,1.0000,114,0.016985,-1,,button,1,68,68,0,318,0,1.0000,114,7.603848,-1,-1,68,0,0,0,0.4,risk_path,4,Bot1|Bot2|Bot3|Bot4,,1,0
463,0.20,75,440,1149964191,3065534945,3643,0.647644,509,1362,40-25,17-31,0-32,35,29,63,47,36,18,0,0,1,35,1,35,135,1,35,100,1,button,1,35,35,0,88,0,1.0000,41,0.000516,-1,-1,button,1,35,35,0,88,0,1.0000,41,0.003031,,-1,button,1,35,35,0,88,0,1.0000,41,0.002949,-1,,button,1,35,35,0,88,0,1.0000,41,2.050016,2,2,35,0,0,0,0.4,risk_path,4,Bot1|Bot2|Bot3|Bot4,,1,0
464,0.20,75,440,2588932194,3317267967,3638,0.646756,502,1370,62-19,40-53,74-66,68,56,83,59,61,47,1,0,1,68,0,,270,1,68,202,1,button,1,68,68,0,183,0,1.0000,63,0.001357,-1,-1,button,1,68,68,0,183,0,1.0000,63,0.018311,,-1,button,1,68,68,0,183,0,1.0000,63,0.018755,-1,,button,1,68,68,0,183,0,1.0000,63,7.638873,-1,-1,68,0,0,0,0.4,risk_path,4,Bot1|Bot2|Bot3|Bot4,,1,0
465,0.20,75,440,283204915,3485829726,3629,0.645156,508,1367,64-59,65-68,21-63,12,10,71,47,71,49,0,0,1,12,1,12,309,1,12,297,1,button,1,12,12,0,287,0,1.0000,8,0.000087,-1,-1,button,1,12,12,0,287,0,1.0000,8,0.000306,,-1,button,1,12,12,0,287,0,1.0000,8,0.000263,-1,,button,1,12,12,0,287,0,1.0000,8,0.319398,-1,-1,12,0,0,0,0.4,risk_path,4,Bot1|Bot2|Bot3|Bot4,,1,0
466,0.20,75,440,519884690,3415390693,3660,0.650667,498,1397,42-44,2-19,17-64,65,65,47,45,82,60,0,0,1,65,1,65,305,1,65,240,1,button,1,65,65,0,145,0,1.0000,137,0.001430,-1,-1,button,1,65,65,0,145,0,1.0000,137,0.014953,,-1,button,1,65,65,0,145,0,1.0000,137,0.013390,-1,,button,1,65,65,0,145,0,1.0000,137,7.329583,-1,-1,65,0,0,0,0.4,risk_path,4,Bot1|Bot2|Bot3|Bot4,,1,0
467,0.20,75,440,3826963234,2865125719,3651,0.649067,514,1442,46-13,18-38,44-2,53,53,13,13,62,62,0,0,1,53,1,53,233,1,53,180,1,button,1,53,53,0,29,0,1.0000,117,0.000988,-1,-1,button,1,53,53,0,29,0,1.0000,117,0.004427,,-1,button,1,53,53,0,29,0,1.0000,117,0.004533,-1,,button,1,53,53,0,29,0,1.0000,117,4.514031,-1,-1,53,0,0,0,0.4,risk_path,4,Bot1|Bot2|Bot3|Bot4,,1,0
468,0.20,75,440,4243052957,3832579543,3655,0.649778,512,1362,20-47,35-34,1-59,40,28,31,31,67,59,0,0,1,40,1,40,245,1,40,205,1,button,1,40,40,0,118,0,1.0000,39,0.000552,-1,-1,button,1,40,40,0,118,0,1.0000,39,0.005900,,-1,button,1,40,40,0,118,0,1.0000,39,0.005388,-1,,button,1,40,40,0,118,0,1.0000,39,2.647909,11,11,40,0,0,0,0.4,risk_path,4,Bot1|Bot2|Bot3|Bot4,,1,0
469,0.20,75,440,2512400746,3515949097,3651,0.649067,508,1372,72-67,69-59,59-74,27,11,22,20,29,25,0,0,1,27,1,27,146,1,27,119,1,button,1,27,27,0,57,0,1.0000,31,0.000403,-1,-1,button,1,27,27,0,57,0,1.0000,31,0.002351,,-1,button,1,27,27,0,57,0,1.0000,31,0.002160,-1,,button,1,27,27,0,57,0,1.0000,31,1.214425,-1,-1,27,0,0,0,0.4,risk_path,4,Bot1|Bot2|Bot3|Bot4,,1,0
470,0.20,75,440,3413718978,1893227172,3673,0.652978,501,1432,59-29,30-55,41-69,67,55,72,58,33,25,1,0,1,67,0,,152,1,67,85,1,button,1,67,67,0,49,0,1.0000,116,0.002206,-1,-1,button,1,67,67,0,49,0,1.0000,116,0.022729,,-1,button,1,67,67,0,49,0,1.0000,116,0.025023,-1,,button,1,67,67,0,49,0,1.0000,116,7.353483,9,9,67,2,0,0,0.6,risk_path,4,Bot1|Bot2|Bot3|Bot4,,1,0
471,0.20,75,440,503817407,3717343413,3672,0.652800,514,1425,13-45,72-30,24-35,84,74,23,21,75,53,1,0,1,84,0,,283,1,84,199,1,button,1,84,84,0,24,0,1.0000,376,0.003878,-1,-1,button,1,84,84,0,24,0,1.0000,376,0.034284,,-1,button,1,84,84,0,24,0,1.0000,376,0.041630,-1,,button,1,84,84,0,24,0,1.0000,376,11.888129,39,39,84,0,0,0,0.4,risk_path,4,Bot1|Bot2|Bot3|Bot4,,1,0
472,0.20,75,440,2819638129,3975689994,3623,0.644089,510,1354,74-33,36-23,31-36,66,48,70,46,34,18,1,0,1,66,0,,145,1,66,79,1,button,1,66,66,0,79,0,1.0000,149,0.002130,-1,-1,button,1,66,66,0,79,0,1.0000,149,0.025282,,-1,button,1,66,66,0,79,0,1.0000,149,0.022294,-1,,button,1,66,66,0,79,0,1.0000,149,6.945150,-1,-1,66,0,0,0,0.4,risk_path,4,Bot1|Bot2|Bot3|Bot4,,1,0
473,0.20,75,440,2272994969,415899555,3671,0.652622,516,1414,5-54,58-0,43-33,113,107,75,59,50,48,1,0,1,113,0,,211,1,113,98,1,button,1,113,113,0,44,0,1.0000,432,0.005811,-1,-1,button,1,113,113,0,44,0,1.0000,432,0.048921,,-1,button,1,113,113,0,44,0,1.0000,432,0.049911,-1,,button,1,113,113,0,44,0,1.0000,432,21.928847,16,16,113,17,11,0,0.99,risk_path,4,Bot1|Bot2|Bot3|Bot4,,1,0
474,0.20,75,440,3800817311,3697787141,3626,0.644622,492,1343,5-7,13-60,73-20,75,61,97,81,102,100,0,0,1,75,1,75,472,1,75,397,1,button,1,75,75,0,322,0,1.0000,78,0.001529,-1,-1,button,1,75,75,0,322,0,1.0000,78,0.023474,,-1,button,1,75,75,0,322,0,1.0000,78,0.020887,-1,,button,1,75,75,0,320,0,1.0000,78,9.256913,12,12,75,0,0,0,0.4,risk_path,4,Bot1|Bot2|Bot3|Bot4,,1,0
475,0.20,75,440,3913921988,874549696,3647,0.648356,511,1362,56-1,38-43,52-0,66,60,15,5,67,57,0,0,1,66,1,66,248,1,66,182,1,button,1,66,66,0,50,0,1.0000,72,0.001097,-1,-1,button,1,66,66,0,50,0,1.0000,72,0.017138,,-1,button,1,66,66,0,50,0,1.0000,72,0.016560,-1,,button,1,66,66,0,50,0,1.0000,72,7.080843,-1,-1,66,0,0,0,0.4,risk_path,4,Bot1|Bot2|Bot3|Bot4,,1,0
476,0.20,75,440,2149910873,4090412208,3621,0.643733,513,1361,26-55,26-4,18-31,83,51,34,32,49,35,1,0,1,83,0,,193,1,83,110,1,button,1,83,83,0,11,0,1.0000,263,0.003613,-1,-1,button,1,83,83,0,11,0,1.0000,263,0.054443,,-1,button,1,83,83,0,11,0,1.0000,263,0.045575,-1,,button,1,83,83,0,11,0,1.0000,263,11.445778,17,17,83,0,0,0,0.4,risk_path,4,Bot1|Bot2|Bot3|Bot4,,1,0
477,0.20,75,440,2557168548,667988557,3659,0.650489,494,1407,58-32,54-42,13-19,30,14,66,58,80,64,0,0,1,30,1,30,334,1,30,304,1,button,1,30,30,0,213,0,1.0000,39,0.000408,-1,-1,button,1,30,30,0,213,0,1.0000,39,0.002793,,-1,button,1,30,30,0,213,0,1.0000,39,0.002464,-1,,button,1,30,30,0,213,0,1.0000,39,1.526482,27,27,30,0,0,0,0.4,risk_path,4,Bot1|Bot2|Bot3|Bot4,,1,0
478,0.20,75,440,364875584,1296068607,3621,0.643733,496,1338,45-17,14-59,55-11,91,73,20,16,105,89,0,0,1,91,1,91,447,1,91,356,1,button,1,91,91,0,95,0,1.0000,234,0.003940,-1,-1,button,1,91,91,0,95,0,1.0000,234,0.076389,,-1,button,1,91,91,0,95,0,1.0000,234,0.064755,-1,,button,1,91,91,0,95,0,1.0000,234,13.474634,-1,-1,91,0,0,0,0.4,risk_path,4,Bot1|Bot2|Bot3|Bot4,,1,0
479,0.20,75,440,1145681825,3225904011,3615,0.642667,492,1333,39-32,63-60,60-51,54,52,42,40,14,12,1,0,1,54,0,,94,1,54,40,1,button,1,54,54,0,5,0,1.0000,61,0.001120,-1,-1,button,1,54,54,0,5,0,1.0000,61,0.009982,,-1,button,1,54,54,0,5,0,1.0000,61,0.008817,-1,,button,1,54,54,0,5,0,1.0000,61,5.634317,-1,-1,54,15,18,0,0.99,risk_path,4,Bot1|Bot2|Bot3|Bot4,,1,0
480,0.20,75,440,348230519,1372939948,3638,0.646756,505,1386,59-43,51-1,23-1,54,50,82,78,52,28,1,0,1,54,0,,235,1,54,181,1,button,1,54,54,0,172,0,1.0000,80,0.000877,-1,-1,button,1,54,54,0,172,0,1.0000,80,0.007020,,-1,button,1,54,54,0,172,0,1.0000,80,0.006791,-1,,button,1,54,54,0,172,0,1.0000,80,4.828494,-1,-1,54,0,0,0,0.4,risk_path,4,Bot1|Bot2|Bot3|Bot4,,1,0
481,0.20,75,440,1613761028,1186564994,3628,0.644978,490,1360,42-69,73-38,64-51,70,62,44,40,32,22,1,0,1,70,0,,135,1,76,59,0,walked_into_fire,0,53,53,0,-1,17,0.7571,94,0.001471,53,52,button,1,90,90,0,8,0,1.0000,268,0.032412,,52,button,1,88,88,0,12,0,1.0000,259,0.025181,52,,button,1,80,80,0,23,0,1.0000,220,9.197177,2,2,80,11,0,0,0.99,risk_path,3,Bot2|Bot3|Bot4,Bot1,0,0
482,0.20,75,440,2244013405,2091786480,3633,0.645867,501,1376,17-42,31-61,59-17,39,33,75,67,92,72,0,0,1,39,1,39,374,1,39,335,1,button,1,39,39,0,287,0,1.0000,74,0.000765,-1,-1,button,1,39,39,0,287,0,1.0000,74,0.007058,,-1,button,1,39,39,0,287,0,1.0000,74,0.005477,-1,,button,1,39,39,0,287,0,1.0000,74,2.938948,10,10,39,0,0,0,0.4,risk_path,4,Bot1|Bot2|Bot3|Bot4,,1,0
483,0.20,75,440,944778932,1478825027,3640,0.647111,504,1358,32-47,39-21,6-61,37,33,54,40,91,73,0,0,1,37,1,37,370,1,37,333,1,button,1,37,37,0,223,0,1.0000,19,0.000274,-1,-1,button,1,37,37,0,223,0,1.0000,19,0.002388,,-1,button,1,37,37,0,223,0,1.0000,19,0.002485,-1,,button,1,37,37,0,223,0,1.0000,19,2.250394,7,7,37,0,0,0,0.4,risk_path,4,Bot1|Bot2|Bot3|Bot4,,1,0
484,0.20,75,440,575576,2379172882,3653,0.649422,507,1391,49-28,31-22,13-1,24,24,65,63,41,39,0,0,1,24,1,24,203,1,24,179,1,button,1,24,24,0,179,0,1.0000,7,0.000198,-1,-1,button,1,24,24,0,179,0,1.0000,7,0.001260,,-1,button,1,24,24,0,179,0,1.0000,7,0.001356,-1,,button,1,24,24,0,179,0,1.0000,7,1.055048,-1,-1,24,0,0,0,0.4,risk_path,4,Bot1|Bot2|Bot3|Bot4,,1,0
485,0.20,75,440,2872471504,826922753,3634,0.646044,499,1374,45-66,31-68,39-51,22,16,25,21,29,25,0,0,1,22,1,22,132,1,22,110,1,button,1,22,22,0,73,0,1.0000,39,0.000268,-1,-1,button,1,22,22,0,73,0,1.0000,39,0.001263,,-1,button,1,22,22,0,73,0,1.0000,39,0.001073,-1,,button,1,22,22,0,75,0,1.0000,39,0.898901,1,1,22,0,0,0,0.4,risk_path,4,Bot1|Bot2|Bot3|Bot4,,1,0
486,0.20,75,440,2028298929,2150041132,3626,0.644622,502,1364,44-42,46-42,65-27,8,2,42,36,36,34,0,0,1,8,1,8,173,1,8,165,1,button,1,8,8,0,155,0,1.0000,4,0.000066,-1,-1,button,1,8,8,0,155,0,1.0000,4,0.000239,,-1,button,1,8,8,0,155,0,1.0000,4,0.000159,-1,,button,1,8,8,0,155,0,1.0000,4,0.186154,-1,-1,8,0,0,0,0.4,risk_path,4,Bot1|Bot2|Bot3|Bot4,,1,0
487,0.20,75,440,2834803892,1468566193,3640,0.647111,512,1367,16-6,32-47,25-59,69,57,88,62,23,19,1,0,1,69,0,,120,1,69,51,1,button,1,69,69,0,50,0,1.0000,63,0.001295,-1,-1,button,1,69,69,0,50,0,1.0000,63,0.023141,,-1,button,1,69,69,0,50,0,1.0000,63,0.018961,-1,,button,1,69,69,0,50,0,1.0000,63,8.778602,17,17,69,14,13,0,0.99,risk_path,4,Bot1|Bot2|Bot3|Bot4,,1,0
488,0.20,75,440,1595770306,3510375444,3647,0.648356,509,1358,34-49,38-18,27-62,53,35,40,20,81,55,0,0,1,53,1,53,371,1,53,318,1,button,1,53,53,0,151,0,1.0000,162,0.001743,-1,-1,button,1,53,53,0,151,0,1.0000,162,0.013395,,-1,button,1,53,53,0,151,0,1.0000,162,0.011414,-1,,button,1,53,53,0,151,0,1.0000,162,4.668057,4,4,53,0,0,0,0.4,risk_path,4,Bot1|Bot2|Bot3|Bot4,,1,0
489,0.20,75,440,4171940784,3372629387,3636,0.646400,499,1366,69-26,7-39,72-72,87,75,81,49,106,98,0,0,1,87,1,87,411,1,87,324,1,button,1,87,87,0,229,0,1.0000,108,0.002165,-1,-1,button,1,87,87,0,229,0,1.0000,108,0.046718,,-1,button,1,87,87,0,229,0,1.0000,108,0.040911,-1,,button,1,87,87,0,266,0,1.0000,108,13.269831,24,24,87,0,0,0,0.4,risk_path,4,Bot1|Bot2|Bot3|Bot4,,1,0
490,0.20,75,440,3646037766,3925754981,3637,0.646578,497,1370,8-53,48-10,13-11,87,83,61,47,62,36,1,0,1,87,0,,267,1,87,180,1,button,1,87,87,0,88,0,1.0000,80,0.001999,-1,-1,button,1,87,87,0,88,0,1.0000,80,0.044471,,-1,button,1,87,87,0,88,0,1.0000,80,0.033068,-1,,button,1,87,87,0,100,0,1.0000,80,13.318651,7,7,87,0,0,0,0.4,risk_path,4,Bot1|Bot2|Bot3|Bot4,,1,0
491,0.20,75,440,1715550879,3700416209,3644,0.647822,514,1416,15-65,62-11,56-66,107,101,64,42,87,61,1,0,1,107,0,,391,1,107,284,1,button,1,107,107,0,133,0,1.0000,379,0.005894,-1,-1,button,1,107,107,0,133,0,1.0000,379,0.081626,,-1,button,1,107,107,0,133,0,1.0000,379,0.083895,-1,,button,1,107,107,0,133,0,1.0000,379,19.076706,14,14,107,0,0,0,0.4,risk_path,4,Bot1|Bot2|Bot3|Bot4,,1,0
492,0.20,75,440,1948605556,4065344269,3640,0.647111,507,1371,51-69,52-25,18-50,63,45,52,52,61,59,1,0,1,63,0,,256,1,63,193,1,button,1,63,63,0,166,0,1.0000,190,0.001929,-1,-1,button,1,63,63,0,166,0,1.0000,190,0.016358,,-1,button,1,63,63,0,166,0,1.0000,190,0.015273,-1,,button,1,63,63,0,166,0,1.0000,190,6.500767,13,13,63,0,0,0,0.4,risk_path,4,Bot1|Bot2|Bot3|Bot4,,1,0
493,0.20,75,440,627320740,1943041704,3628,0.644978,504,1383,15-31,53-41,42-35,54,48,37,31,17,17,1,1,1,58,0,,79,1,60,19,0,fire_reached_bot,0,30,30,0,0,24,0.5556,32,0.000926,25,25,button,1,60,60,0,13,0,1.0000,111,0.016521,,-1,button,1,60,60,0,13,0,1.0000,111,0.015807,-1,,button,1,60,60,0,13,0,1.0000,111,7.386565,-1,-1,60,23,16,0,0.99,risk_path,3,Bot2|Bot3|Bot4,Bot1,0,0
494,0.20,75,440,3909912075,2078630651,3651,0.649067,498,1390,32-62,42-47,11-0,29,25,101,83,82,78,0,0,1,29,1,29,307,1,29,278,1,button,1,29,29,0,278,0,1.0000,22,0.000224,-1,-1,button,1,29,29,0,278,0,1.0000,22,0.001467,,-1,button,1,29,29,0,278,0,1.0000,22,0.001611,-1,,button,1,29,29,0,278,0,1.0000,22,1.417599,-1,-1,29,0,0,0,0.4,risk_path,4,Bot1|Bot2|Bot3|Bot4,,1,0
495,0.20,75,440,1510466362,86062878,3646,0.648178,503,1410,1-6,28-20,9-50,43,41,82,52,65,49,0,0,1,43,1,43,284,1,43,241,1,button,1,43,43,0,220,0,1.0000,62,0.000558,-1,-1,button,1,43,43,0,220,0,1.0000,62,0.004749,,-1,button,1,43,43,0,220,0,1.0000,62,0.005797,-1,,button,1,43,43,0,231,0,1.0000,62,3.053119,24,24,43,0,0,0,0.4,risk_path,4,Bot1|Bot2|Bot3|Bot4,,1,0
496,0.20,75,440,1673293873,26139537,3663,0.651200,514,1389,47-11,12-26,34-36,62,50,44,38,46,32,1,0,1,62,0,,209,1,62,147,1,button,1,62,62,0,98,0,1.0000,116,0.001657,-1,-1,button,1,62,62,0,98,0,1.0000,116,0.020980,,-1,button,1,62,62,0,98,0,1.0000,116,0.020432,-1,,button,1,62,62,0,98,0,1.0000,116,6.270552,-1,-1,62,0,0,0,0.4,risk_path,4,Bot1|Bot2|Bot3|Bot4,,1,0
497,0.20,75,440,475465390,3774680164,3640,0.647111,505,1390,35-60,0-27,45-26,72,68,48,44,60,46,1,0,1,72,0,,222,1,72,150,1,button,1,72,72,0,116,0,1.0000,190,0.002294,-1,-1,button,1,72,72,0,116,0,1.0000,190,0.018853,,-1,button,1,72,72,0,116,0,1.0000,190,0.016980,-1,,button,1,72,72,0,116,0,1.0000,190,8.527730,-1,-1,72,0,0,0,0.4,risk_path,4,Bot1|Bot2|Bot3|Bot4,,1,0
498,0.20,75,440,662792833,1871343044,3645,0.648000,508,1402,32-8,35-37,6-34,48,32,60,52,40,32,1,0,1,48,0,,213,1,48,165,1,button,1,48,48,0,133,0,1.0000,75,0.001051,-1,-1,button,1,48,48,0,133,0,1.0000,75,0.013234,,-1,button,1,48,48,0,133,0,1.0000,75,0.010155,-1,,button,1,48,48,0,133,0,1.0000,75,3.709008,39,39,48,0,0,0,0.4,risk_path,4,Bot1|Bot2|Bot3|Bot4,,1,0
499,0.20,75,440,2014376753,1909772166,3652,0.649244,495,1363,33-38,36-40,60-38,5,5,57,27,54,26,0,0,1,5,1,5,271,1,5,266,1,button,1,5,5,0,255,0,1.0000,1,0.000038,-1,-1,button,1,5,5,0,255,0,1.0000,1,0.000095,,-1,button,1,5,5,0,255,0,1.0000,1,0.000067,-1,,button,1,5,5,0,255,0,1.0000,1,0.104716,-1,-1,5,0,0,0,0.4,risk_path,4,Bot1|Bot2|Bot3|Bot4,,1,0
