scenario_id,q,grid_size,seed,layout_seed,fire_seed,open_cells,open_fraction,dead_ends,junctions,start,button,fire_start,start_button_dist,start_button_manhattan,start_fire_dist,start_fire_manhattan,button_fire_dist,button_fire_manhattan,fire_closer_to_button,fire_start_on_shortest_path,path_exists_avoiding_fire_start,bot1_path_len,guaranteed_win,guaranteed_win_route_len,fire_button_time,oracle_win,oracle_route_len,oracle_margin,bot1_predicted_win,Bot1_result,Bot1_success,Bot1_steps,Bot1_moves,Bot1_waits,Bot1_min_slack,Bot1_final_dist_to_button,Bot1_progress_to_button,Bot1_fire_cells_at_end,Bot1_trial_seconds,Bot1_diverges_from_Bot2,Bot1_diverges_from_Bot3,Bot2_result,Bot2_success,Bot2_steps,Bot2_moves,Bot2_waits,Bot2_min_slack,Bot2_final_dist_to_button,Bot2_progress_to_button,Bot2_fire_cells_at_end,Bot2_trial_seconds,Bot2_diverges_from_Bot2,Bot2_diverges_from_Bot3,Bot3_result,Bot3_success,Bot3_steps,Bot3_moves,Bot3_waits,Bot3_min_slack,Bot3_final_dist_to_button,Bot3_progress_to_button,Bot3_fire_cells_at_end,Bot3_trial_seconds,Bot3_diverges_from_Bot2,Bot3_diverges_from_Bot3,Bot4_result,Bot4_success,Bot4_steps,Bot4_moves,Bot4_waits,Bot4_min_slack,Bot4_final_dist_to_button,Bot4_progress_to_button,Bot4_fire_cells_at_end,Bot4_trial_seconds,Bot4_diverges_from_Bot2,Bot4_diverges_from_Bot3,Bot4_plan_count,Bot4_relaxed_count,Bot4_fallback_count,Bot4_no_path_count,Bot4_max_active_threshold,Bot4_final_strategy,n_bots_succeeded,succeeded_bots,failed_bots,all_bots_succeeded,all_bots_failed
0,0.80,75,440,1268951711,594470288,3627,0.644800,505,1370,17-28,16-61,4-73,52,34,68,58,26,24,1,0,1,52,0,,30,0,,,0,fire_reached_bot,0,38,38,0,-7,14,0.7308,,0.001964,31,31,fire_reached_bot,0,46,30,16,-15,22,0.5769,,0.087021,,-1,fire_reached_bot,0,46,30,16,-15,22,0.5769,,0.163781,-1,,fire_reached_bot,0,46,30,16,-15,22,0.5769,,3.984163,-1,-1,46,0,30,16,,no_path,0,,Bot1|Bot2|Bot3|Bot4,0,1
1,0.80,75,440,2520073151,427107123,3637,0.646578,501,1318,1-73,6-66,34-48,14,12,72,58,60,46,0,0,1,14,1,14,64,1,14,50,1,button,1,14,14,0,50,0,1.0000,62,0.000212,-1,-1,button,1,14,14,0,50,0,1.0000,62,0.000525,,-1,button,1,14,14,0,50,0,1.0000,62,0.000652,-1,,button,1,14,14,0,50,0,1.0000,62,0.380264,12,12,14,0,0,0,0.4,risk_path,4,Bot1|Bot2|Bot3|Bot4,,1,0
2,0.80,75,440,1257125778,1539091741,3644,0.647822,495,1360,33-34,5-11,72-13,55,51,74,60,93,69,0,0,1,55,1,55,105,1,55,50,1,button,1,55,55,0,50,0,1.0000,754,0.004690,-1,-1,button,1,55,55,0,50,0,1.0000,754,0.013036,,-1,button,1,55,55,0,50,0,1.0000,754,0.017892,-1,,button,1,55,55,0,50,0,1.0000,754,4.315128,-1,-1,55,0,0,0,0.4,risk_path,4,Bot1|Bot2|Bot3|Bot4,,1,0
3,0.80,75,440,3219619760,4192021694,3647,0.648356,513,1356,57-62,26-5,53-47,110,88,43,19,75,69,1,0,1,110,0,,87,0,,,0,walked_into_fire,0,36,36,0,-1,74,0.3273,613,0.003619,36,36,fire_reached_bot,0,36,35,1,0,75,0.3182,653,0.041461,,-1,fire_reached_bot,0,36,35,1,0,75,0.3182,653,0.041889,-1,,fire_reached_bot,0,36,35,1,0,75,0.3182,653,5.449620,-1,-1,36,0,35,1,,no_path,0,,Bot1|Bot2|Bot3|Bot4,0,1
4,0.80,75,440,4248281429,536808686,3633,0.645867,506,1351,44-73,59-42,40-8,54,46,87,69,57,53,0,0,1,54,1,54,63,1,54,9,1,button,1,54,54,0,8,0,1.0000,1154,0.006323,-1,-1,button,1,54,54,0,8,0,1.0000,1154,0.013778,,-1,button,1,54,54,0,8,0,1.0000,1154,0.020955,-1,,button,1,54,54,0,8,0,1.0000,1154,3.994869,10,10,54,0,0,0,0.4,risk_path,4,Bot1|Bot2|Bot3|Bot4,,1,0
5,0.80,75,440,3037363144,91013559,3636,0.646400,501,1364,0-7,1-17,69-60,65,11,124,122,117,111,0,0,1,65,1,65,139,1,65,74,1,button,1,65,65,0,74,0,1.0000,1139,0.008660,-1,-1,button,1,65,65,0,74,0,1.0000,1139,0.026303,,-1,button,1,65,65,0,74,0,1.0000,1139,0.034941,-1,,button,1,65,65,0,74,0,1.0000,1139,5.300211,-1,-1,65,0,0,0,0.4,risk_path,4,Bot1|Bot2|Bot3|Bot4,,1,0
6,0.80,75,440,1074636703,574306319,3647,0.648356,496,1322,54-62,27-69,48-74,44,34,18,18,28,26,1,0,1,44,0,,34,0,,,0,walked_into_fire,0,24,24,0,-1,20,0.5455,207,0.000896,24,23,fire_reached_bot,0,29,28,1,0,26,0.4091,321,0.006765,,23,fire_reached_bot,0,29,28,1,0,26,0.4091,321,0.007509,23,,fire_reached_bot,0,29,28,1,0,26,0.4091,321,2.971460,-1,23,29,0,28,1,,no_path,0,,Bot1|Bot2|Bot3|Bot4,0,1
7,0.80,75,440,1849467998,3035649632,3658,0.650311,499,1404,22-44,18-46,73-3,6,6,92,92,98,98,0,0,1,6,1,6,111,1,6,105,1,button,1,6,6,0,104,0,1.0000,20,0.000068,-1,-1,button,1,6,6,0,104,0,1.0000,20,0.000128,,-1,button,1,6,6,0,104,0,1.0000,20,0.000160,-1,,button,1,6,6,0,104,0,1.0000,20,0.143967,-1,-1,6,0,0,0,0.4,risk_path,4,Bot1|Bot2|Bot3|Bot4,,1,0
8,0.80,75,440,2909181240,3215246687,3620,0.643556,506,1362,12-1,70-49,6-29,106,106,62,34,92,84,1,0,1,106,0,,113,1,106,7,0,fire_reached_bot,0,61,61,0,0,45,0.5755,1119,0.006583,-1,61,fire_reached_bot,0,61,61,0,0,45,0.5755,1119,0.026738,,61,fire_reached_bot,0,64,64,0,0,48,0.5472,1242,0.036874,61,,fire_reached_bot,0,61,61,0,0,45,0.5755,1119,8.687746,-1,61,61,0,61,0,,shortest_path_fallback,0,,Bot1|Bot2|Bot3|Bot4,0,1
9,0.80,75,440,3923003300,2956249458,3664,0.651378,525,1435,41-54,51-65,1-72,21,21,64,58,71,57,0,0,1,21,1,21,81,1,21,60,1,button,1,21,21,0,60,0,1.0000,108,0.000413,-1,-1,button,1,21,21,0,60,0,1.0000,108,0.001046,,-1,button,1,21,21,0,60,0,1.0000,108,0.001403,-1,,button,1,21,21,0,60,0,1.0000,108,0.765304,7,7,21,0,0,0,0.4,risk_path,4,Bot1|Bot2|Bot3|Bot4,,1,0
10,0.80,75,440,4156351459,864755998,3658,0.650311,493,1376,2-7,26-2,45-26,33,29,64,62,47,43,0,0,1,33,1,33,55,1,33,22,1,button,1,33,33,0,22,0,1.0000,620,0.002087,-1,-1,button,1,33,33,0,22,0,1.0000,620,0.004326,,-1,button,1,33,33,0,22,0,1.0000,620,0.006782,-1,,button,1,33,33,0,21,0,1.0000,620,1.654859,28,28,33,0,0,0,0.4,risk_path,4,Bot1|Bot2|Bot3|Bot4,,1,0
11,0.80,75,440,1031185214,4103681230,3664,0.651378,508,1398,69-16,41-61,63-36,77,73,28,26,51,47,1,0,1,77,0,,57,0,,,0,walked_into_fire,0,16,16,0,-1,61,0.2078,165,0.001185,11,11,fire_reached_bot,0,24,23,1,0,68,0.1169,322,0.015827,,17,fire_reached_bot,0,66,57,9,-8,92,-0.1948,,0.132905,17,,fire_reached_bot,0,24,23,1,0,68,0.1169,322,3.435018,-1,17,24,0,23,1,,no_path,0,,Bot1|Bot2|Bot3|Bot4,0,1
12,0.80,75,440,2377238433,762642544,3645,0.648000,497,1380,5-25,25-21,70-55,52,24,109,95,85,79,0,0,1,52,1,52,103,1,52,51,1,button,1,52,52,0,48,0,1.0000,896,0.005221,-1,-1,button,1,52,52,0,48,0,1.0000,896,0.015292,,-1,button,1,52,52,0,48,0,1.0000,896,0.020220,-1,,button,1,52,52,0,48,0,1.0000,896,3.738347,-1,-1,52,0,0,0,0.4,risk_path,4,Bot1|Bot2|Bot3|Bot4,,1,0
13,0.80,75,440,942222858,1891687492,3628,0.644978,514,1353,17-65,38-60,0-9,40,26,103,73,93,89,0,0,1,40,1,40,108,1,40,68,1,button,1,40,40,0,68,0,1.0000,407,0.001853,-1,-1,button,1,40,40,0,68,0,1.0000,407,0.005237,,-1,button,1,40,40,0,68,0,1.0000,407,0.007124,-1,,button,1,40,40,0,68,0,1.0000,407,2.474202,25,25,40,0,0,0,0.4,risk_path,4,Bot1|Bot2|Bot3|Bot4,,1,0
14,0.80,75,440,1794572316,2153723049,3632,0.645689,513,1338,29-67,13-50,1-15,37,33,80,80,47,47,0,0,1,37,1,37,56,1,37,19,1,button,1,37,37,0,19,0,1.0000,455,0.001759,-1,-1,button,1,37,37,0,19,0,1.0000,455,0.005220,,-1,button,1,37,37,0,19,0,1.0000,455,0.007490,-1,,button,1,37,37,0,19,0,1.0000,455,2.172598,-1,-1,37,0,0,0,0.4,risk_path,4,Bot1|Bot2|Bot3|Bot4,,1,0
15,0.80,75,440,2441200447,3899617149,3635,0.646222,492,1390,6-57,27-10,39-18,76,68,74,72,22,20,1,0,1,76,0,,25,0,,,0,fire_reached_bot,0,43,43,0,-17,33,0.5658,,0.005590,26,26,fire_reached_bot,0,58,25,33,-32,51,0.3289,,0.137079,,-1,fire_reached_bot,0,58,25,33,-32,51,0.3289,,0.258027,-1,,fire_reached_bot,0,58,25,33,-32,51,0.3289,,3.796110,-1,-1,58,0,25,33,,no_path,0,,Bot1|Bot2|Bot3|Bot4,0,1
16,0.80,75,440,1409741764,2153672354,3659,0.650489,494,1408,10-46,25-53,31-39,26,22,36,28,22,20,1,0,1,26,0,,30,1,26,4,1,button,1,26,26,0,4,0,1.0000,309,0.001023,-1,-1,button,1,26,26,0,4,0,1.0000,309,0.002414,,-1,button,1,26,26,0,4,0,1.0000,309,0.003391,-1,,button,1,26,26,0,4,0,1.0000,309,1.134447,25,25,26,2,15,0,0.99,risk_path,4,Bot1|Bot2|Bot3|Bot4,,1,0
17,0.80,75,440,4196951117,430857384,3656,0.649956,505,1381,14-41,64-28,8-72,71,63,55,37,102,100,0,0,1,71,1,71,123,1,71,52,1,button,1,71,71,0,50,0,1.0000,917,0.006837,-1,-1,button,1,71,71,0,50,0,1.0000,917,0.019740,,-1,button,1,71,71,0,50,0,1.0000,917,0.030247,-1,,button,1,71,71,0,50,0,1.0000,917,6.447954,24,24,71,0,0,0,0.4,risk_path,4,Bot1|Bot2|Bot3|Bot4,,1,0
18,0.80,75,440,4233149764,1616157659,3637,0.646578,497,1393,11-0,16-18,0-66,29,23,99,77,86,64,0,0,1,29,1,29,112,1,29,83,1,button,1,29,29,0,81,0,1.0000,162,0.000609,-1,-1,button,1,29,29,0,81,0,1.0000,162,0.002376,,-1,button,1,29,29,0,81,0,1.0000,162,0.002718,-1,,button,1,29,29,0,81,0,1.0000,162,1.361057,-1,-1,29,0,0,0,0.4,risk_path,4,Bot1|Bot2|Bot3|Bot4,,1,0
19,0.80,75,440,4064511795,2171928469,3659,0.650489,507,1409,57-65,50-20,26-74,72,52,56,40,90,78,0,0,1,72,1,72,109,1,72,37,1,button,1,72,72,0,31,0,1.0000,1321,0.008866,-1,-1,button,1,72,72,0,31,0,1.0000,1321,0.029569,,-1,button,1,72,72,0,31,0,1.0000,1321,0.043312,-1,,button,1,72,72,0,31,0,1.0000,1321,6.124588,54,54,72,0,0,0,0.4,risk_path,4,Bot1|Bot2|Bot3|Bot4,,1,0
20,0.80,75,440,1699899743,2977238066,3632,0.645689,499,1358,65-61,56-62,5-33,12,10,94,88,84,80,0,0,1,12,1,12,109,1,12,97,1,button,1,12,12,0,96,0,1.0000,60,0.000174,-1,-1,button,1,12,12,0,96,0,1.0000,60,0.000358,,-1,button,1,12,12,0,96,0,1.0000,60,0.000457,-1,,button,1,12,12,0,96,0,1.0000,60,0.299341,-1,-1,12,0,0,0,0.4,risk_path,4,Bot1|Bot2|Bot3|Bot4,,1,0
21,0.80,75,440,2732194428,1130965774,3628,0.644978,500,1341,59-18,44-33,32-32,42,30,53,41,17,13,1,0,1,42,0,,20,0,,,0,fire_reached_bot,0,32,32,0,-11,10,0.7619,,0.002365,21,21,fire_reached_bot,0,43,20,23,-22,22,0.4762,,0.102171,,-1,fire_reached_bot,0,43,20,23,-22,22,0.4762,,0.205932,-1,,fire_reached_bot,0,43,20,23,-22,22,0.4762,,1.804864,-1,-1,43,0,20,23,,no_path,0,,Bot1|Bot2|Bot3|Bot4,0,1
22,0.80,75,440,2997683836,1911204995,3630,0.645333,512,1370,1-26,1-47,5-0,43,21,52,30,83,51,0,0,1,43,1,43,93,1,43,50,1,button,1,43,43,0,46,0,1.0000,370,0.001865,-1,-1,button,1,43,43,0,46,0,1.0000,370,0.006254,,-1,button,1,43,43,0,46,0,1.0000,370,0.008534,-1,,button,1,43,43,0,46,0,1.0000,370,3.089936,-1,-1,43,0,0,0,0.4,risk_path,4,Bot1|Bot2|Bot3|Bot4,,1,0
23,0.80,75,440,1097742752,1414824977,3616,0.642844,520,1378,33-68,31-51,41-66,27,19,28,10,31,25,0,0,1,27,1,27,35,1,27,8,1,button,1,27,27,0,5,0,1.0000,280,0.000906,-1,-1,button,1,27,27,0,5,0,1.0000,280,0.002025,,-1,button,1,27,27,0,5,0,1.0000,280,0.002889,-1,,button,1,27,27,0,5,0,1.0000,280,1.150066,15,15,27,0,0,0,0.4,risk_path,4,Bot1|Bot2|Bot3|Bot4,,1,0
24,0.80,75,440,1337507337,2865046632,3623,0.644089,507,1335,32-73,70-9,19-6,112,102,98,80,76,54,1,0,1,112,0,,92,0,,,0,fire_reached_bot,0,80,80,0,0,32,0.7143,1829,0.017882,72,72,fire_reached_bot,0,92,71,21,0,41,0.6339,2263,0.136833,,-1,fire_reached_bot,0,92,71,21,0,41,0.6339,2263,0.213596,-1,,fire_reached_bot,0,92,71,21,0,41,0.6339,2263,10.795972,-1,-1,92,0,71,21,,no_path,0,,Bot1|Bot2|Bot3|Bot4,0,1
25,0.80,75,440,2498745009,4169581797,3635,0.646222,494,1385,46-65,45-48,5-39,32,18,69,67,59,49,0,0,1,32,1,32,74,1,32,42,1,button,1,32,32,0,41,0,1.0000,385,0.001505,-1,-1,button,1,32,32,0,41,0,1.0000,385,0.003963,,-1,button,1,32,32,0,41,0,1.0000,385,0.005666,-1,,button,1,32,32,0,42,0,1.0000,385,1.704590,27,27,32,0,0,0,0.4,risk_path,4,Bot1|Bot2|Bot3|Bot4,,1,0
26,0.80,75,440,702485085,3014187463,3632,0.645689,514,1384,50-33,57-15,62-49,27,25,30,28,49,39,0,0,1,27,1,27,64,1,27,37,1,button,1,27,27,0,35,0,1.0000,211,0.000694,-1,-1,button,1,27,27,0,35,0,1.0000,211,0.001851,,-1,button,1,27,27,0,35,0,1.0000,211,0.002516,-1,,button,1,27,27,0,34,0,1.0000,211,1.260243,9,9,27,0,0,0,0.4,risk_path,4,Bot1|Bot2|Bot3|Bot4,,1,0
27,0.80,75,440,643282798,4265031986,3649,0.648711,511,1394,1-17,44-11,69-37,79,49,110,88,53,51,1,0,1,79,0,,61,0,,,0,fire_reached_bot,0,70,70,0,-8,9,0.8861,,0.013309,62,62,fire_reached_bot,0,80,61,19,-18,18,0.7722,,0.092145,,-1,fire_reached_bot,0,80,61,19,-18,18,0.7722,,0.164055,-1,,fire_reached_bot,0,80,61,19,-18,18,0.7722,,7.588864,-1,-1,80,0,61,19,,no_path,0,,Bot1|Bot2|Bot3|Bot4,0,1
28,0.80,75,440,1804062868,1517241965,3645,0.648000,508,1398,11-0,21-47,20-45,67,57,66,54,3,3,1,0,1,67,0,,3,0,,,0,walked_into_fire,0,35,35,0,-31,32,0.5224,,0.003179,4,4,fire_reached_bot,0,73,3,70,-69,64,0.0448,,0.251021,,-1,fire_reached_bot,0,73,3,70,-69,64,0.0448,,0.498627,-1,,fire_reached_bot,0,73,3,70,-69,64,0.0448,,0.692529,-1,-1,73,0,3,70,,no_path,0,,Bot1|Bot2|Bot3|Bot4,0,1
29,0.80,75,440,566956298,2924771251,3644,0.647822,501,1370,50-7,18-23,45-30,52,48,40,28,40,34,1,0,1,52,0,,51,0,,,0,walked_into_fire,0,39,39,0,-1,13,0.7500,948,0.003570,37,36,fire_reached_bot,0,61,51,10,-9,11,0.7885,,0.040419,,36,fire_reached_bot,0,60,51,9,-8,9,0.8269,,0.078826,36,,fire_reached_bot,0,61,51,10,-9,11,0.7885,,3.989268,-1,36,61,0,51,10,,no_path,0,,Bot1|Bot2|Bot3|Bot4,0,1
30,0.80,75,440,2308806563,965244565,3657,0.650133,511,1407,30-30,52-69,10-51,77,61,45,41,68,60,1,0,1,77,0,,77,0,,,0,walked_into_fire,0,51,51,0,-1,26,0.6623,1134,0.007114,48,47,fire_reached_bot,0,61,58,3,0,41,0.4675,1523,0.045338,,47,fire_reached_bot,0,59,58,1,0,43,0.4416,1454,0.056508,47,,fire_reached_bot,0,61,58,3,0,41,0.4675,1523,8.146336,-1,47,61,0,58,3,,no_path,0,,Bot1|Bot2|Bot3|Bot4,0,1
31,0.80,75,440,462864162,1041021291,3639,0.646933,509,1365,21-23,18-74,12-3,78,54,35,29,107,77,0,0,1,78,1,78,121,1,78,43,1,button,1,78,78,0,34,0,1.0000,1542,0.013303,-1,-1,button,1,78,78,0,34,0,1.0000,1542,0.037033,,-1,button,1,78,78,0,34,0,1.0000,1542,0.052403,-1,,button,1,78,78,0,34,0,1.0000,1542,8.044258,-1,-1,78,0,0,0,0.4,risk_path,4,Bot1|Bot2|Bot3|Bot4,,1,0
32,0.80,75,440,1155299482,2171726374,3641,0.647289,493,1387,25-45,7-61,54-71,34,34,61,55,61,57,0,0,1,34,1,34,75,1,34,41,1,button,1,34,34,0,39,0,1.0000,463,0.001821,-1,-1,button,1,34,34,0,39,0,1.0000,463,0.003291,,-1,button,1,34,34,0,39,0,1.0000,463,0.005812,-1,,button,1,34,34,0,39,0,1.0000,463,1.983034,-1,-1,34,0,0,0,0.4,risk_path,4,Bot1|Bot2|Bot3|Bot4,,1,0
33,0.80,75,440,2179890998,1736700740,3656,0.649956,513,1434,34-4,10-2,6-32,38,26,62,56,50,34,0,0,1,38,1,38,61,1,38,23,1,button,1,38,38,0,21,0,1.0000,550,0.002446,-1,-1,button,1,38,38,0,21,0,1.0000,550,0.006447,,-1,button,1,38,38,0,21,0,1.0000,550,0.008806,-1,,button,1,38,38,0,21,0,1.0000,550,2.447747,-1,-1,38,0,0,0,0.4,risk_path,4,Bot1|Bot2|Bot3|Bot4,,1,0
34,0.80,75,440,1845197330,3869115511,3638,0.646756,501,1332,22-74,62-5,5-2,117,109,105,89,100,60,1,0,1,117,0,,113,0,,,0,fire_reached_bot,0,71,71,0,0,46,0.6068,972,0.008917,-1,70,fire_reached_bot,0,71,71,0,0,46,0.6068,972,0.074707,,70,fire_reached_bot,0,71,71,0,0,46,0.6068,972,0.083122,70,,fire_reached_bot,0,71,71,0,0,46,0.6068,972,14.630191,-1,70,71,0,71,0,,shortest_path_fallback,0,,Bot1|Bot2|Bot3|Bot4,0,1
35,0.80,75,440,2606653398,2211110660,3655,0.649778,520,1407,30-55,10-46,12-4,33,29,77,69,54,44,0,0,1,33,1,33,71,1,33,38,1,button,1,33,33,0,38,0,1.0000,394,0.001593,-1,-1,button,1,33,33,0,38,0,1.0000,394,0.003713,,-1,button,1,33,33,0,38,0,1.0000,394,0.005292,-1,,button,1,33,33,0,38,0,1.0000,394,1.948857,-1,-1,33,0,0,0,0.4,risk_path,4,Bot1|Bot2|Bot3|Bot4,,1,0
36,0.80,75,440,185924975,3982104193,3640,0.647111,501,1382,69-56,63-24,28-5,56,38,104,92,68,54,0,0,1,56,1,56,82,1,56,26,1,button,1,56,56,0,26,0,1.0000,745,0.004346,-1,-1,button,1,56,56,0,26,0,1.0000,745,0.017917,,-1,button,1,56,56,0,26,0,1.0000,745,0.023675,-1,,button,1,56,56,0,26,0,1.0000,745,4.617066,49,49,56,0,0,0,0.4,risk_path,4,Bot1|Bot2|Bot3|Bot4,,1,0
37,0.80,75,440,3568169848,3649924492,3650,0.648889,506,1389,70-37,57-65,26-62,57,41,93,69,66,34,0,0,1,57,1,57,84,1,57,27,1,button,1,57,57,0,27,0,1.0000,970,0.005096,-1,-1,button,1,57,57,0,27,0,1.0000,970,0.016981,,-1,button,1,57,57,0,27,0,1.0000,970,0.023537,-1,,button,1,57,57,0,27,0,1.0000,970,4.811445,-1,-1,57,0,0,0,0.4,risk_path,4,Bot1|Bot2|Bot3|Bot4,,1,0
38,0.80,75,440,3097759363,742922130,3644,0.647822,512,1377,53-33,58-19,16-17,25,19,57,53,64,44,0,0,1,25,1,25,73,1,25,48,1,button,1,25,25,0,47,0,1.0000,403,0.001155,-1,-1,button,1,25,25,0,47,0,1.0000,403,0.002328,,-1,button,1,25,25,0,47,0,1.0000,403,0.003789,-1,,button,1,25,25,0,47,0,1.0000,403,1.021725,11,11,25,0,0,0,0.4,risk_path,4,Bot1|Bot2|Bot3|Bot4,,1,0
39,0.80,75,440,3219368855,3088895621,3631,0.645511,504,1368,38-4,59-25,64-72,50,42,100,94,70,52,0,0,1,50,1,50,81,1,50,31,1,button,1,50,50,0,31,0,1.0000,548,0.003222,-1,-1,button,1,50,50,0,31,0,1.0000,548,0.013957,,-1,button,1,50,50,0,31,0,1.0000,548,0.016887,-1,,button,1,50,50,0,31,0,1.0000,548,3.753784,2,2,50,0,0,0,0.4,risk_path,4,Bot1|Bot2|Bot3|Bot4,,1,0
40,0.80,75,440,3029962385,3015429521,3622,0.643911,504,1322,30-34,46-20,61-2,32,30,67,63,43,33,0,0,1,32,1,32,48,1,32,16,1,button,1,32,32,0,16,0,1.0000,334,0.001298,-1,-1,button,1,32,32,0,16,0,1.0000,334,0.002951,,-1,button,1,32,32,0,16,0,1.0000,334,0.004594,-1,,button,1,32,32,0,16,0,1.0000,334,1.711950,13,13,32,0,0,0,0.4,risk_path,4,Bot1|Bot2|Bot3|Bot4,,1,0
41,0.80,75,440,4017667363,2471176468,3640,0.647111,508,1366,47-32,62-11,3-74,48,36,92,86,138,122,0,0,1,48,1,48,160,1,48,112,1,button,1,48,48,0,109,0,1.0000,261,0.001530,-1,-1,button,1,48,48,0,109,0,1.0000,261,0.009116,,-1,button,1,48,48,0,109,0,1.0000,261,0.010754,-1,,button,1,48,48,0,109,0,1.0000,261,3.875238,-1,-1,48,0,0,0,0.4,risk_path,4,Bot1|Bot2|Bot3|Bot4,,1,0
42,0.80,75,440,287415481,3615322627,3640,0.647111,512,1371,33-53,74-35,48-20,65,59,62,48,45,41,1,0,1,65,0,,50,0,,,0,walked_into_fire,0,35,35,0,-2,30,0.5385,737,0.002992,30,29,fire_reached_bot,0,60,49,11,-9,26,0.6000,,0.057985,,29,fire_reached_bot,0,58,49,9,-7,24,0.6308,,0.105144,29,,fire_reached_bot,0,60,49,11,-9,26,0.6000,,5.358973,-1,29,60,0,49,11,,no_path,0,,Bot1|Bot2|Bot3|Bot4,0,1
43,0.80,75,440,3343635005,3613099639,3644,0.647822,513,1424,40-63,49-41,34-34,39,31,43,35,30,22,1,0,1,39,0,,33,0,,,0,walked_into_fire,0,32,32,0,-1,7,0.8205,575,0.001946,29,28,fire_reached_bot,0,42,33,9,-8,14,0.6410,,0.045774,,28,fire_reached_bot,0,46,33,13,-12,12,0.6923,,0.114813,28,,fire_reached_bot,0,42,33,9,-8,14,0.6410,,3.117572,-1,28,42,0,33,9,,no_path,0,,Bot1|Bot2|Bot3|Bot4,0,1
44,0.80,75,440,2433726094,1705541714,3627,0.644800,494,1308,60-20,48-7,31-29,35,25,46,38,41,39,0,0,1,35,1,35,46,1,35,11,1,button,1,35,35,0,10,0,1.0000,779,0.002895,-1,-1,button,1,35,35,0,10,0,1.0000,779,0.005492,,-1,button,1,35,35,0,10,0,1.0000,779,0.009315,-1,,button,1,35,35,0,10,0,1.0000,779,1.898589,-1,-1,35,0,0,0,0.4,risk_path,4,Bot1|Bot2|Bot3|Bot4,,1,0
45,0.80,75,440,3245280877,583972034,3621,0.643733,504,1351,40-56,38-63,23-69,15,9,38,30,25,21,0,0,1,15,1,15,27,1,15,12,1,button,1,15,15,0,12,0,1.0000,53,0.000195,-1,-1,button,1,15,15,0,12,0,1.0000,53,0.000576,,-1,button,1,15,15,0,12,0,1.0000,53,0.000826,-1,,button,1,15,15,0,12,0,1.0000,53,0.462465,-1,-1,15,0,0,0,0.4,risk_path,4,Bot1|Bot2|Bot3|Bot4,,1,0
46,0.80,75,440,744039592,481665536,3664,0.651378,517,1383,42-67,5-61,36-15,65,43,76,58,87,77,0,0,1,65,1,65,104,1,65,39,1,button,1,65,65,0,39,0,1.0000,2014,0.014605,-1,-1,button,1,65,65,0,39,0,1.0000,2014,0.027858,,-1,button,1,65,65,0,39,0,1.0000,2014,0.047240,-1,,button,1,65,65,0,39,0,1.0000,2014,4.980124,-1,-1,65,0,0,0,0.4,risk_path,4,Bot1|Bot2|Bot3|Bot4,,1,0
47,0.80,75,440,1407365857,2116346229,3670,0.652444,517,1423,35-11,51-53,61-53,72,58,84,68,14,10,1,0,1,72,0,,15,0,,,0,fire_reached_bot,0,46,46,0,-30,26,0.6389,,0.005568,15,15,fire_reached_bot,0,79,14,65,-63,58,0.1944,,0.281422,,-1,fire_reached_bot,0,79,14,65,-63,58,0.1944,,0.556379,-1,,fire_reached_bot,0,79,14,65,-63,58,0.1944,,2.841904,-1,-1,79,0,14,65,,no_path,0,,Bot1|Bot2|Bot3|Bot4,0,1
48,0.80,75,440,3906747135,3253557841,3652,0.649244,514,1378,38-31,19-45,43-34,35,33,8,8,37,35,0,0,1,35,1,35,44,1,35,9,1,button,1,35,35,0,9,0,1.0000,746,0.002557,-1,-1,button,1,35,35,0,9,0,1.0000,746,0.005622,,-1,button,1,35,35,0,9,0,1.0000,746,0.010574,-1,,button,1,35,35,0,9,0,1.0000,746,2.033911,-1,-1,35,0,0,0,0.4,risk_path,4,Bot1|Bot2|Bot3|Bot4,,1,0
49,0.80,75,440,568842183,2915534142,3635,0.646222,500,1368,31-65,44-71,44-59,47,19,31,19,16,12,1,1,1,101,0,,17,0,,,0,fire_reached_bot,0,18,18,0,0,29,0.3830,,0.002669,6,6,fire_reached_bot,0,34,5,29,-16,42,0.1064,,0.152992,,-1,fire_reached_bot,0,34,5,29,-16,42,0.1064,,0.347120,-1,,fire_reached_bot,0,34,5,29,-16,42,0.1064,,1.083006,-1,-1,34,0,5,29,,no_path,0,,Bot1|Bot2|Bot3|Bot4,0,1
50,0.80,75,440,514431646,1809119261,3651,0.649067,517,1393,25-17,63-18,11-57,51,39,58,54,109,91,0,0,1,51,1,51,125,1,51,74,1,button,1,51,51,0,68,0,1.0000,858,0.004409,-1,-1,button,1,51,51,0,68,0,1.0000,858,0.010824,,-1,button,1,51,51,0,68,0,1.0000,858,0.016333,-1,,button,1,51,51,0,68,0,1.0000,858,4.447420,33,33,51,0,0,0,0.4,risk_path,4,Bot1|Bot2|Bot3|Bot4,,1,0
51,0.80,75,440,3235510554,1802600594,3623,0.644089,494,1355,2-10,68-24,9-57,110,80,66,54,94,92,1,0,1,110,0,,106,0,,,0,fire_reached_bot,0,58,58,0,0,52,0.5273,1214,0.009647,-1,57,fire_reached_bot,0,58,58,0,0,52,0.5273,1214,0.092333,,57,fire_reached_bot,0,66,65,1,0,55,0.5000,1518,0.112510,57,,fire_reached_bot,0,58,58,0,0,52,0.5273,1214,9.542076,-1,57,58,0,58,0,,shortest_path_fallback,0,,Bot1|Bot2|Bot3|Bot4,0,1
52,0.80,75,440,639085731,3543395183,3638,0.646756,515,1390,32-9,6-35,41-25,56,52,25,25,51,45,1,0,1,56,0,,62,1,56,6,1,button,1,56,56,0,6,0,1.0000,1977,0.011175,-1,-1,button,1,56,56,0,6,0,1.0000,1977,0.019238,,-1,button,1,56,56,0,6,0,1.0000,1977,0.032588,-1,,button,1,56,56,0,6,0,1.0000,1977,3.795642,-1,-1,56,16,1,0,0.99,risk_path,4,Bot1|Bot2|Bot3|Bot4,,1,0
53,0.80,75,440,4049135280,482899726,3625,0.644444,501,1359,43-44,33-34,49-33,36,20,23,17,25,17,1,0,1,36,0,,29,0,,,0,fire_reached_bot,0,31,31,0,-1,5,0.8611,,0.001667,30,30,fire_reached_bot,0,33,29,4,-3,7,0.8056,,0.021944,,-1,fire_reached_bot,0,33,29,4,-3,7,0.8056,,0.049187,-1,,fire_reached_bot,0,33,29,4,-3,7,0.8056,,2.067574,-1,-1,33,0,29,4,,no_path,0,,Bot1|Bot2|Bot3|Bot4,0,1
54,0.80,75,440,2561198562,2236996756,3645,0.648000,500,1328,20-62,0-59,47-37,29,23,58,52,79,69,0,0,1,29,1,29,96,1,29,67,1,button,1,29,29,0,64,0,1.0000,373,0.001113,-1,-1,button,1,29,29,0,64,0,1.0000,373,0.002505,,-1,button,1,29,29,0,64,0,1.0000,373,0.003875,-1,,button,1,29,29,0,64,0,1.0000,373,1.415224,-1,-1,29,0,0,0,0.4,risk_path,4,Bot1|Bot2|Bot3|Bot4,,1,0
55,0.80,75,440,2251065692,286865008,3616,0.642844,496,1335,58-63,9-0,53-16,120,112,64,52,62,60,1,0,1,120,0,,80,0,,,0,walked_into_fire,0,48,48,0,-1,72,0.4000,1170,0.007216,46,45,fire_reached_bot,0,52,49,3,0,79,0.3417,1369,0.038163,,45,fire_reached_bot,0,52,49,3,0,81,0.3250,1369,0.049650,45,,fire_reached_bot,0,52,49,3,0,79,0.3417,1369,8.144002,-1,45,52,0,49,3,,no_path,0,,Bot1|Bot2|Bot3|Bot4,0,1
56,0.80,75,440,489761711,2230263378,3623,0.644089,501,1372,42-25,42-63,50-53,54,38,40,36,24,18,1,0,1,54,0,,30,0,,,0,walked_into_fire,0,21,21,0,-1,33,0.3889,259,0.001013,20,20,fire_reached_bot,0,33,30,3,-2,38,0.2963,,0.031178,,-1,fire_reached_bot,0,33,30,3,-2,38,0.2963,,0.062298,-1,,fire_reached_bot,0,33,30,3,-2,38,0.2963,,3.506894,-1,-1,33,0,30,3,,no_path,0,,Bot1|Bot2|Bot3|Bot4,0,1
57,0.80,75,440,3274284638,313157239,3626,0.644622,513,1371,46-14,73-22,58-60,39,35,62,58,59,53,0,0,1,39,1,39,69,1,39,30,1,button,1,39,39,0,29,0,1.0000,814,0.003794,-1,-1,button,1,39,39,0,29,0,1.0000,814,0.006133,,-1,button,1,39,39,0,29,0,1.0000,814,0.010814,-1,,button,1,39,39,0,29,0,1.0000,814,2.133271,8,8,39,0,0,0,0.4,risk_path,4,Bot1|Bot2|Bot3|Bot4,,1,0
58,0.80,75,440,3129249196,3379267321,3657,0.650133,513,1417,60-25,1-56,25-34,90,90,46,44,46,46,1,0,1,90,0,,57,0,,,0,fire_reached_bot,0,24,24,0,0,66,0.2667,389,0.001611,23,23,fire_reached_bot,0,51,49,2,0,67,0.2556,1727,0.042531,,-1,fire_reached_bot,0,51,49,2,0,67,0.2556,1727,0.057897,-1,,fire_reached_bot,0,51,49,2,0,67,0.2556,1727,6.641855,-1,-1,51,0,49,2,,no_path,0,,Bot1|Bot2|Bot3|Bot4,0,1
59,0.80,75,440,894121229,1668138513,3639,0.646933,508,1374,35-29,71-66,49-2,75,73,43,41,98,86,0,0,1,75,1,75,116,1,75,41,1,button,1,75,75,0,40,0,1.0000,1723,0.013340,-1,-1,button,1,75,75,0,40,0,1.0000,1723,0.033635,,-1,button,1,75,75,0,40,0,1.0000,1723,0.050266,-1,,button,1,75,75,0,40,0,1.0000,1723,6.602381,11,11,75,0,0,0,0.4,risk_path,4,Bot1|Bot2|Bot3|Bot4,,1,0
60,0.80,75,440,2937611675,2098551990,3661,0.650844,517,1463,74-51,28-50,7-34,75,47,98,84,43,37,1,0,1,75,0,,50,0,,,0,fire_reached_bot,0,58,58,0,-7,17,0.7733,,0.009261,46,46,fire_reached_bot,0,68,45,23,-17,30,0.6000,,0.109887,,-1,fire_reached_bot,0,68,45,23,-17,30,0.6000,,0.191828,-1,,fire_reached_bot,0,68,45,23,-17,30,0.6000,,6.637137,-1,-1,68,0,45,23,,no_path,0,,Bot1|Bot2|Bot3|Bot4,0,1
61,0.80,75,440,2158948882,4161325205,3649,0.648711,504,1375,55-43,55-56,72-7,43,13,55,53,98,66,0,0,1,43,1,43,109,1,43,66,1,button,1,43,43,0,59,0,1.0000,344,0.002194,-1,-1,button,1,43,43,0,59,0,1.0000,344,0.010113,,-1,button,1,43,43,0,59,0,1.0000,344,0.012568,-1,,button,1,43,43,0,59,0,1.0000,344,2.996668,-1,-1,43,0,0,0,0.4,risk_path,4,Bot1|Bot2|Bot3|Bot4,,1,0
62,0.80,75,440,3393563913,2253549308,3667,0.651911,508,1380,24-27,32-68,1-59,71,49,57,55,46,40,1,0,1,71,0,,57,0,,,0,fire_reached_bot,0,36,36,0,0,35,0.5070,325,0.002071,36,36,fire_reached_bot,0,48,48,0,0,31,0.5634,565,0.024701,,-1,fire_reached_bot,0,48,48,0,0,31,0.5634,565,0.036849,-1,,fire_reached_bot,0,48,48,0,0,31,0.5634,565,7.113568,-1,-1,48,0,48,0,,shortest_path_fallback,0,,Bot1|Bot2|Bot3|Bot4,0,1
63,0.80,75,440,3798218772,3326087650,3629,0.645156,502,1335,46-27,21-72,19-59,74,70,59,59,17,15,1,0,1,74,0,,19,0,,,0,walked_into_fire,0,34,34,0,-14,40,0.4595,,0.002535,13,12,fire_reached_bot,0,63,19,44,-43,65,0.1216,,0.208859,,12,fire_reached_bot,0,63,19,44,-43,65,0.1216,,0.429431,12,,fire_reached_bot,0,63,19,44,-43,65,0.1216,,3.555777,-1,12,63,0,19,44,,no_path,0,,Bot1|Bot2|Bot3|Bot4,0,1
64,0.80,75,440,2494522029,654045650,3638,0.646756,507,1370,7-38,4-33,70-44,8,8,99,69,103,77,0,0,1,8,1,8,131,1,8,123,1,button,1,8,8,0,123,0,1.0000,31,0.000096,-1,-1,button,1,8,8,0,123,0,1.0000,31,0.000215,,-1,button,1,8,8,0,123,0,1.0000,31,0.000523,-1,,button,1,8,8,0,123,0,1.0000,31,0.180607,-1,-1,8,0,0,0,0.4,risk_path,4,Bot1|Bot2|Bot3|Bot4,,1,0
65,0.80,75,440,282407045,3208019061,3667,0.651911,507,1402,71-60,44-21,48-55,68,66,40,28,64,38,1,0,1,68,0,,76,1,70,6,0,fire_reached_bot,0,48,48,0,0,20,0.7059,1354,0.006860,-1,48,fire_reached_bot,0,48,48,0,0,20,0.7059,1354,0.021111,,48,fire_reached_bot,0,77,74,3,0,6,0.9118,,0.084447,48,,fire_reached_bot,0,48,48,0,0,20,0.7059,1354,5.353753,-1,48,48,48,0,0,0.99,risk_path,0,,Bot1|Bot2|Bot3|Bot4,0,1
66,0.80,75,440,2624712765,892082244,3630,0.645333,514,1350,67-68,51-49,10-44,39,35,91,81,62,46,0,0,1,39,1,39,71,1,39,32,1,button,1,39,39,0,32,0,1.0000,680,0.002932,-1,-1,button,1,39,39,0,32,0,1.0000,680,0.005795,,-1,button,1,39,39,0,32,0,1.0000,680,0.010355,-1,,button,1,39,39,0,32,0,1.0000,680,2.424181,-1,-1,39,0,0,0,0.4,risk_path,4,Bot1|Bot2|Bot3|Bot4,,1,0
67,0.80,75,440,1729019775,856386472,3624,0.644267,517,1409,60-53,29-59,62-26,39,37,43,29,68,66,0,0,1,39,1,39,84,1,39,45,1,button,1,39,39,0,37,0,1.0000,727,0.002833,-1,-1,button,1,39,39,0,37,0,1.0000,727,0.006508,,-1,button,1,39,39,0,37,0,1.0000,727,0.010371,-1,,button,1,39,39,0,37,0,1.0000,727,2.480004,-1,-1,39,0,0,0,0.4,risk_path,4,Bot1|Bot2|Bot3|Bot4,,1,0
68,0.80,75,440,4025098533,459075162,3613,0.642311,482,1310,53-46,53-73,41-17,43,27,43,41,86,68,0,0,1,43,1,43,107,1,43,64,1,button,1,43,43,0,57,0,1.0000,849,0.003548,-1,-1,button,1,43,43,0,57,0,1.0000,849,0.009060,,-1,button,1,43,43,0,57,0,1.0000,849,0.015534,-1,,button,1,43,43,0,57,0,1.0000,849,2.832536,-1,-1,43,0,0,0,0.4,risk_path,4,Bot1|Bot2|Bot3|Bot4,,1,0
69,0.80,75,440,266228852,4289431394,3621,0.643733,500,1398,43-3,26-13,19-65,43,27,102,86,79,59,0,0,1,43,1,43,91,1,43,48,1,button,1,43,43,0,47,0,1.0000,811,0.003862,-1,-1,button,1,43,43,0,47,0,1.0000,811,0.009170,,-1,button,1,43,43,0,47,0,1.0000,811,0.015546,-1,,button,1,43,43,0,47,0,1.0000,811,2.873576,-1,-1,43,0,0,0,0.4,risk_path,4,Bot1|Bot2|Bot3|Bot4,,1,0
70,0.80,75,440,3288517247,2662616909,3639,0.646933,504,1347,14-60,54-8,52-56,96,92,58,42,64,50,1,0,1,96,0,,80,0,,,0,walked_into_fire,0,35,35,0,-2,61,0.3646,666,0.003395,34,33,fire_reached_bot,0,37,35,2,0,65,0.3229,767,0.030704,,33,fire_reached_bot,0,38,35,3,0,67,0.3021,800,0.039680,33,,fire_reached_bot,0,37,35,2,0,65,0.3229,767,5.888561,-1,33,37,0,35,2,,no_path,0,,Bot1|Bot2|Bot3|Bot4,0,1
71,0.80,75,440,3168276635,2131575540,3624,0.644267,484,1358,74-4,42-32,8-21,64,60,93,83,49,45,1,0,1,64,0,,61,0,,,0,walked_into_fire,0,60,60,0,-1,4,0.9375,1406,0.008807,59,58,fire_reached_bot,0,65,60,5,-3,8,0.8750,,0.038092,,58,fire_reached_bot,0,67,60,7,-5,10,0.8438,,0.091669,58,,fire_reached_bot,0,65,60,5,-3,8,0.8750,,5.755773,-1,58,65,0,60,5,,no_path,0,,Bot1|Bot2|Bot3|Bot4,0,1
72,0.80,75,440,3264989703,3396489466,3645,0.648000,501,1378,40-20,63-53,65-66,60,56,81,71,27,15,1,0,1,60,0,,31,0,,,0,walked_into_fire,0,45,45,0,-13,15,0.7500,,0.003620,31,31,fire_reached_bot,0,60,30,30,-28,30,0.5000,,0.142631,,-1,fire_reached_bot,0,60,30,30,-28,30,0.5000,,0.323196,-1,,fire_reached_bot,0,60,30,30,-28,30,0.5000,,4.725725,-1,-1,60,0,30,30,,no_path,0,,Bot1|Bot2|Bot3|Bot4,0,1
73,0.80,75,440,3661586234,851551463,3654,0.649600,496,1346,19-42,55-11,6-19,77,67,48,36,73,57,1,0,1,77,0,,83,1,77,6,1,button,1,77,77,0,1,0,1.0000,1607,0.013434,-1,-1,button,1,77,77,0,1,0,1.0000,1607,0.045210,,-1,button,1,77,77,0,1,0,1.0000,1607,0.072522,-1,,button,1,77,77,0,2,0,1.0000,1607,8.498401,30,30,77,36,0,0,0.99,risk_path,4,Bot1|Bot2|Bot3|Bot4,,1,0
74,0.80,75,440,1507352610,3438827500,3616,0.642844,480,1296,44-65,19-74,3-51,36,34,71,55,43,39,0,0,1,36,1,36,53,1,36,17,1,button,1,36,36,0,17,0,1.0000,303,0.001096,-1,-1,button,1,36,36,0,17,0,1.0000,303,0.003110,,-1,button,1,36,36,0,17,0,1.0000,303,0.004990,-1,,button,1,36,36,0,17,0,1.0000,303,2.124093,-1,-1,36,0,0,0,0.4,risk_path,4,Bot1|Bot2|Bot3|Bot4,,1,0
75,0.80,75,440,2046749167,4286327507,3627,0.644800,499,1365,2-9,37-12,35-29,62,38,61,53,25,19,1,0,1,62,0,,32,0,,,0,walked_into_fire,0,39,39,0,-6,23,0.6290,,0.003643,30,30,fire_reached_bot,0,48,29,19,-15,33,0.4677,,0.045584,,-1,fire_reached_bot,0,48,29,19,-15,33,0.4677,,0.085359,-1,,fire_reached_bot,0,48,29,19,-15,33,0.4677,,3.302395,-1,-1,48,0,29,19,,no_path,0,,Bot1|Bot2|Bot3|Bot4,0,1
76,0.80,75,440,3008379624,3615876865,3655,0.649778,515,1384,43-36,1-62,52-64,72,68,49,37,85,53,0,0,1,72,1,72,99,1,72,27,1,button,1,72,72,0,24,0,1.0000,1536,0.011596,-1,-1,button,1,72,72,0,24,0,1.0000,1536,0.032146,,-1,button,1,72,72,0,24,0,1.0000,1536,0.048406,-1,,button,1,72,72,0,23,0,1.0000,1536,6.287401,54,54,72,0,0,0,0.4,risk_path,4,Bot1|Bot2|Bot3|Bot4,,1,0
77,0.80,75,440,168951023,2051054311,3646,0.648178,498,1387,63-46,7-52,36-46,78,62,39,27,41,35,1,0,1,78,0,,45,0,,,0,walked_into_fire,0,23,23,0,-1,55,0.2949,187,0.001161,12,12,fire_reached_bot,0,31,31,0,0,51,0.3462,457,0.018819,,31,fire_reached_bot,0,41,40,1,0,60,0.2308,781,0.028984,31,,fire_reached_bot,0,31,31,0,0,51,0.3462,457,4.664209,-1,31,31,0,31,0,,shortest_path_fallback,0,,Bot1|Bot2|Bot3|Bot4,0,1
78,0.80,75,440,2349810379,2265303479,3641,0.647289,501,1376,71-31,32-73,47-46,91,81,51,39,46,42,1,0,1,91,0,,56,0,,,0,walked_into_fire,0,28,28,0,-1,63,0.3077,169,0.001598,13,13,fire_reached_bot,0,61,56,5,-4,67,0.2637,,0.097643,,40,fire_reached_bot,0,64,56,8,-7,69,0.2418,,0.145033,40,,fire_reached_bot,0,61,56,5,-4,67,0.2637,,8.921507,-1,40,61,0,56,5,,no_path,0,,Bot1|Bot2|Bot3|Bot4,0,1
79,0.80,75,440,2763321522,3868111401,3664,0.651378,494,1408,50-59,10-66,49-54,63,47,6,6,63,51,0,0,1,63,0,,75,1,63,12,1,button,1,63,63,0,1,0,1.0000,1728,0.012127,-1,-1,button,1,63,63,0,1,0,1.0000,1728,0.026923,,-1,button,1,63,63,0,1,0,1.0000,1728,0.042447,-1,,button,1,63,63,0,1,0,1.0000,1728,4.882130,34,34,63,2,0,0,0.6,risk_path,4,Bot1|Bot2|Bot3|Bot4,,1,0
80,0.80,75,440,3716998955,3442828106,3643,0.647644,507,1384,32-60,45-60,19-26,29,13,51,47,72,60,0,0,1,29,1,29,85,1,29,56,1,button,1,29,29,0,49,0,1.0000,530,0.001712,-1,-1,button,1,29,29,0,49,0,1.0000,530,0.004325,,-1,button,1,29,29,0,49,0,1.0000,530,0.006139,-1,,button,1,29,29,0,49,0,1.0000,530,1.454007,15,15,29,0,0,0,0.4,risk_path,4,Bot1|Bot2|Bot3|Bot4,,1,0
81,0.80,75,440,2802822109,1173380791,3659,0.650489,505,1348,72-70,46-13,62-73,91,83,29,13,92,76,0,0,1,91,1,91,109,1,91,18,1,button,1,91,91,0,4,0,1.0000,1871,0.017619,-1,-1,button,1,91,91,0,4,0,1.0000,1871,0.048747,,-1,button,1,91,91,0,4,0,1.0000,1871,0.073311,-1,,button,1,91,91,0,4,0,1.0000,1871,9.382837,-1,-1,91,0,0,0,0.4,risk_path,4,Bot1|Bot2|Bot3|Bot4,,1,0
82,0.80,75,440,1458696374,4138283831,3640,0.647111,513,1373,14-4,25-57,6-47,78,64,63,51,31,29,1,0,1,78,0,,33,0,,,0,fire_reached_bot,0,39,39,0,-5,39,0.5000,,0.003353,33,33,fire_reached_bot,0,50,33,17,-16,47,0.3974,,0.103372,,-1,fire_reached_bot,0,50,33,17,-16,47,0.3974,,0.197241,-1,,fire_reached_bot,0,50,33,17,-16,47,0.3974,,5.675059,-1,-1,50,0,33,17,,no_path,0,,Bot1|Bot2|Bot3|Bot4,0,1
83,0.80,75,440,2432187744,4169280272,3642,0.647467,503,1356,40-58,45-19,12-50,66,44,46,36,86,64,0,0,1,66,1,66,99,1,66,33,1,button,1,66,66,0,33,0,1.0000,1325,0.009430,-1,-1,button,1,66,66,0,33,0,1.0000,1325,0.024998,,-1,button,1,66,66,0,33,0,1.0000,1325,0.040597,-1,,button,1,66,66,0,33,0,1.0000,1325,5.946524,14,14,66,0,0,0,0.4,risk_path,4,Bot1|Bot2|Bot3|Bot4,,1,0
84,0.80,75,440,117610117,309971403,3649,0.648711,513,1375,38-60,71-19,27-60,80,74,29,11,91,85,0,0,1,80,1,80,103,1,80,23,1,button,1,80,80,0,19,0,1.0000,2356,0.021897,-1,-1,button,1,80,80,0,19,0,1.0000,2356,0.057313,,-1,button,1,80,80,0,19,0,1.0000,2356,0.090140,-1,,button,1,80,80,0,19,0,1.0000,2356,7.037760,1,1,80,0,0,0,0.4,risk_path,4,Bot1|Bot2|Bot3|Bot4,,1,0
85,0.80,75,440,2351945767,3852249623,3652,0.649244,513,1378,46-2,42-17,48-41,27,19,63,41,48,30,0,0,1,27,1,27,53,1,27,26,1,button,1,27,27,0,26,0,1.0000,494,0.001585,-1,-1,button,1,27,27,0,26,0,1.0000,494,0.003878,,-1,button,1,27,27,0,26,0,1.0000,494,0.005785,-1,,button,1,27,27,0,26,0,1.0000,494,1.273613,-1,-1,27,0,0,0,0.4,risk_path,4,Bot1|Bot2|Bot3|Bot4,,1,0
86,0.80,75,440,2895808900,3809999560,3632,0.645689,498,1315,29-67,1-17,74-52,80,78,78,60,124,108,0,0,1,80,1,80,149,1,80,69,1,button,1,80,80,0,65,0,1.0000,1567,0.011572,-1,-1,button,1,80,80,0,65,0,1.0000,1567,0.039853,,-1,button,1,80,80,0,65,0,1.0000,1567,0.052629,-1,,button,1,80,80,0,65,0,1.0000,1567,7.745022,-1,-1,80,0,0,0,0.4,risk_path,4,Bot1|Bot2|Bot3|Bot4,,1,0
87,0.80,75,440,2723283324,3272133986,3648,0.648533,511,1411,47-73,31-5,7-43,104,84,90,70,88,62,1,0,1,104,0,,99,0,,,0,fire_reached_bot,0,59,59,0,0,45,0.5673,1241,0.008804,58,57,fire_reached_bot,0,77,76,1,0,44,0.5769,1977,0.081483,,57,fire_reached_bot,0,78,76,2,0,44,0.5769,2010,0.114010,57,,fire_reached_bot,0,77,76,1,0,44,0.5769,1977,11.197665,-1,57,77,0,76,1,,no_path,0,,Bot1|Bot2|Bot3|Bot4,0,1
88,0.80,75,440,442504758,736042750,3679,0.654044,508,1420,16-28,1-29,31-35,26,16,30,22,46,36,0,0,1,26,1,26,52,1,26,26,1,button,1,26,26,0,26,0,1.0000,383,0.001276,-1,-1,button,1,26,26,0,26,0,1.0000,383,0.002454,,-1,button,1,26,26,0,26,0,1.0000,383,0.004165,-1,,button,1,26,26,0,26,0,1.0000,383,1.142509,-1,-1,26,0,0,0,0.4,risk_path,4,Bot1|Bot2|Bot3|Bot4,,1,0
89,0.80,75,440,2689907484,1240102764,3643,0.647644,497,1379,16-33,54-64,7-11,73,69,33,31,104,100,0,0,1,73,1,73,125,1,73,52,1,button,1,73,73,0,42,0,1.0000,1402,0.010628,-1,-1,button,1,73,73,0,42,0,1.0000,1402,0.020806,,-1,button,1,73,73,0,42,0,1.0000,1402,0.035991,-1,,button,1,73,73,0,42,0,1.0000,1402,6.930944,15,15,73,0,0,0,0.4,risk_path,4,Bot1|Bot2|Bot3|Bot4,,1,0
90,0.80,75,440,1410515791,2649707326,3622,0.643911,490,1314,8-14,42-56,9-9,84,76,8,6,88,80,0,0,1,84,1,84,103,1,84,19,1,button,1,84,84,0,6,0,1.0000,1703,0.015829,-1,-1,button,1,84,84,0,6,0,1.0000,1703,0.048310,,-1,button,1,84,84,0,6,0,1.0000,1703,0.070635,-1,,button,1,84,84,0,6,0,1.0000,1703,8.130313,15,15,84,0,0,0,0.4,risk_path,4,Bot1|Bot2|Bot3|Bot4,,1,0
91,0.80,75,440,1198831680,429899597,3632,0.645689,491,1347,53-16,73-34,18-42,46,38,65,61,73,63,0,0,1,46,1,46,87,1,46,41,1,button,1,46,46,0,40,0,1.0000,1078,0.005013,-1,-1,button,1,46,46,0,40,0,1.0000,1078,0.013084,,-1,button,1,46,46,0,40,0,1.0000,1078,0.017223,-1,,button,1,46,46,0,40,0,1.0000,1078,2.817938,1,1,46,0,0,0,0.4,risk_path,4,Bot1|Bot2|Bot3|Bot4,,1,0
92,0.80,75,440,2479440059,167758409,3623,0.644089,483,1277,70-63,69-1,24-59,93,63,66,50,109,103,0,0,1,93,1,93,134,1,93,41,1,button,1,93,93,0,41,0,1.0000,3004,0.032140,-1,-1,button,1,93,93,0,41,0,1.0000,3004,0.077954,,-1,button,1,93,93,0,41,0,1.0000,3004,0.110460,-1,,button,1,93,93,0,41,0,1.0000,3004,7.307673,10,10,93,0,0,0,0.4,risk_path,4,Bot1|Bot2|Bot3|Bot4,,1,0
93,0.80,75,440,2629098381,3995597651,3617,0.643022,492,1335,43-38,0-52,68-32,73,57,45,31,106,88,0,0,1,73,1,73,127,1,73,54,1,button,1,73,73,0,45,0,1.0000,1906,0.014997,-1,-1,button,1,73,73,0,45,0,1.0000,1906,0.043616,,-1,button,1,73,73,0,45,0,1.0000,1906,0.061493,-1,,button,1,73,73,0,45,0,1.0000,1906,5.421628,-1,-1,73,0,0,0,0.4,risk_path,4,Bot1|Bot2|Bot3|Bot4,,1,0
94,0.80,75,440,4034527632,2373009210,3618,0.643200,497,1351,2-63,74-14,29-36,133,121,56,54,79,67,1,0,1,133,0,,97,0,,,0,fire_reached_bot,0,30,30,0,0,103,0.2256,526,0.005030,22,20,fire_reached_bot,0,51,40,11,0,115,0.1353,1561,0.159501,,20,fire_reached_bot,0,49,40,9,0,115,0.1353,1430,0.172162,20,,fire_reached_bot,0,51,40,11,0,115,0.1353,1561,6.845828,-1,20,51,0,40,11,,no_path,0,,Bot1|Bot2|Bot3|Bot4,0,1
95,0.80,75,440,83074924,374331740,3621,0.643733,498,1346,0-52,43-16,43-65,89,79,64,56,81,49,1,0,1,89,0,,90,0,,,0,fire_reached_bot,0,88,88,0,0,1,0.9888,2630,0.027784,-1,-1,fire_reached_bot,0,88,88,0,0,1,0.9888,2630,0.064911,,-1,fire_reached_bot,0,88,88,0,0,1,0.9888,2630,0.106864,-1,,fire_reached_bot,0,88,88,0,0,1,0.9888,2630,8.632844,68,68,88,17,61,0,0.99,risk_path,0,,Bot1|Bot2|Bot3|Bot4,0,1
96,0.80,75,440,902943538,3127573542,3621,0.643733,508,1388,18-50,22-44,54-28,10,10,60,58,50,48,0,0,1,10,1,10,65,1,10,55,1,button,1,10,10,0,55,0,1.0000,31,0.000144,-1,-1,button,1,10,10,0,55,0,1.0000,31,0.000297,,-1,button,1,10,10,0,55,0,1.0000,31,0.000478,-1,,button,1,10,10,0,55,0,1.0000,31,0.268782,3,3,10,0,0,0,0.4,risk_path,4,Bot1|Bot2|Bot3|Bot4,,1,0
97,0.80,75,440,1323143353,2588849054,3631,0.645511,502,1329,18-54,46-56,54-72,50,30,56,54,26,24,1,0,1,50,0,,31,0,,,0,walked_into_fire,0,36,36,0,-4,14,0.7200,,0.002367,32,32,fire_reached_bot,0,41,31,10,-9,19,0.6200,,0.060527,,-1,fire_reached_bot,0,41,31,10,-9,19,0.6200,,0.113203,-1,,fire_reached_bot,0,41,31,10,-9,19,0.6200,,3.681538,-1,-1,41,0,31,10,,no_path,0,,Bot1|Bot2|Bot3|Bot4,0,1
98,0.80,75,440,172568286,2343787580,3644,0.647822,511,1392,60-60,70-36,25-9,36,34,88,86,90,72,0,0,1,36,1,36,107,1,36,71,1,button,1,36,36,0,70,0,1.0000,519,0.002236,-1,-1,button,1,36,36,0,70,0,1.0000,519,0.004587,,-1,button,1,36,36,0,70,0,1.0000,519,0.007419,-1,,button,1,36,36,0,70,0,1.0000,519,2.237007,7,7,36,0,0,0,0.4,risk_path,4,Bot1|Bot2|Bot3|Bot4,,1,0
99,0.80,75,440,398009931,2986606611,3623,0.644089,501,1378,64-44,52-32,42-2,24,24,70,64,48,40,0,0,1,24,1,24,59,1,24,35,1,button,1,24,24,0,35,0,1.0000,170,0.000601,-1,-1,button,1,24,24,0,35,0,1.0000,170,0.001507,,-1,button,1,24,24,0,35,0,1.0000,170,0.001988,-1,,button,1,24,24,0,35,0,1.0000,170,1.113395,-1,-1,24,0,0,0,0.4,risk_path,4,Bot1|Bot2|Bot3|Bot4,,1,0
100,0.80,75,440,2731167691,650338235,3631,0.645511,511,1398,15-65,12-41,22-36,51,27,44,36,15,15,1,0,1,51,0,,18,0,,,0,walked_into_fire,0,35,35,0,-16,16,0.6863,,0.003305,19,19,fire_reached_bot,0,51,18,33,-32,33,0.3529,,0.154374,,-1,fire_reached_bot,0,51,18,33,-32,33,0.3529,,0.294179,-1,,fire_reached_bot,0,51,18,33,-32,33,0.3529,,2.316168,-1,-1,51,0,18,33,,no_path,0,,Bot1|Bot2|Bot3|Bot4,0,1
101,0.80,75,440,3976025462,1984228406,3637,0.646578,518,1371,60-37,47-47,45-51,35,23,37,29,8,6,1,0,1,35,0,,10,0,,,0,walked_into_fire,0,21,21,0,-10,14,0.6000,,0.000575,7,7,fire_reached_bot,0,37,6,31,-26,29,0.1714,,0.158832,,-1,fire_reached_bot,0,37,6,31,-26,29,0.1714,,0.328376,-1,,fire_reached_bot,0,37,6,31,-26,29,0.1714,,0.851682,-1,-1,37,0,6,31,,no_path,0,,Bot1|Bot2|Bot3|Bot4,0,1
102,0.80,75,440,3469237606,1649159914,3647,0.648356,506,1395,16-63,59-25,55-5,89,81,101,97,32,24,1,0,1,89,0,,37,0,,,0,walked_into_fire,0,63,63,0,-25,26,0.7079,,0.009310,38,38,fire_reached_bot,0,78,37,41,-40,52,0.4157,,0.211677,,-1,fire_reached_bot,0,78,37,41,-40,52,0.4157,,0.359844,-1,,fire_reached_bot,0,78,37,41,-40,52,0.4157,,6.716532,-1,-1,78,0,37,41,,no_path,0,,Bot1|Bot2|Bot3|Bot4,0,1
103,0.80,75,440,1354804743,391426036,3643,0.647644,507,1361,49-52,55-52,69-35,8,6,39,37,35,31,0,0,1,8,1,8,40,1,8,32,1,button,1,8,8,0,32,0,1.0000,33,0.000117,-1,-1,button,1,8,8,0,32,0,1.0000,33,0.000383,,-1,button,1,8,8,0,32,0,1.0000,33,0.000346,-1,,button,1,8,8,0,32,0,1.0000,33,0.202114,6,6,8,0,0,0,0.4,risk_path,4,Bot1|Bot2|Bot3|Bot4,,1,0
104,0.80,75,440,4136514547,4012823104,3668,0.652089,517,1436,46-54,39-69,8-3,24,22,95,89,115,97,0,0,1,24,1,24,132,1,24,108,1,button,1,24,24,0,106,0,1.0000,98,0.000437,-1,-1,button,1,24,24,0,106,0,1.0000,98,0.002583,,-1,button,1,24,24,0,106,0,1.0000,98,0.001964,-1,,button,1,24,24,0,106,0,1.0000,98,1.056415,-1,-1,24,0,0,0,0.4,risk_path,4,Bot1|Bot2|Bot3|Bot4,,1,0
105,0.80,75,440,1802906948,4050598220,3643,0.647644,499,1382,33-16,18-43,1-63,58,42,83,79,39,37,1,0,1,58,0,,51,0,,,0,walked_into_fire,0,51,51,0,-1,7,0.8793,621,0.003602,49,46,fire_reached_bot,0,58,51,7,-6,13,0.7759,,0.050707,,46,fire_reached_bot,0,59,51,8,-7,19,0.6724,,0.101301,46,,fire_reached_bot,0,58,51,7,-6,13,0.7759,,5.732482,-1,46,58,0,51,7,,no_path,0,,Bot1|Bot2|Bot3|Bot4,0,1
106,0.80,75,440,4274087871,3596512109,3639,0.646933,511,1331,55-51,1-14,4-69,91,91,81,69,78,58,1,0,1,91,0,,90,0,,,0,fire_reached_bot,0,84,84,0,0,7,0.9231,1401,0.011406,84,84,fire_reached_bot,0,93,90,3,-2,15,0.8352,,0.038763,,-1,fire_reached_bot,0,93,90,3,-2,15,0.8352,,0.076425,-1,,fire_reached_bot,0,93,90,3,-2,15,0.8352,,12.223575,-1,-1,93,16,74,3,0.99,no_path,0,,Bot1|Bot2|Bot3|Bot4,0,1
107,0.80,75,440,3806192457,1257605443,3641,0.647289,497,1368,71-43,46-0,13-11,72,68,100,90,64,44,1,0,1,72,0,,73,1,72,1,1,button,1,72,72,0,1,0,1.0000,1406,0.010962,-1,-1,button,1,72,72,0,1,0,1.0000,1406,0.027240,,-1,button,1,72,72,0,1,0,1.0000,1406,0.050628,-1,,button,1,72,72,0,1,0,1.0000,1406,7.183765,-1,-1,72,17,30,0,0.99,risk_path,4,Bot1|Bot2|Bot3|Bot4,,1,0
108,0.80,75,440,3395390498,1222503905,3664,0.651378,520,1390,12-36,29-30,4-71,31,23,53,43,68,66,0,0,1,31,1,31,85,1,31,54,1,button,1,31,31,0,45,0,1.0000,218,0.000957,-1,-1,button,1,31,31,0,45,0,1.0000,218,0.002863,,-1,button,1,31,31,0,45,0,1.0000,218,0.004882,-1,,button,1,31,31,0,45,0,1.0000,218,1.656209,14,14,31,0,0,0,0.4,risk_path,4,Bot1|Bot2|Bot3|Bot4,,1,0
109,0.80,75,440,3653473380,1973034153,3655,0.649778,504,1448,65-67,22-22,34-51,96,88,61,47,51,41,1,0,1,96,0,,62,0,,,0,fire_reached_bot,0,35,35,0,0,61,0.3646,547,0.012728,32,32,fire_reached_bot,0,40,39,1,0,69,0.2812,751,0.038819,,-1,fire_reached_bot,0,40,39,1,0,69,0.2812,751,0.046388,-1,,fire_reached_bot,0,40,39,1,0,69,0.2812,751,5.909902,-1,-1,40,0,39,1,,no_path,0,,Bot1|Bot2|Bot3|Bot4,0,1
110,0.80,75,440,4082012561,1074635792,3655,0.649778,497,1382,49-25,32-5,37-65,37,37,64,52,87,65,0,0,1,37,1,37,103,1,37,66,1,button,1,37,37,0,64,0,1.0000,404,0.001732,-1,-1,button,1,37,37,0,64,0,1.0000,404,0.003488,,-1,button,1,37,37,0,64,0,1.0000,404,0.005513,-1,,button,1,37,37,0,64,0,1.0000,404,2.201865,-1,-1,37,0,0,0,0.4,risk_path,4,Bot1|Bot2|Bot3|Bot4,,1,0
111,0.80,75,440,416203697,1615190462,3657,0.650133,504,1392,10-8,49-62,1-12,95,93,25,13,100,98,0,0,1,95,1,95,117,1,95,22,1,button,1,95,95,0,10,0,1.0000,1829,0.016308,-1,-1,button,1,95,95,0,10,0,1.0000,1829,0.041509,,-1,button,1,95,95,0,10,0,1.0000,1829,0.063598,-1,,button,1,95,95,0,16,0,1.0000,1829,10.188379,4,4,95,0,0,0,0.4,risk_path,4,Bot1|Bot2|Bot3|Bot4,,1,0
112,0.80,75,440,2193764734,2138228930,3634,0.646044,495,1355,5-53,26-8,50-73,84,66,77,65,95,89,0,0,1,84,1,84,106,1,84,22,1,button,1,84,84,0,21,0,1.0000,1949,0.019223,-1,-1,button,1,84,84,0,21,0,1.0000,1949,0.058132,,-1,button,1,84,84,0,21,0,1.0000,1949,0.085086,-1,,button,1,84,84,0,21,0,1.0000,1949,8.217139,17,17,84,0,0,0,0.4,risk_path,4,Bot1|Bot2|Bot3|Bot4,,1,0
113,0.80,75,440,901889356,3820153862,3646,0.648178,513,1391,62-42,17-55,3-0,66,58,105,101,77,69,0,0,1,66,1,66,91,1,66,25,1,button,1,66,66,0,25,0,1.0000,729,0.005008,-1,-1,button,1,66,66,0,25,0,1.0000,729,0.013521,,-1,button,1,66,66,0,25,0,1.0000,729,0.022211,-1,,button,1,66,66,0,25,0,1.0000,729,6.218626,-1,-1,66,0,0,0,0.4,risk_path,4,Bot1|Bot2|Bot3|Bot4,,1,0
114,0.80,75,440,1911151784,3134867747,3627,0.644800,498,1377,36-73,65-72,37-32,52,30,56,42,72,68,0,0,1,52,1,52,78,1,52,26,1,button,1,52,52,0,26,0,1.0000,1754,0.009263,-1,-1,button,1,52,52,0,26,0,1.0000,1754,0.016753,,-1,button,1,52,52,0,26,0,1.0000,1754,0.031856,-1,,button,1,52,52,0,26,0,1.0000,1754,3.115880,35,35,52,0,0,0,0.4,risk_path,4,Bot1|Bot2|Bot3|Bot4,,1,0
115,0.80,75,440,1828045502,3560377918,3637,0.646578,489,1362,63-14,43-70,18-23,94,76,60,54,80,72,1,0,1,94,0,,94,1,94,0,1,button,1,94,94,0,0,0,1.0000,3293,0.038663,-1,-1,button,1,94,94,0,0,0,1.0000,3293,0.104775,,-1,button,1,94,94,0,0,0,1.0000,3293,0.143166,-1,,button,1,94,94,0,0,0,1.0000,3293,8.703273,-1,-1,94,25,66,0,0.99,risk_path,4,Bot1|Bot2|Bot3|Bot4,,1,0
116,0.80,75,440,794248593,1319229455,3632,0.645689,513,1408,15-60,69-51,1-71,83,63,27,25,92,88,0,0,1,83,1,83,109,1,83,26,1,button,1,83,83,0,12,0,1.0000,1582,0.013254,-1,-1,button,1,83,83,0,12,0,1.0000,1582,0.035610,,-1,button,1,83,83,0,12,0,1.0000,1582,0.048585,-1,,button,1,83,83,0,12,0,1.0000,1582,8.753060,22,22,83,0,0,0,0.4,risk_path,4,Bot1|Bot2|Bot3|Bot4,,1,0
117,0.80,75,440,247906182,231731730,3642,0.647467,494,1409,20-61,54-52,41-36,51,43,52,46,37,29,1,0,1,51,0,,43,0,,,0,walked_into_fire,0,42,42,0,-1,9,0.8235,979,0.004526,38,38,fire_reached_bot,0,40,37,3,0,14,0.7255,924,0.009158,,-1,fire_reached_bot,0,40,37,3,0,14,0.7255,924,0.013475,-1,,fire_reached_bot,0,40,37,3,0,14,0.7255,924,3.314987,-1,-1,40,0,37,3,,no_path,0,,Bot1|Bot2|Bot3|Bot4,0,1
118,0.80,75,440,2338859109,2503174722,3651,0.649067,498,1365,60-47,39-67,22-52,49,41,55,43,40,32,1,0,1,49,0,,47,0,,,0,walked_into_fire,0,30,30,0,-1,19,0.6122,449,0.001702,30,29,fire_reached_bot,0,38,37,1,0,22,0.5510,832,0.013765,,29,fire_reached_bot,0,40,39,1,0,18,0.6327,910,0.017383,29,,fire_reached_bot,0,38,37,1,0,22,0.5510,832,3.397943,-1,29,38,0,37,1,,no_path,0,,Bot1|Bot2|Bot3|Bot4,0,1
119,0.80,75,440,2795650116,841446020,3644,0.647822,511,1355,59-73,29-38,14-26,65,65,92,92,27,27,1,0,1,65,0,,33,0,,,0,walked_into_fire,0,51,51,0,-17,14,0.7846,,0.007040,34,34,fire_reached_bot,0,71,33,38,-37,32,0.5077,,0.156433,,-1,fire_reached_bot,0,71,33,38,-37,32,0.5077,,0.285014,-1,,fire_reached_bot,0,71,33,38,-37,32,0.5077,,4.618200,-1,-1,71,0,33,38,,no_path,0,,Bot1|Bot2|Bot3|Bot4,0,1
120,0.80,75,440,2363225837,4020754255,3642,0.647467,496,1398,9-74,30-27,35-63,78,68,53,37,53,41,1,0,1,78,0,,62,0,,,0,fire_reached_bot,0,45,45,0,0,33,0.5769,949,0.004872,-1,-1,fire_reached_bot,0,45,45,0,0,33,0.5769,949,0.023101,,-1,fire_reached_bot,0,45,45,0,0,33,0.5769,949,0.031411,-1,,fire_reached_bot,0,45,45,0,0,33,0.5769,949,5.195108,-1,-1,45,0,45,0,,shortest_path_fallback,0,,Bot1|Bot2|Bot3|Bot4,0,1
121,0.80,75,440,272157506,212865656,3665,0.651556,503,1381,45-19,17-12,29-12,43,35,25,23,24,12,1,0,1,43,0,,25,0,,,0,fire_reached_bot,0,19,19,0,0,24,0.4419,205,0.000882,19,19,fire_reached_bot,0,20,20,0,0,25,0.4186,226,0.007568,,19,fire_reached_bot,0,21,21,0,0,28,0.3488,249,0.010464,19,,fire_reached_bot,0,20,20,0,0,25,0.4186,226,2.639692,-1,19,20,0,20,0,,shortest_path_fallback,0,,Bot1|Bot2|Bot3|Bot4,0,1
122,0.80,75,440,377564765,534516638,3632,0.645689,502,1362,27-3,24-11,67-44,15,11,83,81,82,76,0,0,1,15,1,15,87,1,15,72,1,button,1,15,15,0,72,0,1.0000,118,0.000346,-1,-1,button,1,15,15,0,72,0,1.0000,118,0.000633,,-1,button,1,15,15,0,72,0,1.0000,118,0.000959,-1,,button,1,15,15,0,72,0,1.0000,118,0.462941,-1,-1,15,0,0,0,0.4,risk_path,4,Bot1|Bot2|Bot3|Bot4,,1,0
123,0.80,75,440,1595995648,4164420774,3638,0.646756,514,1373,61-17,41-64,33-69,75,67,88,80,21,13,1,0,1,75,0,,23,0,,,0,walked_into_fire,0,50,50,0,-26,25,0.6667,,0.004102,21,21,fire_reached_bot,0,79,20,59,-55,55,0.2667,,0.274450,,-1,fire_reached_bot,0,79,20,59,-55,55,0.2667,,0.527851,-1,,fire_reached_bot,0,79,20,59,-55,55,0.2667,,3.725718,-1,-1,79,0,20,59,,no_path,0,,Bot1|Bot2|Bot3|Bot4,0,1
124,0.80,75,440,2851316964,3849568425,3612,0.642133,497,1349,30-47,1-14,18-2,64,62,73,57,31,29,1,0,1,64,0,,37,0,,,0,fire_reached_bot,0,41,41,0,-3,23,0.6406,,0.002953,33,33,fire_reached_bot,0,49,32,17,-11,32,0.5000,,0.098519,,-1,fire_reached_bot,0,49,32,17,-11,32,0.5000,,0.165011,-1,,fire_reached_bot,0,49,32,17,-11,32,0.5000,,4.687355,-1,-1,49,0,32,17,,no_path,0,,Bot1|Bot2|Bot3|Bot4,0,1
125,0.80,75,440,75640016,983425269,3623,0.644089,509,1341,47-43,18-9,40-9,73,63,43,41,34,22,1,0,1,73,0,,46,0,,,0,fire_reached_bot,0,33,33,0,0,40,0.4521,384,0.002195,32,30,fire_reached_bot,0,51,46,5,-4,55,0.2466,,0.051158,,30,fire_reached_bot,0,56,46,10,-9,51,0.3014,,0.114002,30,,fire_reached_bot,0,51,46,5,-4,55,0.2466,,6.555481,-1,30,51,0,46,5,,no_path,0,,Bot1|Bot2|Bot3|Bot4,0,1
126,0.80,75,440,2257855052,553856936,3648,0.648533,488,1395,40-62,42-9,71-44,85,55,51,49,70,64,1,0,1,85,0,,83,0,,,0,walked_into_fire,0,54,54,0,-1,31,0.6353,963,0.006874,54,53,fire_reached_bot,0,62,61,1,0,38,0.5529,1316,0.052553,,53,fire_reached_bot,0,75,70,5,0,47,0.4471,1825,0.110945,53,,fire_reached_bot,0,62,61,1,0,38,0.5529,1316,8.625725,-1,53,62,0,61,1,,no_path,0,,Bot1|Bot2|Bot3|Bot4,0,1
127,0.80,75,440,2387835660,4210166861,3638,0.646756,493,1389,16-46,13-0,26-22,61,49,38,34,35,35,1,0,1,61,0,,41,0,,,0,fire_reached_bot,0,24,24,0,0,37,0.3934,414,0.001491,22,22,fire_reached_bot,0,28,21,7,0,40,0.3443,565,0.043872,,-1,fire_reached_bot,0,28,21,7,0,40,0.3443,565,0.073245,-1,,fire_reached_bot,0,28,21,7,0,40,0.3443,565,2.949384,-1,-1,28,0,21,7,,no_path,0,,Bot1|Bot2|Bot3|Bot4,0,1
128,0.80,75,440,880119995,1942672215,3641,0.647289,524,1390,39-49,62-0,18-73,82,72,45,45,127,117,0,0,1,82,1,82,152,1,82,70,1,button,1,82,82,0,53,0,1.0000,1776,0.016064,-1,-1,button,1,82,82,0,53,0,1.0000,1776,0.051566,,-1,button,1,82,82,0,53,0,1.0000,1776,0.067979,-1,,button,1,82,82,0,53,0,1.0000,1776,7.457739,4,4,82,0,0,0,0.4,risk_path,4,Bot1|Bot2|Bot3|Bot4,,1,0
129,0.80,75,440,2335898079,2211249253,3628,0.644978,514,1381,37-2,64-0,45-5,67,29,11,11,58,24,1,0,1,67,0,,64,0,,,0,fire_reached_bot,0,6,6,0,0,61,0.0896,13,0.000534,3,1,fire_reached_bot,0,58,58,0,0,79,-0.1791,1150,0.083345,,1,fire_reached_bot,0,58,58,0,0,79,-0.1791,1150,0.084401,1,,fire_reached_bot,0,58,58,0,0,79,-0.1791,1150,10.148592,-1,1,58,0,58,0,,shortest_path_fallback,0,,Bot1|Bot2|Bot3|Bot4,0,1
130,0.80,75,440,1465691200,1383389641,3648,0.648533,504,1394,67-45,2-1,32-38,111,109,54,42,67,67,1,0,1,111,0,,78,0,,,0,walked_into_fire,0,31,31,0,-1,80,0.2793,591,0.002156,24,23,fire_reached_bot,0,49,48,1,0,77,0.3063,1658,0.042051,,23,fire_reached_bot,0,57,54,3,0,79,0.2883,2184,0.066216,23,,fire_reached_bot,0,49,48,1,0,77,0.3063,1658,6.434928,-1,23,49,0,48,1,,no_path,0,,Bot1|Bot2|Bot3|Bot4,0,1
131,0.80,75,440,440757090,857276793,3614,0.642489,500,1344,44-57,14-72,67-57,47,45,29,23,76,68,0,0,1,47,1,47,89,1,47,42,1,button,1,47,47,0,35,0,1.0000,779,0.004291,-1,-1,button,1,47,47,0,35,0,1.0000,779,0.011304,,-1,button,1,47,47,0,35,0,1.0000,779,0.016952,-1,,button,1,47,47,0,35,0,1.0000,779,3.149985,-1,-1,47,0,0,0,0.4,risk_path,4,Bot1|Bot2|Bot3|Bot4,,1,0
132,0.80,75,440,3555543580,3812448778,3626,0.644622,494,1308,13-24,61-74,48-37,102,98,60,48,52,50,1,0,1,102,0,,58,0,,,0,fire_reached_bot,0,36,36,0,0,66,0.3529,513,0.002611,33,33,fire_reached_bot,0,58,48,10,0,80,0.2157,1751,0.066762,,-1,fire_reached_bot,0,58,48,10,0,80,0.2157,1751,0.112365,-1,,fire_reached_bot,0,58,48,10,0,80,0.2157,1751,6.914250,-1,-1,58,0,48,10,,no_path,0,,Bot1|Bot2|Bot3|Bot4,0,1
133,0.80,75,440,948442129,703702193,3606,0.641067,489,1329,17-44,66-21,47-52,80,72,44,38,60,50,1,0,1,80,0,,65,0,,,0,fire_reached_bot,0,71,71,0,-5,9,0.8875,,0.017679,66,66,fire_reached_bot,0,78,65,13,-12,15,0.8125,,0.073677,,-1,fire_reached_bot,0,78,65,13,-12,15,0.8125,,0.115711,-1,,fire_reached_bot,0,78,65,13,-12,15,0.8125,,7.900037,-1,-1,78,0,65,13,,no_path,0,,Bot1|Bot2|Bot3|Bot4,0,1
134,0.80,75,440,1102281211,3563752405,3654,0.649600,503,1348,15-61,46-3,6-5,101,89,91,65,70,42,1,0,1,101,0,,92,0,,,0,walked_into_fire,0,71,71,0,-1,30,0.7030,862,0.006533,70,70,fire_reached_bot,0,88,88,0,0,21,0.7921,1313,0.068370,,88,fire_reached_bot,0,91,91,0,0,24,0.7624,1411,0.087096,88,,fire_reached_bot,0,88,88,0,0,21,0.7921,1313,14.326420,-1,88,88,0,88,0,,shortest_path_fallback,0,,Bot1|Bot2|Bot3|Bot4,0,1
135,0.80,75,440,807723142,2871911597,3642,0.647467,509,1338,62-61,53-43,38-3,37,27,96,82,69,55,0,0,1,37,1,37,75,1,37,38,1,button,1,37,37,0,38,0,1.0000,546,0.002583,-1,-1,button,1,37,37,0,38,0,1.0000,546,0.005932,,-1,button,1,37,37,0,38,0,1.0000,546,0.008248,-1,,button,1,37,37,0,38,0,1.0000,546,2.332582,-1,-1,37,0,0,0,0.4,risk_path,4,Bot1|Bot2|Bot3|Bot4,,1,0
136,0.80,75,440,1899007051,3079980098,3638,0.646756,507,1386,8-11,70-74,66-70,137,125,125,117,32,8,1,0,1,137,0,,37,0,,,0,walked_into_fire,0,69,69,0,-31,68,0.5036,,0.010709,17,17,fire_reached_bot,0,131,16,115,-93,121,0.1168,,0.477003,,-1,fire_reached_bot,0,131,16,115,-93,121,0.1168,,0.931411,-1,,fire_reached_bot,0,131,16,115,-93,121,0.1168,,5.268433,-1,-1,131,0,16,115,,no_path,0,,Bot1|Bot2|Bot3|Bot4,0,1
137,0.80,75,440,647213272,3488528219,3639,0.646933,496,1345,70-47,48-57,68-22,44,32,33,27,57,55,0,0,1,44,1,44,65,1,44,21,1,button,1,44,44,0,21,0,1.0000,878,0.004622,-1,-1,button,1,44,44,0,21,0,1.0000,878,0.010389,,-1,button,1,44,44,0,21,0,1.0000,878,0.015169,-1,,button,1,44,44,0,21,0,1.0000,878,3.074624,-1,-1,44,0,0,0,0.4,risk_path,4,Bot1|Bot2|Bot3|Bot4,,1,0
138,0.80,75,440,2955646883,1522454323,3639,0.646933,498,1348,70-34,60-68,42-16,66,44,52,46,88,70,0,0,1,66,1,66,101,1,66,35,1,button,1,66,66,0,34,0,1.0000,2019,0.014421,-1,-1,button,1,66,66,0,34,0,1.0000,2019,0.034038,,-1,button,1,66,66,0,34,0,1.0000,2019,0.048185,-1,,button,1,66,66,0,34,0,1.0000,2019,4.951750,60,60,66,0,0,0,0.4,risk_path,4,Bot1|Bot2|Bot3|Bot4,,1,0
139,0.80,75,440,3313783522,2464351505,3645,0.648000,495,1407,56-27,40-63,31-4,64,52,54,48,80,68,0,0,1,64,1,64,94,1,64,30,1,button,1,64,64,0,28,0,1.0000,1447,0.009720,-1,-1,button,1,64,64,0,28,0,1.0000,1447,0.024673,,-1,button,1,64,64,0,28,0,1.0000,1447,0.035075,-1,,button,1,64,64,0,28,0,1.0000,1447,5.966636,50,50,64,0,0,0,0.4,risk_path,4,Bot1|Bot2|Bot3|Bot4,,1,0
140,0.80,75,440,3452405857,2375599770,3649,0.648711,506,1372,37-2,71-34,45-58,70,66,82,64,60,50,1,0,1,70,0,,75,1,70,5,1,button,1,70,70,0,2,0,1.0000,1909,0.015396,-1,-1,button,1,70,70,0,2,0,1.0000,1909,0.038159,,-1,button,1,70,70,0,2,0,1.0000,1909,0.056135,-1,,button,1,70,70,0,2,0,1.0000,1909,6.314643,29,29,70,31,19,0,0.99,risk_path,4,Bot1|Bot2|Bot3|Bot4,,1,0
141,0.80,75,440,1002585984,1855575115,3672,0.652800,510,1408,39-60,63-11,65-29,83,73,63,57,26,20,1,0,1,83,0,,28,0,,,0,walked_into_fire,0,36,36,0,-7,47,0.4337,,0.003198,20,20,fire_reached_bot,0,49,28,21,-20,57,0.3133,,0.133515,,-1,fire_reached_bot,0,49,28,21,-20,57,0.3133,,0.230864,-1,,fire_reached_bot,0,49,28,21,-20,57,0.3133,,5.382838,-1,-1,49,0,28,21,,no_path,0,,Bot1|Bot2|Bot3|Bot4,0,1
142,0.80,75,440,216244798,858947628,3652,0.649244,509,1403,47-4,42-58,32-25,87,59,40,36,61,43,1,0,1,87,0,,79,0,,,0,fire_reached_bot,0,39,39,0,0,48,0.4483,745,0.003932,34,34,fire_reached_bot,0,61,59,2,0,32,0.6322,1863,0.054839,,57,fire_reached_bot,0,59,59,0,0,36,0.5862,1789,0.062581,57,,fire_reached_bot,0,61,59,2,0,32,0.6322,1863,6.900916,-1,57,61,0,59,2,,no_path,0,,Bot1|Bot2|Bot3|Bot4,0,1
143,0.80,75,440,1035138522,1426829652,3638,0.646756,509,1403,25-73,20-22,66-72,76,56,68,42,98,96,0,0,1,76,1,76,119,1,76,43,1,button,1,76,76,0,38,0,1.0000,1254,0.010589,-1,-1,button,1,76,76,0,38,0,1.0000,1254,0.038985,,-1,button,1,76,76,0,38,0,1.0000,1254,0.057099,-1,,button,1,76,76,0,38,0,1.0000,1254,7.363449,-1,-1,76,0,0,0,0.4,risk_path,4,Bot1|Bot2|Bot3|Bot4,,1,0
144,0.80,75,440,833741974,2067007930,3647,0.648356,507,1395,18-23,49-6,31-6,66,48,50,30,28,18,1,0,1,66,0,,36,0,,,0,fire_reached_bot,0,26,26,0,0,40,0.3939,252,0.001195,21,20,fire_reached_bot,0,50,35,15,-13,55,0.1667,,0.076300,,20,fire_reached_bot,0,50,35,15,-13,53,0.1970,,0.130340,20,,fire_reached_bot,0,50,35,15,-13,55,0.1667,,5.843011,-1,20,50,0,35,15,,no_path,0,,Bot1|Bot2|Bot3|Bot4,0,1
145,0.80,75,440,2337670084,113731334,3646,0.648178,502,1417,55-29,37-24,34-37,45,23,45,29,28,16,1,0,1,45,0,,31,0,,,0,walked_into_fire,0,28,28,0,-2,17,0.6222,429,0.001704,26,26,fire_reached_bot,0,30,25,5,0,20,0.5556,521,0.036829,,-1,fire_reached_bot,0,30,25,5,0,20,0.5556,521,0.067527,-1,,fire_reached_bot,0,30,25,5,0,20,0.5556,521,2.521074,-1,-1,30,0,25,5,,no_path,0,,Bot1|Bot2|Bot3|Bot4,0,1
146,0.80,75,440,1787649367,1167024077,3657,0.650133,512,1392,14-28,1-15,50-67,26,26,83,75,107,101,0,0,1,26,1,26,128,1,26,102,1,button,1,26,26,0,99,0,1.0000,223,0.000852,-1,-1,button,1,26,26,0,99,0,1.0000,223,0.002188,,-1,button,1,26,26,0,99,0,1.0000,223,0.002907,-1,,button,1,26,26,0,99,0,1.0000,223,1.280917,-1,-1,26,0,0,0,0.4,risk_path,4,Bot1|Bot2|Bot3|Bot4,,1,0
147,0.80,75,440,979999953,4214328274,3643,0.647644,509,1369,73-50,6-59,2-35,108,76,110,86,54,28,1,0,1,108,0,,64,0,,,0,fire_reached_bot,0,70,70,0,-5,38,0.6481,,0.010828,58,58,fire_reached_bot,0,91,64,27,-26,56,0.4815,,0.177148,,-1,fire_reached_bot,0,91,64,27,-26,56,0.4815,,0.256592,-1,,fire_reached_bot,0,91,64,27,-26,56,0.4815,,11.066348,-1,-1,91,0,64,27,,no_path,0,,Bot1|Bot2|Bot3|Bot4,0,1
148,0.80,75,440,1054847335,3500475643,3631,0.645511,510,1332,16-42,50-74,65-40,70,66,67,51,55,49,1,0,1,70,0,,64,0,,,0,walked_into_fire,0,60,60,0,-1,10,0.8571,1563,0.008684,59,59,fire_reached_bot,0,66,62,4,-1,10,0.8571,,0.040535,,-1,fire_reached_bot,0,66,62,4,-1,10,0.8571,,0.062132,-1,,fire_reached_bot,0,66,62,4,-1,10,0.8571,,6.044567,-1,-1,66,0,62,4,,no_path,0,,Bot1|Bot2|Bot3|Bot4,0,1
149,0.80,75,440,175257072,1831328636,3645,0.648000,497,1375,51-67,36-24,24-26,78,58,76,68,16,14,1,0,1,78,0,,19,0,,,0,walked_into_fire,0,47,47,0,-27,31,0.6026,,0.007022,18,18,fire_reached_bot,0,73,17,56,-53,61,0.2179,,0.207683,,-1,fire_reached_bot,0,73,17,56,-53,61,0.2179,,0.389616,-1,,fire_reached_bot,0,73,17,56,-53,61,0.2179,,3.143416,-1,-1,73,0,17,56,,no_path,0,,Bot1|Bot2|Bot3|Bot4,0,1
150,0.80,75,440,782275208,1449296483,3626,0.644622,490,1345,36-22,61-74,74-15,91,77,59,45,76,72,1,0,1,91,0,,97,1,91,6,1,button,1,91,91,0,6,0,1.0000,2133,0.021975,-1,-1,button,1,91,91,0,6,0,1.0000,2133,0.060094,,-1,button,1,91,91,0,6,0,1.0000,2133,0.078903,-1,,button,1,91,91,0,6,0,1.0000,2133,9.571850,79,79,91,7,67,0,0.99,risk_path,4,Bot1|Bot2|Bot3|Bot4,,1,0
151,0.80,75,440,1315622670,76071239,3641,0.647289,502,1361,31-53,41-5,48-29,80,58,61,41,35,31,1,0,1,80,0,,40,0,,,0,walked_into_fire,0,34,34,0,-1,46,0.4250,352,0.002320,32,32,fire_reached_bot,0,45,38,7,-4,46,0.4250,,0.064164,,-1,fire_reached_bot,0,45,38,7,-4,46,0.4250,,0.093358,-1,,fire_reached_bot,0,45,38,7,-4,46,0.4250,,5.643061,-1,-1,45,0,38,7,,no_path,0,,Bot1|Bot2|Bot3|Bot4,0,1
152,0.80,75,440,3579991625,3229194548,3608,0.641422,497,1331,48-13,34-13,13-45,32,14,69,67,65,53,0,0,1,32,1,32,85,1,32,53,1,button,1,32,32,0,51,0,1.0000,521,0.001886,-1,-1,button,1,32,32,0,51,0,1.0000,521,0.005101,,-1,button,1,32,32,0,51,0,1.0000,521,0.007330,-1,,button,1,32,32,0,51,0,1.0000,521,1.624586,-1,-1,32,0,0,0,0.4,risk_path,4,Bot1|Bot2|Bot3|Bot4,,1,0
153,0.80,75,440,3847139812,3509606694,3641,0.647289,498,1353,5-25,63-60,7-65,105,93,70,42,91,61,1,0,1,105,0,,102,0,,,0,fire_reached_bot,0,51,51,0,0,54,0.4857,716,0.005826,50,49,fire_reached_bot,0,107,102,5,-4,33,0.6857,,0.119156,,49,fire_reached_bot,0,107,102,5,-4,33,0.6857,,0.157104,49,,fire_reached_bot,0,107,102,5,-4,33,0.6857,,13.649802,-1,49,107,0,102,5,,no_path,0,,Bot1|Bot2|Bot3|Bot4,0,1
154,0.80,75,440,3024991366,1532867464,3642,0.647467,510,1382,14-15,44-47,50-59,66,62,86,80,20,18,1,0,1,66,0,,23,0,,,0,walked_into_fire,0,47,47,0,-23,19,0.7121,,0.005698,24,24,fire_reached_bot,0,76,23,53,-52,43,0.3485,,0.231835,,-1,fire_reached_bot,0,76,23,53,-52,43,0.3485,,0.422597,-1,,fire_reached_bot,0,76,23,53,-52,43,0.3485,,3.389584,-1,-1,76,0,23,53,,no_path,0,,Bot1|Bot2|Bot3|Bot4,0,1
155,0.80,75,440,77398656,2952771356,3656,0.649956,502,1378,31-28,68-3,37-6,66,62,34,28,46,34,1,0,1,66,0,,55,0,,,0,walked_into_fire,0,42,42,0,-1,24,0.6364,649,0.003326,41,41,fire_reached_bot,0,61,55,6,-5,23,0.6515,,0.039512,,-1,fire_reached_bot,0,61,55,6,-5,23,0.6515,,0.076876,-1,,fire_reached_bot,0,61,55,6,-5,23,0.6515,,6.370673,-1,-1,61,0,55,6,,no_path,0,,Bot1|Bot2|Bot3|Bot4,0,1
156,0.80,75,440,1479374087,890278548,3637,0.646578,485,1364,25-27,72-41,49-50,75,61,57,47,46,32,1,0,1,75,0,,52,0,,,0,walked_into_fire,0,31,31,0,-1,44,0.4133,341,0.001972,30,30,fire_reached_bot,0,51,50,1,0,29,0.6133,1251,0.026131,,33,fire_reached_bot,0,48,48,0,0,31,0.5867,1065,0.028404,33,,fire_reached_bot,0,51,50,1,0,29,0.6133,1251,5.852891,-1,33,51,0,50,1,,no_path,0,,Bot1|Bot2|Bot3|Bot4,0,1
157,0.80,75,440,2224295823,2491851967,3652,0.649244,510,1364,9-52,44-18,52-33,75,69,76,62,25,23,1,0,1,75,0,,29,0,,,0,fire_reached_bot,0,46,46,0,-16,29,0.6133,,0.006342,30,30,fire_reached_bot,0,58,29,29,-28,46,0.3867,,0.119692,,-1,fire_reached_bot,0,58,29,29,-28,46,0.3867,,0.247859,-1,,fire_reached_bot,0,58,29,29,-28,46,0.3867,,4.579725,-1,-1,58,0,29,29,,no_path,0,,Bot1|Bot2|Bot3|Bot4,0,1
158,0.80,75,440,4250350007,863802251,3634,0.646044,516,1368,52-14,14-5,70-62,57,47,82,66,123,113,0,0,1,57,1,57,133,1,57,76,1,button,1,57,57,0,76,0,1.0000,828,0.005279,-1,-1,button,1,57,57,0,76,0,1.0000,828,0.012380,,-1,button,1,57,57,0,76,0,1.0000,828,0.019340,-1,,button,1,57,57,0,76,0,1.0000,828,4.865739,-1,-1,57,0,0,0,0.4,risk_path,4,Bot1|Bot2|Bot3|Bot4,,1,0
159,0.80,75,440,1797411092,3333033759,3625,0.644444,505,1318,69-22,18-54,2-51,89,83,106,96,21,19,1,0,1,89,0,,24,0,,,0,fire_reached_bot,0,57,57,0,-32,32,0.6404,,0.006243,24,24,fire_reached_bot,0,97,23,74,-72,66,0.2584,,0.314505,,-1,fire_reached_bot,0,97,23,74,-72,66,0.2584,,0.586365,-1,,fire_reached_bot,0,97,23,74,-72,66,0.2584,,5.391908,-1,-1,97,0,23,74,,no_path,0,,Bot1|Bot2|Bot3|Bot4,0,1
160,0.80,75,440,2622103724,4030296821,3630,0.645333,510,1345,71-28,17-69,71-57,103,95,41,29,98,66,1,0,1,103,0,,117,1,103,14,1,button,1,103,103,0,13,0,1.0000,2427,0.028973,-1,-1,button,1,103,103,0,13,0,1.0000,2427,0.097556,,-1,button,1,103,103,0,13,0,1.0000,2427,0.133121,-1,,button,1,103,103,0,11,0,1.0000,2427,10.518765,16,16,103,0,0,0,0.4,risk_path,4,Bot1|Bot2|Bot3|Bot4,,1,0
161,0.80,75,440,2317555799,151919511,3653,0.649422,497,1386,39-11,9-48,34-21,71,67,19,15,58,52,1,0,1,71,0,,73,0,,,0,walked_into_fire,0,12,12,0,-1,59,0.1690,73,0.000724,12,9,fire_reached_bot,0,13,13,0,0,62,0.1268,91,0.005232,,9,fire_reached_bot,0,57,54,3,0,67,0.0563,1609,0.048162,9,,fire_reached_bot,0,13,13,0,0,62,0.1268,91,1.845247,-1,9,13,0,13,0,,shortest_path_fallback,0,,Bot1|Bot2|Bot3|Bot4,0,1
162,0.80,75,440,197254622,1131390103,3628,0.644978,492,1357,64-4,48-48,10-59,78,60,119,109,69,49,1,0,1,78,0,,83,1,78,5,1,button,1,78,78,0,5,0,1.0000,1295,0.010926,-1,-1,button,1,78,78,0,5,0,1.0000,1295,0.040306,,-1,button,1,78,78,0,5,0,1.0000,1295,0.057738,-1,,button,1,78,78,0,5,0,1.0000,1295,8.164433,-1,-1,78,8,14,0,0.99,risk_path,4,Bot1|Bot2|Bot3|Bot4,,1,0
163,0.80,75,440,2939572986,872181782,3637,0.646578,492,1354,24-49,24-6,26-14,61,43,47,37,26,10,1,0,1,61,0,,37,0,,,0,walked_into_fire,0,25,25,0,-1,36,0.4098,262,0.001425,19,19,fire_reached_bot,0,36,32,4,0,37,0.3934,654,0.034537,,-1,fire_reached_bot,0,36,32,4,0,37,0.3934,654,0.055389,-1,,fire_reached_bot,0,36,32,4,0,37,0.3934,654,4.098991,-1,-1,36,0,32,4,,no_path,0,,Bot1|Bot2|Bot3|Bot4,0,1
164,0.80,75,440,318478055,3662582948,3642,0.647467,515,1402,71-51,66-61,54-8,21,15,76,60,89,65,0,0,1,21,1,21,103,1,21,82,1,button,1,21,21,0,82,0,1.0000,179,0.000561,-1,-1,button,1,21,21,0,82,0,1.0000,179,0.001569,,-1,button,1,21,21,0,82,0,1.0000,179,0.002020,-1,,button,1,21,21,0,82,0,1.0000,179,0.817019,-1,-1,21,0,0,0,0.4,risk_path,4,Bot1|Bot2|Bot3|Bot4,,1,0
165,0.80,75,440,4153650681,247554762,3644,0.647822,510,1382,64-68,47-30,67-69,71,55,10,4,81,59,0,0,1,71,1,71,91,1,71,20,1,button,1,71,71,0,14,0,1.0000,948,0.007359,-1,-1,button,1,71,71,0,14,0,1.0000,948,0.029371,,-1,button,1,71,71,0,14,0,1.0000,948,0.041753,-1,,button,1,71,71,0,14,0,1.0000,948,7.695697,-1,-1,71,0,0,0,0.4,risk_path,4,Bot1|Bot2|Bot3|Bot4,,1,0
166,0.80,75,440,3449166865,1705888709,3633,0.645867,507,1380,4-1,11-58,21-60,82,64,84,76,34,12,1,0,1,82,0,,42,0,,,0,fire_reached_bot,0,45,45,0,-2,37,0.5488,,0.004252,41,41,fire_reached_bot,0,52,40,12,-9,42,0.4878,,0.075118,,-1,fire_reached_bot,0,52,40,12,-9,42,0.4878,,0.127510,-1,,fire_reached_bot,0,52,40,12,-9,42,0.4878,,5.664722,-1,-1,52,0,40,12,,no_path,0,,Bot1|Bot2|Bot3|Bot4,0,1
167,0.80,75,440,922269232,2098977963,3647,0.648356,511,1360,13-1,33-41,63-8,76,60,65,57,65,63,1,0,1,76,0,,80,1,76,4,1,button,1,76,76,0,1,0,1.0000,1665,0.014577,-1,-1,button,1,76,76,0,1,0,1.0000,1665,0.036980,,-1,button,1,76,76,0,1,0,1.0000,1665,0.054133,-1,,button,1,76,76,0,1,0,1.0000,1665,8.310857,72,72,76,9,39,0,0.99,risk_path,4,Bot1|Bot2|Bot3|Bot4,,1,0
168,0.80,75,440,544612032,2877135198,3672,0.652800,519,1443,73-8,4-23,58-24,108,84,33,31,77,55,1,0,1,108,0,,89,0,,,0,fire_reached_bot,0,37,37,0,0,71,0.3426,848,0.005002,-1,36,fire_reached_bot,0,37,37,0,0,71,0.3426,848,0.050248,,36,fire_reached_bot,0,42,39,3,0,77,0.2870,1086,0.051772,36,,fire_reached_bot,0,37,37,0,0,71,0.3426,848,6.095684,-1,36,37,0,37,0,,shortest_path_fallback,0,,Bot1|Bot2|Bot3|Bot4,0,1
169,0.80,75,440,3778881665,2740835865,3659,0.650489,524,1370,53-11,25-60,12-64,89,77,106,94,17,17,1,0,1,89,0,,18,0,,,0,walked_into_fire,0,58,58,0,-39,31,0.6517,,0.007885,19,19,fire_reached_bot,0,106,18,88,-87,71,0.2022,,0.368015,,-1,fire_reached_bot,0,106,18,88,-87,71,0.2022,,0.649661,-1,,fire_reached_bot,0,106,18,88,-87,71,0.2022,,4.346703,-1,-1,106,0,18,88,,no_path,0,,Bot1|Bot2|Bot3|Bot4,0,1
170,0.80,75,440,229250927,3518222234,3643,0.647644,495,1356,14-12,17-54,46-5,67,45,45,39,78,78,0,0,1,67,1,67,89,1,67,22,1,button,1,67,67,0,22,0,1.0000,1674,0.011634,-1,-1,button,1,67,67,0,22,0,1.0000,1674,0.034095,,-1,button,1,67,67,0,22,0,1.0000,1674,0.041987,-1,,button,1,67,67,0,22,0,1.0000,1674,5.589110,26,26,67,0,0,0,0.4,risk_path,4,Bot1|Bot2|Bot3|Bot4,,1,0
171,0.80,75,440,1085318485,4112605803,3639,0.646933,508,1381,36-73,72-19,35-7,98,90,87,67,55,49,1,0,1,98,0,,64,0,,,0,fire_reached_bot,0,57,57,0,0,41,0.5816,1244,0.009551,-1,57,fire_reached_bot,0,57,57,0,0,41,0.5816,1244,0.064060,,57,fire_reached_bot,0,68,63,5,-3,45,0.5408,,0.110570,57,,fire_reached_bot,0,57,57,0,0,41,0.5816,1244,8.937464,-1,57,57,0,57,0,,shortest_path_fallback,0,,Bot1|Bot2|Bot3|Bot4,0,1
172,0.80,75,440,1943131252,2533243586,3649,0.648711,504,1361,49-28,24-40,33-20,43,37,28,24,33,29,1,0,1,43,0,,39,0,,,0,fire_reached_bot,0,18,18,0,0,25,0.4186,206,0.000819,18,17,fire_reached_bot,0,40,39,1,0,38,0.1163,,0.021510,,17,fire_reached_bot,0,40,39,1,0,38,0.1163,,0.034715,17,,fire_reached_bot,0,40,39,1,0,38,0.1163,,3.798646,-1,17,40,0,39,1,,no_path,0,,Bot1|Bot2|Bot3|Bot4,0,1
173,0.80,75,440,815405907,3357921857,3626,0.644622,501,1351,17-10,2-58,1-70,77,63,88,76,23,13,1,0,1,77,0,,24,0,,,0,walked_into_fire,0,49,49,0,-24,28,0.6364,,0.003472,18,18,fire_reached_bot,0,81,17,64,-56,60,0.2208,,0.325941,,-1,fire_reached_bot,0,81,17,64,-56,60,0.2208,,0.561946,-1,,fire_reached_bot,0,81,17,64,-56,60,0.2208,,3.642666,-1,-1,81,0,17,64,,no_path,0,,Bot1|Bot2|Bot3|Bot4,0,1
174,0.80,75,440,2300978891,2614612160,3647,0.648356,501,1375,29-35,5-65,18-74,54,54,60,50,26,22,1,0,1,54,0,,28,0,,,0,walked_into_fire,0,33,33,0,-4,21,0.6111,,0.001267,28,28,fire_reached_bot,0,40,27,13,-11,27,0.5000,,0.072448,,-1,fire_reached_bot,0,40,27,13,-11,27,0.5000,,0.128086,-1,,fire_reached_bot,0,40,27,13,-11,27,0.5000,,4.028033,-1,-1,40,0,27,13,,no_path,0,,Bot1|Bot2|Bot3|Bot4,0,1
175,0.80,75,440,2018207897,3314081923,3620,0.643556,501,1355,16-10,53-27,60-70,66,54,122,104,56,50,1,0,1,66,0,,64,0,,,0,walked_into_fire,0,66,66,0,-2,0,1.0000,,0.010118,65,65,fire_reached_bot,0,67,64,3,-2,2,0.9697,,0.039504,,-1,fire_reached_bot,0,67,64,3,-2,2,0.9697,,0.064146,-1,,fire_reached_bot,0,67,64,3,-2,2,0.9697,,6.711246,-1,-1,67,0,64,3,,no_path,0,,Bot1|Bot2|Bot3|Bot4,0,1
176,0.80,75,440,2818097894,3512310857,3632,0.645689,509,1342,11-44,26-37,59-48,46,22,74,52,66,44,0,0,1,46,1,46,73,1,46,27,1,button,1,46,46,0,27,0,1.0000,689,0.003345,-1,-1,button,1,46,46,0,27,0,1.0000,689,0.013663,,-1,button,1,46,46,0,27,0,1.0000,689,0.016593,-1,,button,1,46,46,0,27,0,1.0000,689,3.427814,6,6,46,0,0,0,0.4,risk_path,4,Bot1|Bot2|Bot3|Bot4,,1,0
177,0.80,75,440,2027427399,1220179851,3630,0.645333,486,1356,30-38,73-15,50-71,66,66,63,53,95,79,0,0,1,66,1,66,115,1,66,49,1,button,1,66,66,0,48,0,1.0000,1010,0.006124,-1,-1,button,1,66,66,0,48,0,1.0000,1010,0.016315,,-1,button,1,66,66,0,48,0,1.0000,1010,0.018862,-1,,button,1,66,66,0,48,0,1.0000,1010,6.785207,37,37,66,0,0,0,0.4,risk_path,4,Bot1|Bot2|Bot3|Bot4,,1,0
178,0.80,75,440,3599993327,1032513067,3649,0.648711,514,1379,52-28,3-70,60-5,101,91,39,31,122,122,0,0,1,101,1,101,145,1,101,44,1,button,1,101,101,0,37,0,1.0000,2591,0.033203,-1,-1,button,1,101,101,0,37,0,1.0000,2591,0.064115,,-1,button,1,101,101,0,37,0,1.0000,2591,0.089582,-1,,button,1,101,101,0,37,0,1.0000,2591,10.031791,-1,-1,101,0,0,0,0.4,risk_path,4,Bot1|Bot2|Bot3|Bot4,,1,0
179,0.80,75,440,2543364003,1899170686,3632,0.645689,503,1387,41-38,55-52,67-5,34,28,63,59,69,59,0,0,1,34,1,34,87,1,34,53,1,button,1,34,34,0,53,0,1.0000,191,0.001090,-1,-1,button,1,34,34,0,53,0,1.0000,191,0.004718,,-1,button,1,34,34,0,53,0,1.0000,191,0.004693,-1,,button,1,34,34,0,53,0,1.0000,191,1.956655,19,19,34,0,0,0,0.4,risk_path,4,Bot1|Bot2|Bot3|Bot4,,1,0
180,0.80,75,440,1116830270,123999137,3635,0.646222,502,1362,41-21,71-69,61-69,92,78,78,68,30,10,1,0,1,92,0,,39,0,,,0,walked_into_fire,0,44,44,0,-4,48,0.4783,,0.003603,18,18,fire_reached_bot,0,76,17,59,-36,75,0.1848,,0.333671,,-1,fire_reached_bot,0,76,17,59,-36,75,0.1848,,0.537648,-1,,fire_reached_bot,0,76,17,59,-36,75,0.1848,,4.046709,-1,-1,76,0,17,59,,no_path,0,,Bot1|Bot2|Bot3|Bot4,0,1
181,0.80,75,440,4129245186,2777447817,3675,0.653333,520,1414,58-11,69-10,38-59,16,12,74,68,86,80,0,0,1,16,1,16,101,1,16,85,1,button,1,16,16,0,85,0,1.0000,92,0.000358,-1,-1,button,1,16,16,0,85,0,1.0000,92,0.001047,,-1,button,1,16,16,0,85,0,1.0000,92,0.001026,-1,,button,1,16,16,0,85,0,1.0000,92,0.514834,2,2,16,0,0,0,0.4,risk_path,4,Bot1|Bot2|Bot3|Bot4,,1,0
182,0.80,75,440,699038936,1084992602,3641,0.647289,516,1390,25-21,56-28,5-35,46,38,36,34,74,58,0,0,1,46,1,46,90,1,46,44,1,button,1,46,46,0,41,0,1.0000,811,0.004131,-1,-1,button,1,46,46,0,41,0,1.0000,811,0.009885,,-1,button,1,46,46,0,41,0,1.0000,811,0.012243,-1,,button,1,46,46,0,41,0,1.0000,811,3.228965,18,18,46,0,0,0,0.4,risk_path,4,Bot1|Bot2|Bot3|Bot4,,1,0
183,0.80,75,440,3412191491,4070376951,3637,0.646578,496,1387,62-44,41-67,63-45,54,44,2,2,56,44,0,0,1,54,1,54,70,1,54,16,1,button,1,54,54,0,2,0,1.0000,1213,0.007505,-1,-1,button,1,54,54,0,2,0,1.0000,1213,0.016183,,-1,button,1,54,54,0,2,0,1.0000,1213,0.024134,-1,,button,1,54,54,0,2,0,1.0000,1213,4.393592,-1,-1,54,0,0,0,0.4,risk_path,4,Bot1|Bot2|Bot3|Bot4,,1,0
184,0.80,75,440,1126362104,2531367481,3631,0.645511,503,1386,31-17,21-48,48-3,53,41,39,31,78,72,0,0,1,53,1,53,97,1,53,44,1,button,1,53,53,0,39,0,1.0000,651,0.003421,-1,-1,button,1,53,53,0,39,0,1.0000,651,0.011998,,-1,button,1,53,53,0,39,0,1.0000,651,0.015023,-1,,button,1,53,53,0,39,0,1.0000,651,4.438359,-1,-1,53,0,0,0,0.4,risk_path,4,Bot1|Bot2|Bot3|Bot4,,1,0
185,0.80,75,440,3977488963,3994077294,3647,0.648356,515,1343,30-40,24-6,35-13,52,40,46,32,18,18,1,0,1,52,0,,23,0,,,0,fire_reached_bot,0,32,32,0,-8,20,0.6154,,0.002113,23,23,fire_reached_bot,0,36,22,14,-12,30,0.4231,,0.084282,,-1,fire_reached_bot,0,36,22,14,-12,30,0.4231,,0.139061,-1,,fire_reached_bot,0,36,22,14,-12,30,0.4231,,2.888932,-1,-1,36,0,22,14,,no_path,0,,Bot1|Bot2|Bot3|Bot4,0,1
186,0.80,75,440,2126553979,2609949610,3626,0.644622,490,1334,13-61,42-74,58-35,42,42,73,71,61,55,0,0,1,42,1,42,73,1,42,31,1,button,1,42,42,0,31,0,1.0000,737,0.003338,-1,-1,button,1,42,42,0,31,0,1.0000,737,0.007303,,-1,button,1,42,42,0,31,0,1.0000,737,0.010301,-1,,button,1,42,42,0,31,0,1.0000,737,2.802572,6,6,42,0,0,0,0.4,risk_path,4,Bot1|Bot2|Bot3|Bot4,,1,0
187,0.80,75,440,604629814,3122588556,3651,0.649067,512,1393,42-22,48-26,40-11,12,10,19,13,31,23,0,0,1,12,1,12,42,1,12,30,1,button,1,12,12,0,26,0,1.0000,66,0.000203,-1,-1,button,1,12,12,0,26,0,1.0000,66,0.000474,,-1,button,1,12,12,0,26,0,1.0000,66,0.000581,-1,,button,1,12,12,0,26,0,1.0000,66,0.320963,-1,-1,12,0,0,0,0.4,risk_path,4,Bot1|Bot2|Bot3|Bot4,,1,0
188,0.80,75,440,2717215071,3838181151,3669,0.652267,516,1402,4-12,43-12,69-67,83,39,120,120,91,81,0,0,1,83,1,83,112,1,83,29,1,button,1,83,83,0,27,0,1.0000,1620,0.015971,-1,-1,button,1,83,83,0,27,0,1.0000,1620,0.073099,,-1,button,1,83,83,0,27,0,1.0000,1620,0.086249,-1,,button,1,83,83,0,27,0,1.0000,1620,8.575044,34,34,83,0,0,0,0.4,risk_path,4,Bot1|Bot2|Bot3|Bot4,,1,0
189,0.80,75,440,899400218,1033562852,3653,0.649422,519,1408,15-65,68-61,7-10,91,57,95,63,132,112,0,0,1,91,1,91,151,1,91,60,1,button,1,91,91,0,55,0,1.0000,1136,0.008672,-1,-1,button,1,91,91,0,55,0,1.0000,1136,0.041526,,-1,button,1,91,91,0,55,0,1.0000,1136,0.049382,-1,,button,1,91,91,0,55,0,1.0000,1136,10.767500,22,22,91,0,0,0,0.4,risk_path,4,Bot1|Bot2|Bot3|Bot4,,1,0
190,0.80,75,440,3481980839,2844192455,3636,0.646400,506,1365,69-53,58-13,16-44,61,51,78,62,77,73,0,0,1,61,1,61,84,1,61,23,1,button,1,61,61,0,23,0,1.0000,1842,0.012117,-1,-1,button,1,61,61,0,23,0,1.0000,1842,0.025123,,-1,button,1,61,61,0,23,0,1.0000,1842,0.038647,-1,,button,1,61,61,0,23,0,1.0000,1842,4.633191,-1,-1,61,0,0,0,0.4,risk_path,4,Bot1|Bot2|Bot3|Bot4,,1,0
191,0.80,75,440,1615916817,2432315316,3635,0.646222,508,1385,2-12,63-7,37-53,84,66,84,76,96,72,0,0,1,84,1,84,115,1,84,31,1,button,1,84,84,0,31,0,1.0000,2748,0.027741,-1,-1,button,1,84,84,0,31,0,1.0000,2748,0.050676,,-1,button,1,84,84,0,31,0,1.0000,2748,0.079820,-1,,button,1,84,84,0,31,0,1.0000,2748,6.198013,4,4,84,0,0,0,0.4,risk_path,4,Bot1|Bot2|Bot3|Bot4,,1,0
192,0.80,75,440,3898521735,118069459,3640,0.647111,503,1357,65-51,13-31,35-4,78,72,95,77,65,49,1,0,1,78,0,,75,0,,,0,walked_into_fire,0,77,77,0,-1,1,0.9872,,0.009543,76,76,fire_reached_bot,0,78,75,3,-2,3,0.9615,,0.033528,,-1,fire_reached_bot,0,78,75,3,-2,3,0.9615,,0.042925,-1,,fire_reached_bot,0,78,75,3,-2,3,0.9615,,9.484949,-1,-1,78,0,75,3,,no_path,0,,Bot1|Bot2|Bot3|Bot4,0,1
193,0.80,75,440,2444658365,2126892776,3649,0.648711,505,1399,33-16,18-42,60-74,45,41,103,85,80,74,0,0,1,45,1,45,93,1,45,48,1,button,1,45,45,0,45,0,1.0000,459,0.002909,-1,-1,button,1,45,45,0,45,0,1.0000,459,0.009019,,-1,button,1,45,45,0,45,0,1.0000,459,0.011859,-1,,button,1,45,45,0,45,0,1.0000,459,3.019175,-1,-1,45,0,0,0,0.4,risk_path,4,Bot1|Bot2|Bot3|Bot4,,1,0
194,0.80,75,440,2214062488,49670459,3680,0.654222,504,1424,54-28,6-56,20-24,80,76,58,38,60,46,1,0,1,80,0,,71,0,,,0,fire_reached_bot,0,41,41,0,0,39,0.5125,971,0.004648,-1,-1,fire_reached_bot,0,41,41,0,0,39,0.5125,971,0.026221,,-1,fire_reached_bot,0,41,41,0,0,39,0.5125,971,0.029445,-1,,fire_reached_bot,0,41,41,0,0,39,0.5125,971,5.487746,-1,-1,41,0,41,0,,shortest_path_fallback,0,,Bot1|Bot2|Bot3|Bot4,0,1
195,0.80,75,440,1449191703,2718877568,3592,0.638578,491,1324,33-21,17-58,26-24,55,53,12,10,53,43,1,0,1,55,0,,67,1,55,12,1,button,1,55,55,0,4,0,1.0000,1354,0.006943,-1,-1,button,1,55,55,0,4,0,1.0000,1354,0.013919,,-1,button,1,55,55,0,4,0,1.0000,1354,0.020942,-1,,button,1,55,55,0,4,0,1.0000,1354,3.602071,-1,-1,55,0,0,0,0.4,risk_path,4,Bot1|Bot2|Bot3|Bot4,,1,0
196,0.80,75,440,2745450280,3961164760,3646,0.648178,520,1434,24-70,36-17,51-9,95,65,110,88,25,23,1,0,1,95,0,,30,0,,,0,fire_reached_bot,0,69,69,0,-38,26,0.7263,,0.013771,31,31,fire_reached_bot,0,117,30,87,-86,65,0.3158,,0.323176,,-1,fire_reached_bot,0,117,30,87,-86,65,0.3158,,0.568170,-1,,fire_reached_bot,0,117,30,87,-86,65,0.3158,,5.784643,-1,-1,117,0,30,87,,no_path,0,,Bot1|Bot2|Bot3|Bot4,0,1
197,0.80,75,440,1134599302,4132178095,3653,0.649422,495,1397,20-37,62-2,57-46,77,77,56,46,65,49,1,0,1,77,0,,85,1,77,8,1,button,1,77,77,0,2,0,1.0000,2549,0.021734,-1,-1,button,1,77,77,0,2,0,1.0000,2549,0.039266,,-1,button,1,77,77,0,2,0,1.0000,2549,0.060096,-1,,button,1,77,77,0,2,0,1.0000,2549,6.616277,39,39,77,15,32,0,0.99,risk_path,4,Bot1|Bot2|Bot3|Bot4,,1,0
198,0.80,75,440,3387618525,4213744687,3637,0.646578,501,1335,25-12,26-27,73-32,32,16,80,68,70,52,0,0,1,32,1,32,85,1,32,53,1,button,1,32,32,0,53,0,1.0000,350,0.001512,-1,-1,button,1,32,32,0,53,0,1.0000,350,0.003596,,-1,button,1,32,32,0,53,0,1.0000,350,0.004765,-1,,button,1,32,32,0,53,0,1.0000,350,1.762301,-1,-1,32,0,0,0,0.4,risk_path,4,Bot1|Bot2|Bot3|Bot4,,1,0
199,0.80,75,440,3963364150,1255751458,3646,0.648178,503,1378,31-11,73-33,7-36,76,64,53,49,91,69,0,0,1,76,1,76,110,1,76,34,1,button,1,76,76,0,29,0,1.0000,1841,0.014155,-1,-1,button,1,76,76,0,29,0,1.0000,1841,0.036272,,-1,button,1,76,76,0,29,0,1.0000,1841,0.048729,-1,,button,1,76,76,0,31,0,1.0000,1841,6.914049,1,1,76,0,0,0,0.4,risk_path,4,Bot1|Bot2|Bot3|Bot4,,1,0
200,0.80,75,440,687047578,4017936739,3628,0.644978,511,1337,27-51,69-32,8-40,65,61,30,30,79,69,0,0,1,65,1,65,90,1,65,25,1,button,1,65,65,0,19,0,1.0000,1725,0.011747,-1,-1,button,1,65,65,0,19,0,1.0000,1725,0.025830,,-1,button,1,65,65,0,19,0,1.0000,1725,0.038993,-1,,button,1,65,65,0,19,0,1.0000,1725,5.686912,16,16,65,0,0,0,0.4,risk_path,4,Bot1|Bot2|Bot3|Bot4,,1,0
201,0.80,75,440,3808654913,1437651723,3644,0.647822,506,1376,73-63,38-16,62-70,86,82,34,18,84,78,1,0,1,86,0,,94,1,86,8,1,button,1,86,86,0,1,0,1.0000,1762,0.016011,-1,23,button,1,86,86,0,1,0,1.0000,1762,0.041843,,23,fire_reached_bot,0,51,51,0,0,57,0.3372,637,0.038894,23,,button,1,86,86,0,7,0,1.0000,1762,8.668591,6,6,86,0,0,0,0.4,risk_path,3,Bot1|Bot2|Bot4,Bot3,0,0
202,0.80,75,440,479682215,117614757,3621,0.643733,510,1341,36-35,34-65,43-19,46,32,39,23,81,55,0,0,1,46,1,46,94,1,46,48,1,button,1,46,46,0,44,0,1.0000,915,0.003715,-1,-1,button,1,46,46,0,44,0,1.0000,915,0.010218,,-1,button,1,46,46,0,44,0,1.0000,915,0.014021,-1,,button,1,46,46,0,44,0,1.0000,915,3.155935,-1,-1,46,0,0,0,0.4,risk_path,4,Bot1|Bot2|Bot3|Bot4,,1,0
203,0.80,75,440,1496475200,4047105304,3645,0.648000,514,1350,51-1,14-73,56-29,117,109,43,33,88,86,1,0,1,117,0,,100,0,,,0,walked_into_fire,0,24,24,0,-1,93,0.2051,342,0.002157,22,22,fire_reached_bot,0,75,71,4,0,88,0.2479,2832,0.101674,,36,fire_reached_bot,0,78,71,7,0,90,0.2308,2944,0.137009,36,,fire_reached_bot,0,75,71,4,0,88,0.2479,2832,10.585313,-1,36,75,0,71,4,,no_path,0,,Bot1|Bot2|Bot3|Bot4,0,1
204,0.80,75,440,505044942,177768735,3649,0.648711,507,1385,16-40,65-14,63-49,81,75,68,56,65,37,1,0,1,81,0,,70,0,,,0,fire_reached_bot,0,40,40,0,0,41,0.4938,689,0.003593,39,38,fire_reached_bot,0,53,52,1,0,47,0.4198,1243,0.035872,,38,fire_reached_bot,0,58,58,0,0,41,0.4938,1442,0.046520,38,,fire_reached_bot,0,53,52,1,0,47,0.4198,1243,7.472867,-1,38,53,0,52,1,,no_path,0,,Bot1|Bot2|Bot3|Bot4,0,1
205,0.80,75,440,2592851329,1842348790,3662,0.651022,518,1377,6-43,55-29,67-0,81,63,112,104,51,41,1,0,1,81,0,,68,0,,,0,walked_into_fire,0,67,67,0,-1,14,0.8272,727,0.005912,60,60,fire_reached_bot,0,83,66,17,-14,27,0.6667,,0.112349,,-1,fire_reached_bot,0,83,66,17,-14,27,0.6667,,0.166676,-1,,fire_reached_bot,0,83,66,17,-14,27,0.6667,,11.200679,-1,-1,83,0,66,17,,no_path,0,,Bot1|Bot2|Bot3|Bot4,0,1
206,0.80,75,440,3837839052,4278048444,3662,0.651022,509,1415,49-20,41-20,45-66,10,8,62,50,64,50,0,0,1,10,1,10,86,1,10,76,1,button,1,10,10,0,76,0,1.0000,59,0.000177,-1,-1,button,1,10,10,0,76,0,1.0000,59,0.000458,,-1,button,1,10,10,0,76,0,1.0000,59,0.000419,-1,,button,1,10,10,0,76,0,1.0000,59,0.254432,1,1,10,0,0,0,0.4,risk_path,4,Bot1|Bot2|Bot3|Bot4,,1,0
207,0.80,75,440,4060788553,845069922,3646,0.648178,517,1375,13-16,67-34,60-28,86,72,81,59,13,13,1,0,1,86,0,,17,0,,,0,fire_reached_bot,0,44,44,0,-26,42,0.5116,,0.005883,16,16,fire_reached_bot,0,81,15,66,-63,71,0.1744,,0.291168,,-1,fire_reached_bot,0,81,15,66,-63,71,0.1744,,0.501522,-1,,fire_reached_bot,0,81,15,66,-63,71,0.1744,,3.594094,-1,-1,81,0,15,66,,no_path,0,,Bot1|Bot2|Bot3|Bot4,0,1
208,0.80,75,440,1921987437,1998653501,3636,0.646400,506,1373,74-46,4-55,7-25,107,79,108,88,45,33,1,0,1,107,0,,60,0,,,0,fire_reached_bot,0,63,63,0,-2,44,0.5888,,0.010809,60,59,fire_reached_bot,0,69,60,9,-8,49,0.5421,,0.098927,,59,fire_reached_bot,0,72,60,12,-11,51,0.5234,,0.170207,59,,fire_reached_bot,0,69,60,9,-8,49,0.5421,,9.477336,-1,59,69,0,60,9,,no_path,0,,Bot1|Bot2|Bot3|Bot4,0,1
209,0.80,75,440,2984244257,2435512816,3670,0.652444,500,1412,29-21,22-1,14-24,37,27,42,18,53,31,0,0,1,37,1,37,67,1,37,30,1,button,1,37,37,0,26,0,1.0000,538,0.002165,-1,-1,button,1,37,37,0,26,0,1.0000,538,0.007473,,-1,button,1,37,37,0,26,0,1.0000,538,0.008184,-1,,button,1,37,37,0,26,0,1.0000,538,2.229605,-1,-1,37,0,0,0,0.4,risk_path,4,Bot1|Bot2|Bot3|Bot4,,1,0
210,0.80,75,440,1735617669,2279655686,3643,0.647644,510,1392,61-49,6-10,2-50,100,94,80,60,72,44,1,0,1,100,0,,91,0,,,0,fire_reached_bot,0,92,92,0,0,8,0.9200,,0.018215,87,86,fire_reached_bot,0,101,91,10,-9,15,0.8500,,0.080435,,86,fire_reached_bot,0,103,91,12,-11,17,0.8300,,0.118107,86,,fire_reached_bot,0,101,91,10,-9,15,0.8500,,12.772228,-1,86,101,0,91,10,,no_path,0,,Bot1|Bot2|Bot3|Bot4,0,1
211,0.80,75,440,741719091,4088483574,3654,0.649600,511,1417,7-48,46-4,1-6,87,83,60,48,63,47,1,0,1,87,0,,77,0,,,0,fire_reached_bot,0,49,49,0,0,38,0.5632,441,0.003379,-1,49,fire_reached_bot,0,49,49,0,0,38,0.5632,441,0.030397,,49,fire_reached_bot,0,79,77,2,-1,20,0.7701,,0.078158,49,,fire_reached_bot,0,49,49,0,0,38,0.5632,441,9.354701,-1,49,49,0,49,0,,shortest_path_fallback,0,,Bot1|Bot2|Bot3|Bot4,0,1
212,0.80,75,440,43164127,71827648,3665,0.651556,501,1384,71-28,42-51,34-71,58,52,92,80,34,28,1,0,1,58,0,,43,0,,,0,fire_reached_bot,0,51,51,0,-7,7,0.8793,,0.002757,44,44,fire_reached_bot,0,60,43,17,-16,15,0.7414,,0.104246,,-1,fire_reached_bot,0,60,43,17,-16,15,0.7414,,0.193117,-1,,fire_reached_bot,0,60,43,17,-16,15,0.7414,,5.473261,-1,-1,60,0,43,17,,no_path,0,,Bot1|Bot2|Bot3|Bot4,0,1
213,0.80,75,440,1597394174,606359399,3657,0.650133,510,1407,65-30,32-37,23-68,54,40,86,80,52,40,1,0,1,54,0,,66,1,54,12,1,button,1,54,54,0,7,0,1.0000,1054,0.006584,-1,-1,button,1,54,54,0,7,0,1.0000,1054,0.015425,,-1,button,1,54,54,0,7,0,1.0000,1054,0.024351,-1,,button,1,54,54,0,7,0,1.0000,1054,4.730276,-1,-1,54,0,0,0,0.4,risk_path,4,Bot1|Bot2|Bot3|Bot4,,1,0
214,0.80,75,440,3435905294,2392089260,3647,0.648356,496,1383,21-73,38-43,5-63,65,47,30,26,71,53,0,0,1,65,1,65,87,1,65,22,1,button,1,65,65,0,11,0,1.0000,948,0.007762,-1,-1,button,1,65,65,0,11,0,1.0000,948,0.021812,,-1,button,1,65,65,0,11,0,1.0000,948,0.034061,-1,,button,1,65,65,0,11,0,1.0000,948,6.037388,2,2,65,0,0,0,0.4,risk_path,4,Bot1|Bot2|Bot3|Bot4,,1,0
215,0.80,75,440,538301983,4070519892,3626,0.644622,499,1356,51-64,36-73,37-37,50,24,51,41,51,37,0,0,1,50,1,50,59,1,50,9,1,button,1,50,50,0,9,0,1.0000,1330,0.006709,-1,-1,button,1,50,50,0,9,0,1.0000,1330,0.015084,,-1,button,1,50,50,0,9,0,1.0000,1330,0.021807,-1,,button,1,50,50,0,9,0,1.0000,1330,3.193573,39,39,50,0,0,0,0.4,risk_path,4,Bot1|Bot2|Bot3|Bot4,,1,0
216,0.80,75,440,1948681360,2814169751,3667,0.651911,505,1403,15-18,25-22,10-13,14,14,30,10,30,24,0,0,1,14,1,14,35,1,14,21,1,button,1,14,14,0,20,0,1.0000,44,0.000183,-1,-1,button,1,14,14,0,20,0,1.0000,44,0.000393,,-1,button,1,14,14,0,20,0,1.0000,44,0.000475,-1,,button,1,14,14,0,20,0,1.0000,44,0.422158,-1,-1,14,0,0,0,0.4,risk_path,4,Bot1|Bot2|Bot3|Bot4,,1,0
217,0.80,75,440,234546496,899763894,3644,0.647822,506,1364,33-28,9-36,33-5,44,32,45,23,61,55,0,0,1,44,1,44,75,1,44,31,1,button,1,44,44,0,30,0,1.0000,570,0.002718,-1,-1,button,1,44,44,0,30,0,1.0000,570,0.009290,,-1,button,1,44,44,0,30,0,1.0000,570,0.011474,-1,,button,1,44,44,0,30,0,1.0000,570,3.058671,43,43,44,0,0,0,0.4,risk_path,4,Bot1|Bot2|Bot3|Bot4,,1,0
218,0.80,75,440,2601635953,347498,3653,0.649422,506,1409,29-59,4-21,38-7,73,63,75,61,62,48,1,0,1,73,0,,70,0,,,0,fire_reached_bot,0,71,71,0,0,2,0.9726,,0.014229,71,71,fire_reached_bot,0,73,70,3,-2,3,0.9589,,0.044211,,-1,fire_reached_bot,0,73,70,3,-2,3,0.9589,,0.069305,-1,,fire_reached_bot,0,73,70,3,-2,3,0.9589,,7.497404,-1,-1,73,0,70,3,,no_path,0,,Bot1|Bot2|Bot3|Bot4,0,1
219,0.80,75,440,1873523526,189957216,3638,0.646756,508,1348,47-9,28-54,6-25,72,64,71,57,51,51,1,0,1,72,0,,63,0,,,0,fire_reached_bot,0,60,60,0,0,12,0.8333,1056,0.006272,60,42,fire_reached_bot,0,61,59,2,0,13,0.8194,1088,0.024755,,42,fire_reached_bot,0,66,63,3,-2,29,0.5972,,0.046171,42,,fire_reached_bot,0,61,59,2,0,13,0.8194,1088,6.788497,-1,42,61,0,59,2,,no_path,0,,Bot1|Bot2|Bot3|Bot4,0,1
220,0.80,75,440,650066665,1525053087,3651,0.649067,495,1389,47-54,47-10,5-72,80,44,60,60,126,104,0,0,1,80,1,80,154,1,80,74,1,button,1,80,80,0,63,0,1.0000,1173,0.010626,-1,-1,button,1,80,80,0,63,0,1.0000,1173,0.056885,,-1,button,1,80,80,0,63,0,1.0000,1173,0.067542,-1,,button,1,80,80,0,63,0,1.0000,1173,8.567293,39,39,80,0,0,0,0.4,risk_path,4,Bot1|Bot2|Bot3|Bot4,,1,0
221,0.80,75,440,1404877065,2420011909,3640,0.647111,507,1408,54-38,31-51,53-61,38,36,34,24,34,32,1,0,1,38,0,,37,0,,,0,walked_into_fire,0,26,26,0,-1,12,0.6842,381,0.001225,26,26,fire_reached_bot,0,27,26,1,0,14,0.6316,456,0.003710,,-1,fire_reached_bot,0,27,26,1,0,14,0.6316,456,0.004946,-1,,fire_reached_bot,0,27,26,1,0,14,0.6316,456,2.008116,-1,-1,27,0,26,1,,no_path,0,,Bot1|Bot2|Bot3|Bot4,0,1
222,0.80,75,440,1871520942,110449919,3642,0.647467,513,1411,44-69,25-70,38-55,30,20,22,20,30,28,0,0,1,30,0,,33,1,30,3,1,button,1,30,30,0,3,0,1.0000,331,0.001336,-1,-1,button,1,30,30,0,3,0,1.0000,331,0.002829,,-1,button,1,30,30,0,3,0,1.0000,331,0.004460,-1,,button,1,30,30,0,3,0,1.0000,331,1.409233,-1,-1,30,0,0,0,0.4,risk_path,4,Bot1|Bot2|Bot3|Bot4,,1,0
223,0.80,75,440,1891869098,1845810528,3648,0.648533,505,1371,6-33,19-36,72-72,22,16,113,105,101,89,0,0,1,22,1,22,122,1,22,100,1,button,1,22,22,0,100,0,1.0000,83,0.000462,-1,-1,button,1,22,22,0,100,0,1.0000,83,0.001606,,-1,button,1,22,22,0,100,0,1.0000,83,0.002488,-1,,button,1,22,22,0,100,0,1.0000,83,0.897002,6,6,22,0,0,0,0.4,risk_path,4,Bot1|Bot2|Bot3|Bot4,,1,0
224,0.80,75,440,3946411396,399432510,3628,0.644978,507,1377,14-74,47-31,63-44,84,76,81,79,29,29,1,0,1,84,0,,33,0,,,0,walked_into_fire,0,49,49,0,-15,35,0.5833,,0.005657,34,34,fire_reached_bot,0,67,33,34,-33,51,0.3929,,0.149444,,-1,fire_reached_bot,0,67,33,34,-33,51,0.3929,,0.283844,-1,,fire_reached_bot,0,67,33,34,-33,51,0.3929,,5.095170,-1,-1,67,0,33,34,,no_path,0,,Bot1|Bot2|Bot3|Bot4,0,1
225,0.80,75,440,395123674,1705726284,3633,0.645867,498,1354,41-14,11-70,23-1,104,86,31,31,101,81,1,0,1,104,0,,117,0,,,0,fire_reached_bot,0,41,41,0,0,63,0.3942,663,0.004853,-1,41,fire_reached_bot,0,41,41,0,0,63,0.3942,663,0.054795,,41,fire_reached_bot,0,48,45,3,0,65,0.3750,890,0.064079,41,,fire_reached_bot,0,43,43,0,0,61,0.4135,726,7.480824,29,29,43,19,15,0,0.99,risk_path,0,,Bot1|Bot2|Bot3|Bot4,0,1
226,0.80,75,440,3383174174,417879336,3627,0.644800,505,1348,17-6,56-70,55-30,107,103,74,62,69,41,1,0,1,107,0,,81,0,,,0,walked_into_fire,0,49,49,0,-1,58,0.4579,1072,0.005758,49,48,fire_reached_bot,0,78,73,5,0,66,0.3832,2488,0.099555,,48,fire_reached_bot,0,81,73,8,0,64,0.4019,2625,0.122583,48,,fire_reached_bot,0,78,73,5,0,66,0.3832,2488,10.541148,-1,48,78,0,73,5,,no_path,0,,Bot1|Bot2|Bot3|Bot4,0,1
227,0.80,75,440,3707428535,2930291685,3639,0.646933,499,1357,56-26,19-62,37-36,75,73,29,29,46,44,1,1,1,77,0,,55,0,,,0,walked_into_fire,0,18,18,0,-1,59,0.2133,207,0.001075,15,13,fire_reached_bot,0,46,45,1,0,74,0.0133,1265,0.047694,,13,fire_reached_bot,0,45,45,0,0,72,0.0400,1206,0.051878,13,,fire_reached_bot,0,46,45,1,0,74,0.0133,1265,6.376748,-1,13,46,0,45,1,,no_path,0,,Bot1|Bot2|Bot3|Bot4,0,1
228,0.80,75,440,3499156370,436825089,3645,0.648000,501,1328,35-35,25-53,19-70,28,28,53,51,25,23,1,0,1,28,0,,28,1,28,0,1,button,1,28,28,0,0,0,1.0000,296,0.001194,-1,-1,button,1,28,28,0,0,0,1.0000,296,0.002259,,-1,button,1,28,28,0,0,0,1.0000,296,0.008657,-1,,button,1,28,28,0,0,0,1.0000,296,1.378181,-1,-1,28,25,0,0,0.99,risk_path,4,Bot1|Bot2|Bot3|Bot4,,1,0
229,0.80,75,440,3921431972,3691631192,3657,0.650133,515,1411,71-56,12-49,11-66,82,66,84,70,36,18,1,0,1,82,0,,46,0,,,0,fire_reached_bot,0,44,44,0,0,38,0.5366,625,0.004176,36,36,fire_reached_bot,0,61,43,18,-14,53,0.3537,,0.109911,,-1,fire_reached_bot,0,61,43,18,-14,53,0.3537,,0.186728,-1,,fire_reached_bot,0,61,43,18,-14,53,0.3537,,7.257521,-1,-1,61,0,43,18,,no_path,0,,Bot1|Bot2|Bot3|Bot4,0,1
230,0.80,75,440,2971960596,3817885116,3644,0.647822,509,1406,9-53,0-65,17-45,21,21,24,16,45,37,0,0,1,21,1,21,51,1,21,30,1,button,1,21,21,0,27,0,1.0000,249,0.000688,-1,-1,button,1,21,21,0,27,0,1.0000,249,0.001548,,-1,button,1,21,21,0,27,0,1.0000,249,0.002128,-1,,button,1,21,21,0,27,0,1.0000,249,0.849772,-1,-1,21,0,0,0,0.4,risk_path,4,Bot1|Bot2|Bot3|Bot4,,1,0
231,0.80,75,440,230717013,2732343365,3677,0.653689,507,1415,18-47,11-37,32-8,17,17,63,53,56,50,0,0,1,17,1,17,66,1,17,49,1,button,1,17,17,0,49,0,1.0000,76,0.000280,-1,-1,button,1,17,17,0,49,0,1.0000,76,0.000755,,-1,button,1,17,17,0,49,0,1.0000,76,0.000950,-1,,button,1,17,17,0,49,0,1.0000,76,0.562835,-1,-1,17,0,0,0,0.4,risk_path,4,Bot1|Bot2|Bot3|Bot4,,1,0
232,0.80,75,440,1277540315,2568731835,3650,0.648889,492,1378,51-49,20-26,68-25,56,54,47,41,73,49,0,0,1,56,1,56,85,1,56,29,1,button,1,56,56,0,29,0,1.0000,1095,0.006679,-1,-1,button,1,56,56,0,29,0,1.0000,1095,0.015107,,-1,button,1,56,56,0,29,0,1.0000,1095,0.021808,-1,,button,1,56,56,0,29,0,1.0000,1095,4.554483,-1,-1,56,0,0,0,0.4,risk_path,4,Bot1|Bot2|Bot3|Bot4,,1,0
233,0.80,75,440,2601371361,3429438074,3616,0.642844,495,1327,48-24,49-48,54-71,47,25,75,53,40,28,1,0,1,47,0,,47,1,47,0,1,button,1,47,47,0,0,0,1.0000,742,0.004152,-1,-1,button,1,47,47,0,0,0,1.0000,742,0.011672,,-1,button,1,47,47,0,0,0,1.0000,742,0.019978,-1,,button,1,47,47,0,0,0,1.0000,742,3.854445,-1,-1,47,25,21,0,0.99,risk_path,4,Bot1|Bot2|Bot3|Bot4,,1,0
234,0.80,75,440,2175815046,2513501025,3671,0.652622,515,1422,60-58,33-61,26-34,36,30,66,58,42,34,0,0,1,36,1,36,53,1,36,17,1,button,1,36,36,0,16,0,1.0000,633,0.002287,-1,-1,button,1,36,36,0,16,0,1.0000,633,0.005646,,-1,button,1,36,36,0,16,0,1.0000,633,0.007944,-1,,button,1,36,36,0,16,0,1.0000,633,2.072382,-1,-1,36,0,0,0,0.4,risk_path,4,Bot1|Bot2|Bot3|Bot4,,1,0
235,0.80,75,440,2903687551,1508666098,3664,0.651378,508,1412,62-11,20-70,59-72,105,101,88,64,77,41,1,0,1,105,0,,93,0,,,0,walked_into_fire,0,67,67,0,-1,38,0.6381,1036,0.009158,67,66,fire_reached_bot,0,67,66,1,0,39,0.6286,1064,0.057533,,66,fire_reached_bot,0,72,72,0,0,47,0.5524,1252,0.070805,66,,fire_reached_bot,0,67,66,1,0,39,0.6286,1064,11.983972,-1,66,67,0,66,1,,no_path,0,,Bot1|Bot2|Bot3|Bot4,0,1
236,0.80,75,440,2767072028,3293256290,3657,0.650133,505,1375,27-0,15-28,25-43,46,40,61,45,33,25,1,0,1,46,0,,39,0,,,0,walked_into_fire,0,39,39,0,-2,7,0.8478,674,0.002609,37,37,fire_reached_bot,0,39,36,3,0,10,0.7826,725,0.021329,,-1,fire_reached_bot,0,39,36,3,0,10,0.7826,725,0.039548,-1,,fire_reached_bot,0,39,36,3,0,10,0.7826,725,3.250003,-1,-1,39,0,36,3,,no_path,0,,Bot1|Bot2|Bot3|Bot4,0,1
237,0.80,75,440,434350479,2119715637,3663,0.651200,511,1423,44-63,20-38,29-11,59,49,81,67,42,36,1,0,1,59,0,,55,0,,,0,walked_into_fire,0,55,55,0,-1,4,0.9322,1287,0.008230,53,52,fire_reached_bot,0,61,54,7,-5,9,0.8475,,0.041307,,52,fire_reached_bot,0,63,54,9,-7,11,0.8136,,0.080180,52,,fire_reached_bot,0,61,54,7,-5,9,0.8475,,5.367932,-1,52,61,0,54,7,,no_path,0,,Bot1|Bot2|Bot3|Bot4,0,1
238,0.80,75,440,860933267,2945000663,3628,0.644978,509,1350,25-29,50-8,50-6,48,46,48,48,4,2,1,0,1,48,0,,4,0,,,0,fire_reached_bot,0,25,25,0,-20,23,0.5208,,0.001334,5,5,fire_reached_bot,0,49,4,45,-44,44,0.0833,,0.207303,,-1,fire_reached_bot,0,49,4,45,-44,44,0.0833,,0.406629,-1,,fire_reached_bot,0,49,4,45,-44,44,0.0833,,0.901866,-1,-1,49,0,4,45,,no_path,0,,Bot1|Bot2|Bot3|Bot4,0,1
239,0.80,75,440,3847153091,2545232110,3641,0.647289,491,1366,31-51,0-30,58-14,56,52,76,64,80,74,0,0,1,56,1,56,96,1,56,40,1,button,1,56,56,0,39,0,1.0000,1119,0.007594,-1,-1,button,1,56,56,0,39,0,1.0000,1119,0.018084,,-1,button,1,56,56,0,39,0,1.0000,1119,0.025487,-1,,button,1,56,56,0,39,0,1.0000,1119,4.937064,-1,-1,56,0,0,0,0.4,risk_path,4,Bot1|Bot2|Bot3|Bot4,,1,0
240,0.80,75,440,3830646336,1583051720,3645,0.648000,501,1357,37-49,56-9,43-1,67,59,72,54,23,21,1,0,1,67,0,,26,0,,,0,walked_into_fire,0,42,42,0,-15,25,0.6269,,0.002930,27,27,fire_reached_bot,0,59,26,33,-32,41,0.3881,,0.182305,,-1,fire_reached_bot,0,59,26,33,-32,41,0.3881,,0.326543,-1,,fire_reached_bot,0,59,26,33,-32,41,0.3881,,4.879631,-1,-1,59,0,26,33,,no_path,0,,Bot1|Bot2|Bot3|Bot4,0,1
241,0.80,75,440,50286375,2368400549,3661,0.650844,522,1437,27-9,46-22,65-3,40,32,62,44,44,38,0,0,1,40,1,40,52,1,40,12,1,button,1,40,40,0,12,0,1.0000,440,0.002249,-1,-1,button,1,40,40,0,12,0,1.0000,440,0.008328,,-1,button,1,40,40,0,12,0,1.0000,440,0.009495,-1,,button,1,40,40,0,12,0,1.0000,440,2.835214,37,37,40,0,0,0,0.4,risk_path,4,Bot1|Bot2|Bot3|Bot4,,1,0
242,0.80,75,440,229134076,547575414,3636,0.646400,512,1351,44-13,33-41,33-18,41,39,46,16,53,23,0,0,1,41,1,41,62,1,41,21,1,button,1,41,41,0,21,0,1.0000,388,0.001396,-1,-1,button,1,41,41,0,21,0,1.0000,388,0.004558,,-1,button,1,41,41,0,21,0,1.0000,388,0.005375,-1,,button,1,41,41,0,21,0,1.0000,388,2.885181,-1,-1,41,0,0,0,0.4,risk_path,4,Bot1|Bot2|Bot3|Bot4,,1,0
243,0.80,75,440,3829884547,2736529294,3653,0.649422,512,1397,6-66,44-36,13-50,68,68,31,23,45,45,1,0,1,68,0,,51,0,,,0,walked_into_fire,0,18,18,0,-2,50,0.2647,139,0.000612,17,16,fire_reached_bot,0,57,51,6,-5,57,0.1618,,0.050225,,16,fire_reached_bot,0,57,51,6,-5,57,0.1618,,0.083546,16,,fire_reached_bot,0,57,51,6,-5,57,0.1618,,7.259105,-1,16,57,0,51,6,,no_path,0,,Bot1|Bot2|Bot3|Bot4,0,1
244,0.80,75,440,2905315126,631340303,3628,0.644978,494,1376,22-71,69-35,61-25,87,83,93,85,18,18,1,0,1,87,0,,19,0,,,0,fire_reached_bot,0,58,58,0,-38,29,0.6667,,0.010951,20,20,fire_reached_bot,0,83,19,64,-63,68,0.2184,,0.256129,,-1,fire_reached_bot,0,83,19,64,-63,68,0.2184,,0.455113,-1,,fire_reached_bot,0,83,19,64,-63,68,0.2184,,3.851982,-1,-1,83,0,19,64,,no_path,0,,Bot1|Bot2|Bot3|Bot4,0,1
245,0.80,75,440,3180725409,3525950523,3641,0.647289,501,1379,46-21,33-48,70-57,40,40,62,60,66,46,0,0,1,40,1,40,75,1,40,35,1,button,1,40,40,0,32,0,1.0000,460,0.002116,-1,-1,button,1,40,40,0,32,0,1.0000,460,0.006403,,-1,button,1,40,40,0,32,0,1.0000,460,0.007439,-1,,button,1,40,40,0,32,0,1.0000,460,2.677024,-1,-1,40,0,0,0,0.4,risk_path,4,Bot1|Bot2|Bot3|Bot4,,1,0
246,0.80,75,440,3527288279,2290517008,3632,0.645689,488,1357,49-48,15-4,50-34,86,78,37,15,71,65,1,0,1,86,0,,84,0,,,0,fire_reached_bot,0,28,28,0,0,58,0.3256,454,0.002593,26,25,fire_reached_bot,0,79,73,6,0,67,0.2209,2745,0.097461,,25,fire_reached_bot,0,82,73,9,0,65,0.2442,2893,0.139216,25,,fire_reached_bot,0,79,73,6,0,67,0.2209,2745,9.221417,-1,25,79,0,73,6,,no_path,0,,Bot1|Bot2|Bot3|Bot4,0,1
247,0.80,75,440,2693909744,892987441,3653,0.649422,508,1396,12-31,19-16,27-15,24,22,37,31,13,9,1,0,1,24,0,,21,0,,,0,walked_into_fire,0,24,24,0,-3,0,1.0000,,0.000420,22,22,fire_reached_bot,0,27,21,6,-5,3,0.8750,,0.038167,,-1,fire_reached_bot,0,27,21,6,-5,3,0.8750,,0.069588,-1,,fire_reached_bot,0,27,21,6,-5,3,0.8750,,1.082956,-1,-1,27,0,21,6,,no_path,0,,Bot1|Bot2|Bot3|Bot4,0,1
248,0.80,75,440,3466483215,701012700,3661,0.650844,506,1362,70-13,27-29,57-25,77,59,27,25,52,34,1,0,1,77,0,,64,0,,,0,fire_reached_bot,0,14,14,0,0,63,0.1818,86,0.001106,9,7,fire_reached_bot,0,58,51,7,0,46,0.4026,1384,0.041181,,7,fire_reached_bot,0,53,51,2,0,42,0.4545,1202,0.040613,7,,fire_reached_bot,0,58,51,7,0,46,0.4026,1384,6.821200,-1,7,58,0,51,7,,no_path,0,,Bot1|Bot2|Bot3|Bot4,0,1
249,0.80,75,440,3499659840,3439355226,3673,0.652978,514,1426,22-34,21-64,21-4,43,31,43,31,86,60,0,0,1,43,1,43,111,1,43,68,1,button,1,43,43,0,54,0,1.0000,678,0.003351,-1,-1,button,1,43,43,0,54,0,1.0000,678,0.008252,,-1,button,1,43,43,0,54,0,1.0000,678,0.011931,-1,,button,1,43,43,0,54,0,1.0000,678,2.915526,-1,-1,43,0,0,0,0.4,risk_path,4,Bot1|Bot2|Bot3|Bot4,,1,0
250,0.80,75,440,1517605910,2955868487,3642,0.647467,504,1373,46-30,45-21,67-21,12,10,30,30,36,22,0,0,1,12,1,12,43,1,12,31,1,button,1,12,12,0,31,0,1.0000,66,0.000217,-1,-1,button,1,12,12,0,31,0,1.0000,66,0.000460,,-1,button,1,12,12,0,31,0,1.0000,66,0.000587,-1,,button,1,12,12,0,31,0,1.0000,66,0.331611,-1,-1,12,0,0,0,0.4,risk_path,4,Bot1|Bot2|Bot3|Bot4,,1,0
251,0.80,75,440,742681489,3514916377,3632,0.645689,501,1338,21-17,13-44,11-71,43,35,84,64,41,29,1,0,1,43,0,,47,1,43,4,1,button,1,43,43,0,4,0,1.0000,527,0.002643,-1,-1,button,1,43,43,0,4,0,1.0000,527,0.010351,,-1,button,1,43,43,0,4,0,1.0000,527,0.008269,-1,,button,1,43,43,0,4,0,1.0000,527,3.050244,-1,-1,43,6,0,0,0.6,risk_path,4,Bot1|Bot2|Bot3|Bot4,,1,0
252,0.80,75,440,389585178,1768587399,3635,0.646222,502,1366,66-16,51-57,64-53,72,56,59,39,33,17,1,0,1,72,0,,43,0,,,0,fire_reached_bot,0,33,33,0,0,39,0.4583,311,0.001744,-1,33,fire_reached_bot,0,33,33,0,0,39,0.4583,311,0.019686,,33,fire_reached_bot,0,46,43,3,-2,51,0.2917,,0.053765,33,,fire_reached_bot,0,33,33,0,0,39,0.4583,311,5.453980,-1,33,33,0,33,0,,shortest_path_fallback,0,,Bot1|Bot2|Bot3|Bot4,0,1
253,0.80,75,440,3332814137,1126990968,3634,0.646044,504,1387,69-32,59-13,32-53,89,29,70,58,95,67,0,0,1,89,1,89,114,1,89,25,1,button,1,89,89,0,20,0,1.0000,3232,0.035886,-1,-1,button,1,89,89,0,20,0,1.0000,3232,0.107166,,-1,button,1,89,89,0,20,0,1.0000,3232,0.153658,-1,,button,1,89,89,0,20,0,1.0000,3232,6.586127,47,47,89,0,0,0,0.4,risk_path,4,Bot1|Bot2|Bot3|Bot4,,1,0
254,0.80,75,440,1495801011,917814670,3676,0.653511,528,1432,47-21,14-43,57-68,59,55,71,57,92,68,0,0,1,59,1,59,107,1,59,48,1,button,1,59,59,0,48,0,1.0000,1082,0.007101,-1,-1,button,1,59,59,0,48,0,1.0000,1082,0.018489,,-1,button,1,59,59,0,48,0,1.0000,1082,0.028659,-1,,button,1,59,59,0,48,0,1.0000,1082,5.343820,-1,-1,59,0,0,0,0.4,risk_path,4,Bot1|Bot2|Bot3|Bot4,,1,0
255,0.80,75,440,2990102404,731289034,3646,0.648178,513,1347,4-13,3-46,4-57,48,34,66,44,20,12,1,0,1,48,0,,24,0,,,0,fire_reached_bot,0,36,36,0,-11,12,0.7500,,0.001959,25,25,fire_reached_bot,0,46,24,22,-21,24,0.5000,,0.115684,,-1,fire_reached_bot,0,46,24,22,-21,24,0.5000,,0.212109,-1,,fire_reached_bot,0,46,24,22,-21,24,0.5000,,2.831352,-1,-1,46,0,24,22,,no_path,0,,Bot1|Bot2|Bot3|Bot4,0,1
256,0.80,75,440,1232018688,2548799540,3612,0.642133,502,1307,72-37,46-52,56-73,49,41,62,52,33,31,1,0,1,49,0,,45,0,,,0,walked_into_fire,0,47,47,0,-2,2,0.9592,,0.002907,45,45,fire_reached_bot,0,50,44,6,-4,5,0.8980,,0.039450,,-1,fire_reached_bot,0,50,44,6,-4,5,0.8980,,0.072305,-1,,fire_reached_bot,0,50,44,6,-4,5,0.8980,,4.032616,-1,-1,50,0,44,6,,no_path,0,,Bot1|Bot2|Bot3|Bot4,0,1
257,0.80,75,440,107580103,4254696228,3638,0.646756,494,1325,72-15,40-45,29-23,70,62,85,51,49,33,1,0,1,70,0,,64,0,,,0,walked_into_fire,0,66,66,0,-1,4,0.9429,,0.010694,65,65,fire_reached_bot,0,65,64,1,0,6,0.9143,,0.025281,,-1,fire_reached_bot,0,65,64,1,0,6,0.9143,,0.034658,-1,,fire_reached_bot,0,65,64,1,0,6,0.9143,,6.105379,-1,-1,65,0,64,1,,no_path,0,,Bot1|Bot2|Bot3|Bot4,0,1
258,0.80,75,440,2403017489,1321081877,3632,0.645689,502,1356,25-59,15-60,72-57,21,11,69,49,90,60,0,0,1,21,1,21,104,1,21,83,1,button,1,21,21,0,81,0,1.0000,180,0.000719,-1,-1,button,1,21,21,0,81,0,1.0000,180,0.001617,,-1,button,1,21,21,0,81,0,1.0000,180,0.002148,-1,,button,1,21,21,0,81,0,1.0000,180,0.824768,-1,-1,21,0,0,0,0.4,risk_path,4,Bot1|Bot2|Bot3|Bot4,,1,0
259,0.80,75,440,3247152571,688223439,3631,0.645511,509,1371,69-74,26-34,10-32,85,83,103,101,20,18,1,0,1,85,0,,24,0,,,0,walked_into_fire,0,57,57,0,-32,28,0.6706,,0.006127,25,25,fire_reached_bot,0,92,24,68,-67,61,0.2824,,0.262965,,-1,fire_reached_bot,0,92,24,68,-67,61,0.2824,,0.445410,-1,,fire_reached_bot,0,92,24,68,-67,61,0.2824,,4.368524,-1,-1,92,0,24,68,,no_path,0,,Bot1|Bot2|Bot3|Bot4,0,1
260,0.80,75,440,2786424847,3343057812,3666,0.651733,505,1445,11-26,51-68,14-46,82,82,41,23,65,59,1,0,1,82,0,,86,0,,,0,walked_into_fire,0,41,41,0,-1,41,0.5000,504,0.002792,40,39,fire_reached_bot,0,87,86,1,0,26,0.6829,,0.048967,,39,fire_reached_bot,0,90,86,4,-3,28,0.6585,,0.088773,39,,fire_reached_bot,0,87,86,1,0,26,0.6829,,9.865354,-1,39,87,0,86,1,,no_path,0,,Bot1|Bot2|Bot3|Bot4,0,1
261,0.80,75,440,2797536688,4050217512,3651,0.649067,503,1365,0-14,53-28,35-60,81,67,99,81,54,50,1,0,1,81,0,,62,0,,,0,walked_into_fire,0,73,73,0,-10,8,0.9012,,0.016794,62,62,fire_reached_bot,0,72,61,11,-9,20,0.7531,,0.082457,,-1,fire_reached_bot,0,72,61,11,-9,20,0.7531,,0.116803,-1,,fire_reached_bot,0,72,61,11,-9,20,0.7531,,7.377360,-1,-1,72,0,61,11,,no_path,0,,Bot1|Bot2|Bot3|Bot4,0,1
262,0.80,75,440,3920002231,96578032,3642,0.647467,510,1405,70-17,18-0,22-20,83,69,75,51,30,24,1,0,1,83,0,,32,0,,,0,fire_reached_bot,0,40,40,0,-7,43,0.4819,,0.004864,19,19,fire_reached_bot,0,66,18,48,-33,65,0.2169,,0.209591,,-1,fire_reached_bot,0,66,18,48,-33,65,0.2169,,0.362509,-1,,fire_reached_bot,0,66,18,48,-33,65,0.2169,,2.684156,-1,-1,66,0,18,48,,no_path,0,,Bot1|Bot2|Bot3|Bot4,0,1
263,0.80,75,440,221242311,932793819,3625,0.644444,502,1344,3-28,11-56,64-10,40,36,85,79,113,99,0,0,1,40,1,40,134,1,40,94,1,button,1,40,40,0,92,0,1.0000,507,0.002645,-1,-1,button,1,40,40,0,92,0,1.0000,507,0.006863,,-1,button,1,40,40,0,92,0,1.0000,507,0.009590,-1,,button,1,40,40,0,92,0,1.0000,507,2.351122,19,19,40,0,0,0,0.4,risk_path,4,Bot1|Bot2|Bot3|Bot4,,1,0
264,0.80,75,440,1006815665,3029020804,3650,0.648889,508,1335,0-54,26-44,69-74,48,36,107,89,75,73,0,0,1,48,1,48,90,1,48,42,1,button,1,48,48,0,39,0,1.0000,537,0.003190,-1,-1,button,1,48,48,0,39,0,1.0000,537,0.012639,,-1,button,1,48,48,0,39,0,1.0000,537,0.021055,-1,,button,1,48,48,0,39,0,1.0000,537,3.700149,1,1,48,0,0,0,0.4,risk_path,4,Bot1|Bot2|Bot3|Bot4,,1,0
265,0.80,75,440,3550384,2803946996,3652,0.649244,496,1359,36-68,30-18,50-16,72,56,86,66,32,22,1,0,1,72,0,,39,0,,,0,walked_into_fire,0,54,54,0,-14,18,0.7500,,0.006634,40,40,fire_reached_bot,0,69,39,30,-29,33,0.5417,,0.134229,,-1,fire_reached_bot,0,69,39,30,-29,33,0.5417,,0.214161,-1,,fire_reached_bot,0,69,39,30,-29,33,0.5417,,5.954007,-1,-1,69,0,39,30,,no_path,0,,Bot1|Bot2|Bot3|Bot4,0,1
266,0.80,75,440,1459446169,848544576,3647,0.648356,503,1372,12-53,23-15,51-21,59,49,79,71,36,34,1,0,1,59,0,,42,0,,,0,fire_reached_bot,0,50,50,0,-7,9,0.8475,,0.008786,43,43,fire_reached_bot,0,52,42,10,-9,17,0.7119,,0.050374,,-1,fire_reached_bot,0,52,42,10,-9,17,0.7119,,0.090469,-1,,fire_reached_bot,0,52,42,10,-9,17,0.7119,,4.377297,-1,-1,52,0,42,10,,no_path,0,,Bot1|Bot2|Bot3|Bot4,0,1
267,0.80,75,440,1897333980,3152261953,3618,0.643200,496,1339,34-62,30-66,59-38,10,8,53,49,61,57,0,0,1,10,1,10,71,1,10,61,1,button,1,10,10,0,60,0,1.0000,61,0.000207,-1,-1,button,1,10,10,0,60,0,1.0000,61,0.000359,,-1,button,1,10,10,0,60,0,1.0000,61,0.000474,-1,,button,1,10,10,0,60,0,1.0000,61,0.265385,-1,-1,10,0,0,0,0.4,risk_path,4,Bot1|Bot2|Bot3|Bot4,,1,0
268,0.80,75,440,1652118545,685776228,3653,0.649422,509,1418,3-27,46-74,31-68,92,90,71,69,21,21,1,0,1,92,0,,25,0,,,0,fire_reached_bot,0,37,37,0,-11,55,0.4022,,0.003286,10,10,fire_reached_bot,0,52,24,28,-26,68,0.2609,,0.164965,,-1,fire_reached_bot,0,52,24,28,-26,68,0.2609,,0.269729,-1,,fire_reached_bot,0,52,24,28,-26,68,0.2609,,5.194064,-1,-1,52,0,24,28,,no_path,0,,Bot1|Bot2|Bot3|Bot4,0,1
269,0.80,75,440,943373969,2848700176,3631,0.645511,501,1392,10-22,36-18,37-71,38,30,82,76,72,54,0,0,1,38,1,38,91,1,38,53,1,button,1,38,38,0,53,0,1.0000,531,0.002382,-1,-1,button,1,38,38,0,53,0,1.0000,531,0.006759,,-1,button,1,38,38,0,53,0,1.0000,531,0.008181,-1,,button,1,38,38,0,53,0,1.0000,531,2.390999,1,1,38,0,0,0,0.4,risk_path,4,Bot1|Bot2|Bot3|Bot4,,1,0
270,0.80,75,440,1415906743,1027550563,3643,0.647644,499,1344,71-56,1-44,50-21,96,82,60,56,80,72,1,0,1,96,0,,91,0,,,0,walked_into_fire,0,88,88,0,-1,8,0.9167,3046,0.030487,87,87,fire_reached_bot,0,95,91,4,-3,15,0.8438,,0.086511,,-1,fire_reached_bot,0,95,91,4,-3,15,0.8438,,0.121637,-1,,fire_reached_bot,0,95,91,4,-3,15,0.8438,,8.682645,-1,-1,95,0,91,4,,no_path,0,,Bot1|Bot2|Bot3|Bot4,0,1
271,0.80,75,440,4249967921,3928420346,3633,0.645867,503,1392,3-30,29-44,72-6,50,40,101,93,83,81,0,0,1,50,1,50,100,1,50,50,1,button,1,50,50,0,50,0,1.0000,473,0.002875,-1,-1,button,1,50,50,0,50,0,1.0000,473,0.008520,,-1,button,1,50,50,0,50,0,1.0000,473,0.010202,-1,,button,1,50,50,0,50,0,1.0000,473,4.011033,10,10,50,0,0,0,0.4,risk_path,4,Bot1|Bot2|Bot3|Bot4,,1,0
272,0.80,75,440,3406299465,3246889654,3643,0.647644,495,1345,7-69,26-14,52-56,82,74,64,58,78,68,1,0,1,82,0,,100,1,82,18,1,button,1,82,82,0,14,0,1.0000,2214,0.019487,-1,-1,button,1,82,82,0,14,0,1.0000,2214,0.055835,,-1,button,1,82,82,0,14,0,1.0000,2214,0.066016,-1,,button,1,82,82,0,14,0,1.0000,2214,7.539227,1,1,82,3,0,0,0.6,risk_path,4,Bot1|Bot2|Bot3|Bot4,,1,0
273,0.80,75,440,2347823433,2610306846,3633,0.645867,506,1373,13-74,74-39,46-24,106,96,87,83,55,43,1,0,1,106,0,,62,0,,,0,fire_reached_bot,0,58,58,0,0,48,0.5472,1948,0.013141,56,56,fire_reached_bot,0,62,56,6,0,52,0.5094,2173,0.058409,,-1,fire_reached_bot,0,62,56,6,0,52,0.5094,2173,0.081515,-1,,fire_reached_bot,0,62,56,6,0,52,0.5094,2173,7.537597,-1,-1,62,0,56,6,,no_path,0,,Bot1|Bot2|Bot3|Bot4,0,1
274,0.80,75,440,2266113072,2703714323,3649,0.648711,509,1393,60-40,45-73,70-6,54,48,58,44,108,92,0,0,1,54,1,54,128,1,54,74,1,button,1,54,54,0,70,0,1.0000,465,0.003230,-1,-1,button,1,54,54,0,70,0,1.0000,465,0.012551,,-1,button,1,54,54,0,70,0,1.0000,465,0.014574,-1,,button,1,54,54,0,70,0,1.0000,465,4.688055,-1,-1,54,0,0,0,0.4,risk_path,4,Bot1|Bot2|Bot3|Bot4,,1,0
275,0.80,75,440,572313208,4115807259,3673,0.652978,515,1382,27-14,6-71,71-65,96,78,101,95,101,71,0,0,1,96,1,96,118,1,96,22,1,button,1,96,96,0,22,0,1.0000,2056,0.019541,-1,-1,button,1,96,96,0,22,0,1.0000,2056,0.075742,,-1,button,1,96,96,0,22,0,1.0000,2056,0.091570,-1,,button,1,96,96,0,22,0,1.0000,2056,10.969179,76,76,96,0,0,0,0.4,risk_path,4,Bot1|Bot2|Bot3|Bot4,,1,0
276,0.80,75,440,441933108,3198590936,3653,0.649422,500,1388,16-39,72-3,74-20,98,92,85,77,29,19,1,0,1,98,0,,36,0,,,0,fire_reached_bot,0,53,53,0,-16,45,0.5408,,0.005168,32,32,fire_reached_bot,0,81,31,50,-44,67,0.3163,,0.240686,,-1,fire_reached_bot,0,81,31,50,-44,67,0.3163,,0.424992,-1,,fire_reached_bot,0,81,31,50,-44,67,0.3163,,6.857537,-1,-1,81,0,31,50,,no_path,0,,Bot1|Bot2|Bot3|Bot4,0,1
277,0.80,75,440,3418122606,1333948928,3641,0.647289,508,1374,47-46,22-43,66-36,32,28,37,29,67,51,0,0,1,32,1,32,78,1,32,46,1,button,1,32,32,0,43,0,1.0000,408,0.001549,-1,-1,button,1,32,32,0,43,0,1.0000,408,0.003639,,-1,button,1,32,32,0,43,0,1.0000,408,0.004720,-1,,button,1,32,32,0,43,0,1.0000,408,1.853138,-1,-1,32,0,0,0,0.4,risk_path,4,Bot1|Bot2|Bot3|Bot4,,1,0
278,0.80,75,440,2893733061,2995401778,3638,0.646756,510,1380,32-62,48-27,5-67,57,51,48,32,89,83,0,0,1,57,1,57,99,1,57,42,1,button,1,57,57,0,40,0,1.0000,721,0.004090,-1,-1,button,1,57,57,0,40,0,1.0000,721,0.016324,,-1,button,1,57,57,0,40,0,1.0000,721,0.018343,-1,,button,1,57,57,0,40,0,1.0000,721,5.230310,22,22,57,0,0,0,0.4,risk_path,4,Bot1|Bot2|Bot3|Bot4,,1,0
279,0.80,75,440,3773649777,926245506,3628,0.644978,495,1368,32-63,60-72,25-22,47,37,60,48,87,85,0,0,1,47,1,47,103,1,47,56,1,button,1,47,47,0,52,0,1.0000,1267,0.005655,-1,-1,button,1,47,47,0,52,0,1.0000,1267,0.014166,,-1,button,1,47,47,0,52,0,1.0000,1267,0.018935,-1,,button,1,47,47,0,52,0,1.0000,1267,3.758387,7,7,47,0,0,0,0.4,risk_path,4,Bot1|Bot2|Bot3|Bot4,,1,0
280,0.80,75,440,2985125786,3442015289,3635,0.646222,507,1348,28-4,7-3,50-1,34,22,41,25,63,45,0,0,1,34,1,34,78,1,34,44,1,button,1,34,34,0,36,0,1.0000,275,0.001116,-1,-1,button,1,34,34,0,36,0,1.0000,275,0.004577,,-1,button,1,34,34,0,36,0,1.0000,275,0.004416,-1,,button,1,34,34,0,36,0,1.0000,275,2.046289,-1,-1,34,0,0,0,0.4,risk_path,4,Bot1|Bot2|Bot3|Bot4,,1,0
281,0.80,75,440,2521516864,696713569,3648,0.648533,502,1389,44-7,32-14,41-1,25,19,11,9,28,22,0,0,1,25,1,25,37,1,25,12,1,button,1,25,25,0,7,0,1.0000,210,0.000766,-1,-1,button,1,25,25,0,7,0,1.0000,210,0.002690,,-1,button,1,25,25,0,7,0,1.0000,210,0.002812,-1,,button,1,25,25,0,7,0,1.0000,210,1.182368,-1,-1,25,0,0,0,0.4,risk_path,4,Bot1|Bot2|Bot3|Bot4,,1,0
282,0.80,75,440,3512670226,3470638926,3653,0.649422,513,1374,59-63,33-58,21-65,53,31,74,40,31,19,1,0,1,53,0,,35,0,,,0,walked_into_fire,0,42,42,0,-6,11,0.7925,,0.003929,35,35,fire_reached_bot,0,49,34,15,-13,19,0.6415,,0.085428,,-1,fire_reached_bot,0,49,34,15,-13,19,0.6415,,0.149452,-1,,fire_reached_bot,0,49,34,15,-13,19,0.6415,,3.945319,-1,-1,49,0,34,15,,no_path,0,,Bot1|Bot2|Bot3|Bot4,0,1
283,0.80,75,440,139254943,2871586275,3638,0.646756,499,1382,4-42,66-69,7-3,103,89,60,42,127,125,0,0,1,103,1,103,141,1,103,38,1,button,1,103,103,0,31,0,1.0000,2271,0.024056,-1,-1,button,1,103,103,0,31,0,1.0000,2271,0.084049,,-1,button,1,103,103,0,31,0,1.0000,2271,0.108826,-1,,button,1,103,103,0,31,0,1.0000,2271,11.496979,38,38,103,0,0,0,0.4,risk_path,4,Bot1|Bot2|Bot3|Bot4,,1,0
284,0.80,75,440,2016013904,2387887068,3654,0.649600,510,1422,62-39,27-35,2-37,59,39,92,62,39,27,1,0,1,59,0,,44,0,,,0,walked_into_fire,0,50,50,0,-5,9,0.8475,,0.005099,43,43,fire_reached_bot,0,58,42,16,-13,17,0.7119,,0.082891,,-1,fire_reached_bot,0,58,42,16,-13,17,0.7119,,0.141435,-1,,fire_reached_bot,0,58,42,16,-13,17,0.7119,,5.224610,-1,-1,58,0,42,16,,no_path,0,,Bot1|Bot2|Bot3|Bot4,0,1
285,0.80,75,440,2152869414,3950020351,3662,0.651022,509,1413,46-68,12-66,41-41,46,36,40,32,58,54,0,0,1,46,1,46,69,1,46,23,1,button,1,46,46,0,23,0,1.0000,1138,0.004952,-1,-1,button,1,46,46,0,23,0,1.0000,1138,0.011625,,-1,button,1,46,46,0,23,0,1.0000,1138,0.015961,-1,,button,1,46,46,0,23,0,1.0000,1138,3.074076,34,34,46,0,0,0,0.4,risk_path,4,Bot1|Bot2|Bot3|Bot4,,1,0
286,0.80,75,440,1157899962,1993066084,3639,0.646933,494,1362,35-40,45-7,36-3,55,43,56,38,15,13,1,0,1,55,0,,19,0,,,0,fire_reached_bot,0,30,30,0,-10,25,0.5455,,0.001735,19,18,fire_reached_bot,0,47,19,28,-27,38,0.3091,,0.161662,,18,fire_reached_bot,0,48,19,29,-28,38,0.3091,,0.291888,18,,fire_reached_bot,0,47,19,28,-27,38,0.3091,,3.374538,-1,18,47,0,19,28,,no_path,0,,Bot1|Bot2|Bot3|Bot4,0,1
287,0.80,75,440,3991210846,343377854,3657,0.650133,514,1363,38-53,25-9,44-54,67,57,19,7,86,64,0,0,1,67,1,67,100,1,67,33,1,button,1,67,67,0,23,0,1.0000,1701,0.010834,-1,-1,button,1,67,67,0,23,0,1.0000,1701,0.032761,,-1,button,1,67,67,0,23,0,1.0000,1701,0.056383,-1,,button,1,67,67,0,23,0,1.0000,1701,5.792578,65,65,67,0,0,0,0.4,risk_path,4,Bot1|Bot2|Bot3|Bot4,,1,0
288,0.80,75,440,3830897319,2464422491,3661,0.650844,511,1430,65-37,32-41,39-55,47,37,46,44,33,21,1,0,1,47,0,,39,0,,,0,walked_into_fire,0,31,31,0,-1,16,0.6596,588,0.002156,31,30,fire_reached_bot,0,40,37,3,0,24,0.4894,,0.023919,,30,fire_reached_bot,0,43,37,6,-3,26,0.4468,,0.067928,30,,fire_reached_bot,0,40,37,3,0,24,0.4894,,3.579937,-1,30,40,0,37,3,,no_path,0,,Bot1|Bot2|Bot3|Bot4,0,1
289,0.80,75,440,718415510,2147925118,3645,0.648000,499,1380,34-46,50-13,2-73,57,49,61,59,118,108,0,0,1,57,1,57,134,1,57,77,1,button,1,57,57,0,70,0,1.0000,492,0.003404,-1,-1,button,1,57,57,0,70,0,1.0000,492,0.012222,,-1,button,1,57,57,0,70,0,1.0000,492,0.015178,-1,,button,1,57,57,0,70,0,1.0000,492,5.260005,3,3,57,0,0,0,0.4,risk_path,4,Bot1|Bot2|Bot3|Bot4,,1,0
290,0.80,75,440,3810450922,1091198838,3649,0.648711,509,1393,38-31,8-34,21-59,45,33,45,45,44,38,1,0,1,45,0,,52,1,45,7,1,button,1,45,45,0,7,0,1.0000,1098,0.005444,-1,-1,button,1,45,45,0,7,0,1.0000,1098,0.011826,,-1,button,1,45,45,0,7,0,1.0000,1098,0.016720,-1,,button,1,45,45,0,7,0,1.0000,1098,3.126118,-1,-1,45,0,0,0,0.4,risk_path,4,Bot1|Bot2|Bot3|Bot4,,1,0
291,0.80,75,440,488650922,3463263512,3635,0.646222,503,1370,28-52,57-36,37-65,51,45,30,22,53,49,0,0,1,51,1,51,62,1,51,11,1,button,1,51,51,0,6,0,1.0000,951,0.004365,-1,-1,button,1,51,51,0,6,0,1.0000,951,0.012378,,-1,button,1,51,51,0,6,0,1.0000,951,0.016757,-1,,button,1,51,51,0,6,0,1.0000,951,4.374295,1,1,51,0,0,0,0.4,risk_path,4,Bot1|Bot2|Bot3|Bot4,,1,0
292,0.80,75,440,1069063252,2129452804,3641,0.647289,498,1356,46-5,62-39,70-24,56,50,59,43,23,23,1,0,1,56,0,,28,0,,,0,walked_into_fire,0,32,32,0,-3,24,0.5714,,0.001404,26,26,fire_reached_bot,0,39,25,14,-10,31,0.4464,,0.076930,,-1,fire_reached_bot,0,39,25,14,-10,31,0.4464,,0.163497,-1,,fire_reached_bot,0,39,25,14,-10,31,0.4464,,3.586612,-1,-1,39,0,25,14,,no_path,0,,Bot1|Bot2|Bot3|Bot4,0,1
293,0.80,75,440,2939677069,3588486604,3656,0.649956,511,1377,31-9,16-62,11-71,74,68,88,82,14,14,1,0,1,74,0,,16,0,,,0,fire_reached_bot,0,48,48,0,-31,26,0.6486,,0.004086,17,17,fire_reached_bot,0,87,16,71,-70,58,0.2162,,0.317704,,-1,fire_reached_bot,0,87,16,71,-70,58,0.2162,,0.605946,-1,,fire_reached_bot,0,87,16,71,-70,58,0.2162,,3.427061,-1,-1,87,0,16,71,,no_path,0,,Bot1|Bot2|Bot3|Bot4,0,1
294,0.80,75,440,3448987124,1070658387,3646,0.648178,504,1370,1-64,0-32,53-31,51,33,87,85,68,54,0,0,1,51,1,51,77,1,51,26,1,button,1,51,51,0,26,0,1.0000,1451,0.007510,-1,-1,button,1,51,51,0,26,0,1.0000,1451,0.014598,,-1,button,1,51,51,0,26,0,1.0000,1451,0.022699,-1,,button,1,51,51,0,26,0,1.0000,1451,3.326944,-1,-1,51,0,0,0,0.4,risk_path,4,Bot1|Bot2|Bot3|Bot4,,1,0
295,0.80,75,440,3957383876,3993555280,3636,0.646400,488,1349,43-23,34-19,37-37,15,13,26,20,23,21,0,0,1,15,1,15,27,1,15,12,1,button,1,15,15,0,11,0,1.0000,121,0.000325,-1,-1,button,1,15,15,0,11,0,1.0000,121,0.000650,,-1,button,1,15,15,0,11,0,1.0000,121,0.000898,-1,,button,1,15,15,0,11,0,1.0000,121,0.454476,-1,-1,15,0,0,0,0.4,risk_path,4,Bot1|Bot2|Bot3|Bot4,,1,0
296,0.80,75,440,1682334534,1630947947,3617,0.643022,503,1320,22-65,9-42,33-4,52,36,102,72,66,62,0,0,1,52,1,52,87,1,52,35,1,button,1,52,52,0,35,0,1.0000,849,0.004727,-1,-1,button,1,52,52,0,35,0,1.0000,849,0.013615,,-1,button,1,52,52,0,35,0,1.0000,849,0.017881,-1,,button,1,52,52,0,35,0,1.0000,849,3.823549,47,47,52,0,0,0,0.4,risk_path,4,Bot1|Bot2|Bot3|Bot4,,1,0
297,0.80,75,440,3826954389,2667375914,3627,0.644800,504,1383,45-29,20-58,24-32,58,54,32,24,34,30,1,0,1,58,0,,43,0,,,0,fire_reached_bot,0,17,17,0,0,41,0.2931,155,0.001017,11,11,fire_reached_bot,0,47,43,4,-3,47,0.1897,,0.038993,,28,fire_reached_bot,0,49,43,6,-5,45,0.2241,,0.074142,28,,fire_reached_bot,0,47,43,4,-3,47,0.1897,,5.236686,-1,28,47,0,43,4,,no_path,0,,Bot1|Bot2|Bot3|Bot4,0,1
298,0.80,75,440,1463647553,2324460761,3676,0.653511,516,1382,7-73,14-7,18-37,113,73,73,47,48,34,1,0,1,113,0,,58,0,,,0,walked_into_fire,0,43,43,0,-1,70,0.3805,678,0.004057,41,40,fire_reached_bot,0,60,58,2,-1,91,0.1947,,0.109718,,40,fire_reached_bot,0,63,58,5,-4,93,0.1770,,0.144327,40,,fire_reached_bot,0,60,58,2,-1,91,0.1947,,9.899143,-1,40,60,0,58,2,,no_path,0,,Bot1|Bot2|Bot3|Bot4,0,1
299,0.80,75,440,290523079,465395590,3655,0.649778,518,1381,69-18,62-58,22-38,57,47,77,67,66,60,0,0,1,57,1,57,84,1,57,27,1,button,1,57,57,0,27,0,1.0000,1611,0.008663,-1,-1,button,1,57,57,0,27,0,1.0000,1611,0.018058,,-1,button,1,57,57,0,27,0,1.0000,1611,0.028097,-1,,button,1,57,57,0,27,0,1.0000,1611,3.924617,-1,-1,57,0,0,0,0.4,risk_path,4,Bot1|Bot2|Bot3|Bot4,,1,0
300,0.80,75,440,2918341021,4123951292,3643,0.647644,507,1388,3-20,42-65,72-2,98,84,121,87,103,93,0,0,1,98,1,98,124,1,98,26,1,button,1,98,98,0,26,0,1.0000,1565,0.015589,-1,-1,button,1,98,98,0,26,0,1.0000,1565,0.075230,,-1,button,1,98,98,0,26,0,1.0000,1565,0.085840,-1,,button,1,98,98,0,26,0,1.0000,1565,10.855635,17,17,98,0,0,0,0.4,risk_path,4,Bot1|Bot2|Bot3|Bot4,,1,0
301,0.80,75,440,1819333381,488089373,3635,0.646222,494,1346,46-31,45-39,54-54,11,9,35,31,24,24,0,0,1,11,1,11,26,1,11,15,1,button,1,11,11,0,15,0,1.0000,75,0.000226,-1,-1,button,1,11,11,0,15,0,1.0000,75,0.000366,,-1,button,1,11,11,0,15,0,1.0000,75,0.000507,-1,,button,1,11,11,0,15,0,1.0000,75,0.279304,-1,-1,11,0,0,0,0.4,risk_path,4,Bot1|Bot2|Bot3|Bot4,,1,0
302,0.80,75,440,1770019578,3777455532,3626,0.644622,501,1376,59-48,49-47,28-6,21,11,73,73,64,62,0,0,1,21,1,21,71,1,21,50,1,button,1,21,21,0,50,0,1.0000,171,0.000547,-1,-1,button,1,21,21,0,50,0,1.0000,171,0.001317,,-1,button,1,21,21,0,50,0,1.0000,171,0.001693,-1,,button,1,21,21,0,50,0,1.0000,171,0.802744,8,8,21,0,0,0,0.4,risk_path,4,Bot1|Bot2|Bot3|Bot4,,1,0
303,0.80,75,440,1560084379,2039133605,3629,0.645156,497,1345,39-25,1-70,74-53,97,83,69,63,96,90,1,0,1,97,0,,116,1,97,19,1,button,1,97,97,0,9,0,1.0000,2495,0.026390,-1,-1,button,1,97,97,0,9,0,1.0000,2495,0.072756,,-1,button,1,97,97,0,9,0,1.0000,2495,0.112160,-1,,button,1,97,97,0,9,0,1.0000,2495,9.378164,-1,-1,97,0,0,0,0.4,risk_path,4,Bot1|Bot2|Bot3|Bot4,,1,0
304,0.80,75,440,3262132408,1721014697,3658,0.650311,496,1385,65-54,0-53,27-37,96,66,59,55,49,43,1,0,1,96,0,,55,0,,,0,fire_reached_bot,0,43,43,0,0,53,0.4479,1027,0.005769,43,43,fire_reached_bot,0,47,44,3,0,56,0.4167,1264,0.059046,,-1,fire_reached_bot,0,47,44,3,0,56,0.4167,1264,0.075510,-1,,fire_reached_bot,0,47,44,3,0,56,0.4167,1264,6.024784,-1,-1,47,0,44,3,,no_path,0,,Bot1|Bot2|Bot3|Bot4,0,1
305,0.80,75,440,77630353,3086096505,3634,0.646044,490,1370,32-73,64-44,11-31,65,61,67,63,74,66,0,0,1,65,1,65,86,1,65,21,1,button,1,65,65,0,19,0,1.0000,1606,0.009699,-1,-1,button,1,65,65,0,19,0,1.0000,1606,0.020497,,-1,button,1,65,65,0,19,0,1.0000,1606,0.032995,-1,,button,1,65,65,0,19,0,1.0000,1606,5.158508,9,9,65,0,0,0,0.4,risk_path,4,Bot1|Bot2|Bot3|Bot4,,1,0
306,0.80,75,440,3978666814,258631395,3644,0.647822,494,1394,3-14,7-13,33-47,15,5,73,63,68,60,0,0,1,15,1,15,83,1,15,68,1,button,1,15,15,0,68,0,1.0000,134,0.000347,-1,-1,button,1,15,15,0,68,0,1.0000,134,0.000769,,-1,button,1,15,15,0,68,0,1.0000,134,0.001009,-1,,button,1,15,15,0,68,0,1.0000,134,0.481486,-1,-1,15,0,0,0,0.4,risk_path,4,Bot1|Bot2|Bot3|Bot4,,1,0
307,0.80,75,440,1680995527,3003881739,3653,0.649422,507,1391,65-55,74-12,61-23,66,52,44,36,24,24,1,0,1,66,0,,25,0,,,0,fire_reached_bot,0,24,24,0,0,42,0.3636,324,0.001510,21,21,fire_reached_bot,0,29,20,9,-3,46,0.3030,,0.065459,,-1,fire_reached_bot,0,29,20,9,-3,46,0.3030,,0.123373,-1,,fire_reached_bot,0,29,20,9,-3,46,0.3030,,3.395371,-1,-1,29,0,20,9,,no_path,0,,Bot1|Bot2|Bot3|Bot4,0,1
308,0.80,75,440,3117523694,2309348517,3656,0.649956,515,1390,15-41,1-38,23-35,31,17,14,14,39,25,0,0,1,31,1,31,44,1,31,13,1,button,1,31,31,0,8,0,1.0000,597,0.001913,-1,-1,button,1,31,31,0,8,0,1.0000,597,0.003810,,-1,button,1,31,31,0,8,0,1.0000,597,0.005916,-1,,button,1,31,31,0,8,0,1.0000,597,1.529706,-1,-1,31,0,0,0,0.4,risk_path,4,Bot1|Bot2|Bot3|Bot4,,1,0
309,0.80,75,440,2835355592,297263676,3627,0.644800,500,1373,11-50,68-37,68-60,86,70,97,67,41,23,1,0,1,86,0,,53,0,,,0,fire_reached_bot,0,57,57,0,-3,29,0.6628,,0.005142,53,53,fire_reached_bot,0,60,52,8,-6,34,0.6047,,0.077385,,-1,fire_reached_bot,0,60,52,8,-6,34,0.6047,,0.108984,-1,,fire_reached_bot,0,60,52,8,-6,34,0.6047,,9.894508,-1,-1,60,0,52,8,,no_path,0,,Bot1|Bot2|Bot3|Bot4,0,1
310,0.80,75,440,2898697772,2994729344,3622,0.643911,510,1334,29-24,19-52,44-21,56,38,22,18,58,56,0,0,1,56,1,56,72,1,56,16,1,button,1,56,56,0,14,0,1.0000,1856,0.010783,-1,-1,button,1,56,56,0,14,0,1.0000,1856,0.026591,,-1,button,1,56,56,0,14,0,1.0000,1856,0.036895,-1,,button,1,56,56,0,14,0,1.0000,1856,3.785222,-1,-1,56,0,0,0,0.4,risk_path,4,Bot1|Bot2|Bot3|Bot4,,1,0
311,0.80,75,440,1005567868,222496869,3643,0.647644,506,1381,16-45,13-59,40-62,35,17,65,41,50,30,0,0,1,35,1,35,59,1,35,24,1,button,1,35,35,0,24,0,1.0000,429,0.001585,-1,-1,button,1,35,35,0,24,0,1.0000,429,0.004635,,-1,button,1,35,35,0,24,0,1.0000,429,0.005772,-1,,button,1,35,35,0,24,0,1.0000,429,2.022959,-1,-1,35,0,0,0,0.4,risk_path,4,Bot1|Bot2|Bot3|Bot4,,1,0
312,0.80,75,440,3042795674,2137903543,3656,0.649956,523,1394,37-7,45-46,3-20,65,47,55,47,74,68,0,0,1,65,1,65,88,1,65,23,1,button,1,65,65,0,21,0,1.0000,998,0.007076,-1,-1,button,1,65,65,0,21,0,1.0000,998,0.020240,,-1,button,1,65,65,0,21,0,1.0000,998,0.025538,-1,,button,1,65,65,0,23,0,1.0000,998,6.035009,39,39,65,0,0,0,0.4,risk_path,4,Bot1|Bot2|Bot3|Bot4,,1,0
313,0.80,75,440,1246630585,1554748669,3644,0.647822,515,1381,70-15,74-36,60-13,39,25,58,12,53,37,0,0,1,39,1,39,65,1,39,26,1,button,1,39,39,0,25,0,1.0000,377,0.001727,-1,-1,button,1,39,39,0,25,0,1.0000,377,0.006612,,-1,button,1,39,39,0,25,0,1.0000,377,0.007161,-1,,button,1,39,39,0,25,0,1.0000,377,2.642501,25,25,39,0,0,0,0.4,risk_path,4,Bot1|Bot2|Bot3|Bot4,,1,0
314,0.80,75,440,2358439391,771830428,3651,0.649067,506,1369,54-13,45-40,7-28,40,36,82,62,62,50,0,0,1,40,1,40,72,1,40,32,1,button,1,40,40,0,31,0,1.0000,363,0.001414,-1,-1,button,1,40,40,0,31,0,1.0000,363,0.004753,,-1,button,1,40,40,0,31,0,1.0000,363,0.005623,-1,,button,1,40,40,0,31,0,1.0000,363,2.811618,-1,-1,40,0,0,0,0.4,risk_path,4,Bot1|Bot2|Bot3|Bot4,,1,0
315,0.80,75,440,773523320,1401553363,3618,0.643200,495,1376,24-48,24-35,13-9,19,13,58,50,53,37,0,0,1,19,1,19,60,1,19,41,1,button,1,19,19,0,40,0,1.0000,221,0.000602,-1,-1,button,1,19,19,0,40,0,1.0000,221,0.001278,,-1,button,1,19,19,0,40,0,1.0000,221,0.001805,-1,,button,1,19,19,0,40,0,1.0000,221,0.742017,6,6,19,0,0,0,0.4,risk_path,4,Bot1|Bot2|Bot3|Bot4,,1,0
316,0.80,75,440,1738134723,2008269550,3615,0.642667,493,1361,13-28,74-55,16-9,92,88,34,22,108,104,0,0,1,92,1,92,129,1,92,37,1,button,1,92,92,0,23,0,1.0000,2210,0.022390,-1,-1,button,1,92,92,0,23,0,1.0000,2210,0.059864,,-1,button,1,92,92,0,23,0,1.0000,2210,0.081854,-1,,button,1,92,92,0,23,0,1.0000,2210,8.880612,15,15,92,0,0,0,0.4,risk_path,4,Bot1|Bot2|Bot3|Bot4,,1,0
317,0.80,75,440,979263756,953799673,3669,0.652267,502,1402,13-59,8-50,29-50,16,14,31,25,31,21,0,0,1,16,1,16,35,1,16,19,1,button,1,16,16,0,19,0,1.0000,109,0.000340,-1,-1,button,1,16,16,0,19,0,1.0000,109,0.000659,,-1,button,1,16,16,0,19,0,1.0000,109,0.000890,-1,,button,1,16,16,0,19,0,1.0000,109,0.513471,-1,-1,16,0,0,0,0.4,risk_path,4,Bot1|Bot2|Bot3|Bot4,,1,0
318,0.80,75,440,1739095726,662417193,3613,0.642311,484,1308,66-39,40-23,28-18,42,42,59,59,17,17,1,0,1,42,0,,17,0,,,0,fire_reached_bot,0,31,31,0,-13,11,0.7381,,0.001708,18,18,fire_reached_bot,0,49,17,32,-31,25,0.4048,,0.137043,,-1,fire_reached_bot,0,49,17,32,-31,25,0.4048,,0.285905,-1,,fire_reached_bot,0,49,17,32,-31,25,0.4048,,1.945131,-1,-1,49,0,17,32,,no_path,0,,Bot1|Bot2|Bot3|Bot4,0,1
319,0.80,75,440,868483726,487361327,3650,0.648889,508,1404,55-23,16-9,32-68,67,53,68,68,83,75,0,0,1,67,1,67,97,1,67,30,1,button,1,67,67,0,30,0,1.0000,1842,0.013606,-1,-1,button,1,67,67,0,30,0,1.0000,1842,0.030253,,-1,button,1,67,67,0,30,0,1.0000,1842,0.045673,-1,,button,1,67,67,0,30,0,1.0000,1842,5.254899,-1,-1,67,0,0,0,0.4,risk_path,4,Bot1|Bot2|Bot3|Bot4,,1,0
320,0.80,75,440,780381394,1436591598,3617,0.643022,490,1335,61-29,72-65,25-35,67,47,64,42,83,77,0,0,1,67,1,67,102,1,67,35,1,button,1,67,67,0,32,0,1.0000,2206,0.015702,-1,-1,button,1,67,67,0,32,0,1.0000,2206,0.032792,,-1,button,1,67,67,0,32,0,1.0000,2206,0.049899,-1,,button,1,67,67,0,32,0,1.0000,2206,5.263610,9,9,67,0,0,0,0.4,risk_path,4,Bot1|Bot2|Bot3|Bot4,,1,0
321,0.80,75,440,3438593776,3903306868,3635,0.646222,502,1352,60-59,50-8,12-9,89,61,106,98,51,39,1,0,1,89,0,,60,0,,,0,walked_into_fire,0,67,67,0,-6,22,0.7528,,0.010809,61,61,fire_reached_bot,0,73,60,13,-12,29,0.6742,,0.083780,,-1,fire_reached_bot,0,73,60,13,-12,29,0.6742,,0.136750,-1,,fire_reached_bot,0,73,60,13,-12,29,0.6742,,8.788924,-1,-1,73,0,60,13,,no_path,0,,Bot1|Bot2|Bot3|Bot4,0,1
322,0.80,75,440,3986935069,3858830174,3609,0.641600,489,1337,31-41,40-34,16-58,18,16,38,32,56,48,0,0,1,18,1,18,67,1,18,49,1,button,1,18,18,0,46,0,1.0000,149,0.000410,-1,-1,button,1,18,18,0,46,0,1.0000,149,0.001018,,-1,button,1,18,18,0,46,0,1.0000,149,0.001313,-1,,button,1,18,18,0,46,0,1.0000,149,0.606788,4,4,18,0,0,0,0.4,risk_path,4,Bot1|Bot2|Bot3|Bot4,,1,0
323,0.80,75,440,509776406,2567658253,3634,0.646044,501,1378,47-21,69-44,53-74,53,45,81,59,48,46,1,0,1,53,0,,55,1,53,2,1,button,1,53,53,0,1,0,1.0000,597,0.003610,-1,-1,button,1,53,53,0,1,0,1.0000,597,0.011396,,-1,button,1,53,53,0,1,0,1.0000,597,0.016870,-1,,button,1,53,53,0,1,0,1.0000,597,4.796484,35,35,53,47,4,0,0.99,risk_path,4,Bot1|Bot2|Bot3|Bot4,,1,0
324,0.80,75,440,1895927736,3210878789,3644,0.647822,498,1357,21-58,33-29,37-60,47,41,24,18,53,35,0,0,1,47,1,47,63,1,47,16,1,button,1,47,47,0,12,0,1.0000,998,0.004679,-1,-1,button,1,47,47,0,12,0,1.0000,998,0.011515,,-1,button,1,47,47,0,12,0,1.0000,998,0.018355,-1,,button,1,47,47,0,12,0,1.0000,998,3.160931,1,1,47,0,0,0,0.4,risk_path,4,Bot1|Bot2|Bot3|Bot4,,1,0
325,0.80,75,440,75942277,1867417450,3633,0.645867,498,1373,42-69,9-37,54-41,67,65,52,40,73,49,0,0,1,67,1,67,82,1,67,15,1,button,1,67,67,0,15,0,1.0000,2006,0.013616,-1,-1,button,1,67,67,0,15,0,1.0000,2006,0.031109,,-1,button,1,67,67,0,15,0,1.0000,2006,0.045335,-1,,button,1,67,67,0,15,0,1.0000,2006,4.955864,-1,-1,67,0,0,0,0.4,risk_path,4,Bot1|Bot2|Bot3|Bot4,,1,0
326,0.80,75,440,4250529820,1484301454,3643,0.647644,502,1368,33-23,2-23,69-51,49,31,74,64,107,95,0,0,1,49,1,49,125,1,49,76,1,button,1,49,49,0,70,0,1.0000,705,0.003871,-1,-1,button,1,49,49,0,70,0,1.0000,705,0.013255,,-1,button,1,49,49,0,70,0,1.0000,705,0.016028,-1,,button,1,49,49,0,70,0,1.0000,705,4.012940,-1,-1,49,0,0,0,0.4,risk_path,4,Bot1|Bot2|Bot3|Bot4,,1,0
327,0.80,75,440,3071567326,2258578127,3628,0.644978,495,1351,17-29,32-6,61-47,52,38,68,62,86,70,0,0,1,52,1,52,96,1,52,44,1,button,1,52,52,0,42,0,1.0000,1201,0.007071,-1,-1,button,1,52,52,0,42,0,1.0000,1201,0.020156,,-1,button,1,52,52,0,42,0,1.0000,1201,0.027375,-1,,button,1,52,52,0,42,0,1.0000,1201,3.771590,-1,-1,52,0,0,0,0.4,risk_path,4,Bot1|Bot2|Bot3|Bot4,,1,0
328,0.80,75,440,407302120,1091993989,3642,0.647467,494,1375,69-30,27-56,9-73,68,68,105,103,41,35,1,0,1,68,0,,53,0,,,0,walked_into_fire,0,59,59,0,-5,9,0.8676,,0.004307,54,54,fire_reached_bot,0,66,53,13,-12,15,0.7794,,0.070663,,-1,fire_reached_bot,0,66,53,13,-12,15,0.7794,,0.133896,-1,,fire_reached_bot,0,66,53,13,-12,15,0.7794,,7.326781,-1,-1,66,0,53,13,,no_path,0,,Bot1|Bot2|Bot3|Bot4,0,1
329,0.80,75,440,403694093,443635467,3638,0.646756,512,1379,43-13,3-72,5-9,105,99,52,42,99,65,1,0,1,105,0,,110,1,105,5,0,walked_into_fire,0,45,45,0,-1,60,0.4286,612,0.003790,45,44,fire_reached_bot,0,53,53,0,0,54,0.4857,832,0.041197,,44,fire_reached_bot,0,53,53,0,0,54,0.4857,832,0.050035,44,,button,1,105,105,0,1,0,1.0000,2471,12.576396,41,41,105,34,16,0,0.99,risk_path,1,Bot4,Bot1|Bot2|Bot3,0,0
330,0.80,75,440,2933929372,24815168,3657,0.650133,506,1413,16-47,12-13,7-1,58,38,71,55,21,17,1,0,1,58,0,,27,0,,,0,fire_reached_bot,0,44,44,0,-16,14,0.7586,,0.002396,27,27,fire_reached_bot,0,57,26,31,-29,32,0.4483,,0.157146,,-1,fire_reached_bot,0,57,26,31,-29,32,0.4483,,0.300959,-1,,fire_reached_bot,0,57,26,31,-29,32,0.4483,,3.708421,-1,-1,57,0,26,31,,no_path,0,,Bot1|Bot2|Bot3|Bot4,0,1
331,0.80,75,440,571489985,3669167757,3662,0.651022,499,1410,27-33,16-4,24-50,66,40,26,20,70,54,0,0,1,66,1,66,85,1,66,19,1,button,1,66,66,0,5,0,1.0000,2153,0.016545,-1,-1,button,1,66,66,0,5,0,1.0000,2153,0.039299,,-1,button,1,66,66,0,5,0,1.0000,2153,0.049779,-1,,button,1,66,66,0,5,0,1.0000,2153,4.666513,-1,-1,66,0,0,0,0.4,risk_path,4,Bot1|Bot2|Bot3|Bot4,,1,0
332,0.80,75,440,2718824820,2814868908,3642,0.647467,500,1367,69-72,7-71,1-31,107,63,123,109,68,46,1,0,1,107,0,,83,0,,,0,walked_into_fire,0,94,94,0,-10,13,0.8785,,0.019161,84,84,fire_reached_bot,0,105,83,22,-21,24,0.7757,,0.111787,,-1,fire_reached_bot,0,105,83,22,-21,24,0.7757,,0.168579,-1,,fire_reached_bot,0,105,83,22,-21,24,0.7757,,11.773777,-1,-1,105,0,83,22,,no_path,0,,Bot1|Bot2|Bot3|Bot4,0,1
333,0.80,75,440,1458069241,3379700867,3616,0.642844,488,1368,54-44,9-44,37-18,71,45,51,43,70,54,1,0,1,71,0,,86,1,71,15,1,button,1,71,71,0,11,0,1.0000,2089,0.015319,-1,-1,button,1,71,71,0,11,0,1.0000,2089,0.048105,,-1,button,1,71,71,0,11,0,1.0000,2089,0.056995,-1,,button,1,71,71,0,11,0,1.0000,2089,5.813832,-1,-1,71,0,0,0,0.4,risk_path,4,Bot1|Bot2|Bot3|Bot4,,1,0
334,0.80,75,440,110822976,411924728,3637,0.646578,500,1351,9-14,47-13,64-72,57,39,113,113,90,76,0,0,1,57,1,57,103,1,57,46,1,button,1,57,57,0,45,0,1.0000,685,0.004989,-1,-1,button,1,57,57,0,45,0,1.0000,685,0.014002,,-1,button,1,57,57,0,45,0,1.0000,685,0.017128,-1,,button,1,57,57,0,45,0,1.0000,685,4.877211,30,30,57,0,0,0,0.4,risk_path,4,Bot1|Bot2|Bot3|Bot4,,1,0
335,0.80,75,440,3526644172,994635310,3650,0.648889,506,1412,56-5,54-63,8-20,98,60,75,63,97,89,1,0,1,98,0,,109,1,98,11,1,button,1,98,98,0,11,0,1.0000,2550,0.034416,-1,-1,button,1,98,98,0,11,0,1.0000,2550,0.098618,,-1,button,1,98,98,0,11,0,1.0000,2550,0.129795,-1,,button,1,98,98,0,11,0,1.0000,2550,9.372521,-1,-1,98,0,0,0,0.4,risk_path,4,Bot1|Bot2|Bot3|Bot4,,1,0
336,0.80,75,440,1087217453,2269991397,3621,0.643733,494,1334,22-61,69-15,6-53,93,93,28,24,111,101,0,0,1,93,1,93,132,1,93,39,1,button,1,93,93,0,27,0,1.0000,2230,0.033516,-1,-1,button,1,93,93,0,27,0,1.0000,2230,0.050565,,-1,button,1,93,93,0,27,0,1.0000,2230,0.069718,-1,,button,1,93,93,0,28,0,1.0000,2230,8.990397,9,9,93,0,0,0,0.4,risk_path,4,Bot1|Bot2|Bot3|Bot4,,1,0
337,0.80,75,440,4182190525,591908680,3630,0.645333,507,1374,56-6,63-6,60-53,15,7,63,51,64,50,0,0,1,15,1,15,71,1,15,56,1,button,1,15,15,0,56,0,1.0000,126,0.000557,-1,-1,button,1,15,15,0,56,0,1.0000,126,0.000731,,-1,button,1,15,15,0,56,0,1.0000,126,0.000979,-1,,button,1,15,15,0,56,0,1.0000,126,0.467498,1,1,15,0,0,0,0.4,risk_path,4,Bot1|Bot2|Bot3|Bot4,,1,0
338,0.80,75,440,131814599,1043486984,3657,0.650133,523,1389,39-55,70-4,56-15,84,82,63,57,25,25,1,0,1,84,0,,31,0,,,0,walked_into_fire,0,39,39,0,-7,45,0.4643,,0.005123,22,22,fire_reached_bot,0,53,21,32,-21,63,0.2500,,0.155398,,-1,fire_reached_bot,0,53,21,32,-21,63,0.2500,,0.274195,-1,,fire_reached_bot,0,53,21,32,-21,63,0.2500,,3.777858,-1,-1,53,0,21,32,,no_path,0,,Bot1|Bot2|Bot3|Bot4,0,1
339,0.80,75,440,1857643394,677001930,3667,0.651911,510,1436,66-71,67-49,25-46,29,23,70,66,57,45,0,0,1,29,1,29,71,1,29,42,1,button,1,29,29,0,42,0,1.0000,249,0.000994,-1,-1,button,1,29,29,0,42,0,1.0000,249,0.002528,,-1,button,1,29,29,0,42,0,1.0000,249,0.003103,-1,,button,1,29,29,0,42,0,1.0000,249,1.467822,20,20,29,0,0,0,0.4,risk_path,4,Bot1|Bot2|Bot3|Bot4,,1,0
340,0.80,75,440,3864308138,3978975570,3644,0.647822,513,1385,10-9,61-25,64-45,83,67,100,90,27,23,1,0,1,83,0,,36,0,,,0,fire_reached_bot,0,55,55,0,-18,28,0.6627,,0.012869,36,36,fire_reached_bot,0,77,35,42,-40,48,0.4217,,0.190890,,-1,fire_reached_bot,0,77,35,42,-40,48,0.4217,,0.313238,-1,,fire_reached_bot,0,77,35,42,-40,48,0.4217,,5.785735,-1,-1,77,0,35,42,,no_path,0,,Bot1|Bot2|Bot3|Bot4,0,1
341,0.80,75,440,3005494717,346531541,3669,0.652267,514,1446,23-73,11-56,43-56,29,29,51,37,56,32,0,0,1,29,1,29,69,1,29,40,1,button,1,29,29,0,39,0,1.0000,345,0.001150,-1,-1,button,1,29,29,0,39,0,1.0000,345,0.002891,,-1,button,1,29,29,0,39,0,1.0000,345,0.003626,-1,,button,1,29,29,0,39,0,1.0000,345,1.487657,-1,-1,29,0,0,0,0.4,risk_path,4,Bot1|Bot2|Bot3|Bot4,,1,0
342,0.80,75,440,2387691047,1277799577,3628,0.644978,496,1375,63-32,0-59,64-69,110,90,48,38,108,74,1,0,1,110,0,,125,1,110,15,1,button,1,110,110,0,8,0,1.0000,2792,0.037868,-1,-1,button,1,110,110,0,8,0,1.0000,2792,0.137743,,-1,button,1,110,110,0,8,0,1.0000,2792,0.163039,-1,,button,1,110,110,0,8,0,1.0000,2792,11.345198,80,80,110,0,0,0,0.4,risk_path,4,Bot1|Bot2|Bot3|Bot4,,1,0
343,0.80,75,440,909155234,2602241716,3644,0.647822,500,1364,16-23,49-50,35-2,60,60,42,40,74,62,0,0,1,60,1,60,93,1,60,33,1,button,1,60,60,0,33,0,1.0000,941,0.004942,-1,-1,button,1,60,60,0,33,0,1.0000,941,0.012909,,-1,button,1,60,60,0,33,0,1.0000,941,0.016678,-1,,button,1,60,60,0,33,0,1.0000,941,5.044805,1,1,60,0,0,0,0.4,risk_path,4,Bot1|Bot2|Bot3|Bot4,,1,0
344,0.80,75,440,3582665592,3009362077,3649,0.648711,507,1382,35-73,60-54,29-72,46,44,9,7,55,49,0,0,1,46,1,46,65,1,46,19,1,button,1,46,46,0,11,0,1.0000,646,0.002523,-1,-1,button,1,46,46,0,11,0,1.0000,646,0.007243,,-1,button,1,46,46,0,11,0,1.0000,646,0.009272,-1,,button,1,46,46,0,11,0,1.0000,646,3.968756,-1,-1,46,0,0,0,0.4,risk_path,4,Bot1|Bot2|Bot3|Bot4,,1,0
345,0.80,75,440,2398338138,2828610287,3658,0.650311,518,1407,57-10,11-57,39-61,101,93,79,69,44,32,1,0,1,101,0,,52,0,,,0,walked_into_fire,0,58,58,0,-5,43,0.5743,,0.010558,53,53,fire_reached_bot,0,63,52,11,-10,49,0.5149,,0.088308,,-1,fire_reached_bot,0,63,52,11,-10,49,0.5149,,0.119006,-1,,fire_reached_bot,0,63,52,11,-10,49,0.5149,,8.003378,-1,-1,63,0,52,11,,no_path,0,,Bot1|Bot2|Bot3|Bot4,0,1
346,0.80,75,440,1634039232,257003492,3623,0.644089,481,1315,15-50,50-34,67-55,55,51,73,57,58,38,0,0,1,55,1,55,77,1,55,22,1,button,1,55,55,0,20,0,1.0000,525,0.003671,-1,-1,button,1,55,55,0,20,0,1.0000,525,0.011203,,-1,button,1,55,55,0,20,0,1.0000,525,0.014115,-1,,button,1,55,55,0,19,0,1.0000,525,4.675012,9,9,55,0,0,0,0.4,risk_path,4,Bot1|Bot2|Bot3|Bot4,,1,0
347,0.80,75,440,2513077685,551885425,3649,0.648711,526,1370,16-2,51-8,61-32,45,41,77,75,40,34,1,0,1,45,0,,47,1,45,2,1,button,1,45,45,0,2,0,1.0000,909,0.004534,-1,-1,button,1,45,45,0,2,0,1.0000,909,0.008903,,-1,button,1,45,45,0,2,0,1.0000,909,0.012193,-1,,button,1,45,45,0,2,0,1.0000,909,3.081955,-1,-1,45,7,5,0,0.99,risk_path,4,Bot1|Bot2|Bot3|Bot4,,1,0
348,0.80,75,440,2812461286,2193935649,3611,0.641956,483,1301,15-34,23-68,70-39,52,42,84,60,90,76,0,0,1,52,1,52,105,1,52,53,1,button,1,52,52,0,49,0,1.0000,836,0.004482,-1,-1,button,1,52,52,0,49,0,1.0000,836,0.014272,,-1,button,1,52,52,0,49,0,1.0000,836,0.017595,-1,,button,1,52,52,0,49,0,1.0000,836,4.121897,5,5,52,0,0,0,0.4,risk_path,4,Bot1|Bot2|Bot3|Bot4,,1,0
349,0.80,75,440,1831191962,3675714604,3639,0.646933,513,1405,21-49,42-73,62-57,47,45,61,49,38,36,1,0,1,47,0,,53,1,47,6,1,button,1,47,47,0,5,0,1.0000,848,0.004347,-1,-1,button,1,47,47,0,5,0,1.0000,848,0.012782,,-1,button,1,47,47,0,5,0,1.0000,848,0.014395,-1,,button,1,47,47,0,5,0,1.0000,848,3.633399,13,13,47,9,12,0,0.99,risk_path,4,Bot1|Bot2|Bot3|Bot4,,1,0
350,0.80,75,440,2219431423,1820989950,3664,0.651378,510,1364,40-51,48-66,2-54,35,23,61,41,64,58,0,0,1,35,1,35,78,1,35,43,1,button,1,35,35,0,43,0,1.0000,407,0.001516,-1,-1,button,1,35,35,0,43,0,1.0000,407,0.005749,,-1,button,1,35,35,0,43,0,1.0000,407,0.006572,-1,,button,1,35,35,0,43,0,1.0000,407,2.648999,9,9,35,0,0,0,0.4,risk_path,4,Bot1|Bot2|Bot3|Bot4,,1,0
351,0.80,75,440,509892709,3321225519,3631,0.645511,492,1334,68-20,35-61,33-59,76,74,84,74,8,4,1,0,1,76,0,,11,0,,,0,fire_reached_bot,0,46,46,0,-34,30,0.6053,,0.004499,12,12,fire_reached_bot,0,87,11,76,-75,65,0.1447,,0.322968,,-1,fire_reached_bot,0,87,11,76,-75,65,0.1447,,0.544513,-1,,fire_reached_bot,0,87,11,76,-75,65,0.1447,,2.181231,-1,-1,87,0,11,76,,no_path,0,,Bot1|Bot2|Bot3|Bot4,0,1
352,0.80,75,440,410674036,2790386272,3625,0.644444,506,1354,26-67,69-15,65-27,97,95,79,79,18,16,1,0,1,97,0,,22,0,,,0,fire_reached_bot,0,44,44,0,-21,53,0.4536,,0.005380,23,23,fire_reached_bot,0,67,22,45,-44,75,0.2268,,0.224015,,-1,fire_reached_bot,0,67,22,45,-44,75,0.2268,,0.360956,-1,,fire_reached_bot,0,67,22,45,-44,75,0.2268,,4.597548,-1,-1,67,0,22,45,,no_path,0,,Bot1|Bot2|Bot3|Bot4,0,1
353,0.80,75,440,43560433,194753494,3664,0.651378,509,1414,18-45,35-35,14-41,29,27,10,8,31,27,0,0,1,29,1,29,34,1,29,5,1,button,1,29,29,0,2,0,1.0000,394,0.001359,-1,-1,button,1,29,29,0,2,0,1.0000,394,0.002968,,-1,button,1,29,29,0,2,0,1.0000,394,0.004053,-1,,button,1,29,29,0,2,0,1.0000,394,1.462504,13,13,29,0,0,0,0.4,risk_path,4,Bot1|Bot2|Bot3|Bot4,,1,0
354,0.80,75,440,4123683559,484405637,3632,0.645689,495,1346,35-23,17-71,73-61,72,66,80,76,106,66,0,0,1,72,1,72,125,1,72,53,1,button,1,72,72,0,44,0,1.0000,1121,0.008876,-1,-1,button,1,72,72,0,44,0,1.0000,1121,0.031180,,-1,button,1,72,72,0,44,0,1.0000,1121,0.036873,-1,,button,1,72,72,0,44,0,1.0000,1121,6.904722,-1,-1,72,0,0,0,0.4,risk_path,4,Bot1|Bot2|Bot3|Bot4,,1,0
355,0.80,75,440,2102547529,3795932170,3646,0.648178,505,1407,50-36,69-58,9-56,41,41,71,61,84,62,0,0,1,41,1,41,99,1,41,58,1,button,1,41,41,0,58,0,1.0000,719,0.003290,-1,-1,button,1,41,41,0,58,0,1.0000,719,0.006506,,-1,button,1,41,41,0,58,0,1.0000,719,0.010602,-1,,button,1,41,41,0,58,0,1.0000,719,2.622001,22,22,41,0,0,0,0.4,risk_path,4,Bot1|Bot2|Bot3|Bot4,,1,0
356,0.80,75,440,1989372477,1712784801,3669,0.652267,524,1424,21-34,59-12,66-55,66,60,78,66,60,50,1,0,1,66,0,,78,1,66,12,1,button,1,66,66,0,11,0,1.0000,1320,0.010685,-1,-1,button,1,66,66,0,11,0,1.0000,1320,0.024771,,-1,button,1,66,66,0,11,0,1.0000,1320,0.033944,-1,,button,1,66,66,0,11,0,1.0000,1320,5.749869,1,1,66,3,0,0,0.99,risk_path,4,Bot1|Bot2|Bot3|Bot4,,1,0
357,0.80,75,440,3146175691,832631895,3635,0.646222,504,1390,18-0,68-9,10-61,87,59,87,69,126,110,0,0,1,87,1,87,148,1,87,61,1,button,1,87,87,0,55,0,1.0000,2105,0.020313,-1,-1,button,1,87,87,0,55,0,1.0000,2105,0.061532,,-1,button,1,87,87,0,55,0,1.0000,2105,0.079342,-1,,button,1,87,87,0,55,0,1.0000,2105,8.791958,2,2,87,0,0,0,0.4,risk_path,4,Bot1|Bot2|Bot3|Bot4,,1,0
358,0.80,75,440,619419441,2208452547,3652,0.649244,505,1413,54-66,47-12,11-43,71,61,70,66,77,67,0,0,1,71,1,71,92,1,71,21,1,button,1,71,71,0,12,0,1.0000,2063,0.016201,-1,-1,button,1,71,71,0,12,0,1.0000,2063,0.032491,,-1,button,1,71,71,0,12,0,1.0000,2063,0.048642,-1,,button,1,71,71,0,12,0,1.0000,2063,5.523990,-1,-1,71,0,0,0,0.4,risk_path,4,Bot1|Bot2|Bot3|Bot4,,1,0
359,0.80,75,440,1223795627,3036548846,3649,0.648711,506,1394,57-7,12-54,8-43,92,92,87,85,21,15,1,0,1,92,0,,22,0,,,0,fire_reached_bot,0,47,47,0,-24,45,0.5109,,0.004616,23,23,fire_reached_bot,0,73,22,51,-50,70,0.2391,,0.241917,,-1,fire_reached_bot,0,73,22,51,-50,70,0.2391,,0.410810,-1,,fire_reached_bot,0,73,22,51,-50,70,0.2391,,4.791565,-1,-1,73,0,22,51,,no_path,0,,Bot1|Bot2|Bot3|Bot4,0,1
360,0.80,75,440,579359964,1186995808,3635,0.646222,507,1379,22-42,54-3,35-52,77,71,23,23,78,68,0,0,1,77,1,77,90,1,77,13,1,button,1,77,77,0,4,0,1.0000,2651,0.021646,-1,-1,button,1,77,77,0,4,0,1.0000,2651,0.037173,,-1,button,1,77,77,0,4,0,1.0000,2651,0.073884,-1,,button,1,77,77,0,4,0,1.0000,2651,5.802135,21,21,77,0,0,0,0.4,risk_path,4,Bot1|Bot2|Bot3|Bot4,,1,0
361,0.80,75,440,2365814492,1911836688,3652,0.649244,497,1410,17-70,13-44,49-34,44,30,72,68,52,46,0,0,1,44,1,44,58,1,44,14,1,button,1,44,44,0,13,0,1.0000,996,0.004368,-1,-1,button,1,44,44,0,13,0,1.0000,996,0.015751,,-1,button,1,44,44,0,13,0,1.0000,996,0.014385,-1,,button,1,44,44,0,13,0,1.0000,996,2.934851,-1,-1,44,0,0,0,0.4,risk_path,4,Bot1|Bot2|Bot3|Bot4,,1,0
362,0.80,75,440,1556033072,2435529583,3641,0.647289,503,1362,41-9,37-54,29-58,73,49,81,61,12,12,1,0,1,73,0,,12,0,,,0,fire_reached_bot,0,47,47,0,-34,26,0.6438,,0.005338,13,13,fire_reached_bot,0,78,12,66,-65,61,0.1644,,0.294059,,-1,fire_reached_bot,0,78,12,66,-65,61,0.1644,,0.511900,-1,,fire_reached_bot,0,78,12,66,-65,61,0.1644,,2.926358,-1,-1,78,0,12,66,,no_path,0,,Bot1|Bot2|Bot3|Bot4,0,1
363,0.80,75,440,4172303545,2847709414,3659,0.650489,521,1372,18-5,16-3,65-55,4,4,97,97,101,101,0,0,1,4,1,4,118,1,4,114,1,button,1,4,4,0,114,0,1.0000,11,0.000067,-1,-1,button,1,4,4,0,114,0,1.0000,11,0.000100,,-1,button,1,4,4,0,114,0,1.0000,11,0.000208,-1,,button,1,4,4,0,114,0,1.0000,11,0.084364,-1,-1,4,0,0,0,0.4,risk_path,4,Bot1|Bot2|Bot3|Bot4,,1,0
364,0.80,75,440,2579275816,973970230,3634,0.646044,504,1359,6-44,19-58,62-43,33,27,91,57,60,58,0,0,1,33,1,33,67,1,33,34,1,button,1,33,33,0,34,0,1.0000,565,0.001975,-1,-1,button,1,33,33,0,34,0,1.0000,565,0.004012,,-1,button,1,33,33,0,34,0,1.0000,565,0.007981,-1,,button,1,33,33,0,34,0,1.0000,565,1.759991,10,10,33,0,0,0,0.4,risk_path,4,Bot1|Bot2|Bot3|Bot4,,1,0
365,0.80,75,440,1952802954,979129697,3639,0.646933,509,1412,74-40,7-52,23-65,93,79,90,76,39,29,1,0,1,93,0,,46,0,,,0,fire_reached_bot,0,49,49,0,-2,44,0.5269,,0.005730,46,41,fire_reached_bot,0,53,46,7,-6,47,0.4946,,0.061632,,41,fire_reached_bot,0,65,46,19,-18,59,0.3656,,0.176267,41,,fire_reached_bot,0,53,46,7,-6,47,0.4946,,7.912390,-1,41,53,0,46,7,,no_path,0,,Bot1|Bot2|Bot3|Bot4,0,1
366,0.80,75,440,3081393282,309076382,3638,0.646756,493,1349,36-74,8-31,36-50,71,71,36,24,47,47,1,0,1,71,0,,56,0,,,0,walked_into_fire,0,24,24,0,-1,47,0.3380,217,0.000870,21,20,fire_reached_bot,0,33,33,0,0,64,0.0986,485,0.016535,,20,fire_reached_bot,0,33,33,0,0,66,0.0704,485,0.018451,20,,fire_reached_bot,0,33,33,0,0,64,0.0986,485,4.914123,-1,20,33,0,33,0,,shortest_path_fallback,0,,Bot1|Bot2|Bot3|Bot4,0,1
367,0.80,75,440,3151380601,1716409728,3657,0.650133,505,1413,67-49,55-9,62-54,58,52,10,10,66,52,0,0,1,58,1,58,79,1,58,21,1,button,1,58,58,0,12,0,1.0000,1223,0.008211,-1,-1,button,1,58,58,0,12,0,1.0000,1223,0.022050,,-1,button,1,58,58,0,12,0,1.0000,1223,0.024583,-1,,button,1,58,58,0,12,0,1.0000,1223,4.653470,50,50,58,0,0,0,0.4,risk_path,4,Bot1|Bot2|Bot3|Bot4,,1,0
368,0.80,75,440,2032139050,1891626865,3643,0.647644,499,1406,56-19,54-8,30-48,15,13,57,55,66,64,0,0,1,15,1,15,78,1,15,63,1,button,1,15,15,0,63,0,1.0000,74,0.000281,-1,-1,button,1,15,15,0,63,0,1.0000,74,0.000672,,-1,button,1,15,15,0,63,0,1.0000,74,0.000951,-1,,button,1,15,15,0,63,0,1.0000,74,0.482967,-1,-1,15,0,0,0,0.4,risk_path,4,Bot1|Bot2|Bot3|Bot4,,1,0
369,0.80,75,440,737645428,557148272,3635,0.646222,500,1363,5-39,12-37,1-60,21,9,31,25,40,34,0,0,1,21,1,21,46,1,21,25,1,button,1,21,21,0,25,0,1.0000,79,0.000394,-1,-1,button,1,21,21,0,25,0,1.0000,79,0.001325,,-1,button,1,21,21,0,25,0,1.0000,79,0.001513,-1,,button,1,21,21,0,25,0,1.0000,79,0.853947,-1,-1,21,0,0,0,0.4,risk_path,4,Bot1|Bot2|Bot3|Bot4,,1,0
370,0.80,75,440,2602577069,3193247753,3645,0.648000,514,1391,69-45,24-59,39-7,83,59,82,68,87,67,0,0,1,83,1,83,98,1,83,15,1,button,1,83,83,0,15,0,1.0000,2218,0.019335,-1,-1,button,1,83,83,0,15,0,1.0000,2218,0.063781,,-1,button,1,83,83,0,15,0,1.0000,2218,0.079361,-1,,button,1,83,83,0,15,0,1.0000,2218,7.159035,-1,-1,83,0,0,0,0.4,risk_path,4,Bot1|Bot2|Bot3|Bot4,,1,0
371,0.80,75,440,1923164207,2685547185,3651,0.649067,505,1395,63-72,66-47,73-55,48,28,33,27,33,15,1,0,1,48,0,,39,0,,,0,walked_into_fire,0,17,17,0,-1,31,0.3542,74,0.000769,17,17,fire_reached_bot,0,19,19,0,0,29,0.3958,96,0.006079,,19,fire_reached_bot,0,28,27,1,0,39,0.1875,228,0.010183,19,,fire_reached_bot,0,19,19,0,0,29,0.3958,96,2.751934,-1,19,19,0,19,0,,shortest_path_fallback,0,,Bot1|Bot2|Bot3|Bot4,0,1
372,0.80,75,440,3064658255,2591067856,3624,0.644267,503,1380,5-60,53-71,10-3,73,59,94,62,119,111,0,0,1,73,1,73,144,1,73,71,1,button,1,73,73,0,69,0,1.0000,1102,0.008323,-1,-1,button,1,73,73,0,69,0,1.0000,1102,0.028898,,-1,button,1,73,73,0,69,0,1.0000,1102,0.031589,-1,,button,1,73,73,0,69,0,1.0000,1102,6.868553,6,6,73,0,0,0,0.4,risk_path,4,Bot1|Bot2|Bot3|Bot4,,1,0
373,0.80,75,440,1154147649,4041770858,3645,0.648000,489,1406,62-19,40-29,24-69,34,32,106,88,72,56,0,0,1,34,1,34,86,1,34,52,1,button,1,34,34,0,52,0,1.0000,317,0.001421,-1,-1,button,1,34,34,0,52,0,1.0000,317,0.003624,,-1,button,1,34,34,0,52,0,1.0000,317,0.004977,-1,,button,1,34,34,0,52,0,1.0000,317,1.815869,-1,-1,34,0,0,0,0.4,risk_path,4,Bot1|Bot2|Bot3|Bot4,,1,0
374,0.80,75,440,1357385445,1134208027,3666,0.651733,513,1413,25-51,39-21,30-57,60,44,11,11,65,45,0,0,1,60,1,60,77,1,60,17,1,button,1,60,60,0,6,0,1.0000,1750,0.010886,-1,-1,button,1,60,60,0,6,0,1.0000,1750,0.025652,,-1,button,1,60,60,0,6,0,1.0000,1750,0.038259,-1,,button,1,60,60,0,6,0,1.0000,1750,4.165393,12,12,60,0,0,0,0.4,risk_path,4,Bot1|Bot2|Bot3|Bot4,,1,0
375,0.80,75,440,560426098,1461767624,3635,0.646222,513,1396,24-1,51-60,27-31,94,86,51,33,55,53,1,0,1,94,0,,66,0,,,0,fire_reached_bot,0,35,35,0,0,59,0.3723,620,0.002372,31,31,fire_reached_bot,0,32,30,2,0,64,0.3191,507,0.017067,,-1,fire_reached_bot,0,32,30,2,0,64,0.3191,507,0.018039,-1,,fire_reached_bot,0,32,30,2,0,64,0.3191,507,4.595859,-1,-1,32,0,30,2,,no_path,0,,Bot1|Bot2|Bot3|Bot4,0,1
376,0.80,75,440,1829175360,2037474768,3618,0.643200,493,1325,46-28,2-26,69-70,64,46,67,65,119,111,0,0,1,64,1,64,135,1,64,71,1,button,1,64,64,0,67,0,1.0000,1007,0.007427,-1,-1,button,1,64,64,0,67,0,1.0000,1007,0.020312,,-1,button,1,64,64,0,67,0,1.0000,1007,0.033667,-1,,button,1,64,64,0,67,0,1.0000,1007,5.659450,-1,-1,64,0,0,0,0.4,risk_path,4,Bot1|Bot2|Bot3|Bot4,,1,0
377,0.80,75,440,3056335309,1867334455,3661,0.650844,500,1439,27-46,28-68,18-56,47,23,21,19,28,22,1,0,1,47,0,,37,0,,,0,fire_reached_bot,0,11,11,0,0,36,0.2340,49,0.000545,8,7,fire_reached_bot,0,31,31,0,0,46,0.0213,438,0.024206,,7,fire_reached_bot,0,50,37,13,-12,42,0.1064,,0.122549,7,,fire_reached_bot,0,31,31,0,0,46,0.0213,438,5.093997,-1,7,31,0,31,0,,shortest_path_fallback,0,,Bot1|Bot2|Bot3|Bot4,0,1
378,0.80,75,440,3498759806,185762425,3635,0.646222,494,1353,44-3,7-68,63-11,110,102,29,27,117,113,0,0,1,110,1,110,129,1,110,19,1,button,1,110,110,0,11,0,1.0000,3091,0.039130,-1,-1,button,1,110,110,0,11,0,1.0000,3091,0.092022,,-1,button,1,110,110,0,11,0,1.0000,3091,0.127289,-1,,button,1,110,110,0,11,0,1.0000,3091,10.444282,-1,-1,110,0,0,0,0.4,risk_path,4,Bot1|Bot2|Bot3|Bot4,,1,0
379,0.80,75,440,743858379,262038232,3647,0.648356,504,1394,0-72,40-37,64-54,77,75,92,82,45,41,1,0,1,77,0,,57,0,,,0,fire_reached_bot,0,67,67,0,-9,10,0.8701,,0.012503,58,58,fire_reached_bot,0,58,57,1,0,20,0.7403,,0.030820,,-1,fire_reached_bot,0,58,57,1,0,20,0.7403,,0.040979,-1,,fire_reached_bot,0,58,57,1,0,20,0.7403,,7.283583,-1,-1,58,0,57,1,,no_path,0,,Bot1|Bot2|Bot3|Bot4,0,1
380,0.80,75,440,3490957155,2695499596,3644,0.647822,514,1421,51-6,65-68,53-10,96,76,8,6,90,70,1,0,1,96,0,,104,0,,,0,walked_into_fire,0,5,5,0,-1,91,0.0521,8,0.001542,4,1,fire_reached_bot,0,40,37,3,0,75,0.2188,786,0.036734,,1,fire_reached_bot,0,30,28,2,0,80,0.1667,469,0.046145,1,,fire_reached_bot,0,40,37,3,0,75,0.2188,786,6.058848,-1,1,40,0,37,3,,no_path,0,,Bot1|Bot2|Bot3|Bot4,0,1
381,0.80,75,440,44469780,2130841903,3651,0.649067,517,1415,41-66,32-72,23-5,21,15,87,79,102,76,0,0,1,21,1,21,121,1,21,100,1,button,1,21,21,0,95,0,1.0000,201,0.000616,-1,-1,button,1,21,21,0,95,0,1.0000,201,0.001533,,-1,button,1,21,21,0,95,0,1.0000,201,0.002006,-1,,button,1,21,21,0,95,0,1.0000,201,0.858282,-1,-1,21,0,0,0,0.4,risk_path,4,Bot1|Bot2|Bot3|Bot4,,1,0
382,0.80,75,440,1350579762,3490582419,3658,0.650311,507,1374,20-31,25-6,46-43,44,30,48,38,76,58,0,0,1,44,1,44,93,1,44,49,1,button,1,44,44,0,47,0,1.0000,951,0.004087,-1,-1,button,1,44,44,0,47,0,1.0000,951,0.010293,,-1,button,1,44,44,0,47,0,1.0000,951,0.014323,-1,,button,1,44,44,0,47,0,1.0000,951,2.821405,1,1,44,0,0,0,0.4,risk_path,4,Bot1|Bot2|Bot3|Bot4,,1,0
383,0.80,75,440,2733807543,3538856808,3647,0.648356,506,1388,65-8,0-53,51-67,112,110,87,73,81,65,1,0,1,112,0,,101,0,,,0,walked_into_fire,0,104,104,0,-2,8,0.9286,,0.033281,102,102,fire_reached_bot,0,106,101,5,-4,11,0.9018,,0.082381,,-1,fire_reached_bot,0,106,101,5,-4,11,0.9018,,0.120969,-1,,fire_reached_bot,0,106,101,5,-4,11,0.9018,,12.074690,-1,-1,106,0,101,5,,no_path,0,,Bot1|Bot2|Bot3|Bot4,0,1
384,0.80,75,440,144857897,2449621353,3659,0.650489,507,1392,72-6,70-33,45-20,53,29,45,41,44,38,1,0,1,53,0,,51,0,,,0,fire_reached_bot,0,49,49,0,0,4,0.9245,1300,0.006526,-1,49,fire_reached_bot,0,49,49,0,0,4,0.9245,1300,0.015693,,49,fire_reached_bot,0,53,51,2,-1,8,0.8491,,0.036791,49,,fire_reached_bot,0,49,49,0,0,4,0.9245,1300,4.219382,-1,49,49,3,46,0,0.99,shortest_path_fallback,0,,Bot1|Bot2|Bot3|Bot4,0,1
385,0.80,75,440,341761630,1725134005,3609,0.641600,497,1358,46-27,19-16,34-58,54,38,61,43,73,57,0,0,1,54,1,54,89,1,54,35,1,button,1,54,54,0,34,0,1.0000,1375,0.007650,-1,-1,button,1,54,54,0,34,0,1.0000,1375,0.022802,,-1,button,1,54,54,0,34,0,1.0000,1375,0.035643,-1,,button,1,54,54,0,34,0,1.0000,1375,3.818279,5,5,54,0,0,0,0.4,risk_path,4,Bot1|Bot2|Bot3|Bot4,,1,0
386,0.80,75,440,192649057,483095820,3649,0.648711,500,1326,43-10,1-65,10-16,107,97,47,39,70,58,1,0,1,107,0,,81,0,,,0,walked_into_fire,0,35,35,0,-1,72,0.3271,615,0.004099,34,32,fire_reached_bot,0,43,43,0,0,80,0.2523,865,0.056215,,32,fire_reached_bot,0,68,66,2,0,63,0.4112,1685,0.090128,32,,fire_reached_bot,0,43,43,0,0,80,0.2523,865,8.138286,-1,32,43,0,43,0,,shortest_path_fallback,0,,Bot1|Bot2|Bot3|Bot4,0,1
387,0.80,75,440,3803973244,2905068052,3617,0.643022,490,1340,11-68,71-0,70-47,134,128,102,80,66,48,1,0,1,134,0,,81,0,,,0,fire_reached_bot,0,84,84,0,-2,50,0.6269,,0.015313,75,75,fire_reached_bot,0,81,74,7,0,60,0.5522,1626,0.121247,,-1,fire_reached_bot,0,81,74,7,0,60,0.5522,1626,0.183913,-1,,fire_reached_bot,0,81,74,7,0,60,0.5522,1626,14.898893,-1,-1,81,0,74,7,,no_path,0,,Bot1|Bot2|Bot3|Bot4,0,1
388,0.80,75,440,1436060441,193209266,3627,0.644800,496,1372,62-48,62-52,65-20,10,4,53,31,57,35,0,0,1,10,1,10,67,1,10,57,1,button,1,10,10,0,57,0,1.0000,28,0.000151,-1,-1,button,1,10,10,0,57,0,1.0000,28,0.000270,,-1,button,1,10,10,0,57,0,1.0000,28,0.000518,-1,,button,1,10,10,0,57,0,1.0000,28,0.248118,-1,-1,10,0,0,0,0.4,risk_path,4,Bot1|Bot2|Bot3|Bot4,,1,0
389,0.80,75,440,3826677250,268213696,3645,0.648000,517,1385,26-31,33-32,8-53,12,8,40,40,48,46,0,0,1,12,1,12,54,1,12,42,1,button,1,12,12,0,42,0,1.0000,75,0.000220,-1,-1,button,1,12,12,0,42,0,1.0000,75,0.000504,,-1,button,1,12,12,0,42,0,1.0000,75,0.000845,-1,,button,1,12,12,0,42,0,1.0000,75,0.364067,7,7,12,0,0,0,0.4,risk_path,4,Bot1|Bot2|Bot3|Bot4,,1,0
390,0.80,75,440,1922677758,3470194275,3657,0.650133,504,1385,3-43,21-19,17-61,44,42,34,32,58,46,0,0,1,44,1,44,67,1,44,23,1,button,1,44,44,0,23,0,1.0000,830,0.003655,-1,-1,button,1,44,44,0,23,0,1.0000,830,0.007921,,-1,button,1,44,44,0,23,0,1.0000,830,0.012452,-1,,button,1,44,44,0,23,0,1.0000,830,3.030328,32,32,44,0,0,0,0.4,risk_path,4,Bot1|Bot2|Bot3|Bot4,,1,0
391,0.80,75,440,220974170,2519797936,3660,0.650667,503,1355,72-66,1-1,16-34,142,136,96,88,52,48,1,0,1,142,0,,61,0,,,0,walked_into_fire,0,53,53,0,-1,89,0.3732,1633,0.009852,36,36,fire_reached_bot,0,75,43,32,-13,105,0.2606,,0.163112,,-1,fire_reached_bot,0,75,43,32,-13,105,0.2606,,0.254941,-1,,fire_reached_bot,0,75,43,32,-13,105,0.2606,,8.892254,-1,-1,75,0,43,32,,no_path,0,,Bot1|Bot2|Bot3|Bot4,0,1
392,0.80,75,440,311089741,15779671,3622,0.643911,498,1359,62-59,70-45,20-52,24,22,73,49,71,57,0,0,1,24,1,24,82,1,24,58,1,button,1,24,24,0,58,0,1.0000,216,0.000699,-1,-1,button,1,24,24,0,58,0,1.0000,216,0.001529,,-1,button,1,24,24,0,58,0,1.0000,216,0.002172,-1,,button,1,24,24,0,58,0,1.0000,216,0.988967,9,9,24,0,0,0,0.4,risk_path,4,Bot1|Bot2|Bot3|Bot4,,1,0
393,0.80,75,440,3786552960,3978206707,3625,0.644444,503,1356,59-68,38-39,26-64,58,50,49,37,57,37,1,0,1,58,0,,70,1,58,12,1,button,1,58,58,0,8,0,1.0000,1192,0.007309,-1,-1,button,1,58,58,0,8,0,1.0000,1192,0.015174,,-1,button,1,58,58,0,8,0,1.0000,1192,0.025848,-1,,button,1,58,58,0,8,0,1.0000,1192,5.011278,-1,-1,58,0,0,0,0.4,risk_path,4,Bot1|Bot2|Bot3|Bot4,,1,0
394,0.80,75,440,1026823686,935493975,3622,0.643911,526,1408,70-22,67-29,30-64,16,10,88,82,76,72,0,0,1,16,1,16,86,1,16,70,1,button,1,16,16,0,70,0,1.0000,175,0.000493,-1,-1,button,1,16,16,0,70,0,1.0000,175,0.001092,,-1,button,1,16,16,0,70,0,1.0000,175,0.001483,-1,,button,1,16,16,0,70,0,1.0000,175,0.557873,-1,-1,16,0,0,0,0.4,risk_path,4,Bot1|Bot2|Bot3|Bot4,,1,0
395,0.80,75,440,3873671478,4157908143,3653,0.649422,512,1406,63-33,71-71,3-25,56,46,82,68,116,114,0,0,1,56,1,56,132,1,56,76,1,button,1,56,56,0,75,0,1.0000,1020,0.006437,-1,-1,button,1,56,56,0,75,0,1.0000,1020,0.014026,,-1,button,1,56,56,0,75,0,1.0000,1020,0.023323,-1,,button,1,56,56,0,75,0,1.0000,1020,4.534815,5,5,56,0,0,0,0.4,risk_path,4,Bot1|Bot2|Bot3|Bot4,,1,0
396,0.80,75,440,1326410439,1678133499,3636,0.646400,501,1367,2-32,60-34,74-56,78,60,104,96,40,36,1,0,1,78,0,,53,0,,,0,fire_reached_bot,0,57,57,0,-3,21,0.7308,,0.004677,52,52,fire_reached_bot,0,66,53,13,-12,27,0.6538,,0.083932,,-1,fire_reached_bot,0,66,53,13,-12,27,0.6538,,0.159320,-1,,fire_reached_bot,0,66,53,13,-12,27,0.6538,,8.794545,-1,-1,66,0,53,13,,no_path,0,,Bot1|Bot2|Bot3|Bot4,0,1
397,0.80,75,440,613184341,3716848103,3654,0.649600,506,1368,74-57,2-1,55-66,134,128,32,28,126,118,1,0,1,134,0,,143,1,134,9,0,fire_reached_bot,0,18,18,0,0,116,0.1343,147,0.003529,18,17,fire_reached_bot,0,49,47,2,0,109,0.1866,900,0.094475,,17,fire_reached_bot,0,48,47,1,0,107,0.2015,860,0.102663,17,,fire_reached_bot,0,49,47,2,0,109,0.1866,900,9.652718,-1,17,49,0,47,2,,no_path,0,,Bot1|Bot2|Bot3|Bot4,0,1
398,0.80,75,440,140259070,1404237909,3636,0.646400,513,1339,1-48,63-13,41-37,97,97,53,51,54,46,1,0,1,97,0,,65,0,,,0,walked_into_fire,0,31,31,0,-2,66,0.3196,541,0.002110,28,28,fire_reached_bot,0,50,48,2,0,67,0.3093,1601,0.041295,,-1,fire_reached_bot,0,50,48,2,0,67,0.3093,1601,0.052388,-1,,fire_reached_bot,0,50,48,2,0,67,0.3093,1601,6.827493,-1,-1,50,0,48,2,,no_path,0,,Bot1|Bot2|Bot3|Bot4,0,1
399,0.80,75,440,1706966771,3646661798,3652,0.649244,511,1407,32-34,29-13,48-3,40,24,55,47,35,29,1,0,1,40,0,,42,1,40,2,1,button,1,40,40,0,2,0,1.0000,574,0.002751,-1,-1,button,1,40,40,0,2,0,1.0000,574,0.007043,,-1,button,1,40,40,0,2,0,1.0000,574,0.010001,-1,,button,1,40,40,0,2,0,1.0000,574,2.877980,-1,-1,40,29,3,0,0.99,risk_path,4,Bot1|Bot2|Bot3|Bot4,,1,0
400,0.80,75,440,1557608422,587872040,3654,0.649600,504,1397,49-5,1-60,36-26,109,103,40,34,73,69,1,0,1,109,0,,84,0,,,0,fire_reached_bot,0,28,28,0,0,81,0.2569,571,0.002239,22,21,fire_reached_bot,0,57,51,6,0,84,0.2294,2220,0.064066,,21,fire_reached_bot,0,57,51,6,0,84,0.2294,2220,0.088098,21,,fire_reached_bot,0,57,51,6,0,84,0.2294,2220,7.627096,-1,21,57,0,51,6,,no_path,0,,Bot1|Bot2|Bot3|Bot4,0,1
401,0.80,75,440,2000075961,2745563048,3647,0.648356,506,1360,53-41,74-15,43-8,51,47,65,43,46,38,1,0,1,51,0,,51,0,,,0,walked_into_fire,0,43,43,0,-1,8,0.8431,657,0.003415,43,43,fire_reached_bot,0,43,42,1,0,9,0.8235,690,0.015893,,-1,fire_reached_bot,0,43,42,1,0,9,0.8235,690,0.030138,-1,,fire_reached_bot,0,43,42,1,0,9,0.8235,690,3.887839,19,19,43,31,7,1,0.99,no_path,0,,Bot1|Bot2|Bot3|Bot4,0,1
402,0.80,75,440,4291152545,2741335827,3641,0.647289,513,1401,4-47,39-45,36-43,57,37,58,36,5,5,1,0,1,57,0,,6,0,,,0,walked_into_fire,0,32,32,0,-25,25,0.5614,,0.001954,7,7,fire_reached_bot,0,60,6,54,-53,51,0.1053,,0.204322,,-1,fire_reached_bot,0,60,6,54,-53,51,0.1053,,0.393692,-1,,fire_reached_bot,0,60,6,54,-53,51,0.1053,,1.050979,-1,-1,60,0,6,54,,no_path,0,,Bot1|Bot2|Bot3|Bot4,0,1
403,0.80,75,440,2060592027,3688875005,3646,0.648178,499,1396,8-70,21-2,51-54,107,81,71,59,86,82,1,0,1,107,0,,104,0,,,0,fire_reached_bot,0,74,74,0,0,33,0.6916,2208,0.018954,-1,-1,fire_reached_bot,0,74,74,0,0,33,0.6916,2208,0.074773,,-1,fire_reached_bot,0,74,74,0,0,33,0.6916,2208,0.091507,-1,,fire_reached_bot,0,74,74,0,0,33,0.6916,2208,9.492412,-1,-1,74,0,74,0,,shortest_path_fallback,0,,Bot1|Bot2|Bot3|Bot4,0,1
404,0.80,75,440,1918492199,551143425,3649,0.648711,506,1398,38-59,6-65,53-74,52,38,30,30,68,56,0,0,1,52,1,52,83,1,52,31,1,button,1,52,52,0,25,0,1.0000,799,0.004913,-1,-1,button,1,52,52,0,25,0,1.0000,799,0.012017,,-1,button,1,52,52,0,25,0,1.0000,799,0.017389,-1,,button,1,52,52,0,25,0,1.0000,799,4.378430,-1,-1,52,0,0,0,0.4,risk_path,4,Bot1|Bot2|Bot3|Bot4,,1,0
405,0.80,75,440,4258988007,102048511,3637,0.646578,505,1392,3-50,24-64,58-47,35,35,74,58,57,51,0,0,1,35,1,35,68,1,35,33,1,button,1,35,35,0,33,0,1.0000,667,0.002489,-1,-1,button,1,35,35,0,33,0,1.0000,667,0.009091,,-1,button,1,35,35,0,33,0,1.0000,667,0.007699,-1,,button,1,35,35,0,33,0,1.0000,667,2.027231,7,7,35,0,0,0,0.4,risk_path,4,Bot1|Bot2|Bot3|Bot4,,1,0
406,0.80,75,440,1836645683,3217807480,3644,0.647822,502,1331,0-46,40-23,63-28,79,63,105,81,32,28,1,0,1,79,0,,40,0,,,0,walked_into_fire,0,60,60,0,-19,19,0.7595,,0.010202,41,41,fire_reached_bot,0,84,40,44,-43,39,0.5063,,0.168122,,-1,fire_reached_bot,0,84,40,44,-43,39,0.5063,,0.317431,-1,,fire_reached_bot,0,84,40,44,-43,39,0.5063,,5.889879,-1,-1,84,0,40,44,,no_path,0,,Bot1|Bot2|Bot3|Bot4,0,1
407,0.80,75,440,348380400,1235727142,3621,0.643733,502,1332,23-11,33-46,23-72,49,45,79,61,46,36,1,0,1,49,0,,61,1,49,12,1,button,1,49,49,0,12,0,1.0000,613,0.002953,-1,-1,button,1,49,49,0,12,0,1.0000,613,0.007370,,-1,button,1,49,49,0,12,0,1.0000,613,0.010305,-1,,button,1,49,49,0,12,0,1.0000,613,3.752992,15,15,49,2,0,0,0.6,risk_path,4,Bot1|Bot2|Bot3|Bot4,,1,0
408,0.80,75,440,649723473,128509568,3652,0.649244,507,1389,26-9,6-2,14-47,31,27,66,50,73,53,0,0,1,31,1,31,89,1,31,58,1,button,1,31,31,0,55,0,1.0000,395,0.001472,-1,-1,button,1,31,31,0,55,0,1.0000,395,0.003562,,-1,button,1,31,31,0,55,0,1.0000,395,0.004880,-1,,button,1,31,31,0,55,0,1.0000,395,1.696365,-1,-1,31,0,0,0,0.4,risk_path,4,Bot1|Bot2|Bot3|Bot4,,1,0
409,0.80,75,440,1213574996,1326260514,3647,0.648356,488,1368,55-57,35-55,55-12,30,22,69,45,67,63,0,0,1,30,1,30,75,1,30,45,1,button,1,30,30,0,45,0,1.0000,414,0.001644,-1,-1,button,1,30,30,0,45,0,1.0000,414,0.004062,,-1,button,1,30,30,0,45,0,1.0000,414,0.005561,-1,,button,1,30,30,0,43,0,1.0000,414,2.098881,6,6,30,0,0,0,0.4,risk_path,4,Bot1|Bot2|Bot3|Bot4,,1,0
410,0.80,75,440,399927594,1172635717,3649,0.648711,503,1395,70-34,60-58,10-58,38,34,88,84,70,50,0,0,1,38,1,38,82,1,38,44,1,button,1,38,38,0,44,0,1.0000,469,0.001860,-1,-1,button,1,38,38,0,44,0,1.0000,469,0.005295,,-1,button,1,38,38,0,44,0,1.0000,469,0.007088,-1,,button,1,38,38,0,44,0,1.0000,469,2.236670,-1,-1,38,0,0,0,0.4,risk_path,4,Bot1|Bot2|Bot3|Bot4,,1,0
411,0.80,75,440,94789281,138735109,3646,0.648178,506,1409,35-29,8-74,34-65,78,72,51,37,39,35,1,0,1,78,0,,51,0,,,0,walked_into_fire,0,41,41,0,-1,37,0.5256,826,0.004295,41,41,fire_reached_bot,0,43,41,2,0,39,0.5000,964,0.040600,,-1,fire_reached_bot,0,43,41,2,0,39,0.5000,964,0.048131,-1,,fire_reached_bot,0,43,41,2,0,39,0.5000,964,5.449424,-1,-1,43,0,41,2,,no_path,0,,Bot1|Bot2|Bot3|Bot4,0,1
412,0.80,75,440,4204771711,1699448702,3649,0.648711,521,1344,25-68,64-22,8-1,101,85,108,84,83,77,1,0,1,101,0,,100,0,,,0,fire_reached_bot,0,64,64,0,0,37,0.6337,851,0.005704,-1,64,fire_reached_bot,0,64,64,0,0,37,0.6337,851,0.033397,,64,fire_reached_bot,0,101,100,1,0,23,0.7723,,0.086286,64,,fire_reached_bot,0,64,64,0,0,37,0.6337,851,11.980849,-1,64,64,0,64,0,,shortest_path_fallback,0,,Bot1|Bot2|Bot3|Bot4,0,1
413,0.80,75,440,823494903,3566751827,3642,0.647467,516,1387,71-17,60-13,29-23,25,15,60,48,45,41,0,0,1,25,1,25,56,1,25,31,1,button,1,25,25,0,31,0,1.0000,347,0.001016,-1,-1,button,1,25,25,0,31,0,1.0000,347,0.002181,,-1,button,1,25,25,0,31,0,1.0000,347,0.002971,-1,,button,1,25,25,0,31,0,1.0000,347,1.071469,-1,-1,25,0,0,0,0.4,risk_path,4,Bot1|Bot2|Bot3|Bot4,,1,0
414,0.80,75,440,277766336,146189312,3644,0.647822,499,1356,58-60,40-20,62-46,72,58,22,18,64,48,1,0,1,72,0,,79,1,72,7,1,button,1,72,72,0,6,0,1.0000,1568,0.014257,-1,-1,button,1,72,72,0,6,0,1.0000,1568,0.038487,,-1,button,1,72,72,0,6,0,1.0000,1568,0.053219,-1,,button,1,72,72,0,6,0,1.0000,1568,6.636202,62,62,72,5,15,0,0.99,risk_path,4,Bot1|Bot2|Bot3|Bot4,,1,0
415,0.80,75,440,2294360336,2377130893,3660,0.650667,509,1386,42-45,54-71,24-24,44,38,39,39,83,77,0,0,1,44,1,44,101,1,44,57,1,button,1,44,44,0,49,0,1.0000,717,0.002646,-1,-1,button,1,44,44,0,49,0,1.0000,717,0.006504,,-1,button,1,44,44,0,49,0,1.0000,717,0.008737,-1,,button,1,44,44,0,49,0,1.0000,717,2.944305,11,11,44,0,0,0,0.4,risk_path,4,Bot1|Bot2|Bot3|Bot4,,1,0
416,0.80,75,440,4063297683,2159750137,3631,0.645511,496,1409,73-41,65-67,49-26,38,34,53,39,63,57,0,0,1,38,1,38,70,1,38,32,1,button,1,38,38,0,32,0,1.0000,646,0.002245,-1,-1,button,1,38,38,0,32,0,1.0000,646,0.006116,,-1,button,1,38,38,0,32,0,1.0000,646,0.008023,-1,,button,1,38,38,0,32,0,1.0000,646,2.294044,-1,-1,38,0,0,0,0.4,risk_path,4,Bot1|Bot2|Bot3|Bot4,,1,0
417,0.80,75,440,4136068613,3935871520,3621,0.643733,502,1362,57-26,62-4,25-23,29,27,53,35,62,56,0,0,1,29,1,29,76,1,29,47,1,button,1,29,29,0,47,0,1.0000,475,0.001418,-1,-1,button,1,29,29,0,47,0,1.0000,475,0.003117,,-1,button,1,29,29,0,47,0,1.0000,475,0.004316,-1,,button,1,29,29,0,47,0,1.0000,475,1.402469,23,23,29,0,0,0,0.4,risk_path,4,Bot1|Bot2|Bot3|Bot4,,1,0
418,0.80,75,440,3079297320,2426746488,3636,0.646400,501,1421,50-61,33-15,73-21,71,63,79,63,60,46,1,0,1,71,0,,77,1,71,6,1,button,1,71,71,0,6,0,1.0000,1078,0.007797,-1,-1,button,1,71,71,0,6,0,1.0000,1078,0.024316,,-1,button,1,71,71,0,6,0,1.0000,1078,0.029466,-1,,button,1,71,71,0,6,0,1.0000,1078,7.906582,-1,-1,71,17,30,0,0.99,risk_path,4,Bot1|Bot2|Bot3|Bot4,,1,0
419,0.80,75,440,4257723732,3495392713,3654,0.649600,498,1377,48-73,69-49,48-45,53,45,42,28,33,25,1,0,1,53,0,,38,0,,,0,walked_into_fire,0,27,27,0,-1,26,0.5094,449,0.001973,23,23,fire_reached_bot,0,39,38,1,0,17,0.6792,,0.018400,,-1,fire_reached_bot,0,39,38,1,0,17,0.6792,,0.020355,-1,,fire_reached_bot,0,39,38,1,0,17,0.6792,,3.178506,-1,-1,39,0,38,1,,no_path,0,,Bot1|Bot2|Bot3|Bot4,0,1
420,0.80,75,440,4078690204,3768167155,3654,0.649600,511,1398,67-28,21-7,28-59,79,67,74,70,75,59,1,0,1,79,0,,89,1,79,10,1,button,1,79,79,0,10,0,1.0000,2495,0.023500,-1,-1,button,1,79,79,0,10,0,1.0000,2495,0.058432,,-1,button,1,79,79,0,10,0,1.0000,2495,0.079017,-1,,button,1,79,79,0,10,0,1.0000,2495,6.490479,-1,-1,79,8,0,0,0.6,risk_path,4,Bot1|Bot2|Bot3|Bot4,,1,0
421,0.80,75,440,958537604,1453352966,3651,0.649067,500,1404,28-43,1-30,35-32,50,40,18,18,50,36,0,0,1,50,0,,56,1,50,6,1,button,1,50,50,0,2,0,1.0000,977,0.004107,-1,-1,button,1,50,50,0,2,0,1.0000,977,0.011277,,-1,button,1,50,50,0,2,0,1.0000,977,0.013241,-1,,button,1,50,50,0,2,0,1.0000,977,3.525660,-1,-1,50,0,0,0,0.4,risk_path,4,Bot1|Bot2|Bot3|Bot4,,1,0
422,0.80,75,440,2355762477,2963328483,3669,0.652267,526,1440,54-11,49-40,53-34,40,34,34,24,10,10,1,0,1,40,0,,11,0,,,0,fire_reached_bot,0,19,19,0,-7,21,0.4750,,0.000655,9,9,fire_reached_bot,0,33,8,25,-21,32,0.2000,,0.132303,,-1,fire_reached_bot,0,33,8,25,-21,32,0.2000,,0.267275,-1,,fire_reached_bot,0,33,8,25,-21,32,0.2000,,1.331949,-1,-1,33,0,8,25,,no_path,0,,Bot1|Bot2|Bot3|Bot4,0,1
423,0.80,75,440,3860660340,1064690405,3656,0.649956,501,1379,41-13,19-25,56-67,36,34,91,69,81,79,0,0,1,36,1,36,93,1,36,57,1,button,1,36,36,0,55,0,1.0000,479,0.002027,-1,-1,button,1,36,36,0,55,0,1.0000,479,0.005381,,-1,button,1,36,36,0,55,0,1.0000,479,0.009230,-1,,button,1,36,36,0,55,0,1.0000,479,2.085673,-1,-1,36,0,0,0,0.4,risk_path,4,Bot1|Bot2|Bot3|Bot4,,1,0
424,0.80,75,440,4240931953,1182499683,3665,0.651556,513,1403,19-9,38-33,56-58,51,43,90,86,51,43,0,0,1,51,1,51,63,1,51,12,1,button,1,51,51,0,11,0,1.0000,1063,0.006191,-1,-1,button,1,51,51,0,11,0,1.0000,1063,0.017674,,-1,button,1,51,51,0,11,0,1.0000,1063,0.021332,-1,,button,1,51,51,0,11,0,1.0000,1063,3.655707,1,1,51,0,0,0,0.4,risk_path,4,Bot1|Bot2|Bot3|Bot4,,1,0
425,0.80,75,440,2493525027,414517936,3643,0.647644,501,1383,58-63,3-72,18-64,90,64,67,41,25,23,1,0,1,90,0,,34,0,,,0,walked_into_fire,0,36,36,0,-1,54,0.4000,,0.002810,10,10,fire_reached_bot,0,66,22,44,-31,86,0.0444,,0.227198,,-1,fire_reached_bot,0,66,22,44,-31,86,0.0444,,0.421939,-1,,fire_reached_bot,0,66,22,44,-31,86,0.0444,,5.178941,-1,-1,66,0,22,44,,no_path,0,,Bot1|Bot2|Bot3|Bot4,0,1
426,0.80,75,440,836001522,3918252539,3632,0.645689,504,1368,22-45,44-49,26-42,34,26,7,7,29,25,1,0,1,34,0,,34,0,,,0,fire_reached_bot,0,4,4,0,0,30,0.1176,15,0.000218,4,2,fire_reached_bot,0,35,33,2,0,27,0.2059,,0.009599,,2,fire_reached_bot,0,37,33,4,-2,29,0.1471,,0.013123,2,,fire_reached_bot,0,35,33,2,0,27,0.2059,,3.208652,-1,2,35,0,33,2,,no_path,0,,Bot1|Bot2|Bot3|Bot4,0,1
427,0.80,75,440,435955948,1367064018,3647,0.648356,496,1404,47-12,21-74,60-61,96,88,70,62,82,52,1,0,1,96,0,,95,0,,,0,walked_into_fire,0,73,73,0,-1,23,0.7604,1600,0.015293,70,69,fire_reached_bot,0,103,94,9,-7,8,0.9167,,0.091272,,69,fire_reached_bot,0,105,94,11,-9,6,0.9375,,0.148695,69,,fire_reached_bot,0,103,94,9,-7,8,0.9167,,11.419034,-1,69,103,0,94,9,,no_path,0,,Bot1|Bot2|Bot3|Bot4,0,1
428,0.80,75,440,2279097245,954607641,3621,0.643733,485,1323,11-38,1-39,51-68,11,11,76,70,81,79,0,0,1,11,1,11,97,1,11,86,1,button,1,11,11,0,86,0,1.0000,48,0.000168,-1,-1,button,1,11,11,0,86,0,1.0000,48,0.000314,,-1,button,1,11,11,0,86,0,1.0000,48,0.000480,-1,,button,1,11,11,0,86,0,1.0000,48,0.276558,-1,-1,11,0,0,0,0.4,risk_path,4,Bot1|Bot2|Bot3|Bot4,,1,0
429,0.80,75,440,2932552292,18426317,3674,0.653156,511,1398,22-34,51-14,67-21,59,49,66,58,37,23,1,0,1,59,0,,45,0,,,0,walked_into_fire,0,53,53,0,-7,6,0.8983,,0.004704,46,46,fire_reached_bot,0,63,45,18,-17,14,0.7627,,0.094507,,-1,fire_reached_bot,0,63,45,18,-17,14,0.7627,,0.191566,-1,,fire_reached_bot,0,63,45,18,-17,14,0.7627,,5.424794,-1,-1,63,0,45,18,,no_path,0,,Bot1|Bot2|Bot3|Bot4,0,1
430,0.80,75,440,2526166132,2004277368,3663,0.651200,520,1424,48-54,7-1,3-67,98,94,78,58,90,70,1,0,1,98,0,,107,1,98,9,1,button,1,98,98,0,2,0,1.0000,1935,0.019566,-1,-1,button,1,98,98,0,2,0,1.0000,1935,0.061368,,-1,button,1,98,98,0,2,0,1.0000,1935,0.084838,-1,,button,1,98,98,0,2,0,1.0000,1935,12.969696,-1,-1,98,15,22,0,0.99,risk_path,4,Bot1|Bot2|Bot3|Bot4,,1,0
431,0.80,75,440,2360711024,676293112,3646,0.648178,499,1381,49-31,9-40,65-23,57,49,28,24,81,73,0,0,1,57,1,57,97,1,57,40,1,button,1,57,57,0,28,0,1.0000,1316,0.008442,-1,-1,button,1,57,57,0,28,0,1.0000,1316,0.017220,,-1,button,1,57,57,0,28,0,1.0000,1316,0.031955,-1,,button,1,57,57,0,28,0,1.0000,1316,4.400033,-1,-1,57,0,0,0,0.4,risk_path,4,Bot1|Bot2|Bot3|Bot4,,1,0
432,0.80,75,440,1910899855,3074822446,3643,0.647644,516,1359,33-54,51-29,56-40,55,43,49,37,16,16,1,0,1,55,0,,23,0,,,0,fire_reached_bot,0,27,27,0,-3,28,0.4909,,0.001924,24,24,fire_reached_bot,0,31,23,8,-7,32,0.4182,,0.056166,,-1,fire_reached_bot,0,31,23,8,-7,32,0.4182,,0.116559,-1,,fire_reached_bot,0,31,23,8,-7,32,0.4182,,3.048002,-1,-1,31,0,23,8,,no_path,0,,Bot1|Bot2|Bot3|Bot4,0,1
433,0.80,75,440,2661614459,1963583143,3649,0.648711,498,1378,42-68,17-18,56-34,83,75,52,48,59,55,1,0,1,83,0,,72,0,,,0,walked_into_fire,0,35,35,0,-1,48,0.4217,667,0.003199,34,34,fire_reached_bot,0,46,43,3,0,52,0.3735,1212,0.029189,,-1,fire_reached_bot,0,46,43,3,0,52,0.3735,1212,0.039707,-1,,fire_reached_bot,0,46,43,3,0,52,0.3735,1212,6.073104,-1,-1,46,0,43,3,,no_path,0,,Bot1|Bot2|Bot3|Bot4,0,1
434,0.80,75,440,3282060075,882283043,3638,0.646756,507,1363,17-63,15-48,25-14,17,17,75,57,60,44,0,0,1,17,1,17,67,1,17,50,1,button,1,17,17,0,50,0,1.0000,65,0.000223,-1,-1,button,1,17,17,0,50,0,1.0000,65,0.000668,,-1,button,1,17,17,0,50,0,1.0000,65,0.000912,-1,,button,1,17,17,0,50,0,1.0000,65,0.599588,-1,-1,17,0,0,0,0.4,risk_path,4,Bot1|Bot2|Bot3|Bot4,,1,0
435,0.80,75,440,3996130700,1346204788,3641,0.647289,510,1369,33-13,9-17,51-33,36,28,48,38,72,58,0,0,1,36,1,36,81,1,36,45,1,button,1,36,36,0,43,0,1.0000,760,0.002862,-1,-1,button,1,36,36,0,43,0,1.0000,760,0.006621,,-1,button,1,36,36,0,43,0,1.0000,760,0.011241,-1,,button,1,36,36,0,43,0,1.0000,760,2.030282,-1,-1,36,0,0,0,0.4,risk_path,4,Bot1|Bot2|Bot3|Bot4,,1,0
436,0.80,75,440,836374606,2519469390,3644,0.647822,514,1410,66-40,20-42,12-26,64,48,78,68,26,24,1,0,1,64,0,,36,0,,,0,fire_reached_bot,0,50,50,0,-13,14,0.7812,,0.007042,37,37,fire_reached_bot,0,59,36,23,-22,28,0.5625,,0.101541,,-1,fire_reached_bot,0,59,36,23,-22,28,0.5625,,0.181480,-1,,fire_reached_bot,0,59,36,23,-22,28,0.5625,,5.191077,-1,-1,59,0,36,23,,no_path,0,,Bot1|Bot2|Bot3|Bot4,0,1
437,0.80,75,440,3431814037,2475972391,3665,0.651556,509,1430,18-47,46-36,51-30,43,39,54,50,11,11,1,0,1,43,0,,15,0,,,0,fire_reached_bot,0,30,30,0,-14,13,0.6977,,0.001846,16,16,fire_reached_bot,0,46,15,31,-30,28,0.3488,,0.147001,,-1,fire_reached_bot,0,46,15,31,-30,28,0.3488,,0.291916,-1,,fire_reached_bot,0,46,15,31,-30,28,0.3488,,1.837956,-1,-1,46,0,15,31,,no_path,0,,Bot1|Bot2|Bot3|Bot4,0,1
438,0.80,75,440,1717278258,3909387573,3628,0.644978,489,1365,62-2,11-7,19-66,66,56,109,107,83,67,0,0,1,66,1,66,94,1,66,28,1,button,1,66,66,0,28,0,1.0000,1444,0.012461,-1,-1,button,1,66,66,0,28,0,1.0000,1444,0.022922,,-1,button,1,66,66,0,28,0,1.0000,1444,0.047330,-1,,button,1,66,66,0,28,0,1.0000,1444,5.723517,-1,-1,66,0,0,0,0.4,risk_path,4,Bot1|Bot2|Bot3|Bot4,,1,0
439,0.80,75,440,601328095,3338845994,3660,0.650667,513,1409,49-10,22-21,7-64,58,38,102,96,64,58,0,0,1,58,1,58,74,1,58,16,1,button,1,58,58,0,15,0,1.0000,844,0.005815,-1,-1,button,1,58,58,0,15,0,1.0000,844,0.023588,,-1,button,1,58,58,0,15,0,1.0000,844,0.031161,-1,,button,1,58,58,0,15,0,1.0000,844,5.223676,-1,-1,58,0,0,0,0.4,risk_path,4,Bot1|Bot2|Bot3|Bot4,,1,0
440,0.80,75,440,2216123474,76203067,3642,0.647467,521,1396,71-40,18-70,58-46,91,83,25,19,66,64,1,0,1,91,0,,78,0,,,0,walked_into_fire,0,14,14,0,-1,77,0.1538,116,0.001202,13,13,fire_reached_bot,0,15,15,0,0,78,0.1429,155,0.010857,,-1,fire_reached_bot,0,15,15,0,0,78,0.1429,155,0.013439,-1,,fire_reached_bot,0,15,15,0,0,78,0.1429,155,2.842748,-1,-1,15,0,15,0,,shortest_path_fallback,0,,Bot1|Bot2|Bot3|Bot4,0,1
441,0.80,75,440,2952930947,3442715,3633,0.645867,493,1336,34-33,4-65,13-73,70,62,69,61,21,17,1,0,1,70,0,,25,0,,,0,walked_into_fire,0,37,37,0,-11,33,0.5286,,0.002150,25,25,fire_reached_bot,0,51,24,27,-25,46,0.3429,,0.133504,,-1,fire_reached_bot,0,51,24,27,-25,46,0.3429,,0.279296,-1,,fire_reached_bot,0,51,24,27,-25,46,0.3429,,4.287224,-1,-1,51,0,24,27,,no_path,0,,Bot1|Bot2|Bot3|Bot4,0,1
442,0.80,75,440,954329560,321467233,3659,0.650489,499,1374,67-24,7-24,36-66,86,60,77,73,75,71,1,0,1,86,0,,87,1,86,1,1,button,1,86,86,0,1,0,1.0000,2300,0.021708,-1,-1,button,1,86,86,0,1,0,1.0000,2300,0.050279,,-1,button,1,86,86,0,1,0,1.0000,2300,0.074864,-1,,button,1,86,86,0,1,0,1.0000,2300,8.922302,-1,-1,86,9,70,0,0.99,risk_path,4,Bot1|Bot2|Bot3|Bot4,,1,0
443,0.80,75,440,2194090034,1836282544,3620,0.643556,485,1382,59-51,66-29,6-24,39,29,88,80,83,65,0,0,1,39,1,39,91,1,39,52,1,button,1,39,39,0,52,0,1.0000,527,0.002464,-1,-1,button,1,39,39,0,52,0,1.0000,527,0.006735,,-1,button,1,39,39,0,52,0,1.0000,527,0.009190,-1,,button,1,39,39,0,52,0,1.0000,527,2.247304,27,27,39,0,0,0,0.4,risk_path,4,Bot1|Bot2|Bot3|Bot4,,1,0
444,0.80,75,440,99980322,3105913063,3629,0.645156,499,1364,32-3,62-72,50-46,109,99,71,61,52,38,1,0,1,109,0,,59,0,,,0,walked_into_fire,0,39,39,0,-1,70,0.3578,676,0.003815,35,35,fire_reached_bot,0,45,43,2,0,78,0.2844,966,0.080618,,-1,fire_reached_bot,0,45,43,2,0,78,0.2844,966,0.094259,-1,,fire_reached_bot,0,45,43,2,0,78,0.2844,966,7.666316,-1,-1,45,0,43,2,,no_path,0,,Bot1|Bot2|Bot3|Bot4,0,1
445,0.80,75,440,4143197766,1623788008,3645,0.648000,506,1364,60-66,70-44,12-31,34,32,91,83,97,71,0,0,1,34,1,34,119,1,34,85,1,button,1,34,34,0,85,0,1.0000,462,0.001711,-1,-1,button,1,34,34,0,85,0,1.0000,462,0.003719,,-1,button,1,34,34,0,85,0,1.0000,462,0.005131,-1,,button,1,34,34,0,85,0,1.0000,462,1.755714,13,13,34,0,0,0,0.4,risk_path,4,Bot1|Bot2|Bot3|Bot4,,1,0
446,0.80,75,440,846446360,2130916755,3634,0.646044,496,1358,39-19,71-58,53-21,79,71,24,16,73,55,1,0,1,79,0,,82,0,,,0,fire_reached_bot,0,43,43,0,0,36,0.5443,1045,0.005654,-1,43,fire_reached_bot,0,43,43,0,0,36,0.5443,1045,0.036723,,43,fire_reached_bot,0,81,79,2,0,16,0.7975,2557,0.089859,43,,fire_reached_bot,0,43,43,0,0,36,0.5443,1045,5.615040,32,32,43,32,5,0,0.99,risk_path,0,,Bot1|Bot2|Bot3|Bot4,0,1
447,0.80,75,440,779460035,79676451,3647,0.648356,502,1429,35-37,33-67,8-44,46,32,60,34,56,48,0,0,1,46,1,46,71,1,46,25,1,button,1,46,46,0,25,0,1.0000,737,0.003506,-1,-1,button,1,46,46,0,25,0,1.0000,737,0.008143,,-1,button,1,46,46,0,25,0,1.0000,737,0.017576,-1,,button,1,46,46,0,25,0,1.0000,737,3.109191,-1,-1,46,0,0,0,0.4,risk_path,4,Bot1|Bot2|Bot3|Bot4,,1,0
448,0.80,75,440,1123366057,3344577641,3660,0.650667,494,1419,30-32,27-34,73-46,11,5,79,57,84,58,0,0,1,11,1,11,102,1,11,91,1,button,1,11,11,0,91,0,1.0000,29,0.000153,-1,-1,button,1,11,11,0,91,0,1.0000,29,0.000311,,-1,button,1,11,11,0,91,0,1.0000,29,0.000646,-1,,button,1,11,11,0,91,0,1.0000,29,0.291511,-1,-1,11,0,0,0,0.4,risk_path,4,Bot1|Bot2|Bot3|Bot4,,1,0
449,0.80,75,440,2060266283,3682968219,3648,0.648533,502,1416,66-6,7-5,44-56,86,60,86,72,98,88,0,0,1,86,1,86,114,1,86,28,1,button,1,86,86,0,28,0,1.0000,2511,0.024931,-1,-1,button,1,86,86,0,28,0,1.0000,2511,0.045679,,-1,button,1,86,86,0,28,0,1.0000,2511,0.076797,-1,,button,1,86,86,0,28,0,1.0000,2511,6.937260,-1,-1,86,0,0,0,0.4,risk_path,4,Bot1|Bot2|Bot3|Bot4,,1,0
450,0.80,75,440,3271714734,783943413,3641,0.647289,494,1354,33-11,36-11,36-6,3,3,8,8,5,5,0,0,1,3,1,3,5,1,3,2,1,button,1,3,3,0,2,0,1.0000,7,0.000066,-1,-1,button,1,3,3,0,2,0,1.0000,7,0.000073,,-1,button,1,3,3,0,2,0,1.0000,7,0.000114,-1,,button,1,3,3,0,2,0,1.0000,7,0.056858,-1,-1,3,0,0,0,0.4,risk_path,4,Bot1|Bot2|Bot3|Bot4,,1,0
451,0.80,75,440,1682450521,2218722123,3650,0.648889,500,1388,63-74,74-28,41-74,67,57,62,22,85,79,0,0,1,67,1,67,103,1,67,36,1,button,1,67,67,0,36,0,1.0000,1027,0.005629,-1,-1,button,1,67,67,0,36,0,1.0000,1027,0.017151,,-1,button,1,67,67,0,36,0,1.0000,1027,0.028447,-1,,button,1,67,67,0,36,0,1.0000,1027,6.729617,42,42,67,0,0,0,0.4,risk_path,4,Bot1|Bot2|Bot3|Bot4,,1,0
452,0.80,75,440,4253021220,2834508363,3667,0.651911,506,1400,26-8,16-57,57-74,77,59,103,97,70,58,1,0,1,77,0,,81,1,77,4,1,button,1,77,77,0,4,0,1.0000,1410,0.012240,-1,-1,button,1,77,77,0,4,0,1.0000,1410,0.046215,,-1,button,1,77,77,0,4,0,1.0000,1410,0.050202,-1,,button,1,77,77,0,4,0,1.0000,1410,8.167937,66,66,77,20,10,0,0.99,risk_path,4,Bot1|Bot2|Bot3|Bot4,,1,0
453,0.80,75,440,2952658635,970395582,3617,0.643022,500,1329,73-24,20-35,66-32,74,64,55,15,63,49,1,0,1,74,0,,75,0,,,0,fire_reached_bot,0,31,31,0,0,43,0.4189,265,0.001577,31,30,fire_reached_bot,0,54,50,4,0,54,0.2703,847,0.023263,,30,fire_reached_bot,0,52,50,2,0,52,0.2973,775,0.034562,30,,fire_reached_bot,0,54,50,4,0,54,0.2703,847,7.196987,-1,30,54,0,50,4,,no_path,0,,Bot1|Bot2|Bot3|Bot4,0,1
454,0.80,75,440,473146384,3945293444,3628,0.644978,501,1342,49-65,65-42,31-59,53,39,28,24,65,51,0,0,1,53,1,53,74,1,53,21,1,button,1,53,53,0,14,0,1.0000,1538,0.008443,-1,-1,button,1,53,53,0,14,0,1.0000,1538,0.017480,,-1,button,1,53,53,0,14,0,1.0000,1538,0.034783,-1,,button,1,53,53,0,14,0,1.0000,1538,3.671335,24,24,53,0,0,0,0.4,risk_path,4,Bot1|Bot2|Bot3|Bot4,,1,0
455,0.80,75,440,2903495406,1402952168,3639,0.646933,510,1381,26-31,73-0,14-53,80,78,44,34,112,112,0,0,1,80,1,80,135,1,80,55,1,button,1,80,80,0,49,0,1.0000,2240,0.020205,-1,-1,button,1,80,80,0,49,0,1.0000,2240,0.050924,,-1,button,1,80,80,0,49,0,1.0000,2240,0.073235,-1,,button,1,80,80,0,49,0,1.0000,2240,6.947811,37,37,80,0,0,0,0.4,risk_path,4,Bot1|Bot2|Bot3|Bot4,,1,0
456,0.80,75,440,1612596313,1606830779,3651,0.649067,494,1390,61-73,9-34,31-53,97,91,56,50,41,41,1,0,1,97,0,,47,0,,,0,fire_reached_bot,0,32,32,0,0,65,0.3299,523,0.002560,-1,30,fire_reached_bot,0,32,32,0,0,65,0.3299,523,0.025268,,30,fire_reached_bot,0,50,45,5,-2,72,0.2577,,0.047714,30,,fire_reached_bot,0,32,32,0,0,65,0.3299,523,4.486609,-1,30,32,0,32,0,,shortest_path_fallback,0,,Bot1|Bot2|Bot3|Bot4,0,1
457,0.80,75,440,2590130515,196957734,3647,0.648356,507,1384,54-67,36-66,67-8,27,19,114,72,103,89,0,0,1,27,1,27,115,1,27,88,1,button,1,27,27,0,86,0,1.0000,253,0.001014,-1,-1,button,1,27,27,0,86,0,1.0000,253,0.003347,,-1,button,1,27,27,0,86,0,1.0000,253,0.003432,-1,,button,1,27,27,0,86,0,1.0000,253,1.285538,6,6,27,0,0,0,0.4,risk_path,4,Bot1|Bot2|Bot3|Bot4,,1,0
458,0.80,75,440,3410208556,1748041653,3630,0.645333,504,1401,43-42,53-52,35-68,20,20,44,34,38,34,0,0,1,20,1,20,44,1,20,24,1,button,1,20,20,0,24,0,1.0000,182,0.000562,-1,-1,button,1,20,20,0,24,0,1.0000,182,0.001359,,-1,button,1,20,20,0,24,0,1.0000,182,0.001637,-1,,button,1,20,20,0,24,0,1.0000,182,0.737955,1,1,20,0,0,0,0.4,risk_path,4,Bot1|Bot2|Bot3|Bot4,,1,0
459,0.80,75,440,1944609791,705594675,3674,0.653156,521,1406,73-3,42-69,11-71,103,97,132,130,43,33,1,0,1,103,0,,52,0,,,0,fire_reached_bot,0,81,81,0,-28,22,0.7864,,0.014253,53,53,fire_reached_bot,0,98,52,46,-45,51,0.5049,,0.231773,,-1,fire_reached_bot,0,98,52,46,-45,51,0.5049,,0.407311,-1,,fire_reached_bot,0,98,52,46,-45,51,0.5049,,10.269070,-1,-1,98,0,52,46,,no_path,0,,Bot1|Bot2|Bot3|Bot4,0,1
460,0.80,75,440,3380480183,1588023217,3661,0.650844,511,1422,4-70,35-43,9-64,60,58,11,11,49,47,1,0,1,60,0,,58,0,,,0,walked_into_fire,0,9,9,0,-1,51,0.1500,51,0.000570,8,8,fire_reached_bot,0,13,11,2,0,55,0.0833,142,0.004442,,-1,fire_reached_bot,0,13,11,2,0,55,0.0833,142,0.004643,-1,,fire_reached_bot,0,13,11,2,0,55,0.0833,142,1.911611,-1,-1,13,0,11,2,,no_path,0,,Bot1|Bot2|Bot3|Bot4,0,1
461,0.80,75,440,545968031,3785375886,3639,0.646933,498,1365,43-6,61-58,1-42,76,70,84,78,86,76,0,0,1,76,1,76,100,1,76,24,1,button,1,76,76,0,21,0,1.0000,1617,0.012462,-1,-1,button,1,76,76,0,21,0,1.0000,1617,0.034432,,-1,button,1,76,76,0,21,0,1.0000,1617,0.047389,-1,,button,1,76,76,0,21,0,1.0000,1617,6.946035,43,43,76,0,0,0,0.4,risk_path,4,Bot1|Bot2|Bot3|Bot4,,1,0
462,0.80,75,440,3450460134,238140626,3636,0.646400,504,1363,56-10,14-8,20-65,68,44,93,91,83,63,0,0,1,68,1,68,103,1,68,35,1,button,1,68,68,0,35,0,1.0000,1568,0.012922,-1,-1,button,1,68,68,0,35,0,1.0000,1568,0.031112,,-1,button,1,68,68,0,35,0,1.0000,1568,0.037852,-1,,button,1,68,68,0,35,0,1.0000,1568,6.086700,-1,-1,68,0,0,0,0.4,risk_path,4,Bot1|Bot2|Bot3|Bot4,,1,0
463,0.80,75,440,1149964191,3065534945,3643,0.647644,509,1362,40-25,17-31,0-32,35,29,63,47,36,18,0,0,1,35,1,35,43,1,35,8,1,button,1,35,35,0,8,0,1.0000,338,0.001333,-1,-1,button,1,35,35,0,8,0,1.0000,338,0.003953,,-1,button,1,35,35,0,8,0,1.0000,338,0.004988,-1,,button,1,35,35,0,8,0,1.0000,338,2.019230,2,2,35,0,0,0,0.4,risk_path,4,Bot1|Bot2|Bot3|Bot4,,1,0
464,0.80,75,440,2588932194,3317267967,3638,0.646756,502,1370,62-19,40-53,74-66,68,56,83,59,61,47,1,0,1,68,0,,72,1,68,4,1,button,1,68,68,0,4,0,1.0000,696,0.004650,-1,-1,button,1,68,68,0,4,0,1.0000,696,0.025663,,-1,button,1,68,68,0,4,0,1.0000,696,0.025511,-1,,button,1,68,68,0,4,0,1.0000,696,7.450216,-1,-1,68,11,12,0,0.99,risk_path,4,Bot1|Bot2|Bot3|Bot4,,1,0
465,0.80,75,440,283204915,3485829726,3629,0.645156,508,1367,64-59,65-68,21-63,12,10,71,47,71,49,0,0,1,12,1,12,86,1,12,74,1,button,1,12,12,0,73,0,1.0000,47,0.000167,-1,-1,button,1,12,12,0,73,0,1.0000,47,0.000372,,-1,button,1,12,12,0,73,0,1.0000,47,0.000457,-1,,button,1,12,12,0,73,0,1.0000,47,0.331632,-1,-1,12,0,0,0,0.4,risk_path,4,Bot1|Bot2|Bot3|Bot4,,1,0
466,0.80,75,440,519884690,3415390693,3660,0.650667,498,1397,42-44,2-19,17-64,65,65,47,45,82,60,0,0,1,65,1,65,97,1,65,32,1,button,1,65,65,0,29,0,1.0000,1311,0.009637,-1,-1,button,1,65,65,0,29,0,1.0000,1311,0.023748,,-1,button,1,65,65,0,29,0,1.0000,1311,0.031684,-1,,button,1,65,65,0,29,0,1.0000,1311,5.826140,-1,-1,65,0,0,0,0.4,risk_path,4,Bot1|Bot2|Bot3|Bot4,,1,0
467,0.80,75,440,3826963234,2865125719,3651,0.649067,514,1442,46-13,18-38,44-2,53,53,13,13,62,62,0,0,1,53,1,53,72,1,53,19,1,button,1,53,53,0,10,0,1.0000,1003,0.005091,-1,-1,button,1,53,53,0,10,0,1.0000,1003,0.008935,,-1,button,1,53,53,0,10,0,1.0000,1003,0.014612,-1,,button,1,53,53,0,10,0,1.0000,1003,4.080477,-1,-1,53,0,0,0,0.4,risk_path,4,Bot1|Bot2|Bot3|Bot4,,1,0
468,0.80,75,440,4243052957,3832579543,3655,0.649778,512,1362,20-47,35-34,1-59,40,28,31,31,67,59,0,0,1,40,1,40,78,1,40,38,1,button,1,40,40,0,32,0,1.0000,445,0.002066,-1,-1,button,1,40,40,0,32,0,1.0000,445,0.007039,,-1,button,1,40,40,0,32,0,1.0000,445,0.008873,-1,,button,1,40,40,0,32,0,1.0000,445,2.671728,11,11,40,0,0,0,0.4,risk_path,4,Bot1|Bot2|Bot3|Bot4,,1,0
469,0.80,75,440,2512400746,3515949097,3651,0.649067,508,1372,72-67,69-59,59-74,27,11,22,20,29,25,0,0,1,27,1,27,33,1,27,6,1,button,1,27,27,0,3,0,1.0000,232,0.001005,-1,-1,button,1,27,27,0,3,0,1.0000,232,0.002768,,-1,button,1,27,27,0,3,0,1.0000,232,0.003443,-1,,button,1,27,27,0,3,0,1.0000,232,1.270555,-1,-1,27,0,0,0,0.4,risk_path,4,Bot1|Bot2|Bot3|Bot4,,1,0
470,0.80,75,440,3413718978,1893227172,3673,0.652978,501,1432,59-29,30-55,41-69,67,55,72,58,33,25,1,0,1,67,0,,40,0,,,0,fire_reached_bot,0,44,44,0,-3,23,0.6567,,0.004208,32,32,fire_reached_bot,0,62,37,25,-21,40,0.4030,,0.146695,,-1,fire_reached_bot,0,62,37,25,-21,40,0.4030,,0.223207,-1,,fire_reached_bot,0,62,37,25,-21,40,0.4030,,5.864863,-1,-1,62,0,37,25,,no_path,0,,Bot1|Bot2|Bot3|Bot4,0,1
471,0.80,75,440,503817407,3717343413,3672,0.652800,514,1425,13-45,72-30,24-35,84,74,23,21,75,53,1,0,1,84,0,,90,0,,,0,walked_into_fire,0,17,17,0,-1,67,0.2024,120,0.001470,17,17,fire_reached_bot,0,23,23,0,0,67,0.2024,336,0.017102,,-1,fire_reached_bot,0,23,23,0,0,67,0.2024,336,0.016824,-1,,fire_reached_bot,0,23,23,0,0,67,0.2024,336,3.224187,-1,-1,23,0,23,0,,shortest_path_fallback,0,,Bot1|Bot2|Bot3|Bot4,0,1
472,0.80,75,440,2819638129,3975689994,3623,0.644089,510,1354,74-33,36-23,31-36,66,48,70,46,34,18,1,0,1,66,0,,44,0,,,0,walked_into_fire,0,55,55,0,-10,11,0.8333,,0.006601,45,45,fire_reached_bot,0,56,44,12,-11,22,0.6667,,0.075212,,-1,fire_reached_bot,0,56,44,12,-11,22,0.6667,,0.117283,-1,,fire_reached_bot,0,56,44,12,-11,22,0.6667,,4.728358,-1,-1,56,0,44,12,,no_path,0,,Bot1|Bot2|Bot3|Bot4,0,1
473,0.80,75,440,2272994969,415899555,3671,0.652622,516,1414,5-54,58-0,43-33,113,107,75,59,50,48,1,0,1,113,0,,62,0,,,0,fire_reached_bot,0,46,46,0,0,67,0.4071,1110,0.005895,43,43,fire_reached_bot,0,58,50,8,0,79,0.3009,1851,0.083586,,-1,fire_reached_bot,0,58,50,8,0,79,0.3009,1851,0.110180,-1,,fire_reached_bot,0,58,50,8,0,79,0.3009,1851,8.730391,-1,-1,58,0,50,8,,no_path,0,,Bot1|Bot2|Bot3|Bot4,0,1
474,0.80,75,440,3800817311,3697787141,3626,0.644622,492,1343,5-7,13-60,73-20,75,61,97,81,102,100,0,0,1,75,1,75,118,1,75,43,1,button,1,75,75,0,40,0,1.0000,1575,0.012212,-1,-1,button,1,75,75,0,40,0,1.0000,1575,0.034622,,-1,button,1,75,75,0,40,0,1.0000,1575,0.043593,-1,,button,1,75,75,0,40,0,1.0000,1575,6.602101,12,12,75,0,0,0,0.4,risk_path,4,Bot1|Bot2|Bot3|Bot4,,1,0
475,0.80,75,440,3913921988,874549696,3647,0.648356,511,1362,56-1,38-43,52-0,66,60,15,5,67,57,0,0,1,66,1,66,84,1,66,18,1,button,1,66,66,0,8,0,1.0000,1000,0.006781,-1,-1,button,1,66,66,0,8,0,1.0000,1000,0.021763,,-1,button,1,66,66,0,8,0,1.0000,1000,0.027354,-1,,button,1,66,66,0,8,0,1.0000,1000,6.110775,-1,-1,66,0,0,0,0.4,risk_path,4,Bot1|Bot2|Bot3|Bot4,,1,0
476,0.80,75,440,2149910873,4090412208,3621,0.643733,513,1361,26-55,26-4,18-31,83,51,34,32,49,35,1,0,1,83,0,,62,0,,,0,walked_into_fire,0,33,33,0,-1,50,0.3976,460,0.002844,33,33,fire_reached_bot,0,39,39,0,0,48,0.4217,770,0.035005,,-1,fire_reached_bot,0,39,39,0,0,48,0.4217,770,0.031821,-1,,fire_reached_bot,0,39,39,0,0,48,0.4217,770,4.889203,-1,-1,39,0,39,0,,shortest_path_fallback,0,,Bot1|Bot2|Bot3|Bot4,0,1
477,0.80,75,440,2557168548,667988557,3659,0.650489,494,1407,58-32,54-42,13-19,30,14,66,58,80,64,0,0,1,30,1,30,94,1,30,64,1,button,1,30,30,0,64,0,1.0000,384,0.001290,-1,-1,button,1,30,30,0,64,0,1.0000,384,0.003458,,-1,button,1,30,30,0,64,0,1.0000,384,0.004586,-1,,button,1,30,30,0,64,0,1.0000,384,1.414036,27,27,30,0,0,0,0.4,risk_path,4,Bot1|Bot2|Bot3|Bot4,,1,0
478,0.80,75,440,364875584,1296068607,3621,0.643733,496,1338,45-17,14-59,55-11,91,73,20,16,105,89,0,0,1,91,1,91,122,1,91,31,1,button,1,91,91,0,20,0,1.0000,2344,0.025953,-1,-1,button,1,91,91,0,20,0,1.0000,2344,0.091378,,-1,button,1,91,91,0,20,0,1.0000,2344,0.114858,-1,,button,1,91,91,0,20,0,1.0000,2344,7.971344,-1,-1,91,0,0,0,0.4,risk_path,4,Bot1|Bot2|Bot3|Bot4,,1,0
479,0.80,75,440,1145681825,3225904011,3615,0.642667,492,1333,39-32,63-60,60-51,54,52,42,40,14,12,1,0,1,54,0,,19,0,,,0,walked_into_fire,0,28,28,0,-8,26,0.5185,,0.001446,20,20,fire_reached_bot,0,36,19,17,-16,35,0.3519,,0.090087,,-1,fire_reached_bot,0,36,19,17,-16,35,0.3519,,0.149841,-1,,fire_reached_bot,0,36,19,17,-16,35,0.3519,,2.964915,-1,-1,36,0,19,17,,no_path,0,,Bot1|Bot2|Bot3|Bot4,0,1
480,0.80,75,440,348230519,1372939948,3638,0.646756,505,1386,59-43,51-1,23-1,54,50,82,78,52,28,1,0,1,54,0,,59,1,54,5,1,button,1,54,54,0,4,0,1.0000,824,0.004242,-1,-1,button,1,54,54,0,4,0,1.0000,824,0.010272,,-1,button,1,54,54,0,4,0,1.0000,824,0.014724,-1,,button,1,54,54,0,4,0,1.0000,824,3.946143,-1,-1,54,1,0,0,0.6,risk_path,4,Bot1|Bot2|Bot3|Bot4,,1,0
481,0.80,75,440,1613761028,1186564994,3628,0.644978,490,1360,42-69,73-38,64-51,70,62,44,40,32,22,1,0,1,70,0,,38,0,,,0,fire_reached_bot,0,24,24,0,0,46,0.3429,335,0.001758,21,21,fire_reached_bot,0,35,32,3,0,40,0.4286,603,0.027733,,-1,fire_reached_bot,0,35,32,3,0,40,0.4286,603,0.033595,-1,,fire_reached_bot,0,35,32,3,0,40,0.4286,603,4.203107,-1,-1,35,0,32,3,,no_path,0,,Bot1|Bot2|Bot3|Bot4,0,1
482,0.80,75,440,2244013405,2091786480,3633,0.645867,501,1376,17-42,31-61,59-17,39,33,75,67,92,72,0,0,1,39,1,39,113,1,39,74,1,button,1,39,39,0,74,0,1.0000,725,0.003240,-1,-1,button,1,39,39,0,74,0,1.0000,725,0.008102,,-1,button,1,39,39,0,74,0,1.0000,725,0.011188,-1,,button,1,39,39,0,74,0,1.0000,725,2.171581,10,10,39,0,0,0,0.4,risk_path,4,Bot1|Bot2|Bot3|Bot4,,1,0
483,0.80,75,440,944778932,1478825027,3640,0.647111,504,1358,32-47,39-21,6-61,37,33,54,40,91,73,0,0,1,37,1,37,106,1,37,69,1,button,1,37,37,0,61,0,1.0000,334,0.001410,-1,-1,button,1,37,37,0,61,0,1.0000,334,0.006312,,-1,button,1,37,37,0,61,0,1.0000,334,0.004716,-1,,button,1,37,37,0,61,0,1.0000,334,2.104830,7,7,37,0,0,0,0.4,risk_path,4,Bot1|Bot2|Bot3|Bot4,,1,0
484,0.80,75,440,575576,2379172882,3653,0.649422,507,1391,49-28,31-22,13-1,24,24,65,63,41,39,0,0,1,24,1,24,50,1,24,26,1,button,1,24,24,0,26,0,1.0000,103,0.000373,-1,-1,button,1,24,24,0,26,0,1.0000,103,0.002377,,-1,button,1,24,24,0,26,0,1.0000,103,0.001851,-1,,button,1,24,24,0,26,0,1.0000,103,0.973233,-1,-1,24,0,0,0,0.4,risk_path,4,Bot1|Bot2|Bot3|Bot4,,1,0
485,0.80,75,440,2872471504,826922753,3634,0.646044,499,1374,45-66,31-68,39-51,22,16,25,21,29,25,0,0,1,22,1,22,34,1,22,12,1,button,1,22,22,0,12,0,1.0000,243,0.000706,-1,-1,button,1,22,22,0,12,0,1.0000,243,0.002838,,-1,button,1,22,22,0,12,0,1.0000,243,0.002107,-1,,button,1,22,22,0,12,0,1.0000,243,0.805711,1,1,22,0,0,0,0.4,risk_path,4,Bot1|Bot2|Bot3|Bot4,,1,0
486,0.80,75,440,2028298929,2150041132,3626,0.644622,502,1364,44-42,46-42,65-27,8,2,42,36,36,34,0,0,1,8,1,8,43,1,8,35,1,button,1,8,8,0,35,0,1.0000,20,0.000112,-1,-1,button,1,8,8,0,35,0,1.0000,20,0.000412,,-1,button,1,8,8,0,35,0,1.0000,20,0.000251,-1,,button,1,8,8,0,35,0,1.0000,20,0.173520,-1,-1,8,0,0,0,0.4,risk_path,4,Bot1|Bot2|Bot3|Bot4,,1,0
487,0.80,75,440,2834803892,1468566193,3640,0.647111,512,1367,16-6,32-47,25-59,69,57,88,62,23,19,1,0,1,69,0,,25,0,,,0,fire_reached_bot,0,47,47,0,-21,22,0.6812,,0.003558,24,24,fire_reached_bot,0,76,23,53,-50,46,0.3333,,0.219804,,-1,fire_reached_bot,0,76,23,53,-50,46,0.3333,,0.382343,-1,,fire_reached_bot,0,76,23,53,-50,46,0.3333,,3.780691,-1,-1,76,0,23,53,,no_path,0,,Bot1|Bot2|Bot3|Bot4,0,1
488,0.80,75,440,1595770306,3510375444,3647,0.648356,509,1358,34-49,38-18,27-62,53,35,40,20,81,55,0,0,1,53,1,53,99,1,53,46,1,button,1,53,53,0,40,0,1.0000,1016,0.005621,-1,-1,button,1,53,53,0,40,0,1.0000,1016,0.015089,,-1,button,1,53,53,0,40,0,1.0000,1016,0.019875,-1,,button,1,53,53,0,40,0,1.0000,1016,3.921183,4,4,53,0,0,0,0.4,risk_path,4,Bot1|Bot2|Bot3|Bot4,,1,0
489,0.80,75,440,4171940784,3372629387,3636,0.646400,499,1366,69-26,7-39,72-72,87,75,81,49,106,98,0,0,1,87,1,87,125,1,87,38,1,button,1,87,87,0,32,0,1.0000,1284,0.010893,-1,-1,button,1,87,87,0,32,0,1.0000,1284,0.055403,,-1,button,1,87,87,0,32,0,1.0000,1284,0.053534,-1,,button,1,87,87,0,36,0,1.0000,1284,9.661479,24,24,87,0,0,0,0.4,risk_path,4,Bot1|Bot2|Bot3|Bot4,,1,0
490,0.80,75,440,3646037766,3925754981,3637,0.646578,497,1370,8-53,48-10,13-11,87,83,61,47,62,36,1,0,1,87,0,,75,0,,,0,walked_into_fire,0,43,43,0,-1,44,0.4943,603,0.003443,43,42,fire_reached_bot,0,54,53,1,0,38,0.5632,984,0.031738,,42,fire_reached_bot,0,54,53,1,0,38,0.5632,984,0.035214,42,,fire_reached_bot,0,54,53,1,0,38,0.5632,984,8.144540,-1,42,54,0,53,1,,no_path,0,,Bot1|Bot2|Bot3|Bot4,0,1
491,0.80,75,440,1715550879,3700416209,3644,0.647822,514,1416,15-65,62-11,56-66,107,101,64,42,87,61,1,0,1,107,0,,99,0,,,0,fire_reached_bot,0,62,62,0,0,45,0.5794,1321,0.014805,-1,61,fire_reached_bot,0,62,62,0,0,45,0.5794,1321,0.071108,,61,fire_reached_bot,0,92,92,0,0,27,0.7477,2291,0.110273,61,,fire_reached_bot,0,62,62,0,0,45,0.5794,1321,10.415788,-1,61,62,0,62,0,,shortest_path_fallback,0,,Bot1|Bot2|Bot3|Bot4,0,1
492,0.80,75,440,1948605556,4065344269,3640,0.647111,507,1371,51-69,52-25,18-50,63,45,52,52,61,59,1,0,1,63,0,,76,1,63,13,1,button,1,63,63,0,12,0,1.0000,1835,0.014234,-1,-1,button,1,63,63,0,12,0,1.0000,1835,0.026154,,-1,button,1,63,63,0,12,0,1.0000,1835,0.041368,-1,,button,1,63,63,0,12,0,1.0000,1835,4.656537,13,13,63,0,0,0,0.4,risk_path,4,Bot1|Bot2|Bot3|Bot4,,1,0
493,0.80,75,440,627320740,1943041704,3628,0.644978,504,1383,15-31,53-41,42-35,54,48,37,31,17,17,1,1,1,58,0,,20,0,,,0,fire_reached_bot,0,22,22,0,-1,32,0.4074,,0.001348,21,21,fire_reached_bot,0,25,20,5,-4,34,0.3704,,0.042424,,-1,fire_reached_bot,0,25,20,5,-4,34,0.3704,,0.068798,-1,,fire_reached_bot,0,25,20,5,-4,34,0.3704,,2.930973,-1,-1,25,0,20,5,,no_path,0,,Bot1|Bot2|Bot3|Bot4,0,1
494,0.80,75,440,3909912075,2078630651,3651,0.649067,498,1390,32-62,42-47,11-0,29,25,101,83,82,78,0,0,1,29,1,29,92,1,29,63,1,button,1,29,29,0,63,0,1.0000,246,0.000919,-1,-1,button,1,29,29,0,63,0,1.0000,246,0.002112,,-1,button,1,29,29,0,63,0,1.0000,246,0.002897,-1,,button,1,29,29,0,63,0,1.0000,246,1.537253,-1,-1,29,0,0,0,0.4,risk_path,4,Bot1|Bot2|Bot3|Bot4,,1,0
495,0.80,75,440,1510466362,86062878,3646,0.648178,503,1410,1-6,28-20,9-50,43,41,82,52,65,49,0,0,1,43,1,43,76,1,43,33,1,button,1,43,43,0,33,0,1.0000,560,0.002565,-1,-1,button,1,43,43,0,33,0,1.0000,560,0.006466,,-1,button,1,43,43,0,33,0,1.0000,560,0.009098,-1,,button,1,43,43,0,33,0,1.0000,560,2.952026,24,24,43,0,0,0,0.4,risk_path,4,Bot1|Bot2|Bot3|Bot4,,1,0
496,0.80,75,440,1673293873,26139537,3663,0.651200,514,1389,47-11,12-26,34-36,62,50,44,38,46,32,1,0,1,62,0,,56,0,,,0,fire_reached_bot,0,59,59,0,-2,3,0.9516,,0.011858,57,34,fire_reached_bot,0,61,56,5,-4,6,0.9032,,0.029346,,34,fire_reached_bot,0,41,40,1,0,36,0.4194,896,0.021119,34,,fire_reached_bot,0,61,56,5,-4,6,0.9032,,4.698032,-1,34,61,0,56,5,,no_path,0,,Bot1|Bot2|Bot3|Bot4,0,1
497,0.80,75,440,475465390,3774680164,3640,0.647111,505,1390,35-60,0-27,45-26,72,68,48,44,60,46,1,0,1,72,0,,71,0,,,0,walked_into_fire,0,48,48,0,-1,24,0.6667,1279,0.006068,46,45,fire_reached_bot,0,58,58,0,0,40,0.4444,1937,0.029888,,45,fire_reached_bot,0,63,61,2,0,45,0.3750,2229,0.053954,45,,fire_reached_bot,0,58,58,0,0,40,0.4444,1937,6.418174,-1,45,58,0,58,0,,shortest_path_fallback,0,,Bot1|Bot2|Bot3|Bot4,0,1
498,0.80,75,440,662792833,1871343044,3645,0.648000,508,1402,32-8,35-37,6-34,48,32,60,52,40,32,1,0,1,48,0,,49,1,48,1,1,button,1,48,48,0,1,0,1.0000,841,0.004149,-1,-1,button,1,48,48,0,1,0,1.0000,841,0.013760,,-1,button,1,48,48,0,1,0,1.0000,841,0.016838,-1,,button,1,48,48,0,1,0,1.0000,841,3.716915,39,39,48,27,16,0,0.99,risk_path,4,Bot1|Bot2|Bot3|Bot4,,1,0
499,0.80,75,440,2014376753,1909772166,3652,0.649244,495,1363,33-38,36-40,60-38,5,5,57,27,54,26,0,0,1,5,1,5,70,1,5,65,1,button,1,5,5,0,65,0,1.0000,10,0.000069,-1,-1,button,1,5,5,0,65,0,1.0000,10,0.000108,,-1,button,1,5,5,0,65,0,1.0000,10,0.000106,-1,,button,1,5,5,0,65,0,1.0000,10,0.102696,-1,-1,5,0,0,0,0.4,risk_path,4,Bot1|Bot2|Bot3|Bot4,,1,0
