scenario_id,q,grid_size,seed,layout_seed,fire_seed,open_cells,open_fraction,dead_ends,junctions,start,button,fire_start,start_button_dist,start_button_manhattan,start_fire_dist,start_fire_manhattan,button_fire_dist,button_fire_manhattan,fire_closer_to_button,fire_start_on_shortest_path,path_exists_avoiding_fire_start,bot1_path_len,guaranteed_win,guaranteed_win_route_len,fire_button_time,oracle_win,oracle_route_len,oracle_margin,bot1_predicted_win,Bot1_result,Bot1_success,Bot1_steps,Bot1_moves,Bot1_waits,Bot1_min_slack,Bot1_final_dist_to_button,Bot1_progress_to_button,Bot1_fire_cells_at_end,Bot1_trial_seconds,Bot1_diverges_from_Bot2,Bot1_diverges_from_Bot3,Bot2_result,Bot2_success,Bot2_steps,Bot2_moves,Bot2_waits,Bot2_min_slack,Bot2_final_dist_to_button,Bot2_progress_to_button,Bot2_fire_cells_at_end,Bot2_trial_seconds,Bot2_diverges_from_Bot2,Bot2_diverges_from_Bot3,Bot3_result,Bot3_success,Bot3_steps,Bot3_moves,Bot3_waits,Bot3_min_slack,Bot3_final_dist_to_button,Bot3_progress_to_button,Bot3_fire_cells_at_end,Bot3_trial_seconds,Bot3_diverges_from_Bot2,Bot3_diverges_from_Bot3,Bot4_result,Bot4_success,Bot4_steps,Bot4_moves,Bot4_waits,Bot4_min_slack,Bot4_final_dist_to_button,Bot4_progress_to_button,Bot4_fire_cells_at_end,Bot4_trial_seconds,Bot4_diverges_from_Bot2,Bot4_diverges_from_Bot3,Bot4_plan_count,Bot4_relaxed_count,Bot4_fallback_count,Bot4_no_path_count,Bot4_max_active_threshold,Bot4_final_strategy,n_bots_succeeded,succeeded_bots,failed_bots,all_bots_succeeded,all_bots_failed
0,0.75,75,440,1268951711,594470288,3627,0.644800,505,1370,17-28,16-61,4-73,52,34,68,58,26,24,1,0,1,52,0,,37,0,,,0,fire_reached_bot,0,39,39,0,-1,13,0.7500,,0.001857,36,36,fire_reached_bot,0,45,35,10,-7,17,0.6731,,0.057508,,-1,fire_reached_bot,0,45,35,10,-7,17,0.6731,,0.115251,-1,,fire_reached_bot,0,45,35,10,-7,17,0.6731,,4.890173,-1,-1,45,0,35,10,,no_path,0,,Bot1|Bot2|Bot3|Bot4,0,1
1,0.75,75,440,2520073151,427107123,3637,0.646578,501,1318,1-73,6-66,34-48,14,12,72,58,60,46,0,0,1,14,1,14,80,1,14,66,1,button,1,14,14,0,66,0,1.0000,43,0.000207,-1,-1,button,1,14,14,0,66,0,1.0000,43,0.000470,,-1,button,1,14,14,0,66,0,1.0000,43,0.000583,-1,,button,1,14,14,0,66,0,1.0000,43,0.408775,12,12,14,0,0,0,0.4,risk_path,4,Bot1|Bot2|Bot3|Bot4,,1,0
2,0.75,75,440,1257125778,1539091741,3644,0.647822,495,1360,33-34,5-11,72-13,55,51,74,60,93,69,0,0,1,55,1,55,124,1,55,69,1,button,1,55,55,0,61,0,1.0000,697,0.004511,-1,-1,button,1,55,55,0,61,0,1.0000,697,0.013409,,-1,button,1,55,55,0,61,0,1.0000,697,0.017690,-1,,button,1,55,55,0,61,0,1.0000,697,4.611766,-1,-1,55,0,0,0,0.4,risk_path,4,Bot1|Bot2|Bot3|Bot4,,1,0
3,0.75,75,440,3219619760,4192021694,3647,0.648356,513,1356,57-62,26-5,53-47,110,88,43,19,75,69,1,0,1,110,0,,97,0,,,0,fire_reached_bot,0,37,37,0,0,73,0.3364,584,0.003917,37,37,fire_reached_bot,0,55,53,2,0,67,0.3909,1451,0.058185,,-1,fire_reached_bot,0,55,53,2,0,67,0.3909,1451,0.063632,-1,,fire_reached_bot,0,55,53,2,0,67,0.3909,1451,8.021567,-1,-1,55,0,53,2,,no_path,0,,Bot1|Bot2|Bot3|Bot4,0,1
4,0.75,75,440,4248281429,536808686,3633,0.645867,506,1351,44-73,59-42,40-8,54,46,87,69,57,53,0,0,1,54,1,54,71,1,54,17,1,button,1,54,54,0,17,0,1.0000,984,0.005723,-1,-1,button,1,54,54,0,17,0,1.0000,984,0.013669,,-1,button,1,54,54,0,17,0,1.0000,984,0.018893,-1,,button,1,54,54,0,17,0,1.0000,984,4.157491,10,10,54,0,0,0,0.4,risk_path,4,Bot1|Bot2|Bot3|Bot4,,1,0
5,0.75,75,440,3037363144,91013559,3636,0.646400,501,1364,0-7,1-17,69-60,65,11,124,122,117,111,0,0,1,65,1,65,142,1,65,77,1,button,1,65,65,0,73,0,1.0000,1089,0.009022,-1,-1,button,1,65,65,0,73,0,1.0000,1089,0.027153,,-1,button,1,65,65,0,73,0,1.0000,1089,0.036189,-1,,button,1,65,65,0,73,0,1.0000,1089,5.812336,-1,-1,65,0,0,0,0.4,risk_path,4,Bot1|Bot2|Bot3|Bot4,,1,0
6,0.75,75,440,1074636703,574306319,3647,0.648356,496,1322,54-62,27-69,48-74,44,34,18,18,28,26,1,0,1,44,0,,31,0,,,0,walked_into_fire,0,24,24,0,-1,20,0.5455,199,0.001123,24,23,fire_reached_bot,0,30,29,1,0,27,0.3864,334,0.013043,,23,fire_reached_bot,0,30,29,1,0,27,0.3864,334,0.022034,23,,fire_reached_bot,0,30,29,1,0,27,0.3864,334,3.353387,-1,23,30,0,29,1,,no_path,0,,Bot1|Bot2|Bot3|Bot4,0,1
7,0.75,75,440,1849467998,3035649632,3658,0.650311,499,1404,22-44,18-46,73-3,6,6,92,92,98,98,0,0,1,6,1,6,115,1,6,109,1,button,1,6,6,0,109,0,1.0000,20,0.000102,-1,-1,button,1,6,6,0,109,0,1.0000,20,0.000147,,-1,button,1,6,6,0,109,0,1.0000,20,0.000152,-1,,button,1,6,6,0,109,0,1.0000,20,0.133503,-1,-1,6,0,0,0,0.4,risk_path,4,Bot1|Bot2|Bot3|Bot4,,1,0
8,0.75,75,440,2909181240,3215246687,3620,0.643556,506,1362,12-1,70-49,6-29,106,106,62,34,92,84,1,0,1,106,0,,114,1,106,8,0,fire_reached_bot,0,65,65,0,0,41,0.6132,1131,0.007750,64,63,fire_reached_bot,0,86,83,3,0,37,0.6509,1940,0.044427,,63,fire_reached_bot,0,84,83,1,0,39,0.6321,1855,0.058284,63,,button,1,106,106,0,1,0,1.0000,2665,12.612006,56,56,106,29,48,0,0.99,risk_path,1,Bot4,Bot1|Bot2|Bot3,0,0
9,0.75,75,440,3923003300,2956249458,3664,0.651378,525,1435,41-54,51-65,1-72,21,21,64,58,71,57,0,0,1,21,1,21,81,1,21,60,1,button,1,21,21,0,60,0,1.0000,90,0.000371,-1,-1,button,1,21,21,0,60,0,1.0000,90,0.001155,,-1,button,1,21,21,0,60,0,1.0000,90,0.001269,-1,,button,1,21,21,0,60,0,1.0000,90,0.846420,7,7,21,0,0,0,0.4,risk_path,4,Bot1|Bot2|Bot3|Bot4,,1,0
10,0.75,75,440,4156351459,864755998,3658,0.650311,493,1376,2-7,26-2,45-26,33,29,64,62,47,43,0,0,1,33,1,33,57,1,33,24,1,button,1,33,33,0,23,0,1.0000,530,0.001970,-1,-1,button,1,33,33,0,23,0,1.0000,530,0.004680,,-1,button,1,33,33,0,23,0,1.0000,530,0.006123,-1,,button,1,33,33,0,22,0,1.0000,530,1.916872,28,28,33,0,0,0,0.4,risk_path,4,Bot1|Bot2|Bot3|Bot4,,1,0
11,0.75,75,440,1031185214,4103681230,3664,0.651378,508,1398,69-16,41-61,63-36,77,73,28,26,51,47,1,0,1,77,0,,65,0,,,0,walked_into_fire,0,16,16,0,-1,61,0.2078,149,0.001296,11,11,fire_reached_bot,0,24,23,1,0,68,0.1169,307,0.016114,,17,fire_reached_bot,0,71,65,6,-5,92,-0.1948,,0.119160,17,,fire_reached_bot,0,24,23,1,0,68,0.1169,307,3.542863,-1,17,24,0,23,1,,no_path,0,,Bot1|Bot2|Bot3|Bot4,0,1
12,0.75,75,440,2377238433,762642544,3645,0.648000,497,1380,5-25,25-21,70-55,52,24,109,95,85,79,0,0,1,52,1,52,104,1,52,52,1,button,1,52,52,0,47,0,1.0000,823,0.005120,-1,-1,button,1,52,52,0,47,0,1.0000,823,0.016784,,-1,button,1,52,52,0,47,0,1.0000,823,0.020117,-1,,button,1,52,52,0,47,0,1.0000,823,4.733497,-1,-1,52,0,0,0,0.4,risk_path,4,Bot1|Bot2|Bot3|Bot4,,1,0
13,0.75,75,440,942222858,1891687492,3628,0.644978,514,1353,17-65,38-60,0-9,40,26,103,73,93,89,0,0,1,40,1,40,115,1,40,75,1,button,1,40,40,0,75,0,1.0000,363,0.001781,-1,-1,button,1,40,40,0,75,0,1.0000,363,0.005191,,-1,button,1,40,40,0,75,0,1.0000,363,0.007041,-1,,button,1,40,40,0,75,0,1.0000,363,2.736464,25,25,40,0,0,0,0.4,risk_path,4,Bot1|Bot2|Bot3|Bot4,,1,0
14,0.75,75,440,1794572316,2153723049,3632,0.645689,513,1338,29-67,13-50,1-15,37,33,80,80,47,47,0,0,1,37,1,37,55,1,37,18,1,button,1,37,37,0,18,0,1.0000,449,0.001793,-1,-1,button,1,37,37,0,18,0,1.0000,449,0.006171,,-1,button,1,37,37,0,18,0,1.0000,449,0.007114,-1,,button,1,37,37,0,18,0,1.0000,449,2.354427,-1,-1,37,0,0,0,0.4,risk_path,4,Bot1|Bot2|Bot3|Bot4,,1,0
15,0.75,75,440,2441200447,3899617149,3635,0.646222,492,1390,6-57,27-10,39-18,76,68,74,72,22,20,1,0,1,76,0,,26,0,,,0,walked_into_fire,0,47,47,0,-20,29,0.6184,,0.006274,27,27,fire_reached_bot,0,58,26,32,-31,50,0.3421,,0.144997,,-1,fire_reached_bot,0,58,26,32,-31,50,0.3421,,0.256232,-1,,fire_reached_bot,0,58,26,32,-31,50,0.3421,,3.692730,-1,-1,58,0,26,32,,no_path,0,,Bot1|Bot2|Bot3|Bot4,0,1
16,0.75,75,440,1409741764,2153672354,3659,0.650489,494,1408,10-46,25-53,31-39,26,22,36,28,22,20,1,0,1,26,0,,26,1,26,0,0,fire_reached_bot,0,25,25,0,0,1,0.9615,298,0.001048,-1,25,fire_reached_bot,0,25,25,0,0,1,0.9615,298,0.002516,,25,button,1,26,26,0,0,0,1.0000,298,0.008493,25,,button,1,26,26,0,0,0,1.0000,298,1.210150,25,-1,26,7,16,0,0.99,risk_path,2,Bot3|Bot4,Bot1|Bot2,0,0
17,0.75,75,440,4196951117,430857384,3656,0.649956,505,1381,14-41,64-28,8-72,71,63,55,37,102,100,0,0,1,71,1,71,126,1,71,55,1,button,1,71,71,0,53,0,1.0000,883,0.007227,-1,-1,button,1,71,71,0,53,0,1.0000,883,0.021761,,-1,button,1,71,71,0,53,0,1.0000,883,0.027753,-1,,button,1,71,71,0,53,0,1.0000,883,7.372765,24,24,71,0,0,0,0.4,risk_path,4,Bot1|Bot2|Bot3|Bot4,,1,0
18,0.75,75,440,4233149764,1616157659,3637,0.646578,497,1393,11-0,16-18,0-66,29,23,99,77,86,64,0,0,1,29,1,29,117,1,29,88,1,button,1,29,29,0,88,0,1.0000,156,0.000653,-1,-1,button,1,29,29,0,88,0,1.0000,156,0.002295,,-1,button,1,29,29,0,88,0,1.0000,156,0.002721,-1,,button,1,29,29,0,88,0,1.0000,156,1.450138,-1,-1,29,0,0,0,0.4,risk_path,4,Bot1|Bot2|Bot3|Bot4,,1,0
19,0.75,75,440,4064511795,2171928469,3659,0.650489,507,1409,57-65,50-20,26-74,72,52,56,40,90,78,0,0,1,72,1,72,115,1,72,43,1,button,1,72,72,0,36,0,1.0000,1271,0.009878,-1,-1,button,1,72,72,0,36,0,1.0000,1271,0.033031,,-1,button,1,72,72,0,36,0,1.0000,1271,0.038629,-1,,button,1,72,72,0,36,0,1.0000,1271,7.715183,54,54,72,0,0,0,0.4,risk_path,4,Bot1|Bot2|Bot3|Bot4,,1,0
20,0.75,75,440,1699899743,2977238066,3632,0.645689,499,1358,65-61,56-62,5-33,12,10,94,88,84,80,0,0,1,12,1,12,104,1,12,92,1,button,1,12,12,0,92,0,1.0000,57,0.000191,-1,-1,button,1,12,12,0,92,0,1.0000,57,0.000422,,-1,button,1,12,12,0,92,0,1.0000,57,0.000447,-1,,button,1,12,12,0,92,0,1.0000,57,0.363303,-1,-1,12,0,0,0,0.4,risk_path,4,Bot1|Bot2|Bot3|Bot4,,1,0
21,0.75,75,440,2732194428,1130965774,3628,0.644978,500,1341,59-18,44-33,32-32,42,30,53,41,17,13,1,0,1,42,0,,21,0,,,0,walked_into_fire,0,32,32,0,-10,10,0.7619,,0.002204,22,22,fire_reached_bot,0,43,21,22,-21,21,0.5000,,0.104625,,-1,fire_reached_bot,0,43,21,22,-21,21,0.5000,,0.233966,-1,,fire_reached_bot,0,43,21,22,-21,21,0.5000,,2.145608,-1,-1,43,0,21,22,,no_path,0,,Bot1|Bot2|Bot3|Bot4,0,1
22,0.75,75,440,2997683836,1911204995,3630,0.645333,512,1370,1-26,1-47,5-0,43,21,52,30,83,51,0,0,1,43,1,43,105,1,43,62,1,button,1,43,43,0,51,0,1.0000,345,0.001881,-1,-1,button,1,43,43,0,51,0,1.0000,345,0.006958,,-1,button,1,43,43,0,51,0,1.0000,345,0.016911,-1,,button,1,43,43,0,51,0,1.0000,345,3.137988,-1,-1,43,0,0,0,0.4,risk_path,4,Bot1|Bot2|Bot3|Bot4,,1,0
23,0.75,75,440,1097742752,1414824977,3616,0.642844,520,1378,33-68,31-51,41-66,27,19,28,10,31,25,0,0,1,27,1,27,39,1,27,12,1,button,1,27,27,0,10,0,1.0000,250,0.001012,-1,-1,button,1,27,27,0,10,0,1.0000,250,0.002281,,-1,button,1,27,27,0,10,0,1.0000,250,0.003900,-1,,button,1,27,27,0,10,0,1.0000,250,1.296948,15,15,27,0,0,0,0.4,risk_path,4,Bot1|Bot2|Bot3|Bot4,,1,0
24,0.75,75,440,1337507337,2865046632,3623,0.644089,507,1335,32-73,70-9,19-6,112,102,98,80,76,54,1,0,1,112,0,,95,0,,,0,walked_into_fire,0,83,83,0,-1,29,0.7411,1692,0.018684,73,73,fire_reached_bot,0,98,72,26,-2,40,0.6429,,0.157264,,-1,fire_reached_bot,0,98,72,26,-2,40,0.6429,,0.299002,-1,,fire_reached_bot,0,98,72,26,-2,40,0.6429,,12.492810,-1,-1,98,0,72,26,,no_path,0,,Bot1|Bot2|Bot3|Bot4,0,1
25,0.75,75,440,2498745009,4169581797,3635,0.646222,494,1385,46-65,45-48,5-39,32,18,69,67,59,49,0,0,1,32,1,32,73,1,32,41,1,button,1,32,32,0,40,0,1.0000,360,0.001484,-1,-1,button,1,32,32,0,40,0,1.0000,360,0.004028,,-1,button,1,32,32,0,40,0,1.0000,360,0.006842,-1,,button,1,32,32,0,41,0,1.0000,360,1.759845,27,27,32,0,0,0,0.4,risk_path,4,Bot1|Bot2|Bot3|Bot4,,1,0
26,0.75,75,440,702485085,3014187463,3632,0.645689,514,1384,50-33,57-15,62-49,27,25,30,28,49,39,0,0,1,27,1,27,64,1,27,37,1,button,1,27,27,0,37,0,1.0000,166,0.000613,-1,-1,button,1,27,27,0,37,0,1.0000,166,0.001842,,-1,button,1,27,27,0,37,0,1.0000,166,0.002748,-1,,button,1,27,27,0,37,0,1.0000,166,1.292498,9,9,27,0,0,0,0.4,risk_path,4,Bot1|Bot2|Bot3|Bot4,,1,0
27,0.75,75,440,643282798,4265031986,3649,0.648711,511,1394,1-17,44-11,69-37,79,49,110,88,53,51,1,0,1,79,0,,64,0,,,0,fire_reached_bot,0,74,74,0,-9,5,0.9367,,0.015521,65,65,fire_reached_bot,0,86,64,22,-21,15,0.8101,,0.103209,,-1,fire_reached_bot,0,86,64,22,-21,15,0.8101,,0.208809,-1,,fire_reached_bot,0,86,64,22,-21,15,0.8101,,8.441300,-1,-1,86,0,64,22,,no_path,0,,Bot1|Bot2|Bot3|Bot4,0,1
28,0.75,75,440,1804062868,1517241965,3645,0.648000,508,1398,11-0,21-47,20-45,67,57,66,54,3,3,1,0,1,67,0,,3,0,,,0,walked_into_fire,0,35,35,0,-31,32,0.5224,,0.003487,4,4,fire_reached_bot,0,75,3,72,-71,64,0.0448,,0.270361,,-1,fire_reached_bot,0,75,3,72,-71,64,0.0448,,0.571492,-1,,fire_reached_bot,0,75,3,72,-71,64,0.0448,,0.699927,-1,-1,75,0,3,72,,no_path,0,,Bot1|Bot2|Bot3|Bot4,0,1
29,0.75,75,440,566956298,2924771251,3644,0.647822,501,1370,50-7,18-23,45-30,52,48,40,28,40,34,1,0,1,52,0,,55,0,,,0,fire_reached_bot,0,42,42,0,0,10,0.8077,1026,0.004918,-1,41,fire_reached_bot,0,42,42,0,0,10,0.8077,1026,0.010793,,41,fire_reached_bot,0,61,55,6,-5,15,0.7115,,0.071075,41,,fire_reached_bot,0,42,42,0,0,10,0.8077,1026,3.713983,-1,41,42,19,23,0,0.99,risk_path,0,,Bot1|Bot2|Bot3|Bot4,0,1
30,0.75,75,440,2308806563,965244565,3657,0.650133,511,1407,30-30,52-69,10-51,77,61,45,41,68,60,1,0,1,77,0,,81,0,,,0,fire_reached_bot,0,53,53,0,0,24,0.6883,1106,0.007477,-1,52,fire_reached_bot,0,53,53,0,0,24,0.6883,1106,0.038592,,52,fire_reached_bot,0,56,54,2,0,29,0.6234,1217,0.067073,52,,fire_reached_bot,0,53,53,0,0,24,0.6883,1106,8.036840,-1,52,53,27,26,0,0.99,risk_path,0,,Bot1|Bot2|Bot3|Bot4,0,1
31,0.75,75,440,462864162,1041021291,3639,0.646933,509,1365,21-23,18-74,12-3,78,54,35,29,107,77,0,0,1,78,1,78,129,1,78,51,1,button,1,78,78,0,39,0,1.0000,1349,0.011879,-1,-1,button,1,78,78,0,39,0,1.0000,1349,0.034598,,-1,button,1,78,78,0,39,0,1.0000,1349,0.046695,-1,,button,1,78,78,0,39,0,1.0000,1349,8.116197,-1,-1,78,0,0,0,0.4,risk_path,4,Bot1|Bot2|Bot3|Bot4,,1,0
32,0.75,75,440,1155299482,2171726374,3641,0.647289,493,1387,25-45,7-61,54-71,34,34,61,55,61,57,0,0,1,34,1,34,78,1,34,44,1,button,1,34,34,0,43,0,1.0000,385,0.001727,-1,-1,button,1,34,34,0,43,0,1.0000,385,0.003201,,-1,button,1,34,34,0,43,0,1.0000,385,0.004718,-1,,button,1,34,34,0,43,0,1.0000,385,2.032377,-1,-1,34,0,0,0,0.4,risk_path,4,Bot1|Bot2|Bot3|Bot4,,1,0
33,0.75,75,440,2179890998,1736700740,3656,0.649956,513,1434,34-4,10-2,6-32,38,26,62,56,50,34,0,0,1,38,1,38,65,1,38,27,1,button,1,38,38,0,24,0,1.0000,475,0.002027,-1,-1,button,1,38,38,0,24,0,1.0000,475,0.006193,,-1,button,1,38,38,0,24,0,1.0000,475,0.007764,-1,,button,1,38,38,0,24,0,1.0000,475,2.480942,-1,-1,38,0,0,0,0.4,risk_path,4,Bot1|Bot2|Bot3|Bot4,,1,0
34,0.75,75,440,1845197330,3869115511,3638,0.646756,501,1332,22-74,62-5,5-2,117,109,105,89,100,60,1,0,1,117,0,,129,1,121,8,0,fire_reached_bot,0,88,88,0,0,29,0.7521,1246,0.013772,-1,86,fire_reached_bot,0,88,88,0,0,29,0.7521,1246,0.084684,,86,button,1,121,121,0,1,0,1.0000,2304,0.139355,86,,fire_reached_bot,0,88,88,0,0,29,0.7521,1246,17.631371,67,67,88,13,64,0,0.99,risk_path,1,Bot3,Bot1|Bot2|Bot4,0,0
35,0.75,75,440,2606653398,2211110660,3655,0.649778,520,1407,30-55,10-46,12-4,33,29,77,69,54,44,0,0,1,33,1,33,69,1,33,36,1,button,1,33,33,0,36,0,1.0000,354,0.001534,-1,-1,button,1,33,33,0,36,0,1.0000,354,0.003488,,-1,button,1,33,33,0,36,0,1.0000,354,0.004988,-1,,button,1,33,33,0,36,0,1.0000,354,1.952249,-1,-1,33,0,0,0,0.4,risk_path,4,Bot1|Bot2|Bot3|Bot4,,1,0
36,0.75,75,440,185924975,3982104193,3640,0.647111,501,1382,69-56,63-24,28-5,56,38,104,92,68,54,0,0,1,56,1,56,80,1,56,24,1,button,1,56,56,0,24,0,1.0000,739,0.005111,-1,-1,button,1,56,56,0,24,0,1.0000,739,0.018333,,-1,button,1,56,56,0,24,0,1.0000,739,0.023409,-1,,button,1,56,56,0,24,0,1.0000,739,5.003953,49,49,56,0,0,0,0.4,risk_path,4,Bot1|Bot2|Bot3|Bot4,,1,0
37,0.75,75,440,3568169848,3649924492,3650,0.648889,506,1389,70-37,57-65,26-62,57,41,93,69,66,34,0,0,1,57,1,57,88,1,57,31,1,button,1,57,57,0,29,0,1.0000,955,0.005314,-1,-1,button,1,57,57,0,29,0,1.0000,955,0.017116,,-1,button,1,57,57,0,29,0,1.0000,955,0.024110,-1,,button,1,57,57,0,29,0,1.0000,955,5.128149,-1,-1,57,0,0,0,0.4,risk_path,4,Bot1|Bot2|Bot3|Bot4,,1,0
38,0.75,75,440,3097759363,742922130,3644,0.647822,512,1377,53-33,58-19,16-17,25,19,57,53,64,44,0,0,1,25,1,25,76,1,25,51,1,button,1,25,25,0,51,0,1.0000,365,0.001270,-1,-1,button,1,25,25,0,51,0,1.0000,365,0.002284,,-1,button,1,25,25,0,51,0,1.0000,365,0.003284,-1,,button,1,25,25,0,51,0,1.0000,365,1.185575,11,11,25,0,0,0,0.4,risk_path,4,Bot1|Bot2|Bot3|Bot4,,1,0
39,0.75,75,440,3219368855,3088895621,3631,0.645511,504,1368,38-4,59-25,64-72,50,42,100,94,70,52,0,0,1,50,1,50,88,1,50,38,1,button,1,50,50,0,38,0,1.0000,411,0.003482,-1,-1,button,1,50,50,0,38,0,1.0000,411,0.013800,,-1,button,1,50,50,0,38,0,1.0000,411,0.015522,-1,,button,1,50,50,0,38,0,1.0000,411,4.191271,2,2,50,0,0,0,0.4,risk_path,4,Bot1|Bot2|Bot3|Bot4,,1,0
40,0.75,75,440,3029962385,3015429521,3622,0.643911,504,1322,30-34,46-20,61-2,32,30,67,63,43,33,0,0,1,32,1,32,53,1,32,21,1,button,1,32,32,0,20,0,1.0000,327,0.001494,-1,-1,button,1,32,32,0,20,0,1.0000,327,0.003641,,-1,button,1,32,32,0,20,0,1.0000,327,0.004298,-1,,button,1,32,32,0,20,0,1.0000,327,1.865935,13,13,32,0,0,0,0.4,risk_path,4,Bot1|Bot2|Bot3|Bot4,,1,0
41,0.75,75,440,4017667363,2471176468,3640,0.647111,508,1366,47-32,62-11,3-74,48,36,92,86,138,122,0,0,1,48,1,48,171,1,48,123,1,button,1,48,48,0,115,0,1.0000,220,0.001668,-1,-1,button,1,48,48,0,115,0,1.0000,220,0.009699,,-1,button,1,48,48,0,115,0,1.0000,220,0.010214,-1,,button,1,48,48,0,115,0,1.0000,220,4.035394,-1,-1,48,0,0,0,0.4,risk_path,4,Bot1|Bot2|Bot3|Bot4,,1,0
42,0.75,75,440,287415481,3615322627,3640,0.647111,512,1371,33-53,74-35,48-20,65,59,62,48,45,41,1,0,1,65,0,,56,0,,,0,fire_reached_bot,0,35,35,0,0,30,0.5385,581,0.002641,34,34,fire_reached_bot,0,67,55,12,-10,28,0.5692,,0.066241,,-1,fire_reached_bot,0,67,55,12,-10,28,0.5692,,0.098028,-1,,fire_reached_bot,0,67,55,12,-10,28,0.5692,,6.587628,-1,-1,67,0,55,12,,no_path,0,,Bot1|Bot2|Bot3|Bot4,0,1
43,0.75,75,440,3343635005,3613099639,3644,0.647822,513,1424,40-63,49-41,34-34,39,31,43,35,30,22,1,0,1,39,0,,37,0,,,0,walked_into_fire,0,35,35,0,-2,4,0.8974,634,0.002642,34,33,fire_reached_bot,0,42,37,5,-4,10,0.7436,,0.039209,,33,fire_reached_bot,0,44,37,7,-6,12,0.6923,,0.069137,33,,fire_reached_bot,0,42,37,5,-4,10,0.7436,,2.735383,-1,33,42,1,36,5,0.99,no_path,0,,Bot1|Bot2|Bot3|Bot4,0,1
44,0.75,75,440,2433726094,1705541714,3627,0.644800,494,1308,60-20,48-7,31-29,35,25,46,38,41,39,0,0,1,35,1,35,53,1,35,18,1,button,1,35,35,0,18,0,1.0000,607,0.002635,-1,-1,button,1,35,35,0,18,0,1.0000,607,0.005331,,-1,button,1,35,35,0,18,0,1.0000,607,0.007266,-1,,button,1,35,35,0,18,0,1.0000,607,2.105707,-1,-1,35,0,0,0,0.4,risk_path,4,Bot1|Bot2|Bot3|Bot4,,1,0
45,0.75,75,440,3245280877,583972034,3621,0.643733,504,1351,40-56,38-63,23-69,15,9,38,30,25,21,0,0,1,15,1,15,31,1,15,16,1,button,1,15,15,0,16,0,1.0000,47,0.000264,-1,-1,button,1,15,15,0,16,0,1.0000,47,0.000620,,-1,button,1,15,15,0,16,0,1.0000,47,0.000717,-1,,button,1,15,15,0,16,0,1.0000,47,0.465278,-1,-1,15,0,0,0,0.4,risk_path,4,Bot1|Bot2|Bot3|Bot4,,1,0
46,0.75,75,440,744039592,481665536,3664,0.651378,517,1383,42-67,5-61,36-15,65,43,76,58,87,77,0,0,1,65,1,65,108,1,65,43,1,button,1,65,65,0,43,0,1.0000,1908,0.014776,-1,-1,button,1,65,65,0,43,0,1.0000,1908,0.032073,,-1,button,1,65,65,0,43,0,1.0000,1908,0.043505,-1,,button,1,65,65,0,43,0,1.0000,1908,5.098746,-1,-1,65,0,0,0,0.4,risk_path,4,Bot1|Bot2|Bot3|Bot4,,1,0
47,0.75,75,440,1407365857,2116346229,3670,0.652444,517,1423,35-11,51-53,61-53,72,58,84,68,14,10,1,0,1,72,0,,17,0,,,0,walked_into_fire,0,47,47,0,-29,25,0.6528,,0.006830,17,17,fire_reached_bot,0,84,16,68,-66,56,0.2222,,0.285256,,-1,fire_reached_bot,0,84,16,68,-66,56,0.2222,,0.637436,-1,,fire_reached_bot,0,84,16,68,-66,56,0.2222,,3.863166,-1,-1,84,0,16,68,,no_path,0,,Bot1|Bot2|Bot3|Bot4,0,1
48,0.75,75,440,3906747135,3253557841,3652,0.649244,514,1378,38-31,19-45,43-34,35,33,8,8,37,35,0,0,1,35,1,35,41,1,35,6,1,button,1,35,35,0,6,0,1.0000,641,0.002552,-1,-1,button,1,35,35,0,6,0,1.0000,641,0.005373,,-1,button,1,35,35,0,6,0,1.0000,641,0.007795,-1,,button,1,35,35,0,6,0,1.0000,641,2.014503,-1,-1,35,0,0,0,0.4,risk_path,4,Bot1|Bot2|Bot3|Bot4,,1,0
49,0.75,75,440,568842183,2915534142,3635,0.646222,500,1368,31-65,44-71,44-59,47,19,31,19,16,12,1,1,1,101,0,,23,0,,,0,fire_reached_bot,0,17,17,0,0,30,0.3617,109,0.003044,7,7,fire_reached_bot,0,31,6,25,-7,41,0.1277,,0.132955,,-1,fire_reached_bot,0,31,6,25,-7,41,0.1277,,0.283100,-1,,fire_reached_bot,0,31,6,25,-7,41,0.1277,,1.195628,-1,-1,31,0,6,25,,no_path,0,,Bot1|Bot2|Bot3|Bot4,0,1
50,0.75,75,440,514431646,1809119261,3651,0.649067,517,1393,25-17,63-18,11-57,51,39,58,54,109,91,0,0,1,51,1,51,139,1,51,88,1,button,1,51,51,0,77,0,1.0000,810,0.004691,-1,-1,button,1,51,51,0,77,0,1.0000,810,0.013035,,-1,button,1,51,51,0,77,0,1.0000,810,0.017572,-1,,button,1,51,51,0,77,0,1.0000,810,4.053604,33,33,51,0,0,0,0.4,risk_path,4,Bot1|Bot2|Bot3|Bot4,,1,0
51,0.75,75,440,3235510554,1802600594,3623,0.644089,494,1355,2-10,68-24,9-57,110,80,66,54,94,92,1,0,1,110,0,,124,0,,,0,fire_reached_bot,0,64,64,0,0,46,0.5818,1317,0.014051,-1,64,fire_reached_bot,0,64,64,0,0,46,0.5818,1317,0.098182,,64,fire_reached_bot,0,87,81,6,0,45,0.5909,2088,0.157163,64,,fire_reached_bot,0,64,64,0,0,46,0.5818,1317,10.897059,-1,64,64,20,43,0,0.99,risk_path,0,,Bot1|Bot2|Bot3|Bot4,0,1
52,0.75,75,440,639085731,3543395183,3638,0.646756,515,1390,32-9,6-35,41-25,56,52,25,25,51,45,1,0,1,56,0,,65,1,56,9,1,button,1,56,56,0,8,0,1.0000,1837,0.012957,-1,-1,button,1,56,56,0,8,0,1.0000,1837,0.018008,,-1,button,1,56,56,0,8,0,1.0000,1837,0.030496,-1,,button,1,56,56,0,8,0,1.0000,1837,3.742265,-1,-1,56,2,0,0,0.99,risk_path,4,Bot1|Bot2|Bot3|Bot4,,1,0
53,0.75,75,440,4049135280,482899726,3625,0.644444,501,1359,43-44,33-34,49-33,36,20,23,17,25,17,1,0,1,36,0,,29,0,,,0,walked_into_fire,0,33,33,0,-3,3,0.9167,,0.002160,30,30,fire_reached_bot,0,38,29,9,-8,7,0.8056,,0.047265,,-1,fire_reached_bot,0,38,29,9,-8,7,0.8056,,0.090197,-1,,fire_reached_bot,0,38,29,9,-8,7,0.8056,,2.047844,-1,-1,38,0,29,9,,no_path,0,,Bot1|Bot2|Bot3|Bot4,0,1
54,0.75,75,440,2561198562,2236996756,3645,0.648000,500,1328,20-62,0-59,47-37,29,23,58,52,79,69,0,0,1,29,1,29,97,1,29,68,1,button,1,29,29,0,65,0,1.0000,340,0.001364,-1,-1,button,1,29,29,0,65,0,1.0000,340,0.002606,,-1,button,1,29,29,0,65,0,1.0000,340,0.003885,-1,,button,1,29,29,0,65,0,1.0000,340,1.435626,-1,-1,29,0,0,0,0.4,risk_path,4,Bot1|Bot2|Bot3|Bot4,,1,0
55,0.75,75,440,2251065692,286865008,3616,0.642844,496,1335,58-63,9-0,53-16,120,112,64,52,62,60,1,0,1,120,0,,72,0,,,0,fire_reached_bot,0,49,49,0,0,71,0.4083,1205,0.008276,-1,-1,fire_reached_bot,0,49,49,0,0,71,0.4083,1205,0.042369,,-1,fire_reached_bot,0,49,49,0,0,71,0.4083,1205,0.046716,-1,,fire_reached_bot,0,49,49,0,0,71,0.4083,1205,8.093851,-1,-1,49,0,49,0,,shortest_path_fallback,0,,Bot1|Bot2|Bot3|Bot4,0,1
56,0.75,75,440,489761711,2230263378,3623,0.644089,501,1372,42-25,42-63,50-53,54,38,40,36,24,18,1,0,1,54,0,,33,0,,,0,walked_into_fire,0,22,22,0,-1,32,0.4074,265,0.001227,20,20,fire_reached_bot,0,35,33,2,-1,39,0.2778,,0.032482,,-1,fire_reached_bot,0,35,33,2,-1,39,0.2778,,0.047114,-1,,fire_reached_bot,0,35,33,2,-1,39,0.2778,,4.963914,-1,-1,35,0,33,2,,no_path,0,,Bot1|Bot2|Bot3|Bot4,0,1
57,0.75,75,440,3274284638,313157239,3626,0.644622,513,1371,46-14,73-22,58-60,39,35,62,58,59,53,0,0,1,39,1,39,71,1,39,32,1,button,1,39,39,0,29,0,1.0000,805,0.003787,-1,-1,button,1,39,39,0,29,0,1.0000,805,0.007231,,-1,button,1,39,39,0,29,0,1.0000,805,0.011849,-1,,button,1,39,39,0,29,0,1.0000,805,2.535148,8,8,39,0,0,0,0.4,risk_path,4,Bot1|Bot2|Bot3|Bot4,,1,0
58,0.75,75,440,3129249196,3379267321,3657,0.650133,513,1417,60-25,1-56,25-34,90,90,46,44,46,46,1,0,1,90,0,,60,0,,,0,walked_into_fire,0,25,25,0,-1,65,0.2778,330,0.001934,23,23,fire_reached_bot,0,35,35,0,0,61,0.3222,758,0.028939,,35,fire_reached_bot,0,36,36,0,0,62,0.3111,798,0.029318,35,,fire_reached_bot,0,35,35,0,0,61,0.3222,758,5.756816,-1,35,35,0,35,0,,shortest_path_fallback,0,,Bot1|Bot2|Bot3|Bot4,0,1
59,0.75,75,440,894121229,1668138513,3639,0.646933,508,1374,35-29,71-66,49-2,75,73,43,41,98,86,0,0,1,75,1,75,118,1,75,43,1,button,1,75,75,0,41,0,1.0000,1553,0.012984,-1,-1,button,1,75,75,0,41,0,1.0000,1553,0.037636,,-1,button,1,75,75,0,41,0,1.0000,1553,0.060619,-1,,button,1,75,75,0,41,0,1.0000,1553,7.080033,11,11,75,0,0,0,0.4,risk_path,4,Bot1|Bot2|Bot3|Bot4,,1,0
60,0.75,75,440,2937611675,2098551990,3661,0.650844,517,1463,74-51,28-50,7-34,75,47,98,84,43,37,1,0,1,75,0,,51,0,,,0,fire_reached_bot,0,59,59,0,-7,16,0.7867,,0.009892,47,47,fire_reached_bot,0,66,46,20,-14,29,0.6133,,0.127181,,-1,fire_reached_bot,0,66,46,20,-14,29,0.6133,,0.179672,-1,,fire_reached_bot,0,66,46,20,-14,29,0.6133,,7.183652,-1,-1,66,0,46,20,,no_path,0,,Bot1|Bot2|Bot3|Bot4,0,1
61,0.75,75,440,2158948882,4161325205,3649,0.648711,504,1375,55-43,55-56,72-7,43,13,55,53,98,66,0,0,1,43,1,43,123,1,43,80,1,button,1,43,43,0,75,0,1.0000,289,0.002717,-1,-1,button,1,43,43,0,75,0,1.0000,289,0.010113,,-1,button,1,43,43,0,75,0,1.0000,289,0.013177,-1,,button,1,43,43,0,75,0,1.0000,289,3.233965,-1,-1,43,0,0,0,0.4,risk_path,4,Bot1|Bot2|Bot3|Bot4,,1,0
62,0.75,75,440,3393563913,2253549308,3667,0.651911,508,1380,24-27,32-68,1-59,71,49,57,55,46,40,1,0,1,71,0,,62,0,,,0,walked_into_fire,0,36,36,0,-1,35,0.5070,295,0.002638,36,36,fire_reached_bot,0,49,46,3,0,33,0.5352,596,0.025111,,-1,fire_reached_bot,0,49,46,3,0,33,0.5352,596,0.030409,-1,,fire_reached_bot,0,49,46,3,0,33,0.5352,596,7.895551,-1,-1,49,0,46,3,,no_path,0,,Bot1|Bot2|Bot3|Bot4,0,1
63,0.75,75,440,3798218772,3326087650,3629,0.645156,502,1335,46-27,21-72,19-59,74,70,59,59,17,15,1,0,1,74,0,,18,0,,,0,walked_into_fire,0,31,31,0,-12,43,0.4189,,0.002792,19,13,fire_reached_bot,0,45,18,27,-26,56,0.2432,,0.153961,,13,fire_reached_bot,0,59,18,41,-40,66,0.1081,,0.439933,13,,fire_reached_bot,0,45,18,27,-26,56,0.2432,,3.677016,-1,13,45,0,18,27,,no_path,0,,Bot1|Bot2|Bot3|Bot4,0,1
64,0.75,75,440,2494522029,654045650,3638,0.646756,507,1370,7-38,4-33,70-44,8,8,99,69,103,77,0,0,1,8,1,8,134,1,8,126,1,button,1,8,8,0,125,0,1.0000,30,0.000173,-1,-1,button,1,8,8,0,125,0,1.0000,30,0.000257,,-1,button,1,8,8,0,125,0,1.0000,30,0.000320,-1,,button,1,8,8,0,125,0,1.0000,30,0.195991,-1,-1,8,0,0,0,0.4,risk_path,4,Bot1|Bot2|Bot3|Bot4,,1,0
65,0.75,75,440,282407045,3208019061,3667,0.651911,507,1402,71-60,44-21,48-55,68,66,40,28,64,38,1,0,1,68,0,,78,1,68,10,1,button,1,68,68,0,5,0,1.0000,2014,0.018087,-1,-1,button,1,68,68,0,5,0,1.0000,2014,0.030436,,-1,button,1,68,68,0,5,0,1.0000,2014,0.050802,-1,,button,1,68,68,0,5,0,1.0000,2014,5.818284,-1,-1,68,7,0,0,0.99,risk_path,4,Bot1|Bot2|Bot3|Bot4,,1,0
66,0.75,75,440,2624712765,892082244,3630,0.645333,514,1350,67-68,51-49,10-44,39,35,91,81,62,46,0,0,1,39,1,39,82,1,39,43,1,button,1,39,39,0,43,0,1.0000,589,0.003513,-1,-1,button,1,39,39,0,43,0,1.0000,589,0.006350,,-1,button,1,39,39,0,43,0,1.0000,589,0.010250,-1,,button,1,39,39,0,43,0,1.0000,589,2.445617,-1,-1,39,0,0,0,0.4,risk_path,4,Bot1|Bot2|Bot3|Bot4,,1,0
67,0.75,75,440,1729019775,856386472,3624,0.644267,517,1409,60-53,29-59,62-26,39,37,43,29,68,66,0,0,1,39,1,39,87,1,39,48,1,button,1,39,39,0,39,0,1.0000,706,0.003705,-1,-1,button,1,39,39,0,39,0,1.0000,706,0.008698,,-1,button,1,39,39,0,39,0,1.0000,706,0.011550,-1,,button,1,39,39,0,39,0,1.0000,706,2.381901,-1,-1,39,0,0,0,0.4,risk_path,4,Bot1|Bot2|Bot3|Bot4,,1,0
68,0.75,75,440,4025098533,459075162,3613,0.642311,482,1310,53-46,53-73,41-17,43,27,43,41,86,68,0,0,1,43,1,43,105,1,43,62,1,button,1,43,43,0,51,0,1.0000,821,0.004513,-1,-1,button,1,43,43,0,51,0,1.0000,821,0.009046,,-1,button,1,43,43,0,51,0,1.0000,821,0.017151,-1,,button,1,43,43,0,51,0,1.0000,821,2.590802,-1,-1,43,0,0,0,0.4,risk_path,4,Bot1|Bot2|Bot3|Bot4,,1,0
69,0.75,75,440,266228852,4289431394,3621,0.643733,500,1398,43-3,26-13,19-65,43,27,102,86,79,59,0,0,1,43,1,43,98,1,43,55,1,button,1,43,43,0,53,0,1.0000,743,0.004533,-1,-1,button,1,43,43,0,53,0,1.0000,743,0.009585,,-1,button,1,43,43,0,53,0,1.0000,743,0.014465,-1,,button,1,43,43,0,53,0,1.0000,743,2.791755,-1,-1,43,0,0,0,0.4,risk_path,4,Bot1|Bot2|Bot3|Bot4,,1,0
70,0.75,75,440,3288517247,2662616909,3639,0.646933,504,1347,14-60,54-8,52-56,96,92,58,42,64,50,1,0,1,96,0,,82,0,,,0,fire_reached_bot,0,34,34,0,0,62,0.3542,654,0.004316,34,33,fire_reached_bot,0,70,70,0,0,74,0.2292,2034,0.078252,,33,fire_reached_bot,0,70,70,0,0,74,0.2292,2034,0.097844,33,,fire_reached_bot,0,70,70,0,0,74,0.2292,2034,9.859007,-1,33,70,0,70,0,,shortest_path_fallback,0,,Bot1|Bot2|Bot3|Bot4,0,1
71,0.75,75,440,3168276635,2131575540,3624,0.644267,484,1358,74-4,42-32,8-21,64,60,93,83,49,45,1,0,1,64,0,,63,0,,,0,walked_into_fire,0,63,63,0,-1,1,0.9844,1330,0.010148,63,63,fire_reached_bot,0,63,62,1,0,2,0.9688,1365,0.032723,,-1,fire_reached_bot,0,63,62,1,0,2,0.9688,1365,0.042930,-1,,fire_reached_bot,0,63,62,1,0,2,0.9688,1365,5.297627,-1,-1,63,18,44,1,0.99,no_path,0,,Bot1|Bot2|Bot3|Bot4,0,1
72,0.75,75,440,3264989703,3396489466,3645,0.648000,501,1378,40-20,63-53,65-66,60,56,81,71,27,15,1,0,1,60,0,,36,0,,,0,walked_into_fire,0,45,45,0,-8,15,0.7500,,0.003707,36,36,fire_reached_bot,0,55,35,20,-18,25,0.5833,,0.112042,,-1,fire_reached_bot,0,55,35,20,-18,25,0.5833,,0.217024,-1,,fire_reached_bot,0,55,35,20,-18,25,0.5833,,4.956610,-1,-1,55,0,35,20,,no_path,0,,Bot1|Bot2|Bot3|Bot4,0,1
73,0.75,75,440,3661586234,851551463,3654,0.649600,496,1346,19-42,55-11,6-19,77,67,48,36,73,57,1,0,1,77,0,,94,1,77,17,1,button,1,77,77,0,3,0,1.0000,1502,0.014302,-1,-1,button,1,77,77,0,3,0,1.0000,1502,0.053491,,-1,button,1,77,77,0,3,0,1.0000,1502,0.061756,-1,,button,1,77,77,0,6,0,1.0000,1502,8.044249,30,30,77,0,0,0,0.4,risk_path,4,Bot1|Bot2|Bot3|Bot4,,1,0
74,0.75,75,440,1507352610,3438827500,3616,0.642844,480,1296,44-65,19-74,3-51,36,34,71,55,43,39,0,0,1,36,1,36,56,1,36,20,1,button,1,36,36,0,19,0,1.0000,236,0.001093,-1,-1,button,1,36,36,0,19,0,1.0000,236,0.004356,,-1,button,1,36,36,0,19,0,1.0000,236,0.006388,-1,,button,1,36,36,0,19,0,1.0000,236,2.211648,-1,-1,36,0,0,0,0.4,risk_path,4,Bot1|Bot2|Bot3|Bot4,,1,0
75,0.75,75,440,2046749167,4286327507,3627,0.644800,499,1365,2-9,37-12,35-29,62,38,61,53,25,19,1,0,1,62,0,,33,0,,,0,fire_reached_bot,0,40,40,0,-6,22,0.6452,,0.004372,29,29,fire_reached_bot,0,55,28,27,-21,34,0.4516,,0.092769,,-1,fire_reached_bot,0,55,28,27,-21,34,0.4516,,0.168055,-1,,fire_reached_bot,0,55,28,27,-21,34,0.4516,,3.117477,-1,-1,55,0,28,27,,no_path,0,,Bot1|Bot2|Bot3|Bot4,0,1
76,0.75,75,440,3008379624,3615876865,3655,0.649778,515,1384,43-36,1-62,52-64,72,68,49,37,85,53,0,0,1,72,1,72,103,1,72,31,1,button,1,72,72,0,29,0,1.0000,1530,0.012745,-1,-1,button,1,72,72,0,29,0,1.0000,1530,0.031598,,-1,button,1,72,72,0,29,0,1.0000,1530,0.053624,-1,,button,1,72,72,0,28,0,1.0000,1530,6.483682,54,54,72,0,0,0,0.4,risk_path,4,Bot1|Bot2|Bot3|Bot4,,1,0
77,0.75,75,440,168951023,2051054311,3646,0.648178,498,1387,63-46,7-52,36-46,78,62,39,27,41,35,1,0,1,78,0,,50,0,,,0,walked_into_fire,0,21,21,0,-1,57,0.2692,131,0.001323,12,12,fire_reached_bot,0,41,41,0,0,59,0.2436,769,0.022919,,30,fire_reached_bot,0,47,46,1,0,66,0.1538,1060,0.030928,30,,fire_reached_bot,0,41,41,0,0,59,0.2436,769,5.154704,-1,30,41,0,41,0,,shortest_path_fallback,0,,Bot1|Bot2|Bot3|Bot4,0,1
78,0.75,75,440,2349810379,2265303479,3641,0.647289,501,1376,71-31,32-73,47-46,91,81,51,39,46,42,1,0,1,91,0,,66,0,,,0,walked_into_fire,0,28,28,0,-1,63,0.3077,156,0.001783,13,6,fire_reached_bot,0,48,47,1,0,50,0.4505,833,0.047127,,6,fire_reached_bot,0,51,51,0,0,58,0.3626,991,0.056539,6,,fire_reached_bot,0,48,47,1,0,50,0.4505,833,7.338273,-1,6,48,0,47,1,,no_path,0,,Bot1|Bot2|Bot3|Bot4,0,1
79,0.75,75,440,2763321522,3868111401,3664,0.651378,494,1408,50-59,10-66,49-54,63,47,6,6,63,51,0,0,1,63,0,,76,1,63,13,1,button,1,63,63,0,1,0,1.0000,1505,0.010851,-1,-1,button,1,63,63,0,1,0,1.0000,1505,0.026931,,-1,button,1,63,63,0,1,0,1.0000,1505,0.048465,-1,,button,1,63,63,0,1,0,1.0000,1505,5.354765,34,34,63,1,0,0,0.6,risk_path,4,Bot1|Bot2|Bot3|Bot4,,1,0
80,0.75,75,440,3716998955,3442828106,3643,0.647644,507,1384,32-60,45-60,19-26,29,13,51,47,72,60,0,0,1,29,1,29,94,1,29,65,1,button,1,29,29,0,53,0,1.0000,497,0.001767,-1,-1,button,1,29,29,0,53,0,1.0000,497,0.004719,,-1,button,1,29,29,0,53,0,1.0000,497,0.007982,-1,,button,1,29,29,0,53,0,1.0000,497,1.336484,15,15,29,0,0,0,0.4,risk_path,4,Bot1|Bot2|Bot3|Bot4,,1,0
81,0.75,75,440,2802822109,1173380791,3659,0.650489,505,1348,72-70,46-13,62-73,91,83,29,13,92,76,0,0,1,91,1,91,106,1,91,15,1,button,1,91,91,0,3,0,1.0000,1716,0.018989,-1,-1,button,1,91,91,0,3,0,1.0000,1716,0.051702,,-1,button,1,91,91,0,3,0,1.0000,1716,0.067373,-1,,button,1,91,91,0,3,0,1.0000,1716,8.899818,-1,-1,91,0,0,0,0.4,risk_path,4,Bot1|Bot2|Bot3|Bot4,,1,0
82,0.75,75,440,1458696374,4138283831,3640,0.647111,513,1373,14-4,25-57,6-47,78,64,63,51,31,29,1,0,1,78,0,,37,0,,,0,fire_reached_bot,0,41,41,0,-3,37,0.5256,,0.004190,33,33,fire_reached_bot,0,52,37,15,-14,45,0.4231,,0.095551,,-1,fire_reached_bot,0,52,37,15,-14,45,0.4231,,0.165315,-1,,fire_reached_bot,0,52,37,15,-14,45,0.4231,,6.262735,-1,-1,52,0,37,15,,no_path,0,,Bot1|Bot2|Bot3|Bot4,0,1
83,0.75,75,440,2432187744,4169280272,3642,0.647467,503,1356,40-58,45-19,12-50,66,44,46,36,86,64,0,0,1,66,1,66,115,1,66,49,1,button,1,66,66,0,35,0,1.0000,1366,0.013983,-1,-1,button,1,66,66,0,35,0,1.0000,1366,0.027605,,-1,button,1,66,66,0,35,0,1.0000,1366,0.038711,-1,,button,1,66,66,0,35,0,1.0000,1366,5.594937,14,14,66,0,0,0,0.4,risk_path,4,Bot1|Bot2|Bot3|Bot4,,1,0
84,0.75,75,440,117610117,309971403,3649,0.648711,513,1375,38-60,71-19,27-60,80,74,29,11,91,85,0,0,1,80,1,80,112,1,80,32,1,button,1,80,80,0,22,0,1.0000,2080,0.020431,-1,-1,button,1,80,80,0,22,0,1.0000,2080,0.060180,,-1,button,1,80,80,0,22,0,1.0000,2080,0.076331,-1,,button,1,80,80,0,22,0,1.0000,2080,7.016354,1,1,80,0,0,0,0.4,risk_path,4,Bot1|Bot2|Bot3|Bot4,,1,0
85,0.75,75,440,2351945767,3852249623,3652,0.649244,513,1378,46-2,42-17,48-41,27,19,63,41,48,30,0,0,1,27,1,27,55,1,27,28,1,button,1,27,27,0,28,0,1.0000,434,0.001737,-1,-1,button,1,27,27,0,28,0,1.0000,434,0.004147,,-1,button,1,27,27,0,28,0,1.0000,434,0.004924,-1,,button,1,27,27,0,28,0,1.0000,434,1.180803,-1,-1,27,0,0,0,0.4,risk_path,4,Bot1|Bot2|Bot3|Bot4,,1,0
86,0.75,75,440,2895808900,3809999560,3632,0.645689,498,1315,29-67,1-17,74-52,80,78,78,60,124,108,0,0,1,80,1,80,155,1,80,75,1,button,1,80,80,0,69,0,1.0000,1363,0.011238,-1,-1,button,1,80,80,0,69,0,1.0000,1363,0.036314,,-1,button,1,80,80,0,69,0,1.0000,1363,0.046860,-1,,button,1,80,80,0,69,0,1.0000,1363,8.040487,-1,-1,80,0,0,0,0.4,risk_path,4,Bot1|Bot2|Bot3|Bot4,,1,0
87,0.75,75,440,2723283324,3272133986,3648,0.648533,511,1411,47-73,31-5,7-43,104,84,90,70,88,62,1,0,1,104,0,,110,0,,,0,fire_reached_bot,0,72,72,0,0,32,0.6923,1491,0.016682,-1,72,fire_reached_bot,0,72,72,0,0,32,0.6923,1491,0.066121,,72,fire_reached_bot,0,95,89,6,0,35,0.6635,2210,0.172050,72,,fire_reached_bot,0,72,72,0,0,32,0.6923,1491,11.131102,-1,72,72,9,63,0,0.99,risk_path,0,,Bot1|Bot2|Bot3|Bot4,0,1
88,0.75,75,440,442504758,736042750,3679,0.654044,508,1420,16-28,1-29,31-35,26,16,30,22,46,36,0,0,1,26,1,26,56,1,26,30,1,button,1,26,26,0,28,0,1.0000,317,0.001395,-1,-1,button,1,26,26,0,28,0,1.0000,317,0.002562,,-1,button,1,26,26,0,28,0,1.0000,317,0.003646,-1,,button,1,26,26,0,28,0,1.0000,317,1.221080,-1,-1,26,0,0,0,0.4,risk_path,4,Bot1|Bot2|Bot3|Bot4,,1,0
89,0.75,75,440,2689907484,1240102764,3643,0.647644,497,1379,16-33,54-64,7-11,73,69,33,31,104,100,0,0,1,73,1,73,126,1,73,53,1,button,1,73,73,0,40,0,1.0000,1291,0.012408,-1,-1,button,1,73,73,0,40,0,1.0000,1291,0.021004,,-1,button,1,73,73,0,40,0,1.0000,1291,0.039794,-1,,button,1,73,73,0,40,0,1.0000,1291,6.533005,15,15,73,0,0,0,0.4,risk_path,4,Bot1|Bot2|Bot3|Bot4,,1,0
90,0.75,75,440,1410515791,2649707326,3622,0.643911,490,1314,8-14,42-56,9-9,84,76,8,6,88,80,0,0,1,84,1,84,108,1,84,24,1,button,1,84,84,0,5,0,1.0000,1609,0.019405,-1,-1,button,1,84,84,0,5,0,1.0000,1609,0.050258,,-1,button,1,84,84,0,5,0,1.0000,1609,0.072218,-1,,button,1,84,84,0,5,0,1.0000,1609,8.556473,15,15,84,0,0,0,0.4,risk_path,4,Bot1|Bot2|Bot3|Bot4,,1,0
91,0.75,75,440,1198831680,429899597,3632,0.645689,491,1347,53-16,73-34,18-42,46,38,65,61,73,63,0,0,1,46,1,46,86,1,46,40,1,button,1,46,46,0,39,0,1.0000,1040,0.005515,-1,-1,button,1,46,46,0,39,0,1.0000,1040,0.011480,,-1,button,1,46,46,0,39,0,1.0000,1040,0.018648,-1,,button,1,46,46,0,39,0,1.0000,1040,2.991798,1,1,46,0,0,0,0.4,risk_path,4,Bot1|Bot2|Bot3|Bot4,,1,0
92,0.75,75,440,2479440059,167758409,3623,0.644089,483,1277,70-63,69-1,24-59,93,63,66,50,109,103,0,0,1,93,1,93,129,1,93,36,1,button,1,93,93,0,36,0,1.0000,2736,0.030548,-1,-1,button,1,93,93,0,36,0,1.0000,2736,0.076185,,-1,button,1,93,93,0,36,0,1.0000,2736,0.122525,-1,,button,1,93,93,0,36,0,1.0000,2736,8.039597,10,10,93,0,0,0,0.4,risk_path,4,Bot1|Bot2|Bot3|Bot4,,1,0
93,0.75,75,440,2629098381,3995597651,3617,0.643022,492,1335,43-38,0-52,68-32,73,57,45,31,106,88,0,0,1,73,1,73,131,1,73,58,1,button,1,73,73,0,47,0,1.0000,1754,0.016145,-1,-1,button,1,73,73,0,47,0,1.0000,1754,0.043421,,-1,button,1,73,73,0,47,0,1.0000,1754,0.072032,-1,,button,1,73,73,0,47,0,1.0000,1754,6.138090,-1,-1,73,0,0,0,0.4,risk_path,4,Bot1|Bot2|Bot3|Bot4,,1,0
94,0.75,75,440,4034527632,2373009210,3618,0.643200,497,1351,2-63,74-14,29-36,133,121,56,54,79,67,1,0,1,133,0,,104,0,,,0,walked_into_fire,0,31,31,0,-1,102,0.2331,490,0.006568,24,23,fire_reached_bot,0,52,41,11,0,118,0.1128,1500,0.168996,,23,fire_reached_bot,0,49,41,8,0,116,0.1278,1325,0.208565,23,,fire_reached_bot,0,52,41,11,0,118,0.1128,1500,7.962655,-1,23,52,0,41,11,,no_path,0,,Bot1|Bot2|Bot3|Bot4,0,1
95,0.75,75,440,83074924,374331740,3621,0.643733,498,1346,0-52,43-16,43-65,89,79,64,56,81,49,1,0,1,89,0,,108,1,89,19,1,button,1,89,89,0,17,0,1.0000,2295,0.026570,-1,-1,button,1,89,89,0,17,0,1.0000,2295,0.068251,,-1,button,1,89,89,0,17,0,1.0000,2295,0.103397,-1,,button,1,89,89,0,17,0,1.0000,2295,8.269861,9,9,89,3,6,0,0.99,risk_path,4,Bot1|Bot2|Bot3|Bot4,,1,0
96,0.75,75,440,902943538,3127573542,3621,0.643733,508,1388,18-50,22-44,54-28,10,10,60,58,50,48,0,0,1,10,1,10,66,1,10,56,1,button,1,10,10,0,56,0,1.0000,28,0.000186,-1,-1,button,1,10,10,0,56,0,1.0000,28,0.000336,,-1,button,1,10,10,0,56,0,1.0000,28,0.000403,-1,,button,1,10,10,0,56,0,1.0000,28,0.243619,3,3,10,0,0,0,0.4,risk_path,4,Bot1|Bot2|Bot3|Bot4,,1,0
97,0.75,75,440,1323143353,2588849054,3631,0.645511,502,1329,18-54,46-56,54-72,50,30,56,54,26,24,1,0,1,50,0,,32,0,,,0,walked_into_fire,0,37,37,0,-4,13,0.7400,,0.002739,32,32,fire_reached_bot,0,42,31,11,-9,19,0.6200,,0.058801,,-1,fire_reached_bot,0,42,31,11,-9,19,0.6200,,0.149754,-1,,fire_reached_bot,0,42,31,11,-9,19,0.6200,,3.258306,-1,-1,42,0,31,11,,no_path,0,,Bot1|Bot2|Bot3|Bot4,0,1
98,0.75,75,440,172568286,2343787580,3644,0.647822,511,1392,60-60,70-36,25-9,36,34,88,86,90,72,0,0,1,36,1,36,108,1,36,72,1,button,1,36,36,0,72,0,1.0000,472,0.002250,-1,-1,button,1,36,36,0,72,0,1.0000,472,0.004520,,-1,button,1,36,36,0,72,0,1.0000,472,0.006424,-1,,button,1,36,36,0,72,0,1.0000,472,1.979694,7,7,36,0,0,0,0.4,risk_path,4,Bot1|Bot2|Bot3|Bot4,,1,0
99,0.75,75,440,398009931,2986606611,3623,0.644089,501,1378,64-44,52-32,42-2,24,24,70,64,48,40,0,0,1,24,1,24,58,1,24,34,1,button,1,24,24,0,34,0,1.0000,157,0.000690,-1,-1,button,1,24,24,0,34,0,1.0000,157,0.001490,,-1,button,1,24,24,0,34,0,1.0000,157,0.001955,-1,,button,1,24,24,0,34,0,1.0000,157,1.003222,-1,-1,24,0,0,0,0.4,risk_path,4,Bot1|Bot2|Bot3|Bot4,,1,0
100,0.75,75,440,2731167691,650338235,3631,0.645511,511,1398,15-65,12-41,22-36,51,27,44,36,15,15,1,0,1,51,0,,18,0,,,0,fire_reached_bot,0,35,35,0,-16,16,0.6863,,0.003643,19,19,fire_reached_bot,0,52,18,34,-33,33,0.3529,,0.159779,,-1,fire_reached_bot,0,52,18,34,-33,33,0.3529,,0.357518,-1,,fire_reached_bot,0,52,18,34,-33,33,0.3529,,2.267145,-1,-1,52,0,18,34,,no_path,0,,Bot1|Bot2|Bot3|Bot4,0,1
101,0.75,75,440,3976025462,1984228406,3637,0.646578,518,1371,60-37,47-47,45-51,35,23,37,29,8,6,1,0,1,35,0,,11,0,,,0,fire_reached_bot,0,23,23,0,-11,12,0.6571,,0.000907,9,9,fire_reached_bot,0,42,8,34,-30,27,0.2286,,0.172532,,-1,fire_reached_bot,0,42,8,34,-30,27,0.2286,,0.396170,-1,,fire_reached_bot,0,42,8,34,-30,27,0.2286,,1.000659,-1,-1,42,0,8,34,,no_path,0,,Bot1|Bot2|Bot3|Bot4,0,1
102,0.75,75,440,3469237606,1649159914,3647,0.648356,506,1395,16-63,59-25,55-5,89,81,101,97,32,24,1,0,1,89,0,,40,0,,,0,walked_into_fire,0,66,66,0,-25,23,0.7416,,0.010463,41,41,fire_reached_bot,0,81,40,41,-40,49,0.4494,,0.203634,,-1,fire_reached_bot,0,81,40,41,-40,49,0.4494,,0.405874,-1,,fire_reached_bot,0,81,40,41,-40,49,0.4494,,7.398240,-1,-1,81,0,40,41,,no_path,0,,Bot1|Bot2|Bot3|Bot4,0,1
103,0.75,75,440,1354804743,391426036,3643,0.647644,507,1361,49-52,55-52,69-35,8,6,39,37,35,31,0,0,1,8,1,8,45,1,8,37,1,button,1,8,8,0,37,0,1.0000,34,0.000199,-1,-1,button,1,8,8,0,37,0,1.0000,34,0.000282,,-1,button,1,8,8,0,37,0,1.0000,34,0.000406,-1,,button,1,8,8,0,37,0,1.0000,34,0.190697,6,6,8,0,0,0,0.4,risk_path,4,Bot1|Bot2|Bot3|Bot4,,1,0
104,0.75,75,440,4136514547,4012823104,3668,0.652089,517,1436,46-54,39-69,8-3,24,22,95,89,115,97,0,0,1,24,1,24,147,1,24,123,1,button,1,24,24,0,120,0,1.0000,97,0.000526,-1,-1,button,1,24,24,0,120,0,1.0000,97,0.001663,,-1,button,1,24,24,0,120,0,1.0000,97,0.002241,-1,,button,1,24,24,0,120,0,1.0000,97,0.992450,-1,-1,24,0,0,0,0.4,risk_path,4,Bot1|Bot2|Bot3|Bot4,,1,0
105,0.75,75,440,1802906948,4050598220,3643,0.647644,499,1382,33-16,18-43,1-63,58,42,83,79,39,37,1,0,1,58,0,,51,0,,,0,walked_into_fire,0,51,51,0,-1,7,0.8793,581,0.004155,49,47,fire_reached_bot,0,60,51,9,-8,13,0.7759,,0.062617,,47,fire_reached_bot,0,64,51,13,-12,17,0.7069,,0.131489,47,,fire_reached_bot,0,60,51,9,-8,13,0.7759,,6.228649,-1,47,60,0,51,9,,no_path,0,,Bot1|Bot2|Bot3|Bot4,0,1
106,0.75,75,440,4274087871,3596512109,3639,0.646933,511,1331,55-51,1-14,4-69,91,91,81,69,78,58,1,0,1,91,0,,104,1,91,13,1,button,1,91,91,0,11,0,1.0000,1336,0.015731,-1,-1,button,1,91,91,0,11,0,1.0000,1336,0.027513,,-1,button,1,91,91,0,11,0,1.0000,1336,0.052751,-1,,button,1,91,91,0,11,0,1.0000,1336,11.014814,-1,-1,91,8,17,0,0.99,risk_path,4,Bot1|Bot2|Bot3|Bot4,,1,0
107,0.75,75,440,3806192457,1257605443,3641,0.647289,497,1368,71-43,46-0,13-11,72,68,100,90,64,44,1,0,1,72,0,,82,1,72,10,1,button,1,72,72,0,10,0,1.0000,1313,0.013907,-1,-1,button,1,72,72,0,10,0,1.0000,1313,0.029967,,-1,button,1,72,72,0,10,0,1.0000,1313,0.045466,-1,,button,1,72,72,0,10,0,1.0000,1313,7.430133,-1,-1,72,17,28,0,0.99,risk_path,4,Bot1|Bot2|Bot3|Bot4,,1,0
108,0.75,75,440,3395390498,1222503905,3664,0.651378,520,1390,12-36,29-30,4-71,31,23,53,43,68,66,0,0,1,31,1,31,83,1,31,52,1,button,1,31,31,0,50,0,1.0000,214,0.001329,-1,-1,button,1,31,31,0,50,0,1.0000,214,0.002973,,-1,button,1,31,31,0,50,0,1.0000,214,0.004455,-1,,button,1,31,31,0,50,0,1.0000,214,1.753802,14,14,31,0,0,0,0.4,risk_path,4,Bot1|Bot2|Bot3|Bot4,,1,0
109,0.75,75,440,3653473380,1973034153,3655,0.649778,504,1448,65-67,22-22,34-51,96,88,61,47,51,41,1,0,1,96,0,,68,0,,,0,walked_into_fire,0,36,36,0,-2,60,0.3750,447,0.002799,33,32,fire_reached_bot,0,62,56,6,0,80,0.1667,1721,0.078268,,32,fire_reached_bot,0,64,56,8,0,82,0.1458,1852,0.103122,32,,fire_reached_bot,0,62,56,6,0,80,0.1667,1721,9.469197,-1,32,62,0,56,6,,no_path,0,,Bot1|Bot2|Bot3|Bot4,0,1
110,0.75,75,440,4082012561,1074635792,3655,0.649778,497,1382,49-25,32-5,37-65,37,37,64,52,87,65,0,0,1,37,1,37,108,1,37,71,1,button,1,37,37,0,64,0,1.0000,417,0.001674,-1,-1,button,1,37,37,0,64,0,1.0000,417,0.005035,,-1,button,1,37,37,0,64,0,1.0000,417,0.005299,-1,,button,1,37,37,0,64,0,1.0000,417,2.371500,-1,-1,37,0,0,0,0.4,risk_path,4,Bot1|Bot2|Bot3|Bot4,,1,0
111,0.75,75,440,416203697,1615190462,3657,0.650133,504,1392,10-8,49-62,1-12,95,93,25,13,100,98,0,0,1,95,1,95,134,1,95,39,1,button,1,95,95,0,14,0,1.0000,1551,0.014101,-1,-1,button,1,95,95,0,14,0,1.0000,1551,0.046978,,-1,button,1,95,95,0,14,0,1.0000,1551,0.056910,-1,,button,1,95,95,0,19,0,1.0000,1551,10.356683,4,4,95,0,0,0,0.4,risk_path,4,Bot1|Bot2|Bot3|Bot4,,1,0
112,0.75,75,440,2193764734,2138228930,3634,0.646044,495,1355,5-53,26-8,50-73,84,66,77,65,95,89,0,0,1,84,1,84,117,1,84,33,1,button,1,84,84,0,27,0,1.0000,1720,0.020680,-1,-1,button,1,84,84,0,27,0,1.0000,1720,0.062232,,-1,button,1,84,84,0,27,0,1.0000,1720,0.083859,-1,,button,1,84,84,0,27,0,1.0000,1720,8.869862,17,17,84,0,0,0,0.4,risk_path,4,Bot1|Bot2|Bot3|Bot4,,1,0
113,0.75,75,440,901889356,3820153862,3646,0.648178,513,1391,62-42,17-55,3-0,66,58,105,101,77,69,0,0,1,66,1,66,90,1,66,24,1,button,1,66,66,0,24,0,1.0000,802,0.005677,-1,-1,button,1,66,66,0,24,0,1.0000,802,0.016895,,-1,button,1,66,66,0,24,0,1.0000,802,0.020453,-1,,button,1,66,66,0,24,0,1.0000,802,6.565938,-1,-1,66,0,0,0,0.4,risk_path,4,Bot1|Bot2|Bot3|Bot4,,1,0
114,0.75,75,440,1911151784,3134867747,3627,0.644800,498,1377,36-73,65-72,37-32,52,30,56,42,72,68,0,0,1,52,1,52,84,1,52,32,1,button,1,52,52,0,32,0,1.0000,1515,0.008085,-1,-1,button,1,52,52,0,32,0,1.0000,1515,0.015110,,-1,button,1,52,52,0,32,0,1.0000,1515,0.024631,-1,,button,1,52,52,0,32,0,1.0000,1515,4.013096,35,35,52,0,0,0,0.4,risk_path,4,Bot1|Bot2|Bot3|Bot4,,1,0
115,0.75,75,440,1828045502,3560377918,3637,0.646578,489,1362,63-14,43-70,18-23,94,76,60,54,80,72,1,0,1,94,0,,97,1,94,3,1,button,1,94,94,0,3,0,1.0000,3052,0.035825,-1,-1,button,1,94,94,0,3,0,1.0000,3052,0.097803,,-1,button,1,94,94,0,3,0,1.0000,3052,0.171799,-1,,button,1,94,94,0,3,0,1.0000,3052,9.342176,-1,-1,94,25,44,0,0.99,risk_path,4,Bot1|Bot2|Bot3|Bot4,,1,0
116,0.75,75,440,794248593,1319229455,3632,0.645689,513,1408,15-60,69-51,1-71,83,63,27,25,92,88,0,0,1,83,1,83,119,1,83,36,1,button,1,83,83,0,12,0,1.0000,1392,0.012117,-1,-1,button,1,83,83,0,12,0,1.0000,1392,0.035989,,-1,button,1,83,83,0,12,0,1.0000,1392,0.055158,-1,,button,1,83,83,0,12,0,1.0000,1392,9.065134,22,22,83,0,0,0,0.4,risk_path,4,Bot1|Bot2|Bot3|Bot4,,1,0
117,0.75,75,440,247906182,231731730,3642,0.647467,494,1409,20-61,54-52,41-36,51,43,52,46,37,29,1,0,1,51,0,,44,0,,,0,walked_into_fire,0,43,43,0,-1,8,0.8431,893,0.004270,40,39,fire_reached_bot,0,46,43,3,-1,16,0.6863,,0.019415,,39,fire_reached_bot,0,47,43,4,-2,18,0.6471,,0.038909,39,,fire_reached_bot,0,46,43,3,-1,16,0.6863,,4.440680,-1,39,46,0,43,3,,no_path,0,,Bot1|Bot2|Bot3|Bot4,0,1
118,0.75,75,440,2338859109,2503174722,3651,0.649067,498,1365,60-47,39-67,22-52,49,41,55,43,40,32,1,0,1,49,0,,43,0,,,0,fire_reached_bot,0,29,29,0,0,20,0.5918,390,0.002146,26,26,fire_reached_bot,0,46,43,3,-2,14,0.7143,,0.015334,,-1,fire_reached_bot,0,46,43,3,-2,14,0.7143,,0.025357,-1,,fire_reached_bot,0,46,43,3,-2,14,0.7143,,4.188624,-1,-1,46,0,43,3,,no_path,0,,Bot1|Bot2|Bot3|Bot4,0,1
119,0.75,75,440,2795650116,841446020,3644,0.647822,511,1355,59-73,29-38,14-26,65,65,92,92,27,27,1,0,1,65,0,,34,0,,,0,fire_reached_bot,0,52,52,0,-17,13,0.8000,,0.009682,35,35,fire_reached_bot,0,74,34,40,-39,31,0.5231,,0.158083,,-1,fire_reached_bot,0,74,34,40,-39,31,0.5231,,0.343707,-1,,fire_reached_bot,0,74,34,40,-39,31,0.5231,,4.993044,-1,-1,74,0,34,40,,no_path,0,,Bot1|Bot2|Bot3|Bot4,0,1
120,0.75,75,440,2363225837,4020754255,3642,0.647467,496,1398,9-74,30-27,35-63,78,68,53,37,53,41,1,0,1,78,0,,60,0,,,0,walked_into_fire,0,50,50,0,-2,28,0.6410,1040,0.007784,48,47,fire_reached_bot,0,48,48,0,0,32,0.5897,998,0.024902,,47,fire_reached_bot,0,61,60,1,0,40,0.4872,,0.063482,47,,fire_reached_bot,0,48,48,0,0,32,0.5897,998,6.227423,-1,47,48,0,48,0,,shortest_path_fallback,0,,Bot1|Bot2|Bot3|Bot4,0,1
121,0.75,75,440,272157506,212865656,3665,0.651556,503,1381,45-19,17-12,29-12,43,35,25,23,24,12,1,0,1,43,0,,29,0,,,0,fire_reached_bot,0,20,20,0,0,23,0.4651,196,0.001094,-1,20,fire_reached_bot,0,20,20,0,0,23,0.4651,196,0.005112,,20,fire_reached_bot,0,27,24,3,0,27,0.3721,359,0.010708,20,,fire_reached_bot,0,20,20,0,0,23,0.4651,196,2.439026,-1,20,20,0,20,0,,shortest_path_fallback,0,,Bot1|Bot2|Bot3|Bot4,0,1
122,0.75,75,440,377564765,534516638,3632,0.645689,502,1362,27-3,24-11,67-44,15,11,83,81,82,76,0,0,1,15,1,15,95,1,15,80,1,button,1,15,15,0,80,0,1.0000,117,0.000422,-1,-1,button,1,15,15,0,80,0,1.0000,117,0.000718,,-1,button,1,15,15,0,80,0,1.0000,117,0.000951,-1,,button,1,15,15,0,80,0,1.0000,117,0.461091,-1,-1,15,0,0,0,0.4,risk_path,4,Bot1|Bot2|Bot3|Bot4,,1,0
123,0.75,75,440,1595995648,4164420774,3638,0.646756,514,1373,61-17,41-64,33-69,75,67,88,80,21,13,1,0,1,75,0,,26,0,,,0,fire_reached_bot,0,49,49,0,-22,26,0.6533,,0.004620,26,21,fire_reached_bot,0,77,25,52,-50,50,0.3333,,0.229210,,21,fire_reached_bot,0,78,25,53,-51,50,0.3333,,0.525347,21,,fire_reached_bot,0,77,25,52,-50,50,0.3333,,5.158132,-1,21,77,0,25,52,,no_path,0,,Bot1|Bot2|Bot3|Bot4,0,1
124,0.75,75,440,2851316964,3849568425,3612,0.642133,497,1349,30-47,1-14,18-2,64,62,73,57,31,29,1,0,1,64,0,,41,0,,,0,fire_reached_bot,0,45,45,0,-3,19,0.7031,,0.003759,38,38,fire_reached_bot,0,53,37,16,-11,27,0.5781,,0.078355,,-1,fire_reached_bot,0,53,37,16,-11,27,0.5781,,0.165697,-1,,fire_reached_bot,0,53,37,16,-11,27,0.5781,,5.485164,-1,-1,53,0,37,16,,no_path,0,,Bot1|Bot2|Bot3|Bot4,0,1
125,0.75,75,440,75640016,983425269,3623,0.644089,509,1341,47-43,18-9,40-9,73,63,43,41,34,22,1,0,1,73,0,,42,0,,,0,walked_into_fire,0,39,39,0,-2,34,0.5342,472,0.002893,38,37,fire_reached_bot,0,46,42,4,-3,41,0.4384,,0.032441,,37,fire_reached_bot,0,48,42,6,-5,39,0.4658,,0.088661,37,,fire_reached_bot,0,46,42,4,-3,41,0.4384,,6.355088,-1,37,46,0,42,4,,no_path,0,,Bot1|Bot2|Bot3|Bot4,0,1
126,0.75,75,440,2257855052,553856936,3648,0.648533,488,1395,40-62,42-9,71-44,85,55,51,49,70,64,1,0,1,85,0,,90,0,,,0,walked_into_fire,0,57,57,0,-1,28,0.6706,950,0.007523,56,54,fire_reached_bot,0,84,75,9,0,46,0.4588,1978,0.100524,,54,fire_reached_bot,0,84,75,9,0,46,0.4588,1978,0.150532,54,,fire_reached_bot,0,84,75,9,0,46,0.4588,1978,10.083738,-1,54,84,0,75,9,,no_path,0,,Bot1|Bot2|Bot3|Bot4,0,1
127,0.75,75,440,2387835660,4210166861,3638,0.646756,493,1389,16-46,13-0,26-22,61,49,38,34,35,35,1,0,1,61,0,,40,0,,,0,walked_into_fire,0,25,25,0,-2,36,0.4098,372,0.001564,22,22,fire_reached_bot,0,28,21,7,0,40,0.3443,494,0.042215,,-1,fire_reached_bot,0,28,21,7,0,40,0.3443,494,0.081349,-1,,fire_reached_bot,0,28,21,7,0,40,0.3443,494,2.720556,-1,-1,28,0,21,7,,no_path,0,,Bot1|Bot2|Bot3|Bot4,0,1
128,0.75,75,440,880119995,1942672215,3641,0.647289,524,1390,39-49,62-0,18-73,82,72,45,45,127,117,0,0,1,82,1,82,156,1,82,74,1,button,1,82,82,0,59,0,1.0000,1597,0.016469,-1,-1,button,1,82,82,0,59,0,1.0000,1597,0.048890,,-1,button,1,82,82,0,59,0,1.0000,1597,0.068723,-1,,button,1,82,82,0,59,0,1.0000,1597,8.417832,4,4,82,0,0,0,0.4,risk_path,4,Bot1|Bot2|Bot3|Bot4,,1,0
129,0.75,75,440,2335898079,2211249253,3628,0.644978,514,1381,37-2,64-0,45-5,67,29,11,11,58,24,1,0,1,67,0,,81,0,,,0,walked_into_fire,0,7,7,0,-2,60,0.1045,12,0.000805,3,1,fire_reached_bot,0,59,56,3,0,79,-0.1791,958,0.064851,,1,fire_reached_bot,0,58,56,2,0,81,-0.2090,926,0.076841,1,,fire_reached_bot,0,59,56,3,0,79,-0.1791,958,9.712065,-1,1,59,0,56,3,,no_path,0,,Bot1|Bot2|Bot3|Bot4,0,1
130,0.75,75,440,1465691200,1383389641,3648,0.648533,504,1394,67-45,2-1,32-38,111,109,54,42,67,67,1,0,1,111,0,,80,0,,,0,walked_into_fire,0,30,30,0,-1,81,0.2703,464,0.002422,23,23,fire_reached_bot,0,50,50,0,0,75,0.3243,1530,0.045168,,48,fire_reached_bot,0,60,57,3,0,84,0.2432,2251,0.081434,48,,fire_reached_bot,0,50,50,0,0,75,0.3243,1530,7.266789,-1,48,50,0,50,0,,shortest_path_fallback,0,,Bot1|Bot2|Bot3|Bot4,0,1
131,0.75,75,440,440757090,857276793,3614,0.642489,500,1344,44-57,14-72,67-57,47,45,29,23,76,68,0,0,1,47,1,47,90,1,47,43,1,button,1,47,47,0,34,0,1.0000,740,0.006105,-1,-1,button,1,47,47,0,34,0,1.0000,740,0.013858,,-1,button,1,47,47,0,34,0,1.0000,740,0.021250,-1,,button,1,47,47,0,34,0,1.0000,740,3.311577,-1,-1,47,0,0,0,0.4,risk_path,4,Bot1|Bot2|Bot3|Bot4,,1,0
132,0.75,75,440,3555543580,3812448778,3626,0.644622,494,1308,13-24,61-74,48-37,102,98,60,48,52,50,1,0,1,102,0,,65,0,,,0,walked_into_fire,0,37,37,0,-1,65,0.3627,462,0.002592,33,33,fire_reached_bot,0,72,54,18,-6,74,0.2745,,0.098601,,-1,fire_reached_bot,0,72,54,18,-6,74,0.2745,,0.161946,-1,,fire_reached_bot,0,72,54,18,-6,74,0.2745,,8.613451,-1,-1,72,0,54,18,,no_path,0,,Bot1|Bot2|Bot3|Bot4,0,1
133,0.75,75,440,948442129,703702193,3606,0.641067,489,1329,17-44,66-21,47-52,80,72,44,38,60,50,1,0,1,80,0,,83,1,80,3,1,button,1,80,80,0,3,0,1.0000,2087,0.020173,-1,-1,button,1,80,80,0,3,0,1.0000,2087,0.062425,,-1,button,1,80,80,0,3,0,1.0000,2087,0.085355,-1,,button,1,80,80,0,3,0,1.0000,2087,8.100631,-1,-1,80,10,58,0,0.99,risk_path,4,Bot1|Bot2|Bot3|Bot4,,1,0
134,0.75,75,440,1102281211,3563752405,3654,0.649600,503,1348,15-61,46-3,6-5,101,89,91,65,70,42,1,0,1,101,0,,104,0,,,0,walked_into_fire,0,75,75,0,-2,26,0.7426,811,0.008183,71,70,fire_reached_bot,0,98,98,0,0,17,0.8317,1479,0.077577,,70,fire_reached_bot,0,109,104,5,-4,25,0.7525,,0.122769,70,,fire_reached_bot,0,98,98,0,0,17,0.8317,1479,14.710160,-1,70,98,0,98,0,,shortest_path_fallback,0,,Bot1|Bot2|Bot3|Bot4,0,1
135,0.75,75,440,807723142,2871911597,3642,0.647467,509,1338,62-61,53-43,38-3,37,27,96,82,69,55,0,0,1,37,1,37,83,1,37,46,1,button,1,37,37,0,46,0,1.0000,492,0.003093,-1,-1,button,1,37,37,0,46,0,1.0000,492,0.005615,,-1,button,1,37,37,0,46,0,1.0000,492,0.008145,-1,,button,1,37,37,0,46,0,1.0000,492,2.349708,-1,-1,37,0,0,0,0.4,risk_path,4,Bot1|Bot2|Bot3|Bot4,,1,0
136,0.75,75,440,1899007051,3079980098,3638,0.646756,507,1386,8-11,70-74,66-70,137,125,125,117,32,8,1,0,1,137,0,,50,0,,,0,fire_reached_bot,0,68,68,0,-17,69,0.4964,,0.011748,19,19,fire_reached_bot,0,129,18,111,-78,119,0.1314,,0.492180,,-1,fire_reached_bot,0,129,18,111,-78,119,0.1314,,0.968764,-1,,fire_reached_bot,0,129,18,111,-78,119,0.1314,,5.342344,-1,-1,129,0,18,111,,no_path,0,,Bot1|Bot2|Bot3|Bot4,0,1
137,0.75,75,440,647213272,3488528219,3639,0.646933,496,1345,70-47,48-57,68-22,44,32,33,27,57,55,0,0,1,44,1,44,71,1,44,27,1,button,1,44,44,0,26,0,1.0000,752,0.004826,-1,-1,button,1,44,44,0,26,0,1.0000,752,0.011749,,-1,button,1,44,44,0,26,0,1.0000,752,0.014975,-1,,button,1,44,44,0,26,0,1.0000,752,3.688839,-1,-1,44,0,0,0,0.4,risk_path,4,Bot1|Bot2|Bot3|Bot4,,1,0
138,0.75,75,440,2955646883,1522454323,3639,0.646933,498,1348,70-34,60-68,42-16,66,44,52,46,88,70,0,0,1,66,1,66,107,1,66,41,1,button,1,66,66,0,40,0,1.0000,1889,0.013062,-1,-1,button,1,66,66,0,40,0,1.0000,1889,0.034415,,-1,button,1,66,66,0,40,0,1.0000,1889,0.048972,-1,,button,1,66,66,0,40,0,1.0000,1889,5.278058,60,60,66,0,0,0,0.4,risk_path,4,Bot1|Bot2|Bot3|Bot4,,1,0
139,0.75,75,440,3313783522,2464351505,3645,0.648000,495,1407,56-27,40-63,31-4,64,52,54,48,80,68,0,0,1,64,1,64,101,1,64,37,1,button,1,64,64,0,30,0,1.0000,1459,0.009979,-1,-1,button,1,64,64,0,30,0,1.0000,1459,0.027364,,-1,button,1,64,64,0,30,0,1.0000,1459,0.041119,-1,,button,1,64,64,0,30,0,1.0000,1459,5.491483,50,50,64,0,0,0,0.4,risk_path,4,Bot1|Bot2|Bot3|Bot4,,1,0
140,0.75,75,440,3452405857,2375599770,3649,0.648711,506,1372,37-2,71-34,45-58,70,66,82,64,60,50,1,0,1,70,0,,82,1,70,12,1,button,1,70,70,0,8,0,1.0000,1718,0.018190,-1,-1,button,1,70,70,0,8,0,1.0000,1718,0.032611,,-1,button,1,70,70,0,8,0,1.0000,1718,0.055246,-1,,button,1,70,70,0,8,0,1.0000,1718,7.023971,20,20,70,15,9,0,0.99,risk_path,4,Bot1|Bot2|Bot3|Bot4,,1,0
141,0.75,75,440,1002585984,1855575115,3672,0.652800,510,1408,39-60,63-11,65-29,83,73,63,57,26,20,1,0,1,83,0,,32,0,,,0,fire_reached_bot,0,35,35,0,-2,48,0.4217,,0.003861,20,20,fire_reached_bot,0,41,32,9,-8,53,0.3614,,0.080069,,-1,fire_reached_bot,0,41,32,9,-8,53,0.3614,,0.132151,-1,,fire_reached_bot,0,41,32,9,-8,53,0.3614,,6.075415,-1,-1,41,0,32,9,,no_path,0,,Bot1|Bot2|Bot3|Bot4,0,1
142,0.75,75,440,216244798,858947628,3652,0.649244,509,1403,47-4,42-58,32-25,87,59,40,36,61,43,1,0,1,87,0,,83,0,,,0,fire_reached_bot,0,28,28,0,0,59,0.3218,287,0.002329,-1,28,fire_reached_bot,0,28,28,0,0,59,0.3218,287,0.029041,,28,fire_reached_bot,0,34,34,0,0,57,0.3448,462,0.038647,28,,fire_reached_bot,0,28,28,0,0,59,0.3218,287,4.357413,-1,28,28,0,28,0,,shortest_path_fallback,0,,Bot1|Bot2|Bot3|Bot4,0,1
143,0.75,75,440,1035138522,1426829652,3638,0.646756,509,1403,25-73,20-22,66-72,76,56,68,42,98,96,0,0,1,76,1,76,116,1,76,40,1,button,1,76,76,0,40,0,1.0000,1189,0.010310,-1,-1,button,1,76,76,0,40,0,1.0000,1189,0.039627,,-1,button,1,76,76,0,40,0,1.0000,1189,0.054233,-1,,button,1,76,76,0,40,0,1.0000,1189,8.599854,-1,-1,76,0,0,0,0.4,risk_path,4,Bot1|Bot2|Bot3|Bot4,,1,0
144,0.75,75,440,833741974,2067007930,3647,0.648356,507,1395,18-23,49-6,31-6,66,48,50,30,28,18,1,0,1,66,0,,33,0,,,0,fire_reached_bot,0,28,28,0,0,38,0.4242,265,0.001357,27,26,fire_reached_bot,0,38,33,5,-4,47,0.2879,,0.037422,,26,fire_reached_bot,0,40,33,7,-6,49,0.2576,,0.084169,26,,fire_reached_bot,0,38,33,5,-4,47,0.2879,,5.295503,-1,26,38,0,33,5,,no_path,0,,Bot1|Bot2|Bot3|Bot4,0,1
145,0.75,75,440,2337670084,113731334,3646,0.648178,502,1417,55-29,37-24,34-37,45,23,45,29,28,16,1,0,1,45,0,,39,0,,,0,walked_into_fire,0,35,35,0,-1,10,0.7778,555,0.002524,31,31,fire_reached_bot,0,35,30,5,0,15,0.6667,590,0.035246,,-1,fire_reached_bot,0,35,30,5,0,15,0.6667,590,0.069259,-1,,fire_reached_bot,0,35,30,5,0,15,0.6667,590,3.089851,-1,-1,35,0,30,5,,no_path,0,,Bot1|Bot2|Bot3|Bot4,0,1
146,0.75,75,440,1787649367,1167024077,3657,0.650133,512,1392,14-28,1-15,50-67,26,26,83,75,107,101,0,0,1,26,1,26,119,1,26,93,1,button,1,26,26,0,92,0,1.0000,198,0.000943,-1,-1,button,1,26,26,0,92,0,1.0000,198,0.002094,,-1,button,1,26,26,0,92,0,1.0000,198,0.002734,-1,,button,1,26,26,0,92,0,1.0000,198,1.302939,-1,-1,26,0,0,0,0.4,risk_path,4,Bot1|Bot2|Bot3|Bot4,,1,0
147,0.75,75,440,979999953,4214328274,3643,0.647644,509,1369,73-50,6-59,2-35,108,76,110,86,54,28,1,0,1,108,0,,66,0,,,0,walked_into_fire,0,69,69,0,-2,39,0.6389,,0.011260,58,58,fire_reached_bot,0,90,66,24,-23,58,0.4630,,0.160113,,-1,fire_reached_bot,0,90,66,24,-23,58,0.4630,,0.278357,-1,,fire_reached_bot,0,90,66,24,-23,58,0.4630,,12.878147,-1,-1,90,0,66,24,,no_path,0,,Bot1|Bot2|Bot3|Bot4,0,1
148,0.75,75,440,1054847335,3500475643,3631,0.645511,510,1332,16-42,50-74,65-40,70,66,67,51,55,49,1,0,1,70,0,,68,0,,,0,walked_into_fire,0,68,68,0,-1,2,0.9714,1748,0.020482,67,67,fire_reached_bot,0,69,66,3,0,4,0.9429,,0.030804,,-1,fire_reached_bot,0,69,66,3,0,4,0.9429,,0.050207,-1,,fire_reached_bot,0,69,66,3,0,4,0.9429,,7.413310,-1,-1,69,0,66,3,,no_path,0,,Bot1|Bot2|Bot3|Bot4,0,1
149,0.75,75,440,175257072,1831328636,3645,0.648000,497,1375,51-67,36-24,24-26,78,58,76,68,16,14,1,0,1,78,0,,21,0,,,0,fire_reached_bot,0,47,47,0,-25,31,0.6026,,0.008307,20,20,fire_reached_bot,0,75,19,56,-53,59,0.2436,,0.225559,,-1,fire_reached_bot,0,75,19,56,-53,59,0.2436,,0.426039,-1,,fire_reached_bot,0,75,19,56,-53,59,0.2436,,3.131802,-1,-1,75,0,19,56,,no_path,0,,Bot1|Bot2|Bot3|Bot4,0,1
150,0.75,75,440,782275208,1449296483,3626,0.644622,490,1345,36-22,61-74,74-15,91,77,59,45,76,72,1,0,1,91,0,,94,1,91,3,1,button,1,91,91,0,3,0,1.0000,2136,0.022036,-1,-1,button,1,91,91,0,3,0,1.0000,2136,0.055807,,-1,button,1,91,91,0,3,0,1.0000,2136,0.092277,-1,,button,1,91,91,0,3,0,1.0000,2136,10.909573,60,60,91,26,57,0,0.99,risk_path,4,Bot1|Bot2|Bot3|Bot4,,1,0
151,0.75,75,440,1315622670,76071239,3641,0.647289,502,1361,31-53,41-5,48-29,80,58,61,41,35,31,1,0,1,80,0,,40,0,,,0,fire_reached_bot,0,35,35,0,0,45,0.4375,401,0.002654,32,32,fire_reached_bot,0,47,37,10,-6,47,0.4125,,0.071206,,-1,fire_reached_bot,0,47,37,10,-6,47,0.4125,,0.135881,-1,,fire_reached_bot,0,47,37,10,-6,47,0.4125,,6.415799,-1,-1,47,0,37,10,,no_path,0,,Bot1|Bot2|Bot3|Bot4,0,1
152,0.75,75,440,3579991625,3229194548,3608,0.641422,497,1331,48-13,34-13,13-45,32,14,69,67,65,53,0,0,1,32,1,32,81,1,32,49,1,button,1,32,32,0,48,0,1.0000,465,0.001860,-1,-1,button,1,32,32,0,48,0,1.0000,465,0.007247,,-1,button,1,32,32,0,48,0,1.0000,465,0.006760,-1,,button,1,32,32,0,48,0,1.0000,465,1.740779,-1,-1,32,0,0,0,0.4,risk_path,4,Bot1|Bot2|Bot3|Bot4,,1,0
153,0.75,75,440,3847139812,3509606694,3641,0.647289,498,1353,5-25,63-60,7-65,105,93,70,42,91,61,1,0,1,105,0,,113,1,113,0,0,walked_into_fire,0,52,52,0,-1,53,0.4952,711,0.006042,51,50,fire_reached_bot,0,84,84,0,0,43,0.5905,1580,0.095368,,50,fire_reached_bot,0,96,96,0,0,33,0.6857,2044,0.118534,50,,fire_reached_bot,0,84,84,0,0,43,0.5905,1580,13.797944,-1,50,84,0,84,0,,shortest_path_fallback,0,,Bot1|Bot2|Bot3|Bot4,0,1
154,0.75,75,440,3024991366,1532867464,3642,0.647467,510,1382,14-15,44-47,50-59,66,62,86,80,20,18,1,0,1,66,0,,35,0,,,0,walked_into_fire,0,52,52,0,-16,14,0.7879,,0.006389,36,36,fire_reached_bot,0,72,35,37,-36,31,0.5303,,0.186097,,-1,fire_reached_bot,0,72,35,37,-36,31,0.5303,,0.317004,-1,,fire_reached_bot,0,72,35,37,-36,31,0.5303,,5.176591,-1,-1,72,0,35,37,,no_path,0,,Bot1|Bot2|Bot3|Bot4,0,1
155,0.75,75,440,77398656,2952771356,3656,0.649956,502,1378,31-28,68-3,37-6,66,62,34,28,46,34,1,0,1,66,0,,60,0,,,0,fire_reached_bot,0,46,46,0,0,20,0.6970,801,0.004499,-1,-1,fire_reached_bot,0,46,46,0,0,20,0.6970,801,0.011834,,-1,fire_reached_bot,0,46,46,0,0,20,0.6970,801,0.015973,-1,,fire_reached_bot,0,46,46,0,0,20,0.6970,801,5.664766,-1,-1,46,0,46,0,,shortest_path_fallback,0,,Bot1|Bot2|Bot3|Bot4,0,1
156,0.75,75,440,1479374087,890278548,3637,0.646578,485,1364,25-27,72-41,49-50,75,61,57,47,46,32,1,0,1,75,0,,62,0,,,0,fire_reached_bot,0,33,33,0,0,42,0.4400,377,0.002423,30,30,fire_reached_bot,0,57,57,0,0,18,0.7600,1374,0.030882,,56,fire_reached_bot,0,61,61,0,0,26,0.6533,1595,0.045555,56,,fire_reached_bot,0,57,57,0,0,18,0.7600,1374,6.783648,-1,56,57,0,57,0,,shortest_path_fallback,0,,Bot1|Bot2|Bot3|Bot4,0,1
157,0.75,75,440,2224295823,2491851967,3652,0.649244,510,1364,9-52,44-18,52-33,75,69,76,62,25,23,1,0,1,75,0,,30,0,,,0,walked_into_fire,0,48,48,0,-17,27,0.6400,,0.008470,31,31,fire_reached_bot,0,56,30,26,-25,45,0.4000,,0.113024,,-1,fire_reached_bot,0,56,30,26,-25,45,0.4000,,0.210071,-1,,fire_reached_bot,0,56,30,26,-25,45,0.4000,,4.172921,-1,-1,56,0,30,26,,no_path,0,,Bot1|Bot2|Bot3|Bot4,0,1
158,0.75,75,440,4250350007,863802251,3634,0.646044,516,1368,52-14,14-5,70-62,57,47,82,66,123,113,0,0,1,57,1,57,151,1,57,94,1,button,1,57,57,0,90,0,1.0000,718,0.006505,-1,-1,button,1,57,57,0,90,0,1.0000,718,0.014367,,-1,button,1,57,57,0,90,0,1.0000,718,0.016703,-1,,button,1,57,57,0,90,0,1.0000,718,4.807447,-1,-1,57,0,0,0,0.4,risk_path,4,Bot1|Bot2|Bot3|Bot4,,1,0
159,0.75,75,440,1797411092,3333033759,3625,0.644444,505,1318,69-22,18-54,2-51,89,83,106,96,21,19,1,0,1,89,0,,26,0,,,0,walked_into_fire,0,61,61,0,-34,28,0.6854,,0.009197,26,26,fire_reached_bot,0,109,25,84,-82,64,0.2809,,0.370084,,-1,fire_reached_bot,0,109,25,84,-82,64,0.2809,,0.745191,-1,,fire_reached_bot,0,109,25,84,-82,64,0.2809,,5.806356,-1,-1,109,0,25,84,,no_path,0,,Bot1|Bot2|Bot3|Bot4,0,1
160,0.75,75,440,2622103724,4030296821,3630,0.645333,510,1345,71-28,17-69,71-57,103,95,41,29,98,66,1,0,1,103,0,,115,1,103,12,1,button,1,103,103,0,11,0,1.0000,2328,0.028669,-1,-1,button,1,103,103,0,11,0,1.0000,2328,0.106251,,-1,button,1,103,103,0,11,0,1.0000,2328,0.137013,-1,,button,1,103,103,0,11,0,1.0000,2328,11.212343,16,16,103,0,0,0,0.4,risk_path,4,Bot1|Bot2|Bot3|Bot4,,1,0
161,0.75,75,440,2317555799,151919511,3653,0.649422,497,1386,39-11,9-48,34-21,71,67,19,15,58,52,1,0,1,71,0,,75,0,,,0,fire_reached_bot,0,12,12,0,0,59,0.1690,74,0.000868,-1,-1,fire_reached_bot,0,12,12,0,0,59,0.1690,74,0.004860,,-1,fire_reached_bot,0,12,12,0,0,59,0.1690,74,0.007909,-1,,fire_reached_bot,0,12,12,0,0,59,0.1690,74,1.799676,-1,-1,12,0,12,0,,shortest_path_fallback,0,,Bot1|Bot2|Bot3|Bot4,0,1
162,0.75,75,440,197254622,1131390103,3628,0.644978,492,1357,64-4,48-48,10-59,78,60,119,109,69,49,1,0,1,78,0,,92,1,78,14,1,button,1,78,78,0,13,0,1.0000,1265,0.013743,-1,-1,button,1,78,78,0,13,0,1.0000,1265,0.041354,,-1,button,1,78,78,0,13,0,1.0000,1265,0.062702,-1,,button,1,78,78,0,13,0,1.0000,1265,8.734359,-1,-1,78,10,1,0,0.99,risk_path,4,Bot1|Bot2|Bot3|Bot4,,1,0
163,0.75,75,440,2939572986,872181782,3637,0.646578,492,1354,24-49,24-6,26-14,61,43,47,37,26,10,1,0,1,61,0,,39,0,,,0,fire_reached_bot,0,26,26,0,0,35,0.4262,320,0.002010,19,19,fire_reached_bot,0,36,34,2,0,37,0.3934,623,0.032914,,24,fire_reached_bot,0,36,34,2,0,39,0.3607,623,0.049533,24,,fire_reached_bot,0,36,34,2,0,37,0.3934,623,4.779795,-1,24,36,0,34,2,,no_path,0,,Bot1|Bot2|Bot3|Bot4,0,1
164,0.75,75,440,318478055,3662582948,3642,0.647467,515,1402,71-51,66-61,54-8,21,15,76,60,89,65,0,0,1,21,1,21,107,1,21,86,1,button,1,21,21,0,82,0,1.0000,165,0.000869,-1,-1,button,1,21,21,0,82,0,1.0000,165,0.002060,,-1,button,1,21,21,0,82,0,1.0000,165,0.002327,-1,,button,1,21,21,0,82,0,1.0000,165,0.888599,-1,-1,21,0,0,0,0.4,risk_path,4,Bot1|Bot2|Bot3|Bot4,,1,0
165,0.75,75,440,4153650681,247554762,3644,0.647822,510,1382,64-68,47-30,67-69,71,55,10,4,81,59,0,0,1,71,1,71,101,1,71,30,1,button,1,71,71,0,14,0,1.0000,887,0.009354,-1,-1,button,1,71,71,0,14,0,1.0000,887,0.033624,,-1,button,1,71,71,0,14,0,1.0000,887,0.046422,-1,,button,1,71,71,0,14,0,1.0000,887,8.130388,-1,-1,71,0,0,0,0.4,risk_path,4,Bot1|Bot2|Bot3|Bot4,,1,0
166,0.75,75,440,3449166865,1705888709,3633,0.645867,507,1380,4-1,11-58,21-60,82,64,84,76,34,12,1,0,1,82,0,,46,0,,,0,walked_into_fire,0,49,49,0,-2,33,0.5976,,0.005850,44,44,fire_reached_bot,0,57,43,14,-10,39,0.5244,,0.096719,,-1,fire_reached_bot,0,57,43,14,-10,39,0.5244,,0.145399,-1,,fire_reached_bot,0,57,43,14,-10,39,0.5244,,6.473865,-1,-1,57,0,43,14,,no_path,0,,Bot1|Bot2|Bot3|Bot4,0,1
167,0.75,75,440,922269232,2098977963,3647,0.648356,511,1360,13-1,33-41,63-8,76,60,65,57,65,63,1,0,1,76,0,,80,1,76,4,1,button,1,76,76,0,4,0,1.0000,1525,0.017764,-1,-1,button,1,76,76,0,4,0,1.0000,1525,0.045990,,-1,button,1,76,76,0,4,0,1.0000,1525,0.055519,-1,,button,1,76,76,0,4,0,1.0000,1525,8.290338,72,72,76,20,33,0,0.99,risk_path,4,Bot1|Bot2|Bot3|Bot4,,1,0
168,0.75,75,440,544612032,2877135198,3672,0.652800,519,1443,73-8,4-23,58-24,108,84,33,31,77,55,1,0,1,108,0,,100,0,,,0,fire_reached_bot,0,42,42,0,0,66,0.3889,860,0.006445,42,42,fire_reached_bot,0,47,45,2,0,71,0.3426,1054,0.063408,,-1,fire_reached_bot,0,47,45,2,0,71,0.3426,1054,0.056757,-1,,fire_reached_bot,0,47,45,2,0,71,0.3426,1054,6.769303,-1,-1,47,0,45,2,,no_path,0,,Bot1|Bot2|Bot3|Bot4,0,1
169,0.75,75,440,3778881665,2740835865,3659,0.650489,524,1370,53-11,25-60,12-64,89,77,106,94,17,17,1,0,1,89,0,,22,0,,,0,walked_into_fire,0,61,61,0,-38,28,0.6854,,0.009108,23,23,fire_reached_bot,0,113,22,91,-90,67,0.2472,,0.419619,,-1,fire_reached_bot,0,113,22,91,-90,67,0.2472,,0.772277,-1,,fire_reached_bot,0,113,22,91,-90,67,0.2472,,5.384514,-1,-1,113,0,22,91,,no_path,0,,Bot1|Bot2|Bot3|Bot4,0,1
170,0.75,75,440,229250927,3518222234,3643,0.647644,495,1356,14-12,17-54,46-5,67,45,45,39,78,78,0,0,1,67,1,67,95,1,67,28,1,button,1,67,67,0,28,0,1.0000,1537,0.011702,-1,-1,button,1,67,67,0,28,0,1.0000,1537,0.031598,,-1,button,1,67,67,0,28,0,1.0000,1537,0.045524,-1,,button,1,67,67,0,28,0,1.0000,1537,5.680529,26,26,67,0,0,0,0.4,risk_path,4,Bot1|Bot2|Bot3|Bot4,,1,0
171,0.75,75,440,1085318485,4112605803,3639,0.646933,508,1381,36-73,72-19,35-7,98,90,87,67,55,49,1,0,1,98,0,,66,0,,,0,fire_reached_bot,0,59,59,0,0,39,0.6020,1209,0.009531,58,58,fire_reached_bot,0,71,65,6,-4,35,0.6429,,0.083317,,-1,fire_reached_bot,0,71,65,6,-4,35,0.6429,,0.119730,-1,,fire_reached_bot,0,71,65,6,-4,35,0.6429,,9.757109,-1,-1,71,0,65,6,,no_path,0,,Bot1|Bot2|Bot3|Bot4,0,1
172,0.75,75,440,1943131252,2533243586,3649,0.648711,504,1361,49-28,24-40,33-20,43,37,28,24,33,29,1,0,1,43,0,,46,0,,,0,fire_reached_bot,0,19,19,0,0,24,0.4419,183,0.000886,-1,19,fire_reached_bot,0,19,19,0,0,24,0.4419,183,0.005747,,19,fire_reached_bot,0,38,37,1,0,30,0.3023,814,0.018151,19,,fire_reached_bot,0,19,19,0,0,24,0.4419,183,1.984666,-1,19,19,0,19,0,,shortest_path_fallback,0,,Bot1|Bot2|Bot3|Bot4,0,1
173,0.75,75,440,815405907,3357921857,3626,0.644622,501,1351,17-10,2-58,1-70,77,63,88,76,23,13,1,0,1,77,0,,33,0,,,0,walked_into_fire,0,52,52,0,-18,25,0.6753,,0.003666,26,26,fire_reached_bot,0,84,25,59,-50,52,0.3247,,0.278582,,-1,fire_reached_bot,0,84,25,59,-50,52,0.3247,,0.588145,-1,,fire_reached_bot,0,84,25,59,-50,52,0.3247,,5.570068,-1,-1,84,0,25,59,,no_path,0,,Bot1|Bot2|Bot3|Bot4,0,1
174,0.75,75,440,2300978891,2614612160,3647,0.648356,501,1375,29-35,5-65,18-74,54,54,60,50,26,22,1,0,1,54,0,,30,0,,,0,fire_reached_bot,0,34,34,0,-3,20,0.6296,,0.001708,30,30,fire_reached_bot,0,39,29,10,-8,25,0.5370,,0.057375,,-1,fire_reached_bot,0,39,29,10,-8,25,0.5370,,0.136850,-1,,fire_reached_bot,0,39,29,10,-8,25,0.5370,,3.906761,-1,-1,39,0,29,10,,no_path,0,,Bot1|Bot2|Bot3|Bot4,0,1
175,0.75,75,440,2018207897,3314081923,3620,0.643556,501,1355,16-10,53-27,60-70,66,54,122,104,56,50,1,0,1,66,0,,68,1,66,2,1,button,1,66,66,0,2,0,1.0000,1228,0.011007,-1,-1,button,1,66,66,0,2,0,1.0000,1228,0.028125,,-1,button,1,66,66,0,2,0,1.0000,1228,0.037935,-1,,button,1,66,66,0,2,0,1.0000,1228,7.194645,40,40,66,12,39,0,0.99,risk_path,4,Bot1|Bot2|Bot3|Bot4,,1,0
176,0.75,75,440,2818097894,3512310857,3632,0.645689,509,1342,11-44,26-37,59-48,46,22,74,52,66,44,0,0,1,46,1,46,83,1,46,37,1,button,1,46,46,0,34,0,1.0000,570,0.003223,-1,-1,button,1,46,46,0,34,0,1.0000,570,0.014921,,-1,button,1,46,46,0,34,0,1.0000,570,0.015889,-1,,button,1,46,46,0,34,0,1.0000,570,3.372061,6,6,46,0,0,0,0.4,risk_path,4,Bot1|Bot2|Bot3|Bot4,,1,0
177,0.75,75,440,2027427399,1220179851,3630,0.645333,486,1356,30-38,73-15,50-71,66,66,63,53,95,79,0,0,1,66,1,66,126,1,66,60,1,button,1,66,66,0,59,0,1.0000,750,0.005300,-1,-1,button,1,66,66,0,59,0,1.0000,750,0.013709,,-1,button,1,66,66,0,59,0,1.0000,750,0.015105,-1,,button,1,66,66,0,59,0,1.0000,750,6.469340,37,37,66,0,0,0,0.4,risk_path,4,Bot1|Bot2|Bot3|Bot4,,1,0
178,0.75,75,440,3599993327,1032513067,3649,0.648711,514,1379,52-28,3-70,60-5,101,91,39,31,122,122,0,0,1,101,1,101,154,1,101,53,1,button,1,101,101,0,37,0,1.0000,2438,0.031379,-1,-1,button,1,101,101,0,37,0,1.0000,2438,0.059507,,-1,button,1,101,101,0,37,0,1.0000,2438,0.091074,-1,,button,1,101,101,0,37,0,1.0000,2438,10.602345,-1,-1,101,0,0,0,0.4,risk_path,4,Bot1|Bot2|Bot3|Bot4,,1,0
179,0.75,75,440,2543364003,1899170686,3632,0.645689,503,1387,41-38,55-52,67-5,34,28,63,59,69,59,0,0,1,34,1,34,85,1,34,51,1,button,1,34,34,0,51,0,1.0000,210,0.001189,-1,-1,button,1,34,34,0,51,0,1.0000,210,0.005061,,-1,button,1,34,34,0,51,0,1.0000,210,0.005785,-1,,button,1,34,34,0,51,0,1.0000,210,2.164641,19,19,34,0,0,0,0.4,risk_path,4,Bot1|Bot2|Bot3|Bot4,,1,0
180,0.75,75,440,1116830270,123999137,3635,0.646222,502,1362,41-21,71-69,61-69,92,78,78,68,30,10,1,0,1,92,0,,39,0,,,0,fire_reached_bot,0,46,46,0,-6,46,0.5000,,0.004173,16,16,fire_reached_bot,0,84,15,69,-44,77,0.1630,,0.353835,,-1,fire_reached_bot,0,84,15,69,-44,77,0.1630,,0.699550,-1,,fire_reached_bot,0,84,15,69,-44,77,0.1630,,4.207028,-1,-1,84,0,15,69,,no_path,0,,Bot1|Bot2|Bot3|Bot4,0,1
181,0.75,75,440,4129245186,2777447817,3675,0.653333,520,1414,58-11,69-10,38-59,16,12,74,68,86,80,0,0,1,16,1,16,107,1,16,91,1,button,1,16,16,0,89,0,1.0000,73,0.000338,-1,-1,button,1,16,16,0,89,0,1.0000,73,0.001012,,-1,button,1,16,16,0,89,0,1.0000,73,0.000997,-1,,button,1,16,16,0,89,0,1.0000,73,0.524379,2,2,16,0,0,0,0.4,risk_path,4,Bot1|Bot2|Bot3|Bot4,,1,0
182,0.75,75,440,699038936,1084992602,3641,0.647289,516,1390,25-21,56-28,5-35,46,38,36,34,74,58,0,0,1,46,1,46,102,1,46,56,1,button,1,46,46,0,46,0,1.0000,751,0.003935,-1,-1,button,1,46,46,0,46,0,1.0000,751,0.009041,,-1,button,1,46,46,0,46,0,1.0000,751,0.012759,-1,,button,1,46,46,0,46,0,1.0000,751,3.267491,18,18,46,0,0,0,0.4,risk_path,4,Bot1|Bot2|Bot3|Bot4,,1,0
183,0.75,75,440,3412191491,4070376951,3637,0.646578,496,1387,62-44,41-67,63-45,54,44,2,2,56,44,0,0,1,54,1,54,76,1,54,22,1,button,1,54,54,0,2,0,1.0000,1131,0.007157,-1,-1,button,1,54,54,0,2,0,1.0000,1131,0.016471,,-1,button,1,54,54,0,2,0,1.0000,1131,0.025508,-1,,button,1,54,54,0,2,0,1.0000,1131,4.157354,-1,-1,54,0,0,0,0.4,risk_path,4,Bot1|Bot2|Bot3|Bot4,,1,0
184,0.75,75,440,1126362104,2531367481,3631,0.645511,503,1386,31-17,21-48,48-3,53,41,39,31,78,72,0,0,1,53,1,53,93,1,53,40,1,button,1,53,53,0,38,0,1.0000,633,0.003700,-1,-1,button,1,53,53,0,38,0,1.0000,633,0.014058,,-1,button,1,53,53,0,38,0,1.0000,633,0.016832,-1,,button,1,53,53,0,38,0,1.0000,633,4.232564,-1,-1,53,0,0,0,0.4,risk_path,4,Bot1|Bot2|Bot3|Bot4,,1,0
185,0.75,75,440,3977488963,3994077294,3647,0.648356,515,1343,30-40,24-6,35-13,52,40,46,32,18,18,1,0,1,52,0,,27,0,,,0,walked_into_fire,0,33,33,0,-5,19,0.6346,,0.002100,26,26,fire_reached_bot,0,41,25,16,-13,27,0.4808,,0.081155,,-1,fire_reached_bot,0,41,25,16,-13,27,0.4808,,0.140925,-1,,fire_reached_bot,0,41,25,16,-13,27,0.4808,,3.211118,-1,-1,41,0,25,16,,no_path,0,,Bot1|Bot2|Bot3|Bot4,0,1
186,0.75,75,440,2126553979,2609949610,3626,0.644622,490,1334,13-61,42-74,58-35,42,42,73,71,61,55,0,0,1,42,1,42,82,1,42,40,1,button,1,42,42,0,40,0,1.0000,631,0.003243,-1,-1,button,1,42,42,0,40,0,1.0000,631,0.006849,,-1,button,1,42,42,0,40,0,1.0000,631,0.010150,-1,,button,1,42,42,0,40,0,1.0000,631,3.167271,6,6,42,0,0,0,0.4,risk_path,4,Bot1|Bot2|Bot3|Bot4,,1,0
187,0.75,75,440,604629814,3122588556,3651,0.649067,512,1393,42-22,48-26,40-11,12,10,19,13,31,23,0,0,1,12,1,12,35,1,12,23,1,button,1,12,12,0,21,0,1.0000,61,0.000245,-1,-1,button,1,12,12,0,21,0,1.0000,61,0.000490,,-1,button,1,12,12,0,21,0,1.0000,61,0.000577,-1,,button,1,12,12,0,21,0,1.0000,61,0.349046,-1,-1,12,0,0,0,0.4,risk_path,4,Bot1|Bot2|Bot3|Bot4,,1,0
188,0.75,75,440,2717215071,3838181151,3669,0.652267,516,1402,4-12,43-12,69-67,83,39,120,120,91,81,0,0,1,83,1,83,121,1,83,38,1,button,1,83,83,0,33,0,1.0000,1533,0.016121,-1,-1,button,1,83,83,0,33,0,1.0000,1533,0.073541,,-1,button,1,83,83,0,33,0,1.0000,1533,0.088510,-1,,button,1,83,83,0,33,0,1.0000,1533,8.720599,34,34,83,0,0,0,0.4,risk_path,4,Bot1|Bot2|Bot3|Bot4,,1,0
189,0.75,75,440,899400218,1033562852,3653,0.649422,519,1408,15-65,68-61,7-10,91,57,95,63,132,112,0,0,1,91,1,91,170,1,91,79,1,button,1,91,91,0,70,0,1.0000,1051,0.008660,-1,-1,button,1,91,91,0,70,0,1.0000,1051,0.044225,,-1,button,1,91,91,0,70,0,1.0000,1051,0.050800,-1,,button,1,91,91,0,70,0,1.0000,1051,11.695316,22,22,91,0,0,0,0.4,risk_path,4,Bot1|Bot2|Bot3|Bot4,,1,0
190,0.75,75,440,3481980839,2844192455,3636,0.646400,506,1365,69-53,58-13,16-44,61,51,78,62,77,73,0,0,1,61,1,61,101,1,61,40,1,button,1,61,61,0,40,0,1.0000,1490,0.011998,-1,-1,button,1,61,61,0,40,0,1.0000,1490,0.022991,,-1,button,1,61,61,0,40,0,1.0000,1490,0.035655,-1,,button,1,61,61,0,40,0,1.0000,1490,4.785597,-1,-1,61,0,0,0,0.4,risk_path,4,Bot1|Bot2|Bot3|Bot4,,1,0
191,0.75,75,440,1615916817,2432315316,3635,0.646222,508,1385,2-12,63-7,37-53,84,66,84,76,96,72,0,0,1,84,1,84,112,1,84,28,1,button,1,84,84,0,28,0,1.0000,2673,0.032721,-1,-1,button,1,84,84,0,28,0,1.0000,2673,0.048667,,-1,button,1,84,84,0,28,0,1.0000,2673,0.076634,-1,,button,1,84,84,0,28,0,1.0000,2673,7.327313,4,4,84,0,0,0,0.4,risk_path,4,Bot1|Bot2|Bot3|Bot4,,1,0
192,0.75,75,440,3898521735,118069459,3640,0.647111,503,1357,65-51,13-31,35-4,78,72,95,77,65,49,1,0,1,78,0,,80,1,78,2,1,button,1,78,78,0,2,0,1.0000,1100,0.009565,-1,-1,button,1,78,78,0,2,0,1.0000,1100,0.030558,,-1,button,1,78,78,0,2,0,1.0000,1100,0.040236,-1,,button,1,78,78,0,2,0,1.0000,1100,10.372410,-1,-1,78,12,44,0,0.99,risk_path,4,Bot1|Bot2|Bot3|Bot4,,1,0
193,0.75,75,440,2444658365,2126892776,3649,0.648711,505,1399,33-16,18-42,60-74,45,41,103,85,80,74,0,0,1,45,1,45,96,1,45,51,1,button,1,45,45,0,45,0,1.0000,448,0.003080,-1,-1,button,1,45,45,0,45,0,1.0000,448,0.008916,,-1,button,1,45,45,0,45,0,1.0000,448,0.011664,-1,,button,1,45,45,0,45,0,1.0000,448,3.294818,-1,-1,45,0,0,0,0.4,risk_path,4,Bot1|Bot2|Bot3|Bot4,,1,0
194,0.75,75,440,2214062488,49670459,3680,0.654222,504,1424,54-28,6-56,20-24,80,76,58,38,60,46,1,0,1,80,0,,71,0,,,0,walked_into_fire,0,43,43,0,-1,37,0.5375,999,0.005610,42,42,fire_reached_bot,0,57,57,0,0,29,0.6375,1497,0.044183,,57,fire_reached_bot,0,58,58,0,0,30,0.6250,1532,0.054948,57,,fire_reached_bot,0,57,57,0,0,29,0.6375,1497,7.241249,-1,57,57,0,57,0,,shortest_path_fallback,0,,Bot1|Bot2|Bot3|Bot4,0,1
195,0.75,75,440,1449191703,2718877568,3592,0.638578,491,1324,33-21,17-58,26-24,55,53,12,10,53,43,1,0,1,55,0,,74,1,55,19,1,button,1,55,55,0,8,0,1.0000,1196,0.008596,-1,-1,button,1,55,55,0,8,0,1.0000,1196,0.016516,,-1,button,1,55,55,0,8,0,1.0000,1196,0.027614,-1,,button,1,55,55,0,8,0,1.0000,1196,4.135085,-1,-1,55,0,0,0,0.4,risk_path,4,Bot1|Bot2|Bot3|Bot4,,1,0
196,0.75,75,440,2745450280,3961164760,3646,0.648178,520,1434,24-70,36-17,51-9,95,65,110,88,25,23,1,0,1,95,0,,31,0,,,0,walked_into_fire,0,67,67,0,-35,28,0.7053,,0.016483,32,32,fire_reached_bot,0,108,31,77,-76,64,0.3263,,0.297574,,-1,fire_reached_bot,0,108,31,77,-76,64,0.3263,,0.545394,-1,,fire_reached_bot,0,108,31,77,-76,64,0.3263,,6.438022,-1,-1,108,0,31,77,,no_path,0,,Bot1|Bot2|Bot3|Bot4,0,1
197,0.75,75,440,1134599302,4132178095,3653,0.649422,495,1397,20-37,62-2,57-46,77,77,56,46,65,49,1,0,1,77,0,,87,1,77,10,1,button,1,77,77,0,6,0,1.0000,2234,0.023043,-1,-1,button,1,77,77,0,6,0,1.0000,2234,0.033320,,-1,button,1,77,77,0,6,0,1.0000,2234,0.054049,-1,,button,1,77,77,0,6,0,1.0000,2234,7.416121,39,39,77,15,26,0,0.99,risk_path,4,Bot1|Bot2|Bot3|Bot4,,1,0
198,0.75,75,440,3387618525,4213744687,3637,0.646578,501,1335,25-12,26-27,73-32,32,16,80,68,70,52,0,0,1,32,1,32,90,1,32,58,1,button,1,32,32,0,57,0,1.0000,323,0.001499,-1,-1,button,1,32,32,0,57,0,1.0000,323,0.003574,,-1,button,1,32,32,0,57,0,1.0000,323,0.005155,-1,,button,1,32,32,0,57,0,1.0000,323,1.851288,-1,-1,32,0,0,0,0.4,risk_path,4,Bot1|Bot2|Bot3|Bot4,,1,0
199,0.75,75,440,3963364150,1255751458,3646,0.648178,503,1378,31-11,73-33,7-36,76,64,53,49,91,69,0,0,1,76,1,76,117,1,76,41,1,button,1,76,76,0,33,0,1.0000,1769,0.016994,-1,-1,button,1,76,76,0,33,0,1.0000,1769,0.033563,,-1,button,1,76,76,0,33,0,1.0000,1769,0.059623,-1,,button,1,76,76,0,40,0,1.0000,1769,6.867527,1,1,76,0,0,0,0.4,risk_path,4,Bot1|Bot2|Bot3|Bot4,,1,0
200,0.75,75,440,687047578,4017936739,3628,0.644978,511,1337,27-51,69-32,8-40,65,61,30,30,79,69,0,0,1,65,1,65,101,1,65,36,1,button,1,65,65,0,20,0,1.0000,1629,0.011686,-1,-1,button,1,65,65,0,20,0,1.0000,1629,0.025933,,-1,button,1,65,65,0,20,0,1.0000,1629,0.045264,-1,,button,1,65,65,0,20,0,1.0000,1629,5.407794,16,16,65,0,0,0,0.4,risk_path,4,Bot1|Bot2|Bot3|Bot4,,1,0
201,0.75,75,440,3808654913,1437651723,3644,0.647822,506,1376,73-63,38-16,62-70,86,82,34,18,84,78,1,0,1,86,0,,111,1,86,25,1,button,1,86,86,0,5,0,1.0000,1326,0.013139,-1,-1,button,1,86,86,0,5,0,1.0000,1326,0.038216,,-1,button,1,86,86,0,5,0,1.0000,1326,0.052959,-1,,button,1,86,86,0,7,0,1.0000,1326,10.023182,6,6,86,0,0,0,0.4,risk_path,4,Bot1|Bot2|Bot3|Bot4,,1,0
202,0.75,75,440,479682215,117614757,3621,0.643733,510,1341,36-35,34-65,43-19,46,32,39,23,81,55,0,0,1,46,1,46,105,1,46,59,1,button,1,46,46,0,49,0,1.0000,676,0.003247,-1,-1,button,1,46,46,0,49,0,1.0000,676,0.009281,,-1,button,1,46,46,0,49,0,1.0000,676,0.012174,-1,,button,1,46,46,0,49,0,1.0000,676,3.272852,-1,-1,46,0,0,0,0.4,risk_path,4,Bot1|Bot2|Bot3|Bot4,,1,0
203,0.75,75,440,1496475200,4047105304,3645,0.648000,514,1350,51-1,14-73,56-29,117,109,43,33,88,86,1,0,1,117,0,,107,0,,,0,fire_reached_bot,0,25,25,0,0,92,0.2137,325,0.002637,22,22,fire_reached_bot,0,80,78,2,0,87,0.2564,2746,0.107473,,38,fire_reached_bot,0,80,78,2,0,87,0.2564,2746,0.155658,38,,fire_reached_bot,0,80,78,2,0,87,0.2564,2746,12.044775,-1,38,80,0,78,2,,no_path,0,,Bot1|Bot2|Bot3|Bot4,0,1
204,0.75,75,440,505044942,177768735,3649,0.648711,507,1385,16-40,65-14,63-49,81,75,68,56,65,37,1,0,1,81,0,,75,0,,,0,fire_reached_bot,0,45,45,0,0,36,0.5556,816,0.005068,45,43,fire_reached_bot,0,47,47,0,0,40,0.5062,893,0.030200,,43,fire_reached_bot,0,80,75,5,-4,42,0.4815,,0.107073,43,,fire_reached_bot,0,47,47,0,0,40,0.5062,893,7.139009,-1,43,47,0,47,0,,shortest_path_fallback,0,,Bot1|Bot2|Bot3|Bot4,0,1
205,0.75,75,440,2592851329,1842348790,3662,0.651022,518,1377,6-43,55-29,67-0,81,63,112,104,51,41,1,0,1,81,0,,69,0,,,0,walked_into_fire,0,67,67,0,-2,14,0.8272,631,0.005509,62,60,fire_reached_bot,0,85,69,16,-15,28,0.6543,,0.116334,,60,fire_reached_bot,0,92,69,23,-22,24,0.7037,,0.230883,60,,fire_reached_bot,0,85,69,16,-15,28,0.6543,,11.611690,-1,60,85,0,69,16,,no_path,0,,Bot1|Bot2|Bot3|Bot4,0,1
206,0.75,75,440,3837839052,4278048444,3662,0.651022,509,1415,49-20,41-20,45-66,10,8,62,50,64,50,0,0,1,10,1,10,81,1,10,71,1,button,1,10,10,0,70,0,1.0000,48,0.000196,-1,-1,button,1,10,10,0,70,0,1.0000,48,0.000319,,-1,button,1,10,10,0,70,0,1.0000,48,0.000393,-1,,button,1,10,10,0,70,0,1.0000,48,0.248869,1,1,10,0,0,0,0.4,risk_path,4,Bot1|Bot2|Bot3|Bot4,,1,0
207,0.75,75,440,4060788553,845069922,3646,0.648178,517,1375,13-16,67-34,60-28,86,72,81,59,13,13,1,0,1,86,0,,17,0,,,0,walked_into_fire,0,47,47,0,-29,39,0.5465,,0.007987,17,17,fire_reached_bot,0,91,16,75,-73,70,0.1860,,0.302862,,-1,fire_reached_bot,0,91,16,75,-73,70,0.1860,,0.601522,-1,,fire_reached_bot,0,91,16,75,-73,70,0.1860,,3.659855,-1,-1,91,0,16,75,,no_path,0,,Bot1|Bot2|Bot3|Bot4,0,1
208,0.75,75,440,1921987437,1998653501,3636,0.646400,506,1373,74-46,4-55,7-25,107,79,108,88,45,33,1,0,1,107,0,,53,0,,,0,walked_into_fire,0,77,77,0,-23,30,0.7196,,0.019965,54,54,fire_reached_bot,0,89,53,36,-35,54,0.4953,,0.186706,,-1,fire_reached_bot,0,89,53,36,-35,54,0.4953,,0.354399,-1,,fire_reached_bot,0,89,53,36,-35,54,0.4953,,9.511088,-1,-1,89,0,53,36,,no_path,0,,Bot1|Bot2|Bot3|Bot4,0,1
209,0.75,75,440,2984244257,2435512816,3670,0.652444,500,1412,29-21,22-1,14-24,37,27,42,18,53,31,0,0,1,37,1,37,68,1,37,31,1,button,1,37,37,0,26,0,1.0000,445,0.001910,-1,-1,button,1,37,37,0,26,0,1.0000,445,0.005970,,-1,button,1,37,37,0,26,0,1.0000,445,0.007668,-1,,button,1,37,37,0,26,0,1.0000,445,2.252319,-1,-1,37,0,0,0,0.4,risk_path,4,Bot1|Bot2|Bot3|Bot4,,1,0
210,0.75,75,440,1735617669,2279655686,3643,0.647644,510,1392,61-49,6-10,2-50,100,94,80,60,72,44,1,0,1,100,0,,88,0,,,0,fire_reached_bot,0,90,90,0,-1,10,0.9000,,0.020773,86,86,fire_reached_bot,0,98,88,10,-9,16,0.8400,,0.085147,,-1,fire_reached_bot,0,98,88,10,-9,16,0.8400,,0.118991,-1,,fire_reached_bot,0,98,88,10,-9,16,0.8400,,12.508253,-1,-1,98,0,88,10,,no_path,0,,Bot1|Bot2|Bot3|Bot4,0,1
211,0.75,75,440,741719091,4088483574,3654,0.649600,511,1417,7-48,46-4,1-6,87,83,60,48,63,47,1,0,1,87,0,,87,1,87,0,0,fire_reached_bot,0,64,64,0,0,23,0.7356,620,0.005203,60,60,fire_reached_bot,0,61,59,2,0,28,0.6782,569,0.033707,,-1,fire_reached_bot,0,61,59,2,0,28,0.6782,569,0.034686,-1,,fire_reached_bot,0,61,59,2,0,28,0.6782,569,10.101770,-1,-1,61,0,59,2,,no_path,0,,Bot1|Bot2|Bot3|Bot4,0,1
212,0.75,75,440,43164127,71827648,3665,0.651556,501,1384,71-28,42-51,34-71,58,52,92,80,34,28,1,0,1,58,0,,45,0,,,0,fire_reached_bot,0,53,53,0,-7,5,0.9138,,0.002849,46,46,fire_reached_bot,0,65,45,20,-19,13,0.7759,,0.107220,,-1,fire_reached_bot,0,65,45,20,-19,13,0.7759,,0.214477,-1,,fire_reached_bot,0,65,45,20,-19,13,0.7759,,5.482994,-1,-1,65,0,45,20,,no_path,0,,Bot1|Bot2|Bot3|Bot4,0,1
213,0.75,75,440,1597394174,606359399,3657,0.650133,510,1407,65-30,32-37,23-68,54,40,86,80,52,40,1,0,1,54,0,,65,1,54,11,1,button,1,54,54,0,10,0,1.0000,863,0.005519,-1,-1,button,1,54,54,0,10,0,1.0000,863,0.013486,,-1,button,1,54,54,0,10,0,1.0000,863,0.025151,-1,,button,1,54,54,0,10,0,1.0000,863,4.593445,-1,-1,54,0,0,0,0.4,risk_path,4,Bot1|Bot2|Bot3|Bot4,,1,0
214,0.75,75,440,3435905294,2392089260,3647,0.648356,496,1383,21-73,38-43,5-63,65,47,30,26,71,53,0,0,1,65,1,65,94,1,65,29,1,button,1,65,65,0,21,0,1.0000,840,0.007002,-1,-1,button,1,65,65,0,21,0,1.0000,840,0.021507,,-1,button,1,65,65,0,21,0,1.0000,840,0.032934,-1,,button,1,65,65,0,21,0,1.0000,840,6.300925,2,2,65,0,0,0,0.4,risk_path,4,Bot1|Bot2|Bot3|Bot4,,1,0
215,0.75,75,440,538301983,4070519892,3626,0.644622,499,1356,51-64,36-73,37-37,50,24,51,41,51,37,0,0,1,50,1,50,64,1,50,14,1,button,1,50,50,0,13,0,1.0000,1242,0.006300,-1,-1,button,1,50,50,0,13,0,1.0000,1242,0.014907,,-1,button,1,50,50,0,13,0,1.0000,1242,0.022902,-1,,button,1,50,50,0,13,0,1.0000,1242,3.577958,39,39,50,0,0,0,0.4,risk_path,4,Bot1|Bot2|Bot3|Bot4,,1,0
216,0.75,75,440,1948681360,2814169751,3667,0.651911,505,1403,15-18,25-22,10-13,14,14,30,10,30,24,0,0,1,14,1,14,41,1,14,27,1,button,1,14,14,0,25,0,1.0000,41,0.000222,-1,-1,button,1,14,14,0,25,0,1.0000,41,0.000411,,-1,button,1,14,14,0,25,0,1.0000,41,0.000845,-1,,button,1,14,14,0,25,0,1.0000,41,0.458127,-1,-1,14,0,0,0,0.4,risk_path,4,Bot1|Bot2|Bot3|Bot4,,1,0
217,0.75,75,440,234546496,899763894,3644,0.647822,506,1364,33-28,9-36,33-5,44,32,45,23,61,55,0,0,1,44,1,44,76,1,44,32,1,button,1,44,44,0,31,0,1.0000,505,0.002575,-1,-1,button,1,44,44,0,31,0,1.0000,505,0.008695,,-1,button,1,44,44,0,31,0,1.0000,505,0.022285,-1,,button,1,44,44,0,31,0,1.0000,505,3.233985,43,43,44,0,0,0,0.4,risk_path,4,Bot1|Bot2|Bot3|Bot4,,1,0
218,0.75,75,440,2601635953,347498,3653,0.649422,506,1409,29-59,4-21,38-7,73,63,75,61,62,48,1,0,1,73,0,,70,0,,,0,walked_into_fire,0,72,72,0,-1,1,0.9863,,0.013665,71,71,fire_reached_bot,0,74,70,4,-3,3,0.9589,,0.040853,,-1,fire_reached_bot,0,74,70,4,-3,3,0.9589,,0.059696,-1,,fire_reached_bot,0,74,70,4,-3,3,0.9589,,8.141152,-1,-1,74,0,70,4,,no_path,0,,Bot1|Bot2|Bot3|Bot4,0,1
219,0.75,75,440,1873523526,189957216,3638,0.646756,508,1348,47-9,28-54,6-25,72,64,71,57,51,51,1,0,1,72,0,,76,1,72,4,1,button,1,72,72,0,3,0,1.0000,1266,0.008986,-1,-1,button,1,72,72,0,3,0,1.0000,1266,0.027129,,-1,button,1,72,72,0,3,0,1.0000,1266,0.035702,-1,,button,1,72,72,0,3,0,1.0000,1266,8.227448,-1,-1,72,7,61,0,0.99,risk_path,4,Bot1|Bot2|Bot3|Bot4,,1,0
220,0.75,75,440,650066665,1525053087,3651,0.649067,495,1389,47-54,47-10,5-72,80,44,60,60,126,104,0,0,1,80,1,80,156,1,80,76,1,button,1,80,80,0,63,0,1.0000,1106,0.009936,-1,-1,button,1,80,80,0,63,0,1.0000,1106,0.054983,,-1,button,1,80,80,0,63,0,1.0000,1106,0.059917,-1,,button,1,80,80,0,63,0,1.0000,1106,9.138278,39,39,80,0,0,0,0.4,risk_path,4,Bot1|Bot2|Bot3|Bot4,,1,0
221,0.75,75,440,1404877065,2420011909,3640,0.647111,507,1408,54-38,31-51,53-61,38,36,34,24,34,32,1,0,1,38,0,,40,0,,,0,fire_reached_bot,0,27,27,0,0,11,0.7105,381,0.001401,-1,27,fire_reached_bot,0,27,27,0,0,11,0.7105,381,0.003905,,27,fire_reached_bot,0,38,38,0,0,10,0.7368,690,0.008554,27,,fire_reached_bot,0,27,27,0,0,11,0.7105,381,2.300915,-1,27,27,16,11,0,0.99,risk_path,0,,Bot1|Bot2|Bot3|Bot4,0,1
222,0.75,75,440,1871520942,110449919,3642,0.647467,513,1411,44-69,25-70,38-55,30,20,22,20,30,28,0,0,1,30,0,,39,1,30,9,1,button,1,30,30,0,9,0,1.0000,300,0.001290,-1,-1,button,1,30,30,0,9,0,1.0000,300,0.003030,,-1,button,1,30,30,0,9,0,1.0000,300,0.003789,-1,,button,1,30,30,0,9,0,1.0000,300,1.600788,-1,-1,30,0,0,0,0.4,risk_path,4,Bot1|Bot2|Bot3|Bot4,,1,0
223,0.75,75,440,1891869098,1845810528,3648,0.648533,505,1371,6-33,19-36,72-72,22,16,113,105,101,89,0,0,1,22,1,22,129,1,22,107,1,button,1,22,22,0,107,0,1.0000,82,0.000536,-1,-1,button,1,22,22,0,107,0,1.0000,82,0.001696,,-1,button,1,22,22,0,107,0,1.0000,82,0.001739,-1,,button,1,22,22,0,107,0,1.0000,82,0.945819,6,6,22,0,0,0,0.4,risk_path,4,Bot1|Bot2|Bot3|Bot4,,1,0
224,0.75,75,440,3946411396,399432510,3628,0.644978,507,1377,14-74,47-31,63-44,84,76,81,79,29,29,1,0,1,84,0,,34,0,,,0,walked_into_fire,0,52,52,0,-17,32,0.6190,,0.006260,33,33,fire_reached_bot,0,80,32,48,-45,52,0.3810,,0.192546,,-1,fire_reached_bot,0,80,32,48,-45,52,0.3810,,0.388533,-1,,fire_reached_bot,0,80,32,48,-45,52,0.3810,,5.928170,-1,-1,80,0,32,48,,no_path,0,,Bot1|Bot2|Bot3|Bot4,0,1
225,0.75,75,440,395123674,1705726284,3633,0.645867,498,1354,41-14,11-70,23-1,104,86,31,31,101,81,1,0,1,104,0,,126,1,104,22,1,button,1,104,104,0,4,0,1.0000,2643,0.032663,-1,-1,button,1,104,104,0,4,0,1.0000,2643,0.106486,,-1,button,1,104,104,0,4,0,1.0000,2643,0.153507,-1,,button,1,104,104,0,4,0,1.0000,2643,11.489959,-1,-1,104,10,0,0,0.99,risk_path,4,Bot1|Bot2|Bot3|Bot4,,1,0
226,0.75,75,440,3383174174,417879336,3627,0.644800,505,1348,17-6,56-70,55-30,107,103,74,62,69,41,1,0,1,107,0,,86,0,,,0,fire_reached_bot,0,53,53,0,0,54,0.4953,1126,0.009263,-1,-1,fire_reached_bot,0,53,53,0,0,54,0.4953,1126,0.051677,,-1,fire_reached_bot,0,53,53,0,0,54,0.4953,1126,0.059163,-1,,fire_reached_bot,0,53,53,0,0,54,0.4953,1126,9.383961,-1,-1,53,0,53,0,,shortest_path_fallback,0,,Bot1|Bot2|Bot3|Bot4,0,1
227,0.75,75,440,3707428535,2930291685,3639,0.646933,499,1357,56-26,19-62,37-36,75,73,29,29,46,44,1,1,1,77,0,,57,0,,,0,walked_into_fire,0,19,19,0,-1,58,0.2267,216,0.001556,18,18,fire_reached_bot,0,20,18,2,0,61,0.1867,264,0.017152,,-1,fire_reached_bot,0,20,18,2,0,61,0.1867,264,0.019050,-1,,fire_reached_bot,0,20,18,2,0,61,0.1867,264,2.964238,-1,-1,20,0,18,2,,no_path,0,,Bot1|Bot2|Bot3|Bot4,0,1
228,0.75,75,440,3499156370,436825089,3645,0.648000,501,1328,35-35,25-53,19-70,28,28,53,51,25,23,1,0,1,28,0,,31,1,28,3,1,button,1,28,28,0,3,0,1.0000,281,0.001152,-1,-1,button,1,28,28,0,3,0,1.0000,281,0.002437,,-1,button,1,28,28,0,3,0,1.0000,281,0.004142,-1,,button,1,28,28,0,3,0,1.0000,281,1.492784,-1,-1,28,9,0,0,0.8,risk_path,4,Bot1|Bot2|Bot3|Bot4,,1,0
229,0.75,75,440,3921431972,3691631192,3657,0.650133,515,1411,71-56,12-49,11-66,82,66,84,70,36,18,1,0,1,82,0,,42,0,,,0,walked_into_fire,0,48,48,0,-5,34,0.5854,,0.004754,40,40,fire_reached_bot,0,56,39,17,-13,43,0.4756,,0.108678,,-1,fire_reached_bot,0,56,39,17,-13,43,0.4756,,0.202831,-1,,fire_reached_bot,0,56,39,17,-13,43,0.4756,,7.375304,-1,-1,56,0,39,17,,no_path,0,,Bot1|Bot2|Bot3|Bot4,0,1
230,0.75,75,440,2971960596,3817885116,3644,0.647822,509,1406,9-53,0-65,17-45,21,21,24,16,45,37,0,0,1,21,1,21,56,1,21,35,1,button,1,21,21,0,29,0,1.0000,223,0.000724,-1,-1,button,1,21,21,0,29,0,1.0000,223,0.001500,,-1,button,1,21,21,0,29,0,1.0000,223,0.002367,-1,,button,1,21,21,0,29,0,1.0000,223,0.868346,-1,-1,21,0,0,0,0.4,risk_path,4,Bot1|Bot2|Bot3|Bot4,,1,0
231,0.75,75,440,230717013,2732343365,3677,0.653689,507,1415,18-47,11-37,32-8,17,17,63,53,56,50,0,0,1,17,1,17,69,1,17,52,1,button,1,17,17,0,52,0,1.0000,76,0.000335,-1,-1,button,1,17,17,0,52,0,1.0000,76,0.000791,,-1,button,1,17,17,0,52,0,1.0000,76,0.001174,-1,,button,1,17,17,0,52,0,1.0000,76,0.591812,-1,-1,17,0,0,0,0.4,risk_path,4,Bot1|Bot2|Bot3|Bot4,,1,0
232,0.75,75,440,1277540315,2568731835,3650,0.648889,492,1378,51-49,20-26,68-25,56,54,47,41,73,49,0,0,1,56,1,56,89,1,56,33,1,button,1,56,56,0,33,0,1.0000,1087,0.006749,-1,-1,button,1,56,56,0,33,0,1.0000,1087,0.014494,,-1,button,1,56,56,0,33,0,1.0000,1087,0.029058,-1,,button,1,56,56,0,33,0,1.0000,1087,4.602013,-1,-1,56,0,0,0,0.4,risk_path,4,Bot1|Bot2|Bot3|Bot4,,1,0
233,0.75,75,440,2601371361,3429438074,3616,0.642844,495,1327,48-24,49-48,54-71,47,25,75,53,40,28,1,0,1,47,0,,48,1,47,1,1,button,1,47,47,0,1,0,1.0000,704,0.005120,-1,-1,button,1,47,47,0,1,0,1.0000,704,0.013529,,-1,button,1,47,47,0,1,0,1.0000,704,0.019000,-1,,button,1,47,47,0,1,0,1.0000,704,4.028232,-1,-1,47,16,25,0,0.99,risk_path,4,Bot1|Bot2|Bot3|Bot4,,1,0
234,0.75,75,440,2175815046,2513501025,3671,0.652622,515,1422,60-58,33-61,26-34,36,30,66,58,42,34,0,0,1,36,1,36,56,1,36,20,1,button,1,36,36,0,19,0,1.0000,583,0.002674,-1,-1,button,1,36,36,0,19,0,1.0000,583,0.006543,,-1,button,1,36,36,0,19,0,1.0000,583,0.008694,-1,,button,1,36,36,0,19,0,1.0000,583,2.268079,-1,-1,36,0,0,0,0.4,risk_path,4,Bot1|Bot2|Bot3|Bot4,,1,0
235,0.75,75,440,2903687551,1508666098,3664,0.651378,508,1412,62-11,20-70,59-72,105,101,88,64,77,41,1,0,1,105,0,,97,0,,,0,walked_into_fire,0,74,74,0,-1,31,0.7048,1011,0.012725,71,71,fire_reached_bot,0,76,76,0,0,33,0.6857,1109,0.065292,,-1,fire_reached_bot,0,76,76,0,0,33,0.6857,1109,0.079534,-1,,fire_reached_bot,0,76,76,0,0,33,0.6857,1109,13.453484,-1,-1,76,0,76,0,,shortest_path_fallback,0,,Bot1|Bot2|Bot3|Bot4,0,1
236,0.75,75,440,2767072028,3293256290,3657,0.650133,505,1375,27-0,15-28,25-43,46,40,61,45,33,25,1,0,1,46,0,,38,0,,,0,walked_into_fire,0,38,38,0,-1,8,0.8261,594,0.003662,36,36,fire_reached_bot,0,41,35,6,-2,11,0.7609,,0.034185,,-1,fire_reached_bot,0,41,35,6,-2,11,0.7609,,0.069798,-1,,fire_reached_bot,0,41,35,6,-2,11,0.7609,,3.443888,-1,-1,41,0,35,6,,no_path,0,,Bot1|Bot2|Bot3|Bot4,0,1
237,0.75,75,440,434350479,2119715637,3663,0.651200,511,1423,44-63,20-38,29-11,59,49,81,67,42,36,1,0,1,59,0,,51,0,,,0,walked_into_fire,0,53,53,0,-1,6,0.8983,,0.010540,49,48,fire_reached_bot,0,59,50,9,-7,13,0.7797,,0.050169,,48,fire_reached_bot,0,61,50,11,-9,15,0.7458,,0.107788,48,,fire_reached_bot,0,59,50,9,-7,13,0.7797,,5.875859,-1,48,59,0,50,9,,no_path,0,,Bot1|Bot2|Bot3|Bot4,0,1
238,0.75,75,440,860933267,2945000663,3628,0.644978,509,1350,25-29,50-8,50-6,48,46,48,48,4,2,1,0,1,48,0,,4,0,,,0,walked_into_fire,0,27,27,0,-22,21,0.5625,,0.002117,5,5,fire_reached_bot,0,54,4,50,-49,44,0.0833,,0.242949,,-1,fire_reached_bot,0,54,4,50,-49,44,0.0833,,0.512656,-1,,fire_reached_bot,0,54,4,50,-49,44,0.0833,,0.893248,-1,-1,54,0,4,50,,no_path,0,,Bot1|Bot2|Bot3|Bot4,0,1
239,0.75,75,440,3847153091,2545232110,3641,0.647289,491,1366,31-51,0-30,58-14,56,52,76,64,80,74,0,0,1,56,1,56,97,1,56,41,1,button,1,56,56,0,41,0,1.0000,956,0.010803,-1,-1,button,1,56,56,0,41,0,1.0000,956,0.017484,,-1,button,1,56,56,0,41,0,1.0000,956,0.030023,-1,,button,1,56,56,0,41,0,1.0000,956,4.467386,-1,-1,56,0,0,0,0.4,risk_path,4,Bot1|Bot2|Bot3|Bot4,,1,0
240,0.75,75,440,3830646336,1583051720,3645,0.648000,501,1357,37-49,56-9,43-1,67,59,72,54,23,21,1,0,1,67,0,,27,0,,,0,walked_into_fire,0,44,44,0,-16,23,0.6567,,0.003226,27,27,fire_reached_bot,0,60,27,33,-32,40,0.4030,,0.172332,,-1,fire_reached_bot,0,60,27,33,-32,40,0.4030,,0.340250,-1,,fire_reached_bot,0,60,27,33,-32,40,0.4030,,4.771792,-1,-1,60,0,27,33,,no_path,0,,Bot1|Bot2|Bot3|Bot4,0,1
241,0.75,75,440,50286375,2368400549,3661,0.650844,522,1437,27-9,46-22,65-3,40,32,62,44,44,38,0,0,1,40,1,40,57,1,40,17,1,button,1,40,40,0,17,0,1.0000,390,0.002235,-1,-1,button,1,40,40,0,17,0,1.0000,390,0.007188,,-1,button,1,40,40,0,17,0,1.0000,390,0.009343,-1,,button,1,40,40,0,17,0,1.0000,390,3.049776,37,37,40,0,0,0,0.4,risk_path,4,Bot1|Bot2|Bot3|Bot4,,1,0
242,0.75,75,440,229134076,547575414,3636,0.646400,512,1351,44-13,33-41,33-18,41,39,46,16,53,23,0,0,1,41,1,41,66,1,41,25,1,button,1,41,41,0,22,0,1.0000,365,0.001423,-1,-1,button,1,41,41,0,22,0,1.0000,365,0.004118,,-1,button,1,41,41,0,22,0,1.0000,365,0.005306,-1,,button,1,41,41,0,22,0,1.0000,365,2.882576,-1,-1,41,0,0,0,0.4,risk_path,4,Bot1|Bot2|Bot3|Bot4,,1,0
243,0.75,75,440,3829884547,2736529294,3653,0.649422,512,1397,6-66,44-36,13-50,68,68,31,23,45,45,1,0,1,68,0,,59,0,,,0,fire_reached_bot,0,24,24,0,0,44,0.3529,257,0.001072,21,18,fire_reached_bot,0,26,24,2,0,50,0.2647,308,0.008194,,18,fire_reached_bot,0,67,59,8,-7,63,0.0735,,0.068142,18,,fire_reached_bot,0,26,24,2,0,50,0.2647,308,3.642524,-1,18,26,0,24,2,,no_path,0,,Bot1|Bot2|Bot3|Bot4,0,1
244,0.75,75,440,2905315126,631340303,3628,0.644978,494,1376,22-71,69-35,61-25,87,83,93,85,18,18,1,0,1,87,0,,21,0,,,0,walked_into_fire,0,59,59,0,-37,28,0.6782,,0.010229,22,22,fire_reached_bot,0,83,21,62,-61,66,0.2414,,0.237723,,-1,fire_reached_bot,0,83,21,62,-61,66,0.2414,,0.496404,-1,,fire_reached_bot,0,83,21,62,-61,66,0.2414,,4.203156,-1,-1,83,0,21,62,,no_path,0,,Bot1|Bot2|Bot3|Bot4,0,1
245,0.75,75,440,3180725409,3525950523,3641,0.647289,501,1379,46-21,33-48,70-57,40,40,62,60,66,46,0,0,1,40,1,40,82,1,40,42,1,button,1,40,40,0,39,0,1.0000,368,0.001795,-1,-1,button,1,40,40,0,39,0,1.0000,368,0.004965,,-1,button,1,40,40,0,39,0,1.0000,368,0.006426,-1,,button,1,40,40,0,39,0,1.0000,368,2.606552,-1,-1,40,0,0,0,0.4,risk_path,4,Bot1|Bot2|Bot3|Bot4,,1,0
246,0.75,75,440,3527288279,2290517008,3632,0.645689,488,1357,49-48,15-4,50-34,86,78,37,15,71,65,1,0,1,86,0,,84,0,,,0,walked_into_fire,0,28,28,0,-1,58,0.3256,346,0.002395,26,25,fire_reached_bot,0,95,79,16,-10,63,0.2674,,0.104298,,25,fire_reached_bot,0,95,79,16,-10,63,0.2674,,0.163663,25,,fire_reached_bot,0,95,79,16,-10,63,0.2674,,9.909338,-1,25,95,0,79,16,,no_path,0,,Bot1|Bot2|Bot3|Bot4,0,1
247,0.75,75,440,2693909744,892987441,3653,0.649422,508,1396,12-31,19-16,27-15,24,22,37,31,13,9,1,0,1,24,0,,20,0,,,0,walked_into_fire,0,23,23,0,-2,1,0.9583,,0.000439,21,21,fire_reached_bot,0,26,20,6,-5,4,0.8333,,0.034991,,-1,fire_reached_bot,0,26,20,6,-5,4,0.8333,,0.077514,-1,,fire_reached_bot,0,26,20,6,-5,4,0.8333,,0.979792,-1,-1,26,0,20,6,,no_path,0,,Bot1|Bot2|Bot3|Bot4,0,1
248,0.75,75,440,3466483215,701012700,3661,0.650844,506,1362,70-13,27-29,57-25,77,59,27,25,52,34,1,0,1,77,0,,74,0,,,0,walked_into_fire,0,15,15,0,-1,62,0.1948,62,0.001235,10,8,fire_reached_bot,0,59,56,3,0,43,0.4416,1272,0.038331,,8,fire_reached_bot,0,57,56,1,0,39,0.4935,1197,0.048123,8,,fire_reached_bot,0,59,56,3,0,43,0.4416,1272,7.382336,-1,8,59,0,56,3,,no_path,0,,Bot1|Bot2|Bot3|Bot4,0,1
249,0.75,75,440,3499659840,3439355226,3673,0.652978,514,1426,22-34,21-64,21-4,43,31,43,31,86,60,0,0,1,43,1,43,119,1,43,76,1,button,1,43,43,0,59,0,1.0000,608,0.003246,-1,-1,button,1,43,43,0,59,0,1.0000,608,0.009262,,-1,button,1,43,43,0,59,0,1.0000,608,0.014760,-1,,button,1,43,43,0,59,0,1.0000,608,3.221437,-1,-1,43,0,0,0,0.4,risk_path,4,Bot1|Bot2|Bot3|Bot4,,1,0
250,0.75,75,440,1517605910,2955868487,3642,0.647467,504,1373,46-30,45-21,67-21,12,10,30,30,36,22,0,0,1,12,1,12,42,1,12,30,1,button,1,12,12,0,30,0,1.0000,57,0.000256,-1,-1,button,1,12,12,0,30,0,1.0000,57,0.000547,,-1,button,1,12,12,0,30,0,1.0000,57,0.000797,-1,,button,1,12,12,0,30,0,1.0000,57,0.340745,-1,-1,12,0,0,0,0.4,risk_path,4,Bot1|Bot2|Bot3|Bot4,,1,0
251,0.75,75,440,742681489,3514916377,3632,0.645689,501,1338,21-17,13-44,11-71,43,35,84,64,41,29,1,0,1,43,0,,47,1,43,4,1,button,1,43,43,0,4,0,1.0000,464,0.002315,-1,-1,button,1,43,43,0,4,0,1.0000,464,0.005857,,-1,button,1,43,43,0,4,0,1.0000,464,0.009194,-1,,button,1,43,43,0,4,0,1.0000,464,3.230980,-1,-1,43,0,0,0,0.4,risk_path,4,Bot1|Bot2|Bot3|Bot4,,1,0
252,0.75,75,440,389585178,1768587399,3635,0.646222,502,1366,66-16,51-57,64-53,72,56,59,39,33,17,1,0,1,72,0,,43,0,,,0,walked_into_fire,0,35,35,0,-2,37,0.4861,322,0.001748,34,34,fire_reached_bot,0,41,39,2,0,41,0.4306,516,0.018596,,-1,fire_reached_bot,0,41,39,2,0,41,0.4306,516,0.026592,-1,,fire_reached_bot,0,41,39,2,0,41,0.4306,516,6.465055,-1,-1,41,0,39,2,,no_path,0,,Bot1|Bot2|Bot3|Bot4,0,1
253,0.75,75,440,3332814137,1126990968,3634,0.646044,504,1387,69-32,59-13,32-53,89,29,70,58,95,67,0,0,1,89,1,89,117,1,89,28,1,button,1,89,89,0,17,0,1.0000,3150,0.035369,-1,-1,button,1,89,89,0,17,0,1.0000,3150,0.095684,,-1,button,1,89,89,0,17,0,1.0000,3150,0.151998,-1,,button,1,89,89,0,17,0,1.0000,3150,6.915255,47,47,89,0,0,0,0.4,risk_path,4,Bot1|Bot2|Bot3|Bot4,,1,0
254,0.75,75,440,1495801011,917814670,3676,0.653511,528,1432,47-21,14-43,57-68,59,55,71,57,92,68,0,0,1,59,1,59,111,1,59,52,1,button,1,59,59,0,50,0,1.0000,1006,0.006839,-1,-1,button,1,59,59,0,50,0,1.0000,1006,0.017023,,-1,button,1,59,59,0,50,0,1.0000,1006,0.031531,-1,,button,1,59,59,0,50,0,1.0000,1006,5.478802,-1,-1,59,0,0,0,0.4,risk_path,4,Bot1|Bot2|Bot3|Bot4,,1,0
255,0.75,75,440,2990102404,731289034,3646,0.648178,513,1347,4-13,3-46,4-57,48,34,66,44,20,12,1,0,1,48,0,,34,0,,,0,walked_into_fire,0,39,39,0,-4,9,0.8125,,0.002497,34,34,fire_reached_bot,0,47,33,14,-12,15,0.6875,,0.067700,,-1,fire_reached_bot,0,47,33,14,-12,15,0.6875,,0.161510,-1,,fire_reached_bot,0,47,33,14,-12,15,0.6875,,3.390840,-1,-1,47,0,33,14,,no_path,0,,Bot1|Bot2|Bot3|Bot4,0,1
256,0.75,75,440,1232018688,2548799540,3612,0.642133,502,1307,72-37,46-52,56-73,49,41,62,52,33,31,1,0,1,49,0,,46,0,,,0,fire_reached_bot,0,47,47,0,0,2,0.9592,,0.004386,46,46,fire_reached_bot,0,49,45,4,-2,4,0.9184,,0.028359,,-1,fire_reached_bot,0,49,45,4,-2,4,0.9184,,0.064665,-1,,fire_reached_bot,0,49,45,4,-2,4,0.9184,,4.222605,-1,-1,49,0,45,4,,no_path,0,,Bot1|Bot2|Bot3|Bot4,0,1
257,0.75,75,440,107580103,4254696228,3638,0.646756,494,1325,72-15,40-45,29-23,70,62,85,51,49,33,1,0,1,70,0,,64,0,,,0,fire_reached_bot,0,67,67,0,-2,3,0.9571,,0.014105,65,65,fire_reached_bot,0,71,64,7,-6,6,0.9143,,0.037847,,-1,fire_reached_bot,0,71,64,7,-6,6,0.9143,,0.072296,-1,,fire_reached_bot,0,71,64,7,-6,6,0.9143,,6.923578,-1,-1,71,0,64,7,,no_path,0,,Bot1|Bot2|Bot3|Bot4,0,1
258,0.75,75,440,2403017489,1321081877,3632,0.645689,502,1356,25-59,15-60,72-57,21,11,69,49,90,60,0,0,1,21,1,21,115,1,21,94,1,button,1,21,21,0,87,0,1.0000,166,0.000723,-1,-1,button,1,21,21,0,87,0,1.0000,166,0.001699,,-1,button,1,21,21,0,87,0,1.0000,166,0.002378,-1,,button,1,21,21,0,87,0,1.0000,166,0.837622,-1,-1,21,0,0,0,0.4,risk_path,4,Bot1|Bot2|Bot3|Bot4,,1,0
259,0.75,75,440,3247152571,688223439,3631,0.645511,509,1371,69-74,26-34,10-32,85,83,103,101,20,18,1,0,1,85,0,,29,0,,,0,fire_reached_bot,0,57,57,0,-27,28,0.6706,,0.006145,30,30,fire_reached_bot,0,93,29,64,-63,56,0.3412,,0.204589,,-1,fire_reached_bot,0,93,29,64,-63,56,0.3412,,0.456483,-1,,fire_reached_bot,0,93,29,64,-63,56,0.3412,,4.876065,-1,-1,93,0,29,64,,no_path,0,,Bot1|Bot2|Bot3|Bot4,0,1
260,0.75,75,440,2786424847,3343057812,3666,0.651733,505,1445,11-26,51-68,14-46,82,82,41,23,65,59,1,0,1,82,0,,82,0,,,0,walked_into_fire,0,39,39,0,-1,43,0.4756,436,0.002584,39,39,fire_reached_bot,0,63,63,0,0,25,0.6951,1211,0.021433,,57,fire_reached_bot,0,90,82,8,-7,22,0.7317,,0.118515,57,,fire_reached_bot,0,63,63,0,0,25,0.6951,1211,9.097182,-1,57,63,0,63,0,,shortest_path_fallback,0,,Bot1|Bot2|Bot3|Bot4,0,1
261,0.75,75,440,2797536688,4050217512,3651,0.649067,503,1365,0-14,53-28,35-60,81,67,99,81,54,50,1,0,1,81,0,,63,0,,,0,walked_into_fire,0,73,73,0,-9,8,0.9012,,0.017933,63,63,fire_reached_bot,0,85,62,23,-21,19,0.7654,,0.111834,,-1,fire_reached_bot,0,85,62,23,-21,19,0.7654,,0.196392,-1,,fire_reached_bot,0,85,62,23,-21,19,0.7654,,8.249202,-1,-1,85,0,62,23,,no_path,0,,Bot1|Bot2|Bot3|Bot4,0,1
262,0.75,75,440,3920002231,96578032,3642,0.647467,510,1405,70-17,18-0,22-20,83,69,75,51,30,24,1,0,1,83,0,,32,0,,,0,fire_reached_bot,0,39,39,0,-6,44,0.4699,,0.004732,20,20,fire_reached_bot,0,59,19,40,-26,64,0.2289,,0.170817,,-1,fire_reached_bot,0,59,19,40,-26,64,0.2289,,0.362116,-1,,fire_reached_bot,0,59,19,40,-26,64,0.2289,,3.165257,-1,-1,59,0,19,40,,no_path,0,,Bot1|Bot2|Bot3|Bot4,0,1
263,0.75,75,440,221242311,932793819,3625,0.644444,502,1344,3-28,11-56,64-10,40,36,85,79,113,99,0,0,1,40,1,40,141,1,40,101,1,button,1,40,40,0,101,0,1.0000,521,0.002746,-1,-1,button,1,40,40,0,101,0,1.0000,521,0.006826,,-1,button,1,40,40,0,101,0,1.0000,521,0.011695,-1,,button,1,40,40,0,101,0,1.0000,521,2.551653,19,19,40,0,0,0,0.4,risk_path,4,Bot1|Bot2|Bot3|Bot4,,1,0
264,0.75,75,440,1006815665,3029020804,3650,0.648889,508,1335,0-54,26-44,69-74,48,36,107,89,75,73,0,0,1,48,1,48,95,1,48,47,1,button,1,48,48,0,47,0,1.0000,500,0.003143,-1,-1,button,1,48,48,0,47,0,1.0000,500,0.012631,,-1,button,1,48,48,0,47,0,1.0000,500,0.019227,-1,,button,1,48,48,0,47,0,1.0000,500,3.660304,1,1,48,0,0,0,0.4,risk_path,4,Bot1|Bot2|Bot3|Bot4,,1,0
265,0.75,75,440,3550384,2803946996,3652,0.649244,496,1359,36-68,30-18,50-16,72,56,86,66,32,22,1,0,1,72,0,,42,0,,,0,walked_into_fire,0,58,58,0,-15,14,0.8056,,0.007684,43,43,fire_reached_bot,0,71,42,29,-28,30,0.5833,,0.116299,,-1,fire_reached_bot,0,71,42,29,-28,30,0.5833,,0.248230,-1,,fire_reached_bot,0,71,42,29,-28,30,0.5833,,6.294431,-1,-1,71,0,42,29,,no_path,0,,Bot1|Bot2|Bot3|Bot4,0,1
266,0.75,75,440,1459446169,848544576,3647,0.648356,503,1372,12-53,23-15,51-21,59,49,79,71,36,34,1,0,1,59,0,,43,0,,,0,walked_into_fire,0,50,50,0,-6,9,0.8475,,0.008155,44,44,fire_reached_bot,0,57,43,14,-13,16,0.7288,,0.065547,,-1,fire_reached_bot,0,57,43,14,-13,16,0.7288,,0.116079,-1,,fire_reached_bot,0,57,43,14,-13,16,0.7288,,4.575992,-1,-1,57,0,43,14,,no_path,0,,Bot1|Bot2|Bot3|Bot4,0,1
267,0.75,75,440,1897333980,3152261953,3618,0.643200,496,1339,34-62,30-66,59-38,10,8,53,49,61,57,0,0,1,10,1,10,71,1,10,61,1,button,1,10,10,0,61,0,1.0000,52,0.000218,-1,-1,button,1,10,10,0,61,0,1.0000,52,0.000373,,-1,button,1,10,10,0,61,0,1.0000,52,0.000486,-1,,button,1,10,10,0,61,0,1.0000,52,0.264190,-1,-1,10,0,0,0,0.4,risk_path,4,Bot1|Bot2|Bot3|Bot4,,1,0
268,0.75,75,440,1652118545,685776228,3653,0.649422,509,1418,3-27,46-74,31-68,92,90,71,69,21,21,1,0,1,92,0,,24,0,,,0,fire_reached_bot,0,41,41,0,-16,51,0.4457,,0.003930,10,10,fire_reached_bot,0,64,23,41,-39,69,0.2500,,0.213267,,-1,fire_reached_bot,0,64,23,41,-39,69,0.2500,,0.407994,-1,,fire_reached_bot,0,64,23,41,-39,69,0.2500,,5.252131,-1,-1,64,0,23,41,,no_path,0,,Bot1|Bot2|Bot3|Bot4,0,1
269,0.75,75,440,943373969,2848700176,3631,0.645511,501,1392,10-22,36-18,37-71,38,30,82,76,72,54,0,0,1,38,1,38,96,1,38,58,1,button,1,38,38,0,58,0,1.0000,447,0.002334,-1,-1,button,1,38,38,0,58,0,1.0000,447,0.006085,,-1,button,1,38,38,0,58,0,1.0000,447,0.007686,-1,,button,1,38,38,0,58,0,1.0000,447,2.375972,1,1,38,0,0,0,0.4,risk_path,4,Bot1|Bot2|Bot3|Bot4,,1,0
270,0.75,75,440,1415906743,1027550563,3643,0.647644,499,1344,71-56,1-44,50-21,96,82,60,56,80,72,1,0,1,96,0,,99,1,96,3,1,button,1,96,96,0,3,0,1.0000,3227,0.036467,-1,-1,button,1,96,96,0,3,0,1.0000,3227,0.077545,,-1,button,1,96,96,0,3,0,1.0000,3227,0.124940,-1,,button,1,96,96,0,3,0,1.0000,3227,9.643076,-1,-1,96,10,61,0,0.99,risk_path,4,Bot1|Bot2|Bot3|Bot4,,1,0
271,0.75,75,440,4249967921,3928420346,3633,0.645867,503,1392,3-30,29-44,72-6,50,40,101,93,83,81,0,0,1,50,1,50,99,1,50,49,1,button,1,50,50,0,49,0,1.0000,434,0.002950,-1,-1,button,1,50,50,0,49,0,1.0000,434,0.007597,,-1,button,1,50,50,0,49,0,1.0000,434,0.011015,-1,,button,1,50,50,0,49,0,1.0000,434,4.121357,10,10,50,0,0,0,0.4,risk_path,4,Bot1|Bot2|Bot3|Bot4,,1,0
272,0.75,75,440,3406299465,3246889654,3643,0.647644,495,1345,7-69,26-14,52-56,82,74,64,58,78,68,1,0,1,82,0,,105,1,82,23,1,button,1,82,82,0,20,0,1.0000,1866,0.016918,-1,-1,button,1,82,82,0,20,0,1.0000,1866,0.041580,,-1,button,1,82,82,0,20,0,1.0000,1866,0.062683,-1,,button,1,82,82,0,20,0,1.0000,1866,7.454996,1,1,82,0,0,0,0.4,risk_path,4,Bot1|Bot2|Bot3|Bot4,,1,0
273,0.75,75,440,2347823433,2610306846,3633,0.645867,506,1373,13-74,74-39,46-24,106,96,87,83,55,43,1,0,1,106,0,,68,0,,,0,fire_reached_bot,0,58,58,0,0,48,0.5472,1764,0.012636,56,56,fire_reached_bot,0,66,63,3,0,47,0.5566,2168,0.053604,,-1,fire_reached_bot,0,66,63,3,0,47,0.5566,2168,0.079981,-1,,fire_reached_bot,0,66,63,3,0,47,0.5566,2168,8.061549,-1,-1,66,0,63,3,,no_path,0,,Bot1|Bot2|Bot3|Bot4,0,1
274,0.75,75,440,2266113072,2703714323,3649,0.648711,509,1393,60-40,45-73,70-6,54,48,58,44,108,92,0,0,1,54,1,54,133,1,54,79,1,button,1,54,54,0,62,0,1.0000,553,0.003700,-1,-1,button,1,54,54,0,62,0,1.0000,553,0.012324,,-1,button,1,54,54,0,62,0,1.0000,553,0.016650,-1,,button,1,54,54,0,62,0,1.0000,553,4.952076,-1,-1,54,0,0,0,0.4,risk_path,4,Bot1|Bot2|Bot3|Bot4,,1,0
275,0.75,75,440,572313208,4115807259,3673,0.652978,515,1382,27-14,6-71,71-65,96,78,101,95,101,71,0,0,1,96,1,96,130,1,96,34,1,button,1,96,96,0,34,0,1.0000,1626,0.016167,-1,-1,button,1,96,96,0,34,0,1.0000,1626,0.066712,,-1,button,1,96,96,0,34,0,1.0000,1626,0.090334,-1,,button,1,96,96,0,32,0,1.0000,1626,11.382829,76,76,96,0,0,0,0.4,risk_path,4,Bot1|Bot2|Bot3|Bot4,,1,0
276,0.75,75,440,441933108,3198590936,3653,0.649422,500,1388,16-39,72-3,74-20,98,92,85,77,29,19,1,0,1,98,0,,37,0,,,0,walked_into_fire,0,56,56,0,-18,42,0.5714,,0.004875,34,34,fire_reached_bot,0,83,33,50,-45,65,0.3367,,0.230858,,-1,fire_reached_bot,0,83,33,50,-45,65,0.3367,,0.466870,-1,,fire_reached_bot,0,83,33,50,-45,65,0.3367,,7.673683,-1,-1,83,0,33,50,,no_path,0,,Bot1|Bot2|Bot3|Bot4,0,1
277,0.75,75,440,3418122606,1333948928,3641,0.647289,508,1374,47-46,22-43,66-36,32,28,37,29,67,51,0,0,1,32,1,32,86,1,32,54,1,button,1,32,32,0,47,0,1.0000,318,0.001451,-1,-1,button,1,32,32,0,47,0,1.0000,318,0.003077,,-1,button,1,32,32,0,47,0,1.0000,318,0.004697,-1,,button,1,32,32,0,47,0,1.0000,318,1.684841,-1,-1,32,0,0,0,0.4,risk_path,4,Bot1|Bot2|Bot3|Bot4,,1,0
278,0.75,75,440,2893733061,2995401778,3638,0.646756,510,1380,32-62,48-27,5-67,57,51,48,32,89,83,0,0,1,57,1,57,113,1,57,56,1,button,1,57,57,0,47,0,1.0000,555,0.003513,-1,-1,button,1,57,57,0,47,0,1.0000,555,0.013454,,-1,button,1,57,57,0,47,0,1.0000,555,0.016808,-1,,button,1,57,57,0,47,0,1.0000,555,4.739683,22,22,57,0,0,0,0.4,risk_path,4,Bot1|Bot2|Bot3|Bot4,,1,0
279,0.75,75,440,3773649777,926245506,3628,0.644978,495,1368,32-63,60-72,25-22,47,37,60,48,87,85,0,0,1,47,1,47,104,1,47,57,1,button,1,47,47,0,54,0,1.0000,1142,0.005360,-1,-1,button,1,47,47,0,54,0,1.0000,1142,0.012377,,-1,button,1,47,47,0,54,0,1.0000,1142,0.020376,-1,,button,1,47,47,0,54,0,1.0000,1142,2.989332,7,7,47,0,0,0,0.4,risk_path,4,Bot1|Bot2|Bot3|Bot4,,1,0
280,0.75,75,440,2985125786,3442015289,3635,0.646222,507,1348,28-4,7-3,50-1,34,22,41,25,63,45,0,0,1,34,1,34,89,1,34,55,1,button,1,34,34,0,42,0,1.0000,239,0.001143,-1,-1,button,1,34,34,0,42,0,1.0000,239,0.003622,,-1,button,1,34,34,0,42,0,1.0000,239,0.004237,-1,,button,1,34,34,0,42,0,1.0000,239,1.846477,-1,-1,34,0,0,0,0.4,risk_path,4,Bot1|Bot2|Bot3|Bot4,,1,0
281,0.75,75,440,2521516864,696713569,3648,0.648533,502,1389,44-7,32-14,41-1,25,19,11,9,28,22,0,0,1,25,1,25,33,1,25,8,1,button,1,25,25,0,7,0,1.0000,164,0.000676,-1,-1,button,1,25,25,0,7,0,1.0000,164,0.002176,,-1,button,1,25,25,0,7,0,1.0000,164,0.002555,-1,,button,1,25,25,0,7,0,1.0000,164,1.053563,-1,-1,25,0,0,0,0.4,risk_path,4,Bot1|Bot2|Bot3|Bot4,,1,0
282,0.75,75,440,3512670226,3470638926,3653,0.649422,513,1374,59-63,33-58,21-65,53,31,74,40,31,19,1,0,1,53,0,,40,0,,,0,walked_into_fire,0,43,43,0,-2,10,0.8113,,0.003900,40,35,fire_reached_bot,0,46,39,7,-5,14,0.7358,,0.044724,,35,fire_reached_bot,0,48,39,9,-7,16,0.6981,,0.096736,35,,fire_reached_bot,0,46,39,7,-5,14,0.7358,,4.305689,-1,35,46,0,39,7,,no_path,0,,Bot1|Bot2|Bot3|Bot4,0,1
283,0.75,75,440,139254943,2871586275,3638,0.646756,499,1382,4-42,66-69,7-3,103,89,60,42,127,125,0,0,1,103,1,103,147,1,103,44,1,button,1,103,103,0,37,0,1.0000,2028,0.023270,-1,-1,button,1,103,103,0,37,0,1.0000,2028,0.080086,,-1,button,1,103,103,0,37,0,1.0000,2028,0.119089,-1,,button,1,103,103,0,37,0,1.0000,2028,11.602340,38,38,103,0,0,0,0.4,risk_path,4,Bot1|Bot2|Bot3|Bot4,,1,0
284,0.75,75,440,2016013904,2387887068,3654,0.649600,510,1422,62-39,27-35,2-37,59,39,92,62,39,27,1,0,1,59,0,,48,0,,,0,fire_reached_bot,0,52,52,0,-3,7,0.8814,,0.005635,49,49,fire_reached_bot,0,56,48,8,-7,11,0.8136,,0.045854,,-1,fire_reached_bot,0,56,48,8,-7,11,0.8136,,0.108810,-1,,fire_reached_bot,0,56,48,8,-7,11,0.8136,,6.143747,-1,-1,56,0,48,8,,no_path,0,,Bot1|Bot2|Bot3|Bot4,0,1
285,0.75,75,440,2152869414,3950020351,3662,0.651022,509,1413,46-68,12-66,41-41,46,36,40,32,58,54,0,0,1,46,1,46,76,1,46,30,1,button,1,46,46,0,29,0,1.0000,1022,0.004738,-1,-1,button,1,46,46,0,29,0,1.0000,1022,0.010258,,-1,button,1,46,46,0,29,0,1.0000,1022,0.019563,-1,,button,1,46,46,0,29,0,1.0000,1022,3.033931,34,34,46,0,0,0,0.4,risk_path,4,Bot1|Bot2|Bot3|Bot4,,1,0
286,0.75,75,440,1157899962,1993066084,3639,0.646933,494,1362,35-40,45-7,36-3,55,43,56,38,15,13,1,0,1,55,0,,19,0,,,0,fire_reached_bot,0,33,33,0,-13,22,0.6000,,0.001936,20,20,fire_reached_bot,0,43,19,24,-23,36,0.3455,,0.121802,,-1,fire_reached_bot,0,43,19,24,-23,36,0.3455,,0.256688,-1,,fire_reached_bot,0,43,19,24,-23,36,0.3455,,2.843231,-1,-1,43,0,19,24,,no_path,0,,Bot1|Bot2|Bot3|Bot4,0,1
287,0.75,75,440,3991210846,343377854,3657,0.650133,514,1363,38-53,25-9,44-54,67,57,19,7,86,64,0,0,1,67,1,67,107,1,67,40,1,button,1,67,67,0,24,0,1.0000,1432,0.009016,-1,-1,button,1,67,67,0,24,0,1.0000,1432,0.025295,,-1,button,1,67,67,0,24,0,1.0000,1432,0.047574,-1,,button,1,67,67,0,24,0,1.0000,1432,5.741944,65,65,67,0,0,0,0.4,risk_path,4,Bot1|Bot2|Bot3|Bot4,,1,0
288,0.75,75,440,3830897319,2464422491,3661,0.650844,511,1430,65-37,32-41,39-55,47,37,46,44,33,21,1,0,1,47,0,,41,0,,,0,fire_reached_bot,0,36,36,0,0,11,0.7660,798,0.003332,-1,-1,fire_reached_bot,0,36,36,0,0,11,0.7660,798,0.008774,,-1,fire_reached_bot,0,36,36,0,0,11,0.7660,798,0.017898,-1,,fire_reached_bot,0,36,36,0,0,11,0.7660,798,3.132756,-1,-1,36,0,36,0,,shortest_path_fallback,0,,Bot1|Bot2|Bot3|Bot4,0,1
289,0.75,75,440,718415510,2147925118,3645,0.648000,499,1380,34-46,50-13,2-73,57,49,61,59,118,108,0,0,1,57,1,57,149,1,57,92,1,button,1,57,57,0,73,0,1.0000,458,0.003284,-1,-1,button,1,57,57,0,73,0,1.0000,458,0.014041,,-1,button,1,57,57,0,73,0,1.0000,458,0.017099,-1,,button,1,57,57,0,73,0,1.0000,458,5.804380,3,3,57,0,0,0,0.4,risk_path,4,Bot1|Bot2|Bot3|Bot4,,1,0
290,0.75,75,440,3810450922,1091198838,3649,0.648711,509,1393,38-31,8-34,21-59,45,33,45,45,44,38,1,0,1,45,0,,50,1,45,5,1,button,1,45,45,0,4,0,1.0000,1028,0.005195,-1,-1,button,1,45,45,0,4,0,1.0000,1028,0.012549,,-1,button,1,45,45,0,4,0,1.0000,1028,0.016720,-1,,button,1,45,45,0,4,0,1.0000,1028,3.202499,-1,-1,45,0,0,0,0.4,risk_path,4,Bot1|Bot2|Bot3|Bot4,,1,0
291,0.75,75,440,488650922,3463263512,3635,0.646222,503,1370,28-52,57-36,37-65,51,45,30,22,53,49,0,0,1,51,1,51,75,1,51,24,1,button,1,51,51,0,20,0,1.0000,830,0.004127,-1,-1,button,1,51,51,0,20,0,1.0000,830,0.012380,,-1,button,1,51,51,0,20,0,1.0000,830,0.016587,-1,,button,1,51,51,0,20,0,1.0000,830,3.978958,1,1,51,0,0,0,0.4,risk_path,4,Bot1|Bot2|Bot3|Bot4,,1,0
292,0.75,75,440,1069063252,2129452804,3641,0.647289,498,1356,46-5,62-39,70-24,56,50,59,43,23,23,1,0,1,56,0,,24,0,,,0,fire_reached_bot,0,31,31,0,-6,25,0.5536,,0.001549,24,24,fire_reached_bot,0,43,23,20,-18,33,0.4107,,0.105159,,-1,fire_reached_bot,0,43,23,20,-18,33,0.4107,,0.240870,-1,,fire_reached_bot,0,43,23,20,-18,33,0.4107,,3.243117,-1,-1,43,0,23,20,,no_path,0,,Bot1|Bot2|Bot3|Bot4,0,1
293,0.75,75,440,2939677069,3588486604,3656,0.649956,511,1377,31-9,16-62,11-71,74,68,88,82,14,14,1,0,1,74,0,,16,0,,,0,walked_into_fire,0,50,50,0,-33,24,0.6757,,0.003917,17,17,fire_reached_bot,0,93,16,77,-76,58,0.2162,,0.344002,,-1,fire_reached_bot,0,93,16,77,-76,58,0.2162,,0.693415,-1,,fire_reached_bot,0,93,16,77,-76,58,0.2162,,3.476151,-1,-1,93,0,16,77,,no_path,0,,Bot1|Bot2|Bot3|Bot4,0,1
294,0.75,75,440,3448987124,1070658387,3646,0.648178,504,1370,1-64,0-32,53-31,51,33,87,85,68,54,0,0,1,51,1,51,88,1,51,37,1,button,1,51,51,0,35,0,1.0000,1334,0.007071,-1,-1,button,1,51,51,0,35,0,1.0000,1334,0.014591,,-1,button,1,51,51,0,35,0,1.0000,1334,0.021534,-1,,button,1,51,51,0,35,0,1.0000,1334,4.135116,-1,-1,51,0,0,0,0.4,risk_path,4,Bot1|Bot2|Bot3|Bot4,,1,0
295,0.75,75,440,3957383876,3993555280,3636,0.646400,488,1349,43-23,34-19,37-37,15,13,26,20,23,21,0,0,1,15,1,15,28,1,15,13,1,button,1,15,15,0,12,0,1.0000,108,0.000341,-1,-1,button,1,15,15,0,12,0,1.0000,108,0.000773,,-1,button,1,15,15,0,12,0,1.0000,108,0.000954,-1,,button,1,15,15,0,12,0,1.0000,108,0.450020,-1,-1,15,0,0,0,0.4,risk_path,4,Bot1|Bot2|Bot3|Bot4,,1,0
296,0.75,75,440,1682334534,1630947947,3617,0.643022,503,1320,22-65,9-42,33-4,52,36,102,72,66,62,0,0,1,52,1,52,85,1,52,33,1,button,1,52,52,0,33,0,1.0000,831,0.004769,-1,-1,button,1,52,52,0,33,0,1.0000,831,0.013977,,-1,button,1,52,52,0,33,0,1.0000,831,0.018208,-1,,button,1,52,52,0,33,0,1.0000,831,4.056313,47,47,52,0,0,0,0.4,risk_path,4,Bot1|Bot2|Bot3|Bot4,,1,0
297,0.75,75,440,3826954389,2667375914,3627,0.644800,504,1383,45-29,20-58,24-32,58,54,32,24,34,30,1,0,1,58,0,,44,0,,,0,walked_into_fire,0,19,19,0,-1,39,0.3276,154,0.001137,11,11,fire_reached_bot,0,32,32,0,0,38,0.3448,519,0.013188,,31,fire_reached_bot,0,48,44,4,-3,46,0.2069,,0.064711,31,,fire_reached_bot,0,32,32,0,0,38,0.3448,519,4.105751,-1,31,32,0,32,0,,shortest_path_fallback,0,,Bot1|Bot2|Bot3|Bot4,0,1
298,0.75,75,440,1463647553,2324460761,3676,0.653511,516,1382,7-73,14-7,18-37,113,73,73,47,48,34,1,0,1,113,0,,64,0,,,0,walked_into_fire,0,43,43,0,-1,70,0.3805,488,0.003526,42,40,fire_reached_bot,0,71,64,7,-6,93,0.1770,,0.134163,,40,fire_reached_bot,0,66,64,2,-1,89,0.2124,,0.135095,40,,fire_reached_bot,0,71,64,7,-6,93,0.1770,,12.178813,-1,40,71,0,64,7,,no_path,0,,Bot1|Bot2|Bot3|Bot4,0,1
299,0.75,75,440,290523079,465395590,3655,0.649778,518,1381,69-18,62-58,22-38,57,47,77,67,66,60,0,0,1,57,1,57,83,1,57,26,1,button,1,57,57,0,26,0,1.0000,1454,0.008208,-1,-1,button,1,57,57,0,26,0,1.0000,1454,0.017331,,-1,button,1,57,57,0,26,0,1.0000,1454,0.026703,-1,,button,1,57,57,0,26,0,1.0000,1454,4.398058,-1,-1,57,0,0,0,0.4,risk_path,4,Bot1|Bot2|Bot3|Bot4,,1,0
300,0.75,75,440,2918341021,4123951292,3643,0.647644,507,1388,3-20,42-65,72-2,98,84,121,87,103,93,0,0,1,98,1,98,126,1,98,28,1,button,1,98,98,0,28,0,1.0000,1413,0.014621,-1,-1,button,1,98,98,0,28,0,1.0000,1413,0.070580,,-1,button,1,98,98,0,28,0,1.0000,1413,0.092382,-1,,button,1,98,98,0,28,0,1.0000,1413,12.740806,17,17,98,0,0,0,0.4,risk_path,4,Bot1|Bot2|Bot3|Bot4,,1,0
301,0.75,75,440,1819333381,488089373,3635,0.646222,494,1346,46-31,45-39,54-54,11,9,35,31,24,24,0,0,1,11,1,11,34,1,11,23,1,button,1,11,11,0,23,0,1.0000,58,0.000382,-1,-1,button,1,11,11,0,23,0,1.0000,58,0.000360,,-1,button,1,11,11,0,23,0,1.0000,58,0.000509,-1,,button,1,11,11,0,23,0,1.0000,58,0.313396,-1,-1,11,0,0,0,0.4,risk_path,4,Bot1|Bot2|Bot3|Bot4,,1,0
302,0.75,75,440,1770019578,3777455532,3626,0.644622,501,1376,59-48,49-47,28-6,21,11,73,73,64,62,0,0,1,21,1,21,78,1,21,57,1,button,1,21,21,0,57,0,1.0000,169,0.001120,-1,-1,button,1,21,21,0,57,0,1.0000,169,0.001300,,-1,button,1,21,21,0,57,0,1.0000,169,0.001881,-1,,button,1,21,21,0,57,0,1.0000,169,0.868778,8,8,21,0,0,0,0.4,risk_path,4,Bot1|Bot2|Bot3|Bot4,,1,0
303,0.75,75,440,1560084379,2039133605,3629,0.645156,497,1345,39-25,1-70,74-53,97,83,69,63,96,90,1,0,1,97,0,,113,1,97,16,1,button,1,97,97,0,9,0,1.0000,2311,0.030904,-1,-1,button,1,97,97,0,9,0,1.0000,2311,0.072754,,-1,button,1,97,97,0,9,0,1.0000,2311,0.114169,-1,,button,1,97,97,0,9,0,1.0000,2311,10.393089,-1,-1,97,0,0,0,0.4,risk_path,4,Bot1|Bot2|Bot3|Bot4,,1,0
304,0.75,75,440,3262132408,1721014697,3658,0.650311,496,1385,65-54,0-53,27-37,96,66,59,55,49,43,1,0,1,96,0,,64,0,,,0,fire_reached_bot,0,42,42,0,0,54,0.4375,951,0.005575,-1,40,fire_reached_bot,0,42,42,0,0,54,0.4375,951,0.043828,,40,fire_reached_bot,0,60,54,6,0,68,0.2917,1957,0.127929,40,,fire_reached_bot,0,42,42,0,0,54,0.4375,951,6.010998,-1,40,42,0,42,0,,shortest_path_fallback,0,,Bot1|Bot2|Bot3|Bot4,0,1
305,0.75,75,440,77630353,3086096505,3634,0.646044,490,1370,32-73,64-44,11-31,65,61,67,63,74,66,0,0,1,65,1,65,89,1,65,24,1,button,1,65,65,0,24,0,1.0000,1483,0.009118,-1,-1,button,1,65,65,0,24,0,1.0000,1483,0.018812,,-1,button,1,65,65,0,24,0,1.0000,1483,0.030669,-1,,button,1,65,65,0,24,0,1.0000,1483,5.517035,9,9,65,0,0,0,0.4,risk_path,4,Bot1|Bot2|Bot3|Bot4,,1,0
306,0.75,75,440,3978666814,258631395,3644,0.647822,494,1394,3-14,7-13,33-47,15,5,73,63,68,60,0,0,1,15,1,15,76,1,15,61,1,button,1,15,15,0,61,0,1.0000,134,0.000436,-1,-1,button,1,15,15,0,61,0,1.0000,134,0.000726,,-1,button,1,15,15,0,61,0,1.0000,134,0.001020,-1,,button,1,15,15,0,61,0,1.0000,134,0.493763,-1,-1,15,0,0,0,0.4,risk_path,4,Bot1|Bot2|Bot3|Bot4,,1,0
307,0.75,75,440,1680995527,3003881739,3653,0.649422,507,1391,65-55,74-12,61-23,66,52,44,36,24,24,1,0,1,66,0,,28,0,,,0,walked_into_fire,0,26,26,0,-1,40,0.3939,313,0.001647,22,22,fire_reached_bot,0,33,22,11,-4,46,0.3030,,0.074543,,-1,fire_reached_bot,0,33,22,11,-4,46,0.3030,,0.129883,-1,,fire_reached_bot,0,33,22,11,-4,46,0.3030,,4.947533,-1,-1,33,0,22,11,,no_path,0,,Bot1|Bot2|Bot3|Bot4,0,1
308,0.75,75,440,3117523694,2309348517,3656,0.649956,515,1390,15-41,1-38,23-35,31,17,14,14,39,25,0,0,1,31,1,31,56,1,31,25,1,button,1,31,31,0,13,0,1.0000,527,0.001860,-1,-1,button,1,31,31,0,13,0,1.0000,527,0.003711,,-1,button,1,31,31,0,13,0,1.0000,527,0.005319,-1,,button,1,31,31,0,13,0,1.0000,527,1.669459,-1,-1,31,0,0,0,0.4,risk_path,4,Bot1|Bot2|Bot3|Bot4,,1,0
309,0.75,75,440,2835355592,297263676,3627,0.644800,500,1373,11-50,68-37,68-60,86,70,97,67,41,23,1,0,1,86,0,,58,0,,,0,fire_reached_bot,0,57,57,0,0,29,0.6628,635,0.005161,54,54,fire_reached_bot,0,59,53,6,0,33,0.6163,,0.066206,,-1,fire_reached_bot,0,59,53,6,0,33,0.6163,,0.101313,-1,,fire_reached_bot,0,59,53,6,0,33,0.6163,,10.430638,-1,-1,59,0,53,6,,no_path,0,,Bot1|Bot2|Bot3|Bot4,0,1
310,0.75,75,440,2898697772,2994729344,3622,0.643911,510,1334,29-24,19-52,44-21,56,38,22,18,58,56,0,0,1,56,1,56,66,1,56,10,1,button,1,56,56,0,10,0,1.0000,1741,0.010311,-1,-1,button,1,56,56,0,10,0,1.0000,1741,0.024838,,-1,button,1,56,56,0,10,0,1.0000,1741,0.037449,-1,,button,1,56,56,0,10,0,1.0000,1741,4.105097,-1,-1,56,0,0,0,0.4,risk_path,4,Bot1|Bot2|Bot3|Bot4,,1,0
311,0.75,75,440,1005567868,222496869,3643,0.647644,506,1381,16-45,13-59,40-62,35,17,65,41,50,30,0,0,1,35,1,35,60,1,35,25,1,button,1,35,35,0,25,0,1.0000,379,0.001543,-1,-1,button,1,35,35,0,25,0,1.0000,379,0.004109,,-1,button,1,35,35,0,25,0,1.0000,379,0.005338,-1,,button,1,35,35,0,25,0,1.0000,379,2.115424,-1,-1,35,0,0,0,0.4,risk_path,4,Bot1|Bot2|Bot3|Bot4,,1,0
312,0.75,75,440,3042795674,2137903543,3656,0.649956,523,1394,37-7,45-46,3-20,65,47,55,47,74,68,0,0,1,65,1,65,92,1,65,27,1,button,1,65,65,0,24,0,1.0000,859,0.006589,-1,-1,button,1,65,65,0,24,0,1.0000,859,0.016490,,-1,button,1,65,65,0,24,0,1.0000,859,0.027447,-1,,button,1,65,65,0,27,0,1.0000,859,6.190090,39,39,65,0,0,0,0.4,risk_path,4,Bot1|Bot2|Bot3|Bot4,,1,0
313,0.75,75,440,1246630585,1554748669,3644,0.647822,515,1381,70-15,74-36,60-13,39,25,58,12,53,37,0,0,1,39,1,39,77,1,39,38,1,button,1,39,39,0,32,0,1.0000,369,0.001795,-1,-1,button,1,39,39,0,32,0,1.0000,369,0.005659,,-1,button,1,39,39,0,32,0,1.0000,369,0.008476,-1,,button,1,39,39,0,32,0,1.0000,369,3.133101,25,25,39,0,0,0,0.4,risk_path,4,Bot1|Bot2|Bot3|Bot4,,1,0
314,0.75,75,440,2358439391,771830428,3651,0.649067,506,1369,54-13,45-40,7-28,40,36,82,62,62,50,0,0,1,40,1,40,84,1,40,44,1,button,1,40,40,0,43,0,1.0000,328,0.001455,-1,-1,button,1,40,40,0,43,0,1.0000,328,0.004163,,-1,button,1,40,40,0,43,0,1.0000,328,0.007106,-1,,button,1,40,40,0,43,0,1.0000,328,2.796285,-1,-1,40,0,0,0,0.4,risk_path,4,Bot1|Bot2|Bot3|Bot4,,1,0
315,0.75,75,440,773523320,1401553363,3618,0.643200,495,1376,24-48,24-35,13-9,19,13,58,50,53,37,0,0,1,19,1,19,64,1,19,45,1,button,1,19,19,0,44,0,1.0000,209,0.000695,-1,-1,button,1,19,19,0,44,0,1.0000,209,0.001241,,-1,button,1,19,19,0,44,0,1.0000,209,0.001795,-1,,button,1,19,19,0,44,0,1.0000,209,0.720655,6,6,19,0,0,0,0.4,risk_path,4,Bot1|Bot2|Bot3|Bot4,,1,0
316,0.75,75,440,1738134723,2008269550,3615,0.642667,493,1361,13-28,74-55,16-9,92,88,34,22,108,104,0,0,1,92,1,92,131,1,92,39,1,button,1,92,92,0,24,0,1.0000,2055,0.020426,-1,-1,button,1,92,92,0,24,0,1.0000,2055,0.057889,,-1,button,1,92,92,0,24,0,1.0000,2055,0.078393,-1,,button,1,92,92,0,24,0,1.0000,2055,9.175876,15,15,92,0,0,0,0.4,risk_path,4,Bot1|Bot2|Bot3|Bot4,,1,0
317,0.75,75,440,979263756,953799673,3669,0.652267,502,1402,13-59,8-50,29-50,16,14,31,25,31,21,0,0,1,16,1,16,42,1,16,26,1,button,1,16,16,0,25,0,1.0000,111,0.000361,-1,-1,button,1,16,16,0,25,0,1.0000,111,0.000800,,-1,button,1,16,16,0,25,0,1.0000,111,0.000907,-1,,button,1,16,16,0,25,0,1.0000,111,0.534412,-1,-1,16,0,0,0,0.4,risk_path,4,Bot1|Bot2|Bot3|Bot4,,1,0
318,0.75,75,440,1739095726,662417193,3613,0.642311,484,1308,66-39,40-23,28-18,42,42,59,59,17,17,1,0,1,42,0,,18,0,,,0,walked_into_fire,0,32,32,0,-13,10,0.7619,,0.001756,19,19,fire_reached_bot,0,47,18,29,-28,24,0.4286,,0.137359,,-1,fire_reached_bot,0,47,18,29,-28,24,0.4286,,0.276273,-1,,fire_reached_bot,0,47,18,29,-28,24,0.4286,,2.075677,-1,-1,47,0,18,29,,no_path,0,,Bot1|Bot2|Bot3|Bot4,0,1
319,0.75,75,440,868483726,487361327,3650,0.648889,508,1404,55-23,16-9,32-68,67,53,68,68,83,75,0,0,1,67,1,67,112,1,67,45,1,button,1,67,67,0,45,0,1.0000,1730,0.013151,-1,-1,button,1,67,67,0,45,0,1.0000,1730,0.032693,,-1,button,1,67,67,0,45,0,1.0000,1730,0.055948,-1,,button,1,67,67,0,45,0,1.0000,1730,5.963141,-1,-1,67,0,0,0,0.4,risk_path,4,Bot1|Bot2|Bot3|Bot4,,1,0
320,0.75,75,440,780381394,1436591598,3617,0.643022,490,1335,61-29,72-65,25-35,67,47,64,42,83,77,0,0,1,67,1,67,105,1,67,38,1,button,1,67,67,0,34,0,1.0000,2032,0.014254,-1,-1,button,1,67,67,0,34,0,1.0000,2032,0.031870,,-1,button,1,67,67,0,34,0,1.0000,2032,0.055473,-1,,button,1,67,67,0,34,0,1.0000,2032,4.929688,9,9,67,0,0,0,0.4,risk_path,4,Bot1|Bot2|Bot3|Bot4,,1,0
321,0.75,75,440,3438593776,3903306868,3635,0.646222,502,1352,60-59,50-8,12-9,89,61,106,98,51,39,1,0,1,89,0,,67,0,,,0,fire_reached_bot,0,68,68,0,0,21,0.7640,,0.010446,68,68,fire_reached_bot,0,70,67,3,-2,22,0.7528,,0.055315,,-1,fire_reached_bot,0,70,67,3,-2,22,0.7528,,0.092014,-1,,fire_reached_bot,0,70,67,3,-2,22,0.7528,,9.345110,-1,-1,70,0,67,3,,no_path,0,,Bot1|Bot2|Bot3|Bot4,0,1
322,0.75,75,440,3986935069,3858830174,3609,0.641600,489,1337,31-41,40-34,16-58,18,16,38,32,56,48,0,0,1,18,1,18,65,1,18,47,1,button,1,18,18,0,46,0,1.0000,128,0.000506,-1,-1,button,1,18,18,0,46,0,1.0000,128,0.001064,,-1,button,1,18,18,0,46,0,1.0000,128,0.001493,-1,,button,1,18,18,0,46,0,1.0000,128,0.646585,4,4,18,0,0,0,0.4,risk_path,4,Bot1|Bot2|Bot3|Bot4,,1,0
323,0.75,75,440,509776406,2567658253,3634,0.646044,501,1378,47-21,69-44,53-74,53,45,81,59,48,46,1,0,1,53,0,,62,1,53,9,1,button,1,53,53,0,9,0,1.0000,510,0.003762,-1,-1,button,1,53,53,0,9,0,1.0000,510,0.013385,,-1,button,1,53,53,0,9,0,1.0000,510,0.016561,-1,,button,1,53,53,0,9,0,1.0000,510,4.950802,35,35,53,29,0,0,0.99,risk_path,4,Bot1|Bot2|Bot3|Bot4,,1,0
324,0.75,75,440,1895927736,3210878789,3644,0.647822,498,1357,21-58,33-29,37-60,47,41,24,18,53,35,0,0,1,47,1,47,66,1,47,19,1,button,1,47,47,0,17,0,1.0000,930,0.004980,-1,-1,button,1,47,47,0,17,0,1.0000,930,0.013679,,-1,button,1,47,47,0,17,0,1.0000,930,0.020178,-1,,button,1,47,47,0,13,0,1.0000,930,3.699592,1,1,47,0,0,0,0.4,risk_path,4,Bot1|Bot2|Bot3|Bot4,,1,0
325,0.75,75,440,75942277,1867417450,3633,0.645867,498,1373,42-69,9-37,54-41,67,65,52,40,73,49,0,0,1,67,1,67,92,1,67,25,1,button,1,67,67,0,20,0,1.0000,1704,0.011700,-1,-1,button,1,67,67,0,20,0,1.0000,1704,0.026586,,-1,button,1,67,67,0,20,0,1.0000,1704,0.040478,-1,,button,1,67,67,0,20,0,1.0000,1704,5.320154,-1,-1,67,0,0,0,0.4,risk_path,4,Bot1|Bot2|Bot3|Bot4,,1,0
326,0.75,75,440,4250529820,1484301454,3643,0.647644,502,1368,33-23,2-23,69-51,49,31,74,64,107,95,0,0,1,49,1,49,130,1,49,81,1,button,1,49,49,0,80,0,1.0000,584,0.003700,-1,-1,button,1,49,49,0,80,0,1.0000,584,0.011397,,-1,button,1,49,49,0,80,0,1.0000,584,0.016646,-1,,button,1,49,49,0,80,0,1.0000,584,3.884918,-1,-1,49,0,0,0,0.4,risk_path,4,Bot1|Bot2|Bot3|Bot4,,1,0
327,0.75,75,440,3071567326,2258578127,3628,0.644978,495,1351,17-29,32-6,61-47,52,38,68,62,86,70,0,0,1,52,1,52,109,1,52,57,1,button,1,52,52,0,51,0,1.0000,1108,0.006784,-1,-1,button,1,52,52,0,51,0,1.0000,1108,0.018570,,-1,button,1,52,52,0,51,0,1.0000,1108,0.029222,-1,,button,1,52,52,0,51,0,1.0000,1108,3.830045,-1,-1,52,0,0,0,0.4,risk_path,4,Bot1|Bot2|Bot3|Bot4,,1,0
328,0.75,75,440,407302120,1091993989,3642,0.647467,494,1375,69-30,27-56,9-73,68,68,105,103,41,35,1,0,1,68,0,,53,0,,,0,fire_reached_bot,0,59,59,0,-5,9,0.8676,,0.004672,54,54,fire_reached_bot,0,66,53,13,-12,15,0.7794,,0.073451,,-1,fire_reached_bot,0,66,53,13,-12,15,0.7794,,0.152899,-1,,fire_reached_bot,0,66,53,13,-12,15,0.7794,,7.660634,-1,-1,66,0,53,13,,no_path,0,,Bot1|Bot2|Bot3|Bot4,0,1
329,0.75,75,440,403694093,443635467,3638,0.646756,512,1379,43-13,3-72,5-9,105,99,52,42,99,65,1,0,1,105,0,,123,1,105,18,1,button,1,105,105,0,5,0,1.0000,1993,0.023110,-1,-1,button,1,105,105,0,5,0,1.0000,1993,0.071278,,-1,button,1,105,105,0,5,0,1.0000,1993,0.120537,-1,,button,1,105,105,0,5,0,1.0000,1993,12.857751,-1,-1,105,18,1,0,0.99,risk_path,4,Bot1|Bot2|Bot3|Bot4,,1,0
330,0.75,75,440,2933929372,24815168,3657,0.650133,506,1413,16-47,12-13,7-1,58,38,71,55,21,17,1,0,1,58,0,,26,0,,,0,walked_into_fire,0,43,43,0,-16,15,0.7414,,0.002397,26,26,fire_reached_bot,0,59,25,34,-32,33,0.4310,,0.180258,,-1,fire_reached_bot,0,59,25,34,-32,33,0.4310,,0.343553,-1,,fire_reached_bot,0,59,25,34,-32,33,0.4310,,3.963931,-1,-1,59,0,25,34,,no_path,0,,Bot1|Bot2|Bot3|Bot4,0,1
331,0.75,75,440,571489985,3669167757,3662,0.651022,499,1410,27-33,16-4,24-50,66,40,26,20,70,54,0,0,1,66,1,66,95,1,66,29,1,button,1,66,66,0,10,0,1.0000,2026,0.015156,-1,-1,button,1,66,66,0,10,0,1.0000,2026,0.039969,,-1,button,1,66,66,0,10,0,1.0000,2026,0.047355,-1,,button,1,66,66,0,10,0,1.0000,2026,5.552884,-1,-1,66,0,0,0,0.4,risk_path,4,Bot1|Bot2|Bot3|Bot4,,1,0
332,0.75,75,440,2718824820,2814868908,3642,0.647467,500,1367,69-72,7-71,1-31,107,63,123,109,68,46,1,0,1,107,0,,91,0,,,0,fire_reached_bot,0,95,95,0,-3,12,0.8879,,0.018217,92,92,fire_reached_bot,0,99,91,8,-7,16,0.8505,,0.097506,,-1,fire_reached_bot,0,99,91,8,-7,16,0.8505,,0.133831,-1,,fire_reached_bot,0,99,91,8,-7,16,0.8505,,12.621995,-1,-1,99,0,91,8,,no_path,0,,Bot1|Bot2|Bot3|Bot4,0,1
333,0.75,75,440,1458069241,3379700867,3616,0.642844,488,1368,54-44,9-44,37-18,71,45,51,43,70,54,1,0,1,71,0,,82,1,71,11,1,button,1,71,71,0,9,0,1.0000,1896,0.013940,-1,-1,button,1,71,71,0,9,0,1.0000,1896,0.041394,,-1,button,1,71,71,0,9,0,1.0000,1896,0.054544,-1,,button,1,71,71,0,9,0,1.0000,1896,6.215669,-1,-1,71,0,0,0,0.4,risk_path,4,Bot1|Bot2|Bot3|Bot4,,1,0
334,0.75,75,440,110822976,411924728,3637,0.646578,500,1351,9-14,47-13,64-72,57,39,113,113,90,76,0,0,1,57,1,57,102,1,57,45,1,button,1,57,57,0,45,0,1.0000,668,0.004532,-1,-1,button,1,57,57,0,45,0,1.0000,668,0.011889,,-1,button,1,57,57,0,45,0,1.0000,668,0.016888,-1,,button,1,57,57,0,45,0,1.0000,668,5.099292,30,30,57,0,0,0,0.4,risk_path,4,Bot1|Bot2|Bot3|Bot4,,1,0
335,0.75,75,440,3526644172,994635310,3650,0.648889,506,1412,56-5,54-63,8-20,98,60,75,63,97,89,1,0,1,98,0,,109,1,98,11,1,button,1,98,98,0,11,0,1.0000,2436,0.026231,-1,-1,button,1,98,98,0,11,0,1.0000,2436,0.089568,,-1,button,1,98,98,0,11,0,1.0000,2436,0.121167,-1,,button,1,98,98,0,11,0,1.0000,2436,10.096073,-1,-1,98,0,0,0,0.4,risk_path,4,Bot1|Bot2|Bot3|Bot4,,1,0
336,0.75,75,440,1087217453,2269991397,3621,0.643733,494,1334,22-61,69-15,6-53,93,93,28,24,111,101,0,0,1,93,1,93,136,1,93,43,1,button,1,93,93,0,21,0,1.0000,2124,0.021093,-1,-1,button,1,93,93,0,21,0,1.0000,2124,0.043350,,-1,button,1,93,93,0,21,0,1.0000,2124,0.077543,-1,,button,1,93,93,0,21,0,1.0000,2124,9.661171,9,9,93,0,0,0,0.4,risk_path,4,Bot1|Bot2|Bot3|Bot4,,1,0
337,0.75,75,440,4182190525,591908680,3630,0.645333,507,1374,56-6,63-6,60-53,15,7,63,51,64,50,0,0,1,15,1,15,82,1,15,67,1,button,1,15,15,0,64,0,1.0000,97,0.000402,-1,-1,button,1,15,15,0,64,0,1.0000,97,0.000654,,-1,button,1,15,15,0,64,0,1.0000,97,0.000913,-1,,button,1,15,15,0,66,0,1.0000,97,0.509429,1,1,15,0,0,0,0.4,risk_path,4,Bot1|Bot2|Bot3|Bot4,,1,0
338,0.75,75,440,131814599,1043486984,3657,0.650133,523,1389,39-55,70-4,56-15,84,82,63,57,25,25,1,0,1,84,0,,34,0,,,0,walked_into_fire,0,38,38,0,-3,46,0.4524,,0.003663,25,25,fire_reached_bot,0,52,24,28,-17,60,0.2857,,0.132968,,-1,fire_reached_bot,0,52,24,28,-17,60,0.2857,,0.260555,-1,,fire_reached_bot,0,52,24,28,-17,60,0.2857,,4.606298,-1,-1,52,0,24,28,,no_path,0,,Bot1|Bot2|Bot3|Bot4,0,1
339,0.75,75,440,1857643394,677001930,3667,0.651911,510,1436,66-71,67-49,25-46,29,23,70,66,57,45,0,0,1,29,1,29,72,1,29,43,1,button,1,29,29,0,43,0,1.0000,228,0.000907,-1,-1,button,1,29,29,0,43,0,1.0000,228,0.002594,,-1,button,1,29,29,0,43,0,1.0000,228,0.003821,-1,,button,1,29,29,0,43,0,1.0000,228,1.608320,20,20,29,0,0,0,0.4,risk_path,4,Bot1|Bot2|Bot3|Bot4,,1,0
340,0.75,75,440,3864308138,3978975570,3644,0.647822,513,1385,10-9,61-25,64-45,83,67,100,90,27,23,1,0,1,83,0,,35,0,,,0,walked_into_fire,0,59,59,0,-23,24,0.7108,,0.010258,35,35,fire_reached_bot,0,88,34,54,-52,49,0.4096,,0.207207,,-1,fire_reached_bot,0,88,34,54,-52,49,0.4096,,0.390540,-1,,fire_reached_bot,0,88,34,54,-52,49,0.4096,,6.132539,-1,-1,88,0,34,54,,no_path,0,,Bot1|Bot2|Bot3|Bot4,0,1
341,0.75,75,440,3005494717,346531541,3669,0.652267,514,1446,23-73,11-56,43-56,29,29,51,37,56,32,0,0,1,29,1,29,68,1,29,39,1,button,1,29,29,0,39,0,1.0000,260,0.000982,-1,-1,button,1,29,29,0,39,0,1.0000,260,0.003014,,-1,button,1,29,29,0,39,0,1.0000,260,0.003622,-1,,button,1,29,29,0,39,0,1.0000,260,1.583960,-1,-1,29,0,0,0,0.4,risk_path,4,Bot1|Bot2|Bot3|Bot4,,1,0
342,0.75,75,440,2387691047,1277799577,3628,0.644978,496,1375,63-32,0-59,64-69,110,90,48,38,108,74,1,0,1,110,0,,131,1,110,21,1,button,1,110,110,0,11,0,1.0000,2520,0.032483,-1,-1,button,1,110,110,0,11,0,1.0000,2520,0.128248,,-1,button,1,110,110,0,11,0,1.0000,2520,0.168569,-1,,button,1,110,110,0,11,0,1.0000,2520,12.116515,80,80,110,0,0,0,0.4,risk_path,4,Bot1|Bot2|Bot3|Bot4,,1,0
343,0.75,75,440,909155234,2602241716,3644,0.647822,500,1364,16-23,49-50,35-2,60,60,42,40,74,62,0,0,1,60,1,60,99,1,60,39,1,button,1,60,60,0,37,0,1.0000,896,0.004750,-1,-1,button,1,60,60,0,37,0,1.0000,896,0.012604,,-1,button,1,60,60,0,37,0,1.0000,896,0.016984,-1,,button,1,60,60,0,35,0,1.0000,896,5.158367,1,1,60,0,0,0,0.4,risk_path,4,Bot1|Bot2|Bot3|Bot4,,1,0
344,0.75,75,440,3582665592,3009362077,3649,0.648711,507,1382,35-73,60-54,29-72,46,44,9,7,55,49,0,0,1,46,1,46,69,1,46,23,1,button,1,46,46,0,13,0,1.0000,508,0.002235,-1,-1,button,1,46,46,0,13,0,1.0000,508,0.007217,,-1,button,1,46,46,0,13,0,1.0000,508,0.009510,-1,,button,1,46,46,0,13,0,1.0000,508,3.897727,-1,-1,46,0,0,0,0.4,risk_path,4,Bot1|Bot2|Bot3|Bot4,,1,0
345,0.75,75,440,2398338138,2828610287,3658,0.650311,518,1407,57-10,11-57,39-61,101,93,79,69,44,32,1,0,1,101,0,,55,0,,,0,walked_into_fire,0,59,59,0,-3,42,0.5842,,0.010109,56,56,fire_reached_bot,0,64,55,9,-8,46,0.5446,,0.080108,,-1,fire_reached_bot,0,64,55,9,-8,46,0.5446,,0.120880,-1,,fire_reached_bot,0,64,55,9,-8,46,0.5446,,8.223439,-1,-1,64,0,55,9,,no_path,0,,Bot1|Bot2|Bot3|Bot4,0,1
346,0.75,75,440,1634039232,257003492,3623,0.644089,481,1315,15-50,50-34,67-55,55,51,73,57,58,38,0,0,1,55,1,55,70,1,55,15,1,button,1,55,55,0,15,0,1.0000,545,0.003805,-1,-1,button,1,55,55,0,15,0,1.0000,545,0.011135,,-1,button,1,55,55,0,15,0,1.0000,545,0.014599,-1,,button,1,55,55,0,14,0,1.0000,545,4.528809,9,9,55,0,0,0,0.4,risk_path,4,Bot1|Bot2|Bot3|Bot4,,1,0
347,0.75,75,440,2513077685,551885425,3649,0.648711,526,1370,16-2,51-8,61-32,45,41,77,75,40,34,1,0,1,45,0,,56,1,45,11,1,button,1,45,45,0,10,0,1.0000,857,0.004473,-1,-1,button,1,45,45,0,10,0,1.0000,857,0.007712,,-1,button,1,45,45,0,10,0,1.0000,857,0.012045,-1,,button,1,45,45,0,10,0,1.0000,857,2.932514,-1,-1,45,7,0,0,0.99,risk_path,4,Bot1|Bot2|Bot3|Bot4,,1,0
348,0.75,75,440,2812461286,2193935649,3611,0.641956,483,1301,15-34,23-68,70-39,52,42,84,60,90,76,0,0,1,52,1,52,119,1,52,67,1,button,1,52,52,0,63,0,1.0000,761,0.004266,-1,-1,button,1,52,52,0,63,0,1.0000,761,0.012511,,-1,button,1,52,52,0,63,0,1.0000,761,0.016809,-1,,button,1,52,52,0,63,0,1.0000,761,3.753639,5,5,52,0,0,0,0.4,risk_path,4,Bot1|Bot2|Bot3|Bot4,,1,0
349,0.75,75,440,1831191962,3675714604,3639,0.646933,513,1405,21-49,42-73,62-57,47,45,61,49,38,36,1,0,1,47,0,,51,1,47,4,1,button,1,47,47,0,4,0,1.0000,793,0.004169,-1,-1,button,1,47,47,0,4,0,1.0000,793,0.009696,,-1,button,1,47,47,0,4,0,1.0000,793,0.014226,-1,,button,1,47,47,0,4,0,1.0000,793,3.348704,8,8,47,21,7,0,0.99,risk_path,4,Bot1|Bot2|Bot3|Bot4,,1,0
350,0.75,75,440,2219431423,1820989950,3664,0.651378,510,1364,40-51,48-66,2-54,35,23,61,41,64,58,0,0,1,35,1,35,72,1,35,37,1,button,1,35,35,0,37,0,1.0000,354,0.001468,-1,-1,button,1,35,35,0,37,0,1.0000,354,0.003805,,-1,button,1,35,35,0,37,0,1.0000,354,0.005193,-1,,button,1,35,35,0,37,0,1.0000,354,2.277974,9,9,35,0,0,0,0.4,risk_path,4,Bot1|Bot2|Bot3|Bot4,,1,0
351,0.75,75,440,509892709,3321225519,3631,0.645511,492,1334,68-20,35-61,33-59,76,74,84,74,8,4,1,0,1,76,0,,11,0,,,0,fire_reached_bot,0,47,47,0,-35,29,0.6184,,0.004498,12,12,fire_reached_bot,0,86,11,75,-74,65,0.1447,,0.313283,,-1,fire_reached_bot,0,86,11,75,-74,65,0.1447,,0.596608,-1,,fire_reached_bot,0,86,11,75,-74,65,0.1447,,2.067079,-1,-1,86,0,11,75,,no_path,0,,Bot1|Bot2|Bot3|Bot4,0,1
352,0.75,75,440,410674036,2790386272,3625,0.644444,506,1354,26-67,69-15,65-27,97,95,79,79,18,16,1,0,1,97,0,,24,0,,,0,fire_reached_bot,0,43,43,0,-18,54,0.4433,,0.004655,25,25,fire_reached_bot,0,65,24,41,-40,73,0.2474,,0.201893,,-1,fire_reached_bot,0,65,24,41,-40,73,0.2474,,0.401990,-1,,fire_reached_bot,0,65,24,41,-40,73,0.2474,,4.777283,-1,-1,65,0,24,41,,no_path,0,,Bot1|Bot2|Bot3|Bot4,0,1
353,0.75,75,440,43560433,194753494,3664,0.651378,509,1414,18-45,35-35,14-41,29,27,10,8,31,27,0,0,1,29,1,29,41,1,29,12,1,button,1,29,29,0,4,0,1.0000,331,0.001244,-1,-1,button,1,29,29,0,4,0,1.0000,331,0.003015,,-1,button,1,29,29,0,4,0,1.0000,331,0.004422,-1,,button,1,29,29,0,4,0,1.0000,331,1.359478,13,13,29,0,0,0,0.4,risk_path,4,Bot1|Bot2|Bot3|Bot4,,1,0
354,0.75,75,440,4123683559,484405637,3632,0.645689,495,1346,35-23,17-71,73-61,72,66,80,76,106,66,0,0,1,72,1,72,125,1,72,53,1,button,1,72,72,0,43,0,1.0000,1053,0.008583,-1,-1,button,1,72,72,0,43,0,1.0000,1053,0.029612,,-1,button,1,72,72,0,43,0,1.0000,1053,0.038157,-1,,button,1,72,72,0,43,0,1.0000,1053,6.754699,-1,-1,72,0,0,0,0.4,risk_path,4,Bot1|Bot2|Bot3|Bot4,,1,0
355,0.75,75,440,2102547529,3795932170,3646,0.648178,505,1407,50-36,69-58,9-56,41,41,71,61,84,62,0,0,1,41,1,41,103,1,41,62,1,button,1,41,41,0,62,0,1.0000,674,0.003239,-1,-1,button,1,41,41,0,62,0,1.0000,674,0.007564,,-1,button,1,41,41,0,62,0,1.0000,674,0.010083,-1,,button,1,41,41,0,62,0,1.0000,674,2.516979,22,22,41,0,0,0,0.4,risk_path,4,Bot1|Bot2|Bot3|Bot4,,1,0
356,0.75,75,440,1989372477,1712784801,3669,0.652267,524,1424,21-34,59-12,66-55,66,60,78,66,60,50,1,0,1,66,0,,74,1,66,8,1,button,1,66,66,0,8,0,1.0000,1281,0.010326,-1,-1,button,1,66,66,0,8,0,1.0000,1281,0.024940,,-1,button,1,66,66,0,8,0,1.0000,1281,0.033950,-1,,button,1,66,66,0,8,0,1.0000,1281,5.789986,1,1,66,1,0,0,0.6,risk_path,4,Bot1|Bot2|Bot3|Bot4,,1,0
357,0.75,75,440,3146175691,832631895,3635,0.646222,504,1390,18-0,68-9,10-61,87,59,87,69,126,110,0,0,1,87,1,87,148,1,87,61,1,button,1,87,87,0,61,0,1.0000,1906,0.018884,-1,-1,button,1,87,87,0,61,0,1.0000,1906,0.056393,,-1,button,1,87,87,0,61,0,1.0000,1906,0.082529,-1,,button,1,87,87,0,61,0,1.0000,1906,9.152453,2,2,87,0,0,0,0.4,risk_path,4,Bot1|Bot2|Bot3|Bot4,,1,0
358,0.75,75,440,619419441,2208452547,3652,0.649244,505,1413,54-66,47-12,11-43,71,61,70,66,77,67,0,0,1,71,1,71,98,1,71,27,1,button,1,71,71,0,16,0,1.0000,1956,0.014952,-1,-1,button,1,71,71,0,16,0,1.0000,1956,0.032513,,-1,button,1,71,71,0,16,0,1.0000,1956,0.059422,-1,,button,1,71,71,0,16,0,1.0000,1956,6.159252,-1,-1,71,0,0,0,0.4,risk_path,4,Bot1|Bot2|Bot3|Bot4,,1,0
359,0.75,75,440,1223795627,3036548846,3649,0.648711,506,1394,57-7,12-54,8-43,92,92,87,85,21,15,1,0,1,92,0,,24,0,,,0,walked_into_fire,0,50,50,0,-25,42,0.5435,,0.004716,25,25,fire_reached_bot,0,80,24,56,-55,68,0.2609,,0.250034,,-1,fire_reached_bot,0,80,24,56,-55,68,0.2609,,0.522385,-1,,fire_reached_bot,0,80,24,56,-55,68,0.2609,,5.357990,-1,-1,80,0,24,56,,no_path,0,,Bot1|Bot2|Bot3|Bot4,0,1
360,0.75,75,440,579359964,1186995808,3635,0.646222,507,1379,22-42,54-3,35-52,77,71,23,23,78,68,0,0,1,77,1,77,103,1,77,26,1,button,1,77,77,0,7,0,1.0000,2333,0.019088,-1,-1,button,1,77,77,0,7,0,1.0000,2333,0.036011,,-1,button,1,77,77,0,7,0,1.0000,2333,0.058874,-1,,button,1,77,77,0,7,0,1.0000,2333,6.816893,21,21,77,0,0,0,0.4,risk_path,4,Bot1|Bot2|Bot3|Bot4,,1,0
361,0.75,75,440,2365814492,1911836688,3652,0.649244,497,1410,17-70,13-44,49-34,44,30,72,68,52,46,0,0,1,44,1,44,67,1,44,23,1,button,1,44,44,0,22,0,1.0000,807,0.003849,-1,-1,button,1,44,44,0,22,0,1.0000,807,0.010101,,-1,button,1,44,44,0,22,0,1.0000,807,0.012567,-1,,button,1,44,44,0,22,0,1.0000,807,3.096177,-1,-1,44,0,0,0,0.4,risk_path,4,Bot1|Bot2|Bot3|Bot4,,1,0
362,0.75,75,440,1556033072,2435529583,3641,0.647289,503,1362,41-9,37-54,29-58,73,49,81,61,12,12,1,0,1,73,0,,13,0,,,0,walked_into_fire,0,49,49,0,-35,24,0.6712,,0.005450,14,14,fire_reached_bot,0,80,13,67,-66,60,0.1781,,0.283407,,-1,fire_reached_bot,0,80,13,67,-66,60,0.1781,,0.544644,-1,,fire_reached_bot,0,80,13,67,-66,60,0.1781,,2.632560,-1,-1,80,0,13,67,,no_path,0,,Bot1|Bot2|Bot3|Bot4,0,1
363,0.75,75,440,4172303545,2847709414,3659,0.650489,521,1372,18-5,16-3,65-55,4,4,97,97,101,101,0,0,1,4,1,4,122,1,4,118,1,button,1,4,4,0,111,0,1.0000,10,0.000076,-1,-1,button,1,4,4,0,111,0,1.0000,10,0.000127,,-1,button,1,4,4,0,111,0,1.0000,10,0.000140,-1,,button,1,4,4,0,111,0,1.0000,10,0.090190,-1,-1,4,0,0,0,0.4,risk_path,4,Bot1|Bot2|Bot3|Bot4,,1,0
364,0.75,75,440,2579275816,973970230,3634,0.646044,504,1359,6-44,19-58,62-43,33,27,91,57,60,58,0,0,1,33,1,33,70,1,33,37,1,button,1,33,33,0,36,0,1.0000,530,0.001982,-1,-1,button,1,33,33,0,36,0,1.0000,530,0.004569,,-1,button,1,33,33,0,36,0,1.0000,530,0.005818,-1,,button,1,33,33,0,36,0,1.0000,530,1.968981,10,10,33,0,0,0,0.4,risk_path,4,Bot1|Bot2|Bot3|Bot4,,1,0
365,0.75,75,440,1952802954,979129697,3639,0.646933,509,1412,74-40,7-52,23-65,93,79,90,76,39,29,1,0,1,93,0,,46,0,,,0,fire_reached_bot,0,52,52,0,-5,41,0.5591,,0.006059,46,46,fire_reached_bot,0,56,46,10,-9,47,0.4946,,0.074815,,-1,fire_reached_bot,0,56,46,10,-9,47,0.4946,,0.139839,-1,,fire_reached_bot,0,56,46,10,-9,47,0.4946,,8.414265,-1,-1,56,0,46,10,,no_path,0,,Bot1|Bot2|Bot3|Bot4,0,1
366,0.75,75,440,3081393282,309076382,3638,0.646756,493,1349,36-74,8-31,36-50,71,71,36,24,47,47,1,0,1,71,0,,60,0,,,0,fire_reached_bot,0,24,24,0,0,47,0.3380,207,0.000966,22,21,fire_reached_bot,0,36,36,0,0,65,0.0845,541,0.019586,,21,fire_reached_bot,0,44,42,2,0,73,-0.0282,879,0.037133,21,,fire_reached_bot,0,36,36,0,0,65,0.0845,541,5.730012,-1,21,36,0,36,0,,shortest_path_fallback,0,,Bot1|Bot2|Bot3|Bot4,0,1
367,0.75,75,440,3151380601,1716409728,3657,0.650133,505,1413,67-49,55-9,62-54,58,52,10,10,66,52,0,0,1,58,1,58,80,1,58,22,1,button,1,58,58,0,14,0,1.0000,1155,0.007731,-1,-1,button,1,58,58,0,14,0,1.0000,1155,0.015887,,-1,button,1,58,58,0,14,0,1.0000,1155,0.026960,-1,,button,1,58,58,0,14,0,1.0000,1155,5.057596,50,50,58,0,0,0,0.4,risk_path,4,Bot1|Bot2|Bot3|Bot4,,1,0
368,0.75,75,440,2032139050,1891626865,3643,0.647644,499,1406,56-19,54-8,30-48,15,13,57,55,66,64,0,0,1,15,1,15,90,1,15,75,1,button,1,15,15,0,72,0,1.0000,65,0.000308,-1,-1,button,1,15,15,0,72,0,1.0000,65,0.000675,,-1,button,1,15,15,0,72,0,1.0000,65,0.001121,-1,,button,1,15,15,0,72,0,1.0000,65,0.519026,-1,-1,15,0,0,0,0.4,risk_path,4,Bot1|Bot2|Bot3|Bot4,,1,0
369,0.75,75,440,737645428,557148272,3635,0.646222,500,1363,5-39,12-37,1-60,21,9,31,25,40,34,0,0,1,21,1,21,55,1,21,34,1,button,1,21,21,0,34,0,1.0000,65,0.000385,-1,-1,button,1,21,21,0,34,0,1.0000,65,0.001228,,-1,button,1,21,21,0,34,0,1.0000,65,0.001632,-1,,button,1,21,21,0,34,0,1.0000,65,0.985767,-1,-1,21,0,0,0,0.4,risk_path,4,Bot1|Bot2|Bot3|Bot4,,1,0
370,0.75,75,440,2602577069,3193247753,3645,0.648000,514,1391,69-45,24-59,39-7,83,59,82,68,87,67,0,0,1,83,1,83,110,1,83,27,1,button,1,83,83,0,27,0,1.0000,2059,0.018404,-1,-1,button,1,83,83,0,27,0,1.0000,2059,0.060585,,-1,button,1,83,83,0,27,0,1.0000,2059,0.082088,-1,,button,1,83,83,0,27,0,1.0000,2059,8.689479,-1,-1,83,0,0,0,0.4,risk_path,4,Bot1|Bot2|Bot3|Bot4,,1,0
371,0.75,75,440,1923164207,2685547185,3651,0.649067,505,1395,63-72,66-47,73-55,48,28,33,27,33,15,1,0,1,48,0,,44,0,,,0,walked_into_fire,0,17,17,0,-1,31,0.3542,69,0.000818,17,17,fire_reached_bot,0,30,29,1,0,41,0.1458,233,0.011231,,-1,fire_reached_bot,0,30,29,1,0,41,0.1458,233,0.011507,-1,,fire_reached_bot,0,30,29,1,0,41,0.1458,233,4.206090,-1,-1,30,0,29,1,,no_path,0,,Bot1|Bot2|Bot3|Bot4,0,1
372,0.75,75,440,3064658255,2591067856,3624,0.644267,503,1380,5-60,53-71,10-3,73,59,94,62,119,111,0,0,1,73,1,73,146,1,73,73,1,button,1,73,73,0,72,0,1.0000,1000,0.014398,-1,-1,button,1,73,73,0,72,0,1.0000,1000,0.023676,,-1,button,1,73,73,0,72,0,1.0000,1000,0.031771,-1,,button,1,73,73,0,72,0,1.0000,1000,7.649262,6,6,73,0,0,0,0.4,risk_path,4,Bot1|Bot2|Bot3|Bot4,,1,0
373,0.75,75,440,1154147649,4041770858,3645,0.648000,489,1406,62-19,40-29,24-69,34,32,106,88,72,56,0,0,1,34,1,34,96,1,34,62,1,button,1,34,34,0,62,0,1.0000,296,0.001518,-1,-1,button,1,34,34,0,62,0,1.0000,296,0.004262,,-1,button,1,34,34,0,62,0,1.0000,296,0.005906,-1,,button,1,34,34,0,62,0,1.0000,296,2.153633,-1,-1,34,0,0,0,0.4,risk_path,4,Bot1|Bot2|Bot3|Bot4,,1,0
374,0.75,75,440,1357385445,1134208027,3666,0.651733,513,1413,25-51,39-21,30-57,60,44,11,11,65,45,0,0,1,60,1,60,82,1,60,22,1,button,1,60,60,0,7,0,1.0000,1638,0.010209,-1,-1,button,1,60,60,0,7,0,1.0000,1638,0.026936,,-1,button,1,60,60,0,7,0,1.0000,1638,0.041656,-1,,button,1,60,60,0,7,0,1.0000,1638,5.327375,12,12,60,0,0,0,0.4,risk_path,4,Bot1|Bot2|Bot3|Bot4,,1,0
375,0.75,75,440,560426098,1461767624,3635,0.646222,513,1396,24-1,51-60,27-31,94,86,51,33,55,53,1,0,1,94,0,,67,0,,,0,fire_reached_bot,0,35,35,0,0,59,0.3723,524,0.002244,33,33,fire_reached_bot,0,39,32,7,0,62,0.3404,679,0.014473,,-1,fire_reached_bot,0,39,32,7,0,62,0.3404,679,0.017812,-1,,fire_reached_bot,0,39,32,7,0,62,0.3404,679,5.016915,-1,-1,39,0,32,7,,no_path,0,,Bot1|Bot2|Bot3|Bot4,0,1
376,0.75,75,440,1829175360,2037474768,3618,0.643200,493,1325,46-28,2-26,69-70,64,46,67,65,119,111,0,0,1,64,1,64,152,1,64,88,1,button,1,64,64,0,76,0,1.0000,869,0.006688,-1,-1,button,1,64,64,0,76,0,1.0000,869,0.017691,,-1,button,1,64,64,0,76,0,1.0000,869,0.025954,-1,,button,1,64,64,0,76,0,1.0000,869,6.569533,-1,-1,64,0,0,0,0.4,risk_path,4,Bot1|Bot2|Bot3|Bot4,,1,0
377,0.75,75,440,3056335309,1867334455,3661,0.650844,500,1439,27-46,28-68,18-56,47,23,21,19,28,22,1,0,1,47,0,,38,0,,,0,fire_reached_bot,0,11,11,0,0,36,0.2340,48,0.000627,8,7,fire_reached_bot,0,27,27,0,0,44,0.0638,327,0.019649,,7,fire_reached_bot,0,53,38,15,-14,41,0.1277,,0.149374,7,,fire_reached_bot,0,27,27,0,0,44,0.0638,327,4.248528,-1,7,27,0,27,0,,shortest_path_fallback,0,,Bot1|Bot2|Bot3|Bot4,0,1
378,0.75,75,440,3498759806,185762425,3635,0.646222,494,1353,44-3,7-68,63-11,110,102,29,27,117,113,0,0,1,110,1,110,139,1,110,29,1,button,1,110,110,0,19,0,1.0000,2755,0.036365,-1,-1,button,1,110,110,0,19,0,1.0000,2755,0.075561,,-1,button,1,110,110,0,19,0,1.0000,2755,0.130067,-1,,button,1,110,110,0,19,0,1.0000,2755,11.384512,-1,-1,110,0,0,0,0.4,risk_path,4,Bot1|Bot2|Bot3|Bot4,,1,0
379,0.75,75,440,743858379,262038232,3647,0.648356,504,1394,0-72,40-37,64-54,77,75,92,82,45,41,1,0,1,77,0,,56,0,,,0,walked_into_fire,0,69,69,0,-12,8,0.8961,,0.013986,57,57,fire_reached_bot,0,67,56,11,-10,21,0.7273,,0.059415,,-1,fire_reached_bot,0,67,56,11,-10,21,0.7273,,0.116501,-1,,fire_reached_bot,0,67,56,11,-10,21,0.7273,,7.508379,-1,-1,67,0,56,11,,no_path,0,,Bot1|Bot2|Bot3|Bot4,0,1
380,0.75,75,440,3490957155,2695499596,3644,0.647822,514,1421,51-6,65-68,53-10,96,76,8,6,90,70,1,0,1,96,0,,117,1,108,9,0,fire_reached_bot,0,5,5,0,0,91,0.0521,7,0.001917,4,1,fire_reached_bot,0,34,33,1,0,79,0.1771,475,0.033352,,1,fire_reached_bot,0,36,34,2,0,74,0.2292,535,0.047666,1,,fire_reached_bot,0,34,33,1,0,79,0.1771,475,5.969407,-1,1,34,0,33,1,,no_path,0,,Bot1|Bot2|Bot3|Bot4,0,1
381,0.75,75,440,44469780,2130841903,3651,0.649067,517,1415,41-66,32-72,23-5,21,15,87,79,102,76,0,0,1,21,1,21,128,1,21,107,1,button,1,21,21,0,104,0,1.0000,194,0.000799,-1,-1,button,1,21,21,0,104,0,1.0000,194,0.001540,,-1,button,1,21,21,0,104,0,1.0000,194,0.002084,-1,,button,1,21,21,0,104,0,1.0000,194,0.812370,-1,-1,21,0,0,0,0.4,risk_path,4,Bot1|Bot2|Bot3|Bot4,,1,0
382,0.75,75,440,1350579762,3490582419,3658,0.650311,507,1374,20-31,25-6,46-43,44,30,48,38,76,58,0,0,1,44,1,44,101,1,44,57,1,button,1,44,44,0,49,0,1.0000,756,0.003808,-1,-1,button,1,44,44,0,49,0,1.0000,756,0.009564,,-1,button,1,44,44,0,49,0,1.0000,756,0.013328,-1,,button,1,44,44,0,49,0,1.0000,756,3.014027,1,1,44,0,0,0,0.4,risk_path,4,Bot1|Bot2|Bot3|Bot4,,1,0
383,0.75,75,440,2733807543,3538856808,3647,0.648356,506,1388,65-8,0-53,51-67,112,110,87,73,81,65,1,0,1,112,0,,102,0,,,0,walked_into_fire,0,108,108,0,-5,4,0.9643,,0.038587,103,103,fire_reached_bot,0,112,102,10,-9,10,0.9107,,0.085165,,-1,fire_reached_bot,0,112,102,10,-9,10,0.9107,,0.137427,-1,,fire_reached_bot,0,112,102,10,-9,10,0.9107,,13.118056,-1,-1,112,0,102,10,,no_path,0,,Bot1|Bot2|Bot3|Bot4,0,1
384,0.75,75,440,144857897,2449621353,3659,0.650489,507,1392,72-6,70-33,45-20,53,29,45,41,44,38,1,0,1,53,0,,53,0,,,0,fire_reached_bot,0,50,50,0,0,3,0.9434,1199,0.008003,-1,50,fire_reached_bot,0,50,50,0,0,3,0.9434,1199,0.014367,,50,fire_reached_bot,0,58,53,5,-4,6,0.8868,,0.046005,50,,fire_reached_bot,0,50,50,0,0,3,0.9434,1199,3.912359,-1,50,50,14,34,0,0.99,risk_path,0,,Bot1|Bot2|Bot3|Bot4,0,1
385,0.75,75,440,341761630,1725134005,3609,0.641600,497,1358,46-27,19-16,34-58,54,38,61,43,73,57,0,0,1,54,1,54,86,1,54,32,1,button,1,54,54,0,32,0,1.0000,1249,0.008673,-1,-1,button,1,54,54,0,32,0,1.0000,1249,0.019956,,-1,button,1,54,54,0,32,0,1.0000,1249,0.028659,-1,,button,1,54,54,0,31,0,1.0000,1249,4.155699,5,5,54,0,0,0,0.4,risk_path,4,Bot1|Bot2|Bot3|Bot4,,1,0
386,0.75,75,440,192649057,483095820,3649,0.648711,500,1326,43-10,1-65,10-16,107,97,47,39,70,58,1,0,1,107,0,,85,0,,,0,fire_reached_bot,0,36,36,0,0,71,0.3364,602,0.005169,34,34,fire_reached_bot,0,75,74,1,0,61,0.4299,1726,0.074864,,37,fire_reached_bot,0,76,74,2,0,63,0.4112,1761,0.103396,37,,fire_reached_bot,0,75,74,1,0,61,0.4299,1726,12.351189,-1,37,75,0,74,1,,no_path,0,,Bot1|Bot2|Bot3|Bot4,0,1
387,0.75,75,440,3803973244,2905068052,3617,0.643022,490,1340,11-68,71-0,70-47,134,128,102,80,66,48,1,0,1,134,0,,83,0,,,0,walked_into_fire,0,85,85,0,-4,49,0.6343,,0.017824,78,78,fire_reached_bot,0,82,77,5,0,57,0.5746,1577,0.110740,,-1,fire_reached_bot,0,82,77,5,0,57,0.5746,1577,0.147637,-1,,fire_reached_bot,0,82,77,5,0,57,0.5746,1577,15.990134,-1,-1,82,0,77,5,,no_path,0,,Bot1|Bot2|Bot3|Bot4,0,1
388,0.75,75,440,1436060441,193209266,3627,0.644800,496,1372,62-48,62-52,65-20,10,4,53,31,57,35,0,0,1,10,1,10,74,1,10,64,1,button,1,10,10,0,60,0,1.0000,24,0.000196,-1,-1,button,1,10,10,0,60,0,1.0000,24,0.000300,,-1,button,1,10,10,0,60,0,1.0000,24,0.000589,-1,,button,1,10,10,0,60,0,1.0000,24,0.302823,-1,-1,10,0,0,0,0.4,risk_path,4,Bot1|Bot2|Bot3|Bot4,,1,0
389,0.75,75,440,3826677250,268213696,3645,0.648000,517,1385,26-31,33-32,8-53,12,8,40,40,48,46,0,0,1,12,1,12,58,1,12,46,1,button,1,12,12,0,46,0,1.0000,68,0.000289,-1,-1,button,1,12,12,0,46,0,1.0000,68,0.000471,,-1,button,1,12,12,0,46,0,1.0000,68,0.001054,-1,,button,1,12,12,0,46,0,1.0000,68,0.310994,7,7,12,0,0,0,0.4,risk_path,4,Bot1|Bot2|Bot3|Bot4,,1,0
390,0.75,75,440,1922677758,3470194275,3657,0.650133,504,1385,3-43,21-19,17-61,44,42,34,32,58,46,0,0,1,44,1,44,68,1,44,24,1,button,1,44,44,0,24,0,1.0000,812,0.004274,-1,-1,button,1,44,44,0,24,0,1.0000,812,0.007585,,-1,button,1,44,44,0,24,0,1.0000,812,0.017872,-1,,button,1,44,44,0,24,0,1.0000,812,3.661229,32,32,44,0,0,0,0.4,risk_path,4,Bot1|Bot2|Bot3|Bot4,,1,0
391,0.75,75,440,220974170,2519797936,3660,0.650667,503,1355,72-66,1-1,16-34,142,136,96,88,52,48,1,0,1,142,0,,62,0,,,0,walked_into_fire,0,52,52,0,-1,90,0.3662,1515,0.011644,41,36,fire_reached_bot,0,65,40,25,-2,102,0.2817,,0.130396,,36,fire_reached_bot,0,74,40,34,-11,108,0.2394,,0.277701,36,,fire_reached_bot,0,65,40,25,-2,102,0.2817,,8.170957,-1,36,65,0,40,25,,no_path,0,,Bot1|Bot2|Bot3|Bot4,0,1
392,0.75,75,440,311089741,15779671,3622,0.643911,498,1359,62-59,70-45,20-52,24,22,73,49,71,57,0,0,1,24,1,24,82,1,24,58,1,button,1,24,24,0,58,0,1.0000,217,0.001002,-1,-1,button,1,24,24,0,58,0,1.0000,217,0.001483,,-1,button,1,24,24,0,58,0,1.0000,217,0.002140,-1,,button,1,24,24,0,58,0,1.0000,217,1.133797,9,9,24,0,0,0,0.4,risk_path,4,Bot1|Bot2|Bot3|Bot4,,1,0
393,0.75,75,440,3786552960,3978206707,3625,0.644444,503,1356,59-68,38-39,26-64,58,50,49,37,57,37,1,0,1,58,0,,75,1,58,17,1,button,1,58,58,0,12,0,1.0000,986,0.007823,-1,-1,button,1,58,58,0,12,0,1.0000,986,0.013544,,-1,button,1,58,58,0,12,0,1.0000,986,0.020798,-1,,button,1,58,58,0,12,0,1.0000,986,4.820959,-1,-1,58,0,0,0,0.4,risk_path,4,Bot1|Bot2|Bot3|Bot4,,1,0
394,0.75,75,440,1026823686,935493975,3622,0.643911,526,1408,70-22,67-29,30-64,16,10,88,82,76,72,0,0,1,16,1,16,90,1,16,74,1,button,1,16,16,0,72,0,1.0000,158,0.000618,-1,-1,button,1,16,16,0,72,0,1.0000,158,0.001067,,-1,button,1,16,16,0,72,0,1.0000,158,0.001447,-1,,button,1,16,16,0,72,0,1.0000,158,0.563540,-1,-1,16,0,0,0,0.4,risk_path,4,Bot1|Bot2|Bot3|Bot4,,1,0
395,0.75,75,440,3873671478,4157908143,3653,0.649422,512,1406,63-33,71-71,3-25,56,46,82,68,116,114,0,0,1,56,1,56,138,1,56,82,1,button,1,56,56,0,82,0,1.0000,985,0.007229,-1,-1,button,1,56,56,0,82,0,1.0000,985,0.013859,,-1,button,1,56,56,0,82,0,1.0000,985,0.021012,-1,,button,1,56,56,0,82,0,1.0000,985,5.138572,5,5,56,0,0,0,0.4,risk_path,4,Bot1|Bot2|Bot3|Bot4,,1,0
396,0.75,75,440,1326410439,1678133499,3636,0.646400,501,1367,2-32,60-34,74-56,78,60,104,96,40,36,1,0,1,78,0,,51,0,,,0,fire_reached_bot,0,58,58,0,-6,20,0.7436,,0.005869,51,51,fire_reached_bot,0,70,50,20,-18,28,0.6410,,0.105201,,-1,fire_reached_bot,0,70,50,20,-18,28,0.6410,,0.204609,-1,,fire_reached_bot,0,70,50,20,-18,28,0.6410,,8.182116,-1,-1,70,0,50,20,,no_path,0,,Bot1|Bot2|Bot3|Bot4,0,1
397,0.75,75,440,613184341,3716848103,3654,0.649600,506,1368,74-57,2-1,55-66,134,128,32,28,126,118,1,0,1,134,0,,149,1,134,15,0,walked_into_fire,0,18,18,0,-2,116,0.1343,135,0.004249,16,15,fire_reached_bot,0,46,45,1,0,107,0.2015,813,0.082331,,15,fire_reached_bot,0,46,45,1,0,107,0.2015,813,0.088699,15,,fire_reached_bot,0,46,45,1,0,107,0.2015,813,9.598186,-1,15,46,0,45,1,,no_path,0,,Bot1|Bot2|Bot3|Bot4,0,1
398,0.75,75,440,140259070,1404237909,3636,0.646400,513,1339,1-48,63-13,41-37,97,97,53,51,54,46,1,0,1,97,0,,64,0,,,0,walked_into_fire,0,34,34,0,-1,63,0.3505,587,0.002913,28,28,fire_reached_bot,0,57,52,5,0,67,0.3093,1855,0.048521,,40,fire_reached_bot,0,57,52,5,0,67,0.3093,1855,0.067546,40,,fire_reached_bot,0,57,52,5,0,67,0.3093,1855,7.466240,-1,40,57,0,52,5,,no_path,0,,Bot1|Bot2|Bot3|Bot4,0,1
399,0.75,75,440,1706966771,3646661798,3652,0.649244,511,1407,32-34,29-13,48-3,40,24,55,47,35,29,1,0,1,40,0,,52,1,40,12,1,button,1,40,40,0,12,0,1.0000,542,0.003545,-1,-1,button,1,40,40,0,12,0,1.0000,542,0.006918,,-1,button,1,40,40,0,12,0,1.0000,542,0.009756,-1,,button,1,40,40,0,12,0,1.0000,542,2.707959,-1,-1,40,17,0,0,0.99,risk_path,4,Bot1|Bot2|Bot3|Bot4,,1,0
400,0.75,75,440,1557608422,587872040,3654,0.649600,504,1397,49-5,1-60,36-26,109,103,40,34,73,69,1,0,1,109,0,,93,0,,,0,walked_into_fire,0,28,28,0,-1,81,0.2569,474,0.002573,21,20,fire_reached_bot,0,46,46,0,0,83,0.2385,1365,0.048532,,20,fire_reached_bot,0,63,60,3,0,83,0.2385,2276,0.088313,20,,fire_reached_bot,0,46,46,0,0,83,0.2385,1365,7.139525,-1,20,46,0,46,0,,shortest_path_fallback,0,,Bot1|Bot2|Bot3|Bot4,0,1
401,0.75,75,440,2000075961,2745563048,3647,0.648356,506,1360,53-41,74-15,43-8,51,47,65,43,46,38,1,0,1,51,0,,53,0,,,0,fire_reached_bot,0,43,43,0,0,8,0.8431,709,0.004512,-1,-1,fire_reached_bot,0,43,43,0,0,8,0.8431,709,0.011250,,-1,fire_reached_bot,0,43,43,0,0,8,0.8431,709,0.016626,-1,,fire_reached_bot,0,43,43,0,0,8,0.8431,709,4.121619,41,41,43,6,36,0,0.99,risk_path,0,,Bot1|Bot2|Bot3|Bot4,0,1
402,0.75,75,440,4291152545,2741335827,3641,0.647289,513,1401,4-47,39-45,36-43,57,37,58,36,5,5,1,0,1,57,0,,6,0,,,0,walked_into_fire,0,32,32,0,-25,25,0.5614,,0.002413,7,7,fire_reached_bot,0,67,6,61,-60,51,0.1053,,0.209230,,-1,fire_reached_bot,0,67,6,61,-60,51,0.1053,,0.476367,-1,,fire_reached_bot,0,67,6,61,-60,51,0.1053,,1.114946,-1,-1,67,0,6,61,,no_path,0,,Bot1|Bot2|Bot3|Bot4,0,1
403,0.75,75,440,2060592027,3688875005,3646,0.648178,499,1396,8-70,21-2,51-54,107,81,71,59,86,82,1,0,1,107,0,,103,0,,,0,walked_into_fire,0,87,87,0,-1,20,0.8131,2606,0.033479,87,87,fire_reached_bot,0,88,86,2,0,21,0.8037,2686,0.083596,,-1,fire_reached_bot,0,88,86,2,0,21,0.8037,2686,0.118076,-1,,fire_reached_bot,0,88,86,2,0,21,0.8037,2686,10.981914,-1,-1,88,0,86,2,,no_path,0,,Bot1|Bot2|Bot3|Bot4,0,1
404,0.75,75,440,1918492199,551143425,3649,0.648711,506,1398,38-59,6-65,53-74,52,38,30,30,68,56,0,0,1,52,1,52,87,1,52,35,1,button,1,52,52,0,22,0,1.0000,805,0.006699,-1,-1,button,1,52,52,0,22,0,1.0000,805,0.012440,,-1,button,1,52,52,0,22,0,1.0000,805,0.022359,-1,,button,1,52,52,0,22,0,1.0000,805,4.386627,-1,-1,52,0,0,0,0.4,risk_path,4,Bot1|Bot2|Bot3|Bot4,,1,0
405,0.75,75,440,4258988007,102048511,3637,0.646578,505,1392,3-50,24-64,58-47,35,35,74,58,57,51,0,0,1,35,1,35,74,1,35,39,1,button,1,35,35,0,39,0,1.0000,540,0.002682,-1,-1,button,1,35,35,0,39,0,1.0000,540,0.004664,,-1,button,1,35,35,0,39,0,1.0000,540,0.008462,-1,,button,1,35,35,0,39,0,1.0000,540,2.175344,7,7,35,0,0,0,0.4,risk_path,4,Bot1|Bot2|Bot3|Bot4,,1,0
406,0.75,75,440,1836645683,3217807480,3644,0.647822,502,1331,0-46,40-23,63-28,79,63,105,81,32,28,1,0,1,79,0,,40,0,,,0,fire_reached_bot,0,61,61,0,-20,18,0.7722,,0.012224,41,41,fire_reached_bot,0,90,40,50,-49,39,0.5063,,0.182502,,-1,fire_reached_bot,0,90,40,50,-49,39,0.5063,,0.365145,-1,,fire_reached_bot,0,90,40,50,-49,39,0.5063,,7.024802,-1,-1,90,0,40,50,,no_path,0,,Bot1|Bot2|Bot3|Bot4,0,1
407,0.75,75,440,348380400,1235727142,3621,0.643733,502,1332,23-11,33-46,23-72,49,45,79,61,46,36,1,0,1,49,0,,62,1,49,13,1,button,1,49,49,0,13,0,1.0000,566,0.003318,-1,-1,button,1,49,49,0,13,0,1.0000,566,0.007369,,-1,button,1,49,49,0,13,0,1.0000,566,0.010538,-1,,button,1,49,49,0,13,0,1.0000,566,3.969820,15,15,49,0,0,0,0.4,risk_path,4,Bot1|Bot2|Bot3|Bot4,,1,0
408,0.75,75,440,649723473,128509568,3652,0.649244,507,1389,26-9,6-2,14-47,31,27,66,50,73,53,0,0,1,31,1,31,92,1,31,61,1,button,1,31,31,0,59,0,1.0000,393,0.001648,-1,-1,button,1,31,31,0,59,0,1.0000,393,0.003502,,-1,button,1,31,31,0,59,0,1.0000,393,0.004808,-1,,button,1,31,31,0,59,0,1.0000,393,1.681791,-1,-1,31,0,0,0,0.4,risk_path,4,Bot1|Bot2|Bot3|Bot4,,1,0
409,0.75,75,440,1213574996,1326260514,3647,0.648356,488,1368,55-57,35-55,55-12,30,22,69,45,67,63,0,0,1,30,1,30,78,1,30,48,1,button,1,30,30,0,48,0,1.0000,378,0.002140,-1,-1,button,1,30,30,0,48,0,1.0000,378,0.004048,,-1,button,1,30,30,0,48,0,1.0000,378,0.006134,-1,,button,1,30,30,0,48,0,1.0000,378,1.688797,6,6,30,0,0,0,0.4,risk_path,4,Bot1|Bot2|Bot3|Bot4,,1,0
410,0.75,75,440,399927594,1172635717,3649,0.648711,503,1395,70-34,60-58,10-58,38,34,88,84,70,50,0,0,1,38,1,38,91,1,38,53,1,button,1,38,38,0,53,0,1.0000,410,0.001977,-1,-1,button,1,38,38,0,53,0,1.0000,410,0.005204,,-1,button,1,38,38,0,53,0,1.0000,410,0.007669,-1,,button,1,38,38,0,53,0,1.0000,410,2.582946,-1,-1,38,0,0,0,0.4,risk_path,4,Bot1|Bot2|Bot3|Bot4,,1,0
411,0.75,75,440,94789281,138735109,3646,0.648178,506,1409,35-29,8-74,34-65,78,72,51,37,39,35,1,0,1,78,0,,51,0,,,0,walked_into_fire,0,42,42,0,-1,36,0.5385,839,0.005328,41,41,fire_reached_bot,0,49,45,4,0,39,0.5000,1153,0.042768,,-1,fire_reached_bot,0,49,45,4,0,39,0.5000,1153,0.080780,-1,,fire_reached_bot,0,49,45,4,0,39,0.5000,1153,7.060824,-1,-1,49,0,45,4,,no_path,0,,Bot1|Bot2|Bot3|Bot4,0,1
412,0.75,75,440,4204771711,1699448702,3649,0.648711,521,1344,25-68,64-22,8-1,101,85,108,84,83,77,1,0,1,101,0,,107,1,101,6,1,button,1,101,101,0,5,0,1.0000,1804,0.022775,-1,-1,button,1,101,101,0,5,0,1.0000,1804,0.047708,,-1,button,1,101,101,0,5,0,1.0000,1804,0.079473,-1,,button,1,101,101,0,6,0,1.0000,1804,14.377187,98,98,101,4,70,0,0.99,risk_path,4,Bot1|Bot2|Bot3|Bot4,,1,0
413,0.75,75,440,823494903,3566751827,3642,0.647467,516,1387,71-17,60-13,29-23,25,15,60,48,45,41,0,0,1,25,1,25,54,1,25,29,1,button,1,25,25,0,28,0,1.0000,325,0.001345,-1,-1,button,1,25,25,0,28,0,1.0000,325,0.002099,,-1,button,1,25,25,0,28,0,1.0000,325,0.003595,-1,,button,1,25,25,0,28,0,1.0000,325,1.162032,-1,-1,25,0,0,0,0.4,risk_path,4,Bot1|Bot2|Bot3|Bot4,,1,0
414,0.75,75,440,277766336,146189312,3644,0.647822,499,1356,58-60,40-20,62-46,72,58,22,18,64,48,1,0,1,72,0,,81,1,72,9,1,button,1,72,72,0,4,0,1.0000,1439,0.015380,-1,-1,button,1,72,72,0,4,0,1.0000,1439,0.037222,,-1,button,1,72,72,0,4,0,1.0000,1439,0.059271,-1,,button,1,72,72,0,4,0,1.0000,1439,7.287478,62,62,72,6,14,0,0.99,risk_path,4,Bot1|Bot2|Bot3|Bot4,,1,0
415,0.75,75,440,2294360336,2377130893,3660,0.650667,509,1386,42-45,54-71,24-24,44,38,39,39,83,77,0,0,1,44,1,44,115,1,44,71,1,button,1,44,44,0,56,0,1.0000,543,0.002784,-1,-1,button,1,44,44,0,56,0,1.0000,543,0.005768,,-1,button,1,44,44,0,56,0,1.0000,543,0.007843,-1,,button,1,44,44,0,56,0,1.0000,543,3.071631,11,11,44,0,0,0,0.4,risk_path,4,Bot1|Bot2|Bot3|Bot4,,1,0
416,0.75,75,440,4063297683,2159750137,3631,0.645511,496,1409,73-41,65-67,49-26,38,34,53,39,63,57,0,0,1,38,1,38,83,1,38,45,1,button,1,38,38,0,45,0,1.0000,502,0.002519,-1,-1,button,1,38,38,0,45,0,1.0000,502,0.005576,,-1,button,1,38,38,0,45,0,1.0000,502,0.007578,-1,,button,1,38,38,0,45,0,1.0000,502,2.403621,-1,-1,38,0,0,0,0.4,risk_path,4,Bot1|Bot2|Bot3|Bot4,,1,0
417,0.75,75,440,4136068613,3935871520,3621,0.643733,502,1362,57-26,62-4,25-23,29,27,53,35,62,56,0,0,1,29,1,29,79,1,29,50,1,button,1,29,29,0,46,0,1.0000,375,0.001731,-1,-1,button,1,29,29,0,46,0,1.0000,375,0.002833,,-1,button,1,29,29,0,46,0,1.0000,375,0.004008,-1,,button,1,29,29,0,46,0,1.0000,375,1.462793,23,23,29,0,0,0,0.4,risk_path,4,Bot1|Bot2|Bot3|Bot4,,1,0
418,0.75,75,440,3079297320,2426746488,3636,0.646400,501,1421,50-61,33-15,73-21,71,63,79,63,60,46,1,0,1,71,0,,82,1,71,11,1,button,1,71,71,0,11,0,1.0000,955,0.007905,-1,-1,button,1,71,71,0,11,0,1.0000,955,0.020679,,-1,button,1,71,71,0,11,0,1.0000,955,0.027976,-1,,button,1,71,71,0,11,0,1.0000,955,7.898710,-1,-1,71,13,7,0,0.99,risk_path,4,Bot1|Bot2|Bot3|Bot4,,1,0
419,0.75,75,440,4257723732,3495392713,3654,0.649600,498,1377,48-73,69-49,48-45,53,45,42,28,33,25,1,0,1,53,0,,39,0,,,0,fire_reached_bot,0,26,26,0,0,27,0.4906,379,0.002114,23,23,fire_reached_bot,0,41,39,2,-1,18,0.6604,,0.016478,,-1,fire_reached_bot,0,41,39,2,-1,18,0.6604,,0.022022,-1,,fire_reached_bot,0,41,39,2,-1,18,0.6604,,3.345295,-1,-1,41,0,39,2,,no_path,0,,Bot1|Bot2|Bot3|Bot4,0,1
420,0.75,75,440,4078690204,3768167155,3654,0.649600,511,1398,67-28,21-7,28-59,79,67,74,70,75,59,1,0,1,79,0,,93,1,79,14,1,button,1,79,79,0,14,0,1.0000,2348,0.025588,-1,-1,button,1,79,79,0,14,0,1.0000,2348,0.054021,,-1,button,1,79,79,0,14,0,1.0000,2348,0.081808,-1,,button,1,79,79,0,14,0,1.0000,2348,6.631717,-1,-1,79,0,0,0,0.4,risk_path,4,Bot1|Bot2|Bot3|Bot4,,1,0
421,0.75,75,440,958537604,1453352966,3651,0.649067,500,1404,28-43,1-30,35-32,50,40,18,18,50,36,0,0,1,50,0,,61,1,50,11,1,button,1,50,50,0,8,0,1.0000,810,0.004693,-1,-1,button,1,50,50,0,8,0,1.0000,810,0.008315,,-1,button,1,50,50,0,8,0,1.0000,810,0.012533,-1,,button,1,50,50,0,8,0,1.0000,810,3.672893,-1,-1,50,0,0,0,0.4,risk_path,4,Bot1|Bot2|Bot3|Bot4,,1,0
422,0.75,75,440,2355762477,2963328483,3669,0.652267,526,1440,54-11,49-40,53-34,40,34,34,24,10,10,1,0,1,40,0,,13,0,,,0,fire_reached_bot,0,19,19,0,-5,21,0.4750,,0.000848,12,12,fire_reached_bot,0,32,13,19,-18,31,0.2250,,0.093551,,-1,fire_reached_bot,0,32,13,19,-18,31,0.2250,,0.190992,-1,,fire_reached_bot,0,32,13,19,-18,31,0.2250,,2.039458,-1,-1,32,0,13,19,,no_path,0,,Bot1|Bot2|Bot3|Bot4,0,1
423,0.75,75,440,3860660340,1064690405,3656,0.649956,501,1379,41-13,19-25,56-67,36,34,91,69,81,79,0,0,1,36,1,36,92,1,36,56,1,button,1,36,36,0,56,0,1.0000,455,0.002742,-1,-1,button,1,36,36,0,56,0,1.0000,455,0.004522,,-1,button,1,36,36,0,56,0,1.0000,455,0.006545,-1,,button,1,36,36,0,56,0,1.0000,455,2.204914,-1,-1,36,0,0,0,0.4,risk_path,4,Bot1|Bot2|Bot3|Bot4,,1,0
424,0.75,75,440,4240931953,1182499683,3665,0.651556,513,1403,19-9,38-33,56-58,51,43,90,86,51,43,0,0,1,51,1,51,65,1,51,14,1,button,1,51,51,0,14,0,1.0000,998,0.007314,-1,-1,button,1,51,51,0,14,0,1.0000,998,0.014705,,-1,button,1,51,51,0,14,0,1.0000,998,0.020865,-1,,button,1,51,51,0,14,0,1.0000,998,3.980541,1,1,51,0,0,0,0.4,risk_path,4,Bot1|Bot2|Bot3|Bot4,,1,0
425,0.75,75,440,2493525027,414517936,3643,0.647644,501,1383,58-63,3-72,18-64,90,64,67,41,25,23,1,0,1,90,0,,36,0,,,0,walked_into_fire,0,40,40,0,-3,50,0.4444,,0.004651,11,10,fire_reached_bot,0,74,22,52,-37,86,0.0444,,0.244650,,10,fire_reached_bot,0,71,22,49,-34,86,0.0444,,0.456306,10,,fire_reached_bot,0,74,22,52,-37,86,0.0444,,5.593920,-1,10,74,0,22,52,,no_path,0,,Bot1|Bot2|Bot3|Bot4,0,1
426,0.75,75,440,836001522,3918252539,3632,0.645689,504,1368,22-45,44-49,26-42,34,26,7,7,29,25,1,0,1,34,0,,40,0,,,0,fire_reached_bot,0,4,4,0,0,30,0.1176,15,0.000404,4,2,fire_reached_bot,0,47,40,7,-6,40,-0.1765,,0.024803,,2,fire_reached_bot,0,49,40,9,-8,42,-0.2353,,0.049708,2,,fire_reached_bot,0,47,40,7,-6,40,-0.1765,,4.456813,-1,2,47,0,40,7,,no_path,0,,Bot1|Bot2|Bot3|Bot4,0,1
427,0.75,75,440,435955948,1367064018,3647,0.648356,496,1404,47-12,21-74,60-61,96,88,70,62,82,52,1,0,1,96,0,,103,1,96,7,1,button,1,96,96,0,1,0,1.0000,2342,0.033578,-1,-1,button,1,96,96,0,1,0,1.0000,2342,0.076248,,-1,button,1,96,96,0,1,0,1.0000,2342,0.119598,-1,,button,1,96,96,0,1,0,1.0000,2342,12.016972,-1,-1,96,3,72,0,0.99,risk_path,4,Bot1|Bot2|Bot3|Bot4,,1,0
428,0.75,75,440,2279097245,954607641,3621,0.643733,485,1323,11-38,1-39,51-68,11,11,76,70,81,79,0,0,1,11,1,11,102,1,11,91,1,button,1,11,11,0,91,0,1.0000,45,0.000216,-1,-1,button,1,11,11,0,91,0,1.0000,45,0.000348,,-1,button,1,11,11,0,91,0,1.0000,45,0.000439,-1,,button,1,11,11,0,91,0,1.0000,45,0.296000,-1,-1,11,0,0,0,0.4,risk_path,4,Bot1|Bot2|Bot3|Bot4,,1,0
429,0.75,75,440,2932552292,18426317,3674,0.653156,511,1398,22-34,51-14,67-21,59,49,66,58,37,23,1,0,1,59,0,,54,0,,,0,walked_into_fire,0,58,58,0,-3,1,0.9831,,0.006774,55,55,fire_reached_bot,0,61,54,7,-6,5,0.9153,,0.048724,,-1,fire_reached_bot,0,61,54,7,-6,5,0.9153,,0.088767,-1,,fire_reached_bot,0,61,54,7,-6,5,0.9153,,5.854606,-1,-1,61,0,54,7,,no_path,0,,Bot1|Bot2|Bot3|Bot4,0,1
430,0.75,75,440,2526166132,2004277368,3663,0.651200,520,1424,48-54,7-1,3-67,98,94,78,58,90,70,1,0,1,98,0,,111,1,98,13,1,button,1,98,98,0,4,0,1.0000,1793,0.022662,-1,-1,button,1,98,98,0,4,0,1.0000,1793,0.059621,,-1,button,1,98,98,0,4,0,1.0000,1793,0.083928,-1,,button,1,98,98,0,4,0,1.0000,1793,11.797326,-1,-1,98,10,7,0,0.99,risk_path,4,Bot1|Bot2|Bot3|Bot4,,1,0
431,0.75,75,440,2360711024,676293112,3646,0.648178,499,1381,49-31,9-40,65-23,57,49,28,24,81,73,0,0,1,57,1,57,104,1,57,47,1,button,1,57,57,0,29,0,1.0000,1264,0.010628,-1,-1,button,1,57,57,0,29,0,1.0000,1264,0.016370,,-1,button,1,57,57,0,29,0,1.0000,1264,0.027664,-1,,button,1,57,57,0,29,0,1.0000,1264,4.726156,-1,-1,57,0,0,0,0.4,risk_path,4,Bot1|Bot2|Bot3|Bot4,,1,0
432,0.75,75,440,1910899855,3074822446,3643,0.647644,516,1359,33-54,51-29,56-40,55,43,49,37,16,16,1,0,1,55,0,,19,0,,,0,walked_into_fire,0,26,26,0,-6,29,0.4727,,0.002221,20,20,fire_reached_bot,0,36,19,17,-16,36,0.3455,,0.091298,,-1,fire_reached_bot,0,36,19,17,-16,36,0.3455,,0.215447,-1,,fire_reached_bot,0,36,19,17,-16,36,0.3455,,2.762342,-1,-1,36,0,19,17,,no_path,0,,Bot1|Bot2|Bot3|Bot4,0,1
433,0.75,75,440,2661614459,1963583143,3649,0.648711,498,1378,42-68,17-18,56-34,83,75,52,48,59,55,1,0,1,83,0,,66,0,,,0,walked_into_fire,0,37,37,0,-1,46,0.4458,627,0.004603,37,35,fire_reached_bot,0,38,37,1,0,48,0.4217,713,0.031769,,35,fire_reached_bot,0,80,66,14,-13,65,0.2169,,0.156180,35,,fire_reached_bot,0,38,37,1,0,48,0.4217,713,5.468330,-1,35,38,0,37,1,,no_path,0,,Bot1|Bot2|Bot3|Bot4,0,1
434,0.75,75,440,3282060075,882283043,3638,0.646756,507,1363,17-63,15-48,25-14,17,17,75,57,60,44,0,0,1,17,1,17,72,1,17,55,1,button,1,17,17,0,55,0,1.0000,62,0.000338,-1,-1,button,1,17,17,0,55,0,1.0000,62,0.000670,,-1,button,1,17,17,0,55,0,1.0000,62,0.000949,-1,,button,1,17,17,0,55,0,1.0000,62,0.574810,-1,-1,17,0,0,0,0.4,risk_path,4,Bot1|Bot2|Bot3|Bot4,,1,0
435,0.75,75,440,3996130700,1346204788,3641,0.647289,510,1369,33-13,9-17,51-33,36,28,48,38,72,58,0,0,1,36,1,36,81,1,36,45,1,button,1,36,36,0,44,0,1.0000,734,0.003526,-1,-1,button,1,36,36,0,44,0,1.0000,734,0.006128,,-1,button,1,36,36,0,44,0,1.0000,734,0.011026,-1,,button,1,36,36,0,44,0,1.0000,734,2.064471,-1,-1,36,0,0,0,0.4,risk_path,4,Bot1|Bot2|Bot3|Bot4,,1,0
436,0.75,75,440,836374606,2519469390,3644,0.647822,514,1410,66-40,20-42,12-26,64,48,78,68,26,24,1,0,1,64,0,,32,0,,,0,fire_reached_bot,0,48,48,0,-15,16,0.7500,,0.007944,33,33,fire_reached_bot,0,67,32,35,-34,32,0.5000,,0.145120,,-1,fire_reached_bot,0,67,32,35,-34,32,0.5000,,0.304370,-1,,fire_reached_bot,0,67,32,35,-34,32,0.5000,,4.439476,-1,-1,67,0,32,35,,no_path,0,,Bot1|Bot2|Bot3|Bot4,0,1
437,0.75,75,440,3431814037,2475972391,3665,0.651556,509,1430,18-47,46-36,51-30,43,39,54,50,11,11,1,0,1,43,0,,15,0,,,0,fire_reached_bot,0,30,30,0,-14,13,0.6977,,0.002487,16,16,fire_reached_bot,0,51,15,36,-35,28,0.3488,,0.159531,,-1,fire_reached_bot,0,51,15,36,-35,28,0.3488,,0.346920,-1,,fire_reached_bot,0,51,15,36,-35,28,0.3488,,1.917669,-1,-1,51,0,15,36,,no_path,0,,Bot1|Bot2|Bot3|Bot4,0,1
438,0.75,75,440,1717278258,3909387573,3628,0.644978,489,1365,62-2,11-7,19-66,66,56,109,107,83,67,0,0,1,66,1,66,101,1,66,35,1,button,1,66,66,0,34,0,1.0000,1384,0.013310,-1,-1,button,1,66,66,0,34,0,1.0000,1384,0.020960,,-1,button,1,66,66,0,34,0,1.0000,1384,0.033205,-1,,button,1,66,66,0,34,0,1.0000,1384,6.041222,-1,-1,66,0,0,0,0.4,risk_path,4,Bot1|Bot2|Bot3|Bot4,,1,0
439,0.75,75,440,601328095,3338845994,3660,0.650667,513,1409,49-10,22-21,7-64,58,38,102,96,64,58,0,0,1,58,1,58,78,1,58,20,1,button,1,58,58,0,19,0,1.0000,700,0.006079,-1,-1,button,1,58,58,0,19,0,1.0000,700,0.021031,,-1,button,1,58,58,0,19,0,1.0000,700,0.030961,-1,,button,1,58,58,0,19,0,1.0000,700,5.104037,-1,-1,58,0,0,0,0.4,risk_path,4,Bot1|Bot2|Bot3|Bot4,,1,0
440,0.75,75,440,2216123474,76203067,3642,0.647467,521,1396,71-40,18-70,58-46,91,83,25,19,66,64,1,0,1,91,0,,82,0,,,0,walked_into_fire,0,13,13,0,-1,78,0.1429,86,0.001839,13,13,fire_reached_bot,0,72,72,0,0,91,0.0000,2031,0.082821,,37,fire_reached_bot,0,78,78,0,0,93,-0.0220,2263,0.131927,37,,fire_reached_bot,0,72,72,0,0,91,0.0000,2031,11.149980,-1,37,72,0,72,0,,shortest_path_fallback,0,,Bot1|Bot2|Bot3|Bot4,0,1
441,0.75,75,440,2952930947,3442715,3633,0.645867,493,1336,34-33,4-65,13-73,70,62,69,61,21,17,1,0,1,70,0,,30,0,,,0,fire_reached_bot,0,39,39,0,-8,31,0.5571,,0.002811,29,29,fire_reached_bot,0,51,28,23,-20,42,0.4000,,0.117838,,-1,fire_reached_bot,0,51,28,23,-20,42,0.4000,,0.252111,-1,,fire_reached_bot,0,51,28,23,-20,42,0.4000,,4.944214,-1,-1,51,0,28,23,,no_path,0,,Bot1|Bot2|Bot3|Bot4,0,1
442,0.75,75,440,954329560,321467233,3659,0.650489,499,1374,67-24,7-24,36-66,86,60,77,73,75,71,1,0,1,86,0,,94,1,86,8,1,button,1,86,86,0,8,0,1.0000,2281,0.026354,-1,-1,button,1,86,86,0,8,0,1.0000,2281,0.048922,,-1,button,1,86,86,0,8,0,1.0000,2281,0.081857,-1,,button,1,86,86,0,8,0,1.0000,2281,9.405113,-1,-1,86,4,39,0,0.99,risk_path,4,Bot1|Bot2|Bot3|Bot4,,1,0
443,0.75,75,440,2194090034,1836282544,3620,0.643556,485,1382,59-51,66-29,6-24,39,29,88,80,83,65,0,0,1,39,1,39,96,1,39,57,1,button,1,39,39,0,57,0,1.0000,475,0.002935,-1,-1,button,1,39,39,0,57,0,1.0000,475,0.006334,,-1,button,1,39,39,0,57,0,1.0000,475,0.008578,-1,,button,1,39,39,0,57,0,1.0000,475,2.494756,27,27,39,0,0,0,0.4,risk_path,4,Bot1|Bot2|Bot3|Bot4,,1,0
444,0.75,75,440,99980322,3105913063,3629,0.645156,499,1364,32-3,62-72,50-46,109,99,71,61,52,38,1,0,1,109,0,,63,0,,,0,walked_into_fire,0,40,40,0,-1,69,0.3670,595,0.004434,35,35,fire_reached_bot,0,56,51,5,0,82,0.2477,1319,0.094234,,-1,fire_reached_bot,0,56,51,5,0,82,0.2477,1319,0.126530,-1,,fire_reached_bot,0,56,51,5,0,82,0.2477,1319,9.185000,-1,-1,56,0,51,5,,no_path,0,,Bot1|Bot2|Bot3|Bot4,0,1
445,0.75,75,440,4143197766,1623788008,3645,0.648000,506,1364,60-66,70-44,12-31,34,32,91,83,97,71,0,0,1,34,1,34,110,1,34,76,1,button,1,34,34,0,75,0,1.0000,448,0.002037,-1,-1,button,1,34,34,0,75,0,1.0000,448,0.003319,,-1,button,1,34,34,0,75,0,1.0000,448,0.005383,-1,,button,1,34,34,0,75,0,1.0000,448,2.061821,13,13,34,0,0,0,0.4,risk_path,4,Bot1|Bot2|Bot3|Bot4,,1,0
446,0.75,75,440,846446360,2130916755,3634,0.646044,496,1358,39-19,71-58,53-21,79,71,24,16,73,55,1,0,1,79,0,,94,1,79,15,1,button,1,79,79,0,4,0,1.0000,2271,0.022265,-1,-1,button,1,79,79,0,4,0,1.0000,2271,0.054073,,-1,button,1,79,79,0,4,0,1.0000,2271,0.083979,-1,,button,1,79,79,0,3,0,1.0000,2271,7.319507,32,32,79,9,0,0,0.99,risk_path,4,Bot1|Bot2|Bot3|Bot4,,1,0
447,0.75,75,440,779460035,79676451,3647,0.648356,502,1429,35-37,33-67,8-44,46,32,60,34,56,48,0,0,1,46,1,46,77,1,46,31,1,button,1,46,46,0,31,0,1.0000,639,0.003514,-1,-1,button,1,46,46,0,31,0,1.0000,639,0.007711,,-1,button,1,46,46,0,31,0,1.0000,639,0.011436,-1,,button,1,46,46,0,31,0,1.0000,639,3.357572,-1,-1,46,0,0,0,0.4,risk_path,4,Bot1|Bot2|Bot3|Bot4,,1,0
448,0.75,75,440,1123366057,3344577641,3660,0.650667,494,1419,30-32,27-34,73-46,11,5,79,57,84,58,0,0,1,11,1,11,103,1,11,92,1,button,1,11,11,0,88,0,1.0000,30,0.000206,-1,-1,button,1,11,11,0,88,0,1.0000,30,0.000334,,-1,button,1,11,11,0,88,0,1.0000,30,0.000410,-1,,button,1,11,11,0,88,0,1.0000,30,0.282381,-1,-1,11,0,0,0,0.4,risk_path,4,Bot1|Bot2|Bot3|Bot4,,1,0
449,0.75,75,440,2060266283,3682968219,3648,0.648533,502,1416,66-6,7-5,44-56,86,60,86,72,98,88,0,0,1,86,1,86,122,1,86,36,1,button,1,86,86,0,36,0,1.0000,2376,0.026051,-1,-1,button,1,86,86,0,36,0,1.0000,2376,0.042496,,-1,button,1,86,86,0,36,0,1.0000,2376,0.075873,-1,,button,1,86,86,0,36,0,1.0000,2376,7.963337,-1,-1,86,0,0,0,0.4,risk_path,4,Bot1|Bot2|Bot3|Bot4,,1,0
450,0.75,75,440,3271714734,783943413,3641,0.647289,494,1354,33-11,36-11,36-6,3,3,8,8,5,5,0,0,1,3,1,3,5,1,3,2,1,button,1,3,3,0,2,0,1.0000,7,0.000074,-1,-1,button,1,3,3,0,2,0,1.0000,7,0.000072,,-1,button,1,3,3,0,2,0,1.0000,7,0.000093,-1,,button,1,3,3,0,2,0,1.0000,7,0.058492,-1,-1,3,0,0,0,0.4,risk_path,4,Bot1|Bot2|Bot3|Bot4,,1,0
451,0.75,75,440,1682450521,2218722123,3650,0.648889,500,1388,63-74,74-28,41-74,67,57,62,22,85,79,0,0,1,67,1,67,113,1,67,46,1,button,1,67,67,0,45,0,1.0000,979,0.007327,-1,-1,button,1,67,67,0,45,0,1.0000,979,0.015574,,-1,button,1,67,67,0,45,0,1.0000,979,0.024108,-1,,button,1,67,67,0,45,0,1.0000,979,6.076399,42,42,67,0,0,0,0.4,risk_path,4,Bot1|Bot2|Bot3|Bot4,,1,0
452,0.75,75,440,4253021220,2834508363,3667,0.651911,506,1400,26-8,16-57,57-74,77,59,103,97,70,58,1,0,1,77,0,,85,1,77,8,1,button,1,77,77,0,8,0,1.0000,1389,0.014687,-1,-1,button,1,77,77,0,8,0,1.0000,1389,0.035932,,-1,button,1,77,77,0,8,0,1.0000,1389,0.059180,-1,,button,1,77,77,0,8,0,1.0000,1389,8.394837,1,1,77,30,0,0,0.99,risk_path,4,Bot1|Bot2|Bot3|Bot4,,1,0
453,0.75,75,440,2952658635,970395582,3617,0.643022,500,1329,73-24,20-35,66-32,74,64,55,15,63,49,1,0,1,74,0,,76,0,,,0,walked_into_fire,0,31,31,0,-2,43,0.4189,235,0.001900,30,29,fire_reached_bot,0,53,48,5,0,54,0.2703,780,0.022736,,29,fire_reached_bot,0,53,48,5,0,54,0.2703,780,0.031034,29,,fire_reached_bot,0,53,48,5,0,54,0.2703,780,6.843618,-1,29,53,0,48,5,,no_path,0,,Bot1|Bot2|Bot3|Bot4,0,1
454,0.75,75,440,473146384,3945293444,3628,0.644978,501,1342,49-65,65-42,31-59,53,39,28,24,65,51,0,0,1,53,1,53,78,1,53,25,1,button,1,53,53,0,20,0,1.0000,1431,0.008966,-1,-1,button,1,53,53,0,20,0,1.0000,1431,0.016542,,-1,button,1,53,53,0,20,0,1.0000,1431,0.027766,-1,,button,1,53,53,0,20,0,1.0000,1431,4.281150,24,24,53,0,0,0,0.4,risk_path,4,Bot1|Bot2|Bot3|Bot4,,1,0
455,0.75,75,440,2903495406,1402952168,3639,0.646933,510,1381,26-31,73-0,14-53,80,78,44,34,112,112,0,0,1,80,1,80,134,1,80,54,1,button,1,80,80,0,49,0,1.0000,2137,0.020692,-1,-1,button,1,80,80,0,49,0,1.0000,2137,0.042646,,-1,button,1,80,80,0,49,0,1.0000,2137,0.076509,-1,,button,1,80,80,0,47,0,1.0000,2137,6.722432,37,37,80,0,0,0,0.4,risk_path,4,Bot1|Bot2|Bot3|Bot4,,1,0
456,0.75,75,440,1612596313,1606830779,3651,0.649067,494,1390,61-73,9-34,31-53,97,91,56,50,41,41,1,0,1,97,0,,51,0,,,0,fire_reached_bot,0,35,35,0,0,62,0.3608,560,0.003075,33,33,fire_reached_bot,0,43,43,0,0,56,0.4227,886,0.027936,,-1,fire_reached_bot,0,43,43,0,0,56,0.4227,886,0.040216,-1,,fire_reached_bot,0,43,43,0,0,56,0.4227,886,6.716660,-1,-1,43,0,43,0,,shortest_path_fallback,0,,Bot1|Bot2|Bot3|Bot4,0,1
457,0.75,75,440,2590130515,196957734,3647,0.648356,507,1384,54-67,36-66,67-8,27,19,114,72,103,89,0,0,1,27,1,27,127,1,27,100,1,button,1,27,27,0,99,0,1.0000,243,0.001109,-1,-1,button,1,27,27,0,99,0,1.0000,243,0.002521,,-1,button,1,27,27,0,99,0,1.0000,243,0.004318,-1,,button,1,27,27,0,99,0,1.0000,243,1.402623,6,6,27,0,0,0,0.4,risk_path,4,Bot1|Bot2|Bot3|Bot4,,1,0
458,0.75,75,440,3410208556,1748041653,3630,0.645333,504,1401,43-42,53-52,35-68,20,20,44,34,38,34,0,0,1,20,1,20,51,1,20,31,1,button,1,20,20,0,30,0,1.0000,172,0.000656,-1,-1,button,1,20,20,0,30,0,1.0000,172,0.001135,,-1,button,1,20,20,0,30,0,1.0000,172,0.002124,-1,,button,1,20,20,0,30,0,1.0000,172,0.939554,1,1,20,0,0,0,0.4,risk_path,4,Bot1|Bot2|Bot3|Bot4,,1,0
459,0.75,75,440,1944609791,705594675,3674,0.653156,521,1406,73-3,42-69,11-71,103,97,132,130,43,33,1,0,1,103,0,,57,0,,,0,walked_into_fire,0,81,81,0,-23,22,0.7864,,0.012869,58,58,fire_reached_bot,0,98,57,41,-40,46,0.5534,,0.198232,,-1,fire_reached_bot,0,98,57,41,-40,46,0.5534,,0.378121,-1,,fire_reached_bot,0,98,57,41,-40,46,0.5534,,11.349118,-1,-1,98,0,57,41,,no_path,0,,Bot1|Bot2|Bot3|Bot4,0,1
460,0.75,75,440,3380480183,1588023217,3661,0.650844,511,1422,4-70,35-43,9-64,60,58,11,11,49,47,1,0,1,60,0,,58,0,,,0,walked_into_fire,0,9,9,0,-1,51,0.1500,48,0.000689,8,8,fire_reached_bot,0,13,12,1,0,54,0.1000,122,0.004907,,-1,fire_reached_bot,0,13,12,1,0,54,0.1000,122,0.005164,-1,,fire_reached_bot,0,13,12,1,0,54,0.1000,122,2.598783,-1,-1,13,0,12,1,,no_path,0,,Bot1|Bot2|Bot3|Bot4,0,1
461,0.75,75,440,545968031,3785375886,3639,0.646933,498,1365,43-6,61-58,1-42,76,70,84,78,86,76,0,0,1,76,1,76,105,1,76,29,1,button,1,76,76,0,28,0,1.0000,1541,0.013023,-1,-1,button,1,76,76,0,28,0,1.0000,1541,0.033315,,-1,button,1,76,76,0,28,0,1.0000,1541,0.055183,-1,,button,1,76,76,0,28,0,1.0000,1541,7.130983,43,43,76,0,0,0,0.4,risk_path,4,Bot1|Bot2|Bot3|Bot4,,1,0
462,0.75,75,440,3450460134,238140626,3636,0.646400,504,1363,56-10,14-8,20-65,68,44,93,91,83,63,0,0,1,68,1,68,106,1,68,38,1,button,1,68,68,0,38,0,1.0000,1457,0.011358,-1,-1,button,1,68,68,0,38,0,1.0000,1457,0.021994,,-1,button,1,68,68,0,38,0,1.0000,1457,0.035136,-1,,button,1,68,68,0,38,0,1.0000,1457,6.113647,-1,-1,68,0,0,0,0.4,risk_path,4,Bot1|Bot2|Bot3|Bot4,,1,0
463,0.75,75,440,1149964191,3065534945,3643,0.647644,509,1362,40-25,17-31,0-32,35,29,63,47,36,18,0,0,1,35,1,35,42,1,35,7,1,button,1,35,35,0,7,0,1.0000,285,0.001310,-1,-1,button,1,35,35,0,7,0,1.0000,285,0.003692,,-1,button,1,35,35,0,7,0,1.0000,285,0.004730,-1,,button,1,35,35,0,7,0,1.0000,285,2.076102,2,2,35,0,0,0,0.4,risk_path,4,Bot1|Bot2|Bot3|Bot4,,1,0
464,0.75,75,440,2588932194,3317267967,3638,0.646756,502,1370,62-19,40-53,74-66,68,56,83,59,61,47,1,0,1,68,0,,75,1,68,7,1,button,1,68,68,0,6,0,1.0000,593,0.004348,-1,-1,button,1,68,68,0,6,0,1.0000,593,0.020237,,-1,button,1,68,68,0,6,0,1.0000,593,0.027133,-1,,button,1,68,68,0,6,0,1.0000,593,8.017969,-1,-1,68,7,0,0,0.99,risk_path,4,Bot1|Bot2|Bot3|Bot4,,1,0
465,0.75,75,440,283204915,3485829726,3629,0.645156,508,1367,64-59,65-68,21-63,12,10,71,47,71,49,0,0,1,12,1,12,93,1,12,81,1,button,1,12,12,0,80,0,1.0000,45,0.000213,-1,-1,button,1,12,12,0,80,0,1.0000,45,0.000344,,-1,button,1,12,12,0,80,0,1.0000,45,0.000582,-1,,button,1,12,12,0,80,0,1.0000,45,0.352629,-1,-1,12,0,0,0,0.4,risk_path,4,Bot1|Bot2|Bot3|Bot4,,1,0
466,0.75,75,440,519884690,3415390693,3660,0.650667,498,1397,42-44,2-19,17-64,65,65,47,45,82,60,0,0,1,65,1,65,101,1,65,36,1,button,1,65,65,0,31,0,1.0000,1231,0.009491,-1,-1,button,1,65,65,0,31,0,1.0000,1231,0.020438,,-1,button,1,65,65,0,31,0,1.0000,1231,0.033570,-1,,button,1,65,65,0,31,0,1.0000,1231,5.758441,-1,-1,65,0,0,0,0.4,risk_path,4,Bot1|Bot2|Bot3|Bot4,,1,0
467,0.75,75,440,3826963234,2865125719,3651,0.649067,514,1442,46-13,18-38,44-2,53,53,13,13,62,62,0,0,1,53,1,53,75,1,53,22,1,button,1,53,53,0,11,0,1.0000,878,0.004863,-1,-1,button,1,53,53,0,11,0,1.0000,878,0.007989,,-1,button,1,53,53,0,11,0,1.0000,878,0.013642,-1,,button,1,53,53,0,11,0,1.0000,878,3.983945,-1,-1,53,0,0,0,0.4,risk_path,4,Bot1|Bot2|Bot3|Bot4,,1,0
468,0.75,75,440,4243052957,3832579543,3655,0.649778,512,1362,20-47,35-34,1-59,40,28,31,31,67,59,0,0,1,40,1,40,76,1,40,36,1,button,1,40,40,0,31,0,1.0000,402,0.002123,-1,-1,button,1,40,40,0,31,0,1.0000,402,0.006858,,-1,button,1,40,40,0,31,0,1.0000,402,0.010156,-1,,button,1,40,40,0,31,0,1.0000,402,2.647929,11,11,40,0,0,0,0.4,risk_path,4,Bot1|Bot2|Bot3|Bot4,,1,0
469,0.75,75,440,2512400746,3515949097,3651,0.649067,508,1372,72-67,69-59,59-74,27,11,22,20,29,25,0,0,1,27,1,27,40,1,27,13,1,button,1,27,27,0,10,0,1.0000,191,0.000976,-1,-1,button,1,27,27,0,10,0,1.0000,191,0.002591,,-1,button,1,27,27,0,10,0,1.0000,191,0.003535,-1,,button,1,27,27,0,10,0,1.0000,191,1.318004,-1,-1,27,0,0,0,0.4,risk_path,4,Bot1|Bot2|Bot3|Bot4,,1,0
470,0.75,75,440,3413718978,1893227172,3673,0.652978,501,1432,59-29,30-55,41-69,67,55,72,58,33,25,1,0,1,67,0,,48,0,,,0,walked_into_fire,0,48,48,0,-1,19,0.7164,645,0.004029,37,37,fire_reached_bot,0,68,44,24,-19,35,0.4776,,0.117196,,-1,fire_reached_bot,0,68,44,24,-19,35,0.4776,,0.237726,-1,,fire_reached_bot,0,68,44,24,-19,35,0.4776,,7.081076,-1,-1,68,0,44,24,,no_path,0,,Bot1|Bot2|Bot3|Bot4,0,1
471,0.75,75,440,503817407,3717343413,3672,0.652800,514,1425,13-45,72-30,24-35,84,74,23,21,75,53,1,0,1,84,0,,92,0,,,0,fire_reached_bot,0,16,16,0,0,68,0.1905,121,0.001567,-1,16,fire_reached_bot,0,16,16,0,0,68,0.1905,121,0.012485,,16,fire_reached_bot,0,21,19,2,0,73,0.1310,249,0.023368,16,,fire_reached_bot,0,16,16,0,0,68,0.1905,121,2.507801,-1,16,16,0,16,0,,shortest_path_fallback,0,,Bot1|Bot2|Bot3|Bot4,0,1
472,0.75,75,440,2819638129,3975689994,3623,0.644089,510,1354,74-33,36-23,31-36,66,48,70,46,34,18,1,0,1,66,0,,40,0,,,0,walked_into_fire,0,49,49,0,-8,17,0.7424,,0.004962,41,41,fire_reached_bot,0,58,40,18,-17,26,0.6061,,0.088523,,-1,fire_reached_bot,0,58,40,18,-17,26,0.6061,,0.182138,-1,,fire_reached_bot,0,58,40,18,-17,26,0.6061,,5.198246,-1,-1,58,0,40,18,,no_path,0,,Bot1|Bot2|Bot3|Bot4,0,1
473,0.75,75,440,2272994969,415899555,3671,0.652622,516,1414,5-54,58-0,43-33,113,107,75,59,50,48,1,0,1,113,0,,62,0,,,0,walked_into_fire,0,44,44,0,-1,69,0.3894,931,0.005474,34,33,fire_reached_bot,0,59,53,6,0,84,0.2566,1852,0.072533,,33,fire_reached_bot,0,61,53,8,0,84,0.2566,1968,0.104700,33,,fire_reached_bot,0,59,53,6,0,84,0.2566,1852,8.764697,-1,33,59,0,53,6,,no_path,0,,Bot1|Bot2|Bot3|Bot4,0,1
474,0.75,75,440,3800817311,3697787141,3626,0.644622,492,1343,5-7,13-60,73-20,75,61,97,81,102,100,0,0,1,75,1,75,121,1,75,46,1,button,1,75,75,0,41,0,1.0000,1493,0.012248,-1,-1,button,1,75,75,0,41,0,1.0000,1493,0.029907,,-1,button,1,75,75,0,41,0,1.0000,1493,0.048556,-1,,button,1,75,75,0,41,0,1.0000,1493,7.584463,12,12,75,0,0,0,0.4,risk_path,4,Bot1|Bot2|Bot3|Bot4,,1,0
475,0.75,75,440,3913921988,874549696,3647,0.648356,511,1362,56-1,38-43,52-0,66,60,15,5,67,57,0,0,1,66,1,66,84,1,66,18,1,button,1,66,66,0,7,0,1.0000,1028,0.007626,-1,-1,button,1,66,66,0,7,0,1.0000,1028,0.020794,,-1,button,1,66,66,0,7,0,1.0000,1028,0.030092,-1,,button,1,66,66,0,7,0,1.0000,1028,6.080604,-1,-1,66,0,0,0,0.4,risk_path,4,Bot1|Bot2|Bot3|Bot4,,1,0
476,0.75,75,440,2149910873,4090412208,3621,0.643733,513,1361,26-55,26-4,18-31,83,51,34,32,49,35,1,0,1,83,0,,65,0,,,0,walked_into_fire,0,33,33,0,-1,50,0.3976,405,0.003289,33,33,fire_reached_bot,0,49,47,2,0,54,0.3494,1154,0.035881,,-1,fire_reached_bot,0,49,47,2,0,54,0.3494,1154,0.048150,-1,,fire_reached_bot,0,49,47,2,0,54,0.3494,1154,7.192916,-1,-1,49,0,47,2,,no_path,0,,Bot1|Bot2|Bot3|Bot4,0,1
477,0.75,75,440,2557168548,667988557,3659,0.650489,494,1407,58-32,54-42,13-19,30,14,66,58,80,64,0,0,1,30,1,30,102,1,30,72,1,button,1,30,30,0,71,0,1.0000,367,0.001560,-1,-1,button,1,30,30,0,71,0,1.0000,367,0.003328,,-1,button,1,30,30,0,71,0,1.0000,367,0.004669,-1,,button,1,30,30,0,71,0,1.0000,367,1.618363,27,27,30,0,0,0,0.4,risk_path,4,Bot1|Bot2|Bot3|Bot4,,1,0
478,0.75,75,440,364875584,1296068607,3621,0.643733,496,1338,45-17,14-59,55-11,91,73,20,16,105,89,0,0,1,91,1,91,128,1,91,37,1,button,1,91,91,0,25,0,1.0000,2110,0.025800,-1,-1,button,1,91,91,0,25,0,1.0000,2110,0.079304,,-1,button,1,91,91,0,25,0,1.0000,2110,0.117753,-1,,button,1,91,91,0,25,0,1.0000,2110,8.719101,-1,-1,91,0,0,0,0.4,risk_path,4,Bot1|Bot2|Bot3|Bot4,,1,0
479,0.75,75,440,1145681825,3225904011,3615,0.642667,492,1333,39-32,63-60,60-51,54,52,42,40,14,12,1,0,1,54,0,,20,0,,,0,walked_into_fire,0,29,29,0,-8,25,0.5370,,0.001541,21,21,fire_reached_bot,0,38,20,18,-17,34,0.3704,,0.069685,,-1,fire_reached_bot,0,38,20,18,-17,34,0.3704,,0.140710,-1,,fire_reached_bot,0,38,20,18,-17,34,0.3704,,2.968203,-1,-1,38,0,20,18,,no_path,0,,Bot1|Bot2|Bot3|Bot4,0,1
480,0.75,75,440,348230519,1372939948,3638,0.646756,505,1386,59-43,51-1,23-1,54,50,82,78,52,28,1,0,1,54,0,,68,1,54,14,1,button,1,54,54,0,12,0,1.0000,744,0.004324,-1,-1,button,1,54,54,0,12,0,1.0000,744,0.010448,,-1,button,1,54,54,0,12,0,1.0000,744,0.016481,-1,,button,1,54,54,0,12,0,1.0000,744,4.189922,-1,-1,54,0,0,0,0.4,risk_path,4,Bot1|Bot2|Bot3|Bot4,,1,0
481,0.75,75,440,1613761028,1186564994,3628,0.644978,490,1360,42-69,73-38,64-51,70,62,44,40,32,22,1,0,1,70,0,,40,0,,,0,walked_into_fire,0,26,26,0,-1,44,0.3714,307,0.002002,21,21,fire_reached_bot,0,41,37,4,0,41,0.4143,,0.036714,,-1,fire_reached_bot,0,41,37,4,0,41,0.4143,,0.064173,-1,,fire_reached_bot,0,41,37,4,0,41,0.4143,,5.273945,-1,-1,41,0,37,4,,no_path,0,,Bot1|Bot2|Bot3|Bot4,0,1
482,0.75,75,440,2244013405,2091786480,3633,0.645867,501,1376,17-42,31-61,59-17,39,33,75,67,92,72,0,0,1,39,1,39,117,1,39,78,1,button,1,39,39,0,78,0,1.0000,675,0.003305,-1,-1,button,1,39,39,0,78,0,1.0000,675,0.007362,,-1,button,1,39,39,0,78,0,1.0000,675,0.011268,-1,,button,1,39,39,0,78,0,1.0000,675,2.402459,10,10,39,0,0,0,0.4,risk_path,4,Bot1|Bot2|Bot3|Bot4,,1,0
483,0.75,75,440,944778932,1478825027,3640,0.647111,504,1358,32-47,39-21,6-61,37,33,54,40,91,73,0,0,1,37,1,37,116,1,37,79,1,button,1,37,37,0,66,0,1.0000,318,0.001424,-1,-1,button,1,37,37,0,66,0,1.0000,318,0.003135,,-1,button,1,37,37,0,66,0,1.0000,318,0.004981,-1,,button,1,37,37,0,66,0,1.0000,318,2.218781,7,7,37,0,0,0,0.4,risk_path,4,Bot1|Bot2|Bot3|Bot4,,1,0
484,0.75,75,440,575576,2379172882,3653,0.649422,507,1391,49-28,31-22,13-1,24,24,65,63,41,39,0,0,1,24,1,24,60,1,24,36,1,button,1,24,24,0,36,0,1.0000,96,0.000447,-1,-1,button,1,24,24,0,36,0,1.0000,96,0.001213,,-1,button,1,24,24,0,36,0,1.0000,96,0.004739,-1,,button,1,24,24,0,36,0,1.0000,96,0.976442,-1,-1,24,0,0,0,0.4,risk_path,4,Bot1|Bot2|Bot3|Bot4,,1,0
485,0.75,75,440,2872471504,826922753,3634,0.646044,499,1374,45-66,31-68,39-51,22,16,25,21,29,25,0,0,1,22,1,22,38,1,22,16,1,button,1,22,22,0,16,0,1.0000,192,0.000715,-1,-1,button,1,22,22,0,16,0,1.0000,192,0.001381,,-1,button,1,22,22,0,16,0,1.0000,192,0.002018,-1,,button,1,22,22,0,16,0,1.0000,192,0.809401,1,1,22,0,0,0,0.4,risk_path,4,Bot1|Bot2|Bot3|Bot4,,1,0
486,0.75,75,440,2028298929,2150041132,3626,0.644622,502,1364,44-42,46-42,65-27,8,2,42,36,36,34,0,0,1,8,1,8,42,1,8,34,1,button,1,8,8,0,34,0,1.0000,20,0.000144,-1,-1,button,1,8,8,0,34,0,1.0000,20,0.000218,,-1,button,1,8,8,0,34,0,1.0000,20,0.000273,-1,,button,1,8,8,0,34,0,1.0000,20,0.177131,-1,-1,8,0,0,0,0.4,risk_path,4,Bot1|Bot2|Bot3|Bot4,,1,0
487,0.75,75,440,2834803892,1468566193,3640,0.647111,512,1367,16-6,32-47,25-59,69,57,88,62,23,19,1,0,1,69,0,,27,0,,,0,fire_reached_bot,0,48,48,0,-20,21,0.6957,,0.003913,24,24,fire_reached_bot,0,77,23,54,-49,46,0.3333,,0.212470,,-1,fire_reached_bot,0,77,23,54,-49,46,0.3333,,0.445432,-1,,fire_reached_bot,0,77,23,54,-49,46,0.3333,,3.712953,-1,-1,77,0,23,54,,no_path,0,,Bot1|Bot2|Bot3|Bot4,0,1
488,0.75,75,440,1595770306,3510375444,3647,0.648356,509,1358,34-49,38-18,27-62,53,35,40,20,81,55,0,0,1,53,1,53,106,1,53,53,1,button,1,53,53,0,47,0,1.0000,953,0.005904,-1,-1,button,1,53,53,0,47,0,1.0000,953,0.014031,,-1,button,1,53,53,0,47,0,1.0000,953,0.020157,-1,,button,1,53,53,0,47,0,1.0000,953,4.069915,4,4,53,0,0,0,0.4,risk_path,4,Bot1|Bot2|Bot3|Bot4,,1,0
489,0.75,75,440,4171940784,3372629387,3636,0.646400,499,1366,69-26,7-39,72-72,87,75,81,49,106,98,0,0,1,87,1,87,137,1,87,50,1,button,1,87,87,0,36,0,1.0000,1243,0.011468,-1,-1,button,1,87,87,0,36,0,1.0000,1243,0.043946,,-1,button,1,87,87,0,36,0,1.0000,1243,0.056259,-1,,button,1,87,87,0,41,0,1.0000,1243,10.486269,24,24,87,0,0,0,0.4,risk_path,4,Bot1|Bot2|Bot3|Bot4,,1,0
490,0.75,75,440,3646037766,3925754981,3637,0.646578,497,1370,8-53,48-10,13-11,87,83,61,47,62,36,1,0,1,87,0,,77,0,,,0,walked_into_fire,0,80,80,0,-2,7,0.9195,,0.012886,76,76,fire_reached_bot,0,78,75,3,0,12,0.8621,,0.050448,,-1,fire_reached_bot,0,78,75,3,0,12,0.8621,,0.078735,-1,,fire_reached_bot,0,78,75,3,0,12,0.8621,,10.578447,-1,-1,78,0,75,3,,no_path,0,,Bot1|Bot2|Bot3|Bot4,0,1
491,0.75,75,440,1715550879,3700416209,3644,0.647822,514,1416,15-65,62-11,56-66,107,101,64,42,87,61,1,0,1,107,0,,109,0,,,0,fire_reached_bot,0,60,60,0,0,47,0.5607,1095,0.010634,60,60,fire_reached_bot,0,87,87,0,0,22,0.7944,1897,0.078428,,86,fire_reached_bot,0,89,87,2,0,24,0.7757,1970,0.108177,86,,fire_reached_bot,0,87,87,0,0,22,0.7944,1897,13.147200,-1,86,87,4,83,0,0.99,shortest_path_fallback,0,,Bot1|Bot2|Bot3|Bot4,0,1
492,0.75,75,440,1948605556,4065344269,3640,0.647111,507,1371,51-69,52-25,18-50,63,45,52,52,61,59,1,0,1,63,0,,72,1,63,9,1,button,1,63,63,0,9,0,1.0000,1726,0.013109,-1,-1,button,1,63,63,0,9,0,1.0000,1726,0.025267,,-1,button,1,63,63,0,9,0,1.0000,1726,0.042845,-1,,button,1,63,63,0,9,0,1.0000,1726,4.788174,13,13,63,0,0,0,0.4,risk_path,4,Bot1|Bot2|Bot3|Bot4,,1,0
493,0.75,75,440,627320740,1943041704,3628,0.644978,504,1383,15-31,53-41,42-35,54,48,37,31,17,17,1,1,1,58,0,,20,0,,,0,walked_into_fire,0,21,21,0,-1,33,0.3889,180,0.001348,17,21,fire_reached_bot,0,25,20,5,-4,36,0.3333,,0.036622,,17,fire_reached_bot,0,23,20,3,-2,34,0.3704,,0.049133,17,,fire_reached_bot,0,25,20,5,-4,36,0.3333,,3.045056,-1,17,25,0,20,5,,no_path,0,,Bot1|Bot2|Bot3|Bot4,0,1
494,0.75,75,440,3909912075,2078630651,3651,0.649067,498,1390,32-62,42-47,11-0,29,25,101,83,82,78,0,0,1,29,1,29,95,1,29,66,1,button,1,29,29,0,66,0,1.0000,223,0.000995,-1,-1,button,1,29,29,0,66,0,1.0000,223,0.002018,,-1,button,1,29,29,0,66,0,1.0000,223,0.003390,-1,,button,1,29,29,0,66,0,1.0000,223,1.466794,-1,-1,29,0,0,0,0.4,risk_path,4,Bot1|Bot2|Bot3|Bot4,,1,0
495,0.75,75,440,1510466362,86062878,3646,0.648178,503,1410,1-6,28-20,9-50,43,41,82,52,65,49,0,0,1,43,1,43,82,1,43,39,1,button,1,43,43,0,39,0,1.0000,479,0.002524,-1,-1,button,1,43,43,0,39,0,1.0000,479,0.006353,,-1,button,1,43,43,0,39,0,1.0000,479,0.010500,-1,,button,1,43,43,0,39,0,1.0000,479,2.999617,24,24,43,0,0,0,0.4,risk_path,4,Bot1|Bot2|Bot3|Bot4,,1,0
496,0.75,75,440,1673293873,26139537,3663,0.651200,514,1389,47-11,12-26,34-36,62,50,44,38,46,32,1,0,1,62,0,,52,0,,,0,fire_reached_bot,0,57,57,0,-4,5,0.9194,,0.010569,53,53,fire_reached_bot,0,59,52,7,-6,10,0.8387,,0.030257,,-1,fire_reached_bot,0,59,52,7,-6,10,0.8387,,0.050964,-1,,fire_reached_bot,0,59,52,7,-6,10,0.8387,,4.761742,-1,-1,59,0,52,7,,no_path,0,,Bot1|Bot2|Bot3|Bot4,0,1
497,0.75,75,440,475465390,3774680164,3640,0.647111,505,1390,35-60,0-27,45-26,72,68,48,44,60,46,1,0,1,72,0,,73,0,,,0,fire_reached_bot,0,49,49,0,0,23,0.6806,1329,0.007463,49,48,fire_reached_bot,0,65,60,5,0,36,0.5000,2188,0.032783,,48,fire_reached_bot,0,62,60,2,0,38,0.4722,2040,0.054143,48,,fire_reached_bot,0,65,60,5,0,36,0.5000,2188,6.411722,-1,48,65,16,44,5,0.99,no_path,0,,Bot1|Bot2|Bot3|Bot4,0,1
498,0.75,75,440,662792833,1871343044,3645,0.648000,508,1402,32-8,35-37,6-34,48,32,60,52,40,32,1,0,1,48,0,,51,0,,,0,fire_reached_bot,0,43,43,0,0,5,0.8958,639,0.003457,-1,42,fire_reached_bot,0,43,43,0,0,5,0.8958,639,0.012004,,42,fire_reached_bot,0,51,49,2,0,15,0.6875,924,0.040880,42,,fire_reached_bot,0,43,43,0,0,5,0.8958,639,3.789355,39,39,43,15,22,0,0.99,risk_path,0,,Bot1|Bot2|Bot3|Bot4,0,1
499,0.75,75,440,2014376753,1909772166,3652,0.649244,495,1363,33-38,36-40,60-38,5,5,57,27,54,26,0,0,1,5,1,5,75,1,5,70,1,button,1,5,5,0,70,0,1.0000,10,0.000085,-1,-1,button,1,5,5,0,70,0,1.0000,10,0.000103,,-1,button,1,5,5,0,70,0,1.0000,10,0.000177,-1,,button,1,5,5,0,70,0,1.0000,10,0.111176,-1,-1,5,0,0,0,0.4,risk_path,4,Bot1|Bot2|Bot3|Bot4,,1,0
