scenario_id,q,grid_size,seed,layout_seed,fire_seed,open_cells,open_fraction,dead_ends,junctions,start,button,fire_start,start_button_dist,start_button_manhattan,start_fire_dist,start_fire_manhattan,button_fire_dist,button_fire_manhattan,fire_closer_to_button,fire_start_on_shortest_path,path_exists_avoiding_fire_start,bot1_path_len,guaranteed_win,guaranteed_win_route_len,fire_button_time,oracle_win,oracle_route_len,oracle_margin,bot1_predicted_win,Bot1_result,Bot1_success,Bot1_steps,Bot1_moves,Bot1_waits,Bot1_min_slack,Bot1_final_dist_to_button,Bot1_progress_to_button,Bot1_fire_cells_at_end,Bot1_trial_seconds,Bot1_diverges_from_Bot2,Bot1_diverges_from_Bot3,Bot2_result,Bot2_success,Bot2_steps,Bot2_moves,Bot2_waits,Bot2_min_slack,Bot2_final_dist_to_button,Bot2_progress_to_button,Bot2_fire_cells_at_end,Bot2_trial_seconds,Bot2_diverges_from_Bot2,Bot2_diverges_from_Bot3,Bot3_result,Bot3_success,Bot3_steps,Bot3_moves,Bot3_waits,Bot3_min_slack,Bot3_final_dist_to_button,Bot3_progress_to_button,Bot3_fire_cells_at_end,Bot3_trial_seconds,Bot3_diverges_from_Bot2,Bot3_diverges_from_Bot3,Bot4_result,Bot4_success,Bot4_steps,Bot4_moves,Bot4_waits,Bot4_min_slack,Bot4_final_dist_to_button,Bot4_progress_to_button,Bot4_fire_cells_at_end,Bot4_trial_seconds,Bot4_diverges_from_Bot2,Bot4_diverges_from_Bot3,Bot4_plan_count,Bot4_relaxed_count,Bot4_fallback_count,Bot4_no_path_count,Bot4_max_active_threshold,Bot4_final_strategy,n_bots_succeeded,succeeded_bots,failed_bots,all_bots_succeeded,all_bots_failed
0,0.85,75,440,1268951711,594470288,3627,0.644800,505,1370,17-28,16-61,4-73,52,34,68,58,26,24,1,0,1,52,0,,29,0,,,0,walked_into_fire,0,38,38,0,-8,14,0.7308,,0.001835,28,28,fire_reached_bot,0,49,27,22,-19,25,0.5192,,0.105769,,-1,fire_reached_bot,0,49,27,22,-19,25,0.5192,,0.238039,-1,,fire_reached_bot,0,49,27,22,-19,25,0.5192,,3.887451,-1,-1,49,0,27,22,,no_path,0,,Bot1|Bot2|Bot3|Bot4,0,1
1,0.85,75,440,2520073151,427107123,3637,0.646578,501,1318,1-73,6-66,34-48,14,12,72,58,60,46,0,0,1,14,1,14,66,1,14,52,1,button,1,14,14,0,52,0,1.0000,62,0.000211,-1,-1,button,1,14,14,0,52,0,1.0000,62,0.000462,,-1,button,1,14,14,0,52,0,1.0000,62,0.000617,-1,,button,1,14,14,0,52,0,1.0000,62,0.402620,12,12,14,0,0,0,0.4,risk_path,4,Bot1|Bot2|Bot3|Bot4,,1,0
2,0.85,75,440,1257125778,1539091741,3644,0.647822,495,1360,33-34,5-11,72-13,55,51,74,60,93,69,0,0,1,55,1,55,104,1,55,49,1,button,1,55,55,0,48,0,1.0000,895,0.005281,-1,-1,button,1,55,55,0,48,0,1.0000,895,0.013010,,-1,button,1,55,55,0,48,0,1.0000,895,0.020331,-1,,button,1,55,55,0,48,0,1.0000,895,4.352251,-1,-1,55,0,0,0,0.4,risk_path,4,Bot1|Bot2|Bot3|Bot4,,1,0
3,0.85,75,440,3219619760,4192021694,3647,0.648356,513,1356,57-62,26-5,53-47,110,88,43,19,75,69,1,0,1,110,0,,88,0,,,0,walked_into_fire,0,27,27,0,-1,83,0.2455,358,0.002680,27,26,fire_reached_bot,0,28,27,1,0,85,0.2273,419,0.032660,,26,fire_reached_bot,0,28,27,1,0,87,0.2091,419,0.034243,26,,fire_reached_bot,0,28,27,1,0,85,0.2273,419,4.026457,-1,26,28,0,27,1,,no_path,0,,Bot1|Bot2|Bot3|Bot4,0,1
4,0.85,75,440,4248281429,536808686,3633,0.645867,506,1351,44-73,59-42,40-8,54,46,87,69,57,53,0,0,1,54,1,54,67,1,54,13,1,button,1,54,54,0,12,0,1.0000,1323,0.007281,-1,-1,button,1,54,54,0,12,0,1.0000,1323,0.014164,,-1,button,1,54,54,0,12,0,1.0000,1323,0.022266,-1,,button,1,54,54,0,12,0,1.0000,1323,3.844328,10,10,54,0,0,0,0.4,risk_path,4,Bot1|Bot2|Bot3|Bot4,,1,0
5,0.85,75,440,3037363144,91013559,3636,0.646400,501,1364,0-7,1-17,69-60,65,11,124,122,117,111,0,0,1,65,1,65,136,1,65,71,1,button,1,65,65,0,65,0,1.0000,1301,0.009561,-1,-1,button,1,65,65,0,65,0,1.0000,1301,0.026637,,-1,button,1,65,65,0,65,0,1.0000,1301,0.038508,-1,,button,1,65,65,0,65,0,1.0000,1301,5.694625,-1,-1,65,0,0,0,0.4,risk_path,4,Bot1|Bot2|Bot3|Bot4,,1,0
6,0.85,75,440,1074636703,574306319,3647,0.648356,496,1322,54-62,27-69,48-74,44,34,18,18,28,26,1,0,1,44,0,,32,0,,,0,fire_reached_bot,0,25,25,0,0,19,0.5682,231,0.000965,25,25,fire_reached_bot,0,33,31,2,0,27,0.3864,,0.015972,,-1,fire_reached_bot,0,33,31,2,0,27,0.3864,,0.031118,-1,,fire_reached_bot,0,33,31,2,0,27,0.3864,,3.295130,-1,-1,33,0,31,2,,no_path,0,,Bot1|Bot2|Bot3|Bot4,0,1
7,0.85,75,440,1849467998,3035649632,3658,0.650311,499,1404,22-44,18-46,73-3,6,6,92,92,98,98,0,0,1,6,1,6,105,1,6,99,1,button,1,6,6,0,99,0,1.0000,22,0.000067,-1,-1,button,1,6,6,0,99,0,1.0000,22,0.000115,,-1,button,1,6,6,0,99,0,1.0000,22,0.000142,-1,,button,1,6,6,0,99,0,1.0000,22,0.133998,-1,-1,6,0,0,0,0.4,risk_path,4,Bot1|Bot2|Bot3|Bot4,,1,0
8,0.85,75,440,2909181240,3215246687,3620,0.643556,506,1362,12-1,70-49,6-29,106,106,62,34,92,84,1,0,1,106,0,,105,0,,,0,walked_into_fire,0,61,61,0,-1,45,0.5755,1232,0.007291,61,60,fire_reached_bot,0,62,62,0,0,48,0.5472,1317,0.027499,,60,fire_reached_bot,0,80,77,3,0,33,0.6887,2037,0.058387,60,,fire_reached_bot,0,62,62,0,0,48,0.5472,1317,8.828546,-1,60,62,0,62,0,,shortest_path_fallback,0,,Bot1|Bot2|Bot3|Bot4,0,1
9,0.85,75,440,3923003300,2956249458,3664,0.651378,525,1435,41-54,51-65,1-72,21,21,64,58,71,57,0,0,1,21,1,21,78,1,21,57,1,button,1,21,21,0,57,0,1.0000,104,0.000390,-1,-1,button,1,21,21,0,57,0,1.0000,104,0.000983,,-1,button,1,21,21,0,57,0,1.0000,104,0.001295,-1,,button,1,21,21,0,57,0,1.0000,104,0.808256,7,7,21,0,0,0,0.4,risk_path,4,Bot1|Bot2|Bot3|Bot4,,1,0
10,0.85,75,440,4156351459,864755998,3658,0.650311,493,1376,2-7,26-2,45-26,33,29,64,62,47,43,0,0,1,33,1,33,55,1,33,22,1,button,1,33,33,0,22,0,1.0000,677,0.002302,-1,-1,button,1,33,33,0,22,0,1.0000,677,0.004404,,-1,button,1,33,33,0,22,0,1.0000,677,0.007944,-1,,button,1,33,33,0,22,0,1.0000,677,1.723436,28,28,33,0,0,0,0.4,risk_path,4,Bot1|Bot2|Bot3|Bot4,,1,0
11,0.85,75,440,1031185214,4103681230,3664,0.651378,508,1398,69-16,41-61,63-36,77,73,28,26,51,47,1,0,1,77,0,,56,0,,,0,walked_into_fire,0,16,16,0,-1,61,0.2078,176,0.001226,11,11,fire_reached_bot,0,22,21,1,0,68,0.1169,312,0.013810,,16,fire_reached_bot,0,62,56,6,-5,93,-0.2078,,0.101231,16,,fire_reached_bot,0,22,21,1,0,68,0.1169,312,3.384189,-1,16,22,0,21,1,,no_path,0,,Bot1|Bot2|Bot3|Bot4,0,1
12,0.85,75,440,2377238433,762642544,3645,0.648000,497,1380,5-25,25-21,70-55,52,24,109,95,85,79,0,0,1,52,1,52,99,1,52,47,1,button,1,52,52,0,44,0,1.0000,953,0.005404,-1,-1,button,1,52,52,0,44,0,1.0000,953,0.014771,,-1,button,1,52,52,0,44,0,1.0000,953,0.020745,-1,,button,1,52,52,0,44,0,1.0000,953,4.006483,-1,-1,52,0,0,0,0.4,risk_path,4,Bot1|Bot2|Bot3|Bot4,,1,0
13,0.85,75,440,942222858,1891687492,3628,0.644978,514,1353,17-65,38-60,0-9,40,26,103,73,93,89,0,0,1,40,1,40,105,1,40,65,1,button,1,40,40,0,65,0,1.0000,412,0.001794,-1,-1,button,1,40,40,0,65,0,1.0000,412,0.005026,,-1,button,1,40,40,0,65,0,1.0000,412,0.007073,-1,,button,1,40,40,0,65,0,1.0000,412,2.605290,25,25,40,0,0,0,0.4,risk_path,4,Bot1|Bot2|Bot3|Bot4,,1,0
14,0.85,75,440,1794572316,2153723049,3632,0.645689,513,1338,29-67,13-50,1-15,37,33,80,80,47,47,0,0,1,37,1,37,52,1,37,15,1,button,1,37,37,0,15,0,1.0000,485,0.002049,-1,-1,button,1,37,37,0,15,0,1.0000,485,0.005149,,-1,button,1,37,37,0,15,0,1.0000,485,0.007431,-1,,button,1,37,37,0,15,0,1.0000,485,2.270711,-1,-1,37,0,0,0,0.4,risk_path,4,Bot1|Bot2|Bot3|Bot4,,1,0
15,0.85,75,440,2441200447,3899617149,3635,0.646222,492,1390,6-57,27-10,39-18,76,68,74,72,22,20,1,0,1,76,0,,23,0,,,0,fire_reached_bot,0,40,40,0,-16,36,0.5263,,0.005227,24,24,fire_reached_bot,0,58,23,35,-34,53,0.3026,,0.132034,,-1,fire_reached_bot,0,58,23,35,-34,53,0.3026,,0.273833,-1,,fire_reached_bot,0,58,23,35,-34,53,0.3026,,3.308751,-1,-1,58,0,23,35,,no_path,0,,Bot1|Bot2|Bot3|Bot4,0,1
16,0.85,75,440,1409741764,2153672354,3659,0.650489,494,1408,10-46,25-53,31-39,26,22,36,28,22,20,1,0,1,26,0,,24,0,,,0,fire_reached_bot,0,24,24,0,0,2,0.9231,315,0.000984,-1,-1,fire_reached_bot,0,24,24,0,0,2,0.9231,315,0.002082,,-1,fire_reached_bot,0,24,24,0,0,2,0.9231,315,0.008452,-1,,fire_reached_bot,0,24,24,0,0,2,0.9231,315,1.260206,15,15,24,5,19,0,0.99,shortest_path_fallback,0,,Bot1|Bot2|Bot3|Bot4,0,1
17,0.85,75,440,4196951117,430857384,3656,0.649956,505,1381,14-41,64-28,8-72,71,63,55,37,102,100,0,0,1,71,1,71,112,1,71,41,1,button,1,71,71,0,40,0,1.0000,1020,0.007546,-1,-1,button,1,71,71,0,40,0,1.0000,1020,0.019832,,-1,button,1,71,71,0,40,0,1.0000,1020,0.032022,-1,,button,1,71,71,0,40,0,1.0000,1020,7.470521,24,24,71,0,0,0,0.4,risk_path,4,Bot1|Bot2|Bot3|Bot4,,1,0
18,0.85,75,440,4233149764,1616157659,3637,0.646578,497,1393,11-0,16-18,0-66,29,23,99,77,86,64,0,0,1,29,1,29,98,1,29,69,1,button,1,29,29,0,69,0,1.0000,183,0.000648,-1,-1,button,1,29,29,0,69,0,1.0000,183,0.002164,,-1,button,1,29,29,0,69,0,1.0000,183,0.003227,-1,,button,1,29,29,0,69,0,1.0000,183,1.546320,-1,-1,29,0,0,0,0.4,risk_path,4,Bot1|Bot2|Bot3|Bot4,,1,0
19,0.85,75,440,4064511795,2171928469,3659,0.650489,507,1409,57-65,50-20,26-74,72,52,56,40,90,78,0,0,1,72,1,72,104,1,72,32,1,button,1,72,72,0,30,0,1.0000,1567,0.010926,-1,-1,button,1,72,72,0,30,0,1.0000,1567,0.030003,,-1,button,1,72,72,0,30,0,1.0000,1567,0.048057,-1,,button,1,72,72,0,30,0,1.0000,1567,6.497698,54,54,72,0,0,0,0.4,risk_path,4,Bot1|Bot2|Bot3|Bot4,,1,0
20,0.85,75,440,1699899743,2977238066,3632,0.645689,499,1358,65-61,56-62,5-33,12,10,94,88,84,80,0,0,1,12,1,12,94,1,12,82,1,button,1,12,12,0,82,0,1.0000,65,0.000167,-1,-1,button,1,12,12,0,82,0,1.0000,65,0.000339,,-1,button,1,12,12,0,82,0,1.0000,65,0.000454,-1,,button,1,12,12,0,82,0,1.0000,65,0.303936,-1,-1,12,0,0,0,0.4,risk_path,4,Bot1|Bot2|Bot3|Bot4,,1,0
21,0.85,75,440,2732194428,1130965774,3628,0.644978,500,1341,59-18,44-33,32-32,42,30,53,41,17,13,1,0,1,42,0,,18,0,,,0,walked_into_fire,0,32,32,0,-13,10,0.7619,,0.002519,19,19,fire_reached_bot,0,40,18,22,-21,24,0.4286,,0.092579,,-1,fire_reached_bot,0,40,18,22,-21,24,0.4286,,0.215133,-1,,fire_reached_bot,0,40,18,22,-21,24,0.4286,,1.747161,-1,-1,40,0,18,22,,no_path,0,,Bot1|Bot2|Bot3|Bot4,0,1
22,0.85,75,440,2997683836,1911204995,3630,0.645333,512,1370,1-26,1-47,5-0,43,21,52,30,83,51,0,0,1,43,1,43,89,1,43,46,1,button,1,43,43,0,42,0,1.0000,399,0.002011,-1,-1,button,1,43,43,0,42,0,1.0000,399,0.006048,,-1,button,1,43,43,0,42,0,1.0000,399,0.008636,-1,,button,1,43,43,0,42,0,1.0000,399,2.869710,-1,-1,43,0,0,0,0.4,risk_path,4,Bot1|Bot2|Bot3|Bot4,,1,0
23,0.85,75,440,1097742752,1414824977,3616,0.642844,520,1378,33-68,31-51,41-66,27,19,28,10,31,25,0,0,1,27,1,27,33,1,27,6,1,button,1,27,27,0,6,0,1.0000,319,0.001021,-1,-1,button,1,27,27,0,6,0,1.0000,319,0.002095,,-1,button,1,27,27,0,6,0,1.0000,319,0.003150,-1,,button,1,27,27,0,6,0,1.0000,319,1.260227,15,15,27,0,0,0,0.4,risk_path,4,Bot1|Bot2|Bot3|Bot4,,1,0
24,0.85,75,440,1337507337,2865046632,3623,0.644089,507,1335,32-73,70-9,19-6,112,102,98,80,76,54,1,0,1,112,0,,80,0,,,0,fire_reached_bot,0,77,77,0,0,35,0.6875,1873,0.017316,64,64,fire_reached_bot,0,97,63,34,-16,49,0.5625,,0.158268,,-1,fire_reached_bot,0,97,63,34,-16,49,0.5625,,0.263358,-1,,fire_reached_bot,0,97,63,34,-16,49,0.5625,,10.488985,-1,-1,97,0,63,34,,no_path,0,,Bot1|Bot2|Bot3|Bot4,0,1
25,0.85,75,440,2498745009,4169581797,3635,0.646222,494,1385,46-65,45-48,5-39,32,18,69,67,59,49,0,0,1,32,1,32,66,1,32,34,1,button,1,32,32,0,34,0,1.0000,435,0.001754,-1,-1,button,1,32,32,0,34,0,1.0000,435,0.004040,,-1,button,1,32,32,0,34,0,1.0000,435,0.005756,-1,,button,1,32,32,0,34,0,1.0000,435,1.768671,27,27,32,0,0,0,0.4,risk_path,4,Bot1|Bot2|Bot3|Bot4,,1,0
26,0.85,75,440,702485085,3014187463,3632,0.645689,514,1384,50-33,57-15,62-49,27,25,30,28,49,39,0,0,1,27,1,27,59,1,27,32,1,button,1,27,27,0,32,0,1.0000,252,0.000774,-1,-1,button,1,27,27,0,32,0,1.0000,252,0.001909,,-1,button,1,27,27,0,32,0,1.0000,252,0.002562,-1,,button,1,27,27,0,32,0,1.0000,252,1.273945,9,9,27,0,0,0,0.4,risk_path,4,Bot1|Bot2|Bot3|Bot4,,1,0
27,0.85,75,440,643282798,4265031986,3649,0.648711,511,1394,1-17,44-11,69-37,79,49,110,88,53,51,1,0,1,79,0,,64,0,,,0,fire_reached_bot,0,72,72,0,-7,7,0.9114,,0.013751,65,65,fire_reached_bot,0,80,64,16,-15,15,0.8101,,0.079599,,-1,fire_reached_bot,0,80,64,16,-15,15,0.8101,,0.140347,-1,,fire_reached_bot,0,80,64,16,-15,15,0.8101,,7.706986,-1,-1,80,0,64,16,,no_path,0,,Bot1|Bot2|Bot3|Bot4,0,1
28,0.85,75,440,1804062868,1517241965,3645,0.648000,508,1398,11-0,21-47,20-45,67,57,66,54,3,3,1,0,1,67,0,,3,0,,,0,walked_into_fire,0,35,35,0,-31,32,0.5224,,0.003285,4,4,fire_reached_bot,0,73,3,70,-69,64,0.0448,,0.241377,,-1,fire_reached_bot,0,73,3,70,-69,64,0.0448,,0.467658,-1,,fire_reached_bot,0,73,3,70,-69,64,0.0448,,0.731469,-1,-1,73,0,3,70,,no_path,0,,Bot1|Bot2|Bot3|Bot4,0,1
29,0.85,75,440,566956298,2924771251,3644,0.647822,501,1370,50-7,18-23,45-30,52,48,40,28,40,34,1,0,1,52,0,,54,0,,,0,walked_into_fire,0,39,39,0,-1,13,0.7500,947,0.003511,38,37,fire_reached_bot,0,60,54,6,-5,10,0.8077,,0.032266,,37,fire_reached_bot,0,61,54,7,-6,8,0.8462,,0.058530,37,,fire_reached_bot,0,60,54,6,-5,10,0.8077,,3.902069,-1,37,60,0,54,6,,no_path,0,,Bot1|Bot2|Bot3|Bot4,0,1
30,0.85,75,440,2308806563,965244565,3657,0.650133,511,1407,30-30,52-69,10-51,77,61,45,41,68,60,1,0,1,77,0,,78,0,,,0,walked_into_fire,0,52,52,0,-1,25,0.6753,1145,0.006758,51,50,fire_reached_bot,0,53,53,0,0,30,0.6104,1225,0.038168,,50,fire_reached_bot,0,62,58,4,0,37,0.5195,1556,0.055468,50,,fire_reached_bot,0,53,53,0,0,30,0.6104,1225,7.199503,-1,50,53,0,53,0,,shortest_path_fallback,0,,Bot1|Bot2|Bot3|Bot4,0,1
31,0.85,75,440,462864162,1041021291,3639,0.646933,509,1365,21-23,18-74,12-3,78,54,35,29,107,77,0,0,1,78,1,78,119,1,78,41,1,button,1,78,78,0,32,0,1.0000,1714,0.014442,-1,-1,button,1,78,78,0,32,0,1.0000,1714,0.035928,,-1,button,1,78,78,0,32,0,1.0000,1714,0.057923,-1,,button,1,78,78,0,32,0,1.0000,1714,7.176171,-1,-1,78,0,0,0,0.4,risk_path,4,Bot1|Bot2|Bot3|Bot4,,1,0
32,0.85,75,440,1155299482,2171726374,3641,0.647289,493,1387,25-45,7-61,54-71,34,34,61,55,61,57,0,0,1,34,1,34,69,1,34,35,1,button,1,34,34,0,33,0,1.0000,513,0.001949,-1,-1,button,1,34,34,0,33,0,1.0000,513,0.003380,,-1,button,1,34,34,0,33,0,1.0000,513,0.006102,-1,,button,1,34,34,0,33,0,1.0000,513,2.256910,-1,-1,34,0,0,0,0.4,risk_path,4,Bot1|Bot2|Bot3|Bot4,,1,0
33,0.85,75,440,2179890998,1736700740,3656,0.649956,513,1434,34-4,10-2,6-32,38,26,62,56,50,34,0,0,1,38,1,38,57,1,38,19,1,button,1,38,38,0,18,0,1.0000,588,0.002435,-1,-1,button,1,38,38,0,18,0,1.0000,588,0.006032,,-1,button,1,38,38,0,18,0,1.0000,588,0.009390,-1,,button,1,38,38,0,18,0,1.0000,588,2.236260,-1,-1,38,0,0,0,0.4,risk_path,4,Bot1|Bot2|Bot3|Bot4,,1,0
34,0.85,75,440,1845197330,3869115511,3638,0.646756,501,1332,22-74,62-5,5-2,117,109,105,89,100,60,1,0,1,117,0,,114,0,,,0,fire_reached_bot,0,69,69,0,0,48,0.5897,968,0.008456,-1,69,fire_reached_bot,0,69,69,0,0,48,0.5897,968,0.070242,,69,fire_reached_bot,0,73,71,2,0,48,0.5897,1074,0.091055,69,,fire_reached_bot,0,69,69,0,0,48,0.5897,968,13.008383,-1,69,69,0,69,0,,shortest_path_fallback,0,,Bot1|Bot2|Bot3|Bot4,0,1
35,0.85,75,440,2606653398,2211110660,3655,0.649778,520,1407,30-55,10-46,12-4,33,29,77,69,54,44,0,0,1,33,1,33,61,1,33,28,1,button,1,33,33,0,28,0,1.0000,488,0.001868,-1,-1,button,1,33,33,0,28,0,1.0000,488,0.003782,,-1,button,1,33,33,0,28,0,1.0000,488,0.007022,-1,,button,1,33,33,0,28,0,1.0000,488,1.651546,-1,-1,33,0,0,0,0.4,risk_path,4,Bot1|Bot2|Bot3|Bot4,,1,0
36,0.85,75,440,185924975,3982104193,3640,0.647111,501,1382,69-56,63-24,28-5,56,38,104,92,68,54,0,0,1,56,1,56,79,1,56,23,1,button,1,56,56,0,21,0,1.0000,829,0.004697,-1,-1,button,1,56,56,0,21,0,1.0000,829,0.018121,,-1,button,1,56,56,0,21,0,1.0000,829,0.026396,-1,,button,1,56,56,0,21,0,1.0000,829,4.115388,49,49,56,0,0,0,0.4,risk_path,4,Bot1|Bot2|Bot3|Bot4,,1,0
37,0.85,75,440,3568169848,3649924492,3650,0.648889,506,1389,70-37,57-65,26-62,57,41,93,69,66,34,0,0,1,57,1,57,77,1,57,20,1,button,1,57,57,0,20,0,1.0000,1088,0.005829,-1,-1,button,1,57,57,0,20,0,1.0000,1088,0.017566,,-1,button,1,57,57,0,20,0,1.0000,1088,0.027338,-1,,button,1,57,57,0,20,0,1.0000,1088,4.277813,-1,-1,57,0,0,0,0.4,risk_path,4,Bot1|Bot2|Bot3|Bot4,,1,0
38,0.85,75,440,3097759363,742922130,3644,0.647822,512,1377,53-33,58-19,16-17,25,19,57,53,64,44,0,0,1,25,1,25,73,1,25,48,1,button,1,25,25,0,47,0,1.0000,434,0.001227,-1,-1,button,1,25,25,0,47,0,1.0000,434,0.002334,,-1,button,1,25,25,0,47,0,1.0000,434,0.004161,-1,,button,1,25,25,0,47,0,1.0000,434,1.024025,11,11,25,0,0,0,0.4,risk_path,4,Bot1|Bot2|Bot3|Bot4,,1,0
39,0.85,75,440,3219368855,3088895621,3631,0.645511,504,1368,38-4,59-25,64-72,50,42,100,94,70,52,0,0,1,50,1,50,79,1,50,29,1,button,1,50,50,0,29,0,1.0000,661,0.003742,-1,-1,button,1,50,50,0,29,0,1.0000,661,0.013362,,-1,button,1,50,50,0,29,0,1.0000,661,0.019290,-1,,button,1,50,50,0,29,0,1.0000,661,3.572090,2,2,50,0,0,0,0.4,risk_path,4,Bot1|Bot2|Bot3|Bot4,,1,0
40,0.85,75,440,3029962385,3015429521,3622,0.643911,504,1322,30-34,46-20,61-2,32,30,67,63,43,33,0,0,1,32,1,32,46,1,32,14,1,button,1,32,32,0,14,0,1.0000,394,0.001442,-1,-1,button,1,32,32,0,14,0,1.0000,394,0.003094,,-1,button,1,32,32,0,14,0,1.0000,394,0.005497,-1,,button,1,32,32,0,14,0,1.0000,394,1.629121,13,13,32,0,0,0,0.4,risk_path,4,Bot1|Bot2|Bot3|Bot4,,1,0
41,0.85,75,440,4017667363,2471176468,3640,0.647111,508,1366,47-32,62-11,3-74,48,36,92,86,138,122,0,0,1,48,1,48,157,1,48,109,1,button,1,48,48,0,104,0,1.0000,326,0.001782,-1,-1,button,1,48,48,0,104,0,1.0000,326,0.009343,,-1,button,1,48,48,0,104,0,1.0000,326,0.012457,-1,,button,1,48,48,0,104,0,1.0000,326,3.554715,-1,-1,48,0,0,0,0.4,risk_path,4,Bot1|Bot2|Bot3|Bot4,,1,0
42,0.85,75,440,287415481,3615322627,3640,0.647111,512,1371,33-53,74-35,48-20,65,59,62,48,45,41,1,0,1,65,0,,52,0,,,0,fire_reached_bot,0,33,33,0,0,32,0.5077,709,0.002812,29,29,fire_reached_bot,0,50,46,4,0,27,0.5846,1476,0.032156,,-1,fire_reached_bot,0,50,46,4,0,27,0.5846,1476,0.064266,-1,,fire_reached_bot,0,50,46,4,0,27,0.5846,1476,4.831789,-1,-1,50,0,46,4,,no_path,0,,Bot1|Bot2|Bot3|Bot4,0,1
43,0.85,75,440,3343635005,3613099639,3644,0.647822,513,1424,40-63,49-41,34-34,39,31,43,35,30,22,1,0,1,39,0,,33,0,,,0,fire_reached_bot,0,32,32,0,0,7,0.8205,664,0.002327,30,29,fire_reached_bot,0,39,33,6,-5,14,0.6410,,0.030539,,29,fire_reached_bot,0,41,33,8,-7,14,0.6410,,0.077509,29,,fire_reached_bot,0,39,33,6,-5,14,0.6410,,2.201481,-1,29,39,0,33,6,,no_path,0,,Bot1|Bot2|Bot3|Bot4,0,1
44,0.85,75,440,2433726094,1705541714,3627,0.644800,494,1308,60-20,48-7,31-29,35,25,46,38,41,39,0,0,1,35,1,35,48,1,35,13,1,button,1,35,35,0,12,0,1.0000,835,0.003105,-1,-1,button,1,35,35,0,12,0,1.0000,835,0.005522,,-1,button,1,35,35,0,12,0,1.0000,835,0.009022,-1,,button,1,35,35,0,12,0,1.0000,835,1.737642,-1,-1,35,0,0,0,0.4,risk_path,4,Bot1|Bot2|Bot3|Bot4,,1,0
45,0.85,75,440,3245280877,583972034,3621,0.643733,504,1351,40-56,38-63,23-69,15,9,38,30,25,21,0,0,1,15,1,15,26,1,15,11,1,button,1,15,15,0,11,0,1.0000,58,0.000204,-1,-1,button,1,15,15,0,11,0,1.0000,58,0.000568,,-1,button,1,15,15,0,11,0,1.0000,58,0.000941,-1,,button,1,15,15,0,11,0,1.0000,58,0.431551,-1,-1,15,0,0,0,0.4,risk_path,4,Bot1|Bot2|Bot3|Bot4,,1,0
46,0.85,75,440,744039592,481665536,3664,0.651378,517,1383,42-67,5-61,36-15,65,43,76,58,87,77,0,0,1,65,1,65,97,1,65,32,1,button,1,65,65,0,32,0,1.0000,2104,0.015239,-1,-1,button,1,65,65,0,32,0,1.0000,2104,0.028403,,-1,button,1,65,65,0,32,0,1.0000,2104,0.049729,-1,,button,1,65,65,0,32,0,1.0000,2104,4.336512,-1,-1,65,0,0,0,0.4,risk_path,4,Bot1|Bot2|Bot3|Bot4,,1,0
47,0.85,75,440,1407365857,2116346229,3670,0.652444,517,1423,35-11,51-53,61-53,72,58,84,68,14,10,1,0,1,72,0,,18,0,,,0,walked_into_fire,0,46,46,0,-27,26,0.6389,,0.005784,18,18,fire_reached_bot,0,77,17,60,-58,55,0.2361,,0.240273,,-1,fire_reached_bot,0,77,17,60,-58,55,0.2361,,0.518657,-1,,fire_reached_bot,0,77,17,60,-58,55,0.2361,,3.303122,-1,-1,77,0,17,60,,no_path,0,,Bot1|Bot2|Bot3|Bot4,0,1
48,0.85,75,440,3906747135,3253557841,3652,0.649244,514,1378,38-31,19-45,43-34,35,33,8,8,37,35,0,0,1,35,1,35,41,1,35,6,1,button,1,35,35,0,6,0,1.0000,880,0.002911,-1,-1,button,1,35,35,0,6,0,1.0000,880,0.005742,,-1,button,1,35,35,0,6,0,1.0000,880,0.009525,-1,,button,1,35,35,0,6,0,1.0000,880,1.773900,-1,-1,35,0,0,0,0.4,risk_path,4,Bot1|Bot2|Bot3|Bot4,,1,0
49,0.85,75,440,568842183,2915534142,3635,0.646222,500,1368,31-65,44-71,44-59,47,19,31,19,16,12,1,1,1,101,0,,16,0,,,0,fire_reached_bot,0,17,17,0,0,30,0.3617,,0.002595,6,6,fire_reached_bot,0,32,5,27,-15,42,0.1064,,0.134363,,-1,fire_reached_bot,0,32,5,27,-15,42,0.1064,,0.277529,-1,,fire_reached_bot,0,32,5,27,-15,42,0.1064,,0.972344,-1,-1,32,0,5,27,,no_path,0,,Bot1|Bot2|Bot3|Bot4,0,1
50,0.85,75,440,514431646,1809119261,3651,0.649067,517,1393,25-17,63-18,11-57,51,39,58,54,109,91,0,0,1,51,1,51,116,1,51,65,1,button,1,51,51,0,62,0,1.0000,935,0.004455,-1,-1,button,1,51,51,0,62,0,1.0000,935,0.011457,,-1,button,1,51,51,0,62,0,1.0000,935,0.016893,-1,,button,1,51,51,0,62,0,1.0000,935,3.648124,33,33,51,0,0,0,0.4,risk_path,4,Bot1|Bot2|Bot3|Bot4,,1,0
51,0.85,75,440,3235510554,1802600594,3623,0.644089,494,1355,2-10,68-24,9-57,110,80,66,54,94,92,1,0,1,110,0,,111,0,,,0,walked_into_fire,0,62,62,0,-1,48,0.5636,1367,0.011056,62,62,fire_reached_bot,0,78,75,3,0,47,0.5727,1989,0.108482,,-1,fire_reached_bot,0,78,75,3,0,47,0.5727,1989,0.137012,-1,,fire_reached_bot,0,78,75,3,0,47,0.5727,1989,11.115443,-1,-1,78,0,75,3,,no_path,0,,Bot1|Bot2|Bot3|Bot4,0,1
52,0.85,75,440,639085731,3543395183,3638,0.646756,515,1390,32-9,6-35,41-25,56,52,25,25,51,45,1,0,1,56,0,,54,0,,,0,fire_reached_bot,0,45,45,0,0,11,0.8036,1497,0.006756,45,45,fire_reached_bot,0,46,44,2,0,12,0.7857,1558,0.014200,,-1,fire_reached_bot,0,46,44,2,0,12,0.7857,1558,0.022312,-1,,fire_reached_bot,0,46,44,2,0,12,0.7857,1558,3.457222,-1,-1,46,0,44,2,,no_path,0,,Bot1|Bot2|Bot3|Bot4,0,1
53,0.85,75,440,4049135280,482899726,3625,0.644444,501,1359,43-44,33-34,49-33,36,20,23,17,25,17,1,0,1,36,0,,26,0,,,0,walked_into_fire,0,30,30,0,-3,6,0.8333,,0.001586,27,27,fire_reached_bot,0,29,26,3,-2,10,0.7222,,0.017017,,-1,fire_reached_bot,0,29,26,3,-2,10,0.7222,,0.037879,-1,,fire_reached_bot,0,29,26,3,-2,10,0.7222,,1.876351,-1,-1,29,0,26,3,,no_path,0,,Bot1|Bot2|Bot3|Bot4,0,1
54,0.85,75,440,2561198562,2236996756,3645,0.648000,500,1328,20-62,0-59,47-37,29,23,58,52,79,69,0,0,1,29,1,29,91,1,29,62,1,button,1,29,29,0,61,0,1.0000,460,0.001400,-1,-1,button,1,29,29,0,61,0,1.0000,460,0.002733,,-1,button,1,29,29,0,61,0,1.0000,460,0.004734,-1,,button,1,29,29,0,61,0,1.0000,460,1.586310,-1,-1,29,0,0,0,0.4,risk_path,4,Bot1|Bot2|Bot3|Bot4,,1,0
55,0.85,75,440,2251065692,286865008,3616,0.642844,496,1335,58-63,9-0,53-16,120,112,64,52,62,60,1,0,1,120,0,,68,0,,,0,fire_reached_bot,0,45,45,0,0,75,0.3750,1278,0.007493,42,41,fire_reached_bot,0,45,44,1,0,82,0.3167,1278,0.035709,,41,fire_reached_bot,0,59,57,2,0,85,0.2917,1860,0.098169,41,,fire_reached_bot,0,45,44,1,0,82,0.3167,1278,7.736846,-1,41,45,0,44,1,,no_path,0,,Bot1|Bot2|Bot3|Bot4,0,1
56,0.85,75,440,489761711,2230263378,3623,0.644089,501,1372,42-25,42-63,50-53,54,38,40,36,24,18,1,0,1,54,0,,30,0,,,0,walked_into_fire,0,23,23,0,-3,31,0.4259,337,0.001256,20,20,fire_reached_bot,0,33,30,3,-2,38,0.2963,,0.030092,,-1,fire_reached_bot,0,33,30,3,-2,38,0.2963,,0.056624,-1,,fire_reached_bot,0,33,30,3,-2,38,0.2963,,4.167572,-1,-1,33,0,30,3,,no_path,0,,Bot1|Bot2|Bot3|Bot4,0,1
57,0.85,75,440,3274284638,313157239,3626,0.644622,513,1371,46-14,73-22,58-60,39,35,62,58,59,53,0,0,1,39,1,39,66,1,39,27,1,button,1,39,39,0,26,0,1.0000,848,0.003707,-1,-1,button,1,39,39,0,26,0,1.0000,848,0.006503,,-1,button,1,39,39,0,26,0,1.0000,848,0.013037,-1,,button,1,39,39,0,26,0,1.0000,848,2.271913,8,8,39,0,0,0,0.4,risk_path,4,Bot1|Bot2|Bot3|Bot4,,1,0
58,0.85,75,440,3129249196,3379267321,3657,0.650133,513,1417,60-25,1-56,25-34,90,90,46,44,46,46,1,0,1,90,0,,50,0,,,0,walked_into_fire,0,25,25,0,-1,65,0.2778,470,0.001903,23,23,fire_reached_bot,0,50,47,3,0,69,0.2333,1897,0.046566,,-1,fire_reached_bot,0,50,47,3,0,69,0.2333,1897,0.065738,-1,,fire_reached_bot,0,50,47,3,0,69,0.2333,1897,6.409364,-1,-1,50,0,47,3,,no_path,0,,Bot1|Bot2|Bot3|Bot4,0,1
59,0.85,75,440,894121229,1668138513,3639,0.646933,508,1374,35-29,71-66,49-2,75,73,43,41,98,86,0,0,1,75,1,75,113,1,75,38,1,button,1,75,75,0,36,0,1.0000,1905,0.014756,-1,-1,button,1,75,75,0,36,0,1.0000,1905,0.034434,,-1,button,1,75,75,0,36,0,1.0000,1905,0.057181,-1,,button,1,75,75,0,36,0,1.0000,1905,6.318887,11,11,75,0,0,0,0.4,risk_path,4,Bot1|Bot2|Bot3|Bot4,,1,0
60,0.85,75,440,2937611675,2098551990,3661,0.650844,517,1463,74-51,28-50,7-34,75,47,98,84,43,37,1,0,1,75,0,,50,0,,,0,walked_into_fire,0,58,58,0,-7,17,0.7733,,0.009528,45,45,fire_reached_bot,0,65,44,21,-14,31,0.5867,,0.103101,,-1,fire_reached_bot,0,65,44,21,-14,31,0.5867,,0.190288,-1,,fire_reached_bot,0,65,44,21,-14,31,0.5867,,6.194364,-1,-1,65,0,44,21,,no_path,0,,Bot1|Bot2|Bot3|Bot4,0,1
61,0.85,75,440,2158948882,4161325205,3649,0.648711,504,1375,55-43,55-56,72-7,43,13,55,53,98,66,0,0,1,43,1,43,111,1,43,68,1,button,1,43,43,0,61,0,1.0000,368,0.002119,-1,-1,button,1,43,43,0,61,0,1.0000,368,0.010038,,-1,button,1,43,43,0,61,0,1.0000,368,0.011825,-1,,button,1,43,43,0,61,0,1.0000,368,3.134562,-1,-1,43,0,0,0,0.4,risk_path,4,Bot1|Bot2|Bot3|Bot4,,1,0
62,0.85,75,440,3393563913,2253549308,3667,0.651911,508,1380,24-27,32-68,1-59,71,49,57,55,46,40,1,0,1,71,0,,58,0,,,0,walked_into_fire,0,35,35,0,-1,36,0.4930,306,0.001926,35,34,fire_reached_bot,0,37,36,1,0,39,0.4507,378,0.018841,,34,fire_reached_bot,0,38,36,2,0,41,0.4225,403,0.021497,34,,fire_reached_bot,0,37,36,1,0,39,0.4507,378,6.321532,-1,34,37,0,36,1,,no_path,0,,Bot1|Bot2|Bot3|Bot4,0,1
63,0.85,75,440,3798218772,3326087650,3629,0.645156,502,1335,46-27,21-72,19-59,74,70,59,59,17,15,1,0,1,74,0,,22,0,,,0,walked_into_fire,0,32,32,0,-9,42,0.4324,,0.002265,12,11,fire_reached_bot,0,60,22,38,-37,64,0.1351,,0.165938,,11,fire_reached_bot,0,64,22,42,-41,62,0.1622,,0.360510,11,,fire_reached_bot,0,60,22,38,-37,64,0.1351,,4.325252,-1,11,60,0,22,38,,no_path,0,,Bot1|Bot2|Bot3|Bot4,0,1
64,0.85,75,440,2494522029,654045650,3638,0.646756,507,1370,7-38,4-33,70-44,8,8,99,69,103,77,0,0,1,8,1,8,115,1,8,107,1,button,1,8,8,0,107,0,1.0000,34,0.000097,-1,-1,button,1,8,8,0,107,0,1.0000,34,0.000190,,-1,button,1,8,8,0,107,0,1.0000,34,0.000296,-1,,button,1,8,8,0,107,0,1.0000,34,0.188296,-1,-1,8,0,0,0,0.4,risk_path,4,Bot1|Bot2|Bot3|Bot4,,1,0
65,0.85,75,440,282407045,3208019061,3667,0.651911,507,1402,71-60,44-21,48-55,68,66,40,28,64,38,1,0,1,68,0,,72,1,68,4,1,button,1,68,68,0,1,0,1.0000,2246,0.016896,-1,-1,button,1,68,68,0,1,0,1.0000,2246,0.029109,,-1,button,1,68,68,0,1,0,1.0000,2246,0.053225,-1,,button,1,68,68,0,1,0,1.0000,2246,5.321039,-1,-1,68,24,10,0,0.99,risk_path,4,Bot1|Bot2|Bot3|Bot4,,1,0
66,0.85,75,440,2624712765,892082244,3630,0.645333,514,1350,67-68,51-49,10-44,39,35,91,81,62,46,0,0,1,39,1,39,67,1,39,28,1,button,1,39,39,0,28,0,1.0000,709,0.002840,-1,-1,button,1,39,39,0,28,0,1.0000,709,0.005035,,-1,button,1,39,39,0,28,0,1.0000,709,0.009086,-1,,button,1,39,39,0,28,0,1.0000,709,2.231274,-1,-1,39,0,0,0,0.4,risk_path,4,Bot1|Bot2|Bot3|Bot4,,1,0
67,0.85,75,440,1729019775,856386472,3624,0.644267,517,1409,60-53,29-59,62-26,39,37,43,29,68,66,0,0,1,39,1,39,74,1,39,35,1,button,1,39,39,0,33,0,1.0000,834,0.003117,-1,-1,button,1,39,39,0,33,0,1.0000,834,0.006016,,-1,button,1,39,39,0,33,0,1.0000,834,0.010072,-1,,button,1,39,39,0,33,0,1.0000,834,2.282231,-1,-1,39,0,0,0,0.4,risk_path,4,Bot1|Bot2|Bot3|Bot4,,1,0
68,0.85,75,440,4025098533,459075162,3613,0.642311,482,1310,53-46,53-73,41-17,43,27,43,41,86,68,0,0,1,43,1,43,94,1,43,51,1,button,1,43,43,0,45,0,1.0000,1026,0.004371,-1,-1,button,1,43,43,0,45,0,1.0000,1026,0.008962,,-1,button,1,43,43,0,45,0,1.0000,1026,0.016250,-1,,button,1,43,43,0,45,0,1.0000,1026,2.628082,-1,-1,43,0,0,0,0.4,risk_path,4,Bot1|Bot2|Bot3|Bot4,,1,0
69,0.85,75,440,266228852,4289431394,3621,0.643733,500,1398,43-3,26-13,19-65,43,27,102,86,79,59,0,0,1,43,1,43,86,1,43,43,1,button,1,43,43,0,43,0,1.0000,878,0.003949,-1,-1,button,1,43,43,0,43,0,1.0000,878,0.008726,,-1,button,1,43,43,0,43,0,1.0000,878,0.015505,-1,,button,1,43,43,0,43,0,1.0000,878,2.812657,-1,-1,43,0,0,0,0.4,risk_path,4,Bot1|Bot2|Bot3|Bot4,,1,0
70,0.85,75,440,3288517247,2662616909,3639,0.646933,504,1347,14-60,54-8,52-56,96,92,58,42,64,50,1,0,1,96,0,,76,0,,,0,walked_into_fire,0,35,35,0,-1,61,0.3646,719,0.003581,35,35,fire_reached_bot,0,35,34,1,0,62,0.3542,762,0.027574,,-1,fire_reached_bot,0,35,34,1,0,62,0.3542,762,0.034895,-1,,fire_reached_bot,0,35,34,1,0,62,0.3542,762,5.571911,-1,-1,35,0,34,1,,no_path,0,,Bot1|Bot2|Bot3|Bot4,0,1
71,0.85,75,440,3168276635,2131575540,3624,0.644267,484,1358,74-4,42-32,8-21,64,60,93,83,49,45,1,0,1,64,0,,57,0,,,0,walked_into_fire,0,60,60,0,-2,4,0.9375,,0.009087,57,57,fire_reached_bot,0,64,56,8,-6,8,0.8750,,0.044869,,-1,fire_reached_bot,0,64,56,8,-6,8,0.8750,,0.090593,-1,,fire_reached_bot,0,64,56,8,-6,8,0.8750,,5.737065,-1,-1,64,0,56,8,,no_path,0,,Bot1|Bot2|Bot3|Bot4,0,1
72,0.85,75,440,3264989703,3396489466,3645,0.648000,501,1378,40-20,63-53,65-66,60,56,81,71,27,15,1,0,1,60,0,,31,0,,,0,walked_into_fire,0,43,43,0,-11,17,0.7167,,0.003096,31,31,fire_reached_bot,0,57,30,27,-25,30,0.5000,,0.121502,,-1,fire_reached_bot,0,57,30,27,-25,30,0.5000,,0.265975,-1,,fire_reached_bot,0,57,30,27,-25,30,0.5000,,4.342091,-1,-1,57,0,30,27,,no_path,0,,Bot1|Bot2|Bot3|Bot4,0,1
73,0.85,75,440,3661586234,851551463,3654,0.649600,496,1346,19-42,55-11,6-19,77,67,48,36,73,57,1,0,1,77,0,,81,1,77,4,1,button,1,77,77,0,3,0,1.0000,1634,0.013047,-1,-1,button,1,77,77,0,3,0,1.0000,1634,0.043733,,-1,button,1,77,77,0,3,0,1.0000,1634,0.066399,-1,,button,1,77,77,0,4,0,1.0000,1634,8.105375,30,30,77,19,7,0,0.99,risk_path,4,Bot1|Bot2|Bot3|Bot4,,1,0
74,0.85,75,440,1507352610,3438827500,3616,0.642844,480,1296,44-65,19-74,3-51,36,34,71,55,43,39,0,0,1,36,1,36,48,1,36,12,1,button,1,36,36,0,12,0,1.0000,380,0.001281,-1,-1,button,1,36,36,0,12,0,1.0000,380,0.003191,,-1,button,1,36,36,0,12,0,1.0000,380,0.005184,-1,,button,1,36,36,0,12,0,1.0000,380,2.075875,-1,-1,36,0,0,0,0.4,risk_path,4,Bot1|Bot2|Bot3|Bot4,,1,0
75,0.85,75,440,2046749167,4286327507,3627,0.644800,499,1365,2-9,37-12,35-29,62,38,61,53,25,19,1,0,1,62,0,,31,0,,,0,walked_into_fire,0,38,38,0,-6,24,0.6129,,0.003647,28,28,fire_reached_bot,0,50,27,23,-18,35,0.4355,,0.051657,,-1,fire_reached_bot,0,50,27,23,-18,35,0.4355,,0.098397,-1,,fire_reached_bot,0,50,27,23,-18,35,0.4355,,2.972385,-1,-1,50,0,27,23,,no_path,0,,Bot1|Bot2|Bot3|Bot4,0,1
76,0.85,75,440,3008379624,3615876865,3655,0.649778,515,1384,43-36,1-62,52-64,72,68,49,37,85,53,0,0,1,72,1,72,97,1,72,25,1,button,1,72,72,0,25,0,1.0000,1687,0.011982,-1,-1,button,1,72,72,0,25,0,1.0000,1687,0.030920,,-1,button,1,72,72,0,25,0,1.0000,1687,0.047401,-1,,button,1,72,72,0,24,0,1.0000,1687,6.223203,54,54,72,0,0,0,0.4,risk_path,4,Bot1|Bot2|Bot3|Bot4,,1,0
77,0.85,75,440,168951023,2051054311,3646,0.648178,498,1387,63-46,7-52,36-46,78,62,39,27,41,35,1,0,1,78,0,,44,0,,,0,fire_reached_bot,0,21,21,0,0,57,0.2692,193,0.001107,12,12,fire_reached_bot,0,40,38,2,0,60,0.2308,807,0.021002,,30,fire_reached_bot,0,39,38,1,0,60,0.2308,758,0.024659,30,,fire_reached_bot,0,40,38,2,0,60,0.2308,807,5.110804,-1,30,40,0,38,2,,no_path,0,,Bot1|Bot2|Bot3|Bot4,0,1
78,0.85,75,440,2349810379,2265303479,3641,0.647289,501,1376,71-31,32-73,47-46,91,81,51,39,46,42,1,0,1,91,0,,55,0,,,0,fire_reached_bot,0,27,27,0,0,64,0.2967,183,0.001559,13,13,fire_reached_bot,0,60,55,5,-4,70,0.2308,,0.091070,,38,fire_reached_bot,0,62,55,7,-6,72,0.2088,,0.133056,38,,fire_reached_bot,0,60,55,5,-4,70,0.2308,,8.415432,-1,38,60,0,55,5,,no_path,0,,Bot1|Bot2|Bot3|Bot4,0,1
79,0.85,75,440,2763321522,3868111401,3664,0.651378,494,1408,50-59,10-66,49-54,63,47,6,6,63,51,0,0,1,63,0,,67,0,,,0,fire_reached_bot,0,7,7,0,0,56,0.1111,34,0.000674,-1,7,fire_reached_bot,0,7,7,0,0,56,0.1111,34,0.003648,,7,fire_reached_bot,0,9,9,0,0,60,0.0476,50,0.004724,7,,fire_reached_bot,0,7,7,0,0,56,0.1111,34,0.925457,-1,7,7,7,0,0,0.99,risk_path,0,,Bot1|Bot2|Bot3|Bot4,0,1
80,0.85,75,440,3716998955,3442828106,3643,0.647644,507,1384,32-60,45-60,19-26,29,13,51,47,72,60,0,0,1,29,1,29,79,1,29,50,1,button,1,29,29,0,48,0,1.0000,598,0.001740,-1,-1,button,1,29,29,0,48,0,1.0000,598,0.009838,,-1,button,1,29,29,0,48,0,1.0000,598,0.005794,-1,,button,1,29,29,0,48,0,1.0000,598,1.712645,15,15,29,0,0,0,0.4,risk_path,4,Bot1|Bot2|Bot3|Bot4,,1,0
81,0.85,75,440,2802822109,1173380791,3659,0.650489,505,1348,72-70,46-13,62-73,91,83,29,13,92,76,0,0,1,91,1,91,101,1,91,10,1,button,1,91,91,0,1,0,1.0000,2076,0.018817,-1,-1,button,1,91,91,0,1,0,1.0000,2076,0.047526,,-1,button,1,91,91,0,1,0,1.0000,2076,0.075500,-1,,button,1,91,91,0,1,0,1.0000,2076,8.188436,-1,-1,91,0,0,0,0.4,risk_path,4,Bot1|Bot2|Bot3|Bot4,,1,0
82,0.85,75,440,1458696374,4138283831,3640,0.647111,513,1373,14-4,25-57,6-47,78,64,63,51,31,29,1,0,1,78,0,,37,0,,,0,walked_into_fire,0,39,39,0,-1,39,0.5000,,0.003102,33,33,fire_reached_bot,0,44,37,7,-6,45,0.4231,,0.055350,,-1,fire_reached_bot,0,44,37,7,-6,45,0.4231,,0.101927,-1,,fire_reached_bot,0,44,37,7,-6,45,0.4231,,5.314858,-1,-1,44,0,37,7,,no_path,0,,Bot1|Bot2|Bot3|Bot4,0,1
83,0.85,75,440,2432187744,4169280272,3642,0.647467,503,1356,40-58,45-19,12-50,66,44,46,36,86,64,0,0,1,66,1,66,100,1,66,34,1,button,1,66,66,0,28,0,1.0000,1503,0.010438,-1,-1,button,1,66,66,0,28,0,1.0000,1503,0.025985,,-1,button,1,66,66,0,28,0,1.0000,1503,0.043787,-1,,button,1,66,66,0,28,0,1.0000,1503,4.869878,14,14,66,0,0,0,0.4,risk_path,4,Bot1|Bot2|Bot3|Bot4,,1,0
84,0.85,75,440,117610117,309971403,3649,0.648711,513,1375,38-60,71-19,27-60,80,74,29,11,91,85,0,0,1,80,1,80,99,1,80,19,1,button,1,80,80,0,16,0,1.0000,2511,0.021886,-1,-1,button,1,80,80,0,16,0,1.0000,2511,0.051346,,-1,button,1,80,80,0,16,0,1.0000,2511,0.084081,-1,,button,1,80,80,0,16,0,1.0000,2511,5.980432,1,1,80,0,0,0,0.4,risk_path,4,Bot1|Bot2|Bot3|Bot4,,1,0
85,0.85,75,440,2351945767,3852249623,3652,0.649244,513,1378,46-2,42-17,48-41,27,19,63,41,48,30,0,0,1,27,1,27,50,1,27,23,1,button,1,27,27,0,22,0,1.0000,529,0.001630,-1,-1,button,1,27,27,0,22,0,1.0000,529,0.003485,,-1,button,1,27,27,0,22,0,1.0000,529,0.005395,-1,,button,1,27,27,0,22,0,1.0000,529,1.250184,-1,-1,27,0,0,0,0.4,risk_path,4,Bot1|Bot2|Bot3|Bot4,,1,0
86,0.85,75,440,2895808900,3809999560,3632,0.645689,498,1315,29-67,1-17,74-52,80,78,78,60,124,108,0,0,1,80,1,80,141,1,80,61,1,button,1,80,80,0,57,0,1.0000,1624,0.012000,-1,-1,button,1,80,80,0,57,0,1.0000,1624,0.035206,,-1,button,1,80,80,0,57,0,1.0000,1624,0.051141,-1,,button,1,80,80,0,57,0,1.0000,1624,7.612716,-1,-1,80,0,0,0,0.4,risk_path,4,Bot1|Bot2|Bot3|Bot4,,1,0
87,0.85,75,440,2723283324,3272133986,3648,0.648533,511,1411,47-73,31-5,7-43,104,84,90,70,88,62,1,0,1,104,0,,96,0,,,0,fire_reached_bot,0,58,58,0,0,46,0.5577,1229,0.008145,57,56,fire_reached_bot,0,77,75,2,0,43,0.5865,1987,0.074704,,56,fire_reached_bot,0,79,75,4,0,45,0.5673,2071,0.103931,56,,fire_reached_bot,0,77,75,2,0,43,0.5865,1987,10.738564,-1,56,77,0,75,2,,no_path,0,,Bot1|Bot2|Bot3|Bot4,0,1
88,0.85,75,440,442504758,736042750,3679,0.654044,508,1420,16-28,1-29,31-35,26,16,30,22,46,36,0,0,1,26,1,26,53,1,26,27,1,button,1,26,26,0,27,0,1.0000,446,0.001406,-1,-1,button,1,26,26,0,27,0,1.0000,446,0.002636,,-1,button,1,26,26,0,27,0,1.0000,446,0.004246,-1,,button,1,26,26,0,27,0,1.0000,446,1.118450,-1,-1,26,0,0,0,0.4,risk_path,4,Bot1|Bot2|Bot3|Bot4,,1,0
89,0.85,75,440,2689907484,1240102764,3643,0.647644,497,1379,16-33,54-64,7-11,73,69,33,31,104,100,0,0,1,73,1,73,114,1,73,41,1,button,1,73,73,0,35,0,1.0000,1481,0.011182,-1,-1,button,1,73,73,0,35,0,1.0000,1481,0.021194,,-1,button,1,73,73,0,35,0,1.0000,1481,0.036573,-1,,button,1,73,73,0,35,0,1.0000,1481,6.345984,15,15,73,0,0,0,0.4,risk_path,4,Bot1|Bot2|Bot3|Bot4,,1,0
90,0.85,75,440,1410515791,2649707326,3622,0.643911,490,1314,8-14,42-56,9-9,84,76,8,6,88,80,0,0,1,84,1,84,98,1,84,14,1,button,1,84,84,0,6,0,1.0000,1872,0.016885,-1,-1,button,1,84,84,0,6,0,1.0000,1872,0.048615,,-1,button,1,84,84,0,6,0,1.0000,1872,0.074364,-1,,button,1,84,84,0,6,0,1.0000,1872,8.130645,15,15,84,0,0,0,0.4,risk_path,4,Bot1|Bot2|Bot3|Bot4,,1,0
91,0.85,75,440,1198831680,429899597,3632,0.645689,491,1347,53-16,73-34,18-42,46,38,65,61,73,63,0,0,1,46,1,46,85,1,46,39,1,button,1,46,46,0,38,0,1.0000,1161,0.005541,-1,-1,button,1,46,46,0,38,0,1.0000,1161,0.011090,,-1,button,1,46,46,0,38,0,1.0000,1161,0.017109,-1,,button,1,46,46,0,38,0,1.0000,1161,3.009339,1,1,46,0,0,0,0.4,risk_path,4,Bot1|Bot2|Bot3|Bot4,,1,0
92,0.85,75,440,2479440059,167758409,3623,0.644089,483,1277,70-63,69-1,24-59,93,63,66,50,109,103,0,0,1,93,1,93,129,1,93,36,1,button,1,93,93,0,36,0,1.0000,3012,0.032089,-1,-1,button,1,93,93,0,36,0,1.0000,3012,0.073769,,-1,button,1,93,93,0,36,0,1.0000,3012,0.115598,-1,,button,1,93,93,0,36,0,1.0000,3012,7.503664,10,10,93,0,0,0,0.4,risk_path,4,Bot1|Bot2|Bot3|Bot4,,1,0
93,0.85,75,440,2629098381,3995597651,3617,0.643022,492,1335,43-38,0-52,68-32,73,57,45,31,106,88,0,0,1,73,1,73,127,1,73,54,1,button,1,73,73,0,44,0,1.0000,1998,0.015988,-1,-1,button,1,73,73,0,44,0,1.0000,1998,0.045156,,-1,button,1,73,73,0,44,0,1.0000,1998,0.058748,-1,,button,1,73,73,0,44,0,1.0000,1998,5.873350,-1,-1,73,0,0,0,0.4,risk_path,4,Bot1|Bot2|Bot3|Bot4,,1,0
94,0.85,75,440,4034527632,2373009210,3618,0.643200,497,1351,2-63,74-14,29-36,133,121,56,54,79,67,1,0,1,133,0,,89,0,,,0,fire_reached_bot,0,30,30,0,0,103,0.2256,634,0.005214,25,22,fire_reached_bot,0,40,36,4,0,113,0.1504,1154,0.125250,,22,fire_reached_bot,0,40,36,4,0,113,0.1504,1154,0.152518,22,,fire_reached_bot,0,40,36,4,0,113,0.1504,1154,6.817699,-1,22,40,0,36,4,,no_path,0,,Bot1|Bot2|Bot3|Bot4,0,1
95,0.85,75,440,83074924,374331740,3621,0.643733,498,1346,0-52,43-16,43-65,89,79,64,56,81,49,1,0,1,89,0,,92,1,89,3,1,button,1,89,89,0,3,0,1.0000,2541,0.026508,-1,-1,button,1,89,89,0,3,0,1.0000,2541,0.064699,,-1,button,1,89,89,0,3,0,1.0000,2541,0.094902,-1,,button,1,89,89,0,3,0,1.0000,2541,8.474893,24,24,89,25,20,0,0.99,risk_path,4,Bot1|Bot2|Bot3|Bot4,,1,0
96,0.85,75,440,902943538,3127573542,3621,0.643733,508,1388,18-50,22-44,54-28,10,10,60,58,50,48,0,0,1,10,1,10,55,1,10,45,1,button,1,10,10,0,45,0,1.0000,43,0.000137,-1,-1,button,1,10,10,0,45,0,1.0000,43,0.000297,,-1,button,1,10,10,0,45,0,1.0000,43,0.000400,-1,,button,1,10,10,0,45,0,1.0000,43,0.278280,3,3,10,0,0,0,0.4,risk_path,4,Bot1|Bot2|Bot3|Bot4,,1,0
97,0.85,75,440,1323143353,2588849054,3631,0.645511,502,1329,18-54,46-56,54-72,50,30,56,54,26,24,1,0,1,50,0,,29,0,,,0,fire_reached_bot,0,38,38,0,-8,12,0.7600,,0.002852,30,30,fire_reached_bot,0,48,29,19,-18,21,0.5800,,0.091878,,-1,fire_reached_bot,0,48,29,19,-18,21,0.5800,,0.175375,-1,,fire_reached_bot,0,48,29,19,-18,21,0.5800,,3.491747,-1,-1,48,0,29,19,,no_path,0,,Bot1|Bot2|Bot3|Bot4,0,1
98,0.85,75,440,172568286,2343787580,3644,0.647822,511,1392,60-60,70-36,25-9,36,34,88,86,90,72,0,0,1,36,1,36,101,1,36,65,1,button,1,36,36,0,65,0,1.0000,524,0.002178,-1,-1,button,1,36,36,0,65,0,1.0000,524,0.004509,,-1,button,1,36,36,0,65,0,1.0000,524,0.006863,-1,,button,1,36,36,0,65,0,1.0000,524,2.112997,7,7,36,0,0,0,0.4,risk_path,4,Bot1|Bot2|Bot3|Bot4,,1,0
99,0.85,75,440,398009931,2986606611,3623,0.644089,501,1378,64-44,52-32,42-2,24,24,70,64,48,40,0,0,1,24,1,24,56,1,24,32,1,button,1,24,24,0,32,0,1.0000,188,0.000642,-1,-1,button,1,24,24,0,32,0,1.0000,188,0.001445,,-1,button,1,24,24,0,32,0,1.0000,188,0.002063,-1,,button,1,24,24,0,32,0,1.0000,188,1.028658,-1,-1,24,0,0,0,0.4,risk_path,4,Bot1|Bot2|Bot3|Bot4,,1,0
100,0.85,75,440,2731167691,650338235,3631,0.645511,511,1398,15-65,12-41,22-36,51,27,44,36,15,15,1,0,1,51,0,,18,0,,,0,fire_reached_bot,0,36,36,0,-17,15,0.7059,,0.003808,19,19,fire_reached_bot,0,49,18,31,-30,33,0.3529,,0.128954,,-1,fire_reached_bot,0,49,18,31,-30,33,0.3529,,0.248281,-1,,fire_reached_bot,0,49,18,31,-30,33,0.3529,,2.092901,-1,-1,49,0,18,31,,no_path,0,,Bot1|Bot2|Bot3|Bot4,0,1
101,0.85,75,440,3976025462,1984228406,3637,0.646578,518,1371,60-37,47-47,45-51,35,23,37,29,8,6,1,0,1,35,0,,13,0,,,0,fire_reached_bot,0,20,20,0,-6,15,0.5714,,0.000674,6,6,fire_reached_bot,0,34,5,29,-20,30,0.1429,,0.140407,,-1,fire_reached_bot,0,34,5,29,-20,30,0.1429,,0.285850,-1,,fire_reached_bot,0,34,5,29,-20,30,0.1429,,0.697557,-1,-1,34,0,5,29,,no_path,0,,Bot1|Bot2|Bot3|Bot4,0,1
102,0.85,75,440,3469237606,1649159914,3647,0.648356,506,1395,16-63,59-25,55-5,89,81,101,97,32,24,1,0,1,89,0,,33,0,,,0,fire_reached_bot,0,59,59,0,-25,30,0.6629,,0.008874,34,34,fire_reached_bot,0,80,33,47,-46,56,0.3708,,0.206154,,-1,fire_reached_bot,0,80,33,47,-46,56,0.3708,,0.386993,-1,,fire_reached_bot,0,80,33,47,-46,56,0.3708,,6.124250,-1,-1,80,0,33,47,,no_path,0,,Bot1|Bot2|Bot3|Bot4,0,1
103,0.85,75,440,1354804743,391426036,3643,0.647644,507,1361,49-52,55-52,69-35,8,6,39,37,35,31,0,0,1,8,1,8,36,1,8,28,1,button,1,8,8,0,28,0,1.0000,36,0.000107,-1,-1,button,1,8,8,0,28,0,1.0000,36,0.000235,,-1,button,1,8,8,0,28,0,1.0000,36,0.000360,-1,,button,1,8,8,0,28,0,1.0000,36,0.181876,6,6,8,0,0,0,0.4,risk_path,4,Bot1|Bot2|Bot3|Bot4,,1,0
104,0.85,75,440,4136514547,4012823104,3668,0.652089,517,1436,46-54,39-69,8-3,24,22,95,89,115,97,0,0,1,24,1,24,126,1,24,102,1,button,1,24,24,0,101,0,1.0000,96,0.000421,-1,-1,button,1,24,24,0,101,0,1.0000,96,0.001528,,-1,button,1,24,24,0,101,0,1.0000,96,0.001956,-1,,button,1,24,24,0,101,0,1.0000,96,1.050835,-1,-1,24,0,0,0,0.4,risk_path,4,Bot1|Bot2|Bot3|Bot4,,1,0
105,0.85,75,440,1802906948,4050598220,3643,0.647644,499,1382,33-16,18-43,1-63,58,42,83,79,39,37,1,0,1,58,0,,44,0,,,0,fire_reached_bot,0,48,48,0,-3,10,0.8276,,0.003730,42,41,fire_reached_bot,0,54,44,10,-9,20,0.6552,,0.056000,,41,fire_reached_bot,0,54,44,10,-9,22,0.6207,,0.111064,41,,fire_reached_bot,0,54,44,10,-9,20,0.6552,,5.291400,-1,41,54,0,44,10,,no_path,0,,Bot1|Bot2|Bot3|Bot4,0,1
106,0.85,75,440,4274087871,3596512109,3639,0.646933,511,1331,55-51,1-14,4-69,91,91,81,69,78,58,1,0,1,91,0,,87,0,,,0,walked_into_fire,0,71,71,0,-1,20,0.7802,1021,0.006732,71,71,fire_reached_bot,0,71,70,1,0,21,0.7692,1047,0.020670,,-1,fire_reached_bot,0,71,70,1,0,21,0.7692,1047,0.029423,-1,,fire_reached_bot,0,71,70,1,0,21,0.7692,1047,11.169986,-1,-1,71,0,70,1,,no_path,0,,Bot1|Bot2|Bot3|Bot4,0,1
107,0.85,75,440,3806192457,1257605443,3641,0.647289,497,1368,71-43,46-0,13-11,72,68,100,90,64,44,1,0,1,72,0,,75,1,72,3,1,button,1,72,72,0,3,0,1.0000,1419,0.011208,-1,-1,button,1,72,72,0,3,0,1.0000,1419,0.027674,,-1,button,1,72,72,0,3,0,1.0000,1419,0.042325,-1,,button,1,72,72,0,3,0,1.0000,1419,7.070237,-1,-1,72,30,33,0,0.99,risk_path,4,Bot1|Bot2|Bot3|Bot4,,1,0
108,0.85,75,440,3395390498,1222503905,3664,0.651378,520,1390,12-36,29-30,4-71,31,23,53,43,68,66,0,0,1,31,1,31,73,1,31,42,1,button,1,31,31,0,41,0,1.0000,232,0.000924,-1,-1,button,1,31,31,0,41,0,1.0000,232,0.002841,,-1,button,1,31,31,0,41,0,1.0000,232,0.003947,-1,,button,1,31,31,0,41,0,1.0000,232,1.633482,14,14,31,0,0,0,0.4,risk_path,4,Bot1|Bot2|Bot3|Bot4,,1,0
109,0.85,75,440,3653473380,1973034153,3655,0.649778,504,1448,65-67,22-22,34-51,96,88,61,47,51,41,1,0,1,96,0,,53,0,,,0,walked_into_fire,0,34,34,0,-1,62,0.3542,470,0.002473,32,32,fire_reached_bot,0,46,46,0,0,72,0.2500,1123,0.045303,,46,fire_reached_bot,0,55,53,2,-1,79,0.1771,,0.076695,46,,fire_reached_bot,0,46,46,0,0,72,0.2500,1123,6.451528,-1,46,46,0,46,0,,shortest_path_fallback,0,,Bot1|Bot2|Bot3|Bot4,0,1
110,0.85,75,440,4082012561,1074635792,3655,0.649778,497,1382,49-25,32-5,37-65,37,37,64,52,87,65,0,0,1,37,1,37,95,1,37,58,1,button,1,37,37,0,55,0,1.0000,558,0.001852,-1,-1,button,1,37,37,0,55,0,1.0000,558,0.003951,,-1,button,1,37,37,0,55,0,1.0000,558,0.006293,-1,,button,1,37,37,0,55,0,1.0000,558,2.361339,-1,-1,37,0,0,0,0.4,risk_path,4,Bot1|Bot2|Bot3|Bot4,,1,0
111,0.85,75,440,416203697,1615190462,3657,0.650133,504,1392,10-8,49-62,1-12,95,93,25,13,100,98,0,0,1,95,1,95,111,1,95,16,1,button,1,95,95,0,14,0,1.0000,2038,0.017173,-1,-1,button,1,95,95,0,14,0,1.0000,2038,0.042330,,-1,button,1,95,95,0,14,0,1.0000,2038,0.069686,-1,,button,1,95,95,0,15,0,1.0000,2038,10.380127,4,4,95,0,0,0,0.4,risk_path,4,Bot1|Bot2|Bot3|Bot4,,1,0
112,0.85,75,440,2193764734,2138228930,3634,0.646044,495,1355,5-53,26-8,50-73,84,66,77,65,95,89,0,0,1,84,1,84,110,1,84,26,1,button,1,84,84,0,24,0,1.0000,2123,0.020114,-1,-1,button,1,84,84,0,24,0,1.0000,2123,0.068684,,-1,button,1,84,84,0,24,0,1.0000,2123,0.093307,-1,,button,1,84,84,0,24,0,1.0000,2123,8.232858,17,17,84,0,0,0,0.4,risk_path,4,Bot1|Bot2|Bot3|Bot4,,1,0
113,0.85,75,440,901889356,3820153862,3646,0.648178,513,1391,62-42,17-55,3-0,66,58,105,101,77,69,0,0,1,66,1,66,87,1,66,21,1,button,1,66,66,0,20,0,1.0000,863,0.005496,-1,-1,button,1,66,66,0,20,0,1.0000,863,0.014138,,-1,button,1,66,66,0,20,0,1.0000,863,0.024959,-1,,button,1,66,66,0,20,0,1.0000,863,6.045812,-1,-1,66,0,0,0,0.4,risk_path,4,Bot1|Bot2|Bot3|Bot4,,1,0
114,0.85,75,440,1911151784,3134867747,3627,0.644800,498,1377,36-73,65-72,37-32,52,30,56,42,72,68,0,0,1,52,1,52,83,1,52,31,1,button,1,52,52,0,30,0,1.0000,1939,0.009624,-1,-1,button,1,52,52,0,30,0,1.0000,1939,0.016730,,-1,button,1,52,52,0,30,0,1.0000,1939,0.031828,-1,,button,1,52,52,0,30,0,1.0000,1939,3.157656,35,35,52,0,0,0,0.4,risk_path,4,Bot1|Bot2|Bot3|Bot4,,1,0
115,0.85,75,440,1828045502,3560377918,3637,0.646578,489,1362,63-14,43-70,18-23,94,76,60,54,80,72,1,0,1,94,0,,88,0,,,0,fire_reached_bot,0,91,91,0,-2,3,0.9681,,0.037247,89,89,fire_reached_bot,0,94,88,6,-5,6,0.9362,,0.096624,,-1,fire_reached_bot,0,94,88,6,-5,6,0.9362,,0.151530,-1,,fire_reached_bot,0,94,88,6,-5,6,0.9362,,8.213778,-1,-1,94,0,88,6,,no_path,0,,Bot1|Bot2|Bot3|Bot4,0,1
116,0.85,75,440,794248593,1319229455,3632,0.645689,513,1408,15-60,69-51,1-71,83,63,27,25,92,88,0,0,1,83,1,83,102,1,83,19,1,button,1,83,83,0,11,0,1.0000,1725,0.013741,-1,-1,button,1,83,83,0,11,0,1.0000,1725,0.033290,,-1,button,1,83,83,0,11,0,1.0000,1725,0.050829,-1,,button,1,83,83,0,11,0,1.0000,1725,7.854511,22,22,83,0,0,0,0.4,risk_path,4,Bot1|Bot2|Bot3|Bot4,,1,0
117,0.85,75,440,247906182,231731730,3642,0.647467,494,1409,20-61,54-52,41-36,51,43,52,46,37,29,1,0,1,51,0,,38,0,,,0,fire_reached_bot,0,35,35,0,0,16,0.6863,802,0.003106,34,33,fire_reached_bot,0,41,37,4,-2,22,0.5686,,0.024268,,33,fire_reached_bot,0,44,37,7,-5,24,0.5294,,0.069925,33,,fire_reached_bot,0,41,37,4,-2,22,0.5686,,3.320713,-1,33,41,0,37,4,,no_path,0,,Bot1|Bot2|Bot3|Bot4,0,1
118,0.85,75,440,2338859109,2503174722,3651,0.649067,498,1365,60-47,39-67,22-52,49,41,55,43,40,32,1,0,1,49,0,,46,0,,,0,fire_reached_bot,0,29,29,0,0,20,0.5918,513,0.001742,29,26,fire_reached_bot,0,36,34,2,0,23,0.5306,795,0.014985,,26,fire_reached_bot,0,34,34,0,0,21,0.5714,711,0.014670,26,,fire_reached_bot,0,36,34,2,0,23,0.5306,795,3.172220,-1,26,36,0,34,2,,no_path,0,,Bot1|Bot2|Bot3|Bot4,0,1
119,0.85,75,440,2795650116,841446020,3644,0.647822,511,1355,59-73,29-38,14-26,65,65,92,92,27,27,1,0,1,65,0,,30,0,,,0,walked_into_fire,0,49,49,0,-18,16,0.7538,,0.006877,31,31,fire_reached_bot,0,67,30,37,-36,35,0.4615,,0.134329,,-1,fire_reached_bot,0,67,30,37,-36,35,0.4615,,0.286479,-1,,fire_reached_bot,0,67,30,37,-36,35,0.4615,,4.351167,-1,-1,67,0,30,37,,no_path,0,,Bot1|Bot2|Bot3|Bot4,0,1
120,0.85,75,440,2363225837,4020754255,3642,0.647467,496,1398,9-74,30-27,35-63,78,68,53,37,53,41,1,0,1,78,0,,59,0,,,0,fire_reached_bot,0,37,37,0,0,41,0.4744,729,0.003255,-1,-1,fire_reached_bot,0,37,37,0,0,41,0.4744,729,0.019570,,-1,fire_reached_bot,0,37,37,0,0,41,0.4744,729,0.022955,-1,,fire_reached_bot,0,37,37,0,0,41,0.4744,729,4.093732,-1,-1,37,0,37,0,,shortest_path_fallback,0,,Bot1|Bot2|Bot3|Bot4,0,1
121,0.85,75,440,272157506,212865656,3665,0.651556,503,1381,45-19,17-12,29-12,43,35,25,23,24,12,1,0,1,43,0,,25,0,,,0,fire_reached_bot,0,19,19,0,0,24,0.4419,223,0.000854,19,19,fire_reached_bot,0,23,21,2,0,28,0.3488,322,0.007316,,-1,fire_reached_bot,0,23,21,2,0,28,0.3488,322,0.008670,-1,,fire_reached_bot,0,23,21,2,0,28,0.3488,322,2.238508,-1,-1,23,0,21,2,,no_path,0,,Bot1|Bot2|Bot3|Bot4,0,1
122,0.85,75,440,377564765,534516638,3632,0.645689,502,1362,27-3,24-11,67-44,15,11,83,81,82,76,0,0,1,15,1,15,89,1,15,74,1,button,1,15,15,0,74,0,1.0000,118,0.000318,-1,-1,button,1,15,15,0,74,0,1.0000,118,0.000651,,-1,button,1,15,15,0,74,0,1.0000,118,0.000967,-1,,button,1,15,15,0,74,0,1.0000,118,0.435761,-1,-1,15,0,0,0,0.4,risk_path,4,Bot1|Bot2|Bot3|Bot4,,1,0
123,0.85,75,440,1595995648,4164420774,3638,0.646756,514,1373,61-17,41-64,33-69,75,67,88,80,21,13,1,0,1,75,0,,23,0,,,0,walked_into_fire,0,48,48,0,-24,27,0.6400,,0.003962,21,21,fire_reached_bot,0,76,20,56,-52,55,0.2667,,0.232727,,-1,fire_reached_bot,0,76,20,56,-52,55,0.2667,,0.468417,-1,,fire_reached_bot,0,76,20,56,-52,55,0.2667,,4.094455,-1,-1,76,0,20,56,,no_path,0,,Bot1|Bot2|Bot3|Bot4,0,1
124,0.85,75,440,2851316964,3849568425,3612,0.642133,497,1349,30-47,1-14,18-2,64,62,73,57,31,29,1,0,1,64,0,,32,0,,,0,walked_into_fire,0,40,40,0,-7,24,0.6250,,0.002742,30,30,fire_reached_bot,0,49,29,20,-16,35,0.4531,,0.095685,,-1,fire_reached_bot,0,49,29,20,-16,35,0.4531,,0.201761,-1,,fire_reached_bot,0,49,29,20,-16,35,0.4531,,4.000654,-1,-1,49,0,29,20,,no_path,0,,Bot1|Bot2|Bot3|Bot4,0,1
125,0.85,75,440,75640016,983425269,3623,0.644089,509,1341,47-43,18-9,40-9,73,63,43,41,34,22,1,0,1,73,0,,40,0,,,0,walked_into_fire,0,33,33,0,-1,40,0.4521,417,0.002122,32,30,fire_reached_bot,0,48,40,8,-7,51,0.3014,,0.052003,,30,fire_reached_bot,0,50,40,10,-9,55,0.2466,,0.101205,30,,fire_reached_bot,0,48,40,8,-7,51,0.3014,,5.699138,-1,30,48,0,40,8,,no_path,0,,Bot1|Bot2|Bot3|Bot4,0,1
126,0.85,75,440,2257855052,553856936,3648,0.648533,488,1395,40-62,42-9,71-44,85,55,51,49,70,64,1,0,1,85,0,,81,0,,,0,fire_reached_bot,0,51,51,0,0,34,0.6000,1006,0.006612,51,50,fire_reached_bot,0,63,62,1,0,47,0.4471,1510,0.050606,,50,fire_reached_bot,0,67,66,1,0,51,0.4000,1667,0.080843,50,,fire_reached_bot,0,63,62,1,0,47,0.4471,1510,8.703710,-1,50,63,0,62,1,,no_path,0,,Bot1|Bot2|Bot3|Bot4,0,1
127,0.85,75,440,2387835660,4210166861,3638,0.646756,493,1389,16-46,13-0,26-22,61,49,38,34,35,35,1,0,1,61,0,,39,0,,,0,walked_into_fire,0,24,24,0,-1,37,0.3934,429,0.001388,20,20,fire_reached_bot,0,28,19,9,0,42,0.3115,652,0.042344,,-1,fire_reached_bot,0,28,19,9,0,42,0.3115,652,0.087811,-1,,fire_reached_bot,0,28,19,9,0,42,0.3115,652,2.497044,-1,-1,28,0,19,9,,no_path,0,,Bot1|Bot2|Bot3|Bot4,0,1
128,0.85,75,440,880119995,1942672215,3641,0.647289,524,1390,39-49,62-0,18-73,82,72,45,45,127,117,0,0,1,82,1,82,143,1,82,61,1,button,1,82,82,0,51,0,1.0000,2043,0.017803,-1,-1,button,1,82,82,0,51,0,1.0000,2043,0.047612,,-1,button,1,82,82,0,51,0,1.0000,2043,0.075139,-1,,button,1,82,82,0,52,0,1.0000,2043,7.955202,4,4,82,0,0,0,0.4,risk_path,4,Bot1|Bot2|Bot3|Bot4,,1,0
129,0.85,75,440,2335898079,2211249253,3628,0.644978,514,1381,37-2,64-0,45-5,67,29,11,11,58,24,1,0,1,67,0,,67,0,,,0,fire_reached_bot,0,6,6,0,0,61,0.0896,13,0.000473,3,1,fire_reached_bot,0,56,53,3,0,80,-0.1940,1125,0.063203,,1,fire_reached_bot,0,56,53,3,0,80,-0.1940,1125,0.064341,1,,fire_reached_bot,0,56,53,3,0,80,-0.1940,1125,8.831211,-1,1,56,0,53,3,,no_path,0,,Bot1|Bot2|Bot3|Bot4,0,1
130,0.85,75,440,1465691200,1383389641,3648,0.648533,504,1394,67-45,2-1,32-38,111,109,54,42,67,67,1,0,1,111,0,,73,0,,,0,walked_into_fire,0,30,30,0,-1,81,0.2703,579,0.001970,23,23,fire_reached_bot,0,46,44,2,0,77,0.3063,1597,0.037570,,-1,fire_reached_bot,0,46,44,2,0,77,0.3063,1597,0.041558,-1,,fire_reached_bot,0,46,44,2,0,77,0.3063,1597,6.556534,-1,-1,46,0,44,2,,no_path,0,,Bot1|Bot2|Bot3|Bot4,0,1
131,0.85,75,440,440757090,857276793,3614,0.642489,500,1344,44-57,14-72,67-57,47,45,29,23,76,68,0,0,1,47,1,47,88,1,47,41,1,button,1,47,47,0,32,0,1.0000,904,0.004983,-1,-1,button,1,47,47,0,32,0,1.0000,904,0.012445,,-1,button,1,47,47,0,32,0,1.0000,904,0.016942,-1,,button,1,47,47,0,32,0,1.0000,904,3.353085,-1,-1,47,0,0,0,0.4,risk_path,4,Bot1|Bot2|Bot3|Bot4,,1,0
132,0.85,75,440,3555543580,3812448778,3626,0.644622,494,1308,13-24,61-74,48-37,102,98,60,48,52,50,1,0,1,102,0,,57,0,,,0,fire_reached_bot,0,35,35,0,0,67,0.3431,573,0.002563,33,33,fire_reached_bot,0,55,47,8,0,81,0.2059,1715,0.060153,,-1,fire_reached_bot,0,55,47,8,0,81,0.2059,1715,0.095982,-1,,fire_reached_bot,0,55,47,8,0,81,0.2059,1715,7.091671,-1,-1,55,0,47,8,,no_path,0,,Bot1|Bot2|Bot3|Bot4,0,1
133,0.85,75,440,948442129,703702193,3606,0.641067,489,1329,17-44,66-21,47-52,80,72,44,38,60,50,1,0,1,80,0,,70,0,,,0,walked_into_fire,0,72,72,0,-1,8,0.9000,,0.018231,71,71,fire_reached_bot,0,73,70,3,-2,10,0.8750,,0.058742,,-1,fire_reached_bot,0,73,70,3,-2,10,0.8750,,0.090699,-1,,fire_reached_bot,0,73,70,3,-2,10,0.8750,,7.664493,-1,-1,73,0,70,3,,no_path,0,,Bot1|Bot2|Bot3|Bot4,0,1
134,0.85,75,440,1102281211,3563752405,3654,0.649600,503,1348,15-61,46-3,6-5,101,89,91,65,70,42,1,0,1,101,0,,79,0,,,0,walked_into_fire,0,57,57,0,-2,44,0.5644,739,0.004738,56,55,fire_reached_bot,0,78,78,0,0,41,0.5941,1419,0.065574,,55,fire_reached_bot,0,78,78,0,0,41,0.5941,1419,0.083671,55,,fire_reached_bot,0,78,78,0,0,41,0.5941,1419,12.988178,-1,55,78,0,78,0,,shortest_path_fallback,0,,Bot1|Bot2|Bot3|Bot4,0,1
135,0.85,75,440,807723142,2871911597,3642,0.647467,509,1338,62-61,53-43,38-3,37,27,96,82,69,55,0,0,1,37,1,37,77,1,37,40,1,button,1,37,37,0,40,0,1.0000,582,0.002544,-1,-1,button,1,37,37,0,40,0,1.0000,582,0.005676,,-1,button,1,37,37,0,40,0,1.0000,582,0.008941,-1,,button,1,37,37,0,40,0,1.0000,582,2.332515,-1,-1,37,0,0,0,0.4,risk_path,4,Bot1|Bot2|Bot3|Bot4,,1,0
136,0.85,75,440,1899007051,3079980098,3638,0.646756,507,1386,8-11,70-74,66-70,137,125,125,117,32,8,1,0,1,137,0,,39,0,,,0,fire_reached_bot,0,66,66,0,-26,71,0.4818,,0.009837,19,19,fire_reached_bot,0,116,18,98,-76,119,0.1314,,0.431047,,-1,fire_reached_bot,0,116,18,98,-76,119,0.1314,,0.818730,-1,,fire_reached_bot,0,116,18,98,-76,119,0.1314,,5.333335,-1,-1,116,0,18,98,,no_path,0,,Bot1|Bot2|Bot3|Bot4,0,1
137,0.85,75,440,647213272,3488528219,3639,0.646933,496,1345,70-47,48-57,68-22,44,32,33,27,57,55,0,0,1,44,1,44,63,1,44,19,1,button,1,44,44,0,18,0,1.0000,932,0.004502,-1,-1,button,1,44,44,0,18,0,1.0000,932,0.011965,,-1,button,1,44,44,0,18,0,1.0000,932,0.014356,-1,,button,1,44,44,0,18,0,1.0000,932,3.109550,-1,-1,44,0,0,0,0.4,risk_path,4,Bot1|Bot2|Bot3|Bot4,,1,0
138,0.85,75,440,2955646883,1522454323,3639,0.646933,498,1348,70-34,60-68,42-16,66,44,52,46,88,70,0,0,1,66,1,66,102,1,66,36,1,button,1,66,66,0,31,0,1.0000,2279,0.015749,-1,-1,button,1,66,66,0,31,0,1.0000,2279,0.034518,,-1,button,1,66,66,0,31,0,1.0000,2279,0.064227,-1,,button,1,66,66,0,31,0,1.0000,2279,4.883864,60,60,66,0,0,0,0.4,risk_path,4,Bot1|Bot2|Bot3|Bot4,,1,0
139,0.85,75,440,3313783522,2464351505,3645,0.648000,495,1407,56-27,40-63,31-4,64,52,54,48,80,68,0,0,1,64,1,64,90,1,64,26,1,button,1,64,64,0,22,0,1.0000,1622,0.010260,-1,-1,button,1,64,64,0,22,0,1.0000,1622,0.024733,,-1,button,1,64,64,0,22,0,1.0000,1622,0.036977,-1,,button,1,64,64,0,22,0,1.0000,1622,5.262134,50,50,64,0,0,0,0.4,risk_path,4,Bot1|Bot2|Bot3|Bot4,,1,0
140,0.85,75,440,3452405857,2375599770,3649,0.648711,506,1372,37-2,71-34,45-58,70,66,82,64,60,50,1,0,1,70,0,,71,1,70,1,1,button,1,70,70,0,1,0,1.0000,2045,0.016538,-1,-1,button,1,70,70,0,1,0,1.0000,2045,0.035351,,-1,button,1,70,70,0,1,0,1.0000,2045,0.055706,-1,,button,1,70,70,0,1,0,1.0000,2045,6.726764,54,54,70,9,48,0,0.99,risk_path,4,Bot1|Bot2|Bot3|Bot4,,1,0
141,0.85,75,440,1002585984,1855575115,3672,0.652800,510,1408,39-60,63-11,65-29,83,73,63,57,26,20,1,0,1,83,0,,30,0,,,0,fire_reached_bot,0,34,34,0,-3,49,0.4096,,0.003083,20,20,fire_reached_bot,0,42,30,12,-11,55,0.3373,,0.096375,,-1,fire_reached_bot,0,42,30,12,-11,55,0.3373,,0.168729,-1,,fire_reached_bot,0,42,30,12,-11,55,0.3373,,5.474658,-1,-1,42,0,30,12,,no_path,0,,Bot1|Bot2|Bot3|Bot4,0,1
142,0.85,75,440,216244798,858947628,3652,0.649244,509,1403,47-4,42-58,32-25,87,59,40,36,61,43,1,0,1,87,0,,71,0,,,0,fire_reached_bot,0,42,42,0,0,45,0.4828,1184,0.005302,34,34,fire_reached_bot,0,73,69,4,-1,48,0.4483,,0.067806,,-1,fire_reached_bot,0,73,69,4,-1,48,0.4483,,0.113399,-1,,fire_reached_bot,0,73,69,4,-1,48,0.4483,,6.349092,-1,-1,73,0,69,4,,no_path,0,,Bot1|Bot2|Bot3|Bot4,0,1
143,0.85,75,440,1035138522,1426829652,3638,0.646756,509,1403,25-73,20-22,66-72,76,56,68,42,98,96,0,0,1,76,1,76,111,1,76,35,1,button,1,76,76,0,33,0,1.0000,1426,0.011299,-1,-1,button,1,76,76,0,33,0,1.0000,1426,0.038720,,-1,button,1,76,76,0,33,0,1.0000,1426,0.062222,-1,,button,1,76,76,0,33,0,1.0000,1426,7.580121,-1,-1,76,0,0,0,0.4,risk_path,4,Bot1|Bot2|Bot3|Bot4,,1,0
144,0.85,75,440,833741974,2067007930,3647,0.648356,507,1395,18-23,49-6,31-6,66,48,50,30,28,18,1,0,1,66,0,,31,0,,,0,walked_into_fire,0,27,27,0,-1,39,0.4091,284,0.001357,24,23,fire_reached_bot,0,37,30,7,-5,50,0.2424,,0.041752,,23,fire_reached_bot,0,40,30,10,-8,52,0.2121,,0.127934,23,,fire_reached_bot,0,37,30,7,-5,50,0.2424,,4.416604,-1,23,37,0,30,7,,no_path,0,,Bot1|Bot2|Bot3|Bot4,0,1
145,0.85,75,440,2337670084,113731334,3646,0.648178,502,1417,55-29,37-24,34-37,45,23,45,29,28,16,1,0,1,45,0,,32,0,,,0,fire_reached_bot,0,28,28,0,0,17,0.6222,484,0.001968,27,27,fire_reached_bot,0,30,26,4,0,19,0.5778,570,0.026781,,-1,fire_reached_bot,0,30,26,4,0,19,0.5778,570,0.053904,-1,,fire_reached_bot,0,30,26,4,0,19,0.5778,570,2.403623,-1,-1,30,0,26,4,,no_path,0,,Bot1|Bot2|Bot3|Bot4,0,1
146,0.85,75,440,1787649367,1167024077,3657,0.650133,512,1392,14-28,1-15,50-67,26,26,83,75,107,101,0,0,1,26,1,26,123,1,26,97,1,button,1,26,26,0,91,0,1.0000,196,0.000733,-1,-1,button,1,26,26,0,91,0,1.0000,196,0.001871,,-1,button,1,26,26,0,91,0,1.0000,196,0.002734,-1,,button,1,26,26,0,91,0,1.0000,196,1.215789,-1,-1,26,0,0,0,0.4,risk_path,4,Bot1|Bot2|Bot3|Bot4,,1,0
147,0.85,75,440,979999953,4214328274,3643,0.647644,509,1369,73-50,6-59,2-35,108,76,110,86,54,28,1,0,1,108,0,,61,0,,,0,walked_into_fire,0,67,67,0,-5,41,0.6204,,0.009294,58,58,fire_reached_bot,0,81,61,20,-19,55,0.4907,,0.127787,,-1,fire_reached_bot,0,81,61,20,-19,55,0.4907,,0.228934,-1,,fire_reached_bot,0,81,61,20,-19,55,0.4907,,10.398275,-1,-1,81,0,61,20,,no_path,0,,Bot1|Bot2|Bot3|Bot4,0,1
148,0.85,75,440,1054847335,3500475643,3631,0.645511,510,1332,16-42,50-74,65-40,70,66,67,51,55,49,1,0,1,70,0,,67,0,,,0,walked_into_fire,0,68,68,0,-1,2,0.9714,2088,0.014133,67,67,fire_reached_bot,0,69,66,3,-1,4,0.9429,,0.028617,,-1,fire_reached_bot,0,69,66,3,-1,4,0.9429,,0.052891,-1,,fire_reached_bot,0,69,66,3,-1,4,0.9429,,5.790919,-1,-1,69,0,66,3,,no_path,0,,Bot1|Bot2|Bot3|Bot4,0,1
149,0.85,75,440,175257072,1831328636,3645,0.648000,497,1375,51-67,36-24,24-26,78,58,76,68,16,14,1,0,1,78,0,,20,0,,,0,walked_into_fire,0,44,44,0,-23,34,0.5641,,0.005941,18,18,fire_reached_bot,0,74,17,57,-53,61,0.2179,,0.193977,,-1,fire_reached_bot,0,74,17,57,-53,61,0.2179,,0.408280,-1,,fire_reached_bot,0,74,17,57,-53,61,0.2179,,2.560153,-1,-1,74,0,17,57,,no_path,0,,Bot1|Bot2|Bot3|Bot4,0,1
150,0.85,75,440,782275208,1449296483,3626,0.644622,490,1345,36-22,61-74,74-15,91,77,59,45,76,72,1,0,1,91,0,,90,0,,,0,fire_reached_bot,0,90,90,0,0,1,0.9890,2310,0.022302,-1,-1,fire_reached_bot,0,90,90,0,0,1,0.9890,2310,0.062991,,-1,fire_reached_bot,0,90,90,0,0,1,0.9890,2310,0.086666,-1,,fire_reached_bot,0,90,90,0,0,1,0.9890,2310,9.504860,-1,-1,90,7,83,0,0.99,shortest_path_fallback,0,,Bot1|Bot2|Bot3|Bot4,0,1
151,0.85,75,440,1315622670,76071239,3641,0.647289,502,1361,31-53,41-5,48-29,80,58,61,41,35,31,1,0,1,80,0,,38,0,,,0,fire_reached_bot,0,31,31,0,0,49,0.3875,373,0.002177,-1,31,fire_reached_bot,0,31,31,0,0,49,0.3875,373,0.021621,,31,fire_reached_bot,0,32,32,0,0,50,0.3750,402,0.022980,31,,fire_reached_bot,0,31,31,0,0,49,0.3875,373,4.751217,-1,31,31,0,31,0,,shortest_path_fallback,0,,Bot1|Bot2|Bot3|Bot4,0,1
152,0.85,75,440,3579991625,3229194548,3608,0.641422,497,1331,48-13,34-13,13-45,32,14,69,67,65,53,0,0,1,32,1,32,71,1,32,39,1,button,1,32,32,0,37,0,1.0000,614,0.002112,-1,-1,button,1,32,32,0,37,0,1.0000,614,0.005575,,-1,button,1,32,32,0,37,0,1.0000,614,0.007725,-1,,button,1,32,32,0,37,0,1.0000,614,1.557160,-1,-1,32,0,0,0,0.4,risk_path,4,Bot1|Bot2|Bot3|Bot4,,1,0
153,0.85,75,440,3847139812,3509606694,3641,0.647289,498,1353,5-25,63-60,7-65,105,93,70,42,91,61,1,0,1,105,0,,110,0,,,0,fire_reached_bot,0,52,52,0,0,53,0.4952,773,0.005959,52,51,fire_reached_bot,0,55,54,1,0,57,0.4571,857,0.056493,,51,fire_reached_bot,0,56,55,1,0,60,0.4286,885,0.062910,51,,fire_reached_bot,0,55,54,1,0,57,0.4571,857,9.193289,-1,51,55,0,54,1,,no_path,0,,Bot1|Bot2|Bot3|Bot4,0,1
154,0.85,75,440,3024991366,1532867464,3642,0.647467,510,1382,14-15,44-47,50-59,66,62,86,80,20,18,1,0,1,66,0,,25,0,,,0,walked_into_fire,0,47,47,0,-21,19,0.7121,,0.005806,26,26,fire_reached_bot,0,70,25,45,-44,41,0.3788,,0.168292,,-1,fire_reached_bot,0,70,25,45,-44,41,0.3788,,0.330935,-1,,fire_reached_bot,0,70,25,45,-44,41,0.3788,,3.876299,-1,-1,70,0,25,45,,no_path,0,,Bot1|Bot2|Bot3|Bot4,0,1
155,0.85,75,440,77398656,2952771356,3656,0.649956,502,1378,31-28,68-3,37-6,66,62,34,28,46,34,1,0,1,66,0,,51,0,,,0,fire_reached_bot,0,40,40,0,0,26,0.6061,698,0.003311,-1,40,fire_reached_bot,0,40,40,0,0,26,0.6061,698,0.010022,,40,fire_reached_bot,0,41,41,0,0,25,0.6212,730,0.014050,40,,fire_reached_bot,0,40,40,0,0,26,0.6061,698,4.573381,-1,40,40,0,40,0,,shortest_path_fallback,0,,Bot1|Bot2|Bot3|Bot4,0,1
156,0.85,75,440,1479374087,890278548,3637,0.646578,485,1364,25-27,72-41,49-50,75,61,57,47,46,32,1,0,1,75,0,,54,0,,,0,fire_reached_bot,0,31,31,0,0,44,0.4133,353,0.001933,30,30,fire_reached_bot,0,51,50,1,0,31,0.5867,1287,0.025510,,47,fire_reached_bot,0,51,50,1,0,29,0.6133,1287,0.031244,47,,fire_reached_bot,0,51,50,1,0,31,0.5867,1287,5.730050,-1,47,51,0,50,1,,no_path,0,,Bot1|Bot2|Bot3|Bot4,0,1
157,0.85,75,440,2224295823,2491851967,3652,0.649244,510,1364,9-52,44-18,52-33,75,69,76,62,25,23,1,0,1,75,0,,29,0,,,0,fire_reached_bot,0,45,45,0,-15,30,0.6000,,0.005758,29,29,fire_reached_bot,0,55,28,27,-25,47,0.3733,,0.102364,,-1,fire_reached_bot,0,55,28,27,-25,47,0.3733,,0.216291,-1,,fire_reached_bot,0,55,28,27,-25,47,0.3733,,3.798700,-1,-1,55,0,28,27,,no_path,0,,Bot1|Bot2|Bot3|Bot4,0,1
158,0.85,75,440,4250350007,863802251,3634,0.646044,516,1368,52-14,14-5,70-62,57,47,82,66,123,113,0,0,1,57,1,57,133,1,57,76,1,button,1,57,57,0,75,0,1.0000,880,0.005356,-1,-1,button,1,57,57,0,75,0,1.0000,880,0.012196,,-1,button,1,57,57,0,75,0,1.0000,880,0.018308,-1,,button,1,57,57,0,75,0,1.0000,880,5.371336,-1,-1,57,0,0,0,0.4,risk_path,4,Bot1|Bot2|Bot3|Bot4,,1,0
159,0.85,75,440,1797411092,3333033759,3625,0.644444,505,1318,69-22,18-54,2-51,89,83,106,96,21,19,1,0,1,89,0,,23,0,,,0,walked_into_fire,0,57,57,0,-33,32,0.6404,,0.005840,24,24,fire_reached_bot,0,93,23,70,-69,66,0.2584,,0.279949,,-1,fire_reached_bot,0,93,23,70,-69,66,0.2584,,0.545448,-1,,fire_reached_bot,0,93,23,70,-69,66,0.2584,,4.711581,-1,-1,93,0,23,70,,no_path,0,,Bot1|Bot2|Bot3|Bot4,0,1
160,0.85,75,440,2622103724,4030296821,3630,0.645333,510,1345,71-28,17-69,71-57,103,95,41,29,98,66,1,0,1,103,0,,115,1,103,12,1,button,1,103,103,0,11,0,1.0000,2536,0.028858,-1,-1,button,1,103,103,0,11,0,1.0000,2536,0.097927,,-1,button,1,103,103,0,11,0,1.0000,2536,0.139502,-1,,button,1,103,103,0,10,0,1.0000,2536,11.058989,16,16,103,11,0,0,0.99,risk_path,4,Bot1|Bot2|Bot3|Bot4,,1,0
161,0.85,75,440,2317555799,151919511,3653,0.649422,497,1386,39-11,9-48,34-21,71,67,19,15,58,52,1,0,1,71,0,,68,0,,,0,walked_into_fire,0,12,12,0,-2,59,0.1690,84,0.000682,10,9,fire_reached_bot,0,32,32,0,0,57,0.1972,510,0.016058,,9,fire_reached_bot,0,45,45,0,0,62,0.1268,1148,0.030674,9,,fire_reached_bot,0,32,32,0,0,57,0.1972,510,4.627354,-1,9,32,0,32,0,,shortest_path_fallback,0,,Bot1|Bot2|Bot3|Bot4,0,1
162,0.85,75,440,197254622,1131390103,3628,0.644978,492,1357,64-4,48-48,10-59,78,60,119,109,69,49,1,0,1,78,0,,85,1,78,7,1,button,1,78,78,0,7,0,1.0000,1418,0.011307,-1,-1,button,1,78,78,0,7,0,1.0000,1418,0.041329,,-1,button,1,78,78,0,7,0,1.0000,1418,0.055427,-1,,button,1,78,78,0,7,0,1.0000,1418,9.054528,-1,-1,78,34,15,0,0.99,risk_path,4,Bot1|Bot2|Bot3|Bot4,,1,0
163,0.85,75,440,2939572986,872181782,3637,0.646578,492,1354,24-49,24-6,26-14,61,43,47,37,26,10,1,0,1,61,0,,30,0,,,0,fire_reached_bot,0,25,25,0,0,36,0.4098,358,0.001521,19,19,fire_reached_bot,0,38,27,11,-7,44,0.2787,,0.061719,,-1,fire_reached_bot,0,38,27,11,-7,44,0.2787,,0.125738,-1,,fire_reached_bot,0,38,27,11,-7,44,0.2787,,3.855763,-1,-1,38,0,27,11,,no_path,0,,Bot1|Bot2|Bot3|Bot4,0,1
164,0.85,75,440,318478055,3662582948,3642,0.647467,515,1402,71-51,66-61,54-8,21,15,76,60,89,65,0,0,1,21,1,21,101,1,21,80,1,button,1,21,21,0,78,0,1.0000,191,0.000531,-1,-1,button,1,21,21,0,78,0,1.0000,191,0.001489,,-1,button,1,21,21,0,78,0,1.0000,191,0.002044,-1,,button,1,21,21,0,78,0,1.0000,191,0.796262,-1,-1,21,0,0,0,0.4,risk_path,4,Bot1|Bot2|Bot3|Bot4,,1,0
165,0.85,75,440,4153650681,247554762,3644,0.647822,510,1382,64-68,47-30,67-69,71,55,10,4,81,59,0,0,1,71,1,71,96,1,71,25,1,button,1,71,71,0,12,0,1.0000,1070,0.011556,-1,-1,button,1,71,71,0,12,0,1.0000,1070,0.030461,,-1,button,1,71,71,0,12,0,1.0000,1070,0.039513,-1,,button,1,71,71,0,12,0,1.0000,1070,7.514824,-1,-1,71,0,0,0,0.4,risk_path,4,Bot1|Bot2|Bot3|Bot4,,1,0
166,0.85,75,440,3449166865,1705888709,3633,0.645867,507,1380,4-1,11-58,21-60,82,64,84,76,34,12,1,0,1,82,0,,40,0,,,0,walked_into_fire,0,45,45,0,-4,37,0.5488,,0.006898,39,39,fire_reached_bot,0,52,38,14,-11,44,0.4634,,0.078950,,-1,fire_reached_bot,0,52,38,14,-11,44,0.4634,,0.138148,-1,,fire_reached_bot,0,52,38,14,-11,44,0.4634,,5.260401,-1,-1,52,0,38,14,,no_path,0,,Bot1|Bot2|Bot3|Bot4,0,1
167,0.85,75,440,922269232,2098977963,3647,0.648356,511,1360,13-1,33-41,63-8,76,60,65,57,65,63,1,0,1,76,0,,70,0,,,0,fire_reached_bot,0,57,57,0,0,19,0.7500,1116,0.011644,56,55,fire_reached_bot,0,64,62,2,0,18,0.7632,1365,0.032261,,55,fire_reached_bot,0,74,70,4,-3,16,0.7895,,0.087015,55,,fire_reached_bot,0,64,62,2,0,18,0.7632,1365,8.126543,-1,55,64,0,62,2,,no_path,0,,Bot1|Bot2|Bot3|Bot4,0,1
168,0.85,75,440,544612032,2877135198,3672,0.652800,519,1443,73-8,4-23,58-24,108,84,33,31,77,55,1,0,1,108,0,,84,0,,,0,walked_into_fire,0,37,37,0,-2,71,0.3426,792,0.004652,36,35,fire_reached_bot,0,44,41,3,0,77,0.2870,1167,0.048934,,35,fire_reached_bot,0,46,41,5,0,75,0.3056,1240,0.054448,35,,fire_reached_bot,0,44,41,3,0,77,0.2870,1167,6.224045,-1,35,44,0,41,3,,no_path,0,,Bot1|Bot2|Bot3|Bot4,0,1
169,0.85,75,440,3778881665,2740835865,3659,0.650489,524,1370,53-11,25-60,12-64,89,77,106,94,17,17,1,0,1,89,0,,19,0,,,0,fire_reached_bot,0,56,56,0,-36,33,0.6292,,0.007799,20,20,fire_reached_bot,0,98,19,79,-78,70,0.2135,,0.303485,,-1,fire_reached_bot,0,98,19,79,-78,70,0.2135,,0.630269,-1,,fire_reached_bot,0,98,19,79,-78,70,0.2135,,4.192120,-1,-1,98,0,19,79,,no_path,0,,Bot1|Bot2|Bot3|Bot4,0,1
170,0.85,75,440,229250927,3518222234,3643,0.647644,495,1356,14-12,17-54,46-5,67,45,45,39,78,78,0,0,1,67,1,67,89,1,67,22,1,button,1,67,67,0,22,0,1.0000,1685,0.012076,-1,-1,button,1,67,67,0,22,0,1.0000,1685,0.028777,,-1,button,1,67,67,0,22,0,1.0000,1685,0.045112,-1,,button,1,67,67,0,22,0,1.0000,1685,6.129749,26,26,67,0,0,0,0.4,risk_path,4,Bot1|Bot2|Bot3|Bot4,,1,0
171,0.85,75,440,1085318485,4112605803,3639,0.646933,508,1381,36-73,72-19,35-7,98,90,87,67,55,49,1,0,1,98,0,,65,0,,,0,fire_reached_bot,0,57,57,0,0,41,0.5816,1377,0.009770,-1,57,fire_reached_bot,0,57,57,0,0,41,0.5816,1377,0.059480,,57,fire_reached_bot,0,68,64,4,-2,44,0.5510,,0.115841,57,,fire_reached_bot,0,57,57,0,0,41,0.5816,1377,8.393689,-1,57,57,0,57,0,,shortest_path_fallback,0,,Bot1|Bot2|Bot3|Bot4,0,1
172,0.85,75,440,1943131252,2533243586,3649,0.648711,504,1361,49-28,24-40,33-20,43,37,28,24,33,29,1,0,1,43,0,,37,0,,,0,fire_reached_bot,0,18,18,0,0,25,0.4186,221,0.000775,17,16,fire_reached_bot,0,36,33,3,0,30,0.3023,879,0.010686,,16,fire_reached_bot,0,35,33,2,0,30,0.3023,827,0.013634,16,,fire_reached_bot,0,36,33,3,0,30,0.3023,879,3.118460,-1,16,36,0,33,3,,no_path,0,,Bot1|Bot2|Bot3|Bot4,0,1
173,0.85,75,440,815405907,3357921857,3626,0.644622,501,1351,17-10,2-58,1-70,77,63,88,76,23,13,1,0,1,77,0,,25,0,,,0,walked_into_fire,0,46,46,0,-20,31,0.5974,,0.003008,19,19,fire_reached_bot,0,75,18,57,-49,59,0.2338,,0.252273,,-1,fire_reached_bot,0,75,18,57,-49,59,0.2338,,0.579337,-1,,fire_reached_bot,0,75,18,57,-49,59,0.2338,,3.816430,-1,-1,75,0,18,57,,no_path,0,,Bot1|Bot2|Bot3|Bot4,0,1
174,0.85,75,440,2300978891,2614612160,3647,0.648356,501,1375,29-35,5-65,18-74,54,54,60,50,26,22,1,0,1,54,0,,30,0,,,0,fire_reached_bot,0,32,32,0,-1,22,0.5926,,0.001286,28,28,fire_reached_bot,0,37,27,10,-6,27,0.5000,,0.052042,,-1,fire_reached_bot,0,37,27,10,-6,27,0.5000,,0.132118,-1,,fire_reached_bot,0,37,27,10,-6,27,0.5000,,4.158823,-1,-1,37,0,27,10,,no_path,0,,Bot1|Bot2|Bot3|Bot4,0,1
175,0.85,75,440,2018207897,3314081923,3620,0.643556,501,1355,16-10,53-27,60-70,66,54,122,104,56,50,1,0,1,66,0,,67,1,66,1,1,button,1,66,66,0,1,0,1.0000,1366,0.010512,-1,-1,button,1,66,66,0,1,0,1.0000,1366,0.027212,,-1,button,1,66,66,0,1,0,1.0000,1366,0.059269,-1,,button,1,66,66,0,1,0,1.0000,1366,6.566579,51,51,66,17,49,0,0.99,risk_path,4,Bot1|Bot2|Bot3|Bot4,,1,0
176,0.85,75,440,2818097894,3512310857,3632,0.645689,509,1342,11-44,26-37,59-48,46,22,74,52,66,44,0,0,1,46,1,46,75,1,46,29,1,button,1,46,46,0,26,0,1.0000,736,0.003487,-1,-1,button,1,46,46,0,26,0,1.0000,736,0.013272,,-1,button,1,46,46,0,26,0,1.0000,736,0.021003,-1,,button,1,46,46,0,26,0,1.0000,736,3.371081,6,6,46,0,0,0,0.4,risk_path,4,Bot1|Bot2|Bot3|Bot4,,1,0
177,0.85,75,440,2027427399,1220179851,3630,0.645333,486,1356,30-38,73-15,50-71,66,66,63,53,95,79,0,0,1,66,1,66,114,1,66,48,1,button,1,66,66,0,48,0,1.0000,1088,0.005930,-1,-1,button,1,66,66,0,48,0,1.0000,1088,0.012717,,-1,button,1,66,66,0,48,0,1.0000,1088,0.020959,-1,,button,1,66,66,0,48,0,1.0000,1088,6.531808,37,37,66,0,0,0,0.4,risk_path,4,Bot1|Bot2|Bot3|Bot4,,1,0
178,0.85,75,440,3599993327,1032513067,3649,0.648711,514,1379,52-28,3-70,60-5,101,91,39,31,122,122,0,0,1,101,1,101,133,1,101,32,1,button,1,101,101,0,30,0,1.0000,2747,0.029486,-1,-1,button,1,101,101,0,30,0,1.0000,2747,0.057711,,-1,button,1,101,101,0,30,0,1.0000,2747,0.109337,-1,,button,1,101,101,0,30,0,1.0000,2747,9.597987,-1,-1,101,0,0,0,0.4,risk_path,4,Bot1|Bot2|Bot3|Bot4,,1,0
179,0.85,75,440,2543364003,1899170686,3632,0.645689,503,1387,41-38,55-52,67-5,34,28,63,59,69,59,0,0,1,34,1,34,76,1,34,42,1,button,1,34,34,0,42,0,1.0000,234,0.001186,-1,-1,button,1,34,34,0,42,0,1.0000,234,0.003868,,-1,button,1,34,34,0,42,0,1.0000,234,0.007602,-1,,button,1,34,34,0,42,0,1.0000,234,1.965015,19,19,34,0,0,0,0.4,risk_path,4,Bot1|Bot2|Bot3|Bot4,,1,0
180,0.85,75,440,1116830270,123999137,3635,0.646222,502,1362,41-21,71-69,61-69,92,78,78,68,30,10,1,0,1,92,0,,33,0,,,0,walked_into_fire,0,42,42,0,-8,50,0.4565,,0.003412,16,16,fire_reached_bot,0,70,15,55,-36,77,0.1630,,0.258294,,-1,fire_reached_bot,0,70,15,55,-36,77,0.1630,,0.525002,-1,,fire_reached_bot,0,70,15,55,-36,77,0.1630,,3.431592,-1,-1,70,0,15,55,,no_path,0,,Bot1|Bot2|Bot3|Bot4,0,1
181,0.85,75,440,4129245186,2777447817,3675,0.653333,520,1414,58-11,69-10,38-59,16,12,74,68,86,80,0,0,1,16,1,16,99,1,16,83,1,button,1,16,16,0,82,0,1.0000,96,0.000256,-1,-1,button,1,16,16,0,82,0,1.0000,96,0.000813,,-1,button,1,16,16,0,82,0,1.0000,96,0.001046,-1,,button,1,16,16,0,82,0,1.0000,96,0.505073,2,2,16,0,0,0,0.4,risk_path,4,Bot1|Bot2|Bot3|Bot4,,1,0
182,0.85,75,440,699038936,1084992602,3641,0.647289,516,1390,25-21,56-28,5-35,46,38,36,34,74,58,0,0,1,46,1,46,89,1,46,43,1,button,1,46,46,0,34,0,1.0000,913,0.004109,-1,-1,button,1,46,46,0,34,0,1.0000,913,0.008581,,-1,button,1,46,46,0,34,0,1.0000,913,0.013337,-1,,button,1,46,46,0,34,0,1.0000,913,2.953275,18,18,46,0,0,0,0.4,risk_path,4,Bot1|Bot2|Bot3|Bot4,,1,0
183,0.85,75,440,3412191491,4070376951,3637,0.646578,496,1387,62-44,41-67,63-45,54,44,2,2,56,44,0,0,1,54,1,54,64,1,54,10,1,button,1,54,54,0,2,0,1.0000,1279,0.007720,-1,-1,button,1,54,54,0,2,0,1.0000,1279,0.016503,,-1,button,1,54,54,0,2,0,1.0000,1279,0.024988,-1,,button,1,54,54,0,2,0,1.0000,1279,3.605527,-1,-1,54,0,0,0,0.4,risk_path,4,Bot1|Bot2|Bot3|Bot4,,1,0
184,0.85,75,440,1126362104,2531367481,3631,0.645511,503,1386,31-17,21-48,48-3,53,41,39,31,78,72,0,0,1,53,1,53,96,1,53,43,1,button,1,53,53,0,37,0,1.0000,690,0.003310,-1,-1,button,1,53,53,0,37,0,1.0000,690,0.011623,,-1,button,1,53,53,0,37,0,1.0000,690,0.015177,-1,,button,1,53,53,0,37,0,1.0000,690,4.645801,-1,-1,53,0,0,0,0.4,risk_path,4,Bot1|Bot2|Bot3|Bot4,,1,0
185,0.85,75,440,3977488963,3994077294,3647,0.648356,515,1343,30-40,24-6,35-13,52,40,46,32,18,18,1,0,1,52,0,,20,0,,,0,fire_reached_bot,0,29,29,0,-8,23,0.5577,,0.001912,20,20,fire_reached_bot,0,31,19,12,-10,33,0.3654,,0.059343,,-1,fire_reached_bot,0,31,19,12,-10,33,0.3654,,0.137886,-1,,fire_reached_bot,0,31,19,12,-10,33,0.3654,,2.339534,-1,-1,31,0,19,12,,no_path,0,,Bot1|Bot2|Bot3|Bot4,0,1
186,0.85,75,440,2126553979,2609949610,3626,0.644622,490,1334,13-61,42-74,58-35,42,42,73,71,61,55,0,0,1,42,1,42,72,1,42,30,1,button,1,42,42,0,30,0,1.0000,743,0.003230,-1,-1,button,1,42,42,0,30,0,1.0000,743,0.006795,,-1,button,1,42,42,0,30,0,1.0000,743,0.013505,-1,,button,1,42,42,0,30,0,1.0000,743,2.612612,6,6,42,0,0,0,0.4,risk_path,4,Bot1|Bot2|Bot3|Bot4,,1,0
187,0.85,75,440,604629814,3122588556,3651,0.649067,512,1393,42-22,48-26,40-11,12,10,19,13,31,23,0,0,1,12,1,12,37,1,12,25,1,button,1,12,12,0,21,0,1.0000,74,0.000190,-1,-1,button,1,12,12,0,21,0,1.0000,74,0.000430,,-1,button,1,12,12,0,21,0,1.0000,74,0.000630,-1,,button,1,12,12,0,21,0,1.0000,74,0.320734,-1,-1,12,0,0,0,0.4,risk_path,4,Bot1|Bot2|Bot3|Bot4,,1,0
188,0.85,75,440,2717215071,3838181151,3669,0.652267,516,1402,4-12,43-12,69-67,83,39,120,120,91,81,0,0,1,83,1,83,105,1,83,22,1,button,1,83,83,0,20,0,1.0000,1804,0.017042,-1,-1,button,1,83,83,0,20,0,1.0000,1804,0.070153,,-1,button,1,83,83,0,20,0,1.0000,1804,0.088751,-1,,button,1,83,83,0,20,0,1.0000,1804,7.859542,34,34,83,0,0,0,0.4,risk_path,4,Bot1|Bot2|Bot3|Bot4,,1,0
189,0.85,75,440,899400218,1033562852,3653,0.649422,519,1408,15-65,68-61,7-10,91,57,95,63,132,112,0,0,1,91,1,91,148,1,91,57,1,button,1,91,91,0,54,0,1.0000,1425,0.010622,-1,-1,button,1,91,91,0,54,0,1.0000,1425,0.043291,,-1,button,1,91,91,0,54,0,1.0000,1425,0.054620,-1,,button,1,91,91,0,54,0,1.0000,1425,9.760113,22,22,91,0,0,0,0.4,risk_path,4,Bot1|Bot2|Bot3|Bot4,,1,0
190,0.85,75,440,3481980839,2844192455,3636,0.646400,506,1365,69-53,58-13,16-44,61,51,78,62,77,73,0,0,1,61,1,61,88,1,61,27,1,button,1,61,61,0,27,0,1.0000,1933,0.012338,-1,-1,button,1,61,61,0,27,0,1.0000,1933,0.024669,,-1,button,1,61,61,0,27,0,1.0000,1933,0.038916,-1,,button,1,61,61,0,27,0,1.0000,1933,4.487995,-1,-1,61,0,0,0,0.4,risk_path,4,Bot1|Bot2|Bot3|Bot4,,1,0
191,0.85,75,440,1615916817,2432315316,3635,0.646222,508,1385,2-12,63-7,37-53,84,66,84,76,96,72,0,0,1,84,1,84,106,1,84,22,1,button,1,84,84,0,21,0,1.0000,2890,0.027822,-1,-1,button,1,84,84,0,21,0,1.0000,2890,0.048541,,-1,button,1,84,84,0,21,0,1.0000,2890,0.081146,-1,,button,1,84,84,0,21,0,1.0000,2890,6.044545,4,4,84,0,0,0,0.4,risk_path,4,Bot1|Bot2|Bot3|Bot4,,1,0
192,0.85,75,440,3898521735,118069459,3640,0.647111,503,1357,65-51,13-31,35-4,78,72,95,77,65,49,1,0,1,78,0,,71,0,,,0,fire_reached_bot,0,71,71,0,0,7,0.9103,1225,0.008774,71,70,fire_reached_bot,0,73,71,2,-1,9,0.8846,,0.037597,,70,fire_reached_bot,0,76,71,5,-4,11,0.8590,,0.067115,70,,fire_reached_bot,0,73,71,2,-1,9,0.8846,,9.722352,-1,70,73,0,71,2,,no_path,0,,Bot1|Bot2|Bot3|Bot4,0,1
193,0.85,75,440,2444658365,2126892776,3649,0.648711,505,1399,33-16,18-42,60-74,45,41,103,85,80,74,0,0,1,45,1,45,89,1,45,44,1,button,1,45,45,0,43,0,1.0000,488,0.003021,-1,-1,button,1,45,45,0,43,0,1.0000,488,0.008631,,-1,button,1,45,45,0,43,0,1.0000,488,0.012004,-1,,button,1,45,45,0,43,0,1.0000,488,3.345081,-1,-1,45,0,0,0,0.4,risk_path,4,Bot1|Bot2|Bot3|Bot4,,1,0
194,0.85,75,440,2214062488,49670459,3680,0.654222,504,1424,54-28,6-56,20-24,80,76,58,38,60,46,1,0,1,80,0,,72,0,,,0,fire_reached_bot,0,39,39,0,0,41,0.4875,978,0.004346,-1,39,fire_reached_bot,0,39,39,0,0,41,0.4875,978,0.024367,,39,fire_reached_bot,0,43,43,0,0,47,0.4125,1142,0.032562,39,,fire_reached_bot,0,39,39,0,0,41,0.4875,978,5.785816,-1,39,39,0,39,0,,shortest_path_fallback,0,,Bot1|Bot2|Bot3|Bot4,0,1
195,0.85,75,440,1449191703,2718877568,3592,0.638578,491,1324,33-21,17-58,26-24,55,53,12,10,53,43,1,0,1,55,0,,61,1,55,6,1,button,1,55,55,0,1,0,1.0000,1618,0.008041,-1,-1,button,1,55,55,0,1,0,1.0000,1618,0.014264,,-1,button,1,55,55,0,1,0,1.0000,1618,0.023935,-1,,button,1,55,55,0,1,0,1.0000,1618,3.824162,-1,-1,55,4,0,0,0.8,risk_path,4,Bot1|Bot2|Bot3|Bot4,,1,0
196,0.85,75,440,2745450280,3961164760,3646,0.648178,520,1434,24-70,36-17,51-9,95,65,110,88,25,23,1,0,1,95,0,,26,0,,,0,walked_into_fire,0,63,63,0,-36,32,0.6632,,0.011328,27,27,fire_reached_bot,0,104,26,78,-77,69,0.2737,,0.284402,,-1,fire_reached_bot,0,104,26,78,-77,69,0.2737,,0.517100,-1,,fire_reached_bot,0,104,26,78,-77,69,0.2737,,5.558452,-1,-1,104,0,26,78,,no_path,0,,Bot1|Bot2|Bot3|Bot4,0,1
197,0.85,75,440,1134599302,4132178095,3653,0.649422,495,1397,20-37,62-2,57-46,77,77,56,46,65,49,1,0,1,77,0,,77,0,,,0,walked_into_fire,0,60,60,0,-1,17,0.7792,1744,0.010808,59,58,fire_reached_bot,0,69,68,1,0,29,0.6234,2255,0.032537,,58,fire_reached_bot,0,70,68,2,0,31,0.5974,2301,0.052984,58,,fire_reached_bot,0,69,68,1,0,29,0.6234,2255,7.067164,-1,58,69,0,68,1,,no_path,0,,Bot1|Bot2|Bot3|Bot4,0,1
198,0.85,75,440,3387618525,4213744687,3637,0.646578,501,1335,25-12,26-27,73-32,32,16,80,68,70,52,0,0,1,32,1,32,83,1,32,51,1,button,1,32,32,0,50,0,1.0000,376,0.001432,-1,-1,button,1,32,32,0,50,0,1.0000,376,0.003610,,-1,button,1,32,32,0,50,0,1.0000,376,0.005028,-1,,button,1,32,32,0,50,0,1.0000,376,1.797327,-1,-1,32,0,0,0,0.4,risk_path,4,Bot1|Bot2|Bot3|Bot4,,1,0
199,0.85,75,440,3963364150,1255751458,3646,0.648178,503,1378,31-11,73-33,7-36,76,64,53,49,91,69,0,0,1,76,1,76,112,1,76,36,1,button,1,76,76,0,31,0,1.0000,2038,0.015988,-1,-1,button,1,76,76,0,31,0,1.0000,2038,0.034820,,-1,button,1,76,76,0,31,0,1.0000,2038,0.053407,-1,,button,1,76,76,0,32,0,1.0000,2038,6.479036,1,1,76,0,0,0,0.4,risk_path,4,Bot1|Bot2|Bot3|Bot4,,1,0
200,0.85,75,440,687047578,4017936739,3628,0.644978,511,1337,27-51,69-32,8-40,65,61,30,30,79,69,0,0,1,65,1,65,87,1,65,22,1,button,1,65,65,0,17,0,1.0000,1940,0.012711,-1,-1,button,1,65,65,0,17,0,1.0000,1940,0.026782,,-1,button,1,65,65,0,17,0,1.0000,1940,0.041449,-1,,button,1,65,65,0,17,0,1.0000,1940,4.871270,16,16,65,0,0,0,0.4,risk_path,4,Bot1|Bot2|Bot3|Bot4,,1,0
201,0.85,75,440,3808654913,1437651723,3644,0.647822,506,1376,73-63,38-16,62-70,86,82,34,18,84,78,1,0,1,86,0,,101,1,86,15,1,button,1,86,86,0,4,0,1.0000,1722,0.014588,-1,-1,button,1,86,86,0,4,0,1.0000,1722,0.040565,,-1,button,1,86,86,0,4,0,1.0000,1722,0.056952,-1,,button,1,86,86,0,10,0,1.0000,1722,8.790684,6,6,86,2,0,0,0.6,risk_path,4,Bot1|Bot2|Bot3|Bot4,,1,0
202,0.85,75,440,479682215,117614757,3621,0.643733,510,1341,36-35,34-65,43-19,46,32,39,23,81,55,0,0,1,46,1,46,90,1,46,44,1,button,1,46,46,0,37,0,1.0000,1042,0.004075,-1,-1,button,1,46,46,0,37,0,1.0000,1042,0.010807,,-1,button,1,46,46,0,37,0,1.0000,1042,0.015196,-1,,button,1,46,46,0,37,0,1.0000,1042,3.146551,-1,-1,46,0,0,0,0.4,risk_path,4,Bot1|Bot2|Bot3|Bot4,,1,0
203,0.85,75,440,1496475200,4047105304,3645,0.648000,514,1350,51-1,14-73,56-29,117,109,43,33,88,86,1,0,1,117,0,,96,0,,,0,walked_into_fire,0,22,22,0,-1,95,0.1880,325,0.001971,22,22,fire_reached_bot,0,74,69,5,0,90,0.2308,2904,0.097387,,-1,fire_reached_bot,0,74,69,5,0,90,0.2308,2904,0.135676,-1,,fire_reached_bot,0,74,69,5,0,90,0.2308,2904,9.444234,-1,-1,74,0,69,5,,no_path,0,,Bot1|Bot2|Bot3|Bot4,0,1
204,0.85,75,440,505044942,177768735,3649,0.648711,507,1385,16-40,65-14,63-49,81,75,68,56,65,37,1,0,1,81,0,,78,0,,,0,fire_reached_bot,0,45,45,0,0,36,0.5556,900,0.004834,43,42,fire_reached_bot,0,81,78,3,-2,37,0.5432,,0.058041,,42,fire_reached_bot,0,81,78,3,-2,37,0.5432,,0.105876,42,,fire_reached_bot,0,81,78,3,-2,37,0.5432,,8.576660,-1,42,81,0,78,3,,no_path,0,,Bot1|Bot2|Bot3|Bot4,0,1
205,0.85,75,440,2592851329,1842348790,3662,0.651022,518,1377,6-43,55-29,67-0,81,63,112,104,51,41,1,0,1,81,0,,56,0,,,0,fire_reached_bot,0,64,64,0,-7,17,0.7901,,0.005757,56,56,fire_reached_bot,0,70,56,14,-13,25,0.6914,,0.096682,,-1,fire_reached_bot,0,70,56,14,-13,25,0.6914,,0.178995,-1,,fire_reached_bot,0,70,56,14,-13,25,0.6914,,9.824004,-1,-1,70,0,56,14,,no_path,0,,Bot1|Bot2|Bot3|Bot4,0,1
206,0.85,75,440,3837839052,4278048444,3662,0.651022,509,1415,49-20,41-20,45-66,10,8,62,50,64,50,0,0,1,10,1,10,80,1,10,70,1,button,1,10,10,0,67,0,1.0000,57,0.000144,-1,-1,button,1,10,10,0,67,0,1.0000,57,0.000306,,-1,button,1,10,10,0,67,0,1.0000,57,0.000563,-1,,button,1,10,10,0,67,0,1.0000,57,0.254670,1,1,10,0,0,0,0.4,risk_path,4,Bot1|Bot2|Bot3|Bot4,,1,0
207,0.85,75,440,4060788553,845069922,3646,0.648178,517,1375,13-16,67-34,60-28,86,72,81,59,13,13,1,0,1,86,0,,16,0,,,0,fire_reached_bot,0,43,43,0,-26,43,0.5000,,0.005498,16,16,fire_reached_bot,0,77,15,62,-60,71,0.1744,,0.240270,,-1,fire_reached_bot,0,77,15,62,-60,71,0.1744,,0.513180,-1,,fire_reached_bot,0,77,15,62,-60,71,0.1744,,3.345895,-1,-1,77,0,15,62,,no_path,0,,Bot1|Bot2|Bot3|Bot4,0,1
208,0.85,75,440,1921987437,1998653501,3636,0.646400,506,1373,74-46,4-55,7-25,107,79,108,88,45,33,1,0,1,107,0,,50,0,,,0,fire_reached_bot,0,67,67,0,-16,40,0.6262,,0.011581,51,51,fire_reached_bot,0,78,50,28,-27,57,0.4673,,0.145099,,-1,fire_reached_bot,0,78,50,28,-27,57,0.4673,,0.264601,-1,,fire_reached_bot,0,78,50,28,-27,57,0.4673,,8.548066,-1,-1,78,0,50,28,,no_path,0,,Bot1|Bot2|Bot3|Bot4,0,1
209,0.85,75,440,2984244257,2435512816,3670,0.652444,500,1412,29-21,22-1,14-24,37,27,42,18,53,31,0,0,1,37,1,37,61,1,37,24,1,button,1,37,37,0,22,0,1.0000,649,0.002416,-1,-1,button,1,37,37,0,22,0,1.0000,649,0.006477,,-1,button,1,37,37,0,22,0,1.0000,649,0.012937,-1,,button,1,37,37,0,22,0,1.0000,649,2.260185,-1,-1,37,0,0,0,0.4,risk_path,4,Bot1|Bot2|Bot3|Bot4,,1,0
210,0.85,75,440,1735617669,2279655686,3643,0.647644,510,1392,61-49,6-10,2-50,100,94,80,60,72,44,1,0,1,100,0,,81,0,,,0,fire_reached_bot,0,85,85,0,-3,15,0.8500,,0.015856,82,82,fire_reached_bot,0,83,81,2,-1,19,0.8100,,0.063261,,-1,fire_reached_bot,0,83,81,2,-1,19,0.8100,,0.102317,-1,,fire_reached_bot,0,83,81,2,-1,19,0.8100,,11.060771,-1,-1,83,0,81,2,,no_path,0,,Bot1|Bot2|Bot3|Bot4,0,1
211,0.85,75,440,741719091,4088483574,3654,0.649600,511,1417,7-48,46-4,1-6,87,83,60,48,63,47,1,0,1,87,0,,70,0,,,0,walked_into_fire,0,49,49,0,-1,38,0.5632,517,0.003355,49,48,fire_reached_bot,0,74,70,4,-3,23,0.7356,,0.051285,,48,fire_reached_bot,0,72,70,2,-1,21,0.7586,,0.062678,48,,fire_reached_bot,0,74,70,4,-3,23,0.7356,,10.871836,-1,48,74,0,70,4,,no_path,0,,Bot1|Bot2|Bot3|Bot4,0,1
212,0.85,75,440,43164127,71827648,3665,0.651556,501,1384,71-28,42-51,34-71,58,52,92,80,34,28,1,0,1,58,0,,39,0,,,0,fire_reached_bot,0,51,51,0,-11,7,0.8793,,0.003002,40,40,fire_reached_bot,0,63,39,24,-23,19,0.6724,,0.111522,,-1,fire_reached_bot,0,63,39,24,-23,19,0.6724,,0.233242,-1,,fire_reached_bot,0,63,39,24,-23,19,0.6724,,5.143628,-1,-1,63,0,39,24,,no_path,0,,Bot1|Bot2|Bot3|Bot4,0,1
213,0.85,75,440,1597394174,606359399,3657,0.650133,510,1407,65-30,32-37,23-68,54,40,86,80,52,40,1,0,1,54,0,,60,1,54,6,1,button,1,54,54,0,4,0,1.0000,1115,0.006564,-1,-1,button,1,54,54,0,4,0,1.0000,1115,0.014409,,-1,button,1,54,54,0,4,0,1.0000,1115,0.021744,-1,,button,1,54,54,0,4,0,1.0000,1115,3.858823,-1,-1,54,1,0,0,0.8,risk_path,4,Bot1|Bot2|Bot3|Bot4,,1,0
214,0.85,75,440,3435905294,2392089260,3647,0.648356,496,1383,21-73,38-43,5-63,65,47,30,26,71,53,0,0,1,65,1,65,78,1,65,13,1,button,1,65,65,0,10,0,1.0000,985,0.007816,-1,-1,button,1,65,65,0,10,0,1.0000,985,0.021116,,-1,button,1,65,65,0,10,0,1.0000,985,0.029945,-1,,button,1,65,65,0,10,0,1.0000,985,5.981060,2,2,65,0,0,0,0.4,risk_path,4,Bot1|Bot2|Bot3|Bot4,,1,0
215,0.85,75,440,538301983,4070519892,3626,0.644622,499,1356,51-64,36-73,37-37,50,24,51,41,51,37,0,0,1,50,1,50,61,1,50,11,1,button,1,50,50,0,9,0,1.0000,1466,0.007114,-1,-1,button,1,50,50,0,9,0,1.0000,1466,0.014899,,-1,button,1,50,50,0,9,0,1.0000,1466,0.023403,-1,,button,1,50,50,0,9,0,1.0000,1466,3.189103,39,39,50,0,0,0,0.4,risk_path,4,Bot1|Bot2|Bot3|Bot4,,1,0
216,0.85,75,440,1948681360,2814169751,3667,0.651911,505,1403,15-18,25-22,10-13,14,14,30,10,30,24,0,0,1,14,1,14,39,1,14,25,1,button,1,14,14,0,22,0,1.0000,58,0.000164,-1,-1,button,1,14,14,0,22,0,1.0000,58,0.000396,,-1,button,1,14,14,0,22,0,1.0000,58,0.000510,-1,,button,1,14,14,0,22,0,1.0000,58,0.449715,-1,-1,14,0,0,0,0.4,risk_path,4,Bot1|Bot2|Bot3|Bot4,,1,0
217,0.85,75,440,234546496,899763894,3644,0.647822,506,1364,33-28,9-36,33-5,44,32,45,23,61,55,0,0,1,44,1,44,68,1,44,24,1,button,1,44,44,0,24,0,1.0000,627,0.002777,-1,-1,button,1,44,44,0,24,0,1.0000,627,0.008663,,-1,button,1,44,44,0,24,0,1.0000,627,0.011659,-1,,button,1,44,44,0,24,0,1.0000,627,2.990319,43,43,44,0,0,0,0.4,risk_path,4,Bot1|Bot2|Bot3|Bot4,,1,0
218,0.85,75,440,2601635953,347498,3653,0.649422,506,1409,29-59,4-21,38-7,73,63,75,61,62,48,1,0,1,73,0,,68,0,,,0,fire_reached_bot,0,71,71,0,-2,2,0.9726,,0.014091,69,69,fire_reached_bot,0,72,68,4,-3,5,0.9315,,0.037502,,-1,fire_reached_bot,0,72,68,4,-3,5,0.9315,,0.054122,-1,,fire_reached_bot,0,72,68,4,-3,5,0.9315,,6.956296,-1,-1,72,0,68,4,,no_path,0,,Bot1|Bot2|Bot3|Bot4,0,1
219,0.85,75,440,1873523526,189957216,3638,0.646756,508,1348,47-9,28-54,6-25,72,64,71,57,51,51,1,0,1,72,0,,59,0,,,0,fire_reached_bot,0,40,40,0,0,32,0.5556,549,0.002584,39,38,fire_reached_bot,0,56,55,1,0,25,0.6528,1074,0.022299,,38,fire_reached_bot,0,60,59,1,0,17,0.7639,,0.038043,38,,fire_reached_bot,0,56,55,1,0,25,0.6528,1074,6.702849,-1,38,56,0,55,1,,no_path,0,,Bot1|Bot2|Bot3|Bot4,0,1
220,0.85,75,440,650066665,1525053087,3651,0.649067,495,1389,47-54,47-10,5-72,80,44,60,60,126,104,0,0,1,80,1,80,137,1,80,57,1,button,1,80,80,0,55,0,1.0000,1395,0.011302,-1,-1,button,1,80,80,0,55,0,1.0000,1395,0.052060,,-1,button,1,80,80,0,55,0,1.0000,1395,0.063002,-1,,button,1,80,80,0,55,0,1.0000,1395,8.660807,39,39,80,0,0,0,0.4,risk_path,4,Bot1|Bot2|Bot3|Bot4,,1,0
221,0.85,75,440,1404877065,2420011909,3640,0.647111,507,1408,54-38,31-51,53-61,38,36,34,24,34,32,1,0,1,38,0,,35,0,,,0,walked_into_fire,0,27,27,0,-1,11,0.7105,434,0.001316,27,27,fire_reached_bot,0,36,35,1,0,13,0.6579,,0.010276,,-1,fire_reached_bot,0,36,35,1,0,13,0.6579,,0.020825,-1,,fire_reached_bot,0,36,35,1,0,13,0.6579,,2.424608,-1,-1,36,0,35,1,,no_path,0,,Bot1|Bot2|Bot3|Bot4,0,1
222,0.85,75,440,1871520942,110449919,3642,0.647467,513,1411,44-69,25-70,38-55,30,20,22,20,30,28,0,0,1,30,0,,37,1,30,7,1,button,1,30,30,0,3,0,1.0000,344,0.001218,-1,-1,button,1,30,30,0,3,0,1.0000,344,0.002720,,-1,button,1,30,30,0,3,0,1.0000,344,0.003871,-1,,button,1,30,30,0,3,0,1.0000,344,1.421013,-1,-1,30,0,0,0,0.4,risk_path,4,Bot1|Bot2|Bot3|Bot4,,1,0
223,0.85,75,440,1891869098,1845810528,3648,0.648533,505,1371,6-33,19-36,72-72,22,16,113,105,101,89,0,0,1,22,1,22,111,1,22,89,1,button,1,22,22,0,89,0,1.0000,93,0.000419,-1,-1,button,1,22,22,0,89,0,1.0000,93,0.001422,,-1,button,1,22,22,0,89,0,1.0000,93,0.001710,-1,,button,1,22,22,0,89,0,1.0000,93,0.834944,6,6,22,0,0,0,0.4,risk_path,4,Bot1|Bot2|Bot3|Bot4,,1,0
224,0.85,75,440,3946411396,399432510,3628,0.644978,507,1377,14-74,47-31,63-44,84,76,81,79,29,29,1,0,1,84,0,,33,0,,,0,fire_reached_bot,0,49,49,0,-15,35,0.5833,,0.006709,34,34,fire_reached_bot,0,67,33,34,-33,51,0.3929,,0.126107,,-1,fire_reached_bot,0,67,33,34,-33,51,0.3929,,0.237552,-1,,fire_reached_bot,0,67,33,34,-33,51,0.3929,,4.772628,-1,-1,67,0,33,34,,no_path,0,,Bot1|Bot2|Bot3|Bot4,0,1
225,0.85,75,440,395123674,1705726284,3633,0.645867,498,1354,41-14,11-70,23-1,104,86,31,31,101,81,1,0,1,104,0,,117,1,104,13,1,button,1,104,104,0,1,0,1.0000,3030,0.037043,-1,-1,button,1,104,104,0,1,0,1.0000,3030,0.097719,,-1,button,1,104,104,0,1,0,1.0000,3030,0.141008,-1,,button,1,104,104,0,1,0,1.0000,3030,10.045153,-1,-1,104,5,10,0,0.99,risk_path,4,Bot1|Bot2|Bot3|Bot4,,1,0
226,0.85,75,440,3383174174,417879336,3627,0.644800,505,1348,17-6,56-70,55-30,107,103,74,62,69,41,1,0,1,107,0,,84,0,,,0,walked_into_fire,0,49,49,0,-1,58,0.4579,1092,0.005719,49,48,fire_reached_bot,0,55,55,0,0,58,0.4579,1423,0.050074,,48,fire_reached_bot,0,74,67,7,0,70,0.3458,2377,0.108042,48,,fire_reached_bot,0,55,55,0,0,58,0.4579,1423,8.215359,-1,48,55,0,55,0,,shortest_path_fallback,0,,Bot1|Bot2|Bot3|Bot4,0,1
227,0.85,75,440,3707428535,2930291685,3639,0.646933,499,1357,56-26,19-62,37-36,75,73,29,29,46,44,1,1,1,77,0,,48,0,,,0,fire_reached_bot,0,17,17,0,0,60,0.2000,238,0.001039,15,13,fire_reached_bot,0,45,44,1,0,79,-0.0533,1400,0.050434,,13,fire_reached_bot,0,49,48,1,0,81,-0.0800,,0.071531,13,,fire_reached_bot,0,45,44,1,0,79,-0.0533,1400,6.455114,-1,13,45,0,44,1,,no_path,0,,Bot1|Bot2|Bot3|Bot4,0,1
228,0.85,75,440,3499156370,436825089,3645,0.648000,501,1328,35-35,25-53,19-70,28,28,53,51,25,23,1,0,1,28,0,,28,1,28,0,1,button,1,28,28,0,0,0,1.0000,346,0.001139,-1,-1,button,1,28,28,0,0,0,1.0000,346,0.002342,,-1,button,1,28,28,0,0,0,1.0000,346,0.017637,-1,,button,1,28,28,0,0,0,1.0000,346,1.596004,-1,-1,28,14,14,0,0.99,risk_path,4,Bot1|Bot2|Bot3|Bot4,,1,0
229,0.85,75,440,3921431972,3691631192,3657,0.650133,515,1411,71-56,12-49,11-66,82,66,84,70,36,18,1,0,1,82,0,,42,0,,,0,walked_into_fire,0,44,44,0,-1,38,0.5366,,0.004153,32,31,fire_reached_bot,0,59,38,21,-16,52,0.3659,,0.111517,,31,fire_reached_bot,0,61,38,23,-18,54,0.3415,,0.208460,31,,fire_reached_bot,0,59,38,21,-16,52,0.3659,,6.945309,-1,31,59,0,38,21,,no_path,0,,Bot1|Bot2|Bot3|Bot4,0,1
230,0.85,75,440,2971960596,3817885116,3644,0.647822,509,1406,9-53,0-65,17-45,21,21,24,16,45,37,0,0,1,21,1,21,51,1,21,30,1,button,1,21,21,0,26,0,1.0000,253,0.000612,-1,-1,button,1,21,21,0,26,0,1.0000,253,0.001466,,-1,button,1,21,21,0,26,0,1.0000,253,0.002102,-1,,button,1,21,21,0,26,0,1.0000,253,0.787886,-1,-1,21,0,0,0,0.4,risk_path,4,Bot1|Bot2|Bot3|Bot4,,1,0
231,0.85,75,440,230717013,2732343365,3677,0.653689,507,1415,18-47,11-37,32-8,17,17,63,53,56,50,0,0,1,17,1,17,66,1,17,49,1,button,1,17,17,0,49,0,1.0000,77,0.000243,-1,-1,button,1,17,17,0,49,0,1.0000,77,0.000748,,-1,button,1,17,17,0,49,0,1.0000,77,0.000952,-1,,button,1,17,17,0,49,0,1.0000,77,0.591253,-1,-1,17,0,0,0,0.4,risk_path,4,Bot1|Bot2|Bot3|Bot4,,1,0
232,0.85,75,440,1277540315,2568731835,3650,0.648889,492,1378,51-49,20-26,68-25,56,54,47,41,73,49,0,0,1,56,1,56,84,1,56,28,1,button,1,56,56,0,28,0,1.0000,1216,0.007349,-1,-1,button,1,56,56,0,28,0,1.0000,1216,0.014905,,-1,button,1,56,56,0,28,0,1.0000,1216,0.023529,-1,,button,1,56,56,0,28,0,1.0000,1216,4.768505,-1,-1,56,0,0,0,0.4,risk_path,4,Bot1|Bot2|Bot3|Bot4,,1,0
233,0.85,75,440,2601371361,3429438074,3616,0.642844,495,1327,48-24,49-48,54-71,47,25,75,53,40,28,1,0,1,47,0,,43,0,,,0,fire_reached_bot,0,45,45,0,-1,2,0.9574,,0.004172,44,44,fire_reached_bot,0,47,43,4,-3,4,0.9149,,0.028079,,-1,fire_reached_bot,0,47,43,4,-3,4,0.9149,,0.050046,-1,,fire_reached_bot,0,47,43,4,-3,4,0.9149,,3.855272,-1,-1,47,0,43,4,,no_path,0,,Bot1|Bot2|Bot3|Bot4,0,1
234,0.85,75,440,2175815046,2513501025,3671,0.652622,515,1422,60-58,33-61,26-34,36,30,66,58,42,34,0,0,1,36,1,36,47,1,36,11,1,button,1,36,36,0,10,0,1.0000,660,0.002245,-1,-1,button,1,36,36,0,10,0,1.0000,660,0.005633,,-1,button,1,36,36,0,10,0,1.0000,660,0.007899,-1,,button,1,36,36,0,10,0,1.0000,660,2.179601,-1,-1,36,0,0,0,0.4,risk_path,4,Bot1|Bot2|Bot3|Bot4,,1,0
235,0.85,75,440,2903687551,1508666098,3664,0.651378,508,1412,62-11,20-70,59-72,105,101,88,64,77,41,1,0,1,105,0,,87,0,,,0,fire_reached_bot,0,63,63,0,0,42,0.6000,1056,0.008271,62,61,fire_reached_bot,0,72,72,0,0,45,0.5714,1376,0.059652,,61,fire_reached_bot,0,79,77,2,0,38,0.6381,1591,0.078591,61,,fire_reached_bot,0,72,72,0,0,45,0.5714,1376,11.414954,-1,61,72,0,72,0,,shortest_path_fallback,0,,Bot1|Bot2|Bot3|Bot4,0,1
236,0.85,75,440,2767072028,3293256290,3657,0.650133,505,1375,27-0,15-28,25-43,46,40,61,45,33,25,1,0,1,46,0,,37,0,,,0,fire_reached_bot,0,37,37,0,0,9,0.8043,720,0.002529,35,35,fire_reached_bot,0,40,34,6,-2,12,0.7391,,0.031288,,-1,fire_reached_bot,0,40,34,6,-2,12,0.7391,,0.058212,-1,,fire_reached_bot,0,40,34,6,-2,12,0.7391,,3.492404,-1,-1,40,0,34,6,,no_path,0,,Bot1|Bot2|Bot3|Bot4,0,1
237,0.85,75,440,434350479,2119715637,3663,0.651200,511,1423,44-63,20-38,29-11,59,49,81,67,42,36,1,0,1,59,0,,48,0,,,0,walked_into_fire,0,51,51,0,-2,8,0.8644,,0.007827,45,45,fire_reached_bot,0,58,46,12,-9,17,0.7119,,0.051384,,-1,fire_reached_bot,0,58,46,12,-9,17,0.7119,,0.090183,-1,,fire_reached_bot,0,58,46,12,-9,17,0.7119,,4.772021,-1,-1,58,0,46,12,,no_path,0,,Bot1|Bot2|Bot3|Bot4,0,1
238,0.85,75,440,860933267,2945000663,3628,0.644978,509,1350,25-29,50-8,50-6,48,46,48,48,4,2,1,0,1,48,0,,4,0,,,0,walked_into_fire,0,25,25,0,-20,23,0.5208,,0.001130,5,5,fire_reached_bot,0,46,4,42,-41,44,0.0833,,0.188298,,-1,fire_reached_bot,0,46,4,42,-41,44,0.0833,,0.403078,-1,,fire_reached_bot,0,46,4,42,-41,44,0.0833,,0.757826,-1,-1,46,0,4,42,,no_path,0,,Bot1|Bot2|Bot3|Bot4,0,1
239,0.85,75,440,3847153091,2545232110,3641,0.647289,491,1366,31-51,0-30,58-14,56,52,76,64,80,74,0,0,1,56,1,56,93,1,56,37,1,button,1,56,56,0,37,0,1.0000,1207,0.007865,-1,-1,button,1,56,56,0,37,0,1.0000,1207,0.017935,,-1,button,1,56,56,0,37,0,1.0000,1207,0.027315,-1,,button,1,56,56,0,37,0,1.0000,1207,4.195960,-1,-1,56,0,0,0,0.4,risk_path,4,Bot1|Bot2|Bot3|Bot4,,1,0
240,0.85,75,440,3830646336,1583051720,3645,0.648000,501,1357,37-49,56-9,43-1,67,59,72,54,23,21,1,0,1,67,0,,28,0,,,0,fire_reached_bot,0,41,41,0,-12,26,0.6119,,0.003072,27,27,fire_reached_bot,0,59,28,31,-30,39,0.4179,,0.138507,,-1,fire_reached_bot,0,59,28,31,-30,39,0.4179,,0.289083,-1,,fire_reached_bot,0,59,28,31,-30,39,0.4179,,5.064307,-1,-1,59,0,28,31,,no_path,0,,Bot1|Bot2|Bot3|Bot4,0,1
241,0.85,75,440,50286375,2368400549,3661,0.650844,522,1437,27-9,46-22,65-3,40,32,62,44,44,38,0,0,1,40,1,40,51,1,40,11,1,button,1,40,40,0,11,0,1.0000,454,0.002109,-1,-1,button,1,40,40,0,11,0,1.0000,454,0.007099,,-1,button,1,40,40,0,11,0,1.0000,454,0.009124,-1,,button,1,40,40,0,11,0,1.0000,454,2.647934,37,37,40,0,0,0,0.4,risk_path,4,Bot1|Bot2|Bot3|Bot4,,1,0
242,0.85,75,440,229134076,547575414,3636,0.646400,512,1351,44-13,33-41,33-18,41,39,46,16,53,23,0,0,1,41,1,41,59,1,41,18,1,button,1,41,41,0,18,0,1.0000,433,0.001432,-1,-1,button,1,41,41,0,18,0,1.0000,433,0.003932,,-1,button,1,41,41,0,18,0,1.0000,433,0.005512,-1,,button,1,41,41,0,18,0,1.0000,433,2.858945,-1,-1,41,0,0,0,0.4,risk_path,4,Bot1|Bot2|Bot3|Bot4,,1,0
243,0.85,75,440,3829884547,2736529294,3653,0.649422,512,1397,6-66,44-36,13-50,68,68,31,23,45,45,1,0,1,68,0,,51,0,,,0,fire_reached_bot,0,18,18,0,0,50,0.2647,182,0.000656,-1,16,fire_reached_bot,0,18,18,0,0,50,0.2647,182,0.004269,,16,fire_reached_bot,0,54,51,3,-2,59,0.1324,,0.047980,16,,fire_reached_bot,0,18,18,0,0,50,0.2647,182,2.441600,-1,16,18,0,18,0,,shortest_path_fallback,0,,Bot1|Bot2|Bot3|Bot4,0,1
244,0.85,75,440,2905315126,631340303,3628,0.644978,494,1376,22-71,69-35,61-25,87,83,93,85,18,18,1,0,1,87,0,,21,0,,,0,walked_into_fire,0,53,53,0,-31,34,0.6092,,0.008964,22,22,fire_reached_bot,0,78,21,57,-56,66,0.2414,,0.195055,,-1,fire_reached_bot,0,78,21,57,-56,66,0.2414,,0.404816,-1,,fire_reached_bot,0,78,21,57,-56,66,0.2414,,3.923656,-1,-1,78,0,21,57,,no_path,0,,Bot1|Bot2|Bot3|Bot4,0,1
245,0.85,75,440,3180725409,3525950523,3641,0.647289,501,1379,46-21,33-48,70-57,40,40,62,60,66,46,0,0,1,40,1,40,75,1,40,35,1,button,1,40,40,0,34,0,1.0000,466,0.002066,-1,-1,button,1,40,40,0,34,0,1.0000,466,0.005230,,-1,button,1,40,40,0,34,0,1.0000,466,0.007840,-1,,button,1,40,40,0,34,0,1.0000,466,2.628647,-1,-1,40,0,0,0,0.4,risk_path,4,Bot1|Bot2|Bot3|Bot4,,1,0
246,0.85,75,440,3527288279,2290517008,3632,0.645689,488,1357,49-48,15-4,50-34,86,78,37,15,71,65,1,0,1,86,0,,76,0,,,0,walked_into_fire,0,29,29,0,-1,57,0.3372,480,0.002533,28,26,fire_reached_bot,0,79,76,3,-2,68,0.2093,,0.081924,,26,fire_reached_bot,0,86,76,10,-9,64,0.2558,,0.133087,26,,fire_reached_bot,0,79,76,3,-2,68,0.2093,,9.405697,-1,26,79,0,76,3,,no_path,0,,Bot1|Bot2|Bot3|Bot4,0,1
247,0.85,75,440,2693909744,892987441,3653,0.649422,508,1396,12-31,19-16,27-15,24,22,37,31,13,9,1,0,1,24,0,,13,0,,,0,walked_into_fire,0,19,19,0,-5,5,0.7917,,0.000301,14,14,fire_reached_bot,0,26,13,13,-12,11,0.5417,,0.063782,,-1,fire_reached_bot,0,26,13,13,-12,11,0.5417,,0.134332,-1,,fire_reached_bot,0,26,13,13,-12,11,0.5417,,0.904360,-1,-1,26,0,13,13,,no_path,0,,Bot1|Bot2|Bot3|Bot4,0,1
248,0.85,75,440,3466483215,701012700,3661,0.650844,506,1362,70-13,27-29,57-25,77,59,27,25,52,34,1,0,1,77,0,,64,0,,,0,walked_into_fire,0,15,15,0,-1,62,0.1948,91,0.001055,8,7,fire_reached_bot,0,54,47,7,0,48,0.3766,1442,0.030150,,7,fire_reached_bot,0,54,47,7,0,46,0.4026,1442,0.038454,7,,fire_reached_bot,0,54,47,7,0,48,0.3766,1442,6.205051,-1,7,54,0,47,7,,no_path,0,,Bot1|Bot2|Bot3|Bot4,0,1
249,0.85,75,440,3499659840,3439355226,3673,0.652978,514,1426,22-34,21-64,21-4,43,31,43,31,86,60,0,0,1,43,1,43,98,1,43,55,1,button,1,43,43,0,51,0,1.0000,727,0.003464,-1,-1,button,1,43,43,0,51,0,1.0000,727,0.008392,,-1,button,1,43,43,0,51,0,1.0000,727,0.012184,-1,,button,1,43,43,0,51,0,1.0000,727,2.988369,-1,-1,43,0,0,0,0.4,risk_path,4,Bot1|Bot2|Bot3|Bot4,,1,0
250,0.85,75,440,1517605910,2955868487,3642,0.647467,504,1373,46-30,45-21,67-21,12,10,30,30,36,22,0,0,1,12,1,12,39,1,12,27,1,button,1,12,12,0,27,0,1.0000,65,0.000191,-1,-1,button,1,12,12,0,27,0,1.0000,65,0.000455,,-1,button,1,12,12,0,27,0,1.0000,65,0.000576,-1,,button,1,12,12,0,27,0,1.0000,65,0.314461,-1,-1,12,0,0,0,0.4,risk_path,4,Bot1|Bot2|Bot3|Bot4,,1,0
251,0.85,75,440,742681489,3514916377,3632,0.645689,501,1338,21-17,13-44,11-71,43,35,84,64,41,29,1,0,1,43,0,,46,1,43,3,1,button,1,43,43,0,3,0,1.0000,500,0.002221,-1,-1,button,1,43,43,0,3,0,1.0000,500,0.005660,,-1,button,1,43,43,0,3,0,1.0000,500,0.008038,-1,,button,1,43,43,0,3,0,1.0000,500,3.201349,-1,-1,43,25,0,0,0.99,risk_path,4,Bot1|Bot2|Bot3|Bot4,,1,0
252,0.85,75,440,389585178,1768587399,3635,0.646222,502,1366,66-16,51-57,64-53,72,56,59,39,33,17,1,0,1,72,0,,41,0,,,0,walked_into_fire,0,35,35,0,-2,37,0.4861,381,0.001774,34,34,fire_reached_bot,0,41,41,0,0,39,0.4583,566,0.019091,,-1,fire_reached_bot,0,41,41,0,0,39,0.4583,566,0.026002,-1,,fire_reached_bot,0,41,41,0,0,39,0.4583,566,6.072335,-1,-1,41,0,41,0,,shortest_path_fallback,0,,Bot1|Bot2|Bot3|Bot4,0,1
253,0.85,75,440,3332814137,1126990968,3634,0.646044,504,1387,69-32,59-13,32-53,89,29,70,58,95,67,0,0,1,89,1,89,113,1,89,24,1,button,1,89,89,0,15,0,1.0000,3262,0.034443,-1,-1,button,1,89,89,0,15,0,1.0000,3262,0.089817,,-1,button,1,89,89,0,15,0,1.0000,3262,0.134929,-1,,button,1,89,89,0,15,0,1.0000,3262,6.510016,47,47,89,0,0,0,0.4,risk_path,4,Bot1|Bot2|Bot3|Bot4,,1,0
254,0.85,75,440,1495801011,917814670,3676,0.653511,528,1432,47-21,14-43,57-68,59,55,71,57,92,68,0,0,1,59,1,59,104,1,59,45,1,button,1,59,59,0,45,0,1.0000,1123,0.007042,-1,-1,button,1,59,59,0,45,0,1.0000,1123,0.016897,,-1,button,1,59,59,0,45,0,1.0000,1123,0.024849,-1,,button,1,59,59,0,45,0,1.0000,1123,5.236851,-1,-1,59,0,0,0,0.4,risk_path,4,Bot1|Bot2|Bot3|Bot4,,1,0
255,0.85,75,440,2990102404,731289034,3646,0.648178,513,1347,4-13,3-46,4-57,48,34,66,44,20,12,1,0,1,48,0,,21,0,,,0,walked_into_fire,0,34,34,0,-12,14,0.7083,,0.001760,22,22,fire_reached_bot,0,48,21,27,-26,27,0.4375,,0.118549,,-1,fire_reached_bot,0,48,21,27,-26,27,0.4375,,0.241331,-1,,fire_reached_bot,0,48,21,27,-26,27,0.4375,,2.521633,-1,-1,48,0,21,27,,no_path,0,,Bot1|Bot2|Bot3|Bot4,0,1
256,0.85,75,440,1232018688,2548799540,3612,0.642133,502,1307,72-37,46-52,56-73,49,41,62,52,33,31,1,0,1,49,0,,35,0,,,0,fire_reached_bot,0,42,42,0,-6,7,0.8571,,0.002538,36,36,fire_reached_bot,0,49,35,14,-13,14,0.7143,,0.069012,,-1,fire_reached_bot,0,49,35,14,-13,14,0.7143,,0.147376,-1,,fire_reached_bot,0,49,35,14,-13,14,0.7143,,3.779787,-1,-1,49,0,35,14,,no_path,0,,Bot1|Bot2|Bot3|Bot4,0,1
257,0.85,75,440,107580103,4254696228,3638,0.646756,494,1325,72-15,40-45,29-23,70,62,85,51,49,33,1,0,1,70,0,,54,0,,,0,walked_into_fire,0,60,60,0,-5,10,0.8571,,0.008989,55,55,fire_reached_bot,0,65,54,11,-10,16,0.7714,,0.052442,,-1,fire_reached_bot,0,65,54,11,-10,16,0.7714,,0.099788,-1,,fire_reached_bot,0,65,54,11,-10,16,0.7714,,5.778842,-1,-1,65,0,54,11,,no_path,0,,Bot1|Bot2|Bot3|Bot4,0,1
258,0.85,75,440,2403017489,1321081877,3632,0.645689,502,1356,25-59,15-60,72-57,21,11,69,49,90,60,0,0,1,21,1,21,100,1,21,79,1,button,1,21,21,0,77,0,1.0000,206,0.000634,-1,-1,button,1,21,21,0,77,0,1.0000,206,0.001667,,-1,button,1,21,21,0,77,0,1.0000,206,0.002303,-1,,button,1,21,21,0,77,0,1.0000,206,0.779724,-1,-1,21,0,0,0,0.4,risk_path,4,Bot1|Bot2|Bot3|Bot4,,1,0
259,0.85,75,440,3247152571,688223439,3631,0.645511,509,1371,69-74,26-34,10-32,85,83,103,101,20,18,1,0,1,85,0,,23,0,,,0,fire_reached_bot,0,54,54,0,-30,31,0.6353,,0.005918,24,24,fire_reached_bot,0,87,23,64,-63,62,0.2706,,0.190477,,-1,fire_reached_bot,0,87,23,64,-63,62,0.2706,,0.399505,-1,,fire_reached_bot,0,87,23,64,-63,62,0.2706,,3.518459,-1,-1,87,0,23,64,,no_path,0,,Bot1|Bot2|Bot3|Bot4,0,1
260,0.85,75,440,2786424847,3343057812,3666,0.651733,505,1445,11-26,51-68,14-46,82,82,41,23,65,59,1,0,1,82,0,,76,0,,,0,walked_into_fire,0,37,37,0,-1,45,0.4512,534,0.002441,34,32,fire_reached_bot,0,42,42,0,0,48,0.4146,754,0.014993,,32,fire_reached_bot,0,66,64,2,0,26,0.6829,1705,0.040284,32,,fire_reached_bot,0,42,42,0,0,48,0.4146,754,6.428864,-1,32,42,0,42,0,,shortest_path_fallback,0,,Bot1|Bot2|Bot3|Bot4,0,1
261,0.85,75,440,2797536688,4050217512,3651,0.649067,503,1365,0-14,53-28,35-60,81,67,99,81,54,50,1,0,1,81,0,,59,0,,,0,fire_reached_bot,0,71,71,0,-11,10,0.8765,,0.017197,59,59,fire_reached_bot,0,61,58,3,-1,23,0.7160,,0.045735,,-1,fire_reached_bot,0,61,58,3,-1,23,0.7160,,0.070023,-1,,fire_reached_bot,0,61,58,3,-1,23,0.7160,,7.274299,-1,-1,61,0,58,3,,no_path,0,,Bot1|Bot2|Bot3|Bot4,0,1
262,0.85,75,440,3920002231,96578032,3642,0.647467,510,1405,70-17,18-0,22-20,83,69,75,51,30,24,1,0,1,83,0,,33,0,,,0,walked_into_fire,0,39,39,0,-5,44,0.4699,,0.004412,19,19,fire_reached_bot,0,59,18,41,-25,65,0.2169,,0.152641,,-1,fire_reached_bot,0,59,18,41,-25,65,0.2169,,0.309693,-1,,fire_reached_bot,0,59,18,41,-25,65,0.2169,,2.873176,-1,-1,59,0,18,41,,no_path,0,,Bot1|Bot2|Bot3|Bot4,0,1
263,0.85,75,440,221242311,932793819,3625,0.644444,502,1344,3-28,11-56,64-10,40,36,85,79,113,99,0,0,1,40,1,40,132,1,40,92,1,button,1,40,40,0,91,0,1.0000,583,0.002702,-1,-1,button,1,40,40,0,91,0,1.0000,583,0.007099,,-1,button,1,40,40,0,91,0,1.0000,583,0.010308,-1,,button,1,40,40,0,91,0,1.0000,583,2.589076,19,19,40,0,0,0,0.4,risk_path,4,Bot1|Bot2|Bot3|Bot4,,1,0
264,0.85,75,440,1006815665,3029020804,3650,0.648889,508,1335,0-54,26-44,69-74,48,36,107,89,75,73,0,0,1,48,1,48,84,1,48,36,1,button,1,48,48,0,36,0,1.0000,576,0.003173,-1,-1,button,1,48,48,0,36,0,1.0000,576,0.012109,,-1,button,1,48,48,0,36,0,1.0000,576,0.023456,-1,,button,1,48,48,0,36,0,1.0000,576,3.721556,1,1,48,0,0,0,0.4,risk_path,4,Bot1|Bot2|Bot3|Bot4,,1,0
265,0.85,75,440,3550384,2803946996,3652,0.649244,496,1359,36-68,30-18,50-16,72,56,86,66,32,22,1,0,1,72,0,,38,0,,,0,walked_into_fire,0,54,54,0,-15,18,0.7500,,0.006952,39,39,fire_reached_bot,0,61,38,23,-22,34,0.5278,,0.097329,,-1,fire_reached_bot,0,61,38,23,-22,34,0.5278,,0.189130,-1,,fire_reached_bot,0,61,38,23,-22,34,0.5278,,5.735532,-1,-1,61,0,38,23,,no_path,0,,Bot1|Bot2|Bot3|Bot4,0,1
266,0.85,75,440,1459446169,848544576,3647,0.648356,503,1372,12-53,23-15,51-21,59,49,79,71,36,34,1,0,1,59,0,,39,0,,,0,walked_into_fire,0,49,49,0,-9,10,0.8305,,0.007885,40,40,fire_reached_bot,0,55,39,16,-15,20,0.6610,,0.064064,,-1,fire_reached_bot,0,55,39,16,-15,20,0.6610,,0.124268,-1,,fire_reached_bot,0,55,39,16,-15,20,0.6610,,4.183496,-1,-1,55,0,39,16,,no_path,0,,Bot1|Bot2|Bot3|Bot4,0,1
267,0.85,75,440,1897333980,3152261953,3618,0.643200,496,1339,34-62,30-66,59-38,10,8,53,49,61,57,0,0,1,10,1,10,71,1,10,61,1,button,1,10,10,0,60,0,1.0000,70,0.000163,-1,-1,button,1,10,10,0,60,0,1.0000,70,0.000377,,-1,button,1,10,10,0,60,0,1.0000,70,0.000507,-1,,button,1,10,10,0,60,0,1.0000,70,0.244679,-1,-1,10,0,0,0,0.4,risk_path,4,Bot1|Bot2|Bot3|Bot4,,1,0
268,0.85,75,440,1652118545,685776228,3653,0.649422,509,1418,3-27,46-74,31-68,92,90,71,69,21,21,1,0,1,92,0,,23,0,,,0,fire_reached_bot,0,38,38,0,-14,54,0.4130,,0.003788,10,10,fire_reached_bot,0,55,21,34,-31,71,0.2283,,0.163047,,-1,fire_reached_bot,0,55,21,34,-31,71,0.2283,,0.304148,-1,,fire_reached_bot,0,55,21,34,-31,71,0.2283,,4.319814,-1,-1,55,0,21,34,,no_path,0,,Bot1|Bot2|Bot3|Bot4,0,1
269,0.85,75,440,943373969,2848700176,3631,0.645511,501,1392,10-22,36-18,37-71,38,30,82,76,72,54,0,0,1,38,1,38,87,1,38,49,1,button,1,38,38,0,49,0,1.0000,516,0.002069,-1,-1,button,1,38,38,0,49,0,1.0000,516,0.005422,,-1,button,1,38,38,0,49,0,1.0000,516,0.007799,-1,,button,1,38,38,0,49,0,1.0000,516,2.335031,1,1,38,0,0,0,0.4,risk_path,4,Bot1|Bot2|Bot3|Bot4,,1,0
270,0.85,75,440,1415906743,1027550563,3643,0.647644,499,1344,71-56,1-44,50-21,96,82,60,56,80,72,1,0,1,96,0,,91,0,,,0,fire_reached_bot,0,77,77,0,0,19,0.8021,2729,0.023128,77,77,fire_reached_bot,0,79,76,3,0,20,0.7917,2832,0.062128,,-1,fire_reached_bot,0,79,76,3,0,20,0.7917,2832,0.091713,-1,,fire_reached_bot,0,79,76,3,0,20,0.7917,2832,8.238376,-1,-1,79,0,76,3,,no_path,0,,Bot1|Bot2|Bot3|Bot4,0,1
271,0.85,75,440,4249967921,3928420346,3633,0.645867,503,1392,3-30,29-44,72-6,50,40,101,93,83,81,0,0,1,50,1,50,92,1,50,42,1,button,1,50,50,0,42,0,1.0000,540,0.002950,-1,-1,button,1,50,50,0,42,0,1.0000,540,0.007640,,-1,button,1,50,50,0,42,0,1.0000,540,0.010871,-1,,button,1,50,50,0,42,0,1.0000,540,4.092936,10,10,50,0,0,0,0.4,risk_path,4,Bot1|Bot2|Bot3|Bot4,,1,0
272,0.85,75,440,3406299465,3246889654,3643,0.647644,495,1345,7-69,26-14,52-56,82,74,64,58,78,68,1,0,1,82,0,,95,1,82,13,1,button,1,82,82,0,12,0,1.0000,2265,0.019286,-1,-1,button,1,82,82,0,12,0,1.0000,2265,0.044677,,-1,button,1,82,82,0,12,0,1.0000,2265,0.068187,-1,,button,1,82,82,0,12,0,1.0000,2265,7.191668,1,1,82,4,0,0,0.99,risk_path,4,Bot1|Bot2|Bot3|Bot4,,1,0
273,0.85,75,440,2347823433,2610306846,3633,0.645867,506,1373,13-74,74-39,46-24,106,96,87,83,55,43,1,0,1,106,0,,60,0,,,0,fire_reached_bot,0,55,55,0,0,51,0.5189,1918,0.012052,55,55,fire_reached_bot,0,56,54,2,0,52,0.5094,1974,0.048562,,-1,fire_reached_bot,0,56,54,2,0,52,0.5094,1974,0.068116,-1,,fire_reached_bot,0,56,54,2,0,52,0.5094,1974,6.917931,-1,-1,56,0,54,2,,no_path,0,,Bot1|Bot2|Bot3|Bot4,0,1
274,0.85,75,440,2266113072,2703714323,3649,0.648711,509,1393,60-40,45-73,70-6,54,48,58,44,108,92,0,0,1,54,1,54,118,1,54,64,1,button,1,54,54,0,60,0,1.0000,579,0.003485,-1,-1,button,1,54,54,0,60,0,1.0000,579,0.012070,,-1,button,1,54,54,0,60,0,1.0000,579,0.015794,-1,,button,1,54,54,0,60,0,1.0000,579,4.514384,-1,-1,54,0,0,0,0.4,risk_path,4,Bot1|Bot2|Bot3|Bot4,,1,0
275,0.85,75,440,572313208,4115807259,3673,0.652978,515,1382,27-14,6-71,71-65,96,78,101,95,101,71,0,0,1,96,1,96,110,1,96,14,1,button,1,96,96,0,14,0,1.0000,2277,0.021041,-1,-1,button,1,96,96,0,14,0,1.0000,2277,0.072589,,-1,button,1,96,96,0,14,0,1.0000,2277,0.096051,-1,,button,1,96,96,0,14,0,1.0000,2277,10.237408,76,76,96,0,0,0,0.4,risk_path,4,Bot1|Bot2|Bot3|Bot4,,1,0
276,0.85,75,440,441933108,3198590936,3653,0.649422,500,1388,16-39,72-3,74-20,98,92,85,77,29,19,1,0,1,98,0,,31,0,,,0,walked_into_fire,0,52,52,0,-20,46,0.5306,,0.004995,28,28,fire_reached_bot,0,81,27,54,-49,71,0.2755,,0.231435,,-1,fire_reached_bot,0,81,27,54,-49,71,0.2755,,0.449013,-1,,fire_reached_bot,0,81,27,54,-49,71,0.2755,,6.051502,-1,-1,81,0,27,54,,no_path,0,,Bot1|Bot2|Bot3|Bot4,0,1
277,0.85,75,440,3418122606,1333948928,3641,0.647289,508,1374,47-46,22-43,66-36,32,28,37,29,67,51,0,0,1,32,1,32,79,1,32,47,1,button,1,32,32,0,43,0,1.0000,434,0.001484,-1,-1,button,1,32,32,0,43,0,1.0000,434,0.003171,,-1,button,1,32,32,0,43,0,1.0000,434,0.004759,-1,,button,1,32,32,0,43,0,1.0000,434,1.718104,-1,-1,32,0,0,0,0.4,risk_path,4,Bot1|Bot2|Bot3|Bot4,,1,0
278,0.85,75,440,2893733061,2995401778,3638,0.646756,510,1380,32-62,48-27,5-67,57,51,48,32,89,83,0,0,1,57,1,57,100,1,57,43,1,button,1,57,57,0,40,0,1.0000,735,0.003705,-1,-1,button,1,57,57,0,40,0,1.0000,735,0.013870,,-1,button,1,57,57,0,40,0,1.0000,735,0.018144,-1,,button,1,57,57,0,40,0,1.0000,735,4.964892,22,22,57,0,0,0,0.4,risk_path,4,Bot1|Bot2|Bot3|Bot4,,1,0
279,0.85,75,440,3773649777,926245506,3628,0.644978,495,1368,32-63,60-72,25-22,47,37,60,48,87,85,0,0,1,47,1,47,98,1,47,51,1,button,1,47,47,0,50,0,1.0000,1407,0.006037,-1,-1,button,1,47,47,0,50,0,1.0000,1407,0.013360,,-1,button,1,47,47,0,50,0,1.0000,1407,0.020943,-1,,button,1,47,47,0,50,0,1.0000,1407,3.065879,7,7,47,0,0,0,0.4,risk_path,4,Bot1|Bot2|Bot3|Bot4,,1,0
280,0.85,75,440,2985125786,3442015289,3635,0.646222,507,1348,28-4,7-3,50-1,34,22,41,25,63,45,0,0,1,34,1,34,73,1,34,39,1,button,1,34,34,0,30,0,1.0000,365,0.001324,-1,-1,button,1,34,34,0,30,0,1.0000,365,0.003698,,-1,button,1,34,34,0,30,0,1.0000,365,0.005144,-1,,button,1,34,34,0,30,0,1.0000,365,2.073972,-1,-1,34,0,0,0,0.4,risk_path,4,Bot1|Bot2|Bot3|Bot4,,1,0
281,0.85,75,440,2521516864,696713569,3648,0.648533,502,1389,44-7,32-14,41-1,25,19,11,9,28,22,0,0,1,25,1,25,33,1,25,8,1,button,1,25,25,0,6,0,1.0000,205,0.000686,-1,-1,button,1,25,25,0,6,0,1.0000,205,0.002177,,-1,button,1,25,25,0,6,0,1.0000,205,0.002839,-1,,button,1,25,25,0,6,0,1.0000,205,1.218559,-1,-1,25,0,0,0,0.4,risk_path,4,Bot1|Bot2|Bot3|Bot4,,1,0
282,0.85,75,440,3512670226,3470638926,3653,0.649422,513,1374,59-63,33-58,21-65,53,31,74,40,31,19,1,0,1,53,0,,35,0,,,0,fire_reached_bot,0,41,41,0,-5,12,0.7736,,0.003946,35,35,fire_reached_bot,0,47,34,13,-11,19,0.6415,,0.065285,,-1,fire_reached_bot,0,47,34,13,-11,19,0.6415,,0.126285,-1,,fire_reached_bot,0,47,34,13,-11,19,0.6415,,3.957872,-1,-1,47,0,34,13,,no_path,0,,Bot1|Bot2|Bot3|Bot4,0,1
283,0.85,75,440,139254943,2871586275,3638,0.646756,499,1382,4-42,66-69,7-3,103,89,60,42,127,125,0,0,1,103,1,103,138,1,103,35,1,button,1,103,103,0,30,0,1.0000,2515,0.026307,-1,-1,button,1,103,103,0,30,0,1.0000,2515,0.080058,,-1,button,1,103,103,0,30,0,1.0000,2515,0.112131,-1,,button,1,103,103,0,30,0,1.0000,2515,11.049248,38,38,103,0,0,0,0.4,risk_path,4,Bot1|Bot2|Bot3|Bot4,,1,0
284,0.85,75,440,2016013904,2387887068,3654,0.649600,510,1422,62-39,27-35,2-37,59,39,92,62,39,27,1,0,1,59,0,,43,0,,,0,walked_into_fire,0,49,49,0,-5,10,0.8305,,0.004846,43,43,fire_reached_bot,0,57,42,15,-13,17,0.7119,,0.069216,,-1,fire_reached_bot,0,57,42,15,-13,17,0.7119,,0.133575,-1,,fire_reached_bot,0,57,42,15,-13,17,0.7119,,5.506418,-1,-1,57,0,42,15,,no_path,0,,Bot1|Bot2|Bot3|Bot4,0,1
285,0.85,75,440,2152869414,3950020351,3662,0.651022,509,1413,46-68,12-66,41-41,46,36,40,32,58,54,0,0,1,46,1,46,68,1,46,22,1,button,1,46,46,0,21,0,1.0000,1270,0.005292,-1,-1,button,1,46,46,0,21,0,1.0000,1270,0.011246,,-1,button,1,46,46,0,21,0,1.0000,1270,0.017418,-1,,button,1,46,46,0,22,0,1.0000,1270,2.957106,34,34,46,0,0,0,0.4,risk_path,4,Bot1|Bot2|Bot3|Bot4,,1,0
286,0.85,75,440,1157899962,1993066084,3639,0.646933,494,1362,35-40,45-7,36-3,55,43,56,38,15,13,1,0,1,55,0,,17,0,,,0,walked_into_fire,0,31,31,0,-13,24,0.5636,,0.001616,18,18,fire_reached_bot,0,47,17,30,-29,38,0.3091,,0.138475,,-1,fire_reached_bot,0,47,17,30,-29,38,0.3091,,0.280950,-1,,fire_reached_bot,0,47,17,30,-29,38,0.3091,,2.804162,-1,-1,47,0,17,30,,no_path,0,,Bot1|Bot2|Bot3|Bot4,0,1
287,0.85,75,440,3991210846,343377854,3657,0.650133,514,1363,38-53,25-9,44-54,67,57,19,7,86,64,0,0,1,67,1,67,100,1,67,33,1,button,1,67,67,0,21,0,1.0000,1789,0.010517,-1,-1,button,1,67,67,0,21,0,1.0000,1789,0.026636,,-1,button,1,67,67,0,21,0,1.0000,1789,0.039836,-1,,button,1,67,67,0,21,0,1.0000,1789,5.589018,65,65,67,0,0,0,0.4,risk_path,4,Bot1|Bot2|Bot3|Bot4,,1,0
288,0.85,75,440,3830897319,2464422491,3661,0.650844,511,1430,65-37,32-41,39-55,47,37,46,44,33,21,1,0,1,47,0,,36,0,,,0,walked_into_fire,0,36,36,0,-1,11,0.7660,838,0.003032,36,34,fire_reached_bot,0,36,35,1,0,12,0.7447,887,0.008574,,34,fire_reached_bot,0,35,35,0,0,14,0.7021,838,0.016059,34,,fire_reached_bot,0,36,35,1,0,12,0.7447,887,2.999335,-1,34,36,0,35,1,,no_path,0,,Bot1|Bot2|Bot3|Bot4,0,1
289,0.85,75,440,718415510,2147925118,3645,0.648000,499,1380,34-46,50-13,2-73,57,49,61,59,118,108,0,0,1,57,1,57,132,1,57,75,1,button,1,57,57,0,66,0,1.0000,546,0.003377,-1,-1,button,1,57,57,0,66,0,1.0000,546,0.011874,,-1,button,1,57,57,0,66,0,1.0000,546,0.015799,-1,,button,1,57,57,0,66,0,1.0000,546,5.554052,3,3,57,0,0,0,0.4,risk_path,4,Bot1|Bot2|Bot3|Bot4,,1,0
290,0.85,75,440,3810450922,1091198838,3649,0.648711,509,1393,38-31,8-34,21-59,45,33,45,45,44,38,1,0,1,45,0,,50,1,45,5,1,button,1,45,45,0,5,0,1.0000,1191,0.005583,-1,-1,button,1,45,45,0,5,0,1.0000,1191,0.011063,,-1,button,1,45,45,0,5,0,1.0000,1191,0.017792,-1,,button,1,45,45,0,5,0,1.0000,1191,2.897953,-1,-1,45,0,0,0,0.4,risk_path,4,Bot1|Bot2|Bot3|Bot4,,1,0
291,0.85,75,440,488650922,3463263512,3635,0.646222,503,1370,28-52,57-36,37-65,51,45,30,22,53,49,0,0,1,51,1,51,61,1,51,10,1,button,1,51,51,0,9,0,1.0000,1043,0.004825,-1,-1,button,1,51,51,0,9,0,1.0000,1043,0.012786,,-1,button,1,51,51,0,9,0,1.0000,1043,0.018262,-1,,button,1,51,51,0,9,0,1.0000,1043,3.672190,1,1,51,0,0,0,0.4,risk_path,4,Bot1|Bot2|Bot3|Bot4,,1,0
292,0.85,75,440,1069063252,2129452804,3641,0.647289,498,1356,46-5,62-39,70-24,56,50,59,43,23,23,1,0,1,56,0,,27,0,,,0,fire_reached_bot,0,33,33,0,-5,23,0.5893,,0.001476,27,27,fire_reached_bot,0,41,26,15,-13,30,0.4643,,0.075323,,-1,fire_reached_bot,0,41,26,15,-13,30,0.4643,,0.141680,-1,,fire_reached_bot,0,41,26,15,-13,30,0.4643,,3.214224,-1,-1,41,0,26,15,,no_path,0,,Bot1|Bot2|Bot3|Bot4,0,1
293,0.85,75,440,2939677069,3588486604,3656,0.649956,511,1377,31-9,16-62,11-71,74,68,88,82,14,14,1,0,1,74,0,,15,0,,,0,walked_into_fire,0,48,48,0,-32,26,0.6486,,0.003924,16,16,fire_reached_bot,0,88,15,73,-72,59,0.2027,,0.287254,,-1,fire_reached_bot,0,88,15,73,-72,59,0.2027,,0.581533,-1,,fire_reached_bot,0,88,15,73,-72,59,0.2027,,3.648949,-1,-1,88,0,15,73,,no_path,0,,Bot1|Bot2|Bot3|Bot4,0,1
294,0.85,75,440,3448987124,1070658387,3646,0.648178,504,1370,1-64,0-32,53-31,51,33,87,85,68,54,0,0,1,51,1,51,72,1,51,21,1,button,1,51,51,0,21,0,1.0000,1658,0.008340,-1,-1,button,1,51,51,0,21,0,1.0000,1658,0.015538,,-1,button,1,51,51,0,21,0,1.0000,1658,0.025872,-1,,button,1,51,51,0,21,0,1.0000,1658,3.154384,-1,-1,51,0,0,0,0.4,risk_path,4,Bot1|Bot2|Bot3|Bot4,,1,0
295,0.85,75,440,3957383876,3993555280,3636,0.646400,488,1349,43-23,34-19,37-37,15,13,26,20,23,21,0,0,1,15,1,15,24,1,15,9,1,button,1,15,15,0,9,0,1.0000,142,0.000320,-1,-1,button,1,15,15,0,9,0,1.0000,142,0.000698,,-1,button,1,15,15,0,9,0,1.0000,142,0.001000,-1,,button,1,15,15,0,9,0,1.0000,142,0.441950,-1,-1,15,0,0,0,0.4,risk_path,4,Bot1|Bot2|Bot3|Bot4,,1,0
296,0.85,75,440,1682334534,1630947947,3617,0.643022,503,1320,22-65,9-42,33-4,52,36,102,72,66,62,0,0,1,52,1,52,73,1,52,21,1,button,1,52,52,0,21,0,1.0000,1012,0.005228,-1,-1,button,1,52,52,0,21,0,1.0000,1012,0.013714,,-1,button,1,52,52,0,21,0,1.0000,1012,0.020285,-1,,button,1,52,52,0,21,0,1.0000,1012,3.792876,47,47,52,0,0,0,0.4,risk_path,4,Bot1|Bot2|Bot3|Bot4,,1,0
297,0.85,75,440,3826954389,2667375914,3627,0.644800,504,1383,45-29,20-58,24-32,58,54,32,24,34,30,1,0,1,58,0,,41,0,,,0,fire_reached_bot,0,18,18,0,0,40,0.3103,185,0.001012,11,11,fire_reached_bot,0,35,35,0,0,41,0.2931,789,0.015421,,29,fire_reached_bot,0,44,41,3,-2,49,0.1552,,0.053077,29,,fire_reached_bot,0,35,35,0,0,41,0.2931,789,3.827254,-1,29,35,0,35,0,,shortest_path_fallback,0,,Bot1|Bot2|Bot3|Bot4,0,1
298,0.85,75,440,1463647553,2324460761,3676,0.653511,516,1382,7-73,14-7,18-37,113,73,73,47,48,34,1,0,1,113,0,,55,0,,,0,fire_reached_bot,0,41,41,0,0,72,0.3628,792,0.004146,38,37,fire_reached_bot,0,61,55,6,-5,94,0.1681,,0.106046,,37,fire_reached_bot,0,59,55,4,-3,94,0.1681,,0.128954,37,,fire_reached_bot,0,61,55,6,-5,94,0.1681,,9.111800,-1,37,61,0,55,6,,no_path,0,,Bot1|Bot2|Bot3|Bot4,0,1
299,0.85,75,440,290523079,465395590,3655,0.649778,518,1381,69-18,62-58,22-38,57,47,77,67,66,60,0,0,1,57,1,57,73,1,57,16,1,button,1,57,57,0,16,0,1.0000,1845,0.009448,-1,-1,button,1,57,57,0,16,0,1.0000,1845,0.018900,,-1,button,1,57,57,0,16,0,1.0000,1845,0.030538,-1,,button,1,57,57,0,16,0,1.0000,1845,3.581654,-1,-1,57,0,0,0,0.4,risk_path,4,Bot1|Bot2|Bot3|Bot4,,1,0
300,0.85,75,440,2918341021,4123951292,3643,0.647644,507,1388,3-20,42-65,72-2,98,84,121,87,103,93,0,0,1,98,1,98,114,1,98,16,1,button,1,98,98,0,16,0,1.0000,1742,0.017637,-1,-1,button,1,98,98,0,16,0,1.0000,1742,0.071634,,-1,button,1,98,98,0,16,0,1.0000,1742,0.092458,-1,,button,1,98,98,0,16,0,1.0000,1742,11.111751,17,17,98,0,0,0,0.4,risk_path,4,Bot1|Bot2|Bot3|Bot4,,1,0
301,0.85,75,440,1819333381,488089373,3635,0.646222,494,1346,46-31,45-39,54-54,11,9,35,31,24,24,0,0,1,11,1,11,27,1,11,16,1,button,1,11,11,0,16,0,1.0000,84,0.000196,-1,-1,button,1,11,11,0,16,0,1.0000,84,0.000391,,-1,button,1,11,11,0,16,0,1.0000,84,0.000544,-1,,button,1,11,11,0,16,0,1.0000,84,0.301956,-1,-1,11,0,0,0,0.4,risk_path,4,Bot1|Bot2|Bot3|Bot4,,1,0
302,0.85,75,440,1770019578,3777455532,3626,0.644622,501,1376,59-48,49-47,28-6,21,11,73,73,64,62,0,0,1,21,1,21,74,1,21,53,1,button,1,21,21,0,53,0,1.0000,168,0.000502,-1,-1,button,1,21,21,0,53,0,1.0000,168,0.001339,,-1,button,1,21,21,0,53,0,1.0000,168,0.001744,-1,,button,1,21,21,0,53,0,1.0000,168,0.839084,8,8,21,0,0,0,0.4,risk_path,4,Bot1|Bot2|Bot3|Bot4,,1,0
303,0.85,75,440,1560084379,2039133605,3629,0.645156,497,1345,39-25,1-70,74-53,97,83,69,63,96,90,1,0,1,97,0,,105,1,97,8,1,button,1,97,97,0,5,0,1.0000,2652,0.027865,-1,-1,button,1,97,97,0,5,0,1.0000,2652,0.073941,,-1,button,1,97,97,0,5,0,1.0000,2652,0.106792,-1,,button,1,97,97,0,5,0,1.0000,2652,9.438782,-1,-1,97,0,0,0,0.4,risk_path,4,Bot1|Bot2|Bot3|Bot4,,1,0
304,0.85,75,440,3262132408,1721014697,3658,0.650311,496,1385,65-54,0-53,27-37,96,66,59,55,49,43,1,0,1,96,0,,53,0,,,0,fire_reached_bot,0,41,41,0,0,55,0.4271,1061,0.005311,39,39,fire_reached_bot,0,46,43,3,0,59,0.3854,1350,0.056535,,-1,fire_reached_bot,0,46,43,3,0,59,0.3854,1350,0.076432,-1,,fire_reached_bot,0,46,43,3,0,59,0.3854,1350,5.921496,-1,-1,46,0,43,3,,no_path,0,,Bot1|Bot2|Bot3|Bot4,0,1
305,0.85,75,440,77630353,3086096505,3634,0.646044,490,1370,32-73,64-44,11-31,65,61,67,63,74,66,0,0,1,65,1,65,84,1,65,19,1,button,1,65,65,0,19,0,1.0000,1908,0.011264,-1,-1,button,1,65,65,0,19,0,1.0000,1908,0.021858,,-1,button,1,65,65,0,19,0,1.0000,1908,0.038067,-1,,button,1,65,65,0,19,0,1.0000,1908,4.794135,9,9,65,0,0,0,0.4,risk_path,4,Bot1|Bot2|Bot3|Bot4,,1,0
306,0.85,75,440,3978666814,258631395,3644,0.647822,494,1394,3-14,7-13,33-47,15,5,73,63,68,60,0,0,1,15,1,15,76,1,15,61,1,button,1,15,15,0,61,0,1.0000,157,0.000344,-1,-1,button,1,15,15,0,61,0,1.0000,157,0.000748,,-1,button,1,15,15,0,61,0,1.0000,157,0.001112,-1,,button,1,15,15,0,61,0,1.0000,157,0.465715,-1,-1,15,0,0,0,0.4,risk_path,4,Bot1|Bot2|Bot3|Bot4,,1,0
307,0.85,75,440,1680995527,3003881739,3653,0.649422,507,1391,65-55,74-12,61-23,66,52,44,36,24,24,1,0,1,66,0,,24,0,,,0,fire_reached_bot,0,23,23,0,0,43,0.3485,352,0.001476,19,19,fire_reached_bot,0,29,18,11,-4,48,0.2727,,0.066815,,-1,fire_reached_bot,0,29,18,11,-4,48,0.2727,,0.121720,-1,,fire_reached_bot,0,29,18,11,-4,48,0.2727,,3.643327,-1,-1,29,0,18,11,,no_path,0,,Bot1|Bot2|Bot3|Bot4,0,1
308,0.85,75,440,3117523694,2309348517,3656,0.649956,515,1390,15-41,1-38,23-35,31,17,14,14,39,25,0,0,1,31,1,31,45,1,31,14,1,button,1,31,31,0,12,0,1.0000,600,0.001829,-1,-1,button,1,31,31,0,12,0,1.0000,600,0.003650,,-1,button,1,31,31,0,12,0,1.0000,600,0.005696,-1,,button,1,31,31,0,12,0,1.0000,600,1.576492,-1,-1,31,0,0,0,0.4,risk_path,4,Bot1|Bot2|Bot3|Bot4,,1,0
309,0.85,75,440,2835355592,297263676,3627,0.644800,500,1373,11-50,68-37,68-60,86,70,97,67,41,23,1,0,1,86,0,,47,0,,,0,fire_reached_bot,0,57,57,0,-9,29,0.6628,,0.005082,46,46,fire_reached_bot,0,62,45,17,-14,41,0.5233,,0.103827,,-1,fire_reached_bot,0,62,45,17,-14,41,0.5233,,0.185316,-1,,fire_reached_bot,0,62,45,17,-14,41,0.5233,,8.798293,-1,-1,62,0,45,17,,no_path,0,,Bot1|Bot2|Bot3|Bot4,0,1
310,0.85,75,440,2898697772,2994729344,3622,0.643911,510,1334,29-24,19-52,44-21,56,38,22,18,58,56,0,0,1,56,1,56,63,1,56,7,1,button,1,56,56,0,5,0,1.0000,2104,0.011982,-1,-1,button,1,56,56,0,5,0,1.0000,2104,0.025823,,-1,button,1,56,56,0,5,0,1.0000,2104,0.041787,-1,,button,1,56,56,0,5,0,1.0000,2104,3.697446,-1,-1,56,0,0,0,0.4,risk_path,4,Bot1|Bot2|Bot3|Bot4,,1,0
311,0.85,75,440,1005567868,222496869,3643,0.647644,506,1381,16-45,13-59,40-62,35,17,65,41,50,30,0,0,1,35,1,35,57,1,35,22,1,button,1,35,35,0,22,0,1.0000,445,0.001504,-1,-1,button,1,35,35,0,22,0,1.0000,445,0.003967,,-1,button,1,35,35,0,22,0,1.0000,445,0.005957,-1,,button,1,35,35,0,22,0,1.0000,445,2.194893,-1,-1,35,0,0,0,0.4,risk_path,4,Bot1|Bot2|Bot3|Bot4,,1,0
312,0.85,75,440,3042795674,2137903543,3656,0.649956,523,1394,37-7,45-46,3-20,65,47,55,47,74,68,0,0,1,65,1,65,83,1,65,18,1,button,1,65,65,0,14,0,1.0000,1132,0.007453,-1,-1,button,1,65,65,0,14,0,1.0000,1132,0.017532,,-1,button,1,65,65,0,14,0,1.0000,1132,0.026938,-1,,button,1,65,65,0,18,0,1.0000,1132,6.162403,39,39,65,0,0,0,0.4,risk_path,4,Bot1|Bot2|Bot3|Bot4,,1,0
313,0.85,75,440,1246630585,1554748669,3644,0.647822,515,1381,70-15,74-36,60-13,39,25,58,12,53,37,0,0,1,39,1,39,62,1,39,23,1,button,1,39,39,0,20,0,1.0000,379,0.001633,-1,-1,button,1,39,39,0,20,0,1.0000,379,0.005356,,-1,button,1,39,39,0,20,0,1.0000,379,0.007066,-1,,button,1,39,39,0,20,0,1.0000,379,2.618932,25,25,39,0,0,0,0.4,risk_path,4,Bot1|Bot2|Bot3|Bot4,,1,0
314,0.85,75,440,2358439391,771830428,3651,0.649067,506,1369,54-13,45-40,7-28,40,36,82,62,62,50,0,0,1,40,1,40,70,1,40,30,1,button,1,40,40,0,30,0,1.0000,455,0.001643,-1,-1,button,1,40,40,0,30,0,1.0000,455,0.004435,,-1,button,1,40,40,0,30,0,1.0000,455,0.006225,-1,,button,1,40,40,0,30,0,1.0000,455,2.599267,-1,-1,40,0,0,0,0.4,risk_path,4,Bot1|Bot2|Bot3|Bot4,,1,0
315,0.85,75,440,773523320,1401553363,3618,0.643200,495,1376,24-48,24-35,13-9,19,13,58,50,53,37,0,0,1,19,1,19,60,1,19,41,1,button,1,19,19,0,40,0,1.0000,227,0.000598,-1,-1,button,1,19,19,0,40,0,1.0000,227,0.001249,,-1,button,1,19,19,0,40,0,1.0000,227,0.001800,-1,,button,1,19,19,0,40,0,1.0000,227,0.667748,6,6,19,0,0,0,0.4,risk_path,4,Bot1|Bot2|Bot3|Bot4,,1,0
316,0.85,75,440,1738134723,2008269550,3615,0.642667,493,1361,13-28,74-55,16-9,92,88,34,22,108,104,0,0,1,92,1,92,118,1,92,26,1,button,1,92,92,0,21,0,1.0000,2366,0.022148,-1,-1,button,1,92,92,0,21,0,1.0000,2366,0.054641,,-1,button,1,92,92,0,21,0,1.0000,2366,0.083514,-1,,button,1,92,92,0,21,0,1.0000,2366,8.793517,15,15,92,0,0,0,0.4,risk_path,4,Bot1|Bot2|Bot3|Bot4,,1,0
317,0.85,75,440,979263756,953799673,3669,0.652267,502,1402,13-59,8-50,29-50,16,14,31,25,31,21,0,0,1,16,1,16,37,1,16,21,1,button,1,16,16,0,21,0,1.0000,138,0.000314,-1,-1,button,1,16,16,0,21,0,1.0000,138,0.000673,,-1,button,1,16,16,0,21,0,1.0000,138,0.000973,-1,,button,1,16,16,0,21,0,1.0000,138,0.544472,-1,-1,16,0,0,0,0.4,risk_path,4,Bot1|Bot2|Bot3|Bot4,,1,0
318,0.85,75,440,1739095726,662417193,3613,0.642311,484,1308,66-39,40-23,28-18,42,42,59,59,17,17,1,0,1,42,0,,18,0,,,0,walked_into_fire,0,32,32,0,-13,10,0.7619,,0.001758,19,19,fire_reached_bot,0,46,18,28,-27,24,0.4286,,0.118374,,-1,fire_reached_bot,0,46,18,28,-27,24,0.4286,,0.236943,-1,,fire_reached_bot,0,46,18,28,-27,24,0.4286,,1.989017,-1,-1,46,0,18,28,,no_path,0,,Bot1|Bot2|Bot3|Bot4,0,1
319,0.85,75,440,868483726,487361327,3650,0.648889,508,1404,55-23,16-9,32-68,67,53,68,68,83,75,0,0,1,67,1,67,103,1,67,36,1,button,1,67,67,0,36,0,1.0000,1999,0.014337,-1,-1,button,1,67,67,0,36,0,1.0000,1999,0.031511,,-1,button,1,67,67,0,36,0,1.0000,1999,0.048406,-1,,button,1,67,67,0,36,0,1.0000,1999,5.789316,-1,-1,67,0,0,0,0.4,risk_path,4,Bot1|Bot2|Bot3|Bot4,,1,0
320,0.85,75,440,780381394,1436591598,3617,0.643022,490,1335,61-29,72-65,25-35,67,47,64,42,83,77,0,0,1,67,1,67,92,1,67,25,1,button,1,67,67,0,24,0,1.0000,2483,0.017467,-1,-1,button,1,67,67,0,24,0,1.0000,2483,0.034965,,-1,button,1,67,67,0,24,0,1.0000,2483,0.054650,-1,,button,1,67,67,0,24,0,1.0000,2483,4.614035,9,9,67,0,0,0,0.4,risk_path,4,Bot1|Bot2|Bot3|Bot4,,1,0
321,0.85,75,440,3438593776,3903306868,3635,0.646222,502,1352,60-59,50-8,12-9,89,61,106,98,51,39,1,0,1,89,0,,63,0,,,0,walked_into_fire,0,68,68,0,-4,21,0.7640,,0.011026,64,64,fire_reached_bot,0,71,63,8,-7,26,0.7079,,0.067155,,-1,fire_reached_bot,0,71,63,8,-7,26,0.7079,,0.105447,-1,,fire_reached_bot,0,71,63,8,-7,26,0.7079,,8.767240,-1,-1,71,0,63,8,,no_path,0,,Bot1|Bot2|Bot3|Bot4,0,1
322,0.85,75,440,3986935069,3858830174,3609,0.641600,489,1337,31-41,40-34,16-58,18,16,38,32,56,48,0,0,1,18,1,18,59,1,18,41,1,button,1,18,18,0,40,0,1.0000,172,0.000416,-1,-1,button,1,18,18,0,40,0,1.0000,172,0.001039,,-1,button,1,18,18,0,40,0,1.0000,172,0.001384,-1,,button,1,18,18,0,40,0,1.0000,172,0.618401,4,4,18,0,0,0,0.4,risk_path,4,Bot1|Bot2|Bot3|Bot4,,1,0
323,0.85,75,440,509776406,2567658253,3634,0.646044,501,1378,47-21,69-44,53-74,53,45,81,59,48,46,1,0,1,53,0,,53,0,,,0,fire_reached_bot,0,52,52,0,0,1,0.9811,638,0.003805,-1,-1,fire_reached_bot,0,52,52,0,0,1,0.9811,638,0.011710,,-1,fire_reached_bot,0,52,52,0,0,1,0.9811,638,0.024033,-1,,fire_reached_bot,0,52,52,0,0,1,0.9811,638,4.805199,-1,-1,52,8,44,0,0.99,risk_path,0,,Bot1|Bot2|Bot3|Bot4,0,1
324,0.85,75,440,1895927736,3210878789,3644,0.647822,498,1357,21-58,33-29,37-60,47,41,24,18,53,35,0,0,1,47,1,47,58,1,47,11,1,button,1,47,47,0,10,0,1.0000,1160,0.005329,-1,-1,button,1,47,47,0,10,0,1.0000,1160,0.012224,,-1,button,1,47,47,0,10,0,1.0000,1160,0.018028,-1,,button,1,47,47,0,9,0,1.0000,1160,3.234807,1,1,47,0,0,0,0.4,risk_path,4,Bot1|Bot2|Bot3|Bot4,,1,0
325,0.85,75,440,75942277,1867417450,3633,0.645867,498,1373,42-69,9-37,54-41,67,65,52,40,73,49,0,0,1,67,1,67,84,1,67,17,1,button,1,67,67,0,14,0,1.0000,2069,0.013791,-1,-1,button,1,67,67,0,14,0,1.0000,2069,0.024621,,-1,button,1,67,67,0,14,0,1.0000,2069,0.040639,-1,,button,1,67,67,0,14,0,1.0000,2069,5.448830,-1,-1,67,0,0,0,0.4,risk_path,4,Bot1|Bot2|Bot3|Bot4,,1,0
326,0.85,75,440,4250529820,1484301454,3643,0.647644,502,1368,33-23,2-23,69-51,49,31,74,64,107,95,0,0,1,49,1,49,120,1,49,71,1,button,1,49,49,0,69,0,1.0000,773,0.004217,-1,-1,button,1,49,49,0,69,0,1.0000,773,0.011287,,-1,button,1,49,49,0,69,0,1.0000,773,0.015739,-1,,button,1,49,49,0,69,0,1.0000,773,3.678099,-1,-1,49,0,0,0,0.4,risk_path,4,Bot1|Bot2|Bot3|Bot4,,1,0
327,0.85,75,440,3071567326,2258578127,3628,0.644978,495,1351,17-29,32-6,61-47,52,38,68,62,86,70,0,0,1,52,1,52,92,1,52,40,1,button,1,52,52,0,39,0,1.0000,1298,0.007621,-1,-1,button,1,52,52,0,39,0,1.0000,1298,0.019410,,-1,button,1,52,52,0,39,0,1.0000,1298,0.028298,-1,,button,1,52,52,0,39,0,1.0000,1298,3.680335,-1,-1,52,0,0,0,0.4,risk_path,4,Bot1|Bot2|Bot3|Bot4,,1,0
328,0.85,75,440,407302120,1091993989,3642,0.647467,494,1375,69-30,27-56,9-73,68,68,105,103,41,35,1,0,1,68,0,,47,0,,,0,fire_reached_bot,0,56,56,0,-8,12,0.8235,,0.004437,48,48,fire_reached_bot,0,69,47,22,-21,21,0.6912,,0.102958,,-1,fire_reached_bot,0,69,47,22,-21,21,0.6912,,0.196672,-1,,fire_reached_bot,0,69,47,22,-21,21,0.6912,,6.780332,-1,-1,69,0,47,22,,no_path,0,,Bot1|Bot2|Bot3|Bot4,0,1
329,0.85,75,440,403694093,443635467,3638,0.646756,512,1379,43-13,3-72,5-9,105,99,52,42,99,65,1,0,1,105,0,,112,1,105,7,1,button,1,105,105,0,1,0,1.0000,2412,0.025873,-1,-1,button,1,105,105,0,1,0,1.0000,2412,0.068421,,-1,button,1,105,105,0,1,0,1.0000,2412,0.098427,-1,,button,1,105,105,0,1,0,1.0000,2412,11.708682,-1,-1,105,2,32,0,0.99,risk_path,4,Bot1|Bot2|Bot3|Bot4,,1,0
330,0.85,75,440,2933929372,24815168,3657,0.650133,506,1413,16-47,12-13,7-1,58,38,71,55,21,17,1,0,1,58,0,,28,0,,,0,walked_into_fire,0,44,44,0,-15,14,0.7586,,0.002438,28,28,fire_reached_bot,0,54,27,27,-25,31,0.4655,,0.134552,,-1,fire_reached_bot,0,54,27,27,-25,31,0.4655,,0.261584,-1,,fire_reached_bot,0,54,27,27,-25,31,0.4655,,4.537846,-1,-1,54,0,27,27,,no_path,0,,Bot1|Bot2|Bot3|Bot4,0,1
331,0.85,75,440,571489985,3669167757,3662,0.651022,499,1410,27-33,16-4,24-50,66,40,26,20,70,54,0,0,1,66,1,66,84,1,66,18,1,button,1,66,66,0,7,0,1.0000,2239,0.016903,-1,-1,button,1,66,66,0,7,0,1.0000,2239,0.030937,,-1,button,1,66,66,0,7,0,1.0000,2239,0.049877,-1,,button,1,66,66,0,7,0,1.0000,2239,4.723297,-1,-1,66,0,0,0,0.4,risk_path,4,Bot1|Bot2|Bot3|Bot4,,1,0
332,0.85,75,440,2718824820,2814868908,3642,0.647467,500,1367,69-72,7-71,1-31,107,63,123,109,68,46,1,0,1,107,0,,79,0,,,0,walked_into_fire,0,93,93,0,-13,14,0.8692,,0.019700,80,80,fire_reached_bot,0,101,79,22,-21,28,0.7383,,0.111466,,-1,fire_reached_bot,0,101,79,22,-21,28,0.7383,,0.173825,-1,,fire_reached_bot,0,101,79,22,-21,28,0.7383,,12.002731,-1,-1,101,0,79,22,,no_path,0,,Bot1|Bot2|Bot3|Bot4,0,1
333,0.85,75,440,1458069241,3379700867,3616,0.642844,488,1368,54-44,9-44,37-18,71,45,51,43,70,54,1,0,1,71,0,,80,1,71,9,1,button,1,71,71,0,7,0,1.0000,2239,0.016753,-1,-1,button,1,71,71,0,7,0,1.0000,2239,0.040863,,-1,button,1,71,71,0,7,0,1.0000,2239,0.060087,-1,,button,1,71,71,0,7,0,1.0000,2239,5.864654,-1,-1,71,0,0,0,0.4,risk_path,4,Bot1|Bot2|Bot3|Bot4,,1,0
334,0.85,75,440,110822976,411924728,3637,0.646578,500,1351,9-14,47-13,64-72,57,39,113,113,90,76,0,0,1,57,1,57,100,1,57,43,1,button,1,57,57,0,43,0,1.0000,746,0.004824,-1,-1,button,1,57,57,0,43,0,1.0000,746,0.012242,,-1,button,1,57,57,0,43,0,1.0000,746,0.018743,-1,,button,1,57,57,0,43,0,1.0000,746,4.526411,30,30,57,0,0,0,0.4,risk_path,4,Bot1|Bot2|Bot3|Bot4,,1,0
335,0.85,75,440,3526644172,994635310,3650,0.648889,506,1412,56-5,54-63,8-20,98,60,75,63,97,89,1,0,1,98,0,,107,1,98,9,1,button,1,98,98,0,9,0,1.0000,2763,0.030227,-1,-1,button,1,98,98,0,9,0,1.0000,2763,0.089906,,-1,button,1,98,98,0,9,0,1.0000,2763,0.131163,-1,,button,1,98,98,0,9,0,1.0000,2763,9.112380,-1,-1,98,14,0,0,0.8,risk_path,4,Bot1|Bot2|Bot3|Bot4,,1,0
336,0.85,75,440,1087217453,2269991397,3621,0.643733,494,1334,22-61,69-15,6-53,93,93,28,24,111,101,0,0,1,93,1,93,118,1,93,25,1,button,1,93,93,0,21,0,1.0000,2421,0.024915,-1,-1,button,1,93,93,0,21,0,1.0000,2421,0.047761,,-1,button,1,93,93,0,21,0,1.0000,2421,0.077651,-1,,button,1,93,93,0,21,0,1.0000,2421,8.466986,9,9,93,0,0,0,0.4,risk_path,4,Bot1|Bot2|Bot3|Bot4,,1,0
337,0.85,75,440,4182190525,591908680,3630,0.645333,507,1374,56-6,63-6,60-53,15,7,63,51,64,50,0,0,1,15,1,15,69,1,15,54,1,button,1,15,15,0,54,0,1.0000,126,0.000345,-1,-1,button,1,15,15,0,54,0,1.0000,126,0.000695,,-1,button,1,15,15,0,54,0,1.0000,126,0.000977,-1,,button,1,15,15,0,54,0,1.0000,126,0.423397,1,1,15,0,0,0,0.4,risk_path,4,Bot1|Bot2|Bot3|Bot4,,1,0
338,0.85,75,440,131814599,1043486984,3657,0.650133,523,1389,39-55,70-4,56-15,84,82,63,57,25,25,1,0,1,84,0,,29,0,,,0,walked_into_fire,0,38,38,0,-8,46,0.4524,,0.003802,22,22,fire_reached_bot,0,48,21,27,-18,63,0.2500,,0.120512,,-1,fire_reached_bot,0,48,21,27,-18,63,0.2500,,0.233951,-1,,fire_reached_bot,0,48,21,27,-18,63,0.2500,,3.990476,-1,-1,48,0,21,27,,no_path,0,,Bot1|Bot2|Bot3|Bot4,0,1
339,0.85,75,440,1857643394,677001930,3667,0.651911,510,1436,66-71,67-49,25-46,29,23,70,66,57,45,0,0,1,29,1,29,59,1,29,30,1,button,1,29,29,0,30,0,1.0000,321,0.001030,-1,-1,button,1,29,29,0,30,0,1.0000,321,0.002565,,-1,button,1,29,29,0,30,0,1.0000,321,0.003613,-1,,button,1,29,29,0,30,0,1.0000,321,1.468310,20,20,29,0,0,0,0.4,risk_path,4,Bot1|Bot2|Bot3|Bot4,,1,0
340,0.85,75,440,3864308138,3978975570,3644,0.647822,513,1385,10-9,61-25,64-45,83,67,100,90,27,23,1,0,1,83,0,,35,0,,,0,fire_reached_bot,0,52,52,0,-16,31,0.6265,,0.007964,33,33,fire_reached_bot,0,74,32,42,-38,51,0.3855,,0.162575,,-1,fire_reached_bot,0,74,32,42,-38,51,0.3855,,0.305505,-1,,fire_reached_bot,0,74,32,42,-38,51,0.3855,,4.836961,-1,-1,74,0,32,42,,no_path,0,,Bot1|Bot2|Bot3|Bot4,0,1
341,0.85,75,440,3005494717,346531541,3669,0.652267,514,1446,23-73,11-56,43-56,29,29,51,37,56,32,0,0,1,29,1,29,64,1,29,35,1,button,1,29,29,0,35,0,1.0000,391,0.001177,-1,-1,button,1,29,29,0,35,0,1.0000,391,0.002763,,-1,button,1,29,29,0,35,0,1.0000,391,0.003960,-1,,button,1,29,29,0,35,0,1.0000,391,1.477065,-1,-1,29,0,0,0,0.4,risk_path,4,Bot1|Bot2|Bot3|Bot4,,1,0
342,0.85,75,440,2387691047,1277799577,3628,0.644978,496,1375,63-32,0-59,64-69,110,90,48,38,108,74,1,0,1,110,0,,116,1,110,6,1,button,1,110,110,0,3,0,1.0000,2989,0.038195,-1,-1,button,1,110,110,0,3,0,1.0000,2989,0.122758,,-1,button,1,110,110,0,3,0,1.0000,2989,0.165306,-1,,button,1,110,110,0,3,0,1.0000,2989,11.000258,80,80,110,0,0,0,0.4,risk_path,4,Bot1|Bot2|Bot3|Bot4,,1,0
343,0.85,75,440,909155234,2602241716,3644,0.647822,500,1364,16-23,49-50,35-2,60,60,42,40,74,62,0,0,1,60,1,60,84,1,60,24,1,button,1,60,60,0,23,0,1.0000,1130,0.005653,-1,-1,button,1,60,60,0,23,0,1.0000,1130,0.012649,,-1,button,1,60,60,0,23,0,1.0000,1130,0.019146,-1,,button,1,60,60,0,23,0,1.0000,1130,5.240666,1,1,60,0,0,0,0.4,risk_path,4,Bot1|Bot2|Bot3|Bot4,,1,0
344,0.85,75,440,3582665592,3009362077,3649,0.648711,507,1382,35-73,60-54,29-72,46,44,9,7,55,49,0,0,1,46,1,46,62,1,46,16,1,button,1,46,46,0,10,0,1.0000,732,0.002895,-1,-1,button,1,46,46,0,10,0,1.0000,732,0.007171,,-1,button,1,46,46,0,10,0,1.0000,732,0.010256,-1,,button,1,46,46,0,10,0,1.0000,732,3.380865,-1,-1,46,0,0,0,0.4,risk_path,4,Bot1|Bot2|Bot3|Bot4,,1,0
345,0.85,75,440,2398338138,2828610287,3658,0.650311,518,1407,57-10,11-57,39-61,101,93,79,69,44,32,1,0,1,101,0,,48,0,,,0,walked_into_fire,0,56,56,0,-7,45,0.5545,,0.009977,48,48,fire_reached_bot,0,63,47,16,-14,54,0.4653,,0.082394,,-1,fire_reached_bot,0,63,47,16,-14,54,0.4653,,0.130298,-1,,fire_reached_bot,0,63,47,16,-14,54,0.4653,,7.277817,-1,-1,63,0,47,16,,no_path,0,,Bot1|Bot2|Bot3|Bot4,0,1
346,0.85,75,440,1634039232,257003492,3623,0.644089,481,1315,15-50,50-34,67-55,55,51,73,57,58,38,0,0,1,55,1,55,68,1,55,13,1,button,1,55,55,0,10,0,1.0000,632,0.004070,-1,-1,button,1,55,55,0,10,0,1.0000,632,0.010772,,-1,button,1,55,55,0,10,0,1.0000,632,0.015343,-1,,button,1,55,55,0,9,0,1.0000,632,4.524337,9,9,55,0,0,0,0.4,risk_path,4,Bot1|Bot2|Bot3|Bot4,,1,0
347,0.85,75,440,2513077685,551885425,3649,0.648711,526,1370,16-2,51-8,61-32,45,41,77,75,40,34,1,0,1,45,0,,45,1,45,0,1,button,1,45,45,0,0,0,1.0000,1045,0.004824,-1,-1,button,1,45,45,0,0,0,1.0000,1045,0.008352,,-1,button,1,45,45,0,0,0,1.0000,1045,0.017148,-1,,button,1,45,45,0,0,0,1.0000,1045,3.172992,-1,-1,45,15,26,0,0.99,risk_path,4,Bot1|Bot2|Bot3|Bot4,,1,0
348,0.85,75,440,2812461286,2193935649,3611,0.641956,483,1301,15-34,23-68,70-39,52,42,84,60,90,76,0,0,1,52,1,52,100,1,52,48,1,button,1,52,52,0,46,0,1.0000,925,0.004625,-1,-1,button,1,52,52,0,46,0,1.0000,925,0.012764,,-1,button,1,52,52,0,46,0,1.0000,925,0.017979,-1,,button,1,52,52,0,46,0,1.0000,925,3.848918,5,5,52,0,0,0,0.4,risk_path,4,Bot1|Bot2|Bot3|Bot4,,1,0
349,0.85,75,440,1831191962,3675714604,3639,0.646933,513,1405,21-49,42-73,62-57,47,45,61,49,38,36,1,0,1,47,0,,46,0,,,0,walked_into_fire,0,45,45,0,-1,2,0.9574,838,0.004116,45,45,fire_reached_bot,0,45,44,1,0,3,0.9362,865,0.009991,,-1,fire_reached_bot,0,45,44,1,0,3,0.9362,865,0.014467,-1,,fire_reached_bot,0,45,44,1,0,3,0.9362,865,4.176568,-1,-1,45,1,43,1,0.99,no_path,0,,Bot1|Bot2|Bot3|Bot4,0,1
350,0.85,75,440,2219431423,1820989950,3664,0.651378,510,1364,40-51,48-66,2-54,35,23,61,41,64,58,0,0,1,35,1,35,70,1,35,35,1,button,1,35,35,0,32,0,1.0000,422,0.001460,-1,-1,button,1,35,35,0,32,0,1.0000,422,0.003887,,-1,button,1,35,35,0,32,0,1.0000,422,0.005395,-1,,button,1,35,35,0,35,0,1.0000,422,2.126567,9,9,35,0,0,0,0.4,risk_path,4,Bot1|Bot2|Bot3|Bot4,,1,0
351,0.85,75,440,509892709,3321225519,3631,0.645511,492,1334,68-20,35-61,33-59,76,74,84,74,8,4,1,0,1,76,0,,8,0,,,0,walked_into_fire,0,43,43,0,-34,33,0.5658,,0.003922,9,9,fire_reached_bot,0,83,8,75,-74,68,0.1053,,0.267132,,-1,fire_reached_bot,0,83,8,75,-74,68,0.1053,,0.543194,-1,,fire_reached_bot,0,83,8,75,-74,68,0.1053,,1.693697,-1,-1,83,0,8,75,,no_path,0,,Bot1|Bot2|Bot3|Bot4,0,1
352,0.85,75,440,410674036,2790386272,3625,0.644444,506,1354,26-67,69-15,65-27,97,95,79,79,18,16,1,0,1,97,0,,20,0,,,0,fire_reached_bot,0,42,42,0,-21,55,0.4330,,0.004970,21,21,fire_reached_bot,0,68,20,48,-47,77,0.2062,,0.193612,,-1,fire_reached_bot,0,68,20,48,-47,77,0.2062,,0.380446,-1,,fire_reached_bot,0,68,20,48,-47,77,0.2062,,3.830973,-1,-1,68,0,20,48,,no_path,0,,Bot1|Bot2|Bot3|Bot4,0,1
353,0.85,75,440,43560433,194753494,3664,0.651378,509,1414,18-45,35-35,14-41,29,27,10,8,31,27,0,0,1,29,1,29,32,1,29,3,1,button,1,29,29,0,3,0,1.0000,491,0.001517,-1,-1,button,1,29,29,0,3,0,1.0000,491,0.002985,,-1,button,1,29,29,0,3,0,1.0000,491,0.004738,-1,,button,1,29,29,0,3,0,1.0000,491,1.462134,13,13,29,0,0,0,0.4,risk_path,4,Bot1|Bot2|Bot3|Bot4,,1,0
354,0.85,75,440,4123683559,484405637,3632,0.645689,495,1346,35-23,17-71,73-61,72,66,80,76,106,66,0,0,1,72,1,72,121,1,72,49,1,button,1,72,72,0,44,0,1.0000,1107,0.008579,-1,-1,button,1,72,72,0,44,0,1.0000,1107,0.026681,,-1,button,1,72,72,0,44,0,1.0000,1107,0.037734,-1,,button,1,72,72,0,44,0,1.0000,1107,7.411451,-1,-1,72,0,0,0,0.4,risk_path,4,Bot1|Bot2|Bot3|Bot4,,1,0
355,0.85,75,440,2102547529,3795932170,3646,0.648178,505,1407,50-36,69-58,9-56,41,41,71,61,84,62,0,0,1,41,1,41,97,1,41,56,1,button,1,41,41,0,56,0,1.0000,797,0.003468,-1,-1,button,1,41,41,0,56,0,1.0000,797,0.006737,,-1,button,1,41,41,0,56,0,1.0000,797,0.011232,-1,,button,1,41,41,0,56,0,1.0000,797,2.614216,22,22,41,0,0,0,0.4,risk_path,4,Bot1|Bot2|Bot3|Bot4,,1,0
356,0.85,75,440,1989372477,1712784801,3669,0.652267,524,1424,21-34,59-12,66-55,66,60,78,66,60,50,1,0,1,66,0,,70,1,66,4,1,button,1,66,66,0,4,0,1.0000,1443,0.011709,-1,-1,button,1,66,66,0,4,0,1.0000,1443,0.022935,,-1,button,1,66,66,0,4,0,1.0000,1443,0.037934,-1,,button,1,66,66,0,4,0,1.0000,1443,6.069776,35,35,66,17,9,0,0.99,risk_path,4,Bot1|Bot2|Bot3|Bot4,,1,0
357,0.85,75,440,3146175691,832631895,3635,0.646222,504,1390,18-0,68-9,10-61,87,59,87,69,126,110,0,0,1,87,1,87,141,1,87,54,1,button,1,87,87,0,49,0,1.0000,2289,0.022173,-1,-1,button,1,87,87,0,49,0,1.0000,2289,0.055856,,-1,button,1,87,87,0,49,0,1.0000,2289,0.084064,-1,,button,1,87,87,0,49,0,1.0000,2289,8.102806,2,2,87,0,0,0,0.4,risk_path,4,Bot1|Bot2|Bot3|Bot4,,1,0
358,0.85,75,440,619419441,2208452547,3652,0.649244,505,1413,54-66,47-12,11-43,71,61,70,66,77,67,0,0,1,71,1,71,92,1,71,21,1,button,1,71,71,0,16,0,1.0000,2079,0.015606,-1,-1,button,1,71,71,0,16,0,1.0000,2079,0.028263,,-1,button,1,71,71,0,16,0,1.0000,2079,0.047854,-1,,button,1,71,71,0,16,0,1.0000,2079,5.371490,-1,-1,71,0,0,0,0.4,risk_path,4,Bot1|Bot2|Bot3|Bot4,,1,0
359,0.85,75,440,1223795627,3036548846,3649,0.648711,506,1394,57-7,12-54,8-43,92,92,87,85,21,15,1,0,1,92,0,,24,0,,,0,walked_into_fire,0,46,46,0,-21,46,0.5000,,0.004254,25,25,fire_reached_bot,0,73,24,49,-48,68,0.2609,,0.198874,,-1,fire_reached_bot,0,73,24,49,-48,68,0.2609,,0.386605,-1,,fire_reached_bot,0,73,24,49,-48,68,0.2609,,4.982464,-1,-1,73,0,24,49,,no_path,0,,Bot1|Bot2|Bot3|Bot4,0,1
360,0.85,75,440,579359964,1186995808,3635,0.646222,507,1379,22-42,54-3,35-52,77,71,23,23,78,68,0,0,1,77,1,77,87,1,77,10,1,button,1,77,77,0,5,0,1.0000,2814,0.023313,-1,-1,button,1,77,77,0,5,0,1.0000,2814,0.038489,,-1,button,1,77,77,0,5,0,1.0000,2814,0.071632,-1,,button,1,77,77,0,5,0,1.0000,2814,5.537289,21,21,77,0,0,0,0.4,risk_path,4,Bot1|Bot2|Bot3|Bot4,,1,0
361,0.85,75,440,2365814492,1911836688,3652,0.649244,497,1410,17-70,13-44,49-34,44,30,72,68,52,46,0,0,1,44,1,44,60,1,44,16,1,button,1,44,44,0,15,0,1.0000,1092,0.004683,-1,-1,button,1,44,44,0,15,0,1.0000,1092,0.010234,,-1,button,1,44,44,0,15,0,1.0000,1092,0.014936,-1,,button,1,44,44,0,15,0,1.0000,1092,3.288426,-1,-1,44,0,0,0,0.4,risk_path,4,Bot1|Bot2|Bot3|Bot4,,1,0
362,0.85,75,440,1556033072,2435529583,3641,0.647289,503,1362,41-9,37-54,29-58,73,49,81,61,12,12,1,0,1,73,0,,12,0,,,0,walked_into_fire,0,44,44,0,-31,29,0.6027,,0.004705,13,13,fire_reached_bot,0,78,12,66,-65,61,0.1644,,0.259625,,-1,fire_reached_bot,0,78,12,66,-65,61,0.1644,,0.483880,-1,,fire_reached_bot,0,78,12,66,-65,61,0.1644,,2.255159,-1,-1,78,0,12,66,,no_path,0,,Bot1|Bot2|Bot3|Bot4,0,1
363,0.85,75,440,4172303545,2847709414,3659,0.650489,521,1372,18-5,16-3,65-55,4,4,97,97,101,101,0,0,1,4,1,4,110,1,4,106,1,button,1,4,4,0,105,0,1.0000,11,0.000049,-1,-1,button,1,4,4,0,105,0,1.0000,11,0.000097,,-1,button,1,4,4,0,105,0,1.0000,11,0.000126,-1,,button,1,4,4,0,105,0,1.0000,11,0.096878,-1,-1,4,0,0,0,0.4,risk_path,4,Bot1|Bot2|Bot3|Bot4,,1,0
364,0.85,75,440,2579275816,973970230,3634,0.646044,504,1359,6-44,19-58,62-43,33,27,91,57,60,58,0,0,1,33,1,33,65,1,33,32,1,button,1,33,33,0,32,0,1.0000,609,0.002013,-1,-1,button,1,33,33,0,32,0,1.0000,609,0.004022,,-1,button,1,33,33,0,32,0,1.0000,609,0.006118,-1,,button,1,33,33,0,32,0,1.0000,609,1.894080,10,10,33,0,0,0,0.4,risk_path,4,Bot1|Bot2|Bot3|Bot4,,1,0
365,0.85,75,440,1952802954,979129697,3639,0.646933,509,1412,74-40,7-52,23-65,93,79,90,76,39,29,1,0,1,93,0,,42,0,,,0,walked_into_fire,0,46,46,0,-3,47,0.4946,,0.004868,37,37,fire_reached_bot,0,55,42,13,-12,55,0.4086,,0.083773,,-1,fire_reached_bot,0,55,42,13,-12,55,0.4086,,0.141317,-1,,fire_reached_bot,0,55,42,13,-12,55,0.4086,,7.401627,-1,-1,55,0,42,13,,no_path,0,,Bot1|Bot2|Bot3|Bot4,0,1
366,0.85,75,440,3081393282,309076382,3638,0.646756,493,1349,36-74,8-31,36-50,71,71,36,24,47,47,1,0,1,71,0,,54,0,,,0,walked_into_fire,0,26,26,0,-1,45,0.3662,296,0.000972,25,24,fire_reached_bot,0,31,31,0,0,54,0.2394,484,0.013047,,24,fire_reached_bot,0,34,34,0,0,59,0.1690,605,0.020493,24,,fire_reached_bot,0,31,31,0,0,54,0.2394,484,4.018833,-1,24,31,0,31,0,,shortest_path_fallback,0,,Bot1|Bot2|Bot3|Bot4,0,1
367,0.85,75,440,3151380601,1716409728,3657,0.650133,505,1413,67-49,55-9,62-54,58,52,10,10,66,52,0,0,1,58,1,58,75,1,58,17,1,button,1,58,58,0,11,0,1.0000,1333,0.008485,-1,-1,button,1,58,58,0,11,0,1.0000,1333,0.017179,,-1,button,1,58,58,0,11,0,1.0000,1333,0.026771,-1,,button,1,58,58,0,11,0,1.0000,1333,4.887538,50,50,58,0,0,0,0.4,risk_path,4,Bot1|Bot2|Bot3|Bot4,,1,0
368,0.85,75,440,2032139050,1891626865,3643,0.647644,499,1406,56-19,54-8,30-48,15,13,57,55,66,64,0,0,1,15,1,15,74,1,15,59,1,button,1,15,15,0,59,0,1.0000,77,0.000239,-1,-1,button,1,15,15,0,59,0,1.0000,77,0.000690,,-1,button,1,15,15,0,59,0,1.0000,77,0.000841,-1,,button,1,15,15,0,59,0,1.0000,77,0.480063,-1,-1,15,0,0,0,0.4,risk_path,4,Bot1|Bot2|Bot3|Bot4,,1,0
369,0.85,75,440,737645428,557148272,3635,0.646222,500,1363,5-39,12-37,1-60,21,9,31,25,40,34,0,0,1,21,1,21,51,1,21,30,1,button,1,21,21,0,30,0,1.0000,79,0.000356,-1,-1,button,1,21,21,0,30,0,1.0000,79,0.001215,,-1,button,1,21,21,0,30,0,1.0000,79,0.001481,-1,,button,1,21,21,0,30,0,1.0000,79,0.842512,-1,-1,21,0,0,0,0.4,risk_path,4,Bot1|Bot2|Bot3|Bot4,,1,0
370,0.85,75,440,2602577069,3193247753,3645,0.648000,514,1391,69-45,24-59,39-7,83,59,82,68,87,67,0,0,1,83,1,83,97,1,83,14,1,button,1,83,83,0,12,0,1.0000,2367,0.030614,-1,-1,button,1,83,83,0,12,0,1.0000,2367,0.059658,,-1,button,1,83,83,0,12,0,1.0000,2367,0.085091,-1,,button,1,83,83,0,12,0,1.0000,2367,6.894378,-1,-1,83,0,0,0,0.4,risk_path,4,Bot1|Bot2|Bot3|Bot4,,1,0
371,0.85,75,440,1923164207,2685547185,3651,0.649067,505,1395,63-72,66-47,73-55,48,28,33,27,33,15,1,0,1,48,0,,34,0,,,0,walked_into_fire,0,17,17,0,-1,31,0.3542,74,0.000796,17,17,fire_reached_bot,0,28,27,1,0,39,0.1875,247,0.011678,,-1,fire_reached_bot,0,28,27,1,0,39,0.1875,247,0.013883,-1,,fire_reached_bot,0,28,27,1,0,39,0.1875,247,3.772764,-1,-1,28,0,27,1,,no_path,0,,Bot1|Bot2|Bot3|Bot4,0,1
372,0.85,75,440,3064658255,2591067856,3624,0.644267,503,1380,5-60,53-71,10-3,73,59,94,62,119,111,0,0,1,73,1,73,139,1,73,66,1,button,1,73,73,0,66,0,1.0000,1168,0.008617,-1,-1,button,1,73,73,0,66,0,1.0000,1168,0.023906,,-1,button,1,73,73,0,66,0,1.0000,1168,0.033789,-1,,button,1,73,73,0,66,0,1.0000,1168,6.479503,6,6,73,0,0,0,0.4,risk_path,4,Bot1|Bot2|Bot3|Bot4,,1,0
373,0.85,75,440,1154147649,4041770858,3645,0.648000,489,1406,62-19,40-29,24-69,34,32,106,88,72,56,0,0,1,34,1,34,81,1,34,47,1,button,1,34,34,0,47,0,1.0000,366,0.001570,-1,-1,button,1,34,34,0,47,0,1.0000,366,0.003837,,-1,button,1,34,34,0,47,0,1.0000,366,0.005695,-1,,button,1,34,34,0,47,0,1.0000,366,1.780729,-1,-1,34,0,0,0,0.4,risk_path,4,Bot1|Bot2|Bot3|Bot4,,1,0
374,0.85,75,440,1357385445,1134208027,3666,0.651733,513,1413,25-51,39-21,30-57,60,44,11,11,65,45,0,0,1,60,1,60,76,1,60,16,1,button,1,60,60,0,6,0,1.0000,1816,0.011400,-1,-1,button,1,60,60,0,6,0,1.0000,1816,0.028674,,-1,button,1,60,60,0,6,0,1.0000,1816,0.040404,-1,,button,1,60,60,0,6,0,1.0000,1816,3.944036,12,12,60,0,0,0,0.4,risk_path,4,Bot1|Bot2|Bot3|Bot4,,1,0
375,0.85,75,440,560426098,1461767624,3635,0.646222,513,1396,24-1,51-60,27-31,94,86,51,33,55,53,1,0,1,94,0,,59,0,,,0,fire_reached_bot,0,36,36,0,0,58,0.3830,662,0.002531,32,32,fire_reached_bot,0,39,31,8,0,63,0.3298,816,0.015438,,-1,fire_reached_bot,0,39,31,8,0,63,0.3298,816,0.018565,-1,,fire_reached_bot,0,39,31,8,0,63,0.3298,816,4.620095,-1,-1,39,0,31,8,,no_path,0,,Bot1|Bot2|Bot3|Bot4,0,1
376,0.85,75,440,1829175360,2037474768,3618,0.643200,493,1325,46-28,2-26,69-70,64,46,67,65,119,111,0,0,1,64,1,64,135,1,64,71,1,button,1,64,64,0,66,0,1.0000,1099,0.007713,-1,-1,button,1,64,64,0,66,0,1.0000,1099,0.018959,,-1,button,1,64,64,0,66,0,1.0000,1099,0.027077,-1,,button,1,64,64,0,66,0,1.0000,1099,5.714373,-1,-1,64,0,0,0,0.4,risk_path,4,Bot1|Bot2|Bot3|Bot4,,1,0
377,0.85,75,440,3056335309,1867334455,3661,0.650844,500,1439,27-46,28-68,18-56,47,23,21,19,28,22,1,0,1,47,0,,37,0,,,0,fire_reached_bot,0,11,11,0,0,36,0.2340,51,0.000547,8,7,fire_reached_bot,0,40,37,3,-2,56,-0.1915,,0.043053,,7,fire_reached_bot,0,49,37,12,-11,42,0.1064,,0.099057,7,,fire_reached_bot,0,40,37,3,-2,56,-0.1915,,5.963869,-1,7,40,0,37,3,,no_path,0,,Bot1|Bot2|Bot3|Bot4,0,1
378,0.85,75,440,3498759806,185762425,3635,0.646222,494,1353,44-3,7-68,63-11,110,102,29,27,117,113,0,0,1,110,1,110,124,1,110,14,1,button,1,110,110,0,11,0,1.0000,3256,0.040462,-1,-1,button,1,110,110,0,11,0,1.0000,3256,0.081627,,-1,button,1,110,110,0,11,0,1.0000,3256,0.128743,-1,,button,1,110,110,0,11,0,1.0000,3256,9.912117,-1,-1,110,0,0,0,0.4,risk_path,4,Bot1|Bot2|Bot3|Bot4,,1,0
379,0.85,75,440,743858379,262038232,3647,0.648356,504,1394,0-72,40-37,64-54,77,75,92,82,45,41,1,0,1,77,0,,49,0,,,0,fire_reached_bot,0,65,65,0,-15,12,0.8442,,0.011574,50,50,fire_reached_bot,0,53,49,4,-3,28,0.6364,,0.033671,,-1,fire_reached_bot,0,53,49,4,-3,28,0.6364,,0.056814,-1,,fire_reached_bot,0,53,49,4,-3,28,0.6364,,6.559902,-1,-1,53,0,49,4,,no_path,0,,Bot1|Bot2|Bot3|Bot4,0,1
380,0.85,75,440,3490957155,2695499596,3644,0.647822,514,1421,51-6,65-68,53-10,96,76,8,6,90,70,1,0,1,96,0,,101,0,,,0,fire_reached_bot,0,4,4,0,0,92,0.0417,10,0.001518,4,1,fire_reached_bot,0,30,30,0,0,82,0.1458,490,0.030583,,1,fire_reached_bot,0,39,37,2,0,71,0.2604,775,0.043818,1,,fire_reached_bot,0,30,30,0,0,82,0.1458,490,5.226657,-1,1,30,0,30,0,,shortest_path_fallback,0,,Bot1|Bot2|Bot3|Bot4,0,1
381,0.85,75,440,44469780,2130841903,3651,0.649067,517,1415,41-66,32-72,23-5,21,15,87,79,102,76,0,0,1,21,1,21,109,1,21,88,1,button,1,21,21,0,88,0,1.0000,209,0.000613,-1,-1,button,1,21,21,0,88,0,1.0000,209,0.001508,,-1,button,1,21,21,0,88,0,1.0000,209,0.002050,-1,,button,1,21,21,0,88,0,1.0000,209,0.840743,-1,-1,21,0,0,0,0.4,risk_path,4,Bot1|Bot2|Bot3|Bot4,,1,0
382,0.85,75,440,1350579762,3490582419,3658,0.650311,507,1374,20-31,25-6,46-43,44,30,48,38,76,58,0,0,1,44,1,44,93,1,44,49,1,button,1,44,44,0,45,0,1.0000,946,0.003866,-1,-1,button,1,44,44,0,45,0,1.0000,946,0.010130,,-1,button,1,44,44,0,45,0,1.0000,946,0.014257,-1,,button,1,44,44,0,45,0,1.0000,946,2.919984,1,1,44,0,0,0,0.4,risk_path,4,Bot1|Bot2|Bot3|Bot4,,1,0
383,0.85,75,440,2733807543,3538856808,3647,0.648356,506,1388,65-8,0-53,51-67,112,110,87,73,81,65,1,0,1,112,0,,96,0,,,0,walked_into_fire,0,103,103,0,-6,9,0.9196,,0.035047,97,97,fire_reached_bot,0,98,96,2,-1,16,0.8571,,0.072212,,-1,fire_reached_bot,0,98,96,2,-1,16,0.8571,,0.106958,-1,,fire_reached_bot,0,98,96,2,-1,16,0.8571,,11.406591,-1,-1,98,0,96,2,,no_path,0,,Bot1|Bot2|Bot3|Bot4,0,1
384,0.85,75,440,144857897,2449621353,3659,0.650489,507,1392,72-6,70-33,45-20,53,29,45,41,44,38,1,0,1,53,0,,49,0,,,0,fire_reached_bot,0,41,41,0,0,12,0.7736,1037,0.004478,-1,-1,fire_reached_bot,0,41,41,0,0,12,0.7736,1037,0.011847,,-1,fire_reached_bot,0,41,41,0,0,12,0.7736,1037,0.016232,-1,,fire_reached_bot,0,41,41,0,0,12,0.7736,1037,3.610099,-1,-1,41,0,41,0,,shortest_path_fallback,0,,Bot1|Bot2|Bot3|Bot4,0,1
385,0.85,75,440,341761630,1725134005,3609,0.641600,497,1358,46-27,19-16,34-58,54,38,61,43,73,57,0,0,1,54,1,54,85,1,54,31,1,button,1,54,54,0,31,0,1.0000,1450,0.008032,-1,-1,button,1,54,54,0,31,0,1.0000,1450,0.020750,,-1,button,1,54,54,0,31,0,1.0000,1450,0.029942,-1,,button,1,54,54,0,28,0,1.0000,1450,4.001939,5,5,54,0,0,0,0.4,risk_path,4,Bot1|Bot2|Bot3|Bot4,,1,0
386,0.85,75,440,192649057,483095820,3649,0.648711,500,1326,43-10,1-65,10-16,107,97,47,39,70,58,1,0,1,107,0,,80,0,,,0,fire_reached_bot,0,32,32,0,0,75,0.2991,598,0.003714,32,31,fire_reached_bot,0,38,38,0,0,77,0.2804,756,0.042539,,31,fire_reached_bot,0,63,61,2,0,62,0.4206,1591,0.079334,31,,fire_reached_bot,0,38,38,0,0,77,0.2804,756,7.469002,-1,31,38,0,38,0,,shortest_path_fallback,0,,Bot1|Bot2|Bot3|Bot4,0,1
387,0.85,75,440,3803973244,2905068052,3617,0.643022,490,1340,11-68,71-0,70-47,134,128,102,80,66,48,1,0,1,134,0,,75,0,,,0,fire_reached_bot,0,60,60,0,0,74,0.4478,1148,0.008297,-1,60,fire_reached_bot,0,60,60,0,0,74,0.4478,1148,0.076139,,60,fire_reached_bot,0,71,68,3,0,84,0.3731,1670,0.137956,60,,fire_reached_bot,0,60,60,0,0,74,0.4478,1148,12.213704,-1,60,60,0,60,0,,shortest_path_fallback,0,,Bot1|Bot2|Bot3|Bot4,0,1
388,0.85,75,440,1436060441,193209266,3627,0.644800,496,1372,62-48,62-52,65-20,10,4,53,31,57,35,0,0,1,10,1,10,64,1,10,54,1,button,1,10,10,0,53,0,1.0000,33,0.000139,-1,-1,button,1,10,10,0,53,0,1.0000,33,0.000263,,-1,button,1,10,10,0,53,0,1.0000,33,0.000372,-1,,button,1,10,10,0,53,0,1.0000,33,0.256822,-1,-1,10,0,0,0,0.4,risk_path,4,Bot1|Bot2|Bot3|Bot4,,1,0
389,0.85,75,440,3826677250,268213696,3645,0.648000,517,1385,26-31,33-32,8-53,12,8,40,40,48,46,0,0,1,12,1,12,50,1,12,38,1,button,1,12,12,0,37,0,1.0000,83,0.000207,-1,-1,button,1,12,12,0,37,0,1.0000,83,0.000480,,-1,button,1,12,12,0,37,0,1.0000,83,0.000636,-1,,button,1,12,12,0,37,0,1.0000,83,0.326558,7,7,12,0,0,0,0.4,risk_path,4,Bot1|Bot2|Bot3|Bot4,,1,0
390,0.85,75,440,1922677758,3470194275,3657,0.650133,504,1385,3-43,21-19,17-61,44,42,34,32,58,46,0,0,1,44,1,44,66,1,44,22,1,button,1,44,44,0,21,0,1.0000,910,0.003981,-1,-1,button,1,44,44,0,21,0,1.0000,910,0.008313,,-1,button,1,44,44,0,21,0,1.0000,910,0.013001,-1,,button,1,44,44,0,21,0,1.0000,910,2.940837,32,32,44,0,0,0,0.4,risk_path,4,Bot1|Bot2|Bot3|Bot4,,1,0
391,0.85,75,440,220974170,2519797936,3660,0.650667,503,1355,72-66,1-1,16-34,142,136,96,88,52,48,1,0,1,142,0,,56,0,,,0,walked_into_fire,0,52,52,0,-1,90,0.3662,1751,0.010092,36,36,fire_reached_bot,0,66,44,22,-9,104,0.2676,,0.120167,,-1,fire_reached_bot,0,66,44,22,-9,104,0.2676,,0.195885,-1,,fire_reached_bot,0,66,44,22,-9,104,0.2676,,8.955632,-1,-1,66,0,44,22,,no_path,0,,Bot1|Bot2|Bot3|Bot4,0,1
392,0.85,75,440,311089741,15779671,3622,0.643911,498,1359,62-59,70-45,20-52,24,22,73,49,71,57,0,0,1,24,1,24,85,1,24,61,1,button,1,24,24,0,61,0,1.0000,247,0.000901,-1,-1,button,1,24,24,0,61,0,1.0000,247,0.001498,,-1,button,1,24,24,0,61,0,1.0000,247,0.002274,-1,,button,1,24,24,0,61,0,1.0000,247,1.065949,9,9,24,0,0,0,0.4,risk_path,4,Bot1|Bot2|Bot3|Bot4,,1,0
393,0.85,75,440,3786552960,3978206707,3625,0.644444,503,1356,59-68,38-39,26-64,58,50,49,37,57,37,1,0,1,58,0,,64,1,58,6,1,button,1,58,58,0,4,0,1.0000,1277,0.007225,-1,-1,button,1,58,58,0,4,0,1.0000,1277,0.015255,,-1,button,1,58,58,0,4,0,1.0000,1277,0.023558,-1,,button,1,58,58,0,4,0,1.0000,1277,4.708208,-1,-1,58,2,0,0,0.6,risk_path,4,Bot1|Bot2|Bot3|Bot4,,1,0
394,0.85,75,440,1026823686,935493975,3622,0.643911,526,1408,70-22,67-29,30-64,16,10,88,82,76,72,0,0,1,16,1,16,84,1,16,68,1,button,1,16,16,0,68,0,1.0000,200,0.000522,-1,-1,button,1,16,16,0,68,0,1.0000,200,0.001107,,-1,button,1,16,16,0,68,0,1.0000,200,0.001546,-1,,button,1,16,16,0,68,0,1.0000,200,0.499661,-1,-1,16,0,0,0,0.4,risk_path,4,Bot1|Bot2|Bot3|Bot4,,1,0
395,0.85,75,440,3873671478,4157908143,3653,0.649422,512,1406,63-33,71-71,3-25,56,46,82,68,116,114,0,0,1,56,1,56,130,1,56,74,1,button,1,56,56,0,74,0,1.0000,1073,0.006534,-1,-1,button,1,56,56,0,74,0,1.0000,1073,0.014350,,-1,button,1,56,56,0,74,0,1.0000,1073,0.021649,-1,,button,1,56,56,0,74,0,1.0000,1073,4.227895,5,5,56,0,0,0,0.4,risk_path,4,Bot1|Bot2|Bot3|Bot4,,1,0
396,0.85,75,440,1326410439,1678133499,3636,0.646400,501,1367,2-32,60-34,74-56,78,60,104,96,40,36,1,0,1,78,0,,45,0,,,0,walked_into_fire,0,56,56,0,-10,22,0.7179,,0.004805,46,46,fire_reached_bot,0,66,45,21,-20,33,0.5769,,0.105271,,-1,fire_reached_bot,0,66,45,21,-20,33,0.5769,,0.189215,-1,,fire_reached_bot,0,66,45,21,-20,33,0.5769,,7.453138,-1,-1,66,0,45,21,,no_path,0,,Bot1|Bot2|Bot3|Bot4,0,1
397,0.85,75,440,613184341,3716848103,3654,0.649600,506,1368,74-57,2-1,55-66,134,128,32,28,126,118,1,0,1,134,0,,137,1,134,3,0,walked_into_fire,0,18,18,0,-2,116,0.1343,174,0.003617,15,14,fire_reached_bot,0,42,41,1,0,115,0.1418,835,0.073254,,14,fire_reached_bot,0,42,41,1,0,115,0.1418,835,0.077739,14,,fire_reached_bot,0,42,41,1,0,115,0.1418,835,8.141081,-1,14,42,0,41,1,,no_path,0,,Bot1|Bot2|Bot3|Bot4,0,1
398,0.85,75,440,140259070,1404237909,3636,0.646400,513,1339,1-48,63-13,41-37,97,97,53,51,54,46,1,0,1,97,0,,60,0,,,0,walked_into_fire,0,30,30,0,-1,67,0.3093,572,0.002165,28,28,fire_reached_bot,0,49,45,4,0,66,0.3196,1765,0.039786,,-1,fire_reached_bot,0,49,45,4,0,66,0.3196,1765,0.053122,-1,,fire_reached_bot,0,49,45,4,0,66,0.3196,1765,6.356659,-1,-1,49,0,45,4,,no_path,0,,Bot1|Bot2|Bot3|Bot4,0,1
399,0.85,75,440,1706966771,3646661798,3652,0.649244,511,1407,32-34,29-13,48-3,40,24,55,47,35,29,1,0,1,40,0,,39,0,,,0,walked_into_fire,0,40,40,0,-1,0,1.0000,619,0.002955,40,40,fire_reached_bot,0,42,39,3,-2,1,0.9750,,0.020383,,-1,fire_reached_bot,0,42,39,3,-2,1,0.9750,,0.042761,-1,,fire_reached_bot,0,42,39,3,-2,1,0.9750,,3.314794,-1,-1,42,5,34,3,0.99,no_path,0,,Bot1|Bot2|Bot3|Bot4,0,1
400,0.85,75,440,1557608422,587872040,3654,0.649600,504,1397,49-5,1-60,36-26,109,103,40,34,73,69,1,0,1,109,0,,78,0,,,0,fire_reached_bot,0,27,27,0,0,82,0.2477,577,0.002152,20,19,fire_reached_bot,0,54,51,3,0,86,0.2110,2125,0.055765,,19,fire_reached_bot,0,56,51,5,0,88,0.1927,2272,0.072021,19,,fire_reached_bot,0,54,51,3,0,86,0.2110,2125,7.242544,-1,19,54,0,51,3,,no_path,0,,Bot1|Bot2|Bot3|Bot4,0,1
401,0.85,75,440,2000075961,2745563048,3647,0.648356,506,1360,53-41,74-15,43-8,51,47,65,43,46,38,1,0,1,51,0,,49,0,,,0,fire_reached_bot,0,42,42,0,0,9,0.8235,714,0.003336,42,42,fire_reached_bot,0,43,41,2,0,10,0.8039,746,0.011368,,-1,fire_reached_bot,0,43,41,2,0,10,0.8039,746,0.014565,-1,,fire_reached_bot,0,43,41,2,0,10,0.8039,746,4.019764,-1,-1,43,0,41,2,,no_path,0,,Bot1|Bot2|Bot3|Bot4,0,1
402,0.85,75,440,4291152545,2741335827,3641,0.647289,513,1401,4-47,39-45,36-43,57,37,58,36,5,5,1,0,1,57,0,,6,0,,,0,walked_into_fire,0,31,31,0,-24,26,0.5439,,0.001812,7,7,fire_reached_bot,0,58,6,52,-51,51,0.1053,,0.181468,,-1,fire_reached_bot,0,58,6,52,-51,51,0.1053,,0.354045,-1,,fire_reached_bot,0,58,6,52,-51,51,0.1053,,1.031552,-1,-1,58,0,6,52,,no_path,0,,Bot1|Bot2|Bot3|Bot4,0,1
403,0.85,75,440,2060592027,3688875005,3646,0.648178,499,1396,8-70,21-2,51-54,107,81,71,59,86,82,1,0,1,107,0,,96,0,,,0,walked_into_fire,0,79,79,0,-2,28,0.7383,2492,0.022325,78,78,fire_reached_bot,0,81,77,4,0,30,0.7196,2634,0.073623,,-1,fire_reached_bot,0,81,77,4,0,30,0.7196,2634,0.109252,-1,,fire_reached_bot,0,81,77,4,0,30,0.7196,2634,9.199729,-1,-1,81,0,77,4,,no_path,0,,Bot1|Bot2|Bot3|Bot4,0,1
404,0.85,75,440,1918492199,551143425,3649,0.648711,506,1398,38-59,6-65,53-74,52,38,30,30,68,56,0,0,1,52,1,52,82,1,52,30,1,button,1,52,52,0,23,0,1.0000,956,0.005447,-1,-1,button,1,52,52,0,23,0,1.0000,956,0.012727,,-1,button,1,52,52,0,23,0,1.0000,956,0.018642,-1,,button,1,52,52,0,23,0,1.0000,956,4.208131,-1,-1,52,0,0,0,0.4,risk_path,4,Bot1|Bot2|Bot3|Bot4,,1,0
405,0.85,75,440,4258988007,102048511,3637,0.646578,505,1392,3-50,24-64,58-47,35,35,74,58,57,51,0,0,1,35,1,35,64,1,35,29,1,button,1,35,35,0,29,0,1.0000,792,0.002823,-1,-1,button,1,35,35,0,29,0,1.0000,792,0.005366,,-1,button,1,35,35,0,29,0,1.0000,792,0.008481,-1,,button,1,35,35,0,29,0,1.0000,792,1.999002,7,7,35,0,0,0,0.4,risk_path,4,Bot1|Bot2|Bot3|Bot4,,1,0
406,0.85,75,440,1836645683,3217807480,3644,0.647822,502,1331,0-46,40-23,63-28,79,63,105,81,32,28,1,0,1,79,0,,36,0,,,0,fire_reached_bot,0,59,59,0,-22,20,0.7468,,0.010420,37,37,fire_reached_bot,0,86,36,50,-49,43,0.4557,,0.175099,,-1,fire_reached_bot,0,86,36,50,-49,43,0.4557,,0.327395,-1,,fire_reached_bot,0,86,36,50,-49,43,0.4557,,5.392574,-1,-1,86,0,36,50,,no_path,0,,Bot1|Bot2|Bot3|Bot4,0,1
407,0.85,75,440,348380400,1235727142,3621,0.643733,502,1332,23-11,33-46,23-72,49,45,79,61,46,36,1,0,1,49,0,,51,1,49,2,1,button,1,49,49,0,2,0,1.0000,735,0.003337,-1,-1,button,1,49,49,0,2,0,1.0000,735,0.007853,,-1,button,1,49,49,0,2,0,1.0000,735,0.011171,-1,,button,1,49,49,0,2,0,1.0000,735,4.223499,15,15,49,12,0,0,0.99,risk_path,4,Bot1|Bot2|Bot3|Bot4,,1,0
408,0.85,75,440,649723473,128509568,3652,0.649244,507,1389,26-9,6-2,14-47,31,27,66,50,73,53,0,0,1,31,1,31,83,1,31,52,1,button,1,31,31,0,52,0,1.0000,478,0.001497,-1,-1,button,1,31,31,0,52,0,1.0000,478,0.003696,,-1,button,1,31,31,0,52,0,1.0000,478,0.005176,-1,,button,1,31,31,0,52,0,1.0000,478,1.622344,-1,-1,31,0,0,0,0.4,risk_path,4,Bot1|Bot2|Bot3|Bot4,,1,0
409,0.85,75,440,1213574996,1326260514,3647,0.648356,488,1368,55-57,35-55,55-12,30,22,69,45,67,63,0,0,1,30,1,30,73,1,30,43,1,button,1,30,30,0,43,0,1.0000,409,0.001561,-1,-1,button,1,30,30,0,43,0,1.0000,409,0.003963,,-1,button,1,30,30,0,43,0,1.0000,409,0.005575,-1,,button,1,30,30,0,41,0,1.0000,409,1.563082,6,6,30,0,0,0,0.4,risk_path,4,Bot1|Bot2|Bot3|Bot4,,1,0
410,0.85,75,440,399927594,1172635717,3649,0.648711,503,1395,70-34,60-58,10-58,38,34,88,84,70,50,0,0,1,38,1,38,81,1,38,43,1,button,1,38,38,0,43,0,1.0000,489,0.001919,-1,-1,button,1,38,38,0,43,0,1.0000,489,0.005394,,-1,button,1,38,38,0,43,0,1.0000,489,0.007159,-1,,button,1,38,38,0,43,0,1.0000,489,2.396003,-1,-1,38,0,0,0,0.4,risk_path,4,Bot1|Bot2|Bot3|Bot4,,1,0
411,0.85,75,440,94789281,138735109,3646,0.648178,506,1409,35-29,8-74,34-65,78,72,51,37,39,35,1,0,1,78,0,,47,0,,,0,walked_into_fire,0,40,40,0,-1,38,0.5128,922,0.004347,40,40,fire_reached_bot,0,41,40,1,0,40,0.4872,995,0.029604,,-1,fire_reached_bot,0,41,40,1,0,40,0.4872,995,0.043432,-1,,fire_reached_bot,0,41,40,1,0,40,0.4872,995,5.506079,-1,-1,41,0,40,1,,no_path,0,,Bot1|Bot2|Bot3|Bot4,0,1
412,0.85,75,440,4204771711,1699448702,3649,0.648711,521,1344,25-68,64-22,8-1,101,85,108,84,83,77,1,0,1,101,0,,95,0,,,0,fire_reached_bot,0,69,69,0,0,32,0.6832,1054,0.006848,69,69,fire_reached_bot,0,94,94,0,0,33,0.6733,1935,0.049897,,73,fire_reached_bot,0,97,95,2,-1,32,0.6832,,0.081989,73,,fire_reached_bot,0,94,94,0,0,33,0.6733,1935,13.717678,-1,73,94,0,94,0,,shortest_path_fallback,0,,Bot1|Bot2|Bot3|Bot4,0,1
413,0.85,75,440,823494903,3566751827,3642,0.647467,516,1387,71-17,60-13,29-23,25,15,60,48,45,41,0,0,1,25,1,25,53,1,25,28,1,button,1,25,25,0,26,0,1.0000,364,0.001027,-1,-1,button,1,25,25,0,26,0,1.0000,364,0.002098,,-1,button,1,25,25,0,26,0,1.0000,364,0.003112,-1,,button,1,25,25,0,26,0,1.0000,364,1.134938,-1,-1,25,0,0,0,0.4,risk_path,4,Bot1|Bot2|Bot3|Bot4,,1,0
414,0.85,75,440,277766336,146189312,3644,0.647822,499,1356,58-60,40-20,62-46,72,58,22,18,64,48,1,0,1,72,0,,74,0,,,0,walked_into_fire,0,52,52,0,-1,20,0.7222,1109,0.006810,52,52,fire_reached_bot,0,52,51,1,0,21,0.7083,1130,0.029367,,-1,fire_reached_bot,0,52,51,1,0,21,0.7083,1130,0.035790,-1,,fire_reached_bot,0,52,51,1,0,21,0.7083,1130,6.819412,-1,-1,52,21,30,1,0.99,no_path,0,,Bot1|Bot2|Bot3|Bot4,0,1
415,0.85,75,440,2294360336,2377130893,3660,0.650667,509,1386,42-45,54-71,24-24,44,38,39,39,83,77,0,0,1,44,1,44,94,1,44,50,1,button,1,44,44,0,47,0,1.0000,832,0.002887,-1,-1,button,1,44,44,0,47,0,1.0000,832,0.006666,,-1,button,1,44,44,0,47,0,1.0000,832,0.009524,-1,,button,1,44,44,0,47,0,1.0000,832,2.947757,11,11,44,0,0,0,0.4,risk_path,4,Bot1|Bot2|Bot3|Bot4,,1,0
416,0.85,75,440,4063297683,2159750137,3631,0.645511,496,1409,73-41,65-67,49-26,38,34,53,39,63,57,0,0,1,38,1,38,71,1,38,33,1,button,1,38,38,0,33,0,1.0000,632,0.002127,-1,-1,button,1,38,38,0,33,0,1.0000,632,0.005812,,-1,button,1,38,38,0,33,0,1.0000,632,0.007886,-1,,button,1,38,38,0,33,0,1.0000,632,2.347943,-1,-1,38,0,0,0,0.4,risk_path,4,Bot1|Bot2|Bot3|Bot4,,1,0
417,0.85,75,440,4136068613,3935871520,3621,0.643733,502,1362,57-26,62-4,25-23,29,27,53,35,62,56,0,0,1,29,1,29,71,1,29,42,1,button,1,29,29,0,42,0,1.0000,542,0.001547,-1,-1,button,1,29,29,0,42,0,1.0000,542,0.003135,,-1,button,1,29,29,0,42,0,1.0000,542,0.004700,-1,,button,1,29,29,0,42,0,1.0000,542,1.358012,23,23,29,0,0,0,0.4,risk_path,4,Bot1|Bot2|Bot3|Bot4,,1,0
418,0.85,75,440,3079297320,2426746488,3636,0.646400,501,1421,50-61,33-15,73-21,71,63,79,63,60,46,1,0,1,71,0,,71,1,71,0,1,button,1,71,71,0,0,0,1.0000,1176,0.008116,-1,-1,button,1,71,71,0,0,0,1.0000,1176,0.022387,,-1,button,1,71,71,0,0,0,1.0000,1176,0.034367,-1,,button,1,71,71,0,0,0,1.0000,1176,8.244144,-1,-1,71,38,26,0,0.99,risk_path,4,Bot1|Bot2|Bot3|Bot4,,1,0
419,0.85,75,440,4257723732,3495392713,3654,0.649600,498,1377,48-73,69-49,48-45,53,45,42,28,33,25,1,0,1,53,0,,34,0,,,0,fire_reached_bot,0,27,27,0,0,26,0.5094,519,0.002007,23,23,fire_reached_bot,0,35,34,1,0,23,0.5660,,0.014630,,32,fire_reached_bot,0,37,34,3,-2,21,0.6038,,0.021290,32,,fire_reached_bot,0,35,34,1,0,23,0.5660,,2.845022,-1,32,35,0,34,1,,no_path,0,,Bot1|Bot2|Bot3|Bot4,0,1
420,0.85,75,440,4078690204,3768167155,3654,0.649600,511,1398,67-28,21-7,28-59,79,67,74,70,75,59,1,0,1,79,0,,89,1,79,10,1,button,1,79,79,0,10,0,1.0000,2655,0.024089,-1,-1,button,1,79,79,0,10,0,1.0000,2655,0.057532,,-1,button,1,79,79,0,10,0,1.0000,2655,0.084095,-1,,button,1,79,79,0,10,0,1.0000,2655,6.070054,-1,-1,79,9,0,0,0.99,risk_path,4,Bot1|Bot2|Bot3|Bot4,,1,0
421,0.85,75,440,958537604,1453352966,3651,0.649067,500,1404,28-43,1-30,35-32,50,40,18,18,50,36,0,0,1,50,0,,54,1,50,4,1,button,1,50,50,0,1,0,1.0000,1115,0.004635,-1,-1,button,1,50,50,0,1,0,1.0000,1115,0.009788,,-1,button,1,50,50,0,1,0,1.0000,1115,0.014633,-1,,button,1,50,50,0,1,0,1.0000,1115,3.988201,-1,-1,50,2,0,0,0.6,risk_path,4,Bot1|Bot2|Bot3|Bot4,,1,0
422,0.85,75,440,2355762477,2963328483,3669,0.652267,526,1440,54-11,49-40,53-34,40,34,34,24,10,10,1,0,1,40,0,,10,0,,,0,walked_into_fire,0,18,18,0,-7,22,0.4500,,0.000617,9,9,fire_reached_bot,0,28,8,20,-17,32,0.2000,,0.102945,,-1,fire_reached_bot,0,28,8,20,-17,32,0.2000,,0.195556,-1,,fire_reached_bot,0,28,8,20,-17,32,0.2000,,1.193044,-1,-1,28,0,8,20,,no_path,0,,Bot1|Bot2|Bot3|Bot4,0,1
423,0.85,75,440,3860660340,1064690405,3656,0.649956,501,1379,41-13,19-25,56-67,36,34,91,69,81,79,0,0,1,36,1,36,86,1,36,50,1,button,1,36,36,0,50,0,1.0000,553,0.002295,-1,-1,button,1,36,36,0,50,0,1.0000,553,0.004962,,-1,button,1,36,36,0,50,0,1.0000,553,0.007356,-1,,button,1,36,36,0,50,0,1.0000,553,2.091104,-1,-1,36,0,0,0,0.4,risk_path,4,Bot1|Bot2|Bot3|Bot4,,1,0
424,0.85,75,440,4240931953,1182499683,3665,0.651556,513,1403,19-9,38-33,56-58,51,43,90,86,51,43,0,0,1,51,1,51,57,1,51,6,1,button,1,51,51,0,6,0,1.0000,1128,0.006458,-1,-1,button,1,51,51,0,6,0,1.0000,1128,0.015545,,-1,button,1,51,51,0,6,0,1.0000,1128,0.022685,-1,,button,1,51,51,0,6,0,1.0000,1128,3.768749,1,1,51,0,0,0,0.4,risk_path,4,Bot1|Bot2|Bot3|Bot4,,1,0
425,0.85,75,440,2493525027,414517936,3643,0.647644,501,1383,58-63,3-72,18-64,90,64,67,41,25,23,1,0,1,90,0,,33,0,,,0,fire_reached_bot,0,35,35,0,-1,55,0.3889,,0.002870,10,10,fire_reached_bot,0,69,23,46,-35,85,0.0556,,0.216411,,-1,fire_reached_bot,0,69,23,46,-35,85,0.0556,,0.409116,-1,,fire_reached_bot,0,69,23,46,-35,85,0.0556,,5.356055,-1,-1,69,0,23,46,,no_path,0,,Bot1|Bot2|Bot3|Bot4,0,1
426,0.85,75,440,836001522,3918252539,3632,0.645689,504,1368,22-45,44-49,26-42,34,26,7,7,29,25,1,0,1,34,0,,36,0,,,0,fire_reached_bot,0,4,4,0,0,30,0.1176,18,0.000206,4,2,fire_reached_bot,0,18,18,0,0,36,-0.0588,224,0.003914,,2,fire_reached_bot,0,19,18,1,0,34,0.0000,249,0.005080,2,,fire_reached_bot,0,18,18,0,0,36,-0.0588,224,1.847907,-1,2,18,0,18,0,,shortest_path_fallback,0,,Bot1|Bot2|Bot3|Bot4,0,1
427,0.85,75,440,435955948,1367064018,3647,0.648356,496,1404,47-12,21-74,60-61,96,88,70,62,82,52,1,0,1,96,0,,91,0,,,0,fire_reached_bot,0,50,50,0,0,46,0.5208,1059,0.007753,-1,49,fire_reached_bot,0,50,50,0,0,46,0.5208,1059,0.048170,,49,fire_reached_bot,0,72,72,0,0,34,0.6458,1787,0.084486,49,,fire_reached_bot,0,50,50,0,0,46,0.5208,1059,8.335375,-1,49,50,0,50,0,,shortest_path_fallback,0,,Bot1|Bot2|Bot3|Bot4,0,1
428,0.85,75,440,2279097245,954607641,3621,0.643733,485,1323,11-38,1-39,51-68,11,11,76,70,81,79,0,0,1,11,1,11,87,1,11,76,1,button,1,11,11,0,75,0,1.0000,62,0.000166,-1,-1,button,1,11,11,0,75,0,1.0000,62,0.000331,,-1,button,1,11,11,0,75,0,1.0000,62,0.000477,-1,,button,1,11,11,0,75,0,1.0000,62,0.283791,-1,-1,11,0,0,0,0.4,risk_path,4,Bot1|Bot2|Bot3|Bot4,,1,0
429,0.85,75,440,2932552292,18426317,3674,0.653156,511,1398,22-34,51-14,67-21,59,49,66,58,37,23,1,0,1,59,0,,43,0,,,0,fire_reached_bot,0,52,52,0,-8,7,0.8814,,0.005074,44,44,fire_reached_bot,0,61,43,18,-17,16,0.7288,,0.088102,,-1,fire_reached_bot,0,61,43,18,-17,16,0.7288,,0.165785,-1,,fire_reached_bot,0,61,43,18,-17,16,0.7288,,5.639325,-1,-1,61,0,43,18,,no_path,0,,Bot1|Bot2|Bot3|Bot4,0,1
430,0.85,75,440,2526166132,2004277368,3663,0.651200,520,1424,48-54,7-1,3-67,98,94,78,58,90,70,1,0,1,98,0,,99,0,,,0,fire_reached_bot,0,59,59,0,0,39,0.6020,905,0.006255,59,59,fire_reached_bot,0,60,58,2,0,40,0.5918,937,0.043966,,-1,fire_reached_bot,0,60,58,2,0,40,0.5918,937,0.050618,-1,,fire_reached_bot,0,78,76,2,0,24,0.7551,1505,11.765863,55,55,78,31,45,2,0.99,no_path,0,,Bot1|Bot2|Bot3|Bot4,0,1
431,0.85,75,440,2360711024,676293112,3646,0.648178,499,1381,49-31,9-40,65-23,57,49,28,24,81,73,0,0,1,57,1,57,91,1,57,34,1,button,1,57,57,0,26,0,1.0000,1341,0.008315,-1,-1,button,1,57,57,0,26,0,1.0000,1341,0.016470,,-1,button,1,57,57,0,26,0,1.0000,1341,0.028603,-1,,button,1,57,57,0,26,0,1.0000,1341,4.216408,-1,-1,57,0,0,0,0.4,risk_path,4,Bot1|Bot2|Bot3|Bot4,,1,0
432,0.85,75,440,1910899855,3074822446,3643,0.647644,516,1359,33-54,51-29,56-40,55,43,49,37,16,16,1,0,1,55,0,,17,0,,,0,walked_into_fire,0,26,26,0,-8,29,0.4727,,0.001773,18,18,fire_reached_bot,0,34,17,17,-16,38,0.3091,,0.088344,,-1,fire_reached_bot,0,34,17,17,-16,38,0.3091,,0.180930,-1,,fire_reached_bot,0,34,17,17,-16,38,0.3091,,2.480849,-1,-1,34,0,17,17,,no_path,0,,Bot1|Bot2|Bot3|Bot4,0,1
433,0.85,75,440,2661614459,1963583143,3649,0.648711,498,1378,42-68,17-18,56-34,83,75,52,48,59,55,1,0,1,83,0,,67,0,,,0,fire_reached_bot,0,31,31,0,0,52,0.3735,559,0.002680,-1,-1,fire_reached_bot,0,31,31,0,0,52,0.3735,559,0.018995,,-1,fire_reached_bot,0,31,31,0,0,52,0.3735,559,0.021512,-1,,fire_reached_bot,0,31,31,0,0,52,0.3735,559,4.837173,-1,-1,31,0,31,0,,shortest_path_fallback,0,,Bot1|Bot2|Bot3|Bot4,0,1
434,0.85,75,440,3282060075,882283043,3638,0.646756,507,1363,17-63,15-48,25-14,17,17,75,57,60,44,0,0,1,17,1,17,67,1,17,50,1,button,1,17,17,0,50,0,1.0000,63,0.000220,-1,-1,button,1,17,17,0,50,0,1.0000,63,0.000608,,-1,button,1,17,17,0,50,0,1.0000,63,0.000764,-1,,button,1,17,17,0,50,0,1.0000,63,0.569655,-1,-1,17,0,0,0,0.4,risk_path,4,Bot1|Bot2|Bot3|Bot4,,1,0
435,0.85,75,440,3996130700,1346204788,3641,0.647289,510,1369,33-13,9-17,51-33,36,28,48,38,72,58,0,0,1,36,1,36,82,1,36,46,1,button,1,36,36,0,44,0,1.0000,867,0.003002,-1,-1,button,1,36,36,0,44,0,1.0000,867,0.006789,,-1,button,1,36,36,0,44,0,1.0000,867,0.009496,-1,,button,1,36,36,0,44,0,1.0000,867,1.956946,-1,-1,36,0,0,0,0.4,risk_path,4,Bot1|Bot2|Bot3|Bot4,,1,0
436,0.85,75,440,836374606,2519469390,3644,0.647822,514,1410,66-40,20-42,12-26,64,48,78,68,26,24,1,0,1,64,0,,31,0,,,0,walked_into_fire,0,50,50,0,-18,14,0.7812,,0.007108,32,32,fire_reached_bot,0,58,31,27,-26,33,0.4844,,0.114497,,-1,fire_reached_bot,0,58,31,27,-26,33,0.4844,,0.216917,-1,,fire_reached_bot,0,58,31,27,-26,33,0.4844,,4.763106,-1,-1,58,0,31,27,,no_path,0,,Bot1|Bot2|Bot3|Bot4,0,1
437,0.85,75,440,3431814037,2475972391,3665,0.651556,509,1430,18-47,46-36,51-30,43,39,54,50,11,11,1,0,1,43,0,,12,0,,,0,walked_into_fire,0,29,29,0,-16,14,0.6744,,0.001735,13,13,fire_reached_bot,0,47,12,35,-34,31,0.2791,,0.155280,,-1,fire_reached_bot,0,47,12,35,-34,31,0.2791,,0.298264,-1,,fire_reached_bot,0,47,12,35,-34,31,0.2791,,1.462310,-1,-1,47,0,12,35,,no_path,0,,Bot1|Bot2|Bot3|Bot4,0,1
438,0.85,75,440,1717278258,3909387573,3628,0.644978,489,1365,62-2,11-7,19-66,66,56,109,107,83,67,0,0,1,66,1,66,95,1,66,29,1,button,1,66,66,0,29,0,1.0000,1464,0.010801,-1,-1,button,1,66,66,0,29,0,1.0000,1464,0.022261,,-1,button,1,66,66,0,29,0,1.0000,1464,0.034892,-1,,button,1,66,66,0,29,0,1.0000,1464,5.351784,-1,-1,66,0,0,0,0.4,risk_path,4,Bot1|Bot2|Bot3|Bot4,,1,0
439,0.85,75,440,601328095,3338845994,3660,0.650667,513,1409,49-10,22-21,7-64,58,38,102,96,64,58,0,0,1,58,1,58,71,1,58,13,1,button,1,58,58,0,13,0,1.0000,916,0.005784,-1,-1,button,1,58,58,0,13,0,1.0000,916,0.021994,,-1,button,1,58,58,0,13,0,1.0000,916,0.027991,-1,,button,1,58,58,0,13,0,1.0000,916,4.875196,-1,-1,58,0,0,0,0.4,risk_path,4,Bot1|Bot2|Bot3|Bot4,,1,0
440,0.85,75,440,2216123474,76203067,3642,0.647467,521,1396,71-40,18-70,58-46,91,83,25,19,66,64,1,0,1,91,0,,73,0,,,0,walked_into_fire,0,14,14,0,-1,77,0.1538,125,0.001197,13,13,fire_reached_bot,0,16,15,1,0,80,0.1209,193,0.011751,,14,fire_reached_bot,0,30,23,7,0,88,0.0330,625,0.024280,14,,fire_reached_bot,0,16,15,1,0,80,0.1209,193,2.873750,-1,14,16,0,15,1,,no_path,0,,Bot1|Bot2|Bot3|Bot4,0,1
441,0.85,75,440,2952930947,3442715,3633,0.645867,493,1336,34-33,4-65,13-73,70,62,69,61,21,17,1,0,1,70,0,,23,0,,,0,fire_reached_bot,0,37,37,0,-13,33,0.5286,,0.002593,23,23,fire_reached_bot,0,57,22,35,-33,48,0.3143,,0.161011,,-1,fire_reached_bot,0,57,22,35,-33,48,0.3143,,0.314528,-1,,fire_reached_bot,0,57,22,35,-33,48,0.3143,,4.231639,-1,-1,57,0,22,35,,no_path,0,,Bot1|Bot2|Bot3|Bot4,0,1
442,0.85,75,440,954329560,321467233,3659,0.650489,499,1374,67-24,7-24,36-66,86,60,77,73,75,71,1,0,1,86,0,,85,0,,,0,walked_into_fire,0,71,71,0,-1,15,0.8256,1916,0.013509,71,71,fire_reached_bot,0,78,76,2,0,12,0.8605,2255,0.049018,,-1,fire_reached_bot,0,78,76,2,0,12,0.8605,2255,0.073009,-1,,fire_reached_bot,0,78,76,2,0,12,0.8605,2255,8.771929,-1,-1,78,0,76,2,,no_path,0,,Bot1|Bot2|Bot3|Bot4,0,1
443,0.85,75,440,2194090034,1836282544,3620,0.643556,485,1382,59-51,66-29,6-24,39,29,88,80,83,65,0,0,1,39,1,39,94,1,39,55,1,button,1,39,39,0,54,0,1.0000,539,0.002310,-1,-1,button,1,39,39,0,54,0,1.0000,539,0.006383,,-1,button,1,39,39,0,54,0,1.0000,539,0.008768,-1,,button,1,39,39,0,54,0,1.0000,539,2.328756,27,27,39,0,0,0,0.4,risk_path,4,Bot1|Bot2|Bot3|Bot4,,1,0
444,0.85,75,440,99980322,3105913063,3629,0.645156,499,1364,32-3,62-72,50-46,109,99,71,61,52,38,1,0,1,109,0,,58,0,,,0,walked_into_fire,0,39,39,0,-1,70,0.3578,760,0.003987,35,21,fire_reached_bot,0,40,40,0,0,75,0.3119,853,0.069912,,21,fire_reached_bot,0,55,46,9,0,91,0.1651,1740,0.142339,21,,fire_reached_bot,0,40,40,0,0,75,0.3119,853,7.295868,-1,21,40,0,40,0,,shortest_path_fallback,0,,Bot1|Bot2|Bot3|Bot4,0,1
445,0.85,75,440,4143197766,1623788008,3645,0.648000,506,1364,60-66,70-44,12-31,34,32,91,83,97,71,0,0,1,34,1,34,108,1,34,74,1,button,1,34,34,0,73,0,1.0000,507,0.001798,-1,-1,button,1,34,34,0,73,0,1.0000,507,0.003589,,-1,button,1,34,34,0,73,0,1.0000,507,0.005474,-1,,button,1,34,34,0,73,0,1.0000,507,1.799792,13,13,34,0,0,0,0.4,risk_path,4,Bot1|Bot2|Bot3|Bot4,,1,0
446,0.85,75,440,846446360,2130916755,3634,0.646044,496,1358,39-19,71-58,53-21,79,71,24,16,73,55,1,0,1,79,0,,88,1,79,9,1,button,1,79,79,0,2,0,1.0000,2558,0.022868,-1,-1,button,1,79,79,0,2,0,1.0000,2558,0.056065,,-1,button,1,79,79,0,2,0,1.0000,2558,0.084102,-1,,button,1,79,79,0,2,0,1.0000,2558,6.939437,32,32,79,15,15,0,0.99,risk_path,4,Bot1|Bot2|Bot3|Bot4,,1,0
447,0.85,75,440,779460035,79676451,3647,0.648356,502,1429,35-37,33-67,8-44,46,32,60,34,56,48,0,0,1,46,1,46,65,1,46,19,1,button,1,46,46,0,19,0,1.0000,839,0.003806,-1,-1,button,1,46,46,0,19,0,1.0000,839,0.008472,,-1,button,1,46,46,0,19,0,1.0000,839,0.012963,-1,,button,1,46,46,0,19,0,1.0000,839,3.109887,-1,-1,46,0,0,0,0.4,risk_path,4,Bot1|Bot2|Bot3|Bot4,,1,0
448,0.85,75,440,1123366057,3344577641,3660,0.650667,494,1419,30-32,27-34,73-46,11,5,79,57,84,58,0,0,1,11,1,11,91,1,11,80,1,button,1,11,11,0,79,0,1.0000,42,0.000177,-1,-1,button,1,11,11,0,79,0,1.0000,42,0.000338,,-1,button,1,11,11,0,79,0,1.0000,42,0.000465,-1,,button,1,11,11,0,79,0,1.0000,42,0.290981,-1,-1,11,0,0,0,0.4,risk_path,4,Bot1|Bot2|Bot3|Bot4,,1,0
449,0.85,75,440,2060266283,3682968219,3648,0.648533,502,1416,66-6,7-5,44-56,86,60,86,72,98,88,0,0,1,86,1,86,114,1,86,28,1,button,1,86,86,0,28,0,1.0000,2650,0.025652,-1,-1,button,1,86,86,0,28,0,1.0000,2650,0.044586,,-1,button,1,86,86,0,28,0,1.0000,2650,0.076756,-1,,button,1,86,86,0,28,0,1.0000,2650,6.579044,-1,-1,86,0,0,0,0.4,risk_path,4,Bot1|Bot2|Bot3|Bot4,,1,0
450,0.85,75,440,3271714734,783943413,3641,0.647289,494,1354,33-11,36-11,36-6,3,3,8,8,5,5,0,0,1,3,1,3,5,1,3,2,1,button,1,3,3,0,2,0,1.0000,7,0.000052,-1,-1,button,1,3,3,0,2,0,1.0000,7,0.000065,,-1,button,1,3,3,0,2,0,1.0000,7,0.000091,-1,,button,1,3,3,0,2,0,1.0000,7,0.059079,-1,-1,3,0,0,0,0.4,risk_path,4,Bot1|Bot2|Bot3|Bot4,,1,0
451,0.85,75,440,1682450521,2218722123,3650,0.648889,500,1388,63-74,74-28,41-74,67,57,62,22,85,79,0,0,1,67,1,67,97,1,67,30,1,button,1,67,67,0,29,0,1.0000,1295,0.006584,-1,-1,button,1,67,67,0,29,0,1.0000,1295,0.016903,,-1,button,1,67,67,0,29,0,1.0000,1295,0.024493,-1,,button,1,67,67,0,29,0,1.0000,1295,6.234755,42,42,67,0,0,0,0.4,risk_path,4,Bot1|Bot2|Bot3|Bot4,,1,0
452,0.85,75,440,4253021220,2834508363,3667,0.651911,506,1400,26-8,16-57,57-74,77,59,103,97,70,58,1,0,1,77,0,,83,1,77,6,1,button,1,77,77,0,6,0,1.0000,1486,0.012063,-1,-1,button,1,77,77,0,6,0,1.0000,1486,0.035755,,-1,button,1,77,77,0,6,0,1.0000,1486,0.050042,-1,,button,1,77,77,0,6,0,1.0000,1486,8.008432,66,66,77,18,23,0,0.99,risk_path,4,Bot1|Bot2|Bot3|Bot4,,1,0
453,0.85,75,440,2952658635,970395582,3617,0.643022,500,1329,73-24,20-35,66-32,74,64,55,15,63,49,1,0,1,74,0,,69,0,,,0,walked_into_fire,0,30,30,0,-1,44,0.4054,266,0.001468,27,26,fire_reached_bot,0,48,44,4,0,52,0.2973,767,0.020548,,26,fire_reached_bot,0,44,44,0,0,50,0.3243,617,0.022649,26,,fire_reached_bot,0,48,44,4,0,52,0.2973,767,6.387322,-1,26,48,0,44,4,,no_path,0,,Bot1|Bot2|Bot3|Bot4,0,1
454,0.85,75,440,473146384,3945293444,3628,0.644978,501,1342,49-65,65-42,31-59,53,39,28,24,65,51,0,0,1,53,1,53,72,1,53,19,1,button,1,53,53,0,15,0,1.0000,1563,0.008418,-1,-1,button,1,53,53,0,15,0,1.0000,1563,0.017208,,-1,button,1,53,53,0,15,0,1.0000,1563,0.026946,-1,,button,1,53,53,0,15,0,1.0000,1563,3.556190,24,24,53,0,0,0,0.4,risk_path,4,Bot1|Bot2|Bot3|Bot4,,1,0
455,0.85,75,440,2903495406,1402952168,3639,0.646933,510,1381,26-31,73-0,14-53,80,78,44,34,112,112,0,0,1,80,1,80,130,1,80,50,1,button,1,80,80,0,46,0,1.0000,2386,0.021003,-1,-1,button,1,80,80,0,46,0,1.0000,2386,0.044007,,-1,button,1,80,80,0,46,0,1.0000,2386,0.070032,-1,,button,1,80,80,0,46,0,1.0000,2386,6.672051,37,37,80,0,0,0,0.4,risk_path,4,Bot1|Bot2|Bot3|Bot4,,1,0
456,0.85,75,440,1612596313,1606830779,3651,0.649067,494,1390,61-73,9-34,31-53,97,91,56,50,41,41,1,0,1,97,0,,45,0,,,0,walked_into_fire,0,31,31,0,-1,66,0.3196,558,0.002412,28,27,fire_reached_bot,0,47,41,6,-1,72,0.2577,,0.036851,,27,fire_reached_bot,0,46,41,5,0,70,0.2784,,0.044140,27,,fire_reached_bot,0,47,41,6,-1,72,0.2577,,6.165054,-1,27,47,0,41,6,,no_path,0,,Bot1|Bot2|Bot3|Bot4,0,1
457,0.85,75,440,2590130515,196957734,3647,0.648356,507,1384,54-67,36-66,67-8,27,19,114,72,103,89,0,0,1,27,1,27,114,1,27,87,1,button,1,27,27,0,86,0,1.0000,253,0.000985,-1,-1,button,1,27,27,0,86,0,1.0000,253,0.002431,,-1,button,1,27,27,0,86,0,1.0000,253,0.003366,-1,,button,1,27,27,0,86,0,1.0000,253,1.288201,6,6,27,0,0,0,0.4,risk_path,4,Bot1|Bot2|Bot3|Bot4,,1,0
458,0.85,75,440,3410208556,1748041653,3630,0.645333,504,1401,43-42,53-52,35-68,20,20,44,34,38,34,0,0,1,20,1,20,42,1,20,22,1,button,1,20,20,0,22,0,1.0000,181,0.000561,-1,-1,button,1,20,20,0,22,0,1.0000,181,0.001103,,-1,button,1,20,20,0,22,0,1.0000,181,0.001623,-1,,button,1,20,20,0,22,0,1.0000,181,0.759593,1,1,20,0,0,0,0.4,risk_path,4,Bot1|Bot2|Bot3|Bot4,,1,0
459,0.85,75,440,1944609791,705594675,3674,0.653156,521,1406,73-3,42-69,11-71,103,97,132,130,43,33,1,0,1,103,0,,50,0,,,0,fire_reached_bot,0,78,78,0,-27,25,0.7573,,0.013456,51,51,fire_reached_bot,0,97,50,47,-46,53,0.4854,,0.198013,,-1,fire_reached_bot,0,97,50,47,-46,53,0.4854,,0.357664,-1,,fire_reached_bot,0,97,50,47,-46,53,0.4854,,9.408649,-1,-1,97,0,50,47,,no_path,0,,Bot1|Bot2|Bot3|Bot4,0,1
460,0.85,75,440,3380480183,1588023217,3661,0.650844,511,1422,4-70,35-43,9-64,60,58,11,11,49,47,1,0,1,60,0,,54,0,,,0,walked_into_fire,0,10,10,0,-3,50,0.1667,66,0.000564,8,8,fire_reached_bot,0,13,13,0,0,53,0.1167,148,0.004762,,-1,fire_reached_bot,0,13,13,0,0,53,0.1167,148,0.004951,-1,,fire_reached_bot,0,13,13,0,0,53,0.1167,148,1.942100,-1,-1,13,0,13,0,,shortest_path_fallback,0,,Bot1|Bot2|Bot3|Bot4,0,1
461,0.85,75,440,545968031,3785375886,3639,0.646933,498,1365,43-6,61-58,1-42,76,70,84,78,86,76,0,0,1,76,1,76,92,1,76,16,1,button,1,76,76,0,16,0,1.0000,1867,0.014981,-1,-1,button,1,76,76,0,16,0,1.0000,1867,0.035858,,-1,button,1,76,76,0,16,0,1.0000,1867,0.051519,-1,,button,1,76,76,0,16,0,1.0000,1867,7.062994,43,43,76,0,0,0,0.4,risk_path,4,Bot1|Bot2|Bot3|Bot4,,1,0
462,0.85,75,440,3450460134,238140626,3636,0.646400,504,1363,56-10,14-8,20-65,68,44,93,91,83,63,0,0,1,68,1,68,94,1,68,26,1,button,1,68,68,0,26,0,1.0000,1644,0.013383,-1,-1,button,1,68,68,0,26,0,1.0000,1644,0.023671,,-1,button,1,68,68,0,26,0,1.0000,1644,0.037738,-1,,button,1,68,68,0,26,0,1.0000,1644,5.651722,-1,-1,68,0,0,0,0.4,risk_path,4,Bot1|Bot2|Bot3|Bot4,,1,0
463,0.85,75,440,1149964191,3065534945,3643,0.647644,509,1362,40-25,17-31,0-32,35,29,63,47,36,18,0,0,1,35,1,35,44,1,35,9,1,button,1,35,35,0,9,0,1.0000,354,0.001342,-1,-1,button,1,35,35,0,9,0,1.0000,354,0.003814,,-1,button,1,35,35,0,9,0,1.0000,354,0.006814,-1,,button,1,35,35,0,9,0,1.0000,354,2.160366,2,2,35,0,0,0,0.4,risk_path,4,Bot1|Bot2|Bot3|Bot4,,1,0
464,0.85,75,440,2588932194,3317267967,3638,0.646756,502,1370,62-19,40-53,74-66,68,56,83,59,61,47,1,0,1,68,0,,72,1,68,4,1,button,1,68,68,0,4,0,1.0000,753,0.004954,-1,-1,button,1,68,68,0,4,0,1.0000,753,0.021303,,-1,button,1,68,68,0,4,0,1.0000,753,0.027921,-1,,button,1,68,68,0,4,0,1.0000,753,7.980863,-1,-1,68,11,17,0,0.99,risk_path,4,Bot1|Bot2|Bot3|Bot4,,1,0
465,0.85,75,440,283204915,3485829726,3629,0.645156,508,1367,64-59,65-68,21-63,12,10,71,47,71,49,0,0,1,12,1,12,79,1,12,67,1,button,1,12,12,0,66,0,1.0000,56,0.000166,-1,-1,button,1,12,12,0,66,0,1.0000,56,0.000360,,-1,button,1,12,12,0,66,0,1.0000,56,0.000473,-1,,button,1,12,12,0,66,0,1.0000,56,0.324473,-1,-1,12,0,0,0,0.4,risk_path,4,Bot1|Bot2|Bot3|Bot4,,1,0
466,0.85,75,440,519884690,3415390693,3660,0.650667,498,1397,42-44,2-19,17-64,65,65,47,45,82,60,0,0,1,65,1,65,91,1,65,26,1,button,1,65,65,0,22,0,1.0000,1531,0.010658,-1,-1,button,1,65,65,0,22,0,1.0000,1531,0.034150,,-1,button,1,65,65,0,22,0,1.0000,1531,0.034730,-1,,button,1,65,65,0,22,0,1.0000,1531,5.302486,-1,-1,65,0,0,0,0.4,risk_path,4,Bot1|Bot2|Bot3|Bot4,,1,0
467,0.85,75,440,3826963234,2865125719,3651,0.649067,514,1442,46-13,18-38,44-2,53,53,13,13,62,62,0,0,1,53,1,53,69,1,53,16,1,button,1,53,53,0,11,0,1.0000,1054,0.005220,-1,-1,button,1,53,53,0,11,0,1.0000,1054,0.008984,,-1,button,1,53,53,0,11,0,1.0000,1054,0.014773,-1,,button,1,53,53,0,11,0,1.0000,1054,4.034292,-1,-1,53,0,0,0,0.4,risk_path,4,Bot1|Bot2|Bot3|Bot4,,1,0
468,0.85,75,440,4243052957,3832579543,3655,0.649778,512,1362,20-47,35-34,1-59,40,28,31,31,67,59,0,0,1,40,1,40,72,1,40,32,1,button,1,40,40,0,27,0,1.0000,505,0.002591,-1,-1,button,1,40,40,0,27,0,1.0000,505,0.009756,,-1,button,1,40,40,0,27,0,1.0000,505,0.009637,-1,,button,1,40,40,0,27,0,1.0000,505,2.661301,11,11,40,0,0,0,0.4,risk_path,4,Bot1|Bot2|Bot3|Bot4,,1,0
469,0.85,75,440,2512400746,3515949097,3651,0.649067,508,1372,72-67,69-59,59-74,27,11,22,20,29,25,0,0,1,27,1,27,35,1,27,8,1,button,1,27,27,0,5,0,1.0000,247,0.000967,-1,-1,button,1,27,27,0,5,0,1.0000,247,0.002658,,-1,button,1,27,27,0,5,0,1.0000,247,0.003461,-1,,button,1,27,27,0,5,0,1.0000,247,1.308409,-1,-1,27,0,0,0,0.4,risk_path,4,Bot1|Bot2|Bot3|Bot4,,1,0
470,0.85,75,440,3413718978,1893227172,3673,0.652978,501,1432,59-29,30-55,41-69,67,55,72,58,33,25,1,0,1,67,0,,37,0,,,0,walked_into_fire,0,43,43,0,-5,24,0.6418,,0.003659,32,32,fire_reached_bot,0,59,33,26,-21,38,0.4328,,0.123228,,-1,fire_reached_bot,0,59,33,26,-21,38,0.4328,,0.225010,-1,,fire_reached_bot,0,59,33,26,-21,38,0.4328,,5.467937,-1,-1,59,0,33,26,,no_path,0,,Bot1|Bot2|Bot3|Bot4,0,1
471,0.85,75,440,503817407,3717343413,3672,0.652800,514,1425,13-45,72-30,24-35,84,74,23,21,75,53,1,0,1,84,0,,80,0,,,0,walked_into_fire,0,18,18,0,-1,66,0.2143,151,0.001390,17,17,fire_reached_bot,0,27,25,2,0,65,0.2262,497,0.018049,,-1,fire_reached_bot,0,27,25,2,0,65,0.2262,497,0.018532,-1,,fire_reached_bot,0,27,25,2,0,65,0.2262,497,3.373300,-1,-1,27,0,25,2,,no_path,0,,Bot1|Bot2|Bot3|Bot4,0,1
472,0.85,75,440,2819638129,3975689994,3623,0.644089,510,1354,74-33,36-23,31-36,66,48,70,46,34,18,1,0,1,66,0,,41,0,,,0,fire_reached_bot,0,47,47,0,-5,19,0.7121,,0.005324,42,42,fire_reached_bot,0,53,41,12,-11,25,0.6212,,0.065327,,-1,fire_reached_bot,0,53,41,12,-11,25,0.6212,,0.110385,-1,,fire_reached_bot,0,53,41,12,-11,25,0.6212,,5.018384,-1,-1,53,0,41,12,,no_path,0,,Bot1|Bot2|Bot3|Bot4,0,1
473,0.85,75,440,2272994969,415899555,3671,0.652622,516,1414,5-54,58-0,43-33,113,107,75,59,50,48,1,0,1,113,0,,56,0,,,0,fire_reached_bot,0,42,42,0,0,71,0.3717,1088,0.005765,32,26,fire_reached_bot,0,61,47,14,-4,88,0.2212,,0.108680,,26,fire_reached_bot,0,57,47,10,0,84,0.2566,,0.109629,26,,fire_reached_bot,0,61,47,14,-4,88,0.2212,,7.863621,-1,26,61,0,47,14,,no_path,0,,Bot1|Bot2|Bot3|Bot4,0,1
474,0.85,75,440,3800817311,3697787141,3626,0.644622,492,1343,5-7,13-60,73-20,75,61,97,81,102,100,0,0,1,75,1,75,112,1,75,37,1,button,1,75,75,0,32,0,1.0000,1712,0.013480,-1,-1,button,1,75,75,0,32,0,1.0000,1712,0.032275,,-1,button,1,75,75,0,32,0,1.0000,1712,0.046462,-1,,button,1,75,75,0,32,0,1.0000,1712,6.377429,12,12,75,0,0,0,0.4,risk_path,4,Bot1|Bot2|Bot3|Bot4,,1,0
475,0.85,75,440,3913921988,874549696,3647,0.648356,511,1362,56-1,38-43,52-0,66,60,15,5,67,57,0,0,1,66,1,66,72,1,66,6,1,button,1,66,66,0,6,0,1.0000,1195,0.008176,-1,-1,button,1,66,66,0,6,0,1.0000,1195,0.023682,,-1,button,1,66,66,0,6,0,1.0000,1195,0.030222,-1,,button,1,66,66,0,6,0,1.0000,1195,6.010701,-1,-1,66,0,0,0,0.4,risk_path,4,Bot1|Bot2|Bot3|Bot4,,1,0
476,0.85,75,440,2149910873,4090412208,3621,0.643733,513,1361,26-55,26-4,18-31,83,51,34,32,49,35,1,0,1,83,0,,54,0,,,0,fire_reached_bot,0,31,31,0,0,52,0.3735,484,0.002925,31,31,fire_reached_bot,0,34,32,2,0,55,0.3373,601,0.028754,,-1,fire_reached_bot,0,34,32,2,0,55,0.3373,601,0.026931,-1,,fire_reached_bot,0,34,32,2,0,55,0.3373,601,4.321777,-1,-1,34,0,32,2,,no_path,0,,Bot1|Bot2|Bot3|Bot4,0,1
477,0.85,75,440,2557168548,667988557,3659,0.650489,494,1407,58-32,54-42,13-19,30,14,66,58,80,64,0,0,1,30,1,30,88,1,30,58,1,button,1,30,30,0,58,0,1.0000,538,0.001803,-1,-1,button,1,30,30,0,58,0,1.0000,538,0.004547,,-1,button,1,30,30,0,58,0,1.0000,538,0.005450,-1,,button,1,30,30,0,58,0,1.0000,538,1.495942,27,27,30,0,0,0,0.4,risk_path,4,Bot1|Bot2|Bot3|Bot4,,1,0
478,0.85,75,440,364875584,1296068607,3621,0.643733,496,1338,45-17,14-59,55-11,91,73,20,16,105,89,0,0,1,91,1,91,118,1,91,27,1,button,1,91,91,0,18,0,1.0000,2573,0.028675,-1,-1,button,1,91,91,0,18,0,1.0000,2573,0.096243,,-1,button,1,91,91,0,18,0,1.0000,2573,0.113477,-1,,button,1,91,91,0,18,0,1.0000,2573,7.930317,-1,-1,91,0,0,0,0.4,risk_path,4,Bot1|Bot2|Bot3|Bot4,,1,0
479,0.85,75,440,1145681825,3225904011,3615,0.642667,492,1333,39-32,63-60,60-51,54,52,42,40,14,12,1,0,1,54,0,,20,0,,,0,walked_into_fire,0,26,26,0,-5,28,0.4815,,0.001414,21,21,fire_reached_bot,0,32,20,12,-11,34,0.3704,,0.052784,,-1,fire_reached_bot,0,32,20,12,-11,34,0.3704,,0.090495,-1,,fire_reached_bot,0,32,20,12,-11,34,0.3704,,2.749377,-1,-1,32,0,20,12,,no_path,0,,Bot1|Bot2|Bot3|Bot4,0,1
480,0.85,75,440,348230519,1372939948,3638,0.646756,505,1386,59-43,51-1,23-1,54,50,82,78,52,28,1,0,1,54,0,,60,1,54,6,1,button,1,54,54,0,5,0,1.0000,857,0.004492,-1,-1,button,1,54,54,0,5,0,1.0000,857,0.010474,,-1,button,1,54,54,0,5,0,1.0000,857,0.015221,-1,,button,1,54,54,0,5,0,1.0000,857,4.457316,-1,-1,54,5,0,0,0.99,risk_path,4,Bot1|Bot2|Bot3|Bot4,,1,0
481,0.85,75,440,1613761028,1186564994,3628,0.644978,490,1360,42-69,73-38,64-51,70,62,44,40,32,22,1,0,1,70,0,,37,0,,,0,fire_reached_bot,0,23,23,0,0,47,0.3286,334,0.001755,21,21,fire_reached_bot,0,34,33,1,0,39,0.4429,624,0.017804,,-1,fire_reached_bot,0,34,33,1,0,39,0.4429,624,0.020125,-1,,fire_reached_bot,0,34,33,1,0,39,0.4429,624,4.217200,-1,-1,34,0,33,1,,no_path,0,,Bot1|Bot2|Bot3|Bot4,0,1
482,0.85,75,440,2244013405,2091786480,3633,0.645867,501,1376,17-42,31-61,59-17,39,33,75,67,92,72,0,0,1,39,1,39,104,1,39,65,1,button,1,39,39,0,65,0,1.0000,782,0.003395,-1,-1,button,1,39,39,0,65,0,1.0000,782,0.008140,,-1,button,1,39,39,0,65,0,1.0000,782,0.011263,-1,,button,1,39,39,0,65,0,1.0000,782,2.279823,10,10,39,0,0,0,0.4,risk_path,4,Bot1|Bot2|Bot3|Bot4,,1,0
483,0.85,75,440,944778932,1478825027,3640,0.647111,504,1358,32-47,39-21,6-61,37,33,54,40,91,73,0,0,1,37,1,37,100,1,37,63,1,button,1,37,37,0,60,0,1.0000,313,0.001347,-1,-1,button,1,37,37,0,60,0,1.0000,313,0.003462,,-1,button,1,37,37,0,60,0,1.0000,313,0.004443,-1,,button,1,37,37,0,60,0,1.0000,313,2.231918,7,7,37,0,0,0,0.4,risk_path,4,Bot1|Bot2|Bot3|Bot4,,1,0
484,0.85,75,440,575576,2379172882,3653,0.649422,507,1391,49-28,31-22,13-1,24,24,65,63,41,39,0,0,1,24,1,24,46,1,24,22,1,button,1,24,24,0,22,0,1.0000,119,0.000402,-1,-1,button,1,24,24,0,22,0,1.0000,119,0.001402,,-1,button,1,24,24,0,22,0,1.0000,119,0.001949,-1,,button,1,24,24,0,22,0,1.0000,119,0.985334,-1,-1,24,0,0,0,0.4,risk_path,4,Bot1|Bot2|Bot3|Bot4,,1,0
485,0.85,75,440,2872471504,826922753,3634,0.646044,499,1374,45-66,31-68,39-51,22,16,25,21,29,25,0,0,1,22,1,22,33,1,22,11,1,button,1,22,22,0,11,0,1.0000,262,0.000757,-1,-1,button,1,22,22,0,11,0,1.0000,262,0.001728,,-1,button,1,22,22,0,11,0,1.0000,262,0.002140,-1,,button,1,22,22,0,11,0,1.0000,262,0.829939,1,1,22,0,0,0,0.4,risk_path,4,Bot1|Bot2|Bot3|Bot4,,1,0
486,0.85,75,440,2028298929,2150041132,3626,0.644622,502,1364,44-42,46-42,65-27,8,2,42,36,36,34,0,0,1,8,1,8,39,1,8,31,1,button,1,8,8,0,31,0,1.0000,21,0.000109,-1,-1,button,1,8,8,0,31,0,1.0000,21,0.000229,,-1,button,1,8,8,0,31,0,1.0000,21,0.000251,-1,,button,1,8,8,0,31,0,1.0000,21,0.182914,-1,-1,8,0,0,0,0.4,risk_path,4,Bot1|Bot2|Bot3|Bot4,,1,0
487,0.85,75,440,2834803892,1468566193,3640,0.647111,512,1367,16-6,32-47,25-59,69,57,88,62,23,19,1,0,1,69,0,,25,0,,,0,walked_into_fire,0,48,48,0,-22,21,0.6957,,0.003947,24,24,fire_reached_bot,0,73,23,50,-47,46,0.3333,,0.191119,,-1,fire_reached_bot,0,73,23,50,-47,46,0.3333,,0.369349,-1,,fire_reached_bot,0,73,23,50,-47,46,0.3333,,3.618973,-1,-1,73,0,23,50,,no_path,0,,Bot1|Bot2|Bot3|Bot4,0,1
488,0.85,75,440,1595770306,3510375444,3647,0.648356,509,1358,34-49,38-18,27-62,53,35,40,20,81,55,0,0,1,53,1,53,94,1,53,41,1,button,1,53,53,0,38,0,1.0000,1204,0.006597,-1,-1,button,1,53,53,0,38,0,1.0000,1204,0.017594,,-1,button,1,53,53,0,38,0,1.0000,1204,0.021955,-1,,button,1,53,53,0,38,0,1.0000,1204,3.524231,4,4,53,0,0,0,0.4,risk_path,4,Bot1|Bot2|Bot3|Bot4,,1,0
489,0.85,75,440,4171940784,3372629387,3636,0.646400,499,1366,69-26,7-39,72-72,87,75,81,49,106,98,0,0,1,87,1,87,118,1,87,31,1,button,1,87,87,0,29,0,1.0000,1583,0.013558,-1,-1,button,1,87,87,0,29,0,1.0000,1583,0.049783,,-1,button,1,87,87,0,29,0,1.0000,1583,0.060521,-1,,button,1,87,87,0,31,0,1.0000,1583,8.902523,24,24,87,0,0,0,0.4,risk_path,4,Bot1|Bot2|Bot3|Bot4,,1,0
490,0.85,75,440,3646037766,3925754981,3637,0.646578,497,1370,8-53,48-10,13-11,87,83,61,47,62,36,1,0,1,87,0,,73,0,,,0,walked_into_fire,0,42,42,0,-1,45,0.4828,613,0.003145,42,42,fire_reached_bot,0,53,51,2,0,38,0.5632,991,0.033479,,-1,fire_reached_bot,0,53,51,2,0,38,0.5632,991,0.035423,-1,,fire_reached_bot,0,53,51,2,0,38,0.5632,991,7.899553,-1,-1,53,0,51,2,,no_path,0,,Bot1|Bot2|Bot3|Bot4,0,1
491,0.85,75,440,1715550879,3700416209,3644,0.647822,514,1416,15-65,62-11,56-66,107,101,64,42,87,61,1,0,1,107,0,,99,0,,,0,walked_into_fire,0,58,58,0,-1,49,0.5421,1238,0.009585,58,57,fire_reached_bot,0,60,59,1,0,52,0.5140,1329,0.060802,,57,fire_reached_bot,0,68,67,1,0,52,0.5140,1564,0.078649,57,,fire_reached_bot,0,60,59,1,0,52,0.5140,1329,9.964553,-1,57,60,0,59,1,,no_path,0,,Bot1|Bot2|Bot3|Bot4,0,1
492,0.85,75,440,1948605556,4065344269,3640,0.647111,507,1371,51-69,52-25,18-50,63,45,52,52,61,59,1,0,1,63,0,,70,1,63,7,1,button,1,63,63,0,7,0,1.0000,1889,0.013876,-1,-1,button,1,63,63,0,7,0,1.0000,1889,0.027842,,-1,button,1,63,63,0,7,0,1.0000,1889,0.042706,-1,,button,1,63,63,0,7,0,1.0000,1889,4.698017,13,13,63,0,0,0,0.4,risk_path,4,Bot1|Bot2|Bot3|Bot4,,1,0
493,0.85,75,440,627320740,1943041704,3628,0.644978,504,1383,15-31,53-41,42-35,54,48,37,31,17,17,1,1,1,58,0,,19,0,,,0,walked_into_fire,0,19,19,0,-1,35,0.3519,172,0.001056,18,17,fire_reached_bot,0,22,19,3,-2,39,0.2778,,0.028940,,17,fire_reached_bot,0,24,19,5,-4,41,0.2407,,0.063653,17,,fire_reached_bot,0,22,19,3,-2,39,0.2778,,2.828105,-1,17,22,0,19,3,,no_path,0,,Bot1|Bot2|Bot3|Bot4,0,1
494,0.85,75,440,3909912075,2078630651,3651,0.649067,498,1390,32-62,42-47,11-0,29,25,101,83,82,78,0,0,1,29,1,29,91,1,29,62,1,button,1,29,29,0,62,0,1.0000,224,0.000823,-1,-1,button,1,29,29,0,62,0,1.0000,224,0.002027,,-1,button,1,29,29,0,62,0,1.0000,224,0.002680,-1,,button,1,29,29,0,62,0,1.0000,224,1.547467,-1,-1,29,0,0,0,0.4,risk_path,4,Bot1|Bot2|Bot3|Bot4,,1,0
495,0.85,75,440,1510466362,86062878,3646,0.648178,503,1410,1-6,28-20,9-50,43,41,82,52,65,49,0,0,1,43,1,43,68,1,43,25,1,button,1,43,43,0,25,0,1.0000,626,0.002764,-1,-1,button,1,43,43,0,25,0,1.0000,626,0.007264,,-1,button,1,43,43,0,25,0,1.0000,626,0.009570,-1,,button,1,43,43,0,25,0,1.0000,626,3.023586,24,24,43,0,0,0,0.4,risk_path,4,Bot1|Bot2|Bot3|Bot4,,1,0
496,0.85,75,440,1673293873,26139537,3663,0.651200,514,1389,47-11,12-26,34-36,62,50,44,38,46,32,1,0,1,62,0,,53,0,,,0,walked_into_fire,0,35,35,0,-1,27,0.5645,666,0.002903,35,34,fire_reached_bot,0,37,37,0,0,31,0.5000,811,0.017397,,34,fire_reached_bot,0,39,37,2,0,33,0.4677,919,0.019994,34,,fire_reached_bot,0,37,37,0,0,31,0.5000,811,4.026968,-1,34,37,0,37,0,,shortest_path_fallback,0,,Bot1|Bot2|Bot3|Bot4,0,1
497,0.85,75,440,475465390,3774680164,3640,0.647111,505,1390,35-60,0-27,45-26,72,68,48,44,60,46,1,0,1,72,0,,67,0,,,0,fire_reached_bot,0,45,45,0,0,27,0.6250,1341,0.006271,-1,44,fire_reached_bot,0,45,45,0,0,27,0.6250,1341,0.018625,,44,fire_reached_bot,0,58,57,1,0,43,0.4028,2114,0.045867,44,,fire_reached_bot,0,45,45,0,0,27,0.6250,1341,5.322579,-1,44,45,0,45,0,,shortest_path_fallback,0,,Bot1|Bot2|Bot3|Bot4,0,1
498,0.85,75,440,662792833,1871343044,3645,0.648000,508,1402,32-8,35-37,6-34,48,32,60,52,40,32,1,0,1,48,0,,47,0,,,0,walked_into_fire,0,43,43,0,-1,5,0.8958,732,0.003348,43,42,fire_reached_bot,0,43,42,1,0,6,0.8750,766,0.012776,,42,fire_reached_bot,0,46,45,1,0,11,0.7708,885,0.028579,42,,fire_reached_bot,0,43,42,1,0,6,0.8750,766,3.591592,-1,42,43,0,42,1,,no_path,0,,Bot1|Bot2|Bot3|Bot4,0,1
499,0.85,75,440,2014376753,1909772166,3652,0.649244,495,1363,33-38,36-40,60-38,5,5,57,27,54,26,0,0,1,5,1,5,65,1,5,60,1,button,1,5,5,0,60,0,1.0000,10,0.000060,-1,-1,button,1,5,5,0,60,0,1.0000,10,0.000139,,-1,button,1,5,5,0,60,0,1.0000,10,0.000115,-1,,button,1,5,5,0,60,0,1.0000,10,0.107675,-1,-1,5,0,0,0,0.4,risk_path,4,Bot1|Bot2|Bot3|Bot4,,1,0
