scenario_id,q,grid_size,seed,layout_seed,fire_seed,open_cells,open_fraction,dead_ends,junctions,start,button,fire_start,start_button_dist,start_button_manhattan,start_fire_dist,start_fire_manhattan,button_fire_dist,button_fire_manhattan,fire_closer_to_button,fire_start_on_shortest_path,path_exists_avoiding_fire_start,bot1_path_len,guaranteed_win,guaranteed_win_route_len,fire_button_time,oracle_win,oracle_route_len,oracle_margin,bot1_predicted_win,Bot1_result,Bot1_success,Bot1_steps,Bot1_moves,Bot1_waits,Bot1_min_slack,Bot1_final_dist_to_button,Bot1_progress_to_button,Bot1_fire_cells_at_end,Bot1_trial_seconds,Bot1_diverges_from_Bot2,Bot1_diverges_from_Bot3,Bot2_result,Bot2_success,Bot2_steps,Bot2_moves,Bot2_waits,Bot2_min_slack,Bot2_final_dist_to_button,Bot2_progress_to_button,Bot2_fire_cells_at_end,Bot2_trial_seconds,Bot2_diverges_from_Bot2,Bot2_diverges_from_Bot3,Bot3_result,Bot3_success,Bot3_steps,Bot3_moves,Bot3_waits,Bot3_min_slack,Bot3_final_dist_to_button,Bot3_progress_to_button,Bot3_fire_cells_at_end,Bot3_trial_seconds,Bot3_diverges_from_Bot2,Bot3_diverges_from_Bot3,Bot4_result,Bot4_success,Bot4_steps,Bot4_moves,Bot4_waits,Bot4_min_slack,Bot4_final_dist_to_button,Bot4_progress_to_button,Bot4_fire_cells_at_end,Bot4_trial_seconds,Bot4_diverges_from_Bot2,Bot4_diverges_from_Bot3,Bot4_plan_count,Bot4_relaxed_count,Bot4_fallback_count,Bot4_no_path_count,Bot4_max_active_threshold,Bot4_final_strategy,n_bots_succeeded,succeeded_bots,failed_bots,all_bots_succeeded,all_bots_failed
0,0.45,75,440,1268951711,594470288,3627,0.644800,505,1370,17-28,16-61,4-73,52,34,68,58,26,24,1,0,1,52,0,,65,1,52,13,1,button,1,52,52,0,11,0,1.0000,210,0.001676,-1,-1,button,1,52,52,0,11,0,1.0000,210,0.009277,,-1,button,1,52,52,0,11,0,1.0000,210,0.010835,-1,,button,1,52,52,0,11,0,1.0000,210,5.145111,-1,-1,52,16,20,0,0.99,risk_path,4,Bot1|Bot2|Bot3|Bot4,,1,0
1,0.45,75,440,2520073151,427107123,3637,0.646578,501,1318,1-73,6-66,34-48,14,12,72,58,60,46,0,0,1,14,1,14,133,1,14,119,1,button,1,14,14,0,119,0,1.0000,18,0.000140,-1,-1,button,1,14,14,0,119,0,1.0000,18,0.000360,,-1,button,1,14,14,0,119,0,1.0000,18,0.000435,-1,,button,1,14,14,0,119,0,1.0000,18,0.388815,12,12,14,0,0,0,0.4,risk_path,4,Bot1|Bot2|Bot3|Bot4,,1,0
2,0.45,75,440,1257125778,1539091741,3644,0.647822,495,1360,33-34,5-11,72-13,55,51,74,60,93,69,0,0,1,55,1,55,177,1,55,122,1,button,1,55,55,0,106,0,1.0000,346,0.002689,-1,-1,button,1,55,55,0,106,0,1.0000,346,0.010130,,-1,button,1,55,55,0,106,0,1.0000,346,0.013134,-1,,button,1,55,55,0,106,0,1.0000,346,4.672855,-1,-1,55,0,0,0,0.4,risk_path,4,Bot1|Bot2|Bot3|Bot4,,1,0
3,0.45,75,440,3219619760,4192021694,3647,0.648356,513,1356,57-62,26-5,53-47,110,88,43,19,75,69,1,0,1,110,0,,147,1,134,13,0,fire_reached_bot,0,45,45,0,0,65,0.4091,249,0.002802,37,37,fire_reached_bot,0,57,57,0,0,61,0.4455,527,0.054511,,50,button,1,138,138,0,5,0,1.0000,3110,0.169590,50,,fire_reached_bot,0,57,57,0,0,61,0.4455,527,11.434066,-1,50,57,0,57,0,,shortest_path_fallback,1,Bot3,Bot1|Bot2|Bot4,0,0
4,0.45,75,440,4248281429,536808686,3633,0.645867,506,1351,44-73,59-42,40-8,54,46,87,69,57,53,0,0,1,54,1,54,105,1,54,51,1,button,1,54,54,0,48,0,1.0000,358,0.002706,-1,-1,button,1,54,54,0,48,0,1.0000,358,0.009495,,-1,button,1,54,54,0,48,0,1.0000,358,0.012133,-1,,button,1,54,54,0,48,0,1.0000,358,4.512743,10,10,54,0,0,0,0.4,risk_path,4,Bot1|Bot2|Bot3|Bot4,,1,0
5,0.45,75,440,3037363144,91013559,3636,0.646400,501,1364,0-7,1-17,69-60,65,11,124,122,117,111,0,0,1,65,1,65,227,1,65,162,1,button,1,65,65,0,142,0,1.0000,524,0.004615,-1,-1,button,1,65,65,0,142,0,1.0000,524,0.021710,,-1,button,1,65,65,0,142,0,1.0000,524,0.026839,-1,,button,1,65,65,0,142,0,1.0000,524,6.588644,-1,-1,65,0,0,0,0.4,risk_path,4,Bot1|Bot2|Bot3|Bot4,,1,0
6,0.45,75,440,1074636703,574306319,3647,0.648356,496,1322,54-62,27-69,48-74,44,34,18,18,28,26,1,0,1,44,0,,73,1,44,29,1,button,1,44,44,0,9,0,1.0000,182,0.001127,-1,-1,button,1,44,44,0,9,0,1.0000,182,0.005117,,-1,button,1,44,44,0,9,0,1.0000,182,0.005914,-1,,button,1,44,44,0,9,0,1.0000,182,3.319541,-1,-1,44,7,11,0,0.99,risk_path,4,Bot1|Bot2|Bot3|Bot4,,1,0
7,0.45,75,440,1849467998,3035649632,3658,0.650311,499,1404,22-44,18-46,73-3,6,6,92,92,98,98,0,0,1,6,1,6,162,1,6,156,1,button,1,6,6,0,150,0,1.0000,15,0.000074,-1,-1,button,1,6,6,0,150,0,1.0000,15,0.000094,,-1,button,1,6,6,0,150,0,1.0000,15,0.000133,-1,,button,1,6,6,0,150,0,1.0000,15,0.124476,-1,-1,6,0,0,0,0.4,risk_path,4,Bot1|Bot2|Bot3|Bot4,,1,0
8,0.45,75,440,2909181240,3215246687,3620,0.643556,506,1362,12-1,70-49,6-29,106,106,62,34,92,84,1,0,1,106,0,,193,1,106,87,1,button,1,106,106,0,48,0,1.0000,1083,0.010618,-1,-1,button,1,106,106,0,48,0,1.0000,1083,0.034993,,-1,button,1,106,106,0,48,0,1.0000,1083,0.048020,-1,,button,1,106,106,0,49,0,1.0000,1083,14.014171,8,8,106,0,0,0,0.4,risk_path,4,Bot1|Bot2|Bot3|Bot4,,1,0
9,0.45,75,440,3923003300,2956249458,3664,0.651378,525,1435,41-54,51-65,1-72,21,21,64,58,71,57,0,0,1,21,1,21,134,1,21,113,1,button,1,21,21,0,113,0,1.0000,63,0.000311,-1,-1,button,1,21,21,0,113,0,1.0000,63,0.000876,,-1,button,1,21,21,0,113,0,1.0000,63,0.001100,-1,,button,1,21,21,0,113,0,1.0000,63,0.777801,7,7,21,0,0,0,0.4,risk_path,4,Bot1|Bot2|Bot3|Bot4,,1,0
10,0.45,75,440,4156351459,864755998,3658,0.650311,493,1376,2-7,26-2,45-26,33,29,64,62,47,43,0,0,1,33,1,33,100,1,33,67,1,button,1,33,33,0,61,0,1.0000,176,0.000814,-1,-1,button,1,33,33,0,61,0,1.0000,176,0.002809,,-1,button,1,33,33,0,61,0,1.0000,176,0.003479,-1,,button,1,33,33,0,60,0,1.0000,176,1.774303,28,28,33,0,0,0,0.4,risk_path,4,Bot1|Bot2|Bot3|Bot4,,1,0
11,0.45,75,440,1031185214,4103681230,3664,0.651378,508,1398,69-16,41-61,63-36,77,73,28,26,51,47,1,0,1,77,0,,104,1,85,19,0,fire_reached_bot,0,19,19,0,0,58,0.2468,79,0.001113,11,11,button,1,93,93,0,2,0,1.0000,1165,0.035483,,41,button,1,91,91,0,4,0,1.0000,1114,0.046601,41,,button,1,93,93,0,2,0,1.0000,1165,11.506258,90,41,93,9,55,0,0.99,risk_path,3,Bot2|Bot3|Bot4,Bot1,0,0
12,0.45,75,440,2377238433,762642544,3645,0.648000,497,1380,5-25,25-21,70-55,52,24,109,95,85,79,0,0,1,52,1,52,200,1,52,148,1,button,1,52,52,0,131,0,1.0000,263,0.001955,-1,-1,button,1,52,52,0,131,0,1.0000,263,0.011206,,-1,button,1,52,52,0,131,0,1.0000,263,0.013010,-1,,button,1,52,52,0,131,0,1.0000,263,4.176252,-1,-1,52,0,0,0,0.4,risk_path,4,Bot1|Bot2|Bot3|Bot4,,1,0
13,0.45,75,440,942222858,1891687492,3628,0.644978,514,1353,17-65,38-60,0-9,40,26,103,73,93,89,0,0,1,40,1,40,187,1,40,147,1,button,1,40,40,0,145,0,1.0000,170,0.000888,-1,-1,button,1,40,40,0,145,0,1.0000,170,0.004099,,-1,button,1,40,40,0,145,0,1.0000,170,0.004876,-1,,button,1,40,40,0,145,0,1.0000,170,2.542051,25,25,40,0,0,0,0.4,risk_path,4,Bot1|Bot2|Bot3|Bot4,,1,0
14,0.45,75,440,1794572316,2153723049,3632,0.645689,513,1338,29-67,13-50,1-15,37,33,80,80,47,47,0,0,1,37,1,37,108,1,37,71,1,button,1,37,37,0,65,0,1.0000,166,0.000810,-1,-1,button,1,37,37,0,65,0,1.0000,166,0.003840,,-1,button,1,37,37,0,65,0,1.0000,166,0.004509,-1,,button,1,37,37,0,65,0,1.0000,166,2.163092,-1,-1,37,0,0,0,0.4,risk_path,4,Bot1|Bot2|Bot3|Bot4,,1,0
15,0.45,75,440,2441200447,3899617149,3635,0.646222,492,1390,6-57,27-10,39-18,76,68,74,72,22,20,1,0,1,76,0,,44,0,,,0,walked_into_fire,0,52,52,0,-7,24,0.6842,,0.004362,44,44,fire_reached_bot,0,80,44,36,-35,34,0.5526,,0.157918,,-1,fire_reached_bot,0,80,44,36,-35,34,0.5526,,0.294383,-1,,fire_reached_bot,0,80,44,36,-35,34,0.5526,,7.198566,-1,-1,80,0,44,36,,no_path,0,,Bot1|Bot2|Bot3|Bot4,0,1
16,0.45,75,440,1409741764,2153672354,3659,0.650489,494,1408,10-46,25-53,31-39,26,22,36,28,22,20,1,0,1,26,0,,36,1,26,10,1,button,1,26,26,0,10,0,1.0000,119,0.000510,-1,-1,button,1,26,26,0,10,0,1.0000,119,0.001569,,-1,button,1,26,26,0,10,0,1.0000,119,0.002005,-1,,button,1,26,26,0,10,0,1.0000,119,1.122773,8,8,26,0,0,0,0.4,risk_path,4,Bot1|Bot2|Bot3|Bot4,,1,0
17,0.45,75,440,4196951117,430857384,3656,0.649956,505,1381,14-41,64-28,8-72,71,63,55,37,102,100,0,0,1,71,1,71,180,1,71,109,1,button,1,71,71,0,84,0,1.0000,470,0.003912,-1,-1,button,1,71,71,0,84,0,1.0000,470,0.015710,,-1,button,1,71,71,0,84,0,1.0000,470,0.020426,-1,,button,1,71,71,0,84,0,1.0000,470,7.438931,24,24,71,0,0,0,0.4,risk_path,4,Bot1|Bot2|Bot3|Bot4,,1,0
18,0.45,75,440,4233149764,1616157659,3637,0.646578,497,1393,11-0,16-18,0-66,29,23,99,77,86,64,0,0,1,29,1,29,173,1,29,144,1,button,1,29,29,0,144,0,1.0000,31,0.000283,-1,-1,button,1,29,29,0,144,0,1.0000,31,0.001748,,-1,button,1,29,29,0,144,0,1.0000,31,0.001969,-1,,button,1,29,29,0,144,0,1.0000,31,1.388219,-1,-1,29,0,0,0,0.4,risk_path,4,Bot1|Bot2|Bot3|Bot4,,1,0
19,0.45,75,440,4064511795,2171928469,3659,0.650489,507,1409,57-65,50-20,26-74,72,52,56,40,90,78,0,0,1,72,1,72,194,1,72,122,1,button,1,72,72,0,84,0,1.0000,416,0.003644,-1,-1,button,1,72,72,0,84,0,1.0000,416,0.023093,,-1,button,1,72,72,0,84,0,1.0000,416,0.025943,-1,,button,1,72,72,0,84,0,1.0000,416,8.067856,54,54,72,0,0,0,0.4,risk_path,4,Bot1|Bot2|Bot3|Bot4,,1,0
20,0.45,75,440,1699899743,2977238066,3632,0.645689,499,1358,65-61,56-62,5-33,12,10,94,88,84,80,0,0,1,12,1,12,166,1,12,154,1,button,1,12,12,0,154,0,1.0000,19,0.000132,-1,-1,button,1,12,12,0,154,0,1.0000,19,0.000266,,-1,button,1,12,12,0,154,0,1.0000,19,0.000337,-1,,button,1,12,12,0,154,0,1.0000,19,0.299905,-1,-1,12,0,0,0,0.4,risk_path,4,Bot1|Bot2|Bot3|Bot4,,1,0
21,0.45,75,440,2732194428,1130965774,3628,0.644978,500,1341,59-18,44-33,32-32,42,30,53,41,17,13,1,0,1,42,0,,33,0,,,0,fire_reached_bot,0,40,40,0,-6,2,0.9524,,0.001694,34,34,fire_reached_bot,0,49,33,16,-15,9,0.7857,,0.076510,,-1,fire_reached_bot,0,49,33,16,-15,9,0.7857,,0.153854,-1,,fire_reached_bot,0,49,33,16,-15,9,0.7857,,2.824784,-1,-1,49,0,33,16,,no_path,0,,Bot1|Bot2|Bot3|Bot4,0,1
22,0.45,75,440,2997683836,1911204995,3630,0.645333,512,1370,1-26,1-47,5-0,43,21,52,30,83,51,0,0,1,43,1,43,170,1,43,127,1,button,1,43,43,0,96,0,1.0000,156,0.000974,-1,-1,button,1,43,43,0,96,0,1.0000,156,0.004946,,-1,button,1,43,43,0,96,0,1.0000,156,0.006194,-1,,button,1,43,43,0,96,0,1.0000,156,3.019353,-1,-1,43,0,0,0,0.4,risk_path,4,Bot1|Bot2|Bot3|Bot4,,1,0
23,0.45,75,440,1097742752,1414824977,3616,0.642844,520,1378,33-68,31-51,41-66,27,19,28,10,31,25,0,0,1,27,1,27,72,1,27,45,1,button,1,27,27,0,31,0,1.0000,107,0.000709,-1,-1,button,1,27,27,0,31,0,1.0000,107,0.001477,,-1,button,1,27,27,0,31,0,1.0000,107,0.001890,-1,,button,1,27,27,0,31,0,1.0000,107,1.256653,15,15,27,0,0,0,0.4,risk_path,4,Bot1|Bot2|Bot3|Bot4,,1,0
24,0.45,75,440,1337507337,2865046632,3623,0.644089,507,1335,32-73,70-9,19-6,112,102,98,80,76,54,1,0,1,112,0,,181,1,112,69,1,button,1,112,112,0,44,0,1.0000,1168,0.013352,-1,-1,button,1,112,112,0,44,0,1.0000,1168,0.083988,,-1,button,1,112,112,0,44,0,1.0000,1168,0.098962,-1,,button,1,112,112,0,44,0,1.0000,1168,17.752227,37,37,112,12,16,0,0.99,risk_path,4,Bot1|Bot2|Bot3|Bot4,,1,0
25,0.45,75,440,2498745009,4169581797,3635,0.646222,494,1385,46-65,45-48,5-39,32,18,69,67,59,49,0,0,1,32,1,32,121,1,32,89,1,button,1,32,32,0,87,0,1.0000,204,0.000927,-1,-1,button,1,32,32,0,87,0,1.0000,204,0.003298,,-1,button,1,32,32,0,87,0,1.0000,204,0.004107,-1,,button,1,32,32,0,89,0,1.0000,204,1.738502,27,27,32,0,0,0,0.4,risk_path,4,Bot1|Bot2|Bot3|Bot4,,1,0
26,0.45,75,440,702485085,3014187463,3632,0.645689,514,1384,50-33,57-15,62-49,27,25,30,28,49,39,0,0,1,27,1,27,94,1,27,67,1,button,1,27,27,0,56,0,1.0000,88,0.000455,-1,-1,button,1,27,27,0,56,0,1.0000,88,0.001599,,-1,button,1,27,27,0,56,0,1.0000,88,0.001861,-1,,button,1,27,27,0,55,0,1.0000,88,1.283330,9,9,27,0,0,0,0.4,risk_path,4,Bot1|Bot2|Bot3|Bot4,,1,0
27,0.45,75,440,643282798,4265031986,3649,0.648711,511,1394,1-17,44-11,69-37,79,49,110,88,53,51,1,0,1,79,0,,97,1,79,18,1,button,1,79,79,0,18,0,1.0000,878,0.007777,-1,-1,button,1,79,79,0,18,0,1.0000,878,0.032539,,-1,button,1,79,79,0,18,0,1.0000,878,0.041690,-1,,button,1,79,79,0,18,0,1.0000,878,9.673313,5,5,79,20,3,0,0.99,risk_path,4,Bot1|Bot2|Bot3|Bot4,,1,0
28,0.45,75,440,1804062868,1517241965,3645,0.648000,508,1398,11-0,21-47,20-45,67,57,66,54,3,3,1,0,1,67,0,,14,0,,,0,walked_into_fire,0,43,43,0,-28,24,0.6418,,0.001926,15,15,fire_reached_bot,0,107,14,93,-92,53,0.2090,,0.361071,,-1,fire_reached_bot,0,107,14,93,-92,53,0.2090,,0.777699,-1,,fire_reached_bot,0,107,14,93,-92,53,0.2090,,3.387468,-1,-1,107,0,14,93,,no_path,0,,Bot1|Bot2|Bot3|Bot4,0,1
29,0.45,75,440,566956298,2924771251,3644,0.647822,501,1370,50-7,18-23,45-30,52,48,40,28,40,34,1,0,1,52,0,,85,1,52,33,1,button,1,52,52,0,19,0,1.0000,473,0.002575,-1,-1,button,1,52,52,0,19,0,1.0000,473,0.008613,,-1,button,1,52,52,0,19,0,1.0000,473,0.011278,-1,,button,1,52,52,0,19,0,1.0000,473,4.223877,-1,-1,52,1,0,0,0.8,risk_path,4,Bot1|Bot2|Bot3|Bot4,,1,0
30,0.45,75,440,2308806563,965244565,3657,0.650133,511,1407,30-30,52-69,10-51,77,61,45,41,68,60,1,0,1,77,0,,137,1,77,60,1,button,1,77,77,0,37,0,1.0000,953,0.007987,-1,-1,button,1,77,77,0,37,0,1.0000,953,0.039327,,-1,button,1,77,77,0,37,0,1.0000,953,0.048925,-1,,button,1,77,77,0,37,0,1.0000,953,8.515235,18,18,77,0,0,0,0.4,risk_path,4,Bot1|Bot2|Bot3|Bot4,,1,0
31,0.45,75,440,462864162,1041021291,3639,0.646933,509,1365,21-23,18-74,12-3,78,54,35,29,107,77,0,0,1,78,1,78,199,1,78,121,1,button,1,78,78,0,56,0,1.0000,674,0.006238,-1,-1,button,1,78,78,0,56,0,1.0000,674,0.027105,,-1,button,1,78,78,0,56,0,1.0000,674,0.034276,-1,,button,1,78,78,0,56,0,1.0000,674,9.481631,-1,-1,78,0,0,0,0.4,risk_path,4,Bot1|Bot2|Bot3|Bot4,,1,0
32,0.45,75,440,1155299482,2171726374,3641,0.647289,493,1387,25-45,7-61,54-71,34,34,61,55,61,57,0,0,1,34,1,34,120,1,34,86,1,button,1,34,34,0,70,0,1.0000,172,0.000876,-1,-1,button,1,34,34,0,70,0,1.0000,172,0.002160,,-1,button,1,34,34,0,70,0,1.0000,172,0.003141,-1,,button,1,34,34,0,70,0,1.0000,172,1.964343,-1,-1,34,0,0,0,0.4,risk_path,4,Bot1|Bot2|Bot3|Bot4,,1,0
33,0.45,75,440,2179890998,1736700740,3656,0.649956,513,1434,34-4,10-2,6-32,38,26,62,56,50,34,0,0,1,38,1,38,111,1,38,73,1,button,1,38,38,0,49,0,1.0000,219,0.001076,-1,-1,button,1,38,38,0,49,0,1.0000,219,0.004591,,-1,button,1,38,38,0,49,0,1.0000,219,0.005749,-1,,button,1,38,38,0,49,0,1.0000,219,2.457948,-1,-1,38,0,0,0,0.4,risk_path,4,Bot1|Bot2|Bot3|Bot4,,1,0
34,0.45,75,440,1845197330,3869115511,3638,0.646756,501,1332,22-74,62-5,5-2,117,109,105,89,100,60,1,0,1,117,0,,209,1,117,92,1,button,1,117,117,0,51,0,1.0000,818,0.010425,-1,-1,button,1,117,117,0,51,0,1.0000,818,0.081382,,-1,button,1,117,117,0,51,0,1.0000,818,0.091839,-1,,button,1,117,117,0,53,0,1.0000,818,19.010196,25,25,117,0,0,0,0.4,risk_path,4,Bot1|Bot2|Bot3|Bot4,,1,0
35,0.45,75,440,2606653398,2211110660,3655,0.649778,520,1407,30-55,10-46,12-4,33,29,77,69,54,44,0,0,1,33,1,33,98,1,33,65,1,button,1,33,33,0,65,0,1.0000,224,0.001048,-1,-1,button,1,33,33,0,65,0,1.0000,224,0.004204,,-1,button,1,33,33,0,65,0,1.0000,224,0.003973,-1,,button,1,33,33,0,65,0,1.0000,224,1.869619,-1,-1,33,0,0,0,0.4,risk_path,4,Bot1|Bot2|Bot3|Bot4,,1,0
36,0.45,75,440,185924975,3982104193,3640,0.647111,501,1382,69-56,63-24,28-5,56,38,104,92,68,54,0,0,1,56,1,56,151,1,56,95,1,button,1,56,56,0,93,0,1.0000,196,0.001731,-1,-1,button,1,56,56,0,93,0,1.0000,196,0.021376,,-1,button,1,56,56,0,93,0,1.0000,196,0.016239,-1,,button,1,56,56,0,93,0,1.0000,196,5.062759,49,49,56,0,0,0,0.4,risk_path,4,Bot1|Bot2|Bot3|Bot4,,1,0
37,0.45,75,440,3568169848,3649924492,3650,0.648889,506,1389,70-37,57-65,26-62,57,41,93,69,66,34,0,0,1,57,1,57,152,1,57,95,1,button,1,57,57,0,94,0,1.0000,257,0.001802,-1,-1,button,1,57,57,0,94,0,1.0000,257,0.018735,,-1,button,1,57,57,0,94,0,1.0000,257,0.015129,-1,,button,1,57,57,0,94,0,1.0000,257,5.569718,-1,-1,57,0,0,0,0.4,risk_path,4,Bot1|Bot2|Bot3|Bot4,,1,0
38,0.45,75,440,3097759363,742922130,3644,0.647822,512,1377,53-33,58-19,16-17,25,19,57,53,64,44,0,0,1,25,1,25,124,1,25,99,1,button,1,25,25,0,96,0,1.0000,160,0.000659,-1,-1,button,1,25,25,0,96,0,1.0000,160,0.002488,,-1,button,1,25,25,0,96,0,1.0000,160,0.002492,-1,,button,1,25,25,0,96,0,1.0000,160,1.123096,11,11,25,0,0,0,0.4,risk_path,4,Bot1|Bot2|Bot3|Bot4,,1,0
39,0.45,75,440,3219368855,3088895621,3631,0.645511,504,1368,38-4,59-25,64-72,50,42,100,94,70,52,0,0,1,50,1,50,140,1,50,90,1,button,1,50,50,0,90,0,1.0000,275,0.002079,-1,-1,button,1,50,50,0,90,0,1.0000,275,0.016152,,-1,button,1,50,50,0,90,0,1.0000,275,0.013514,-1,,button,1,50,50,0,90,0,1.0000,275,4.034725,2,2,50,0,0,0,0.4,risk_path,4,Bot1|Bot2|Bot3|Bot4,,1,0
40,0.45,75,440,3029962385,3015429521,3622,0.643911,504,1322,30-34,46-20,61-2,32,30,67,63,43,33,0,0,1,32,1,32,78,1,32,46,1,button,1,32,32,0,45,0,1.0000,135,0.000682,-1,-1,button,1,32,32,0,45,0,1.0000,135,0.002970,,-1,button,1,32,32,0,45,0,1.0000,135,0.002918,-1,,button,1,32,32,0,45,0,1.0000,135,1.702010,13,13,32,0,0,0,0.4,risk_path,4,Bot1|Bot2|Bot3|Bot4,,1,0
41,0.45,75,440,4017667363,2471176468,3640,0.647111,508,1366,47-32,62-11,3-74,48,36,92,86,138,122,0,0,1,48,1,48,260,1,48,212,1,button,1,48,48,0,168,0,1.0000,91,0.001027,-1,-1,button,1,48,48,0,168,0,1.0000,91,0.009987,,-1,button,1,48,48,0,168,0,1.0000,91,0.009236,-1,,button,1,48,48,0,168,0,1.0000,91,3.706339,-1,-1,48,0,0,0,0.4,risk_path,4,Bot1|Bot2|Bot3|Bot4,,1,0
42,0.45,75,440,287415481,3615322627,3640,0.647111,512,1371,33-53,74-35,48-20,65,59,62,48,45,41,1,0,1,65,0,,105,1,65,40,1,button,1,65,65,0,11,0,1.0000,795,0.005258,-1,-1,button,1,65,65,0,11,0,1.0000,795,0.021059,,-1,button,1,65,65,0,11,0,1.0000,795,0.022900,-1,,button,1,65,65,0,31,0,1.0000,795,6.349157,14,14,65,11,1,0,0.99,risk_path,4,Bot1|Bot2|Bot3|Bot4,,1,0
43,0.45,75,440,3343635005,3613099639,3644,0.647822,513,1424,40-63,49-41,34-34,39,31,43,35,30,22,1,0,1,39,0,,57,1,39,18,1,button,1,39,39,0,11,0,1.0000,301,0.001440,-1,-1,button,1,39,39,0,11,0,1.0000,301,0.004960,,-1,button,1,39,39,0,11,0,1.0000,301,0.006358,-1,,button,1,39,39,0,11,0,1.0000,301,2.933360,1,1,39,0,0,0,0.4,risk_path,4,Bot1|Bot2|Bot3|Bot4,,1,0
44,0.45,75,440,2433726094,1705541714,3627,0.644800,494,1308,60-20,48-7,31-29,35,25,46,38,41,39,0,0,1,35,1,35,81,1,35,46,1,button,1,35,35,0,46,0,1.0000,252,0.001136,-1,-1,button,1,35,35,0,46,0,1.0000,252,0.003439,,-1,button,1,35,35,0,46,0,1.0000,252,0.004477,-1,,button,1,35,35,0,46,0,1.0000,252,2.159090,-1,-1,35,0,0,0,0.4,risk_path,4,Bot1|Bot2|Bot3|Bot4,,1,0
45,0.45,75,440,3245280877,583972034,3621,0.643733,504,1351,40-56,38-63,23-69,15,9,38,30,25,21,0,0,1,15,1,15,40,1,15,25,1,button,1,15,15,0,25,0,1.0000,21,0.000164,-1,-1,button,1,15,15,0,25,0,1.0000,21,0.000503,,-1,button,1,15,15,0,25,0,1.0000,21,0.000628,-1,,button,1,15,15,0,25,0,1.0000,21,0.457049,-1,-1,15,0,0,0,0.4,risk_path,4,Bot1|Bot2|Bot3|Bot4,,1,0
46,0.45,75,440,744039592,481665536,3664,0.651378,517,1383,42-67,5-61,36-15,65,43,76,58,87,77,0,0,1,65,1,65,161,1,65,96,1,button,1,65,65,0,96,0,1.0000,807,0.005831,-1,-1,button,1,65,65,0,96,0,1.0000,807,0.018148,,-1,button,1,65,65,0,96,0,1.0000,807,0.024692,-1,,button,1,65,65,0,96,0,1.0000,807,6.176381,-1,-1,65,0,0,0,0.4,risk_path,4,Bot1|Bot2|Bot3|Bot4,,1,0
47,0.45,75,440,1407365857,2116346229,3670,0.652444,517,1423,35-11,51-53,61-53,72,58,84,68,14,10,1,0,1,72,0,,35,0,,,0,fire_reached_bot,0,59,59,0,-23,13,0.8194,,0.004023,36,36,fire_reached_bot,0,114,35,79,-78,37,0.4861,,0.341893,,-1,fire_reached_bot,0,114,35,79,-78,37,0.4861,,0.684184,-1,,fire_reached_bot,0,114,35,79,-78,37,0.4861,,7.286976,-1,-1,114,0,35,79,,no_path,0,,Bot1|Bot2|Bot3|Bot4,0,1
48,0.45,75,440,3906747135,3253557841,3652,0.649244,514,1378,38-31,19-45,43-34,35,33,8,8,37,35,0,0,1,35,1,35,80,1,35,45,1,button,1,35,35,0,20,0,1.0000,209,0.000970,-1,-1,button,1,35,35,0,20,0,1.0000,209,0.003743,,-1,button,1,35,35,0,20,0,1.0000,209,0.004817,-1,,button,1,35,35,0,20,0,1.0000,209,2.028075,-1,-1,35,0,0,0,0.4,risk_path,4,Bot1|Bot2|Bot3|Bot4,,1,0
49,0.45,75,440,568842183,2915534142,3635,0.646222,500,1368,31-65,44-71,44-59,47,19,31,19,16,12,1,1,1,101,0,,33,0,,,0,fire_reached_bot,0,21,21,0,0,26,0.4468,76,0.002599,10,10,fire_reached_bot,0,45,9,36,-11,38,0.1915,,0.208147,,-1,fire_reached_bot,0,45,9,36,-11,38,0.1915,,0.385974,-1,,fire_reached_bot,0,45,9,36,-11,38,0.1915,,2.350929,-1,-1,45,0,9,36,,no_path,0,,Bot1|Bot2|Bot3|Bot4,0,1
50,0.45,75,440,514431646,1809119261,3651,0.649067,517,1393,25-17,63-18,11-57,51,39,58,54,109,91,0,0,1,51,1,51,181,1,51,130,1,button,1,51,51,0,102,0,1.0000,306,0.001655,-1,-1,button,1,51,51,0,102,0,1.0000,306,0.007644,,-1,button,1,51,51,0,102,0,1.0000,306,0.009486,-1,,button,1,51,51,0,102,0,1.0000,306,4.274721,33,33,51,0,0,0,0.4,risk_path,4,Bot1|Bot2|Bot3|Bot4,,1,0
51,0.45,75,440,3235510554,1802600594,3623,0.644089,494,1355,2-10,68-24,9-57,110,80,66,54,94,92,1,0,1,110,0,,192,1,110,82,1,button,1,110,110,0,34,0,1.0000,1399,0.018577,-1,-1,button,1,110,110,0,34,0,1.0000,1399,0.104302,,-1,button,1,110,110,0,34,0,1.0000,1399,0.123250,-1,,button,1,110,110,0,34,0,1.0000,1399,15.128298,4,4,110,0,0,0,0.4,risk_path,4,Bot1|Bot2|Bot3|Bot4,,1,0
52,0.45,75,440,639085731,3543395183,3638,0.646756,515,1390,32-9,6-35,41-25,56,52,25,25,51,45,1,0,1,56,0,,94,1,56,38,1,button,1,56,56,0,23,0,1.0000,757,0.004213,-1,-1,button,1,56,56,0,23,0,1.0000,757,0.011319,,-1,button,1,56,56,0,23,0,1.0000,757,0.015840,-1,,button,1,56,56,0,23,0,1.0000,757,4.513917,-1,-1,56,0,0,0,0.4,risk_path,4,Bot1|Bot2|Bot3|Bot4,,1,0
53,0.45,75,440,4049135280,482899726,3625,0.644444,501,1359,43-44,33-34,49-33,36,20,23,17,25,17,1,0,1,36,0,,57,1,36,21,1,button,1,36,36,0,18,0,1.0000,214,0.000950,-1,-1,button,1,36,36,0,18,0,1.0000,214,0.003150,,-1,button,1,36,36,0,18,0,1.0000,214,0.004050,-1,,button,1,36,36,0,18,0,1.0000,214,2.201602,-1,-1,36,4,0,0,0.8,risk_path,4,Bot1|Bot2|Bot3|Bot4,,1,0
54,0.45,75,440,2561198562,2236996756,3645,0.648000,500,1328,20-62,0-59,47-37,29,23,58,52,79,69,0,0,1,29,1,29,154,1,29,125,1,button,1,29,29,0,103,0,1.0000,113,0.000537,-1,-1,button,1,29,29,0,103,0,1.0000,113,0.001745,,-1,button,1,29,29,0,103,0,1.0000,113,0.002298,-1,,button,1,29,29,0,103,0,1.0000,113,1.406000,-1,-1,29,0,0,0,0.4,risk_path,4,Bot1|Bot2|Bot3|Bot4,,1,0
55,0.45,75,440,2251065692,286865008,3616,0.642844,496,1335,58-63,9-0,53-16,120,112,64,52,62,60,1,0,1,120,0,,133,0,,,0,walked_into_fire,0,68,68,0,-2,52,0.5667,862,0.006858,65,63,fire_reached_bot,0,85,85,0,0,47,0.6083,1253,0.051703,,63,fire_reached_bot,0,144,126,18,-10,42,0.6500,,0.188622,63,,fire_reached_bot,0,85,85,0,0,47,0.6083,1253,16.292061,-1,63,85,0,85,0,,shortest_path_fallback,0,,Bot1|Bot2|Bot3|Bot4,0,1
56,0.45,75,440,489761711,2230263378,3623,0.644089,501,1372,42-25,42-63,50-53,54,38,40,36,24,18,1,0,1,54,0,,38,0,,,0,fire_reached_bot,0,29,29,0,0,25,0.5370,230,0.001232,28,23,fire_reached_bot,0,56,38,18,-17,36,0.3333,,0.091347,,23,fire_reached_bot,0,54,38,16,-15,40,0.2593,,0.167853,23,,fire_reached_bot,0,56,38,18,-17,36,0.3333,,6.190165,-1,23,56,0,38,18,,no_path,0,,Bot1|Bot2|Bot3|Bot4,0,1
57,0.45,75,440,3274284638,313157239,3626,0.644622,513,1371,46-14,73-22,58-60,39,35,62,58,59,53,0,0,1,39,1,39,116,1,39,77,1,button,1,39,39,0,59,0,1.0000,388,0.001731,-1,-1,button,1,39,39,0,59,0,1.0000,388,0.004320,,-1,button,1,39,39,0,59,0,1.0000,388,0.006183,-1,,button,1,39,39,0,59,0,1.0000,388,2.544270,8,8,39,0,0,0,0.4,risk_path,4,Bot1|Bot2|Bot3|Bot4,,1,0
58,0.45,75,440,3129249196,3379267321,3657,0.650133,513,1417,60-25,1-56,25-34,90,90,46,44,46,46,1,0,1,90,0,,103,0,,,0,walked_into_fire,0,44,44,0,-1,46,0.4889,385,0.002072,44,44,fire_reached_bot,0,59,59,0,0,49,0.4556,807,0.031386,,59,fire_reached_bot,0,106,84,22,-2,54,0.4000,,0.167727,59,,fire_reached_bot,0,59,59,0,0,49,0.4556,807,10.558007,-1,59,59,0,59,0,,shortest_path_fallback,0,,Bot1|Bot2|Bot3|Bot4,0,1
59,0.45,75,440,894121229,1668138513,3639,0.646933,508,1374,35-29,71-66,49-2,75,73,43,41,98,86,0,0,1,75,1,75,225,1,75,150,1,button,1,75,75,0,83,0,1.0000,553,0.004516,-1,-1,button,1,75,75,0,83,0,1.0000,553,0.023406,,-1,button,1,75,75,0,83,0,1.0000,553,0.029067,-1,,button,1,75,75,0,83,0,1.0000,553,8.247461,11,11,75,0,0,0,0.4,risk_path,4,Bot1|Bot2|Bot3|Bot4,,1,0
60,0.45,75,440,2937611675,2098551990,3661,0.650844,517,1463,74-51,28-50,7-34,75,47,98,84,43,37,1,0,1,75,0,,76,0,,,0,walked_into_fire,0,68,68,0,-1,7,0.9067,799,0.006342,63,63,fire_reached_bot,0,79,62,17,-2,13,0.8267,,0.105502,,-1,fire_reached_bot,0,79,62,17,-2,13,0.8267,,0.167529,-1,,fire_reached_bot,0,79,62,17,-2,13,0.8267,,9.008892,-1,-1,79,0,62,17,,no_path,0,,Bot1|Bot2|Bot3|Bot4,0,1
61,0.45,75,440,2158948882,4161325205,3649,0.648711,504,1375,55-43,55-56,72-7,43,13,55,53,98,66,0,0,1,43,1,43,198,1,43,155,1,button,1,43,43,0,111,0,1.0000,142,0.001456,-1,-1,button,1,43,43,0,111,0,1.0000,142,0.009405,,-1,button,1,43,43,0,111,0,1.0000,142,0.009915,-1,,button,1,43,43,0,111,0,1.0000,142,3.036726,-1,-1,43,0,0,0,0.4,risk_path,4,Bot1|Bot2|Bot3|Bot4,,1,0
62,0.45,75,440,3393563913,2253549308,3667,0.651911,508,1380,24-27,32-68,1-59,71,49,57,55,46,40,1,0,1,71,0,,91,1,71,20,1,button,1,71,71,0,10,0,1.0000,415,0.003835,-1,-1,button,1,71,71,0,10,0,1.0000,415,0.022338,,-1,button,1,71,71,0,10,0,1.0000,415,0.024562,-1,,button,1,71,71,0,10,0,1.0000,415,9.117687,41,41,71,5,21,0,0.99,risk_path,4,Bot1|Bot2|Bot3|Bot4,,1,0
63,0.45,75,440,3798218772,3326087650,3629,0.645156,502,1335,46-27,21-72,19-59,74,70,59,59,17,15,1,0,1,74,0,,36,0,,,0,walked_into_fire,0,40,40,0,-3,34,0.5405,,0.002010,21,20,fire_reached_bot,0,88,34,54,-51,60,0.1892,,0.248686,,20,fire_reached_bot,0,85,34,51,-48,58,0.2162,,0.528159,20,,fire_reached_bot,0,88,34,54,-51,60,0.1892,,7.858666,-1,20,88,0,34,54,,no_path,0,,Bot1|Bot2|Bot3|Bot4,0,1
64,0.45,75,440,2494522029,654045650,3638,0.646756,507,1370,7-38,4-33,70-44,8,8,99,69,103,77,0,0,1,8,1,8,198,1,8,190,1,button,1,8,8,0,190,0,1.0000,9,0.000081,-1,-1,button,1,8,8,0,190,0,1.0000,9,0.000139,,-1,button,1,8,8,0,190,0,1.0000,9,0.000214,-1,,button,1,8,8,0,190,0,1.0000,9,0.185658,-1,-1,8,0,0,0,0.4,risk_path,4,Bot1|Bot2|Bot3|Bot4,,1,0
65,0.45,75,440,282407045,3208019061,3667,0.651911,507,1402,71-60,44-21,48-55,68,66,40,28,64,38,1,0,1,68,0,,132,1,68,64,1,button,1,68,68,0,23,0,1.0000,1086,0.007389,-1,-1,button,1,68,68,0,23,0,1.0000,1086,0.019881,,-1,button,1,68,68,0,23,0,1.0000,1086,0.036296,-1,,button,1,68,68,0,23,0,1.0000,1086,6.517242,-1,-1,68,0,0,0,0.4,risk_path,4,Bot1|Bot2|Bot3|Bot4,,1,0
66,0.45,75,440,2624712765,892082244,3630,0.645333,514,1350,67-68,51-49,10-44,39,35,91,81,62,46,0,0,1,39,1,39,129,1,39,90,1,button,1,39,39,0,90,0,1.0000,244,0.001200,-1,-1,button,1,39,39,0,90,0,1.0000,244,0.003188,,-1,button,1,39,39,0,90,0,1.0000,244,0.007453,-1,,button,1,39,39,0,90,0,1.0000,244,2.399920,-1,-1,39,0,0,0,0.4,risk_path,4,Bot1|Bot2|Bot3|Bot4,,1,0
67,0.45,75,440,1729019775,856386472,3624,0.644267,517,1409,60-53,29-59,62-26,39,37,43,29,68,66,0,0,1,39,1,39,147,1,39,108,1,button,1,39,39,0,78,0,1.0000,257,0.001285,-1,-1,button,1,39,39,0,78,0,1.0000,257,0.003980,,-1,button,1,39,39,0,78,0,1.0000,257,0.005331,-1,,button,1,39,39,0,78,0,1.0000,257,2.398096,-1,-1,39,0,0,0,0.4,risk_path,4,Bot1|Bot2|Bot3|Bot4,,1,0
68,0.45,75,440,4025098533,459075162,3613,0.642311,482,1310,53-46,53-73,41-17,43,27,43,41,86,68,0,0,1,43,1,43,192,1,43,149,1,button,1,43,43,0,98,0,1.0000,231,0.001292,-1,-1,button,1,43,43,0,98,0,1.0000,231,0.005560,,-1,button,1,43,43,0,98,0,1.0000,231,0.007022,-1,,button,1,43,43,0,98,0,1.0000,231,3.263306,-1,-1,43,0,0,0,0.4,risk_path,4,Bot1|Bot2|Bot3|Bot4,,1,0
69,0.45,75,440,266228852,4289431394,3621,0.643733,500,1398,43-3,26-13,19-65,43,27,102,86,79,59,0,0,1,43,1,43,153,1,43,110,1,button,1,43,43,0,107,0,1.0000,360,0.001852,-1,-1,button,1,43,43,0,107,0,1.0000,360,0.006177,,-1,button,1,43,43,0,107,0,1.0000,360,0.008324,-1,,button,1,43,43,0,107,0,1.0000,360,2.925062,-1,-1,43,0,0,0,0.4,risk_path,4,Bot1|Bot2|Bot3|Bot4,,1,0
70,0.45,75,440,3288517247,2662616909,3639,0.646933,504,1347,14-60,54-8,52-56,96,92,58,42,64,50,1,0,1,96,0,,119,1,96,23,0,fire_reached_bot,0,79,79,0,0,17,0.8229,1251,0.010507,-1,79,fire_reached_bot,0,79,79,0,0,17,0.8229,1251,0.041829,,79,fire_reached_bot,0,98,98,0,0,18,0.8125,1790,0.073243,79,,fire_reached_bot,0,79,79,0,0,17,0.8229,1251,12.667270,59,59,79,22,51,0,0.99,risk_path,0,,Bot1|Bot2|Bot3|Bot4,0,1
71,0.45,75,440,3168276635,2131575540,3624,0.644267,484,1358,74-4,42-32,8-21,64,60,93,83,49,45,1,0,1,64,0,,100,1,64,36,1,button,1,64,64,0,32,0,1.0000,682,0.004093,-1,-1,button,1,64,64,0,32,0,1.0000,682,0.015506,,-1,button,1,64,64,0,32,0,1.0000,682,0.020673,-1,,button,1,64,64,0,32,0,1.0000,682,6.255271,-1,-1,64,0,0,0,0.4,risk_path,4,Bot1|Bot2|Bot3|Bot4,,1,0
72,0.45,75,440,3264989703,3396489466,3645,0.648000,501,1378,40-20,63-53,65-66,60,56,81,71,27,15,1,0,1,60,0,,53,0,,,0,walked_into_fire,0,53,53,0,-1,7,0.8833,319,0.002713,48,48,fire_reached_bot,0,73,52,21,-19,14,0.7667,,0.105510,,-1,fire_reached_bot,0,73,52,21,-19,14,0.7667,,0.229129,-1,,fire_reached_bot,0,73,52,21,-19,14,0.7667,,6.747484,-1,-1,73,0,52,21,,no_path,0,,Bot1|Bot2|Bot3|Bot4,0,1
73,0.45,75,440,3661586234,851551463,3654,0.649600,496,1346,19-42,55-11,6-19,77,67,48,36,73,57,1,0,1,77,0,,143,1,77,66,1,button,1,77,77,0,40,0,1.0000,644,0.005611,-1,-1,button,1,77,77,0,40,0,1.0000,644,0.036158,,-1,button,1,77,77,0,40,0,1.0000,644,0.043578,-1,,button,1,77,77,0,46,0,1.0000,644,8.928267,30,30,77,0,0,0,0.4,risk_path,4,Bot1|Bot2|Bot3|Bot4,,1,0
74,0.45,75,440,1507352610,3438827500,3616,0.642844,480,1296,44-65,19-74,3-51,36,34,71,55,43,39,0,0,1,36,1,36,92,1,36,56,1,button,1,36,36,0,54,0,1.0000,100,0.000587,-1,-1,button,1,36,36,0,54,0,1.0000,100,0.002375,,-1,button,1,36,36,0,54,0,1.0000,100,0.003480,-1,,button,1,36,36,0,54,0,1.0000,100,2.135397,-1,-1,36,0,0,0,0.4,risk_path,4,Bot1|Bot2|Bot3|Bot4,,1,0
75,0.45,75,440,2046749167,4286327507,3627,0.644800,499,1365,2-9,37-12,35-29,62,38,61,53,25,19,1,0,1,62,0,,51,0,,,0,fire_reached_bot,0,46,46,0,0,16,0.7419,531,0.003077,42,42,fire_reached_bot,0,54,41,13,-2,21,0.6613,,0.060310,,-1,fire_reached_bot,0,54,41,13,-2,21,0.6613,,0.103719,-1,,fire_reached_bot,0,54,41,13,-2,21,0.6613,,5.450604,-1,-1,54,0,41,13,,no_path,0,,Bot1|Bot2|Bot3|Bot4,0,1
76,0.45,75,440,3008379624,3615876865,3655,0.649778,515,1384,43-36,1-62,52-64,72,68,49,37,85,53,0,0,1,72,1,72,170,1,72,98,1,button,1,72,72,0,80,0,1.0000,440,0.003278,-1,-1,button,1,72,72,0,80,0,1.0000,440,0.021701,,-1,button,1,72,72,0,80,0,1.0000,440,0.024828,-1,,button,1,72,72,0,80,0,1.0000,440,7.942963,54,54,72,0,0,0,0.4,risk_path,4,Bot1|Bot2|Bot3|Bot4,,1,0
77,0.45,75,440,168951023,2051054311,3646,0.648178,498,1387,63-46,7-52,36-46,78,62,39,27,41,35,1,0,1,78,0,,87,0,,,0,fire_reached_bot,0,27,27,0,0,51,0.3462,58,0.001412,12,12,fire_reached_bot,0,70,57,13,0,27,0.6538,692,0.035103,,-1,fire_reached_bot,0,70,57,13,0,27,0.6538,692,0.028320,-1,,fire_reached_bot,0,70,57,13,0,27,0.6538,692,9.078142,-1,-1,70,0,57,13,,no_path,0,,Bot1|Bot2|Bot3|Bot4,0,1
78,0.45,75,440,2349810379,2265303479,3641,0.647289,501,1376,71-31,32-73,47-46,91,81,51,39,46,42,1,0,1,91,0,,91,0,,,0,walked_into_fire,0,35,35,0,-1,56,0.3846,112,0.001594,17,17,fire_reached_bot,0,96,70,26,-4,41,0.5495,,0.058466,,-1,fire_reached_bot,0,96,70,26,-4,41,0.5495,,0.075725,-1,,fire_reached_bot,0,96,70,26,-4,41,0.5495,,12.612815,-1,-1,96,0,70,26,,no_path,0,,Bot1|Bot2|Bot3|Bot4,0,1
79,0.45,75,440,2763321522,3868111401,3664,0.651378,494,1408,50-59,10-66,49-54,63,47,6,6,63,51,0,0,1,63,0,,140,1,63,77,1,button,1,63,63,0,5,0,1.0000,684,0.004661,-1,-1,button,1,63,63,0,5,0,1.0000,684,0.017678,,-1,button,1,63,63,0,5,0,1.0000,684,0.021904,-1,,button,1,63,63,0,5,0,1.0000,684,6.132435,34,34,63,0,0,0,0.4,risk_path,4,Bot1|Bot2|Bot3|Bot4,,1,0
80,0.45,75,440,3716998955,3442828106,3643,0.647644,507,1384,32-60,45-60,19-26,29,13,51,47,72,60,0,0,1,29,1,29,160,1,29,131,1,button,1,29,29,0,97,0,1.0000,142,0.000715,-1,-1,button,1,29,29,0,97,0,1.0000,142,0.002595,,-1,button,1,29,29,0,97,0,1.0000,142,0.003069,-1,,button,1,29,29,0,97,0,1.0000,142,1.393271,15,15,29,0,0,0,0.4,risk_path,4,Bot1|Bot2|Bot3|Bot4,,1,0
81,0.45,75,440,2802822109,1173380791,3659,0.650489,505,1348,72-70,46-13,62-73,91,83,29,13,92,76,0,0,1,91,1,91,172,1,91,81,1,button,1,91,91,0,19,0,1.0000,744,0.007472,-1,-1,button,1,91,91,0,19,0,1.0000,744,0.034941,,-1,button,1,91,91,0,19,0,1.0000,744,0.042067,-1,,button,1,91,91,0,19,0,1.0000,744,12.297379,-1,-1,91,0,0,0,0.4,risk_path,4,Bot1|Bot2|Bot3|Bot4,,1,0
82,0.45,75,440,1458696374,4138283831,3640,0.647111,513,1373,14-4,25-57,6-47,78,64,63,51,31,29,1,0,1,78,0,,58,0,,,0,walked_into_fire,0,49,49,0,-1,29,0.6282,348,0.002643,49,35,fire_reached_bot,0,66,58,8,-7,32,0.5897,,0.071503,,35,fire_reached_bot,0,80,58,22,-21,36,0.5385,,0.258187,35,,fire_reached_bot,0,66,58,8,-7,32,0.5897,,10.353719,-1,35,66,0,58,8,,no_path,0,,Bot1|Bot2|Bot3|Bot4,0,1
83,0.45,75,440,2432187744,4169280272,3642,0.647467,503,1356,40-58,45-19,12-50,66,44,46,36,86,64,0,0,1,66,1,66,177,1,66,111,1,button,1,66,66,0,77,0,1.0000,459,0.003445,-1,-1,button,1,66,66,0,77,0,1.0000,459,0.017926,,-1,button,1,66,66,0,77,0,1.0000,459,0.021664,-1,,button,1,66,66,0,77,0,1.0000,459,6.689802,14,14,66,0,0,0,0.4,risk_path,4,Bot1|Bot2|Bot3|Bot4,,1,0
84,0.45,75,440,117610117,309971403,3649,0.648711,513,1375,38-60,71-19,27-60,80,74,29,11,91,85,0,0,1,80,1,80,175,1,80,95,1,button,1,80,80,0,63,0,1.0000,872,0.006960,-1,-1,button,1,80,80,0,63,0,1.0000,872,0.035833,,-1,button,1,80,80,0,63,0,1.0000,872,0.042600,-1,,button,1,80,80,0,63,0,1.0000,872,9.592170,1,1,80,0,0,0,0.4,risk_path,4,Bot1|Bot2|Bot3|Bot4,,1,0
85,0.45,75,440,2351945767,3852249623,3652,0.649244,513,1378,46-2,42-17,48-41,27,19,63,41,48,30,0,0,1,27,1,27,82,1,27,55,1,button,1,27,27,0,54,0,1.0000,209,0.000848,-1,-1,button,1,27,27,0,54,0,1.0000,209,0.002696,,-1,button,1,27,27,0,54,0,1.0000,209,0.003333,-1,,button,1,27,27,0,54,0,1.0000,209,1.235134,-1,-1,27,0,0,0,0.4,risk_path,4,Bot1|Bot2|Bot3|Bot4,,1,0
86,0.45,75,440,2895808900,3809999560,3632,0.645689,498,1315,29-67,1-17,74-52,80,78,78,60,124,108,0,0,1,80,1,80,239,1,80,159,1,button,1,80,80,0,125,0,1.0000,326,0.003009,-1,-1,button,1,80,80,0,125,0,1.0000,326,0.025254,,-1,button,1,80,80,0,125,0,1.0000,326,0.027850,-1,,button,1,80,80,0,125,0,1.0000,326,10.248735,-1,-1,80,0,0,0,0.4,risk_path,4,Bot1|Bot2|Bot3|Bot4,,1,0
87,0.45,75,440,2723283324,3272133986,3648,0.648533,511,1411,47-73,31-5,7-43,104,84,90,70,88,62,1,0,1,104,0,,154,1,104,50,1,button,1,104,104,0,32,0,1.0000,1340,0.015167,-1,-1,button,1,104,104,0,32,0,1.0000,1340,0.071120,,-1,button,1,104,104,0,32,0,1.0000,1340,0.099283,-1,,button,1,104,104,0,32,0,1.0000,1340,14.786542,-1,-1,104,0,0,0,0.4,risk_path,4,Bot1|Bot2|Bot3|Bot4,,1,0
88,0.45,75,440,442504758,736042750,3679,0.654044,508,1420,16-28,1-29,31-35,26,16,30,22,46,36,0,0,1,26,1,26,97,1,26,71,1,button,1,26,26,0,49,0,1.0000,152,0.000667,-1,-1,button,1,26,26,0,49,0,1.0000,152,0.001984,,-1,button,1,26,26,0,49,0,1.0000,152,0.002294,-1,,button,1,26,26,0,49,0,1.0000,152,1.159472,-1,-1,26,0,0,0,0.4,risk_path,4,Bot1|Bot2|Bot3|Bot4,,1,0
89,0.45,75,440,2689907484,1240102764,3643,0.647644,497,1379,16-33,54-64,7-11,73,69,33,31,104,100,0,0,1,73,1,73,211,1,73,138,1,button,1,73,73,0,72,0,1.0000,675,0.004829,-1,-1,button,1,73,73,0,72,0,1.0000,675,0.013845,,-1,button,1,73,73,0,72,0,1.0000,675,0.019256,-1,,button,1,73,73,0,72,0,1.0000,675,7.874718,15,15,73,0,0,0,0.4,risk_path,4,Bot1|Bot2|Bot3|Bot4,,1,0
90,0.45,75,440,1410515791,2649707326,3622,0.643911,490,1314,8-14,42-56,9-9,84,76,8,6,88,80,0,0,1,84,1,84,160,1,84,76,1,button,1,84,84,0,13,0,1.0000,741,0.006591,-1,-1,button,1,84,84,0,13,0,1.0000,741,0.036656,,-1,button,1,84,84,0,13,0,1.0000,741,0.045383,-1,,button,1,84,84,0,13,0,1.0000,741,10.653708,15,15,84,0,0,0,0.4,risk_path,4,Bot1|Bot2|Bot3|Bot4,,1,0
91,0.45,75,440,1198831680,429899597,3632,0.645689,491,1347,53-16,73-34,18-42,46,38,65,61,73,63,0,0,1,46,1,46,158,1,46,112,1,button,1,46,46,0,102,0,1.0000,313,0.001690,-1,-1,button,1,46,46,0,102,0,1.0000,313,0.006287,,-1,button,1,46,46,0,102,0,1.0000,313,0.008086,-1,,button,1,46,46,0,102,0,1.0000,313,3.341189,1,1,46,0,0,0,0.4,risk_path,4,Bot1|Bot2|Bot3|Bot4,,1,0
92,0.45,75,440,2479440059,167758409,3623,0.644089,483,1277,70-63,69-1,24-59,93,63,66,50,109,103,0,0,1,93,1,93,224,1,93,131,1,button,1,93,93,0,115,0,1.0000,1213,0.012044,-1,-1,button,1,93,93,0,115,0,1.0000,1213,0.048695,,-1,button,1,93,93,0,115,0,1.0000,1213,0.074195,-1,,button,1,93,93,0,115,0,1.0000,1213,10.746187,10,10,93,0,0,0,0.4,risk_path,4,Bot1|Bot2|Bot3|Bot4,,1,0
93,0.45,75,440,2629098381,3995597651,3617,0.643022,492,1335,43-38,0-52,68-32,73,57,45,31,106,88,0,0,1,73,1,73,210,1,73,137,1,button,1,73,73,0,79,0,1.0000,805,0.006878,-1,-1,button,1,73,73,0,79,0,1.0000,805,0.031604,,-1,button,1,73,73,0,79,0,1.0000,805,0.040777,-1,,button,1,73,73,0,79,0,1.0000,805,7.902375,-1,-1,73,0,0,0,0.4,risk_path,4,Bot1|Bot2|Bot3|Bot4,,1,0
94,0.45,75,440,4034527632,2373009210,3618,0.643200,497,1351,2-63,74-14,29-36,133,121,56,54,79,67,1,0,1,133,0,,166,0,,,0,walked_into_fire,0,34,34,0,-2,99,0.2556,292,0.004587,31,30,fire_reached_bot,0,85,64,21,0,121,0.0902,1731,0.230078,,30,fire_reached_bot,0,85,64,21,0,121,0.0902,1731,0.320042,30,,fire_reached_bot,0,85,64,21,0,121,0.0902,1731,15.743455,-1,30,85,0,64,21,,no_path,0,,Bot1|Bot2|Bot3|Bot4,0,1
95,0.45,75,440,83074924,374331740,3621,0.643733,498,1346,0-52,43-16,43-65,89,79,64,56,81,49,1,0,1,89,0,,152,1,89,63,1,button,1,89,89,0,60,0,1.0000,1072,0.010389,-1,-1,button,1,89,89,0,60,0,1.0000,1072,0.046003,,-1,button,1,89,89,0,60,0,1.0000,1072,0.061280,-1,,button,1,89,89,0,60,0,1.0000,1072,11.769013,9,9,89,0,0,0,0.4,risk_path,4,Bot1|Bot2|Bot3|Bot4,,1,0
96,0.45,75,440,902943538,3127573542,3621,0.643733,508,1388,18-50,22-44,54-28,10,10,60,58,50,48,0,0,1,10,1,10,102,1,10,92,1,button,1,10,10,0,92,0,1.0000,16,0.000118,-1,-1,button,1,10,10,0,92,0,1.0000,16,0.000267,,-1,button,1,10,10,0,92,0,1.0000,16,0.000297,-1,,button,1,10,10,0,92,0,1.0000,16,0.237621,3,3,10,0,0,0,0.4,risk_path,4,Bot1|Bot2|Bot3|Bot4,,1,0
97,0.45,75,440,1323143353,2588849054,3631,0.645511,502,1329,18-54,46-56,54-72,50,30,56,54,26,24,1,0,1,50,0,,46,0,,,0,fire_reached_bot,0,48,48,0,-1,2,0.9600,,0.002709,47,47,fire_reached_bot,0,55,46,9,-8,4,0.9200,,0.033402,,-1,fire_reached_bot,0,55,46,9,-8,4,0.9200,,0.057313,-1,,fire_reached_bot,0,55,46,9,-8,4,0.9200,,4.583514,-1,-1,55,2,44,9,0.99,no_path,0,,Bot1|Bot2|Bot3|Bot4,0,1
98,0.45,75,440,172568286,2343787580,3644,0.647822,511,1392,60-60,70-36,25-9,36,34,88,86,90,72,0,0,1,36,1,36,183,1,36,147,1,button,1,36,36,0,143,0,1.0000,242,0.001123,-1,-1,button,1,36,36,0,143,0,1.0000,242,0.003486,,-1,button,1,36,36,0,143,0,1.0000,242,0.004262,-1,,button,1,36,36,0,146,0,1.0000,242,2.223562,7,7,36,0,0,0,0.4,risk_path,4,Bot1|Bot2|Bot3|Bot4,,1,0
99,0.45,75,440,398009931,2986606611,3623,0.644089,501,1378,64-44,52-32,42-2,24,24,70,64,48,40,0,0,1,24,1,24,89,1,24,65,1,button,1,24,24,0,65,0,1.0000,72,0.000384,-1,-1,button,1,24,24,0,65,0,1.0000,72,0.001221,,-1,button,1,24,24,0,65,0,1.0000,72,0.001442,-1,,button,1,24,24,0,65,0,1.0000,72,1.035422,-1,-1,24,0,0,0,0.4,risk_path,4,Bot1|Bot2|Bot3|Bot4,,1,0
100,0.45,75,440,2731167691,650338235,3631,0.645511,511,1398,15-65,12-41,22-36,51,27,44,36,15,15,1,0,1,51,0,,26,0,,,0,walked_into_fire,0,41,41,0,-14,10,0.8039,,0.002833,25,25,fire_reached_bot,0,75,24,51,-48,27,0.4706,,0.208091,,-1,fire_reached_bot,0,75,24,51,-48,27,0.4706,,0.449555,-1,,fire_reached_bot,0,75,24,51,-48,27,0.4706,,3.307752,-1,-1,75,0,24,51,,no_path,0,,Bot1|Bot2|Bot3|Bot4,0,1
101,0.45,75,440,3976025462,1984228406,3637,0.646578,518,1371,60-37,47-47,45-51,35,23,37,29,8,6,1,0,1,35,0,,13,0,,,0,walked_into_fire,0,24,24,0,-10,11,0.6857,,0.000636,9,9,fire_reached_bot,0,51,8,43,-37,27,0.2286,,0.211111,,-1,fire_reached_bot,0,51,8,43,-37,27,0.2286,,0.483994,-1,,fire_reached_bot,0,51,8,43,-37,27,0.2286,,1.508013,-1,-1,51,0,8,43,,no_path,0,,Bot1|Bot2|Bot3|Bot4,0,1
102,0.45,75,440,3469237606,1649159914,3647,0.648356,506,1395,16-63,59-25,55-5,89,81,101,97,32,24,1,0,1,89,0,,58,0,,,0,walked_into_fire,0,78,78,0,-19,11,0.8764,,0.006093,59,59,fire_reached_bot,0,112,58,54,-53,31,0.6517,,0.246962,,-1,fire_reached_bot,0,112,58,54,-53,31,0.6517,,0.551768,-1,,fire_reached_bot,0,112,58,54,-53,31,0.6517,,12.108703,-1,-1,112,0,58,54,,no_path,0,,Bot1|Bot2|Bot3|Bot4,0,1
103,0.45,75,440,1354804743,391426036,3643,0.647644,507,1361,49-52,55-52,69-35,8,6,39,37,35,31,0,0,1,8,1,8,70,1,8,62,1,button,1,8,8,0,62,0,1.0000,10,0.000098,-1,-1,button,1,8,8,0,62,0,1.0000,10,0.000234,,-1,button,1,8,8,0,62,0,1.0000,10,0.000220,-1,,button,1,8,8,0,62,0,1.0000,10,0.184691,6,6,8,0,0,0,0.4,risk_path,4,Bot1|Bot2|Bot3|Bot4,,1,0
104,0.45,75,440,4136514547,4012823104,3668,0.652089,517,1436,46-54,39-69,8-3,24,22,95,89,115,97,0,0,1,24,1,24,223,1,24,199,1,button,1,24,24,0,188,0,1.0000,50,0.000324,-1,-1,button,1,24,24,0,188,0,1.0000,50,0.001493,,-1,button,1,24,24,0,188,0,1.0000,50,0.001648,-1,,button,1,24,24,0,188,0,1.0000,50,1.084462,-1,-1,24,0,0,0,0.4,risk_path,4,Bot1|Bot2|Bot3|Bot4,,1,0
105,0.45,75,440,1802906948,4050598220,3643,0.647644,499,1382,33-16,18-43,1-63,58,42,83,79,39,37,1,0,1,58,0,,77,1,58,19,1,button,1,58,58,0,17,0,1.0000,291,0.002244,-1,-1,button,1,58,58,0,17,0,1.0000,291,0.013186,,-1,button,1,58,58,0,17,0,1.0000,291,0.016180,-1,,button,1,58,58,0,19,0,1.0000,291,6.009127,24,24,58,7,6,0,0.99,risk_path,4,Bot1|Bot2|Bot3|Bot4,,1,0
106,0.45,75,440,4274087871,3596512109,3639,0.646933,511,1331,55-51,1-14,4-69,91,91,81,69,78,58,1,0,1,91,0,,146,1,91,55,1,button,1,91,91,0,45,0,1.0000,538,0.005510,-1,-1,button,1,91,91,0,45,0,1.0000,538,0.019976,,-1,button,1,91,91,0,45,0,1.0000,538,0.028099,-1,,button,1,91,91,0,45,0,1.0000,538,13.121886,-1,-1,91,0,0,0,0.4,risk_path,4,Bot1|Bot2|Bot3|Bot4,,1,0
107,0.45,75,440,3806192457,1257605443,3641,0.647289,497,1368,71-43,46-0,13-11,72,68,100,90,64,44,1,0,1,72,0,,147,1,72,75,1,button,1,72,72,0,75,0,1.0000,655,0.005365,-1,-1,button,1,72,72,0,75,0,1.0000,655,0.021442,,-1,button,1,72,72,0,75,0,1.0000,655,0.032571,-1,,button,1,72,72,0,75,0,1.0000,655,8.138610,-1,-1,72,0,0,0,0.4,risk_path,4,Bot1|Bot2|Bot3|Bot4,,1,0
108,0.45,75,440,3395390498,1222503905,3664,0.651378,520,1390,12-36,29-30,4-71,31,23,53,43,68,66,0,0,1,31,1,31,126,1,31,95,1,button,1,31,31,0,85,0,1.0000,72,0.000463,-1,-1,button,1,31,31,0,85,0,1.0000,72,0.002389,,-1,button,1,31,31,0,85,0,1.0000,72,0.003344,-1,,button,1,31,31,0,85,0,1.0000,72,1.781561,14,14,31,0,0,0,0.4,risk_path,4,Bot1|Bot2|Bot3|Bot4,,1,0
109,0.45,75,440,3653473380,1973034153,3655,0.649778,504,1448,65-67,22-22,34-51,96,88,61,47,51,41,1,0,1,96,0,,110,0,,,0,walked_into_fire,0,39,39,0,-2,57,0.4062,175,0.001791,38,38,fire_reached_bot,0,119,110,9,-8,54,0.4375,,0.112876,,66,fire_reached_bot,0,118,110,8,-7,52,0.4583,,0.176742,66,,fire_reached_bot,0,119,110,9,-8,54,0.4375,,17.637493,-1,66,119,0,110,9,,no_path,0,,Bot1|Bot2|Bot3|Bot4,0,1
110,0.45,75,440,4082012561,1074635792,3655,0.649778,497,1382,49-25,32-5,37-65,37,37,64,52,87,65,0,0,1,37,1,37,158,1,37,121,1,button,1,37,37,0,99,0,1.0000,139,0.000755,-1,-1,button,1,37,37,0,99,0,1.0000,139,0.002774,,-1,button,1,37,37,0,99,0,1.0000,139,0.003400,-1,,button,1,37,37,0,99,0,1.0000,139,2.256345,-1,-1,37,0,0,0,0.4,risk_path,4,Bot1|Bot2|Bot3|Bot4,,1,0
111,0.45,75,440,416203697,1615190462,3657,0.650133,504,1392,10-8,49-62,1-12,95,93,25,13,100,98,0,0,1,95,1,95,197,1,95,102,1,button,1,95,95,0,26,0,1.0000,734,0.005754,-1,-1,button,1,95,95,0,26,0,1.0000,734,0.030337,,-1,button,1,95,95,0,26,0,1.0000,734,0.038113,-1,,button,1,95,95,0,36,0,1.0000,734,13.354289,4,4,95,0,0,0,0.4,risk_path,4,Bot1|Bot2|Bot3|Bot4,,1,0
112,0.45,75,440,2193764734,2138228930,3634,0.646044,495,1355,5-53,26-8,50-73,84,66,77,65,95,89,0,0,1,84,1,84,189,1,84,105,1,button,1,84,84,0,93,0,1.0000,881,0.008624,-1,-1,button,1,84,84,0,93,0,1.0000,881,0.046508,,-1,button,1,84,84,0,93,0,1.0000,881,0.057563,-1,,button,1,84,84,0,93,0,1.0000,881,10.697870,17,17,84,0,0,0,0.4,risk_path,4,Bot1|Bot2|Bot3|Bot4,,1,0
113,0.45,75,440,901889356,3820153862,3646,0.648178,513,1391,62-42,17-55,3-0,66,58,105,101,77,69,0,0,1,66,1,66,148,1,66,82,1,button,1,66,66,0,74,0,1.0000,327,0.002697,-1,-1,button,1,66,66,0,74,0,1.0000,327,0.011242,,-1,button,1,66,66,0,74,0,1.0000,327,0.014386,-1,,button,1,66,66,0,74,0,1.0000,327,7.112165,-1,-1,66,0,0,0,0.4,risk_path,4,Bot1|Bot2|Bot3|Bot4,,1,0
114,0.45,75,440,1911151784,3134867747,3627,0.644800,498,1377,36-73,65-72,37-32,52,30,56,42,72,68,0,0,1,52,1,52,140,1,52,88,1,button,1,52,52,0,81,0,1.0000,537,0.003009,-1,-1,button,1,52,52,0,81,0,1.0000,537,0.009610,,-1,button,1,52,52,0,81,0,1.0000,537,0.013405,-1,,button,1,52,52,0,81,0,1.0000,537,4.232535,35,35,52,0,0,0,0.4,risk_path,4,Bot1|Bot2|Bot3|Bot4,,1,0
115,0.45,75,440,1828045502,3560377918,3637,0.646578,489,1362,63-14,43-70,18-23,94,76,60,54,80,72,1,0,1,94,0,,167,1,94,73,1,button,1,94,94,0,60,0,1.0000,1660,0.017774,-1,-1,button,1,94,94,0,60,0,1.0000,1660,0.073241,,-1,button,1,94,94,0,60,0,1.0000,1660,0.097773,-1,,button,1,94,94,0,60,0,1.0000,1660,10.918545,-1,-1,94,0,0,0,0.4,risk_path,4,Bot1|Bot2|Bot3|Bot4,,1,0
116,0.45,75,440,794248593,1319229455,3632,0.645689,513,1408,15-60,69-51,1-71,83,63,27,25,92,88,0,0,1,83,1,83,175,1,83,92,1,button,1,83,83,0,24,0,1.0000,529,0.004949,-1,-1,button,1,83,83,0,24,0,1.0000,529,0.024235,,-1,button,1,83,83,0,24,0,1.0000,529,0.029457,-1,,button,1,83,83,0,24,0,1.0000,529,10.778957,22,22,83,0,0,0,0.4,risk_path,4,Bot1|Bot2|Bot3|Bot4,,1,0
117,0.45,75,440,247906182,231731730,3642,0.647467,494,1409,20-61,54-52,41-36,51,43,52,46,37,29,1,0,1,51,0,,65,1,51,14,1,button,1,51,51,0,11,0,1.0000,546,0.003291,-1,-1,button,1,51,51,0,11,0,1.0000,546,0.008370,,-1,button,1,51,51,0,11,0,1.0000,546,0.011801,-1,,button,1,51,51,0,11,0,1.0000,546,4.092822,4,4,51,3,0,0,0.99,risk_path,4,Bot1|Bot2|Bot3|Bot4,,1,0
118,0.45,75,440,2338859109,2503174722,3651,0.649067,498,1365,60-47,39-67,22-52,49,41,55,43,40,32,1,0,1,49,0,,78,1,49,29,1,button,1,49,49,0,9,0,1.0000,516,0.002875,-1,-1,button,1,49,49,0,9,0,1.0000,516,0.008024,,-1,button,1,49,49,0,9,0,1.0000,516,0.011110,-1,,button,1,49,49,0,9,0,1.0000,516,3.981838,-1,-1,49,12,0,0,0.99,risk_path,4,Bot1|Bot2|Bot3|Bot4,,1,0
119,0.45,75,440,2795650116,841446020,3644,0.647822,511,1355,59-73,29-38,14-26,65,65,92,92,27,27,1,0,1,65,0,,65,1,65,0,1,button,1,65,65,0,0,0,1.0000,796,0.005569,-1,-1,button,1,65,65,0,0,0,1.0000,796,0.015939,,-1,button,1,65,65,0,0,0,1.0000,796,0.026499,-1,,button,1,65,65,0,0,0,1.0000,796,7.334923,-1,-1,65,8,52,0,0.99,risk_path,4,Bot1|Bot2|Bot3|Bot4,,1,0
120,0.45,75,440,2363225837,4020754255,3642,0.647467,496,1398,9-74,30-27,35-63,78,68,53,37,53,41,1,0,1,78,0,,99,1,78,21,1,button,1,78,78,0,18,0,1.0000,1024,0.008365,-1,-1,button,1,78,78,0,18,0,1.0000,1024,0.030061,,-1,button,1,78,78,0,18,0,1.0000,1024,0.040178,-1,,button,1,78,78,0,18,0,1.0000,1024,8.674318,51,51,78,7,13,0,0.99,risk_path,4,Bot1|Bot2|Bot3|Bot4,,1,0
121,0.45,75,440,272157506,212865656,3665,0.651556,503,1381,45-19,17-12,29-12,43,35,25,23,24,12,1,0,1,43,0,,49,0,,,0,walked_into_fire,0,23,23,0,-1,20,0.5349,100,0.000742,23,22,fire_reached_bot,0,50,48,2,0,29,0.3256,,0.022776,,22,fire_reached_bot,0,60,48,12,-10,35,0.1860,,0.117598,22,,fire_reached_bot,0,50,48,2,0,29,0.3256,,5.871345,-1,22,50,0,48,2,,no_path,0,,Bot1|Bot2|Bot3|Bot4,0,1
122,0.45,75,440,377564765,534516638,3632,0.645689,502,1362,27-3,24-11,67-44,15,11,83,81,82,76,0,0,1,15,1,15,156,1,15,141,1,button,1,15,15,0,141,0,1.0000,57,0.000244,-1,-1,button,1,15,15,0,141,0,1.0000,57,0.000600,,-1,button,1,15,15,0,141,0,1.0000,57,0.000753,-1,,button,1,15,15,0,141,0,1.0000,57,0.436694,-1,-1,15,0,0,0,0.4,risk_path,4,Bot1|Bot2|Bot3|Bot4,,1,0
123,0.45,75,440,1595995648,4164420774,3638,0.646756,514,1373,61-17,41-64,33-69,75,67,88,80,21,13,1,0,1,75,0,,34,0,,,0,walked_into_fire,0,55,55,0,-20,20,0.7333,,0.002484,33,33,fire_reached_bot,0,115,32,83,-80,43,0.4267,,0.364661,,-1,fire_reached_bot,0,115,32,83,-80,43,0.4267,,0.766211,-1,,fire_reached_bot,0,115,32,83,-80,43,0.4267,,7.114914,-1,-1,115,0,32,83,,no_path,0,,Bot1|Bot2|Bot3|Bot4,0,1
124,0.45,75,440,2851316964,3849568425,3612,0.642133,497,1349,30-47,1-14,18-2,64,62,73,57,31,29,1,0,1,64,0,,70,1,64,6,1,button,1,64,64,0,2,0,1.0000,411,0.002997,-1,-1,button,1,64,64,0,2,0,1.0000,411,0.013713,,-1,button,1,64,64,0,2,0,1.0000,411,0.016419,-1,,button,1,64,64,0,2,0,1.0000,411,7.431361,-1,-1,64,12,42,0,0.99,risk_path,4,Bot1|Bot2|Bot3|Bot4,,1,0
125,0.45,75,440,75640016,983425269,3623,0.644089,509,1341,47-43,18-9,40-9,73,63,43,41,34,22,1,0,1,73,0,,68,0,,,0,walked_into_fire,0,66,66,0,-2,7,0.9041,832,0.006011,61,60,fire_reached_bot,0,77,68,9,-8,19,0.7397,,0.056770,,60,fire_reached_bot,0,82,68,14,-13,17,0.7671,,0.144751,60,,fire_reached_bot,0,77,68,9,-8,19,0.7397,,9.407172,-1,60,77,0,68,9,,no_path,0,,Bot1|Bot2|Bot3|Bot4,0,1
126,0.45,75,440,2257855052,553856936,3648,0.648533,488,1395,40-62,42-9,71-44,85,55,51,49,70,64,1,0,1,85,0,,151,1,85,66,1,button,1,85,85,0,40,0,1.0000,953,0.009653,-1,-1,button,1,85,85,0,40,0,1.0000,953,0.042904,,-1,button,1,85,85,0,40,0,1.0000,953,0.058329,-1,,button,1,85,85,0,40,0,1.0000,953,10.084327,-1,-1,85,7,0,0,0.8,risk_path,4,Bot1|Bot2|Bot3|Bot4,,1,0
127,0.45,75,440,2387835660,4210166861,3638,0.646756,493,1389,16-46,13-0,26-22,61,49,38,34,35,35,1,0,1,61,0,,66,0,,,0,walked_into_fire,0,31,31,0,-1,30,0.5082,300,0.001355,29,29,fire_reached_bot,0,68,49,19,-1,36,0.4098,,0.023424,,-1,fire_reached_bot,0,68,49,19,-1,36,0.4098,,0.034044,-1,,fire_reached_bot,0,68,49,19,-1,36,0.4098,,7.448001,-1,-1,68,0,49,19,,no_path,0,,Bot1|Bot2|Bot3|Bot4,0,1
128,0.45,75,440,880119995,1942672215,3641,0.647289,524,1390,39-49,62-0,18-73,82,72,45,45,127,117,0,0,1,82,1,82,257,1,82,175,1,button,1,82,82,0,93,0,1.0000,764,0.007819,-1,-1,button,1,82,82,0,93,0,1.0000,764,0.038023,,-1,button,1,82,82,0,93,0,1.0000,764,0.046306,-1,,button,1,82,82,0,93,0,1.0000,764,9.879158,4,4,82,0,0,0,0.4,risk_path,4,Bot1|Bot2|Bot3|Bot4,,1,0
129,0.45,75,440,2335898079,2211249253,3628,0.644978,514,1381,37-2,64-0,45-5,67,29,11,11,58,24,1,0,1,67,0,,123,0,,,0,fire_reached_bot,0,8,8,0,0,59,0.1194,8,0.000503,3,1,fire_reached_bot,0,104,102,2,0,65,0.0299,1115,0.083990,,1,fire_reached_bot,0,125,109,16,-1,54,0.1940,,0.118693,1,,fire_reached_bot,0,104,102,2,0,65,0.0299,1115,21.488722,-1,1,104,0,102,2,,no_path,0,,Bot1|Bot2|Bot3|Bot4,0,1
130,0.45,75,440,1465691200,1383389641,3648,0.648533,504,1394,67-45,2-1,32-38,111,109,54,42,67,67,1,0,1,111,0,,138,1,127,11,0,walked_into_fire,0,38,38,0,-1,73,0.3423,254,0.001488,38,38,fire_reached_bot,0,43,43,0,0,68,0.3874,363,0.017744,,42,fire_reached_bot,0,116,116,0,0,13,0.8829,2954,0.118134,42,,fire_reached_bot,0,43,43,0,0,68,0.3874,363,8.997338,-1,42,43,0,43,0,,shortest_path_fallback,0,,Bot1|Bot2|Bot3|Bot4,0,1
131,0.45,75,440,440757090,857276793,3614,0.642489,500,1344,44-57,14-72,67-57,47,45,29,23,76,68,0,0,1,47,1,47,131,1,47,84,1,button,1,47,47,0,60,0,1.0000,389,0.002336,-1,-1,button,1,47,47,0,60,0,1.0000,389,0.007990,,-1,button,1,47,47,0,60,0,1.0000,389,0.011629,-1,,button,1,47,47,0,60,0,1.0000,389,3.981400,-1,-1,47,0,0,0,0.4,risk_path,4,Bot1|Bot2|Bot3|Bot4,,1,0
132,0.45,75,440,3555543580,3812448778,3626,0.644622,494,1308,13-24,61-74,48-37,102,98,60,48,52,50,1,0,1,102,0,,89,0,,,0,walked_into_fire,0,53,53,0,-2,49,0.5196,386,0.002657,51,46,fire_reached_bot,0,62,59,3,0,61,0.4020,658,0.039719,,46,fire_reached_bot,0,118,87,31,-28,67,0.3431,,0.230677,46,,fire_reached_bot,0,62,59,3,0,61,0.4020,658,11.972886,-1,46,62,0,59,3,,no_path,0,,Bot1|Bot2|Bot3|Bot4,0,1
133,0.45,75,440,948442129,703702193,3606,0.641067,489,1329,17-44,66-21,47-52,80,72,44,38,60,50,1,0,1,80,0,,128,1,80,48,1,button,1,80,80,0,47,0,1.0000,1024,0.008957,-1,-1,button,1,80,80,0,47,0,1.0000,1024,0.040650,,-1,button,1,80,80,0,47,0,1.0000,1024,0.049570,-1,,button,1,80,80,0,47,0,1.0000,1024,9.731803,7,7,80,0,0,0,0.4,risk_path,4,Bot1|Bot2|Bot3|Bot4,,1,0
134,0.45,75,440,1102281211,3563752405,3654,0.649600,503,1348,15-61,46-3,6-5,101,89,91,65,70,42,1,0,1,101,0,,146,1,101,45,1,button,1,101,101,0,12,0,1.0000,750,0.007706,-1,-1,button,1,101,101,0,12,0,1.0000,750,0.059634,,-1,button,1,101,101,0,12,0,1.0000,750,0.070572,-1,,button,1,103,103,0,26,0,1.0000,784,17.764017,29,29,103,31,7,0,0.99,risk_path,4,Bot1|Bot2|Bot3|Bot4,,1,0
135,0.45,75,440,807723142,2871911597,3642,0.647467,509,1338,62-61,53-43,38-3,37,27,96,82,69,55,0,0,1,37,1,37,132,1,37,95,1,button,1,37,37,0,95,0,1.0000,206,0.001331,-1,-1,button,1,37,37,0,95,0,1.0000,206,0.004454,,-1,button,1,37,37,0,95,0,1.0000,206,0.006118,-1,,button,1,37,37,0,95,0,1.0000,206,2.291442,-1,-1,37,0,0,0,0.4,risk_path,4,Bot1|Bot2|Bot3|Bot4,,1,0
136,0.45,75,440,1899007051,3079980098,3638,0.646756,507,1386,8-11,70-74,66-70,137,125,125,117,32,8,1,0,1,137,0,,59,0,,,0,walked_into_fire,0,87,87,0,-27,50,0.6350,,0.009166,30,30,fire_reached_bot,0,208,29,179,-148,108,0.2117,,0.729396,,-1,fire_reached_bot,0,208,29,179,-148,108,0.2117,,1.431843,-1,,fire_reached_bot,0,208,29,179,-148,108,0.2117,,10.329778,-1,-1,208,0,29,179,,no_path,0,,Bot1|Bot2|Bot3|Bot4,0,1
137,0.45,75,440,647213272,3488528219,3639,0.646933,496,1345,70-47,48-57,68-22,44,32,33,27,57,55,0,0,1,44,1,44,107,1,44,63,1,button,1,44,44,0,53,0,1.0000,432,0.002352,-1,-1,button,1,44,44,0,53,0,1.0000,432,0.007477,,-1,button,1,44,44,0,53,0,1.0000,432,0.010103,-1,,button,1,44,44,0,53,0,1.0000,432,3.215554,-1,-1,44,0,0,0,0.4,risk_path,4,Bot1|Bot2|Bot3|Bot4,,1,0
138,0.45,75,440,2955646883,1522454323,3639,0.646933,498,1348,70-34,60-68,42-16,66,44,52,46,88,70,0,0,1,66,1,66,174,1,66,108,1,button,1,66,66,0,80,0,1.0000,724,0.005074,-1,-1,button,1,66,66,0,80,0,1.0000,724,0.021523,,-1,button,1,66,66,0,80,0,1.0000,724,0.027522,-1,,button,1,66,66,0,80,0,1.0000,724,6.340593,60,60,66,0,0,0,0.4,risk_path,4,Bot1|Bot2|Bot3|Bot4,,1,0
139,0.45,75,440,3313783522,2464351505,3645,0.648000,495,1407,56-27,40-63,31-4,64,52,54,48,80,68,0,0,1,64,1,64,165,1,64,101,1,button,1,64,64,0,70,0,1.0000,541,0.003812,-1,-1,button,1,64,64,0,70,0,1.0000,541,0.017935,,-1,button,1,64,64,0,70,0,1.0000,541,0.022953,-1,,button,1,64,64,0,70,0,1.0000,541,6.886109,50,50,64,0,0,0,0.4,risk_path,4,Bot1|Bot2|Bot3|Bot4,,1,0
140,0.45,75,440,3452405857,2375599770,3649,0.648711,506,1372,37-2,71-34,45-58,70,66,82,64,60,50,1,0,1,70,0,,130,1,70,60,1,button,1,70,70,0,55,0,1.0000,944,0.006572,-1,-1,button,1,70,70,0,55,0,1.0000,944,0.023679,,-1,button,1,70,70,0,55,0,1.0000,944,0.032048,-1,,button,1,70,70,0,55,0,1.0000,944,7.273158,6,6,70,0,0,0,0.4,risk_path,4,Bot1|Bot2|Bot3|Bot4,,1,0
141,0.45,75,440,1002585984,1855575115,3672,0.652800,510,1408,39-60,63-11,65-29,83,73,63,57,26,20,1,0,1,83,0,,49,0,,,0,walked_into_fire,0,43,43,0,-1,40,0.5181,220,0.002281,42,20,fire_reached_bot,0,46,45,1,0,40,0.5181,274,0.033616,,20,fire_reached_bot,0,67,49,18,-17,38,0.5422,,0.207632,20,,fire_reached_bot,0,46,45,1,0,40,0.5181,274,10.067602,-1,20,46,0,45,1,,no_path,0,,Bot1|Bot2|Bot3|Bot4,0,1
142,0.45,75,440,216244798,858947628,3652,0.649244,509,1403,47-4,42-58,32-25,87,59,40,36,61,43,1,0,1,87,0,,124,1,87,37,1,button,1,87,87,0,1,0,1.0000,1587,0.013971,-1,47,button,1,87,87,0,1,0,1.0000,1587,0.054751,,47,fire_reached_bot,0,66,56,10,0,51,0.4138,968,0.053146,47,,button,1,89,89,0,14,0,1.0000,1648,11.096936,34,34,89,7,21,0,0.99,risk_path,3,Bot1|Bot2|Bot4,Bot3,0,0
143,0.45,75,440,1035138522,1426829652,3638,0.646756,509,1403,25-73,20-22,66-72,76,56,68,42,98,96,0,0,1,76,1,76,198,1,76,122,1,button,1,76,76,0,111,0,1.0000,438,0.004653,-1,-1,button,1,76,76,0,111,0,1.0000,438,0.031025,,-1,button,1,76,76,0,111,0,1.0000,438,0.037583,-1,,button,1,76,76,0,111,0,1.0000,438,9.542568,-1,-1,76,0,0,0,0.4,risk_path,4,Bot1|Bot2|Bot3|Bot4,,1,0
144,0.45,75,440,833741974,2067007930,3647,0.648356,507,1395,18-23,49-6,31-6,66,48,50,30,28,18,1,0,1,66,0,,66,0,,,0,fire_reached_bot,0,33,33,0,0,33,0.5000,149,0.000890,33,33,fire_reached_bot,0,68,66,2,-1,16,0.7576,,0.018715,,46,fire_reached_bot,0,70,66,4,-3,14,0.7879,,0.045270,46,,fire_reached_bot,0,68,66,2,-1,16,0.7576,,8.622668,-1,46,68,0,66,2,,no_path,0,,Bot1|Bot2|Bot3|Bot4,0,1
145,0.45,75,440,2337670084,113731334,3646,0.648178,502,1417,55-29,37-24,34-37,45,23,45,29,28,16,1,0,1,45,0,,56,1,45,11,1,button,1,45,45,0,3,0,1.0000,407,0.002274,-1,-1,button,1,45,45,0,3,0,1.0000,407,0.010937,,-1,button,1,45,45,0,3,0,1.0000,407,0.013229,-1,,button,1,45,45,0,3,0,1.0000,407,3.616498,-1,-1,45,21,10,0,0.99,risk_path,4,Bot1|Bot2|Bot3|Bot4,,1,0
146,0.45,75,440,1787649367,1167024077,3657,0.650133,512,1392,14-28,1-15,50-67,26,26,83,75,107,101,0,0,1,26,1,26,204,1,26,178,1,button,1,26,26,0,164,0,1.0000,104,0.000536,-1,-1,button,1,26,26,0,164,0,1.0000,104,0.001659,,-1,button,1,26,26,0,164,0,1.0000,104,0.002046,-1,,button,1,26,26,0,164,0,1.0000,104,1.197003,-1,-1,26,0,0,0,0.4,risk_path,4,Bot1|Bot2|Bot3|Bot4,,1,0
147,0.45,75,440,979999953,4214328274,3643,0.647644,509,1369,73-50,6-59,2-35,108,76,110,86,54,28,1,0,1,108,0,,122,1,122,0,0,walked_into_fire,0,89,89,0,-1,19,0.8241,903,0.009264,89,89,fire_reached_bot,0,140,122,18,-17,10,0.9074,,0.122297,,93,fire_reached_bot,0,127,122,5,-4,4,0.9630,,0.144204,93,,fire_reached_bot,0,140,122,18,-17,10,0.9074,,18.768976,-1,93,140,5,117,18,0.99,no_path,0,,Bot1|Bot2|Bot3|Bot4,0,1
148,0.45,75,440,1054847335,3500475643,3631,0.645511,510,1332,16-42,50-74,65-40,70,66,67,51,55,49,1,0,1,70,0,,106,1,70,36,1,button,1,70,70,0,36,0,1.0000,704,0.004357,-1,-1,button,1,70,70,0,36,0,1.0000,704,0.012355,,-1,button,1,70,70,0,36,0,1.0000,704,0.017928,-1,,button,1,70,70,0,36,0,1.0000,704,7.601434,49,49,70,0,0,0,0.4,risk_path,4,Bot1|Bot2|Bot3|Bot4,,1,0
149,0.45,75,440,175257072,1831328636,3645,0.648000,497,1375,51-67,36-24,24-26,78,58,76,68,16,14,1,0,1,78,0,,42,0,,,0,walked_into_fire,0,53,53,0,-10,25,0.6795,,0.004561,35,35,fire_reached_bot,0,97,34,63,-54,44,0.4359,,0.254637,,-1,fire_reached_bot,0,97,34,63,-54,44,0.4359,,0.510450,-1,,fire_reached_bot,0,97,34,63,-54,44,0.4359,,6.116493,-1,-1,97,0,34,63,,no_path,0,,Bot1|Bot2|Bot3|Bot4,0,1
150,0.45,75,440,782275208,1449296483,3626,0.644622,490,1345,36-22,61-74,74-15,91,77,59,45,76,72,1,0,1,91,0,,172,1,91,81,1,button,1,91,91,0,71,0,1.0000,884,0.008932,-1,-1,button,1,91,91,0,71,0,1.0000,884,0.040897,,-1,button,1,91,91,0,71,0,1.0000,884,0.050034,-1,,button,1,91,91,0,66,0,1.0000,884,11.354720,10,10,91,0,0,0,0.4,risk_path,4,Bot1|Bot2|Bot3|Bot4,,1,0
151,0.45,75,440,1315622670,76071239,3641,0.647289,502,1361,31-53,41-5,48-29,80,58,61,41,35,31,1,0,1,80,0,,68,0,,,0,walked_into_fire,0,40,40,0,-1,40,0.5000,148,0.001875,39,39,fire_reached_bot,0,72,64,8,-3,18,0.7750,,0.066699,,-1,fire_reached_bot,0,72,64,8,-3,18,0.7750,,0.120658,-1,,fire_reached_bot,0,72,64,8,-3,18,0.7750,,10.260455,-1,-1,72,0,64,8,,no_path,0,,Bot1|Bot2|Bot3|Bot4,0,1
152,0.45,75,440,3579991625,3229194548,3608,0.641422,497,1331,48-13,34-13,13-45,32,14,69,67,65,53,0,0,1,32,1,32,140,1,32,108,1,button,1,32,32,0,100,0,1.0000,152,0.000844,-1,-1,button,1,32,32,0,100,0,1.0000,152,0.004330,,-1,button,1,32,32,0,100,0,1.0000,152,0.004926,-1,,button,1,32,32,0,100,0,1.0000,152,1.782595,-1,-1,32,0,0,0,0.4,risk_path,4,Bot1|Bot2|Bot3|Bot4,,1,0
153,0.45,75,440,3847139812,3509606694,3641,0.647289,498,1353,5-25,63-60,7-65,105,93,70,42,91,61,1,0,1,105,0,,169,1,105,64,1,button,1,105,105,0,31,0,1.0000,1196,0.013638,-1,-1,button,1,105,105,0,31,0,1.0000,1196,0.077863,,-1,button,1,105,105,0,31,0,1.0000,1196,0.096089,-1,,button,1,105,105,0,33,0,1.0000,1196,15.062477,16,16,105,0,0,0,0.4,risk_path,4,Bot1|Bot2|Bot3|Bot4,,1,0
154,0.45,75,440,3024991366,1532867464,3642,0.647467,510,1382,14-15,44-47,50-59,66,62,86,80,20,18,1,0,1,66,0,,38,0,,,0,fire_reached_bot,0,56,56,0,-17,10,0.8485,,0.003570,39,39,fire_reached_bot,0,94,38,56,-55,28,0.5758,,0.239151,,-1,fire_reached_bot,0,94,38,56,-55,28,0.5758,,0.537784,-1,,fire_reached_bot,0,94,38,56,-55,28,0.5758,,6.625873,-1,-1,94,0,38,56,,no_path,0,,Bot1|Bot2|Bot3|Bot4,0,1
155,0.45,75,440,77398656,2952771356,3656,0.649956,502,1378,31-28,68-3,37-6,66,62,34,28,46,34,1,0,1,66,0,,90,1,66,24,1,button,1,66,66,0,15,0,1.0000,603,0.004365,-1,-1,button,1,66,66,0,15,0,1.0000,603,0.012486,,-1,button,1,66,66,0,15,0,1.0000,603,0.016923,-1,,button,1,66,66,0,15,0,1.0000,603,7.128259,35,35,66,14,2,0,0.99,risk_path,4,Bot1|Bot2|Bot3|Bot4,,1,0
156,0.45,75,440,1479374087,890278548,3637,0.646578,485,1364,25-27,72-41,49-50,75,61,57,47,46,32,1,0,1,75,0,,103,1,75,28,0,walked_into_fire,0,44,44,0,-4,31,0.5867,225,0.001944,41,38,button,1,91,91,0,1,0,1.0000,1302,0.038077,,38,button,1,85,85,0,7,0,1.0000,1123,0.050917,38,,button,1,75,75,0,17,0,1.0000,796,9.553231,30,30,75,11,23,0,0.99,risk_path,3,Bot2|Bot3|Bot4,Bot1,0,0
157,0.45,75,440,2224295823,2491851967,3652,0.649244,510,1364,9-52,44-18,52-33,75,69,76,62,25,23,1,0,1,75,0,,55,0,,,0,fire_reached_bot,0,56,56,0,0,19,0.7467,,0.003602,55,55,fire_reached_bot,0,61,55,6,-5,22,0.7067,,0.041895,,-1,fire_reached_bot,0,61,55,6,-5,22,0.7067,,0.078369,-1,,fire_reached_bot,0,61,55,6,-5,22,0.7067,,8.664853,-1,-1,61,0,55,6,,no_path,0,,Bot1|Bot2|Bot3|Bot4,0,1
158,0.45,75,440,4250350007,863802251,3634,0.646044,516,1368,52-14,14-5,70-62,57,47,82,66,123,113,0,0,1,57,1,57,233,1,57,176,1,button,1,57,57,0,141,0,1.0000,334,0.002246,-1,-1,button,1,57,57,0,141,0,1.0000,334,0.009190,,-1,button,1,57,57,0,141,0,1.0000,334,0.011350,-1,,button,1,57,57,0,141,0,1.0000,334,5.079915,-1,-1,57,0,0,0,0.4,risk_path,4,Bot1|Bot2|Bot3|Bot4,,1,0
159,0.45,75,440,1797411092,3333033759,3625,0.644444,505,1318,69-22,18-54,2-51,89,83,106,96,21,19,1,0,1,89,0,,39,0,,,0,walked_into_fire,0,67,67,0,-27,22,0.7528,,0.004170,40,40,fire_reached_bot,0,110,39,71,-70,50,0.4382,,0.323468,,-1,fire_reached_bot,0,110,39,71,-70,50,0.4382,,0.638562,-1,,fire_reached_bot,0,110,39,71,-70,50,0.4382,,9.505653,-1,-1,110,0,39,71,,no_path,0,,Bot1|Bot2|Bot3|Bot4,0,1
160,0.45,75,440,2622103724,4030296821,3630,0.645333,510,1345,71-28,17-69,71-57,103,95,41,29,98,66,1,0,1,103,0,,208,1,103,105,1,button,1,103,103,0,54,0,1.0000,850,0.010677,-1,-1,button,1,103,103,0,54,0,1.0000,850,0.079979,,-1,button,1,103,103,0,54,0,1.0000,850,0.090092,-1,,button,1,103,103,0,41,0,1.0000,850,14.671521,16,16,103,0,0,0,0.4,risk_path,4,Bot1|Bot2|Bot3|Bot4,,1,0
161,0.45,75,440,2317555799,151919511,3653,0.649422,497,1386,39-11,9-48,34-21,71,67,19,15,58,52,1,0,1,71,0,,131,1,71,60,1,button,1,71,71,0,8,0,1.0000,653,0.004293,-1,-1,button,1,71,71,0,8,0,1.0000,653,0.018532,,-1,button,1,71,71,0,8,0,1.0000,653,0.023438,-1,,button,1,71,71,0,8,0,1.0000,653,7.370577,-1,-1,71,3,0,0,0.99,risk_path,4,Bot1|Bot2|Bot3|Bot4,,1,0
162,0.45,75,440,197254622,1131390103,3628,0.644978,492,1357,64-4,48-48,10-59,78,60,119,109,69,49,1,0,1,78,0,,151,1,78,73,1,button,1,78,78,0,71,0,1.0000,568,0.004770,-1,-1,button,1,78,78,0,71,0,1.0000,568,0.033468,,-1,button,1,78,78,0,71,0,1.0000,568,0.039512,-1,,button,1,78,78,0,71,0,1.0000,568,9.834949,-1,-1,78,0,0,0,0.4,risk_path,4,Bot1|Bot2|Bot3|Bot4,,1,0
163,0.45,75,440,2939572986,872181782,3637,0.646578,492,1354,24-49,24-6,26-14,61,43,47,37,26,10,1,0,1,61,0,,54,0,,,0,walked_into_fire,0,33,33,0,-3,28,0.5410,157,0.001276,29,28,fire_reached_bot,0,65,49,16,-10,38,0.3770,,0.089608,,28,fire_reached_bot,0,64,49,15,-9,36,0.4098,,0.172019,28,,fire_reached_bot,0,65,49,16,-10,38,0.3770,,8.455214,-1,28,65,0,49,16,,no_path,0,,Bot1|Bot2|Bot3|Bot4,0,1
164,0.45,75,440,318478055,3662582948,3642,0.647467,515,1402,71-51,66-61,54-8,21,15,76,60,89,65,0,0,1,21,1,21,160,1,21,139,1,button,1,21,21,0,132,0,1.0000,43,0.000296,-1,-1,button,1,21,21,0,132,0,1.0000,43,0.001270,,-1,button,1,21,21,0,132,0,1.0000,43,0.001389,-1,,button,1,21,21,0,132,0,1.0000,43,0.797595,-1,-1,21,0,0,0,0.4,risk_path,4,Bot1|Bot2|Bot3|Bot4,,1,0
165,0.45,75,440,4153650681,247554762,3644,0.647822,510,1382,64-68,47-30,67-69,71,55,10,4,81,59,0,0,1,71,1,71,147,1,71,76,1,button,1,71,71,0,17,0,1.0000,500,0.005894,-1,-1,button,1,71,71,0,17,0,1.0000,500,0.028803,,-1,button,1,71,71,0,17,0,1.0000,500,0.042236,-1,,button,1,71,71,0,17,0,1.0000,500,7.947061,-1,-1,71,0,0,0,0.4,risk_path,4,Bot1|Bot2|Bot3|Bot4,,1,0
166,0.45,75,440,3449166865,1705888709,3633,0.645867,507,1380,4-1,11-58,21-60,82,64,84,76,34,12,1,0,1,82,0,,73,0,,,0,fire_reached_bot,0,58,58,0,0,24,0.7073,459,0.003435,54,54,fire_reached_bot,0,72,71,1,0,11,0.8659,679,0.037897,,62,fire_reached_bot,0,87,71,16,-13,17,0.7927,,0.178388,62,,fire_reached_bot,0,72,71,1,0,11,0.8659,679,10.365650,-1,62,72,0,71,1,,no_path,0,,Bot1|Bot2|Bot3|Bot4,0,1
167,0.45,75,440,922269232,2098977963,3647,0.648356,511,1360,13-1,33-41,63-8,76,60,65,57,65,63,1,0,1,76,0,,127,1,76,51,1,button,1,76,76,0,37,0,1.0000,766,0.007494,-1,-1,button,1,76,76,0,37,0,1.0000,766,0.030456,,-1,button,1,76,76,0,37,0,1.0000,766,0.038252,-1,,button,1,76,76,0,37,0,1.0000,766,8.483666,26,26,76,0,0,0,0.4,risk_path,4,Bot1|Bot2|Bot3|Bot4,,1,0
168,0.45,75,440,544612032,2877135198,3672,0.652800,519,1443,73-8,4-23,58-24,108,84,33,31,77,55,1,0,1,108,0,,145,1,108,37,1,button,1,108,108,0,22,0,1.0000,1830,0.027927,-1,-1,button,1,108,108,0,22,0,1.0000,1830,0.089689,,-1,button,1,108,108,0,22,0,1.0000,1830,0.114063,-1,,button,1,108,108,0,22,0,1.0000,1830,14.349106,57,57,108,19,4,0,0.99,risk_path,4,Bot1|Bot2|Bot3|Bot4,,1,0
169,0.45,75,440,3778881665,2740835865,3659,0.650489,524,1370,53-11,25-60,12-64,89,77,106,94,17,17,1,0,1,89,0,,37,0,,,0,fire_reached_bot,0,70,70,0,-32,19,0.7865,,0.011021,38,38,fire_reached_bot,0,123,37,86,-85,52,0.4157,,0.384558,,-1,fire_reached_bot,0,123,37,86,-85,52,0.4157,,0.765475,-1,,fire_reached_bot,0,123,37,86,-85,52,0.4157,,9.322875,-1,-1,123,0,37,86,,no_path,0,,Bot1|Bot2|Bot3|Bot4,0,1
170,0.45,75,440,229250927,3518222234,3643,0.647644,495,1356,14-12,17-54,46-5,67,45,45,39,78,78,0,0,1,67,1,67,160,1,67,93,1,button,1,67,67,0,81,0,1.0000,570,0.005137,-1,-1,button,1,67,67,0,81,0,1.0000,570,0.021249,,-1,button,1,67,67,0,81,0,1.0000,570,0.036186,-1,,button,1,67,67,0,81,0,1.0000,570,6.756421,26,26,67,0,0,0,0.4,risk_path,4,Bot1|Bot2|Bot3|Bot4,,1,0
171,0.45,75,440,1085318485,4112605803,3639,0.646933,508,1381,36-73,72-19,35-7,98,90,87,67,55,49,1,0,1,98,0,,95,0,,,0,walked_into_fire,0,80,80,0,-1,18,0.8163,950,0.008919,78,75,fire_reached_bot,0,103,93,10,-7,27,0.7245,,0.105775,,75,fire_reached_bot,0,121,93,28,-25,27,0.7245,,0.269091,75,,fire_reached_bot,0,103,93,10,-7,27,0.7245,,15.474338,-1,75,103,0,93,10,,no_path,0,,Bot1|Bot2|Bot3|Bot4,0,1
172,0.45,75,440,1943131252,2533243586,3649,0.648711,504,1361,49-28,24-40,33-20,43,37,28,24,33,29,1,0,1,43,0,,61,1,43,18,1,button,1,43,43,0,9,0,1.0000,387,0.001809,-1,-1,button,1,43,43,0,9,0,1.0000,387,0.007299,,-1,button,1,43,43,0,9,0,1.0000,387,0.009049,-1,,button,1,43,43,0,9,0,1.0000,387,3.033012,-1,-1,43,1,0,0,0.6,risk_path,4,Bot1|Bot2|Bot3|Bot4,,1,0
173,0.45,75,440,815405907,3357921857,3626,0.644622,501,1351,17-10,2-58,1-70,77,63,88,76,23,13,1,0,1,77,0,,52,0,,,0,walked_into_fire,0,64,64,0,-11,13,0.8312,,0.002590,38,38,fire_reached_bot,0,104,37,67,-51,40,0.4805,,0.316204,,-1,fire_reached_bot,0,104,37,67,-51,40,0.4805,,0.640298,-1,,fire_reached_bot,0,104,37,67,-51,40,0.4805,,7.734144,-1,-1,104,0,37,67,,no_path,0,,Bot1|Bot2|Bot3|Bot4,0,1
174,0.45,75,440,2300978891,2614612160,3647,0.648356,501,1375,29-35,5-65,18-74,54,54,60,50,26,22,1,0,1,54,0,,45,0,,,0,walked_into_fire,0,46,46,0,-2,8,0.8519,250,0.001686,41,41,fire_reached_bot,0,49,40,9,-3,14,0.7407,,0.037036,,-1,fire_reached_bot,0,49,40,9,-3,14,0.7407,,0.070750,-1,,fire_reached_bot,0,49,40,9,-3,14,0.7407,,5.208016,-1,-1,49,0,40,9,,no_path,0,,Bot1|Bot2|Bot3|Bot4,0,1
175,0.45,75,440,2018207897,3314081923,3620,0.643556,501,1355,16-10,53-27,60-70,66,54,122,104,56,50,1,0,1,66,0,,100,1,66,34,1,button,1,66,66,0,34,0,1.0000,584,0.005447,-1,-1,button,1,66,66,0,34,0,1.0000,584,0.022301,,-1,button,1,66,66,0,34,0,1.0000,584,0.027087,-1,,button,1,66,66,0,34,0,1.0000,584,6.535841,23,23,66,0,0,0,0.4,risk_path,4,Bot1|Bot2|Bot3|Bot4,,1,0
176,0.45,75,440,2818097894,3512310857,3632,0.645689,509,1342,11-44,26-37,59-48,46,22,74,52,66,44,0,0,1,46,1,46,148,1,46,102,1,button,1,46,46,0,80,0,1.0000,144,0.001353,-1,-1,button,1,46,46,0,80,0,1.0000,144,0.011425,,-1,button,1,46,46,0,80,0,1.0000,144,0.011920,-1,,button,1,46,46,0,80,0,1.0000,144,3.363122,6,6,46,0,0,0,0.4,risk_path,4,Bot1|Bot2|Bot3|Bot4,,1,0
177,0.45,75,440,2027427399,1220179851,3630,0.645333,486,1356,30-38,73-15,50-71,66,66,63,53,95,79,0,0,1,66,1,66,178,1,66,112,1,button,1,66,66,0,103,0,1.0000,297,0.001723,-1,-1,button,1,66,66,0,103,0,1.0000,297,0.008610,,-1,button,1,66,66,0,103,0,1.0000,297,0.009911,-1,,button,1,66,66,0,103,0,1.0000,297,6.761606,37,37,66,0,0,0,0.4,risk_path,4,Bot1|Bot2|Bot3|Bot4,,1,0
178,0.45,75,440,3599993327,1032513067,3649,0.648711,514,1379,52-28,3-70,60-5,101,91,39,31,122,122,0,0,1,101,1,101,234,1,101,133,1,button,1,101,101,0,69,0,1.0000,1059,0.011625,-1,-1,button,1,101,101,0,69,0,1.0000,1059,0.040167,,-1,button,1,101,101,0,69,0,1.0000,1059,0.053090,-1,,button,1,101,101,0,69,0,1.0000,1059,13.696730,-1,-1,101,0,0,0,0.4,risk_path,4,Bot1|Bot2|Bot3|Bot4,,1,0
179,0.45,75,440,2543364003,1899170686,3632,0.645689,503,1387,41-38,55-52,67-5,34,28,63,59,69,59,0,0,1,34,1,34,136,1,34,102,1,button,1,34,34,0,102,0,1.0000,92,0.000604,-1,-1,button,1,34,34,0,102,0,1.0000,92,0.003325,,-1,button,1,34,34,0,102,0,1.0000,92,0.003648,-1,,button,1,34,34,0,102,0,1.0000,92,1.991379,19,19,34,0,0,0,0.4,risk_path,4,Bot1|Bot2|Bot3|Bot4,,1,0
180,0.45,75,440,1116830270,123999137,3635,0.646222,502,1362,41-21,71-69,61-69,92,78,78,68,30,10,1,0,1,92,0,,55,0,,,0,walked_into_fire,0,56,56,0,-10,36,0.6087,272,0.003116,28,28,fire_reached_bot,0,113,27,86,-57,65,0.2935,,0.414708,,-1,fire_reached_bot,0,113,27,86,-57,65,0.2935,,0.835286,-1,,fire_reached_bot,0,113,27,86,-57,65,0.2935,,8.146021,-1,-1,113,0,27,86,,no_path,0,,Bot1|Bot2|Bot3|Bot4,0,1
181,0.45,75,440,4129245186,2777447817,3675,0.653333,520,1414,58-11,69-10,38-59,16,12,74,68,86,80,0,0,1,16,1,16,171,1,16,155,1,button,1,16,16,0,147,0,1.0000,22,0.000190,-1,-1,button,1,16,16,0,147,0,1.0000,22,0.000745,,-1,button,1,16,16,0,147,0,1.0000,22,0.000795,-1,,button,1,16,16,0,147,0,1.0000,22,0.499283,2,2,16,0,0,0,0.4,risk_path,4,Bot1|Bot2|Bot3|Bot4,,1,0
182,0.45,75,440,699038936,1084992602,3641,0.647289,516,1390,25-21,56-28,5-35,46,38,36,34,74,58,0,0,1,46,1,46,162,1,46,116,1,button,1,46,46,0,66,0,1.0000,302,0.001675,-1,-1,button,1,46,46,0,66,0,1.0000,302,0.006266,,-1,button,1,46,46,0,66,0,1.0000,302,0.007553,-1,,button,1,46,46,0,66,0,1.0000,302,3.424995,18,18,46,0,0,0,0.4,risk_path,4,Bot1|Bot2|Bot3|Bot4,,1,0
183,0.45,75,440,3412191491,4070376951,3637,0.646578,496,1387,62-44,41-67,63-45,54,44,2,2,56,44,0,0,1,54,1,54,106,1,54,52,1,button,1,54,54,0,2,0,1.0000,537,0.003478,-1,-1,button,1,54,54,0,2,0,1.0000,537,0.012395,,-1,button,1,54,54,0,2,0,1.0000,537,0.016080,-1,,button,1,54,54,0,2,0,1.0000,537,4.838152,-1,-1,54,0,0,0,0.4,risk_path,4,Bot1|Bot2|Bot3|Bot4,,1,0
184,0.45,75,440,1126362104,2531367481,3631,0.645511,503,1386,31-17,21-48,48-3,53,41,39,31,78,72,0,0,1,53,1,53,144,1,53,91,1,button,1,53,53,0,61,0,1.0000,207,0.001523,-1,-1,button,1,53,53,0,61,0,1.0000,207,0.010109,,-1,button,1,53,53,0,61,0,1.0000,207,0.011249,-1,,button,1,53,53,0,61,0,1.0000,207,4.531873,-1,-1,53,0,0,0,0.4,risk_path,4,Bot1|Bot2|Bot3|Bot4,,1,0
185,0.45,75,440,3977488963,3994077294,3647,0.648356,515,1343,30-40,24-6,35-13,52,40,46,32,18,18,1,0,1,52,0,,39,0,,,0,fire_reached_bot,0,42,42,0,-2,10,0.8077,,0.001647,38,38,fire_reached_bot,0,49,37,12,-9,15,0.7115,,0.063892,,-1,fire_reached_bot,0,49,37,12,-9,15,0.7115,,0.125203,-1,,fire_reached_bot,0,49,37,12,-9,15,0.7115,,4.390187,-1,-1,49,0,37,12,,no_path,0,,Bot1|Bot2|Bot3|Bot4,0,1
186,0.45,75,440,2126553979,2609949610,3626,0.644622,490,1334,13-61,42-74,58-35,42,42,73,71,61,55,0,0,1,42,1,42,99,1,42,57,1,button,1,42,42,0,57,0,1.0000,236,0.001316,-1,-1,button,1,42,42,0,57,0,1.0000,236,0.004775,,-1,button,1,42,42,0,57,0,1.0000,236,0.005805,-1,,button,1,42,42,0,57,0,1.0000,236,2.801312,6,6,42,0,0,0,0.4,risk_path,4,Bot1|Bot2|Bot3|Bot4,,1,0
187,0.45,75,440,604629814,3122588556,3651,0.649067,512,1393,42-22,48-26,40-11,12,10,19,13,31,23,0,0,1,12,1,12,67,1,12,55,1,button,1,12,12,0,40,0,1.0000,33,0.000162,-1,-1,button,1,12,12,0,40,0,1.0000,33,0.000421,,-1,button,1,12,12,0,40,0,1.0000,33,0.000493,-1,,button,1,12,12,0,40,0,1.0000,33,0.311486,-1,-1,12,0,0,0,0.4,risk_path,4,Bot1|Bot2|Bot3|Bot4,,1,0
188,0.45,75,440,2717215071,3838181151,3669,0.652267,516,1402,4-12,43-12,69-67,83,39,120,120,91,81,0,0,1,83,1,83,186,1,83,103,1,button,1,83,83,0,88,0,1.0000,680,0.007788,-1,-1,button,1,83,83,0,88,0,1.0000,680,0.062367,,-1,button,1,83,83,0,88,0,1.0000,680,0.076843,-1,,button,1,83,83,0,88,0,1.0000,680,10.386001,34,34,83,0,0,0,0.4,risk_path,4,Bot1|Bot2|Bot3|Bot4,,1,0
189,0.45,75,440,899400218,1033562852,3653,0.649422,519,1408,15-65,68-61,7-10,91,57,95,63,132,112,0,0,1,91,1,91,262,1,91,171,1,button,1,91,91,0,142,0,1.0000,174,0.002796,-1,-1,button,1,91,91,0,142,0,1.0000,174,0.034332,,-1,button,1,91,91,0,142,0,1.0000,174,0.037010,-1,,button,1,91,91,0,142,0,1.0000,174,13.140900,22,22,91,0,0,0,0.4,risk_path,4,Bot1|Bot2|Bot3|Bot4,,1,0
190,0.45,75,440,3481980839,2844192455,3636,0.646400,506,1365,69-53,58-13,16-44,61,51,78,62,77,73,0,0,1,61,1,61,143,1,61,82,1,button,1,61,61,0,81,0,1.0000,801,0.005445,-1,-1,button,1,61,61,0,81,0,1.0000,801,0.017366,,-1,button,1,61,61,0,81,0,1.0000,801,0.023149,-1,,button,1,61,61,0,81,0,1.0000,801,5.505464,-1,-1,61,0,0,0,0.4,risk_path,4,Bot1|Bot2|Bot3|Bot4,,1,0
191,0.45,75,440,1615916817,2432315316,3635,0.646222,508,1385,2-12,63-7,37-53,84,66,84,76,96,72,0,0,1,84,1,84,179,1,84,95,1,button,1,84,84,0,84,0,1.0000,1287,0.010300,-1,-1,button,1,84,84,0,84,0,1.0000,1287,0.030202,,-1,button,1,84,84,0,84,0,1.0000,1287,0.044454,-1,,button,1,84,84,0,84,0,1.0000,1287,9.147561,4,4,84,0,0,0,0.4,risk_path,4,Bot1|Bot2|Bot3|Bot4,,1,0
192,0.45,75,440,3898521735,118069459,3640,0.647111,503,1357,65-51,13-31,35-4,78,72,95,77,65,49,1,0,1,78,0,,134,1,78,56,1,button,1,78,78,0,56,0,1.0000,428,0.003373,-1,-1,button,1,78,78,0,56,0,1.0000,428,0.024302,,-1,button,1,78,78,0,56,0,1.0000,428,0.027682,-1,,button,1,78,78,0,56,0,1.0000,428,9.569369,-1,-1,78,0,0,0,0.4,risk_path,4,Bot1|Bot2|Bot3|Bot4,,1,0
193,0.45,75,440,2444658365,2126892776,3649,0.648711,505,1399,33-16,18-42,60-74,45,41,103,85,80,74,0,0,1,45,1,45,164,1,45,119,1,button,1,45,45,0,86,0,1.0000,288,0.001648,-1,-1,button,1,45,45,0,86,0,1.0000,288,0.007359,,-1,button,1,45,45,0,86,0,1.0000,288,0.008813,-1,,button,1,45,45,0,86,0,1.0000,288,3.166948,-1,-1,45,0,0,0,0.4,risk_path,4,Bot1|Bot2|Bot3|Bot4,,1,0
194,0.45,75,440,2214062488,49670459,3680,0.654222,504,1424,54-28,6-56,20-24,80,76,58,38,60,46,1,0,1,80,0,,119,1,80,39,1,button,1,80,80,0,20,0,1.0000,1245,0.010182,-1,-1,button,1,80,80,0,20,0,1.0000,1245,0.037551,,-1,button,1,80,80,0,20,0,1.0000,1245,0.054954,-1,,button,1,80,80,0,20,0,1.0000,1245,9.583813,-1,-1,80,5,9,0,0.99,risk_path,4,Bot1|Bot2|Bot3|Bot4,,1,0
195,0.45,75,440,1449191703,2718877568,3592,0.638578,491,1324,33-21,17-58,26-24,55,53,12,10,53,43,1,0,1,55,0,,109,1,55,54,1,button,1,55,55,0,14,0,1.0000,427,0.002283,-1,-1,button,1,55,55,0,14,0,1.0000,427,0.008743,,-1,button,1,55,55,0,14,0,1.0000,427,0.010711,-1,,button,1,55,55,0,14,0,1.0000,427,4.657551,-1,-1,55,0,0,0,0.4,risk_path,4,Bot1|Bot2|Bot3|Bot4,,1,0
196,0.45,75,440,2745450280,3961164760,3646,0.648178,520,1434,24-70,36-17,51-9,95,65,110,88,25,23,1,0,1,95,0,,42,0,,,0,walked_into_fire,0,76,76,0,-33,19,0.8000,,0.007140,43,43,fire_reached_bot,0,141,42,99,-98,53,0.4421,,0.405304,,-1,fire_reached_bot,0,141,42,99,-98,53,0.4421,,0.801683,-1,,fire_reached_bot,0,141,42,99,-98,53,0.4421,,10.136717,-1,-1,141,0,42,99,,no_path,0,,Bot1|Bot2|Bot3|Bot4,0,1
197,0.45,75,440,1134599302,4132178095,3653,0.649422,495,1397,20-37,62-2,57-46,77,77,56,46,65,49,1,0,1,77,0,,126,1,77,49,1,button,1,77,77,0,28,0,1.0000,999,0.007472,-1,-1,button,1,77,77,0,28,0,1.0000,999,0.022112,,-1,button,1,77,77,0,28,0,1.0000,999,0.029823,-1,,button,1,77,77,0,26,0,1.0000,999,8.397218,20,20,77,0,0,0,0.4,risk_path,4,Bot1|Bot2|Bot3|Bot4,,1,0
198,0.45,75,440,3387618525,4213744687,3637,0.646578,501,1335,25-12,26-27,73-32,32,16,80,68,70,52,0,0,1,32,1,32,131,1,32,99,1,button,1,32,32,0,97,0,1.0000,104,0.000639,-1,-1,button,1,32,32,0,97,0,1.0000,104,0.002741,,-1,button,1,32,32,0,97,0,1.0000,104,0.003055,-1,,button,1,32,32,0,97,0,1.0000,104,1.738240,-1,-1,32,0,0,0,0.4,risk_path,4,Bot1|Bot2|Bot3|Bot4,,1,0
199,0.45,75,440,3963364150,1255751458,3646,0.648178,503,1378,31-11,73-33,7-36,76,64,53,49,91,69,0,0,1,76,1,76,181,1,76,105,1,button,1,76,76,0,71,0,1.0000,680,0.005792,-1,-1,button,1,76,76,0,71,0,1.0000,680,0.024442,,-1,button,1,76,76,0,71,0,1.0000,680,0.029917,-1,,button,1,76,76,0,88,0,1.0000,680,8.533873,1,1,76,0,0,0,0.4,risk_path,4,Bot1|Bot2|Bot3|Bot4,,1,0
200,0.45,75,440,687047578,4017936739,3628,0.644978,511,1337,27-51,69-32,8-40,65,61,30,30,79,69,0,0,1,65,1,65,163,1,65,98,1,button,1,65,65,0,33,0,1.0000,853,0.005949,-1,-1,button,1,65,65,0,33,0,1.0000,853,0.020497,,-1,button,1,65,65,0,33,0,1.0000,853,0.026329,-1,,button,1,65,65,0,33,0,1.0000,853,6.538484,16,16,65,0,0,0,0.4,risk_path,4,Bot1|Bot2|Bot3|Bot4,,1,0
201,0.45,75,440,3808654913,1437651723,3644,0.647822,506,1376,73-63,38-16,62-70,86,82,34,18,84,78,1,0,1,86,0,,181,1,86,95,1,button,1,86,86,0,21,0,1.0000,548,0.005903,-1,-1,button,1,86,86,0,21,0,1.0000,548,0.031621,,-1,button,1,86,86,0,21,0,1.0000,548,0.036813,-1,,button,1,86,86,0,25,0,1.0000,548,11.815298,6,6,86,0,0,0,0.4,risk_path,4,Bot1|Bot2|Bot3|Bot4,,1,0
202,0.45,75,440,479682215,117614757,3621,0.643733,510,1341,36-35,34-65,43-19,46,32,39,23,81,55,0,0,1,46,1,46,150,1,46,104,1,button,1,46,46,0,82,0,1.0000,223,0.001193,-1,-1,button,1,46,46,0,82,0,1.0000,223,0.007795,,-1,button,1,46,46,0,82,0,1.0000,223,0.008456,-1,,button,1,46,46,0,82,0,1.0000,223,3.635321,-1,-1,46,0,0,0,0.4,risk_path,4,Bot1|Bot2|Bot3|Bot4,,1,0
203,0.45,75,440,1496475200,4047105304,3645,0.648000,514,1350,51-1,14-73,56-29,117,109,43,33,88,86,1,0,1,117,0,,166,0,,,0,fire_reached_bot,0,27,27,0,0,90,0.2308,171,0.001787,25,24,fire_reached_bot,0,52,48,4,0,89,0.2393,730,0.051151,,24,fire_reached_bot,0,48,48,0,0,91,0.2222,626,0.052185,24,,fire_reached_bot,0,52,48,4,0,89,0.2393,730,10.575438,-1,24,52,0,48,4,,no_path,0,,Bot1|Bot2|Bot3|Bot4,0,1
204,0.45,75,440,505044942,177768735,3649,0.648711,507,1385,16-40,65-14,63-49,81,75,68,56,65,37,1,0,1,81,0,,116,1,81,35,1,button,1,81,81,0,18,0,1.0000,936,0.007823,-1,-1,button,1,81,81,0,18,0,1.0000,936,0.033679,,-1,button,1,81,81,0,18,0,1.0000,936,0.041143,-1,,button,1,81,81,0,14,0,1.0000,936,9.746491,38,38,81,5,0,0,0.99,risk_path,4,Bot1|Bot2|Bot3|Bot4,,1,0
205,0.45,75,440,2592851329,1842348790,3662,0.651022,518,1377,6-43,55-29,67-0,81,63,112,104,51,41,1,0,1,81,0,,100,1,81,19,1,button,1,81,81,0,11,0,1.0000,410,0.004504,-1,-1,button,1,81,81,0,11,0,1.0000,410,0.040087,,-1,button,1,81,81,0,11,0,1.0000,410,0.043289,-1,,button,1,81,81,0,11,0,1.0000,410,12.676123,39,39,81,21,32,0,0.99,risk_path,4,Bot1|Bot2|Bot3|Bot4,,1,0
206,0.45,75,440,3837839052,4278048444,3662,0.651022,509,1415,49-20,41-20,45-66,10,8,62,50,64,50,0,0,1,10,1,10,137,1,10,127,1,button,1,10,10,0,120,0,1.0000,26,0.000121,-1,-1,button,1,10,10,0,120,0,1.0000,26,0.000277,,-1,button,1,10,10,0,120,0,1.0000,26,0.000328,-1,,button,1,10,10,0,122,0,1.0000,26,0.259334,1,1,10,0,0,0,0.4,risk_path,4,Bot1|Bot2|Bot3|Bot4,,1,0
207,0.45,75,440,4060788553,845069922,3646,0.648178,517,1375,13-16,67-34,60-28,86,72,81,59,13,13,1,0,1,86,0,,31,0,,,0,walked_into_fire,0,54,54,0,-22,32,0.6279,,0.004183,27,27,fire_reached_bot,0,101,26,75,-69,60,0.3023,,0.348660,,-1,fire_reached_bot,0,101,26,75,-69,60,0.3023,,0.670187,-1,,fire_reached_bot,0,101,26,75,-69,60,0.3023,,6.590402,-1,-1,101,0,26,75,,no_path,0,,Bot1|Bot2|Bot3|Bot4,0,1
208,0.45,75,440,1921987437,1998653501,3636,0.646400,506,1373,74-46,4-55,7-25,107,79,108,88,45,33,1,0,1,107,0,,76,0,,,0,fire_reached_bot,0,100,100,0,-23,7,0.9346,,0.012516,77,77,fire_reached_bot,0,110,76,34,-33,31,0.7103,,0.205981,,-1,fire_reached_bot,0,110,76,34,-33,31,0.7103,,0.370540,-1,,fire_reached_bot,0,110,76,34,-33,31,0.7103,,16.532755,-1,-1,110,0,76,34,,no_path,0,,Bot1|Bot2|Bot3|Bot4,0,1
209,0.45,75,440,2984244257,2435512816,3670,0.652444,500,1412,29-21,22-1,14-24,37,27,42,18,53,31,0,0,1,37,1,37,105,1,37,68,1,button,1,37,37,0,45,0,1.0000,136,0.000734,-1,-1,button,1,37,37,0,45,0,1.0000,136,0.004437,,-1,button,1,37,37,0,45,0,1.0000,136,0.005224,-1,,button,1,37,37,0,45,0,1.0000,136,2.342202,-1,-1,37,0,0,0,0.4,risk_path,4,Bot1|Bot2|Bot3|Bot4,,1,0
210,0.45,75,440,1735617669,2279655686,3643,0.647644,510,1392,61-49,6-10,2-50,100,94,80,60,72,44,1,0,1,100,0,,158,1,100,58,1,button,1,100,100,0,51,0,1.0000,766,0.006637,-1,-1,button,1,100,100,0,51,0,1.0000,766,0.051334,,-1,button,1,100,100,0,51,0,1.0000,766,0.057633,-1,,button,1,100,100,0,51,0,1.0000,766,15.321482,-1,-1,100,5,3,0,0.99,risk_path,4,Bot1|Bot2|Bot3|Bot4,,1,0
211,0.45,75,440,741719091,4088483574,3654,0.649600,511,1417,7-48,46-4,1-6,87,83,60,48,63,47,1,0,1,87,0,,132,1,87,45,1,button,1,87,87,0,16,0,1.0000,531,0.005301,-1,-1,button,1,87,87,0,16,0,1.0000,531,0.032502,,-1,button,1,87,87,0,16,0,1.0000,531,0.037757,-1,,button,1,87,87,0,35,0,1.0000,531,11.868216,29,29,87,3,0,0,0.6,risk_path,4,Bot1|Bot2|Bot3|Bot4,,1,0
212,0.45,75,440,43164127,71827648,3665,0.651556,501,1384,71-28,42-51,34-71,58,52,92,80,34,28,1,0,1,58,0,,58,1,58,0,1,button,1,58,58,0,0,0,1.0000,261,0.001595,-1,-1,button,1,58,58,0,0,0,1.0000,261,0.012533,,-1,button,1,58,58,0,0,0,1.0000,261,0.027180,-1,,button,1,58,58,0,0,0,1.0000,261,6.241443,-1,-1,58,27,29,0,0.99,risk_path,4,Bot1|Bot2|Bot3|Bot4,,1,0
213,0.45,75,440,1597394174,606359399,3657,0.650133,510,1407,65-30,32-37,23-68,54,40,86,80,52,40,1,0,1,54,0,,98,1,54,44,1,button,1,54,54,0,29,0,1.0000,447,0.003201,-1,-1,button,1,54,54,0,29,0,1.0000,447,0.010443,,-1,button,1,54,54,0,29,0,1.0000,447,0.013939,-1,,button,1,54,54,0,29,0,1.0000,447,5.208450,-1,-1,54,0,0,0,0.4,risk_path,4,Bot1|Bot2|Bot3|Bot4,,1,0
214,0.45,75,440,3435905294,2392089260,3647,0.648356,496,1383,21-73,38-43,5-63,65,47,30,26,71,53,0,0,1,65,1,65,157,1,65,92,1,button,1,65,65,0,49,0,1.0000,415,0.004080,-1,-1,button,1,65,65,0,49,0,1.0000,415,0.017153,,-1,button,1,65,65,0,49,0,1.0000,415,0.022332,-1,,button,1,65,65,0,49,0,1.0000,415,6.865489,2,2,65,0,0,0,0.4,risk_path,4,Bot1|Bot2|Bot3|Bot4,,1,0
215,0.45,75,440,538301983,4070519892,3626,0.644622,499,1356,51-64,36-73,37-37,50,24,51,41,51,37,0,0,1,50,1,50,99,1,50,49,1,button,1,50,50,0,29,0,1.0000,440,0.002493,-1,-1,button,1,50,50,0,29,0,1.0000,440,0.009819,,-1,button,1,50,50,0,29,0,1.0000,440,0.013417,-1,,button,1,50,50,0,29,0,1.0000,440,4.057925,39,39,50,0,0,0,0.4,risk_path,4,Bot1|Bot2|Bot3|Bot4,,1,0
216,0.45,75,440,1948681360,2814169751,3667,0.651911,505,1403,15-18,25-22,10-13,14,14,30,10,30,24,0,0,1,14,1,14,45,1,14,31,1,button,1,14,14,0,27,0,1.0000,28,0.000137,-1,-1,button,1,14,14,0,27,0,1.0000,28,0.000341,,-1,button,1,14,14,0,27,0,1.0000,28,0.000432,-1,,button,1,14,14,0,27,0,1.0000,28,0.397782,-1,-1,14,0,0,0,0.4,risk_path,4,Bot1|Bot2|Bot3|Bot4,,1,0
217,0.45,75,440,234546496,899763894,3644,0.647822,506,1364,33-28,9-36,33-5,44,32,45,23,61,55,0,0,1,44,1,44,118,1,44,74,1,button,1,44,44,0,66,0,1.0000,233,0.001397,-1,-1,button,1,44,44,0,66,0,1.0000,233,0.007139,,-1,button,1,44,44,0,66,0,1.0000,233,0.008490,-1,,button,1,44,44,0,66,0,1.0000,233,3.255465,43,43,44,0,0,0,0.4,risk_path,4,Bot1|Bot2|Bot3|Bot4,,1,0
218,0.45,75,440,2601635953,347498,3653,0.649422,506,1409,29-59,4-21,38-7,73,63,75,61,62,48,1,0,1,73,0,,113,1,73,40,1,button,1,73,73,0,40,0,1.0000,697,0.005964,-1,-1,button,1,73,73,0,40,0,1.0000,697,0.029440,,-1,button,1,73,73,0,40,0,1.0000,697,0.038673,-1,,button,1,73,73,0,38,0,1.0000,697,8.620482,60,60,73,0,0,0,0.4,risk_path,4,Bot1|Bot2|Bot3|Bot4,,1,0
219,0.45,75,440,1873523526,189957216,3638,0.646756,508,1348,47-9,28-54,6-25,72,64,71,57,51,51,1,0,1,72,0,,105,1,72,33,1,button,1,72,72,0,22,0,1.0000,591,0.004410,-1,-1,button,1,72,72,0,22,0,1.0000,591,0.023856,,-1,button,1,72,72,0,22,0,1.0000,591,0.026397,-1,,button,1,72,72,0,22,0,1.0000,591,8.336704,-1,-1,72,20,0,0,0.99,risk_path,4,Bot1|Bot2|Bot3|Bot4,,1,0
220,0.45,75,440,650066665,1525053087,3651,0.649067,495,1389,47-54,47-10,5-72,80,44,60,60,126,104,0,0,1,80,1,80,240,1,80,160,1,button,1,80,80,0,116,0,1.0000,436,0.004883,-1,-1,button,1,80,80,0,116,0,1.0000,436,0.046237,,-1,button,1,80,80,0,116,0,1.0000,436,0.048948,-1,,button,1,80,80,0,116,0,1.0000,436,10.496782,39,39,80,0,0,0,0.4,risk_path,4,Bot1|Bot2|Bot3|Bot4,,1,0
221,0.45,75,440,1404877065,2420011909,3640,0.647111,507,1408,54-38,31-51,53-61,38,36,34,24,34,32,1,0,1,38,0,,58,1,38,20,1,button,1,38,38,0,9,0,1.0000,289,0.001277,-1,-1,button,1,38,38,0,9,0,1.0000,289,0.003304,,-1,button,1,38,38,0,9,0,1.0000,289,0.004676,-1,,button,1,38,38,0,9,0,1.0000,289,2.365723,-1,-1,38,0,0,0,0.4,risk_path,4,Bot1|Bot2|Bot3|Bot4,,1,0
222,0.45,75,440,1871520942,110449919,3642,0.647467,513,1411,44-69,25-70,38-55,30,20,22,20,30,28,0,0,1,30,0,,66,1,30,36,1,button,1,30,30,0,16,0,1.0000,149,0.000766,-1,-1,button,1,30,30,0,16,0,1.0000,149,0.002154,,-1,button,1,30,30,0,16,0,1.0000,149,0.002847,-1,,button,1,30,30,0,16,0,1.0000,149,1.535634,-1,-1,30,0,0,0,0.4,risk_path,4,Bot1|Bot2|Bot3|Bot4,,1,0
223,0.45,75,440,1891869098,1845810528,3648,0.648533,505,1371,6-33,19-36,72-72,22,16,113,105,101,89,0,0,1,22,1,22,195,1,22,173,1,button,1,22,22,0,171,0,1.0000,43,0.000340,-1,-1,button,1,22,22,0,171,0,1.0000,43,0.001286,,-1,button,1,22,22,0,171,0,1.0000,43,0.001501,-1,,button,1,22,22,0,171,0,1.0000,43,0.933050,6,6,22,0,0,0,0.4,risk_path,4,Bot1|Bot2|Bot3|Bot4,,1,0
224,0.45,75,440,3946411396,399432510,3628,0.644978,507,1377,14-74,47-31,63-44,84,76,81,79,29,29,1,0,1,84,0,,48,0,,,0,walked_into_fire,0,62,62,0,-13,22,0.7381,,0.004395,47,47,fire_reached_bot,0,86,46,40,-37,38,0.5476,,0.168894,,-1,fire_reached_bot,0,86,46,40,-37,38,0.5476,,0.338088,-1,,fire_reached_bot,0,86,46,40,-37,38,0.5476,,8.854328,-1,-1,86,0,46,40,,no_path,0,,Bot1|Bot2|Bot3|Bot4,0,1
225,0.45,75,440,395123674,1705726284,3633,0.645867,498,1354,41-14,11-70,23-1,104,86,31,31,101,81,1,0,1,104,0,,178,1,104,74,1,button,1,104,104,0,12,0,1.0000,1540,0.018389,-1,-1,button,1,104,104,0,12,0,1.0000,1540,0.081891,,-1,button,1,104,104,0,12,0,1.0000,1540,0.103551,-1,,button,1,104,104,0,12,0,1.0000,1540,14.168684,-1,-1,104,0,0,0,0.4,risk_path,4,Bot1|Bot2|Bot3|Bot4,,1,0
226,0.45,75,440,3383174174,417879336,3627,0.644800,505,1348,17-6,56-70,55-30,107,103,74,62,69,41,1,0,1,107,0,,133,1,107,26,1,button,1,107,107,0,20,0,1.0000,1692,0.017951,-1,-1,button,1,107,107,0,20,0,1.0000,1692,0.071394,,-1,button,1,107,107,0,20,0,1.0000,1692,0.093566,-1,,button,1,107,107,0,14,0,1.0000,1692,15.044469,41,41,107,17,29,0,0.99,risk_path,4,Bot1|Bot2|Bot3|Bot4,,1,0
227,0.45,75,440,3707428535,2930291685,3639,0.646933,499,1357,56-26,19-62,37-36,75,73,29,29,46,44,1,1,1,77,0,,82,0,,,0,fire_reached_bot,0,20,20,0,0,57,0.2400,143,0.001015,-1,18,fire_reached_bot,0,20,20,0,0,57,0.2400,143,0.015639,,18,fire_reached_bot,0,66,64,2,0,69,0.0800,1162,0.069492,18,,fire_reached_bot,0,20,20,0,0,57,0.2400,143,4.759803,-1,18,20,0,20,0,,shortest_path_fallback,0,,Bot1|Bot2|Bot3|Bot4,0,1
228,0.45,75,440,3499156370,436825089,3645,0.648000,501,1328,35-35,25-53,19-70,28,28,53,51,25,23,1,0,1,28,0,,51,1,28,23,1,button,1,28,28,0,23,0,1.0000,136,0.000620,-1,-1,button,1,28,28,0,23,0,1.0000,136,0.001749,,-1,button,1,28,28,0,23,0,1.0000,136,0.002327,-1,,button,1,28,28,0,23,0,1.0000,136,1.369959,-1,-1,28,0,0,0,0.4,risk_path,4,Bot1|Bot2|Bot3|Bot4,,1,0
229,0.45,75,440,3921431972,3691631192,3657,0.650133,515,1411,71-56,12-49,11-66,82,66,84,70,36,18,1,0,1,82,0,,65,0,,,0,walked_into_fire,0,57,57,0,-2,25,0.6951,433,0.003673,56,55,fire_reached_bot,0,60,57,3,0,29,0.6463,474,0.031957,,55,fire_reached_bot,0,70,62,8,-4,36,0.5610,,0.123139,55,,fire_reached_bot,0,60,57,3,0,29,0.6463,474,10.684734,-1,55,60,0,57,3,,no_path,0,,Bot1|Bot2|Bot3|Bot4,0,1
230,0.45,75,440,2971960596,3817885116,3644,0.647822,509,1406,9-53,0-65,17-45,21,21,24,16,45,37,0,0,1,21,1,21,81,1,21,60,1,button,1,21,21,0,46,0,1.0000,85,0.000342,-1,-1,button,1,21,21,0,46,0,1.0000,85,0.001120,,-1,button,1,21,21,0,46,0,1.0000,85,0.001399,-1,,button,1,21,21,0,46,0,1.0000,85,0.832153,-1,-1,21,0,0,0,0.4,risk_path,4,Bot1|Bot2|Bot3|Bot4,,1,0
231,0.45,75,440,230717013,2732343365,3677,0.653689,507,1415,18-47,11-37,32-8,17,17,63,53,56,50,0,0,1,17,1,17,121,1,17,104,1,button,1,17,17,0,104,0,1.0000,30,0.000200,-1,-1,button,1,17,17,0,104,0,1.0000,30,0.000667,,-1,button,1,17,17,0,104,0,1.0000,30,0.000799,-1,,button,1,17,17,0,104,0,1.0000,30,0.545781,-1,-1,17,0,0,0,0.4,risk_path,4,Bot1|Bot2|Bot3|Bot4,,1,0
232,0.45,75,440,1277540315,2568731835,3650,0.648889,492,1378,51-49,20-26,68-25,56,54,47,41,73,49,0,0,1,56,1,56,123,1,56,67,1,button,1,56,56,0,67,0,1.0000,419,0.002831,-1,-1,button,1,56,56,0,67,0,1.0000,419,0.009954,,-1,button,1,56,56,0,67,0,1.0000,419,0.013449,-1,,button,1,56,56,0,67,0,1.0000,419,4.958439,-1,-1,56,0,0,0,0.4,risk_path,4,Bot1|Bot2|Bot3|Bot4,,1,0
233,0.45,75,440,2601371361,3429438074,3616,0.642844,495,1327,48-24,49-48,54-71,47,25,75,53,40,28,1,0,1,47,0,,82,1,47,35,1,button,1,47,47,0,35,0,1.0000,289,0.002196,-1,-1,button,1,47,47,0,35,0,1.0000,289,0.009593,,-1,button,1,47,47,0,35,0,1.0000,289,0.011785,-1,,button,1,47,47,0,35,0,1.0000,289,3.441504,1,1,47,0,0,0,0.4,risk_path,4,Bot1|Bot2|Bot3|Bot4,,1,0
234,0.45,75,440,2175815046,2513501025,3671,0.652622,515,1422,60-58,33-61,26-34,36,30,66,58,42,34,0,0,1,36,1,36,94,1,36,58,1,button,1,36,36,0,52,0,1.0000,112,0.000610,-1,-1,button,1,36,36,0,52,0,1.0000,112,0.003641,,-1,button,1,36,36,0,52,0,1.0000,112,0.004295,-1,,button,1,36,36,0,52,0,1.0000,112,2.192701,-1,-1,36,0,0,0,0.4,risk_path,4,Bot1|Bot2|Bot3|Bot4,,1,0
235,0.45,75,440,2903687551,1508666098,3664,0.651378,508,1412,62-11,20-70,59-72,105,101,88,64,77,41,1,0,1,105,0,,157,1,105,52,1,button,1,105,105,0,26,0,1.0000,938,0.011657,-1,-1,button,1,105,105,0,26,0,1.0000,938,0.062614,,-1,button,1,105,105,0,26,0,1.0000,938,0.078666,-1,,button,1,105,105,0,26,0,1.0000,938,16.830113,-1,-1,105,11,20,0,0.99,risk_path,4,Bot1|Bot2|Bot3|Bot4,,1,0
236,0.45,75,440,2767072028,3293256290,3657,0.650133,505,1375,27-0,15-28,25-43,46,40,61,45,33,25,1,0,1,46,0,,72,1,46,26,1,button,1,46,46,0,22,0,1.0000,238,0.001405,-1,-1,button,1,46,46,0,22,0,1.0000,238,0.007316,,-1,button,1,46,46,0,22,0,1.0000,238,0.008950,-1,,button,1,46,46,0,22,0,1.0000,238,3.537549,-1,-1,46,6,0,0,0.8,risk_path,4,Bot1|Bot2|Bot3|Bot4,,1,0
237,0.45,75,440,434350479,2119715637,3663,0.651200,511,1423,44-63,20-38,29-11,59,49,81,67,42,36,1,0,1,59,0,,101,1,59,42,1,button,1,59,59,0,35,0,1.0000,550,0.004567,-1,-1,button,1,59,59,0,35,0,1.0000,550,0.016092,,-1,button,1,59,59,0,35,0,1.0000,550,0.020792,-1,,button,1,59,59,0,35,0,1.0000,550,5.788351,3,3,59,5,0,0,0.99,risk_path,4,Bot1|Bot2|Bot3|Bot4,,1,0
238,0.45,75,440,860933267,2945000663,3628,0.644978,509,1350,25-29,50-8,50-6,48,46,48,48,4,2,1,0,1,48,0,,6,0,,,0,fire_reached_bot,0,32,32,0,-25,16,0.6667,,0.001045,6,6,fire_reached_bot,0,83,5,78,-76,43,0.1042,,0.363532,,-1,fire_reached_bot,0,83,5,78,-76,43,0.1042,,0.717282,-1,,fire_reached_bot,0,83,5,78,-76,43,0.1042,,1.184332,-1,-1,83,0,5,78,,no_path,0,,Bot1|Bot2|Bot3|Bot4,0,1
239,0.45,75,440,3847153091,2545232110,3641,0.647289,491,1366,31-51,0-30,58-14,56,52,76,64,80,74,0,0,1,56,1,56,164,1,56,108,1,button,1,56,56,0,102,0,1.0000,538,0.003386,-1,-1,button,1,56,56,0,102,0,1.0000,538,0.012626,,-1,button,1,56,56,0,102,0,1.0000,538,0.016880,-1,,button,1,56,56,0,102,0,1.0000,538,4.965550,-1,-1,56,0,0,0,0.4,risk_path,4,Bot1|Bot2|Bot3|Bot4,,1,0
240,0.45,75,440,3830646336,1583051720,3645,0.648000,501,1357,37-49,56-9,43-1,67,59,72,54,23,21,1,0,1,67,0,,56,0,,,0,walked_into_fire,0,50,50,0,-2,17,0.7463,289,0.002278,41,41,fire_reached_bot,0,70,56,14,-13,29,0.5672,,0.084430,,-1,fire_reached_bot,0,70,56,14,-13,29,0.5672,,0.153981,-1,,fire_reached_bot,0,70,56,14,-13,29,0.5672,,9.305370,-1,-1,70,0,56,14,,no_path,0,,Bot1|Bot2|Bot3|Bot4,0,1
241,0.45,75,440,50286375,2368400549,3661,0.650844,522,1437,27-9,46-22,65-3,40,32,62,44,44,38,0,0,1,40,1,40,84,1,40,44,1,button,1,40,40,0,44,0,1.0000,154,0.001107,-1,-1,button,1,40,40,0,44,0,1.0000,154,0.005713,,-1,button,1,40,40,0,44,0,1.0000,154,0.006710,-1,,button,1,40,40,0,43,0,1.0000,154,2.700312,37,37,40,0,0,0,0.4,risk_path,4,Bot1|Bot2|Bot3|Bot4,,1,0
242,0.45,75,440,229134076,547575414,3636,0.646400,512,1351,44-13,33-41,33-18,41,39,46,16,53,23,0,0,1,41,1,41,129,1,41,88,1,button,1,41,41,0,68,0,1.0000,21,0.000313,-1,-1,button,1,41,41,0,68,0,1.0000,21,0.002902,,-1,button,1,41,41,0,68,0,1.0000,21,0.002857,-1,,button,1,41,41,0,68,0,1.0000,21,2.841956,-1,-1,41,0,0,0,0.4,risk_path,4,Bot1|Bot2|Bot3|Bot4,,1,0
243,0.45,75,440,3829884547,2736529294,3653,0.649422,512,1397,6-66,44-36,13-50,68,68,31,23,45,45,1,0,1,68,0,,84,1,76,8,0,walked_into_fire,0,32,32,0,-6,36,0.4706,178,0.000939,30,30,button,1,76,76,0,7,0,1.0000,913,0.018377,,-1,button,1,76,76,0,7,0,1.0000,913,0.025159,-1,,button,1,76,76,0,7,0,1.0000,913,8.483579,48,48,76,8,34,0,0.99,risk_path,3,Bot2|Bot3|Bot4,Bot1,0,0
244,0.45,75,440,2905315126,631340303,3628,0.644978,494,1376,22-71,69-35,61-25,87,83,93,85,18,18,1,0,1,87,0,,40,0,,,0,fire_reached_bot,0,69,69,0,-28,18,0.7931,,0.007293,41,41,fire_reached_bot,0,101,40,61,-60,47,0.4598,,0.247851,,-1,fire_reached_bot,0,101,40,61,-60,47,0.4598,,0.499984,-1,,fire_reached_bot,0,101,40,61,-60,47,0.4598,,8.295488,-1,-1,101,0,40,61,,no_path,0,,Bot1|Bot2|Bot3|Bot4,0,1
245,0.45,75,440,3180725409,3525950523,3641,0.647289,501,1379,46-21,33-48,70-57,40,40,62,60,66,46,0,0,1,40,1,40,140,1,40,100,1,button,1,40,40,0,77,0,1.0000,176,0.001011,-1,-1,button,1,40,40,0,77,0,1.0000,176,0.004173,,-1,button,1,40,40,0,77,0,1.0000,176,0.004833,-1,,button,1,40,40,0,77,0,1.0000,176,2.644746,-1,-1,40,0,0,0,0.4,risk_path,4,Bot1|Bot2|Bot3|Bot4,,1,0
246,0.45,75,440,3527288279,2290517008,3632,0.645689,488,1357,49-48,15-4,50-34,86,78,37,15,71,65,1,0,1,86,0,,125,1,86,39,1,button,1,86,86,0,12,0,1.0000,1355,0.011563,-1,-1,button,1,86,86,0,12,0,1.0000,1355,0.051765,,-1,button,1,86,86,0,12,0,1.0000,1355,0.056815,-1,,button,1,86,86,0,12,0,1.0000,1355,9.763114,-1,-1,86,2,0,0,0.6,risk_path,4,Bot1|Bot2|Bot3|Bot4,,1,0
247,0.45,75,440,2693909744,892987441,3653,0.649422,508,1396,12-31,19-16,27-15,24,22,37,31,13,9,1,0,1,24,0,,23,0,,,0,walked_into_fire,0,24,24,0,-1,0,1.0000,53,0.000305,24,24,fire_reached_bot,0,24,23,1,0,1,0.9583,,0.006759,,-1,fire_reached_bot,0,24,23,1,0,1,0.9583,,0.019941,-1,,fire_reached_bot,0,24,23,1,0,1,0.9583,,1.018525,7,7,24,18,3,1,0.99,no_path,0,,Bot1|Bot2|Bot3|Bot4,0,1
248,0.45,75,440,3466483215,701012700,3661,0.650844,506,1362,70-13,27-29,57-25,77,59,27,25,52,34,1,0,1,77,0,,107,1,89,18,0,walked_into_fire,0,18,18,0,-1,59,0.2338,42,0.001112,18,16,fire_reached_bot,0,79,79,0,0,40,0.4805,1071,0.046225,,16,fire_reached_bot,0,79,79,0,0,40,0.4805,1071,0.060400,16,,fire_reached_bot,0,79,79,0,0,40,0.4805,1071,13.412580,-1,16,79,0,79,0,,shortest_path_fallback,0,,Bot1|Bot2|Bot3|Bot4,0,1
249,0.45,75,440,3499659840,3439355226,3673,0.652978,514,1426,22-34,21-64,21-4,43,31,43,31,86,60,0,0,1,43,1,43,152,1,43,109,1,button,1,43,43,0,80,0,1.0000,282,0.001681,-1,-1,button,1,43,43,0,80,0,1.0000,282,0.006272,,-1,button,1,43,43,0,80,0,1.0000,282,0.008100,-1,,button,1,43,43,0,80,0,1.0000,282,3.034836,-1,-1,43,0,0,0,0.4,risk_path,4,Bot1|Bot2|Bot3|Bot4,,1,0
250,0.45,75,440,1517605910,2955868487,3642,0.647467,504,1373,46-30,45-21,67-21,12,10,30,30,36,22,0,0,1,12,1,12,63,1,12,51,1,button,1,12,12,0,47,0,1.0000,20,0.000171,-1,-1,button,1,12,12,0,47,0,1.0000,20,0.000353,,-1,button,1,12,12,0,47,0,1.0000,20,0.000490,-1,,button,1,12,12,0,47,0,1.0000,20,0.321763,-1,-1,12,0,0,0,0.4,risk_path,4,Bot1|Bot2|Bot3|Bot4,,1,0
251,0.45,75,440,742681489,3514916377,3632,0.645689,501,1338,21-17,13-44,11-71,43,35,84,64,41,29,1,0,1,43,0,,86,1,43,43,1,button,1,43,43,0,43,0,1.0000,182,0.001098,-1,-1,button,1,43,43,0,43,0,1.0000,182,0.004199,,-1,button,1,43,43,0,43,0,1.0000,182,0.005249,-1,,button,1,43,43,0,43,0,1.0000,182,2.975576,-1,-1,43,0,0,0,0.4,risk_path,4,Bot1|Bot2|Bot3|Bot4,,1,0
252,0.45,75,440,389585178,1768587399,3635,0.646222,502,1366,66-16,51-57,64-53,72,56,59,39,33,17,1,0,1,72,0,,69,0,,,0,walked_into_fire,0,65,65,0,-6,7,0.9028,425,0.003049,60,41,fire_reached_bot,0,82,69,13,-12,17,0.7639,,0.073022,,41,fire_reached_bot,0,84,69,15,-14,25,0.6528,,0.090999,41,,fire_reached_bot,0,82,69,13,-12,17,0.7639,,9.444710,-1,41,82,0,69,13,,no_path,0,,Bot1|Bot2|Bot3|Bot4,0,1
253,0.45,75,440,3332814137,1126990968,3634,0.646044,504,1387,69-32,59-13,32-53,89,29,70,58,95,67,0,0,1,89,1,89,179,1,89,90,1,button,1,89,89,0,53,0,1.0000,1393,0.012710,-1,-1,button,1,89,89,0,53,0,1.0000,1393,0.067051,,-1,button,1,89,89,0,53,0,1.0000,1393,0.083034,-1,,button,1,89,89,0,53,0,1.0000,1393,10.888996,47,47,89,0,0,0,0.4,risk_path,4,Bot1|Bot2|Bot3|Bot4,,1,0
254,0.45,75,440,1495801011,917814670,3676,0.653511,528,1432,47-21,14-43,57-68,59,55,71,57,92,68,0,0,1,59,1,59,179,1,59,120,1,button,1,59,59,0,114,0,1.0000,374,0.002516,-1,-1,button,1,59,59,0,114,0,1.0000,374,0.012042,,-1,button,1,59,59,0,114,0,1.0000,374,0.014334,-1,,button,1,59,59,0,114,0,1.0000,374,5.557876,-1,-1,59,0,0,0,0.4,risk_path,4,Bot1|Bot2|Bot3|Bot4,,1,0
255,0.45,75,440,2990102404,731289034,3646,0.648178,513,1347,4-13,3-46,4-57,48,34,66,44,20,12,1,0,1,48,0,,45,0,,,0,walked_into_fire,0,43,43,0,-1,5,0.8958,236,0.001355,42,42,fire_reached_bot,0,56,45,11,-10,11,0.7708,,0.059850,,-1,fire_reached_bot,0,56,45,11,-10,11,0.7708,,0.116581,-1,,fire_reached_bot,0,56,45,11,-10,11,0.7708,,4.282993,-1,-1,56,0,45,11,,no_path,0,,Bot1|Bot2|Bot3|Bot4,0,1
256,0.45,75,440,1232018688,2548799540,3612,0.642133,502,1307,72-37,46-52,56-73,49,41,62,52,33,31,1,0,1,49,0,,58,1,49,9,1,button,1,49,49,0,9,0,1.0000,253,0.001861,-1,-1,button,1,49,49,0,9,0,1.0000,253,0.007976,,-1,button,1,49,49,0,9,0,1.0000,253,0.009160,-1,,button,1,49,49,0,9,0,1.0000,253,4.149592,-1,-1,49,19,0,0,0.99,risk_path,4,Bot1|Bot2|Bot3|Bot4,,1,0
257,0.45,75,440,107580103,4254696228,3638,0.646756,494,1325,72-15,40-45,29-23,70,62,85,51,49,33,1,0,1,70,0,,102,1,70,32,1,button,1,70,70,0,29,0,1.0000,705,0.004265,-1,-1,button,1,70,70,0,29,0,1.0000,705,0.016361,,-1,button,1,70,70,0,29,0,1.0000,705,0.020512,-1,,button,1,70,70,0,29,0,1.0000,705,8.114458,-1,-1,70,5,0,0,0.99,risk_path,4,Bot1|Bot2|Bot3|Bot4,,1,0
258,0.45,75,440,2403017489,1321081877,3632,0.645689,502,1356,25-59,15-60,72-57,21,11,69,49,90,60,0,0,1,21,1,21,166,1,21,145,1,button,1,21,21,0,133,0,1.0000,70,0.000404,-1,-1,button,1,21,21,0,133,0,1.0000,70,0.001391,,-1,button,1,21,21,0,133,0,1.0000,70,0.001637,-1,,button,1,21,21,0,133,0,1.0000,70,0.870167,-1,-1,21,0,0,0,0.4,risk_path,4,Bot1|Bot2|Bot3|Bot4,,1,0
259,0.45,75,440,3247152571,688223439,3631,0.645511,509,1371,69-74,26-34,10-32,85,83,103,101,20,18,1,0,1,85,0,,51,0,,,0,walked_into_fire,0,71,71,0,-19,14,0.8353,,0.003505,52,52,fire_reached_bot,0,108,51,57,-56,34,0.6000,,0.222285,,-1,fire_reached_bot,0,108,51,57,-56,34,0.6000,,0.440017,-1,,fire_reached_bot,0,108,51,57,-56,34,0.6000,,10.011792,-1,-1,108,0,51,57,,no_path,0,,Bot1|Bot2|Bot3|Bot4,0,1
260,0.45,75,440,2786424847,3343057812,3666,0.651733,505,1445,11-26,51-68,14-46,82,82,41,23,65,59,1,0,1,82,0,,132,1,82,50,1,button,1,82,82,0,17,0,1.0000,807,0.006651,-1,-1,button,1,82,82,0,17,0,1.0000,807,0.020668,,-1,button,1,82,82,0,17,0,1.0000,807,0.028109,-1,,button,1,82,82,0,37,0,1.0000,807,9.802731,1,1,82,0,0,0,0.4,risk_path,4,Bot1|Bot2|Bot3|Bot4,,1,0
261,0.45,75,440,2797536688,4050217512,3651,0.649067,503,1365,0-14,53-28,35-60,81,67,99,81,54,50,1,0,1,81,0,,102,1,81,21,1,button,1,81,81,0,21,0,1.0000,1064,0.009970,-1,-1,button,1,81,81,0,21,0,1.0000,1064,0.035472,,-1,button,1,81,81,0,21,0,1.0000,1064,0.046585,-1,,button,1,81,81,0,21,0,1.0000,1064,10.875966,40,40,81,22,14,0,0.99,risk_path,4,Bot1|Bot2|Bot3|Bot4,,1,0
262,0.45,75,440,3920002231,96578032,3642,0.647467,510,1405,70-17,18-0,22-20,83,69,75,51,30,24,1,0,1,83,0,,76,0,,,0,walked_into_fire,0,55,55,0,-1,28,0.6627,546,0.003612,39,39,fire_reached_bot,0,80,38,42,-3,45,0.4578,,0.193881,,-1,fire_reached_bot,0,80,38,42,-3,45,0.4578,,0.369985,-1,,fire_reached_bot,0,80,38,42,-3,45,0.4578,,7.788334,-1,-1,80,0,38,42,,no_path,0,,Bot1|Bot2|Bot3|Bot4,0,1
263,0.45,75,440,221242311,932793819,3625,0.644444,502,1344,3-28,11-56,64-10,40,36,85,79,113,99,0,0,1,40,1,40,206,1,40,166,1,button,1,40,40,0,166,0,1.0000,264,0.001513,-1,-1,button,1,40,40,0,166,0,1.0000,264,0.005372,,-1,button,1,40,40,0,166,0,1.0000,264,0.006857,-1,,button,1,40,40,0,166,0,1.0000,264,2.894928,19,19,40,0,0,0,0.4,risk_path,4,Bot1|Bot2|Bot3|Bot4,,1,0
264,0.45,75,440,1006815665,3029020804,3650,0.648889,508,1335,0-54,26-44,69-74,48,36,107,89,75,73,0,0,1,48,1,48,131,1,48,83,1,button,1,48,48,0,81,0,1.0000,252,0.001864,-1,-1,button,1,48,48,0,81,0,1.0000,252,0.010411,,-1,button,1,48,48,0,81,0,1.0000,252,0.012304,-1,,button,1,48,48,0,81,0,1.0000,252,4.012666,1,1,48,0,0,0,0.4,risk_path,4,Bot1|Bot2|Bot3|Bot4,,1,0
265,0.45,75,440,3550384,2803946996,3652,0.649244,496,1359,36-68,30-18,50-16,72,56,86,66,32,22,1,0,1,72,0,,76,1,72,4,1,button,1,72,72,0,4,0,1.0000,727,0.004863,-1,-1,button,1,72,72,0,4,0,1.0000,727,0.020920,,-1,button,1,72,72,0,4,0,1.0000,727,0.028268,-1,,button,1,72,72,0,4,0,1.0000,727,9.043375,-1,-1,72,14,45,0,0.99,risk_path,4,Bot1|Bot2|Bot3|Bot4,,1,0
266,0.45,75,440,1459446169,848544576,3647,0.648356,503,1372,12-53,23-15,51-21,59,49,79,71,36,34,1,0,1,59,0,,63,1,59,4,1,button,1,59,59,0,2,0,1.0000,1002,0.006291,-1,-1,button,1,59,59,0,2,0,1.0000,1002,0.016181,,-1,button,1,59,59,0,2,0,1.0000,1002,0.023794,-1,,button,1,59,59,0,2,0,1.0000,1002,5.661237,43,43,59,7,31,0,0.99,risk_path,4,Bot1|Bot2|Bot3|Bot4,,1,0
267,0.45,75,440,1897333980,3152261953,3618,0.643200,496,1339,34-62,30-66,59-38,10,8,53,49,61,57,0,0,1,10,1,10,123,1,10,113,1,button,1,10,10,0,106,0,1.0000,30,0.000144,-1,-1,button,1,10,10,0,106,0,1.0000,30,0.000301,,-1,button,1,10,10,0,106,0,1.0000,30,0.000405,-1,,button,1,10,10,0,106,0,1.0000,30,0.238034,-1,-1,10,0,0,0,0.4,risk_path,4,Bot1|Bot2|Bot3|Bot4,,1,0
268,0.45,75,440,1652118545,685776228,3653,0.649422,509,1418,3-27,46-74,31-68,92,90,71,69,21,21,1,0,1,92,0,,50,0,,,0,walked_into_fire,0,48,48,0,-4,44,0.5217,499,0.003148,10,10,fire_reached_bot,0,95,39,56,-44,71,0.2283,,0.286153,,-1,fire_reached_bot,0,95,39,56,-44,71,0.2283,,0.523119,-1,,fire_reached_bot,0,95,39,56,-44,71,0.2283,,10.378625,-1,-1,95,0,39,56,,no_path,0,,Bot1|Bot2|Bot3|Bot4,0,1
269,0.45,75,440,943373969,2848700176,3631,0.645511,501,1392,10-22,36-18,37-71,38,30,82,76,72,54,0,0,1,38,1,38,134,1,38,96,1,button,1,38,38,0,96,0,1.0000,234,0.001283,-1,-1,button,1,38,38,0,96,0,1.0000,234,0.004960,,-1,button,1,38,38,0,96,0,1.0000,234,0.005635,-1,,button,1,38,38,0,96,0,1.0000,234,2.450082,1,1,38,0,0,0,0.4,risk_path,4,Bot1|Bot2|Bot3|Bot4,,1,0
270,0.45,75,440,1415906743,1027550563,3643,0.647644,499,1344,71-56,1-44,50-21,96,82,60,56,80,72,1,0,1,96,0,,165,1,96,69,1,button,1,96,96,0,55,0,1.0000,1443,0.012640,-1,-1,button,1,96,96,0,55,0,1.0000,1443,0.050887,,-1,button,1,96,96,0,55,0,1.0000,1443,0.065705,-1,,button,1,96,96,0,55,0,1.0000,1443,12.096902,9,9,96,0,0,0,0.4,risk_path,4,Bot1|Bot2|Bot3|Bot4,,1,0
271,0.45,75,440,4249967921,3928420346,3633,0.645867,503,1392,3-30,29-44,72-6,50,40,101,93,83,81,0,0,1,50,1,50,161,1,50,111,1,button,1,50,50,0,111,0,1.0000,211,0.001692,-1,-1,button,1,50,50,0,111,0,1.0000,211,0.006167,,-1,button,1,50,50,0,111,0,1.0000,211,0.007895,-1,,button,1,50,50,0,111,0,1.0000,211,4.322465,10,10,50,0,0,0,0.4,risk_path,4,Bot1|Bot2|Bot3|Bot4,,1,0
272,0.45,75,440,3406299465,3246889654,3643,0.647644,495,1345,7-69,26-14,52-56,82,74,64,58,78,68,1,0,1,82,0,,159,1,82,77,1,button,1,82,82,0,57,0,1.0000,953,0.007952,-1,-1,button,1,82,82,0,57,0,1.0000,953,0.031852,,-1,button,1,82,82,0,57,0,1.0000,953,0.041522,-1,,button,1,82,82,0,57,0,1.0000,953,10.548681,1,1,82,0,0,0,0.4,risk_path,4,Bot1|Bot2|Bot3|Bot4,,1,0
273,0.45,75,440,2347823433,2610306846,3633,0.645867,506,1373,13-74,74-39,46-24,106,96,87,83,55,43,1,0,1,106,0,,102,0,,,0,fire_reached_bot,0,80,80,0,0,26,0.7547,1450,0.013472,76,76,fire_reached_bot,0,102,96,6,0,24,0.7736,2145,0.070630,,-1,fire_reached_bot,0,102,96,6,0,24,0.7736,2145,0.114624,-1,,fire_reached_bot,0,102,96,6,0,24,0.7736,2145,14.836282,-1,-1,102,0,96,6,,no_path,0,,Bot1|Bot2|Bot3|Bot4,0,1
274,0.45,75,440,2266113072,2703714323,3649,0.648711,509,1393,60-40,45-73,70-6,54,48,58,44,108,92,0,0,1,54,1,54,200,1,54,146,1,button,1,54,54,0,105,0,1.0000,247,0.002057,-1,-1,button,1,54,54,0,105,0,1.0000,247,0.010084,,-1,button,1,54,54,0,105,0,1.0000,247,0.011910,-1,,button,1,54,54,0,105,0,1.0000,247,5.131100,-1,-1,54,0,0,0,0.4,risk_path,4,Bot1|Bot2|Bot3|Bot4,,1,0
275,0.45,75,440,572313208,4115807259,3673,0.652978,515,1382,27-14,6-71,71-65,96,78,101,95,101,71,0,0,1,96,1,96,199,1,96,103,1,button,1,96,96,0,96,0,1.0000,599,0.006413,-1,-1,button,1,96,96,0,96,0,1.0000,599,0.061033,,-1,button,1,96,96,0,96,0,1.0000,599,0.062671,-1,,button,1,96,96,0,94,0,1.0000,599,13.978809,76,76,96,0,0,0,0.4,risk_path,4,Bot1|Bot2|Bot3|Bot4,,1,0
276,0.45,75,440,441933108,3198590936,3653,0.649422,500,1388,16-39,72-3,74-20,98,92,85,77,29,19,1,0,1,98,0,,57,0,,,0,walked_into_fire,0,67,67,0,-9,31,0.6837,,0.004034,58,58,fire_reached_bot,0,76,57,19,-18,41,0.5816,,0.115887,,-1,fire_reached_bot,0,76,57,19,-18,41,0.5816,,0.208544,-1,,fire_reached_bot,0,76,57,19,-18,41,0.5816,,12.931200,-1,-1,76,0,57,19,,no_path,0,,Bot1|Bot2|Bot3|Bot4,0,1
277,0.45,75,440,3418122606,1333948928,3641,0.647289,508,1374,47-46,22-43,66-36,32,28,37,29,67,51,0,0,1,32,1,32,137,1,32,105,1,button,1,32,32,0,75,0,1.0000,153,0.000673,-1,-1,button,1,32,32,0,75,0,1.0000,153,0.002141,,-1,button,1,32,32,0,75,0,1.0000,153,0.002671,-1,,button,1,32,32,0,75,0,1.0000,153,1.714829,-1,-1,32,0,0,0,0.4,risk_path,4,Bot1|Bot2|Bot3|Bot4,,1,0
278,0.45,75,440,2893733061,2995401778,3638,0.646756,510,1380,32-62,48-27,5-67,57,51,48,32,89,83,0,0,1,57,1,57,166,1,57,109,1,button,1,57,57,0,89,0,1.0000,219,0.002040,-1,-1,button,1,57,57,0,89,0,1.0000,219,0.011892,,-1,button,1,57,57,0,89,0,1.0000,219,0.013855,-1,,button,1,57,57,0,89,0,1.0000,219,5.443523,22,22,57,0,0,0,0.4,risk_path,4,Bot1|Bot2|Bot3|Bot4,,1,0
279,0.45,75,440,3773649777,926245506,3628,0.644978,495,1368,32-63,60-72,25-22,47,37,60,48,87,85,0,0,1,47,1,47,171,1,47,124,1,button,1,47,47,0,107,0,1.0000,477,0.002344,-1,-1,button,1,47,47,0,107,0,1.0000,477,0.008994,,-1,button,1,47,47,0,107,0,1.0000,477,0.011423,-1,,button,1,47,47,0,107,0,1.0000,477,4.087430,7,7,47,0,0,0,0.4,risk_path,4,Bot1|Bot2|Bot3|Bot4,,1,0
280,0.45,75,440,2985125786,3442015289,3635,0.646222,507,1348,28-4,7-3,50-1,34,22,41,25,63,45,0,0,1,34,1,34,138,1,34,104,1,button,1,34,34,0,75,0,1.0000,88,0.000525,-1,-1,button,1,34,34,0,75,0,1.0000,88,0.002682,,-1,button,1,34,34,0,75,0,1.0000,88,0.003079,-1,,button,1,34,34,0,75,0,1.0000,88,2.032637,-1,-1,34,0,0,0,0.4,risk_path,4,Bot1|Bot2|Bot3|Bot4,,1,0
281,0.45,75,440,2521516864,696713569,3648,0.648533,502,1389,44-7,32-14,41-1,25,19,11,9,28,22,0,0,1,25,1,25,59,1,25,34,1,button,1,25,25,0,19,0,1.0000,79,0.000445,-1,-1,button,1,25,25,0,19,0,1.0000,79,0.001914,,-1,button,1,25,25,0,19,0,1.0000,79,0.002174,-1,,button,1,25,25,0,19,0,1.0000,79,1.170310,-1,-1,25,0,0,0,0.4,risk_path,4,Bot1|Bot2|Bot3|Bot4,,1,0
282,0.45,75,440,3512670226,3470638926,3653,0.649422,513,1374,59-63,33-58,21-65,53,31,74,40,31,19,1,0,1,53,0,,57,1,53,4,1,button,1,53,53,0,4,0,1.0000,452,0.002906,-1,-1,button,1,53,53,0,4,0,1.0000,452,0.012288,,-1,button,1,53,53,0,4,0,1.0000,452,0.014677,-1,,button,1,53,53,0,4,0,1.0000,452,5.136664,-1,-1,53,7,16,0,0.99,risk_path,4,Bot1|Bot2|Bot3|Bot4,,1,0
283,0.45,75,440,139254943,2871586275,3638,0.646756,499,1382,4-42,66-69,7-3,103,89,60,42,127,125,0,0,1,103,1,103,234,1,103,131,1,button,1,103,103,0,67,0,1.0000,974,0.011760,-1,-1,button,1,103,103,0,67,0,1.0000,974,0.065109,,-1,button,1,103,103,0,67,0,1.0000,974,0.079208,-1,,button,1,103,103,0,67,0,1.0000,974,15.793236,38,38,103,0,0,0,0.4,risk_path,4,Bot1|Bot2|Bot3|Bot4,,1,0
284,0.45,75,440,2016013904,2387887068,3654,0.649600,510,1422,62-39,27-35,2-37,59,39,92,62,39,27,1,0,1,59,0,,83,1,59,24,1,button,1,59,59,0,24,0,1.0000,496,0.003772,-1,-1,button,1,59,59,0,24,0,1.0000,496,0.012279,,-1,button,1,59,59,0,24,0,1.0000,496,0.017865,-1,,button,1,59,59,0,24,0,1.0000,496,5.906594,-1,-1,59,26,7,0,0.99,risk_path,4,Bot1|Bot2|Bot3|Bot4,,1,0
285,0.45,75,440,2152869414,3950020351,3662,0.651022,509,1413,46-68,12-66,41-41,46,36,40,32,58,54,0,0,1,46,1,46,99,1,46,53,1,button,1,46,46,0,45,0,1.0000,466,0.002281,-1,-1,button,1,46,46,0,45,0,1.0000,466,0.007543,,-1,button,1,46,46,0,45,0,1.0000,466,0.010786,-1,,button,1,46,46,0,47,0,1.0000,466,3.454910,34,34,46,0,0,0,0.4,risk_path,4,Bot1|Bot2|Bot3|Bot4,,1,0
286,0.45,75,440,1157899962,1993066084,3639,0.646933,494,1362,35-40,45-7,36-3,55,43,56,38,15,13,1,0,1,55,0,,25,0,,,0,fire_reached_bot,0,37,37,0,-11,18,0.6727,,0.001283,23,23,fire_reached_bot,0,74,25,49,-48,30,0.4545,,0.233328,,-1,fire_reached_bot,0,74,25,49,-48,30,0.4545,,0.486888,-1,,fire_reached_bot,0,74,25,49,-48,30,0.4545,,4.376622,-1,-1,74,0,25,49,,no_path,0,,Bot1|Bot2|Bot3|Bot4,0,1
287,0.45,75,440,3991210846,343377854,3657,0.650133,514,1363,38-53,25-9,44-54,67,57,19,7,86,64,0,0,1,67,1,67,166,1,67,99,1,button,1,67,67,0,32,0,1.0000,482,0.003289,-1,-1,button,1,67,67,0,32,0,1.0000,482,0.019052,,-1,button,1,67,67,0,32,0,1.0000,482,0.022559,-1,,button,1,67,67,0,32,0,1.0000,482,6.909557,65,65,67,0,0,0,0.4,risk_path,4,Bot1|Bot2|Bot3|Bot4,,1,0
288,0.45,75,440,3830897319,2464422491,3661,0.650844,511,1430,65-37,32-41,39-55,47,37,46,44,33,21,1,0,1,47,0,,56,1,47,9,1,button,1,47,47,0,9,0,1.0000,481,0.002677,-1,-1,button,1,47,47,0,9,0,1.0000,481,0.007800,,-1,button,1,47,47,0,9,0,1.0000,481,0.010599,-1,,button,1,47,47,0,9,0,1.0000,481,3.564270,-1,-1,47,10,0,0,0.99,risk_path,4,Bot1|Bot2|Bot3|Bot4,,1,0
289,0.45,75,440,718415510,2147925118,3645,0.648000,499,1380,34-46,50-13,2-73,57,49,61,59,118,108,0,0,1,57,1,57,215,1,57,158,1,button,1,57,57,0,110,0,1.0000,224,0.001988,-1,-1,button,1,57,57,0,110,0,1.0000,224,0.010114,,-1,button,1,57,57,0,110,0,1.0000,224,0.011732,-1,,button,1,57,57,0,110,0,1.0000,224,5.334485,3,3,57,0,0,0,0.4,risk_path,4,Bot1|Bot2|Bot3|Bot4,,1,0
290,0.45,75,440,3810450922,1091198838,3649,0.648711,509,1393,38-31,8-34,21-59,45,33,45,45,44,38,1,0,1,45,0,,90,1,45,45,1,button,1,45,45,0,45,0,1.0000,523,0.002825,-1,-1,button,1,45,45,0,45,0,1.0000,523,0.007518,,-1,button,1,45,45,0,45,0,1.0000,523,0.010608,-1,,button,1,45,45,0,45,0,1.0000,523,3.663290,-1,-1,45,0,0,0,0.4,risk_path,4,Bot1|Bot2|Bot3|Bot4,,1,0
291,0.45,75,440,488650922,3463263512,3635,0.646222,503,1370,28-52,57-36,37-65,51,45,30,22,53,49,0,0,1,51,1,51,111,1,51,60,1,button,1,51,51,0,41,0,1.0000,189,0.001316,-1,-1,button,1,51,51,0,41,0,1.0000,189,0.008249,,-1,button,1,51,51,0,41,0,1.0000,189,0.009888,-1,,button,1,51,51,0,41,0,1.0000,189,4.353463,1,1,51,0,0,0,0.4,risk_path,4,Bot1|Bot2|Bot3|Bot4,,1,0
292,0.45,75,440,1069063252,2129452804,3641,0.647289,498,1356,46-5,62-39,70-24,56,50,59,43,23,23,1,0,1,56,0,,53,0,,,0,fire_reached_bot,0,36,36,0,0,20,0.6429,163,0.000968,34,34,fire_reached_bot,0,59,50,9,-5,22,0.6071,,0.054226,,-1,fire_reached_bot,0,59,50,9,-5,22,0.6071,,0.108116,-1,,fire_reached_bot,0,59,50,9,-5,22,0.6071,,6.720744,-1,-1,59,0,50,9,,no_path,0,,Bot1|Bot2|Bot3|Bot4,0,1
293,0.45,75,440,2939677069,3588486604,3656,0.649956,511,1377,31-9,16-62,11-71,74,68,88,82,14,14,1,0,1,74,0,,29,0,,,0,walked_into_fire,0,61,61,0,-31,13,0.8243,,0.002985,30,30,fire_reached_bot,0,133,29,104,-103,45,0.3919,,0.444352,,-1,fire_reached_bot,0,133,29,104,-103,45,0.3919,,0.907498,-1,,fire_reached_bot,0,133,29,104,-103,45,0.3919,,6.890291,-1,-1,133,0,29,104,,no_path,0,,Bot1|Bot2|Bot3|Bot4,0,1
294,0.45,75,440,3448987124,1070658387,3646,0.648178,504,1370,1-64,0-32,53-31,51,33,87,85,68,54,0,0,1,51,1,51,134,1,51,83,1,button,1,51,51,0,78,0,1.0000,520,0.002874,-1,-1,button,1,51,51,0,78,0,1.0000,520,0.008804,,-1,button,1,51,51,0,78,0,1.0000,520,0.012459,-1,,button,1,51,51,0,78,0,1.0000,520,4.130804,-1,-1,51,0,0,0,0.4,risk_path,4,Bot1|Bot2|Bot3|Bot4,,1,0
295,0.45,75,440,3957383876,3993555280,3636,0.646400,488,1349,43-23,34-19,37-37,15,13,26,20,23,21,0,0,1,15,1,15,56,1,15,41,1,button,1,15,15,0,36,0,1.0000,34,0.000203,-1,-1,button,1,15,15,0,36,0,1.0000,34,0.000443,,-1,button,1,15,15,0,36,0,1.0000,34,0.000629,-1,,button,1,15,15,0,36,0,1.0000,34,0.436466,-1,-1,15,0,0,0,0.4,risk_path,4,Bot1|Bot2|Bot3|Bot4,,1,0
296,0.45,75,440,1682334534,1630947947,3617,0.643022,503,1320,22-65,9-42,33-4,52,36,102,72,66,62,0,0,1,52,1,52,114,1,52,62,1,button,1,52,52,0,62,0,1.0000,347,0.002463,-1,-1,button,1,52,52,0,62,0,1.0000,347,0.010079,,-1,button,1,52,52,0,62,0,1.0000,347,0.013193,-1,,button,1,52,52,0,62,0,1.0000,347,4.293005,47,47,52,0,0,0,0.4,risk_path,4,Bot1|Bot2|Bot3|Bot4,,1,0
297,0.45,75,440,3826954389,2667375914,3627,0.644800,504,1383,45-29,20-58,24-32,58,54,32,24,34,30,1,0,1,58,0,,77,1,58,19,0,fire_reached_bot,0,22,22,0,0,36,0.3793,62,0.000954,16,16,button,1,68,68,0,3,0,1.0000,936,0.017435,,-1,button,1,68,68,0,3,0,1.0000,936,0.025182,-1,,button,1,68,68,0,3,0,1.0000,936,7.453305,-1,-1,68,10,44,0,0.99,risk_path,3,Bot2|Bot3|Bot4,Bot1,0,0
298,0.45,75,440,1463647553,2324460761,3676,0.653511,516,1382,7-73,14-7,18-37,113,73,73,47,48,34,1,0,1,113,0,,91,0,,,0,walked_into_fire,0,50,50,0,-1,63,0.4425,189,0.002880,49,47,fire_reached_bot,0,81,65,16,0,74,0.3451,826,0.081332,,47,fire_reached_bot,0,81,65,16,0,74,0.3451,826,0.096325,47,,fire_reached_bot,0,81,65,16,0,74,0.3451,826,13.719698,-1,47,81,0,65,16,,no_path,0,,Bot1|Bot2|Bot3|Bot4,0,1
299,0.45,75,440,290523079,465395590,3655,0.649778,518,1381,69-18,62-58,22-38,57,47,77,67,66,60,0,0,1,57,1,57,118,1,57,61,1,button,1,57,57,0,61,0,1.0000,522,0.003123,-1,-1,button,1,57,57,0,61,0,1.0000,522,0.010965,,-1,button,1,57,57,0,61,0,1.0000,522,0.015314,-1,,button,1,57,57,0,61,0,1.0000,522,5.202237,-1,-1,57,0,0,0,0.4,risk_path,4,Bot1|Bot2|Bot3|Bot4,,1,0
300,0.45,75,440,2918341021,4123951292,3643,0.647644,507,1388,3-20,42-65,72-2,98,84,121,87,103,93,0,0,1,98,1,98,192,1,98,94,1,button,1,98,98,0,94,0,1.0000,542,0.006272,-1,-1,button,1,98,98,0,94,0,1.0000,542,0.058736,,-1,button,1,98,98,0,94,0,1.0000,542,0.067291,-1,,button,1,98,98,0,94,0,1.0000,542,14.170056,17,17,98,0,0,0,0.4,risk_path,4,Bot1|Bot2|Bot3|Bot4,,1,0
301,0.45,75,440,1819333381,488089373,3635,0.646222,494,1346,46-31,45-39,54-54,11,9,35,31,24,24,0,0,1,11,1,11,47,1,11,36,1,button,1,11,11,0,36,0,1.0000,23,0.000172,-1,-1,button,1,11,11,0,36,0,1.0000,23,0.000227,,-1,button,1,11,11,0,36,0,1.0000,23,0.000349,-1,,button,1,11,11,0,36,0,1.0000,23,0.285295,-1,-1,11,0,0,0,0.4,risk_path,4,Bot1|Bot2|Bot3|Bot4,,1,0
302,0.45,75,440,1770019578,3777455532,3626,0.644622,501,1376,59-48,49-47,28-6,21,11,73,73,64,62,0,0,1,21,1,21,126,1,21,105,1,button,1,21,21,0,105,0,1.0000,49,0.000369,-1,-1,button,1,21,21,0,105,0,1.0000,49,0.000975,,-1,button,1,21,21,0,105,0,1.0000,49,0.001240,-1,,button,1,21,21,0,105,0,1.0000,49,0.799175,8,8,21,0,0,0,0.4,risk_path,4,Bot1|Bot2|Bot3|Bot4,,1,0
303,0.45,75,440,1560084379,2039133605,3629,0.645156,497,1345,39-25,1-70,74-53,97,83,69,63,96,90,1,0,1,97,0,,175,1,97,78,1,button,1,97,97,0,44,0,1.0000,1126,0.012546,-1,-1,button,1,97,97,0,44,0,1.0000,1126,0.056501,,-1,button,1,97,97,0,44,0,1.0000,1126,0.071981,-1,,button,1,97,97,0,44,0,1.0000,1126,12.455399,-1,-1,97,0,0,0,0.4,risk_path,4,Bot1|Bot2|Bot3|Bot4,,1,0
304,0.45,75,440,3262132408,1721014697,3658,0.650311,496,1385,65-54,0-53,27-37,96,66,59,55,49,43,1,0,1,96,0,,101,0,,,0,fire_reached_bot,0,55,55,0,0,41,0.5729,452,0.004142,55,55,fire_reached_bot,0,68,68,0,0,30,0.6875,842,0.050665,,-1,fire_reached_bot,0,68,68,0,0,30,0.6875,842,0.058162,-1,,fire_reached_bot,0,68,68,0,0,30,0.6875,842,11.405452,-1,-1,68,0,68,0,,shortest_path_fallback,0,,Bot1|Bot2|Bot3|Bot4,0,1
305,0.45,75,440,77630353,3086096505,3634,0.646044,490,1370,32-73,64-44,11-31,65,61,67,63,74,66,0,0,1,65,1,65,156,1,65,91,1,button,1,65,65,0,89,0,1.0000,545,0.003722,-1,-1,button,1,65,65,0,89,0,1.0000,545,0.012524,,-1,button,1,65,65,0,89,0,1.0000,545,0.016562,-1,,button,1,65,65,0,91,0,1.0000,545,6.334818,9,9,65,0,0,0,0.4,risk_path,4,Bot1|Bot2|Bot3|Bot4,,1,0
306,0.45,75,440,3978666814,258631395,3644,0.647822,494,1394,3-14,7-13,33-47,15,5,73,63,68,60,0,0,1,15,1,15,129,1,15,114,1,button,1,15,15,0,114,0,1.0000,71,0.000307,-1,-1,button,1,15,15,0,114,0,1.0000,71,0.000520,,-1,button,1,15,15,0,114,0,1.0000,71,0.000781,-1,,button,1,15,15,0,114,0,1.0000,71,0.445384,-1,-1,15,0,0,0,0.4,risk_path,4,Bot1|Bot2|Bot3|Bot4,,1,0
307,0.45,75,440,1680995527,3003881739,3653,0.649422,507,1391,65-55,74-12,61-23,66,52,44,36,24,24,1,0,1,66,0,,40,0,,,0,walked_into_fire,0,30,30,0,-2,36,0.4545,164,0.001348,27,22,fire_reached_bot,0,49,30,19,-8,44,0.3333,,0.106448,,22,fire_reached_bot,0,52,30,22,-11,46,0.3030,,0.200873,22,,fire_reached_bot,0,49,30,19,-8,44,0.3333,,5.935081,-1,22,49,0,30,19,,no_path,0,,Bot1|Bot2|Bot3|Bot4,0,1
308,0.45,75,440,3117523694,2309348517,3656,0.649956,515,1390,15-41,1-38,23-35,31,17,14,14,39,25,0,0,1,31,1,31,80,1,31,49,1,button,1,31,31,0,27,0,1.0000,214,0.001060,-1,-1,button,1,31,31,0,27,0,1.0000,214,0.002436,,-1,button,1,31,31,0,27,0,1.0000,214,0.003405,-1,,button,1,31,31,0,27,0,1.0000,214,2.068092,-1,-1,31,0,0,0,0.4,risk_path,4,Bot1|Bot2|Bot3|Bot4,,1,0
309,0.45,75,440,2835355592,297263676,3627,0.644800,500,1373,11-50,68-37,68-60,86,70,97,67,41,23,1,0,1,86,0,,79,0,,,0,fire_reached_bot,0,69,69,0,0,17,0.8023,393,0.004461,62,62,fire_reached_bot,0,90,69,21,-10,27,0.6860,,0.125951,,-1,fire_reached_bot,0,90,69,21,-10,27,0.6860,,0.247718,-1,,fire_reached_bot,0,90,69,21,-10,27,0.6860,,12.917369,-1,-1,90,0,69,21,,no_path,0,,Bot1|Bot2|Bot3|Bot4,0,1
310,0.45,75,440,2898697772,2994729344,3622,0.643911,510,1334,29-24,19-52,44-21,56,38,22,18,58,56,0,0,1,56,1,56,134,1,56,78,1,button,1,56,56,0,51,0,1.0000,528,0.003608,-1,-1,button,1,56,56,0,51,0,1.0000,528,0.015576,,-1,button,1,56,56,0,51,0,1.0000,528,0.019078,-1,,button,1,56,56,0,51,0,1.0000,528,4.866957,-1,-1,56,0,0,0,0.4,risk_path,4,Bot1|Bot2|Bot3|Bot4,,1,0
311,0.45,75,440,1005567868,222496869,3643,0.647644,506,1381,16-45,13-59,40-62,35,17,65,41,50,30,0,0,1,35,1,35,111,1,35,76,1,button,1,35,35,0,76,0,1.0000,144,0.000840,-1,-1,button,1,35,35,0,76,0,1.0000,144,0.002846,,-1,button,1,35,35,0,76,0,1.0000,144,0.003618,-1,,button,1,35,35,0,76,0,1.0000,144,2.050347,-1,-1,35,0,0,0,0.4,risk_path,4,Bot1|Bot2|Bot3|Bot4,,1,0
312,0.45,75,440,3042795674,2137903543,3656,0.649956,523,1394,37-7,45-46,3-20,65,47,55,47,74,68,0,0,1,65,1,65,142,1,65,77,1,button,1,65,65,0,65,0,1.0000,481,0.003090,-1,-1,button,1,65,65,0,65,0,1.0000,481,0.012145,,-1,button,1,65,65,0,65,0,1.0000,481,0.015246,-1,,button,1,65,65,0,69,0,1.0000,481,6.689014,39,39,65,0,0,0,0.4,risk_path,4,Bot1|Bot2|Bot3|Bot4,,1,0
313,0.45,75,440,1246630585,1554748669,3644,0.647822,515,1381,70-15,74-36,60-13,39,25,58,12,53,37,0,0,1,39,1,39,103,1,39,64,1,button,1,39,39,0,50,0,1.0000,146,0.000991,-1,-1,button,1,39,39,0,50,0,1.0000,146,0.004345,,-1,button,1,39,39,0,50,0,1.0000,146,0.005297,-1,,button,1,39,39,0,50,0,1.0000,146,2.533360,25,25,39,0,0,0,0.4,risk_path,4,Bot1|Bot2|Bot3|Bot4,,1,0
314,0.45,75,440,2358439391,771830428,3651,0.649067,506,1369,54-13,45-40,7-28,40,36,82,62,62,50,0,0,1,40,1,40,144,1,40,104,1,button,1,40,40,0,102,0,1.0000,99,0.000687,-1,-1,button,1,40,40,0,102,0,1.0000,99,0.003039,,-1,button,1,40,40,0,102,0,1.0000,99,0.003605,-1,,button,1,40,40,0,102,0,1.0000,99,3.155655,-1,-1,40,0,0,0,0.4,risk_path,4,Bot1|Bot2|Bot3|Bot4,,1,0
315,0.45,75,440,773523320,1401553363,3618,0.643200,495,1376,24-48,24-35,13-9,19,13,58,50,53,37,0,0,1,19,1,19,117,1,19,98,1,button,1,19,19,0,87,0,1.0000,115,0.000457,-1,-1,button,1,19,19,0,87,0,1.0000,115,0.000888,,-1,button,1,19,19,0,87,0,1.0000,115,0.001247,-1,,button,1,19,19,0,87,0,1.0000,115,0.754121,6,6,19,0,0,0,0.4,risk_path,4,Bot1|Bot2|Bot3|Bot4,,1,0
316,0.45,75,440,1738134723,2008269550,3615,0.642667,493,1361,13-28,74-55,16-9,92,88,34,22,108,104,0,0,1,92,1,92,215,1,92,123,1,button,1,92,92,0,50,0,1.0000,1028,0.010189,-1,-1,button,1,92,92,0,50,0,1.0000,1028,0.041045,,-1,button,1,92,92,0,50,0,1.0000,1028,0.052468,-1,,button,1,92,92,0,50,0,1.0000,1028,11.790353,15,15,92,0,0,0,0.4,risk_path,4,Bot1|Bot2|Bot3|Bot4,,1,0
317,0.45,75,440,979263756,953799673,3669,0.652267,502,1402,13-59,8-50,29-50,16,14,31,25,31,21,0,0,1,16,1,16,65,1,16,49,1,button,1,16,16,0,49,0,1.0000,39,0.000230,-1,-1,button,1,16,16,0,49,0,1.0000,39,0.000437,,-1,button,1,16,16,0,49,0,1.0000,39,0.000629,-1,,button,1,16,16,0,49,0,1.0000,39,0.508232,-1,-1,16,0,0,0,0.4,risk_path,4,Bot1|Bot2|Bot3|Bot4,,1,0
318,0.45,75,440,1739095726,662417193,3613,0.642311,484,1308,66-39,40-23,28-18,42,42,59,59,17,17,1,0,1,42,0,,33,0,,,0,walked_into_fire,0,39,39,0,-5,3,0.9286,,0.001229,34,34,fire_reached_bot,0,53,33,20,-19,9,0.7857,,0.095862,,-1,fire_reached_bot,0,53,33,20,-19,9,0.7857,,0.193347,-1,,fire_reached_bot,0,53,33,20,-19,9,0.7857,,2.978247,-1,-1,53,0,33,20,,no_path,0,,Bot1|Bot2|Bot3|Bot4,0,1
319,0.45,75,440,868483726,487361327,3650,0.648889,508,1404,55-23,16-9,32-68,67,53,68,68,83,75,0,0,1,67,1,67,163,1,67,96,1,button,1,67,67,0,96,0,1.0000,822,0.006258,-1,-1,button,1,67,67,0,96,0,1.0000,822,0.022037,,-1,button,1,67,67,0,96,0,1.0000,822,0.028920,-1,,button,1,67,67,0,96,0,1.0000,822,7.127191,-1,-1,67,0,0,0,0.4,risk_path,4,Bot1|Bot2|Bot3|Bot4,,1,0
320,0.45,75,440,780381394,1436591598,3617,0.643022,490,1335,61-29,72-65,25-35,67,47,64,42,83,77,0,0,1,67,1,67,166,1,67,99,1,button,1,67,67,0,89,0,1.0000,762,0.005790,-1,-1,button,1,67,67,0,89,0,1.0000,762,0.021642,,-1,button,1,67,67,0,89,0,1.0000,762,0.028005,-1,,button,1,67,67,0,89,0,1.0000,762,6.663360,9,9,67,0,0,0,0.4,risk_path,4,Bot1|Bot2|Bot3|Bot4,,1,0
321,0.45,75,440,3438593776,3903306868,3635,0.646222,502,1352,60-59,50-8,12-9,89,61,106,98,51,39,1,0,1,89,0,,101,1,89,12,1,button,1,89,89,0,2,0,1.0000,1058,0.010458,-1,-1,button,1,89,89,0,2,0,1.0000,1058,0.042297,,-1,button,1,89,89,0,2,0,1.0000,1058,0.054924,-1,,button,1,89,89,0,2,0,1.0000,1058,13.090110,-1,-1,89,15,56,0,0.99,risk_path,4,Bot1|Bot2|Bot3|Bot4,,1,0
322,0.45,75,440,3986935069,3858830174,3609,0.641600,489,1337,31-41,40-34,16-58,18,16,38,32,56,48,0,0,1,18,1,18,113,1,18,95,1,button,1,18,18,0,73,0,1.0000,58,0.000340,-1,-1,button,1,18,18,0,73,0,1.0000,58,0.000732,,-1,button,1,18,18,0,73,0,1.0000,58,0.000996,-1,,button,1,18,18,0,73,0,1.0000,58,0.580427,4,4,18,0,0,0,0.4,risk_path,4,Bot1|Bot2|Bot3|Bot4,,1,0
323,0.45,75,440,509776406,2567658253,3634,0.646044,501,1378,47-21,69-44,53-74,53,45,81,59,48,46,1,0,1,53,0,,106,1,53,53,1,button,1,53,53,0,52,0,1.0000,137,0.001484,-1,-1,button,1,53,53,0,52,0,1.0000,137,0.008665,,-1,button,1,53,53,0,52,0,1.0000,137,0.010129,-1,,button,1,53,53,0,52,0,1.0000,137,4.977384,35,35,53,0,0,0,0.4,risk_path,4,Bot1|Bot2|Bot3|Bot4,,1,0
324,0.45,75,440,1895927736,3210878789,3644,0.647822,498,1357,21-58,33-29,37-60,47,41,24,18,53,35,0,0,1,47,1,47,97,1,47,50,1,button,1,47,47,0,39,0,1.0000,362,0.001919,-1,-1,button,1,47,47,0,39,0,1.0000,362,0.008059,,-1,button,1,47,47,0,39,0,1.0000,362,0.010110,-1,,button,1,47,47,0,38,0,1.0000,362,3.762511,1,1,47,0,0,0,0.4,risk_path,4,Bot1|Bot2|Bot3|Bot4,,1,0
325,0.45,75,440,75942277,1867417450,3633,0.645867,498,1373,42-69,9-37,54-41,67,65,52,40,73,49,0,0,1,67,1,67,149,1,67,82,1,button,1,67,67,0,72,0,1.0000,750,0.005384,-1,-1,button,1,67,67,0,72,0,1.0000,750,0.014663,,-1,button,1,67,67,0,72,0,1.0000,750,0.021550,-1,,button,1,67,67,0,72,0,1.0000,750,7.068204,-1,-1,67,0,0,0,0.4,risk_path,4,Bot1|Bot2|Bot3|Bot4,,1,0
326,0.45,75,440,4250529820,1484301454,3643,0.647644,502,1368,33-23,2-23,69-51,49,31,74,64,107,95,0,0,1,49,1,49,226,1,49,177,1,button,1,49,49,0,144,0,1.0000,279,0.002159,-1,-1,button,1,49,49,0,144,0,1.0000,279,0.008445,,-1,button,1,49,49,0,144,0,1.0000,279,0.011042,-1,,button,1,49,49,0,144,0,1.0000,279,4.175641,-1,-1,49,0,0,0,0.4,risk_path,4,Bot1|Bot2|Bot3|Bot4,,1,0
327,0.45,75,440,3071567326,2258578127,3628,0.644978,495,1351,17-29,32-6,61-47,52,38,68,62,86,70,0,0,1,52,1,52,151,1,52,99,1,button,1,52,52,0,79,0,1.0000,593,0.003883,-1,-1,button,1,52,52,0,79,0,1.0000,593,0.014337,,-1,button,1,52,52,0,79,0,1.0000,593,0.018931,-1,,button,1,52,52,0,79,0,1.0000,593,4.310211,-1,-1,52,0,0,0,0.4,risk_path,4,Bot1|Bot2|Bot3|Bot4,,1,0
328,0.45,75,440,407302120,1091993989,3642,0.647467,494,1375,69-30,27-56,9-73,68,68,105,103,41,35,1,0,1,68,0,,78,1,68,10,1,button,1,68,68,0,9,0,1.0000,370,0.003123,-1,-1,button,1,68,68,0,9,0,1.0000,370,0.013264,,-1,button,1,68,68,0,9,0,1.0000,370,0.017203,-1,,button,1,68,68,0,9,0,1.0000,370,8.745228,-1,-1,68,17,22,0,0.99,risk_path,4,Bot1|Bot2|Bot3|Bot4,,1,0
329,0.45,75,440,403694093,443635467,3638,0.646756,512,1379,43-13,3-72,5-9,105,99,52,42,99,65,1,0,1,105,0,,186,1,105,81,1,button,1,105,105,0,26,0,1.0000,1138,0.013052,-1,-1,button,1,105,105,0,26,0,1.0000,1138,0.054934,,-1,button,1,105,105,0,26,0,1.0000,1138,0.071671,-1,,button,1,105,105,0,26,0,1.0000,1138,14.916263,-1,-1,105,0,0,0,0.4,risk_path,4,Bot1|Bot2|Bot3|Bot4,,1,0
330,0.45,75,440,2933929372,24815168,3657,0.650133,506,1413,16-47,12-13,7-1,58,38,71,55,21,17,1,0,1,58,0,,59,0,,,0,walked_into_fire,0,56,56,0,-1,2,0.9655,201,0.002011,55,55,fire_reached_bot,0,64,54,10,-4,4,0.9310,,0.064868,,-1,fire_reached_bot,0,64,54,10,-4,4,0.9310,,0.115322,-1,,fire_reached_bot,0,64,54,10,-4,4,0.9310,,6.389281,-1,-1,64,4,50,10,0.99,no_path,0,,Bot1|Bot2|Bot3|Bot4,0,1
331,0.45,75,440,571489985,3669167757,3662,0.651022,499,1410,27-33,16-4,24-50,66,40,26,20,70,54,0,0,1,66,1,66,139,1,66,73,1,button,1,66,66,0,24,0,1.0000,1043,0.006924,-1,-1,button,1,66,66,0,24,0,1.0000,1043,0.020439,,-1,button,1,66,66,0,24,0,1.0000,1043,0.028537,-1,,button,1,66,66,0,24,0,1.0000,1043,6.026192,-1,-1,66,0,0,0,0.4,risk_path,4,Bot1|Bot2|Bot3|Bot4,,1,0
332,0.45,75,440,2718824820,2814868908,3642,0.647467,500,1367,69-72,7-71,1-31,107,63,123,109,68,46,1,0,1,107,0,,131,1,107,24,1,button,1,107,107,0,24,0,1.0000,1150,0.011250,-1,-1,button,1,107,107,0,24,0,1.0000,1150,0.062393,,-1,button,1,107,107,0,24,0,1.0000,1150,0.076744,-1,,button,1,107,107,0,24,0,1.0000,1150,16.448588,-1,-1,107,6,32,0,0.99,risk_path,4,Bot1|Bot2|Bot3|Bot4,,1,0
333,0.45,75,440,1458069241,3379700867,3616,0.642844,488,1368,54-44,9-44,37-18,71,45,51,43,70,54,1,0,1,71,0,,136,1,71,65,1,button,1,71,71,0,48,0,1.0000,773,0.006229,-1,-1,button,1,71,71,0,48,0,1.0000,773,0.029130,,-1,button,1,71,71,0,48,0,1.0000,773,0.037432,-1,,button,1,71,71,0,48,0,1.0000,773,7.529165,-1,-1,71,0,0,0,0.4,risk_path,4,Bot1|Bot2|Bot3|Bot4,,1,0
334,0.45,75,440,110822976,411924728,3637,0.646578,500,1351,9-14,47-13,64-72,57,39,113,113,90,76,0,0,1,57,1,57,172,1,57,115,1,button,1,57,57,0,112,0,1.0000,296,0.002326,-1,-1,button,1,57,57,0,112,0,1.0000,296,0.008912,,-1,button,1,57,57,0,112,0,1.0000,296,0.011778,-1,,button,1,57,57,0,112,0,1.0000,296,5.169089,30,30,57,0,0,0,0.4,risk_path,4,Bot1|Bot2|Bot3|Bot4,,1,0
335,0.45,75,440,3526644172,994635310,3650,0.648889,506,1412,56-5,54-63,8-20,98,60,75,63,97,89,1,0,1,98,0,,177,1,98,79,1,button,1,98,98,0,79,0,1.0000,1208,0.013310,-1,-1,button,1,98,98,0,79,0,1.0000,1208,0.071246,,-1,button,1,98,98,0,79,0,1.0000,1208,0.088588,-1,,button,1,98,98,0,79,0,1.0000,1208,12.953620,-1,-1,98,0,0,0,0.4,risk_path,4,Bot1|Bot2|Bot3|Bot4,,1,0
336,0.45,75,440,1087217453,2269991397,3621,0.643733,494,1334,22-61,69-15,6-53,93,93,28,24,111,101,0,0,1,93,1,93,207,1,93,114,1,button,1,93,93,0,41,0,1.0000,1045,0.010088,-1,-1,button,1,93,93,0,41,0,1.0000,1045,0.033508,,-1,button,1,93,93,0,41,0,1.0000,1045,0.044570,-1,,button,1,93,93,0,41,0,1.0000,1045,12.147523,9,9,93,0,0,0,0.4,risk_path,4,Bot1|Bot2|Bot3|Bot4,,1,0
337,0.45,75,440,4182190525,591908680,3630,0.645333,507,1374,56-6,63-6,60-53,15,7,63,51,64,50,0,0,1,15,1,15,117,1,15,102,1,button,1,15,15,0,102,0,1.0000,37,0.000226,-1,-1,button,1,15,15,0,102,0,1.0000,37,0.000463,,-1,button,1,15,15,0,102,0,1.0000,37,0.000678,-1,,button,1,15,15,0,102,0,1.0000,37,0.440269,1,1,15,0,0,0,0.4,risk_path,4,Bot1|Bot2|Bot3|Bot4,,1,0
338,0.45,75,440,131814599,1043486984,3657,0.650133,523,1389,39-55,70-4,56-15,84,82,63,57,25,25,1,0,1,84,0,,46,0,,,0,walked_into_fire,0,48,48,0,-3,36,0.5714,,0.003114,30,28,fire_reached_bot,0,67,35,32,-20,59,0.2976,,0.155458,,28,fire_reached_bot,0,59,35,24,-12,55,0.3452,,0.231460,28,,fire_reached_bot,0,67,35,32,-20,59,0.2976,,8.054305,-1,28,67,0,35,32,,no_path,0,,Bot1|Bot2|Bot3|Bot4,0,1
339,0.45,75,440,1857643394,677001930,3667,0.651911,510,1436,66-71,67-49,25-46,29,23,70,66,57,45,0,0,1,29,1,29,117,1,29,88,1,button,1,29,29,0,88,0,1.0000,72,0.000496,-1,-1,button,1,29,29,0,88,0,1.0000,72,0.001720,,-1,button,1,29,29,0,88,0,1.0000,72,0.002098,-1,,button,1,29,29,0,88,0,1.0000,72,1.413448,20,20,29,0,0,0,0.4,risk_path,4,Bot1|Bot2|Bot3|Bot4,,1,0
340,0.45,75,440,3864308138,3978975570,3644,0.647822,513,1385,10-9,61-25,64-45,83,67,100,90,27,23,1,0,1,83,0,,58,0,,,0,fire_reached_bot,0,72,72,0,-13,11,0.8675,,0.008137,58,58,fire_reached_bot,0,109,57,52,-50,26,0.6867,,0.218604,,-1,fire_reached_bot,0,109,57,52,-50,26,0.6867,,0.417656,-1,,fire_reached_bot,0,109,57,52,-50,26,0.6867,,10.036328,-1,-1,109,0,57,52,,no_path,0,,Bot1|Bot2|Bot3|Bot4,0,1
341,0.45,75,440,3005494717,346531541,3669,0.652267,514,1446,23-73,11-56,43-56,29,29,51,37,56,32,0,0,1,29,1,29,133,1,29,104,1,button,1,29,29,0,90,0,1.0000,61,0.000419,-1,-1,button,1,29,29,0,90,0,1.0000,61,0.001704,,-1,button,1,29,29,0,90,0,1.0000,61,0.002008,-1,,button,1,29,29,0,90,0,1.0000,61,1.426724,-1,-1,29,0,0,0,0.4,risk_path,4,Bot1|Bot2|Bot3|Bot4,,1,0
342,0.45,75,440,2387691047,1277799577,3628,0.644978,496,1375,63-32,0-59,64-69,110,90,48,38,108,74,1,0,1,110,0,,220,1,110,110,1,button,1,110,110,0,61,0,1.0000,1140,0.014818,-1,-1,button,1,110,110,0,61,0,1.0000,1140,0.099135,,-1,button,1,110,110,0,61,0,1.0000,1140,0.113556,-1,,button,1,110,110,0,61,0,1.0000,1140,16.061644,80,80,110,0,0,0,0.4,risk_path,4,Bot1|Bot2|Bot3|Bot4,,1,0
343,0.45,75,440,909155234,2602241716,3644,0.647822,500,1364,16-23,49-50,35-2,60,60,42,40,74,62,0,0,1,60,1,60,132,1,60,72,1,button,1,60,60,0,64,0,1.0000,332,0.002007,-1,-1,button,1,60,60,0,64,0,1.0000,332,0.008113,,-1,button,1,60,60,0,64,0,1.0000,332,0.009971,-1,,button,1,60,60,0,62,0,1.0000,332,5.497586,1,1,60,0,0,0,0.4,risk_path,4,Bot1|Bot2|Bot3|Bot4,,1,0
344,0.45,75,440,3582665592,3009362077,3649,0.648711,507,1382,35-73,60-54,29-72,46,44,9,7,55,49,0,0,1,46,1,46,126,1,46,80,1,button,1,46,46,0,26,0,1.0000,143,0.001047,-1,-1,button,1,46,46,0,26,0,1.0000,143,0.004732,,-1,button,1,46,46,0,26,0,1.0000,143,0.005561,-1,,button,1,46,46,0,26,0,1.0000,143,3.395293,-1,-1,46,0,0,0,0.4,risk_path,4,Bot1|Bot2|Bot3|Bot4,,1,0
345,0.45,75,440,2398338138,2828610287,3658,0.650311,518,1407,57-10,11-57,39-61,101,93,79,69,44,32,1,0,1,101,0,,88,0,,,0,walked_into_fire,0,92,92,0,-3,9,0.9109,,0.013146,89,89,fire_reached_bot,0,102,88,14,-13,13,0.8713,,0.088639,,-1,fire_reached_bot,0,102,88,14,-13,13,0.8713,,0.131164,-1,,fire_reached_bot,0,102,88,14,-13,13,0.8713,,14.477900,-1,-1,102,0,88,14,,no_path,0,,Bot1|Bot2|Bot3|Bot4,0,1
346,0.45,75,440,1634039232,257003492,3623,0.644089,481,1315,15-50,50-34,67-55,55,51,73,57,58,38,0,0,1,55,1,55,124,1,55,69,1,button,1,55,55,0,60,0,1.0000,251,0.002052,-1,-1,button,1,55,55,0,60,0,1.0000,251,0.007974,,-1,button,1,55,55,0,60,0,1.0000,251,0.009944,-1,,button,1,55,55,0,59,0,1.0000,251,4.955639,9,9,55,0,0,0,0.4,risk_path,4,Bot1|Bot2|Bot3|Bot4,,1,0
347,0.45,75,440,2513077685,551885425,3649,0.648711,526,1370,16-2,51-8,61-32,45,41,77,75,40,34,1,0,1,45,0,,86,1,45,41,1,button,1,45,45,0,41,0,1.0000,354,0.002312,-1,-1,button,1,45,45,0,41,0,1.0000,354,0.005094,,-1,button,1,45,45,0,41,0,1.0000,354,0.006999,-1,,button,1,45,45,0,41,0,1.0000,354,3.191451,-1,-1,45,0,0,0,0.4,risk_path,4,Bot1|Bot2|Bot3|Bot4,,1,0
348,0.45,75,440,2812461286,2193935649,3611,0.641956,483,1301,15-34,23-68,70-39,52,42,84,60,90,76,0,0,1,52,1,52,151,1,52,99,1,button,1,52,52,0,90,0,1.0000,228,0.001797,-1,-1,button,1,52,52,0,90,0,1.0000,228,0.011318,,-1,button,1,52,52,0,90,0,1.0000,228,0.010691,-1,,button,1,52,52,0,90,0,1.0000,228,4.205572,5,5,52,0,0,0,0.4,risk_path,4,Bot1|Bot2|Bot3|Bot4,,1,0
349,0.45,75,440,1831191962,3675714604,3639,0.646933,513,1405,21-49,42-73,62-57,47,45,61,49,38,36,1,0,1,47,0,,71,1,47,24,1,button,1,47,47,0,24,0,1.0000,355,0.002081,-1,-1,button,1,47,47,0,24,0,1.0000,355,0.007086,,-1,button,1,47,47,0,24,0,1.0000,355,0.009121,-1,,button,1,47,47,0,24,0,1.0000,355,3.865567,6,6,47,0,0,0,0.4,risk_path,4,Bot1|Bot2|Bot3|Bot4,,1,0
350,0.45,75,440,2219431423,1820989950,3664,0.651378,510,1364,40-51,48-66,2-54,35,23,61,41,64,58,0,0,1,35,1,35,140,1,35,105,1,button,1,35,35,0,97,0,1.0000,119,0.000722,-1,-1,button,1,35,35,0,97,0,1.0000,119,0.002829,,-1,button,1,35,35,0,97,0,1.0000,119,0.003623,-1,,button,1,35,35,0,97,0,1.0000,119,1.987528,9,9,35,0,0,0,0.4,risk_path,4,Bot1|Bot2|Bot3|Bot4,,1,0
351,0.45,75,440,509892709,3321225519,3631,0.645511,492,1334,68-20,35-61,33-59,76,74,84,74,8,4,1,0,1,76,0,,19,0,,,0,walked_into_fire,0,59,59,0,-39,17,0.7763,,0.002241,20,20,fire_reached_bot,0,136,19,117,-116,57,0.2500,,0.466296,,-1,fire_reached_bot,0,136,19,117,-116,57,0.2500,,0.917485,-1,,fire_reached_bot,0,136,19,117,-116,57,0.2500,,4.365112,-1,-1,136,0,19,117,,no_path,0,,Bot1|Bot2|Bot3|Bot4,0,1
352,0.45,75,440,410674036,2790386272,3625,0.644444,506,1354,26-67,69-15,65-27,97,95,79,79,18,16,1,0,1,97,0,,37,0,,,0,walked_into_fire,0,54,54,0,-16,43,0.5567,,0.003442,38,38,fire_reached_bot,0,81,37,44,-43,60,0.3814,,0.217076,,-1,fire_reached_bot,0,81,37,44,-43,60,0.3814,,0.441274,-1,,fire_reached_bot,0,81,37,44,-43,60,0.3814,,8.779047,-1,-1,81,0,37,44,,no_path,0,,Bot1|Bot2|Bot3|Bot4,0,1
353,0.45,75,440,43560433,194753494,3664,0.651378,509,1414,18-45,35-35,14-41,29,27,10,8,31,27,0,0,1,29,1,29,56,1,29,27,1,button,1,29,29,0,5,0,1.0000,172,0.000784,-1,-1,button,1,29,29,0,5,0,1.0000,172,0.002030,,-1,button,1,29,29,0,5,0,1.0000,172,0.002740,-1,,button,1,29,29,0,5,0,1.0000,172,1.423199,13,13,29,0,0,0,0.4,risk_path,4,Bot1|Bot2|Bot3|Bot4,,1,0
354,0.45,75,440,4123683559,484405637,3632,0.645689,495,1346,35-23,17-71,73-61,72,66,80,76,106,66,0,0,1,72,1,72,199,1,72,127,1,button,1,72,72,0,97,0,1.0000,495,0.004469,-1,-1,button,1,72,72,0,97,0,1.0000,495,0.022206,,-1,button,1,72,72,0,97,0,1.0000,495,0.026780,-1,,button,1,72,72,0,97,0,1.0000,495,8.219820,-1,-1,72,0,0,0,0.4,risk_path,4,Bot1|Bot2|Bot3|Bot4,,1,0
355,0.45,75,440,2102547529,3795932170,3646,0.648178,505,1407,50-36,69-58,9-56,41,41,71,61,84,62,0,0,1,41,1,41,166,1,41,125,1,button,1,41,41,0,117,0,1.0000,401,0.002016,-1,-1,button,1,41,41,0,117,0,1.0000,401,0.004790,,-1,button,1,41,41,0,117,0,1.0000,401,0.007113,-1,,button,1,41,41,0,119,0,1.0000,401,2.629285,22,22,41,0,0,0,0.4,risk_path,4,Bot1|Bot2|Bot3|Bot4,,1,0
356,0.45,75,440,1989372477,1712784801,3669,0.652267,524,1424,21-34,59-12,66-55,66,60,78,66,60,50,1,0,1,66,0,,121,1,66,55,1,button,1,66,66,0,48,0,1.0000,774,0.005977,-1,-1,button,1,66,66,0,48,0,1.0000,774,0.016462,,-1,button,1,66,66,0,48,0,1.0000,774,0.023275,-1,,button,1,66,66,0,48,0,1.0000,774,6.261550,1,1,66,0,0,0,0.4,risk_path,4,Bot1|Bot2|Bot3|Bot4,,1,0
357,0.45,75,440,3146175691,832631895,3635,0.646222,504,1390,18-0,68-9,10-61,87,59,87,69,126,110,0,0,1,87,1,87,236,1,87,149,1,button,1,87,87,0,127,0,1.0000,942,0.008806,-1,-1,button,1,87,87,0,127,0,1.0000,942,0.042155,,-1,button,1,87,87,0,127,0,1.0000,942,0.051476,-1,,button,1,87,87,0,127,0,1.0000,942,10.672881,2,2,87,0,0,0,0.4,risk_path,4,Bot1|Bot2|Bot3|Bot4,,1,0
358,0.45,75,440,619419441,2208452547,3652,0.649244,505,1413,54-66,47-12,11-43,71,61,70,66,77,67,0,0,1,71,1,71,164,1,71,93,1,button,1,71,71,0,61,0,1.0000,793,0.006137,-1,-1,button,1,71,71,0,61,0,1.0000,793,0.017855,,-1,button,1,71,71,0,61,0,1.0000,793,0.024825,-1,,button,1,71,71,0,61,0,1.0000,793,7.102628,-1,-1,71,0,0,0,0.4,risk_path,4,Bot1|Bot2|Bot3|Bot4,,1,0
359,0.45,75,440,1223795627,3036548846,3649,0.648711,506,1394,57-7,12-54,8-43,92,92,87,85,21,15,1,0,1,92,0,,44,0,,,0,fire_reached_bot,0,60,60,0,-15,32,0.6522,,0.003359,42,42,fire_reached_bot,0,100,41,59,-55,51,0.4457,,0.267932,,-1,fire_reached_bot,0,100,41,59,-55,51,0.4457,,0.524862,-1,,fire_reached_bot,0,100,41,59,-55,51,0.4457,,10.251722,-1,-1,100,0,41,59,,no_path,0,,Bot1|Bot2|Bot3|Bot4,0,1
360,0.45,75,440,579359964,1186995808,3635,0.646222,507,1379,22-42,54-3,35-52,77,71,23,23,78,68,0,0,1,77,1,77,151,1,77,74,1,button,1,77,77,0,18,0,1.0000,1125,0.009034,-1,-1,button,1,77,77,0,18,0,1.0000,1125,0.022855,,-1,button,1,77,77,0,18,0,1.0000,1125,0.033358,-1,,button,1,77,77,0,18,0,1.0000,1125,8.352420,21,21,77,0,0,0,0.4,risk_path,4,Bot1|Bot2|Bot3|Bot4,,1,0
361,0.45,75,440,2365814492,1911836688,3652,0.649244,497,1410,17-70,13-44,49-34,44,30,72,68,52,46,0,0,1,44,1,44,105,1,44,61,1,button,1,44,44,0,54,0,1.0000,288,0.001620,-1,-1,button,1,44,44,0,54,0,1.0000,288,0.006231,,-1,button,1,44,44,0,54,0,1.0000,288,0.007555,-1,,button,1,44,44,0,54,0,1.0000,288,3.053700,-1,-1,44,0,0,0,0.4,risk_path,4,Bot1|Bot2|Bot3|Bot4,,1,0
362,0.45,75,440,1556033072,2435529583,3641,0.647289,503,1362,41-9,37-54,29-58,73,49,81,61,12,12,1,0,1,73,0,,21,0,,,0,walked_into_fire,0,58,58,0,-36,15,0.7945,,0.004296,22,22,fire_reached_bot,0,124,21,103,-102,52,0.2877,,0.411947,,-1,fire_reached_bot,0,124,21,103,-102,52,0.2877,,0.818681,-1,,fire_reached_bot,0,124,21,103,-102,52,0.2877,,4.821729,-1,-1,124,0,21,103,,no_path,0,,Bot1|Bot2|Bot3|Bot4,0,1
363,0.45,75,440,4172303545,2847709414,3659,0.650489,521,1372,18-5,16-3,65-55,4,4,97,97,101,101,0,0,1,4,1,4,206,1,4,202,1,button,1,4,4,0,198,0,1.0000,4,0.000059,-1,-1,button,1,4,4,0,198,0,1.0000,4,0.000068,,-1,button,1,4,4,0,198,0,1.0000,4,0.000103,-1,,button,1,4,4,0,198,0,1.0000,4,0.079924,-1,-1,4,0,0,0,0.4,risk_path,4,Bot1|Bot2|Bot3|Bot4,,1,0
364,0.45,75,440,2579275816,973970230,3634,0.646044,504,1359,6-44,19-58,62-43,33,27,91,57,60,58,0,0,1,33,1,33,157,1,33,124,1,button,1,33,33,0,120,0,1.0000,200,0.000970,-1,-1,button,1,33,33,0,120,0,1.0000,200,0.002491,,-1,button,1,33,33,0,120,0,1.0000,200,0.003445,-1,,button,1,33,33,0,120,0,1.0000,200,1.782354,10,10,33,0,0,0,0.4,risk_path,4,Bot1|Bot2|Bot3|Bot4,,1,0
365,0.45,75,440,1952802954,979129697,3639,0.646933,509,1412,74-40,7-52,23-65,93,79,90,76,39,29,1,0,1,93,0,,82,0,,,0,fire_reached_bot,0,69,69,0,0,24,0.7419,637,0.005594,69,68,fire_reached_bot,0,99,82,17,-16,19,0.7957,,0.104529,,68,fire_reached_bot,0,101,82,19,-18,17,0.8172,,0.195446,68,,fire_reached_bot,0,99,82,17,-16,19,0.7957,,13.836052,-1,68,99,0,82,17,,no_path,0,,Bot1|Bot2|Bot3|Bot4,0,1
366,0.45,75,440,3081393282,309076382,3638,0.646756,493,1349,36-74,8-31,36-50,71,71,36,24,47,47,1,0,1,71,0,,108,0,,,0,fire_reached_bot,0,25,25,0,0,46,0.3521,126,0.000808,23,21,fire_reached_bot,0,41,41,0,0,64,0.0986,305,0.020885,,21,fire_reached_bot,0,101,98,3,0,81,-0.1408,1670,0.141639,21,,fire_reached_bot,0,41,41,0,0,64,0.0986,305,7.765072,-1,21,41,0,41,0,,shortest_path_fallback,0,,Bot1|Bot2|Bot3|Bot4,0,1
367,0.45,75,440,3151380601,1716409728,3657,0.650133,505,1413,67-49,55-9,62-54,58,52,10,10,66,52,0,0,1,58,1,58,118,1,58,60,1,button,1,58,58,0,13,0,1.0000,667,0.004905,-1,-1,button,1,58,58,0,13,0,1.0000,667,0.012031,,-1,button,1,58,58,0,13,0,1.0000,667,0.017612,-1,,button,1,58,58,0,13,0,1.0000,667,5.173132,50,50,58,0,0,0,0.4,risk_path,4,Bot1|Bot2|Bot3|Bot4,,1,0
368,0.45,75,440,2032139050,1891626865,3643,0.647644,499,1406,56-19,54-8,30-48,15,13,57,55,66,64,0,0,1,15,1,15,128,1,15,113,1,button,1,15,15,0,108,0,1.0000,28,0.000211,-1,-1,button,1,15,15,0,108,0,1.0000,28,0.000525,,-1,button,1,15,15,0,108,0,1.0000,28,0.000679,-1,,button,1,15,15,0,108,0,1.0000,28,0.464422,-1,-1,15,0,0,0,0.4,risk_path,4,Bot1|Bot2|Bot3|Bot4,,1,0
369,0.45,75,440,737645428,557148272,3635,0.646222,500,1363,5-39,12-37,1-60,21,9,31,25,40,34,0,0,1,21,1,21,79,1,21,58,1,button,1,21,21,0,51,0,1.0000,28,0.000315,-1,-1,button,1,21,21,0,51,0,1.0000,28,0.001021,,-1,button,1,21,21,0,51,0,1.0000,28,0.001193,-1,,button,1,21,21,0,51,0,1.0000,28,0.837528,-1,-1,21,0,0,0,0.4,risk_path,4,Bot1|Bot2|Bot3|Bot4,,1,0
370,0.45,75,440,2602577069,3193247753,3645,0.648000,514,1391,69-45,24-59,39-7,83,59,82,68,87,67,0,0,1,83,1,83,154,1,83,71,1,button,1,83,83,0,65,0,1.0000,946,0.008221,-1,-1,button,1,83,83,0,65,0,1.0000,946,0.045373,,-1,button,1,83,83,0,65,0,1.0000,946,0.054364,-1,,button,1,83,83,0,65,0,1.0000,946,9.802120,-1,-1,83,0,0,0,0.4,risk_path,4,Bot1|Bot2|Bot3|Bot4,,1,0
371,0.45,75,440,1923164207,2685547185,3651,0.649067,505,1395,63-72,66-47,73-55,48,28,33,27,33,15,1,0,1,48,0,,82,1,52,30,0,walked_into_fire,0,29,29,0,-1,19,0.6042,64,0.000861,29,28,button,1,54,54,0,1,0,1.0000,222,0.009770,,28,button,1,52,52,0,8,0,1.0000,196,0.010761,28,,button,1,52,52,0,8,0,1.0000,196,4.166073,28,-1,52,12,11,0,0.99,risk_path,3,Bot2|Bot3|Bot4,Bot1,0,0
372,0.45,75,440,3064658255,2591067856,3624,0.644267,503,1380,5-60,53-71,10-3,73,59,94,62,119,111,0,0,1,73,1,73,226,1,73,153,1,button,1,73,73,0,148,0,1.0000,451,0.004379,-1,-1,button,1,73,73,0,148,0,1.0000,451,0.018373,,-1,button,1,73,73,0,148,0,1.0000,451,0.023115,-1,,button,1,73,73,0,148,0,1.0000,451,8.700457,6,6,73,0,0,0,0.4,risk_path,4,Bot1|Bot2|Bot3|Bot4,,1,0
373,0.45,75,440,1154147649,4041770858,3645,0.648000,489,1406,62-19,40-29,24-69,34,32,106,88,72,56,0,0,1,34,1,34,166,1,34,132,1,button,1,34,34,0,128,0,1.0000,130,0.000766,-1,-1,button,1,34,34,0,128,0,1.0000,130,0.002668,,-1,button,1,34,34,0,128,0,1.0000,130,0.003380,-1,,button,1,34,34,0,128,0,1.0000,130,1.955451,-1,-1,34,0,0,0,0.4,risk_path,4,Bot1|Bot2|Bot3|Bot4,,1,0
374,0.45,75,440,1357385445,1134208027,3666,0.651733,513,1413,25-51,39-21,30-57,60,44,11,11,65,45,0,0,1,60,1,60,124,1,60,64,1,button,1,60,60,0,13,0,1.0000,715,0.004724,-1,-1,button,1,60,60,0,13,0,1.0000,715,0.018571,,-1,button,1,60,60,0,13,0,1.0000,715,0.023799,-1,,button,1,60,60,0,13,0,1.0000,715,5.230584,12,12,60,0,0,0,0.4,risk_path,4,Bot1|Bot2|Bot3|Bot4,,1,0
375,0.45,75,440,560426098,1461767624,3635,0.646222,513,1396,24-1,51-60,27-31,94,86,51,33,55,53,1,0,1,94,0,,98,0,,,0,walked_into_fire,0,51,51,0,-1,43,0.5426,368,0.002118,45,45,fire_reached_bot,0,82,79,3,0,23,0.7553,1177,0.029249,,72,fire_reached_bot,0,114,98,16,-15,26,0.7234,,0.120942,72,,fire_reached_bot,0,82,79,3,0,23,0.7553,1177,12.036257,-1,72,82,0,79,3,,no_path,0,,Bot1|Bot2|Bot3|Bot4,0,1
376,0.45,75,440,1829175360,2037474768,3618,0.643200,493,1325,46-28,2-26,69-70,64,46,67,65,119,111,0,0,1,64,1,64,227,1,64,163,1,button,1,64,64,0,122,0,1.0000,434,0.003702,-1,-1,button,1,64,64,0,122,0,1.0000,434,0.014330,,-1,button,1,64,64,0,122,0,1.0000,434,0.017681,-1,,button,1,64,64,0,122,0,1.0000,434,6.457976,-1,-1,64,0,0,0,0.4,risk_path,4,Bot1|Bot2|Bot3|Bot4,,1,0
377,0.45,75,440,3056335309,1867334455,3661,0.650844,500,1439,27-46,28-68,18-56,47,23,21,19,28,22,1,0,1,47,0,,51,0,,,0,walked_into_fire,0,17,17,0,-1,30,0.3617,24,0.000602,17,16,fire_reached_bot,0,84,51,33,-32,48,-0.0213,,0.162568,,16,fire_reached_bot,0,70,51,19,-18,54,-0.1489,,0.158289,16,,fire_reached_bot,0,84,51,33,-32,48,-0.0213,,9.234275,-1,16,84,0,51,33,,no_path,0,,Bot1|Bot2|Bot3|Bot4,0,1
378,0.45,75,440,3498759806,185762425,3635,0.646222,494,1353,44-3,7-68,63-11,110,102,29,27,117,113,0,0,1,110,1,110,226,1,110,116,1,button,1,110,110,0,33,0,1.0000,1304,0.017317,-1,-1,button,1,110,110,0,33,0,1.0000,1304,0.062268,,-1,button,1,110,110,0,33,0,1.0000,1304,0.076359,-1,,button,1,110,110,0,33,0,1.0000,1304,14.755302,-1,-1,110,0,0,0,0.4,risk_path,4,Bot1|Bot2|Bot3|Bot4,,1,0
379,0.45,75,440,743858379,262038232,3647,0.648356,504,1394,0-72,40-37,64-54,77,75,92,82,45,41,1,0,1,77,0,,93,1,77,16,1,button,1,77,77,0,16,0,1.0000,838,0.007531,-1,-1,button,1,77,77,0,16,0,1.0000,838,0.020392,,-1,button,1,77,77,0,16,0,1.0000,838,0.029203,-1,,button,1,77,77,0,16,0,1.0000,838,9.580280,57,57,77,13,36,0,0.99,risk_path,4,Bot1|Bot2|Bot3|Bot4,,1,0
380,0.45,75,440,3490957155,2695499596,3644,0.647822,514,1421,51-6,65-68,53-10,96,76,8,6,90,70,1,0,1,96,0,,181,1,108,73,0,walked_into_fire,0,7,7,0,-5,89,0.0729,8,0.001635,4,1,button,1,112,112,0,4,0,1.0000,1590,0.076711,,1,button,1,108,108,0,9,0,1.0000,1511,0.109138,1,,button,1,108,108,0,16,0,1.0000,1511,13.893413,1,14,108,0,0,0,0.4,risk_path,3,Bot2|Bot3|Bot4,Bot1,0,0
381,0.45,75,440,44469780,2130841903,3651,0.649067,517,1415,41-66,32-72,23-5,21,15,87,79,102,76,0,0,1,21,1,21,182,1,21,161,1,button,1,21,21,0,155,0,1.0000,67,0.000404,-1,-1,button,1,21,21,0,155,0,1.0000,67,0.001128,,-1,button,1,21,21,0,155,0,1.0000,67,0.001414,-1,,button,1,21,21,0,155,0,1.0000,67,0.836181,-1,-1,21,0,0,0,0.4,risk_path,4,Bot1|Bot2|Bot3|Bot4,,1,0
382,0.45,75,440,1350579762,3490582419,3658,0.650311,507,1374,20-31,25-6,46-43,44,30,48,38,76,58,0,0,1,44,1,44,155,1,44,111,1,button,1,44,44,0,83,0,1.0000,319,0.001785,-1,-1,button,1,44,44,0,83,0,1.0000,319,0.007558,,-1,button,1,44,44,0,83,0,1.0000,319,0.009258,-1,,button,1,44,44,0,82,0,1.0000,319,3.065799,1,1,44,0,0,0,0.4,risk_path,4,Bot1|Bot2|Bot3|Bot4,,1,0
383,0.45,75,440,2733807543,3538856808,3647,0.648356,506,1388,65-8,0-53,51-67,112,110,87,73,81,65,1,0,1,112,0,,167,1,112,55,1,button,1,112,112,0,53,0,1.0000,1343,0.014899,-1,-1,button,1,112,112,0,53,0,1.0000,1343,0.053388,,-1,button,1,112,112,0,53,0,1.0000,1343,0.071676,-1,,button,1,112,112,0,53,0,1.0000,1343,15.606088,-1,-1,112,1,0,0,0.6,risk_path,4,Bot1|Bot2|Bot3|Bot4,,1,0
384,0.45,75,440,144857897,2449621353,3659,0.650489,507,1392,72-6,70-33,45-20,53,29,45,41,44,38,1,0,1,53,0,,101,1,53,48,1,button,1,53,53,0,30,0,1.0000,549,0.003404,-1,-1,button,1,53,53,0,30,0,1.0000,549,0.010601,,-1,button,1,53,53,0,30,0,1.0000,549,0.014891,-1,,button,1,53,53,0,30,0,1.0000,549,4.197435,35,35,53,0,0,0,0.4,risk_path,4,Bot1|Bot2|Bot3|Bot4,,1,0
385,0.45,75,440,341761630,1725134005,3609,0.641600,497,1358,46-27,19-16,34-58,54,38,61,43,73,57,0,0,1,54,1,54,130,1,54,76,1,button,1,54,54,0,76,0,1.0000,573,0.003894,-1,-1,button,1,54,54,0,76,0,1.0000,573,0.015707,,-1,button,1,54,54,0,76,0,1.0000,573,0.020546,-1,,button,1,54,54,0,73,0,1.0000,573,4.493693,5,5,54,0,0,0,0.4,risk_path,4,Bot1|Bot2|Bot3|Bot4,,1,0
386,0.45,75,440,192649057,483095820,3649,0.648711,500,1326,43-10,1-65,10-16,107,97,47,39,70,58,1,0,1,107,0,,138,1,109,29,0,walked_into_fire,0,46,46,0,-2,61,0.4299,344,0.003627,46,45,fire_reached_bot,0,48,48,0,0,59,0.4486,395,0.050734,,45,button,1,123,123,0,1,0,1.0000,1856,0.118142,45,,fire_reached_bot,0,48,48,0,0,59,0.4486,395,11.625195,-1,45,48,0,48,0,,shortest_path_fallback,1,Bot3,Bot1|Bot2|Bot4,0,0
387,0.45,75,440,3803973244,2905068052,3617,0.643022,490,1340,11-68,71-0,70-47,134,128,102,80,66,48,1,0,1,134,0,,126,0,,,0,fire_reached_bot,0,116,116,0,0,18,0.8657,1209,0.014791,112,109,fire_reached_bot,0,143,126,17,-16,14,0.8955,,0.114571,,109,fire_reached_bot,0,143,126,17,-16,14,0.8955,,0.145767,109,,fire_reached_bot,0,143,126,17,-16,14,0.8955,,23.353979,-1,109,143,0,126,17,,no_path,0,,Bot1|Bot2|Bot3|Bot4,0,1
388,0.45,75,440,1436060441,193209266,3627,0.644800,496,1372,62-48,62-52,65-20,10,4,53,31,57,35,0,0,1,10,1,10,134,1,10,124,1,button,1,10,10,0,106,0,1.0000,17,0.000137,-1,-1,button,1,10,10,0,106,0,1.0000,17,0.000241,,-1,button,1,10,10,0,106,0,1.0000,17,0.000284,-1,,button,1,10,10,0,106,0,1.0000,17,0.230067,-1,-1,10,0,0,0,0.4,risk_path,4,Bot1|Bot2|Bot3|Bot4,,1,0
389,0.45,75,440,3826677250,268213696,3645,0.648000,517,1385,26-31,33-32,8-53,12,8,40,40,48,46,0,0,1,12,1,12,94,1,12,82,1,button,1,12,12,0,78,0,1.0000,40,0.000213,-1,-1,button,1,12,12,0,78,0,1.0000,40,0.000370,,-1,button,1,12,12,0,78,0,1.0000,40,0.000510,-1,,button,1,12,12,0,78,0,1.0000,40,0.304771,7,7,12,0,0,0,0.4,risk_path,4,Bot1|Bot2|Bot3|Bot4,,1,0
390,0.45,75,440,1922677758,3470194275,3657,0.650133,504,1385,3-43,21-19,17-61,44,42,34,32,58,46,0,0,1,44,1,44,106,1,44,62,1,button,1,44,44,0,52,0,1.0000,375,0.001929,-1,-1,button,1,44,44,0,52,0,1.0000,375,0.005462,,-1,button,1,44,44,0,52,0,1.0000,375,0.007541,-1,,button,1,44,44,0,52,0,1.0000,375,3.047461,32,32,44,0,0,0,0.4,risk_path,4,Bot1|Bot2|Bot3|Bot4,,1,0
391,0.45,75,440,220974170,2519797936,3660,0.650667,503,1355,72-66,1-1,16-34,142,136,96,88,52,48,1,0,1,142,0,,100,0,,,0,fire_reached_bot,0,61,61,0,0,81,0.4296,855,0.006669,45,45,fire_reached_bot,0,108,71,37,-7,91,0.3592,,0.191237,,54,fire_reached_bot,0,102,71,31,-1,89,0.3732,,0.281161,54,,fire_reached_bot,0,108,71,37,-7,91,0.3592,,16.879323,-1,54,108,0,71,37,,no_path,0,,Bot1|Bot2|Bot3|Bot4,0,1
392,0.45,75,440,311089741,15779671,3622,0.643911,498,1359,62-59,70-45,20-52,24,22,73,49,71,57,0,0,1,24,1,24,121,1,24,97,1,button,1,24,24,0,97,0,1.0000,114,0.000503,-1,-1,button,1,24,24,0,97,0,1.0000,114,0.001389,,-1,button,1,24,24,0,97,0,1.0000,114,0.001587,-1,,button,1,24,24,0,97,0,1.0000,114,0.962565,9,9,24,0,0,0,0.4,risk_path,4,Bot1|Bot2|Bot3|Bot4,,1,0
393,0.45,75,440,3786552960,3978206707,3625,0.644444,503,1356,59-68,38-39,26-64,58,50,49,37,57,37,1,0,1,58,0,,95,1,58,37,1,button,1,58,58,0,28,0,1.0000,480,0.003162,-1,-1,button,1,58,58,0,28,0,1.0000,480,0.010403,,-1,button,1,58,58,0,28,0,1.0000,480,0.013843,-1,,button,1,58,58,0,28,0,1.0000,480,4.972710,-1,-1,58,0,0,0,0.4,risk_path,4,Bot1|Bot2|Bot3|Bot4,,1,0
394,0.45,75,440,1026823686,935493975,3622,0.643911,526,1408,70-22,67-29,30-64,16,10,88,82,76,72,0,0,1,16,1,16,148,1,16,132,1,button,1,16,16,0,125,0,1.0000,68,0.000350,-1,-1,button,1,16,16,0,125,0,1.0000,68,0.000807,,-1,button,1,16,16,0,125,0,1.0000,68,0.001012,-1,,button,1,16,16,0,125,0,1.0000,68,0.481741,-1,-1,16,0,0,0,0.4,risk_path,4,Bot1|Bot2|Bot3|Bot4,,1,0
395,0.45,75,440,3873671478,4157908143,3653,0.649422,512,1406,63-33,71-71,3-25,56,46,82,68,116,114,0,0,1,56,1,56,211,1,56,155,1,button,1,56,56,0,147,0,1.0000,411,0.002693,-1,-1,button,1,56,56,0,147,0,1.0000,411,0.009874,,-1,button,1,56,56,0,147,0,1.0000,411,0.012673,-1,,button,1,56,56,0,154,0,1.0000,411,4.751350,5,5,56,0,0,0,0.4,risk_path,4,Bot1|Bot2|Bot3|Bot4,,1,0
396,0.45,75,440,1326410439,1678133499,3636,0.646400,501,1367,2-32,60-34,74-56,78,60,104,96,40,36,1,0,1,78,0,,76,0,,,0,walked_into_fire,0,75,75,0,-2,3,0.9615,534,0.004284,74,74,fire_reached_bot,0,80,76,4,-3,8,0.8974,,0.046173,,-1,fire_reached_bot,0,80,76,4,-3,8,0.8974,,0.097496,-1,,fire_reached_bot,0,80,76,4,-3,8,0.8974,,10.605501,-1,-1,80,0,76,4,,no_path,0,,Bot1|Bot2|Bot3|Bot4,0,1
397,0.45,75,440,613184341,3716848103,3654,0.649600,506,1368,74-57,2-1,55-66,134,128,32,28,126,118,1,0,1,134,0,,223,1,134,89,1,button,1,134,134,0,2,0,1.0000,2141,0.035686,-1,-1,button,1,134,134,0,2,0,1.0000,2141,0.135712,,-1,button,1,134,134,0,2,0,1.0000,2141,0.185925,-1,,button,1,134,134,0,26,0,1.0000,2141,18.747249,1,1,134,0,0,0,0.4,risk_path,4,Bot1|Bot2|Bot3|Bot4,,1,0
398,0.45,75,440,140259070,1404237909,3636,0.646400,513,1339,1-48,63-13,41-37,97,97,53,51,54,46,1,0,1,97,0,,114,0,,,0,walked_into_fire,0,41,41,0,-1,56,0.4227,338,0.002120,41,41,fire_reached_bot,0,86,80,6,0,53,0.4536,1796,0.056668,,-1,fire_reached_bot,0,86,80,6,0,53,0.4536,1796,0.078585,-1,,fire_reached_bot,0,86,80,6,0,53,0.4536,1796,12.608606,-1,-1,86,0,80,6,,no_path,0,,Bot1|Bot2|Bot3|Bot4,0,1
399,0.45,75,440,1706966771,3646661798,3652,0.649244,511,1407,32-34,29-13,48-3,40,24,55,47,35,29,1,0,1,40,0,,60,1,40,20,1,button,1,40,40,0,20,0,1.0000,303,0.001767,-1,-1,button,1,40,40,0,20,0,1.0000,303,0.005752,,-1,button,1,40,40,0,20,0,1.0000,303,0.007553,-1,,button,1,40,40,0,20,0,1.0000,303,2.626756,-1,-1,40,0,0,0,0.4,risk_path,4,Bot1|Bot2|Bot3|Bot4,,1,0
400,0.45,75,440,1557608422,587872040,3654,0.649600,504,1397,49-5,1-60,36-26,109,103,40,34,73,69,1,0,1,109,0,,143,0,,,0,walked_into_fire,0,35,35,0,-1,74,0.3211,281,0.001799,35,35,fire_reached_bot,0,86,85,1,0,66,0.3945,1823,0.064693,,48,fire_reached_bot,0,86,85,1,0,66,0.3945,1823,0.083292,48,,fire_reached_bot,0,86,85,1,0,66,0.3945,1823,13.918339,-1,48,86,0,85,1,,no_path,0,,Bot1|Bot2|Bot3|Bot4,0,1
401,0.45,75,440,2000075961,2745563048,3647,0.648356,506,1360,53-41,74-15,43-8,51,47,65,43,46,38,1,0,1,51,0,,79,1,51,28,1,button,1,51,51,0,28,0,1.0000,472,0.002785,-1,-1,button,1,51,51,0,28,0,1.0000,472,0.013566,,-1,button,1,51,51,0,28,0,1.0000,472,0.013122,-1,,button,1,51,51,0,28,0,1.0000,472,3.945547,19,19,51,0,0,0,0.4,risk_path,4,Bot1|Bot2|Bot3|Bot4,,1,0
402,0.45,75,440,4291152545,2741335827,3641,0.647289,513,1401,4-47,39-45,36-43,57,37,58,36,5,5,1,0,1,57,0,,8,0,,,0,walked_into_fire,0,37,37,0,-28,20,0.6491,,0.001702,9,9,fire_reached_bot,0,88,8,80,-79,49,0.1404,,0.316260,,-1,fire_reached_bot,0,88,8,80,-79,49,0.1404,,0.586116,-1,,fire_reached_bot,0,88,8,80,-79,49,0.1404,,1.679497,-1,-1,88,0,8,80,,no_path,0,,Bot1|Bot2|Bot3|Bot4,0,1
403,0.45,75,440,2060592027,3688875005,3646,0.648178,499,1396,8-70,21-2,51-54,107,81,71,59,86,82,1,0,1,107,0,,174,1,107,67,1,button,1,107,107,0,59,0,1.0000,1600,0.018782,-1,-1,button,1,107,107,0,59,0,1.0000,1600,0.067758,,-1,button,1,107,107,0,59,0,1.0000,1600,0.089780,-1,,button,1,107,107,0,59,0,1.0000,1600,13.320492,2,2,107,0,0,0,0.4,risk_path,4,Bot1|Bot2|Bot3|Bot4,,1,0
404,0.45,75,440,1918492199,551143425,3649,0.648711,506,1398,38-59,6-65,53-74,52,38,30,30,68,56,0,0,1,52,1,52,139,1,52,87,1,button,1,52,52,0,43,0,1.0000,316,0.002348,-1,-1,button,1,52,52,0,43,0,1.0000,316,0.008832,,-1,button,1,52,52,0,43,0,1.0000,316,0.011076,-1,,button,1,52,52,0,43,0,1.0000,316,4.206780,-1,-1,52,0,0,0,0.4,risk_path,4,Bot1|Bot2|Bot3|Bot4,,1,0
405,0.45,75,440,4258988007,102048511,3637,0.646578,505,1392,3-50,24-64,58-47,35,35,74,58,57,51,0,0,1,35,1,35,100,1,35,65,1,button,1,35,35,0,65,0,1.0000,179,0.000987,-1,-1,button,1,35,35,0,65,0,1.0000,179,0.002949,,-1,button,1,35,35,0,65,0,1.0000,179,0.003805,-1,,button,1,35,35,0,65,0,1.0000,179,1.950039,7,7,35,0,0,0,0.4,risk_path,4,Bot1|Bot2|Bot3|Bot4,,1,0
406,0.45,75,440,1836645683,3217807480,3644,0.647822,502,1331,0-46,40-23,63-28,79,63,105,81,32,28,1,0,1,79,0,,66,0,,,0,walked_into_fire,0,72,72,0,-5,7,0.9114,,0.006161,66,65,fire_reached_bot,0,89,66,23,-22,15,0.8101,,0.117080,,65,fire_reached_bot,0,92,66,26,-25,17,0.7848,,0.248444,65,,fire_reached_bot,0,89,66,23,-22,15,0.8101,,10.090472,-1,65,89,0,66,23,,no_path,0,,Bot1|Bot2|Bot3|Bot4,0,1
407,0.45,75,440,348380400,1235727142,3621,0.643733,502,1332,23-11,33-46,23-72,49,45,79,61,46,36,1,0,1,49,0,,94,1,49,45,1,button,1,49,49,0,45,0,1.0000,184,0.001277,-1,-1,button,1,49,49,0,45,0,1.0000,184,0.005257,,-1,button,1,49,49,0,45,0,1.0000,184,0.006565,-1,,button,1,49,49,0,45,0,1.0000,184,3.779604,15,15,49,0,0,0,0.4,risk_path,4,Bot1|Bot2|Bot3|Bot4,,1,0
408,0.45,75,440,649723473,128509568,3652,0.649244,507,1389,26-9,6-2,14-47,31,27,66,50,73,53,0,0,1,31,1,31,127,1,31,96,1,button,1,31,31,0,93,0,1.0000,181,0.000889,-1,-1,button,1,31,31,0,93,0,1.0000,181,0.002782,,-1,button,1,31,31,0,93,0,1.0000,181,0.003777,-1,,button,1,31,31,0,93,0,1.0000,181,1.571741,-1,-1,31,0,0,0,0.4,risk_path,4,Bot1|Bot2|Bot3|Bot4,,1,0
409,0.45,75,440,1213574996,1326260514,3647,0.648356,488,1368,55-57,35-55,55-12,30,22,69,45,67,63,0,0,1,30,1,30,122,1,30,92,1,button,1,30,30,0,91,0,1.0000,152,0.000914,-1,-1,button,1,30,30,0,91,0,1.0000,152,0.002994,,-1,button,1,30,30,0,91,0,1.0000,152,0.003710,-1,,button,1,30,30,0,79,0,1.0000,152,1.926146,6,6,30,0,0,0,0.4,risk_path,4,Bot1|Bot2|Bot3|Bot4,,1,0
410,0.45,75,440,399927594,1172635717,3649,0.648711,503,1395,70-34,60-58,10-58,38,34,88,84,70,50,0,0,1,38,1,38,151,1,38,113,1,button,1,38,38,0,113,0,1.0000,139,0.000932,-1,-1,button,1,38,38,0,113,0,1.0000,139,0.004079,,-1,button,1,38,38,0,113,0,1.0000,139,0.004750,-1,,button,1,38,38,0,113,0,1.0000,139,2.313175,-1,-1,38,0,0,0,0.4,risk_path,4,Bot1|Bot2|Bot3|Bot4,,1,0
411,0.45,75,440,94789281,138735109,3646,0.648178,506,1409,35-29,8-74,34-65,78,72,51,37,39,35,1,0,1,78,0,,72,0,,,0,walked_into_fire,0,46,46,0,-3,32,0.5897,462,0.003321,44,43,fire_reached_bot,0,77,59,18,-4,43,0.4487,,0.102143,,43,fire_reached_bot,0,80,59,21,-7,43,0.4487,,0.202312,43,,fire_reached_bot,0,77,59,18,-4,43,0.4487,,9.152939,-1,43,77,0,59,18,,no_path,0,,Bot1|Bot2|Bot3|Bot4,0,1
412,0.45,75,440,4204771711,1699448702,3649,0.648711,521,1344,25-68,64-22,8-1,101,85,108,84,83,77,1,0,1,101,0,,163,1,101,62,1,button,1,101,101,0,40,0,1.0000,774,0.008192,-1,-1,button,1,101,101,0,40,0,1.0000,774,0.036740,,-1,button,1,101,101,0,40,0,1.0000,774,0.046686,-1,,button,1,101,101,0,40,0,1.0000,774,14.148583,39,39,101,0,0,0,0.4,risk_path,4,Bot1|Bot2|Bot3|Bot4,,1,0
413,0.45,75,440,823494903,3566751827,3642,0.647467,516,1387,71-17,60-13,29-23,25,15,60,48,45,41,0,0,1,25,1,25,100,1,25,75,1,button,1,25,25,0,66,0,1.0000,136,0.000611,-1,-1,button,1,25,25,0,66,0,1.0000,136,0.001511,,-1,button,1,25,25,0,66,0,1.0000,136,0.001961,-1,,button,1,25,25,0,66,0,1.0000,136,1.064211,-1,-1,25,0,0,0,0.4,risk_path,4,Bot1|Bot2|Bot3|Bot4,,1,0
414,0.45,75,440,277766336,146189312,3644,0.647822,499,1356,58-60,40-20,62-46,72,58,22,18,64,48,1,0,1,72,0,,139,1,72,67,1,button,1,72,72,0,25,0,1.0000,740,0.006134,-1,-1,button,1,72,72,0,25,0,1.0000,740,0.030022,,-1,button,1,72,72,0,25,0,1.0000,740,0.036789,-1,,button,1,72,72,0,25,0,1.0000,740,7.957978,62,62,72,0,0,0,0.4,risk_path,4,Bot1|Bot2|Bot3|Bot4,,1,0
415,0.45,75,440,2294360336,2377130893,3660,0.650667,509,1386,42-45,54-71,24-24,44,38,39,39,83,77,0,0,1,44,1,44,154,1,44,110,1,button,1,44,44,0,74,0,1.0000,191,0.001061,-1,-1,button,1,44,44,0,74,0,1.0000,191,0.004348,,-1,button,1,44,44,0,74,0,1.0000,191,0.005199,-1,,button,1,44,44,0,74,0,1.0000,191,3.140945,11,11,44,0,0,0,0.4,risk_path,4,Bot1|Bot2|Bot3|Bot4,,1,0
416,0.45,75,440,4063297683,2159750137,3631,0.645511,496,1409,73-41,65-67,49-26,38,34,53,39,63,57,0,0,1,38,1,38,124,1,38,86,1,button,1,38,38,0,77,0,1.0000,209,0.001247,-1,-1,button,1,38,38,0,77,0,1.0000,209,0.004441,,-1,button,1,38,38,0,77,0,1.0000,209,0.005384,-1,,button,1,38,38,0,77,0,1.0000,209,2.378333,-1,-1,38,0,0,0,0.4,risk_path,4,Bot1|Bot2|Bot3|Bot4,,1,0
417,0.45,75,440,4136068613,3935871520,3621,0.643733,502,1362,57-26,62-4,25-23,29,27,53,35,62,56,0,0,1,29,1,29,121,1,29,92,1,button,1,29,29,0,84,0,1.0000,162,0.000784,-1,-1,button,1,29,29,0,84,0,1.0000,162,0.002107,,-1,button,1,29,29,0,84,0,1.0000,162,0.002894,-1,,button,1,29,29,0,84,0,1.0000,162,1.392171,23,23,29,0,0,0,0.4,risk_path,4,Bot1|Bot2|Bot3|Bot4,,1,0
418,0.45,75,440,3079297320,2426746488,3636,0.646400,501,1421,50-61,33-15,73-21,71,63,79,63,60,46,1,0,1,71,0,,141,1,71,70,1,button,1,71,71,0,68,0,1.0000,337,0.002868,-1,-1,button,1,71,71,0,68,0,1.0000,337,0.016316,,-1,button,1,71,71,0,68,0,1.0000,337,0.023745,-1,,button,1,71,71,0,68,0,1.0000,337,7.616583,-1,-1,71,0,0,0,0.4,risk_path,4,Bot1|Bot2|Bot3|Bot4,,1,0
419,0.45,75,440,4257723732,3495392713,3654,0.649600,498,1377,48-73,69-49,48-45,53,45,42,28,33,25,1,0,1,53,0,,56,1,53,3,0,fire_reached_bot,0,32,32,0,0,21,0.6038,224,0.001491,30,29,fire_reached_bot,0,54,54,0,0,15,0.7170,701,0.022694,,29,fire_reached_bot,0,65,56,9,-8,9,0.8302,,0.033365,29,,button,1,55,55,0,1,0,1.0000,701,4.662345,23,23,55,27,27,0,0.99,risk_path,1,Bot4,Bot1|Bot2|Bot3,0,0
420,0.45,75,440,4078690204,3768167155,3654,0.649600,511,1398,67-28,21-7,28-59,79,67,74,70,75,59,1,0,1,79,0,,145,1,79,66,1,button,1,79,79,0,66,0,1.0000,1206,0.011048,-1,-1,button,1,79,79,0,66,0,1.0000,1206,0.042370,,-1,button,1,79,79,0,66,0,1.0000,1206,0.054292,-1,,button,1,79,79,0,66,0,1.0000,1206,8.766513,-1,-1,79,0,0,0,0.4,risk_path,4,Bot1|Bot2|Bot3|Bot4,,1,0
421,0.45,75,440,958537604,1453352966,3651,0.649067,500,1404,28-43,1-30,35-32,50,40,18,18,50,36,0,0,1,50,0,,102,1,50,52,1,button,1,50,50,0,31,0,1.0000,187,0.001317,-1,-1,button,1,50,50,0,31,0,1.0000,187,0.005668,,-1,button,1,50,50,0,31,0,1.0000,187,0.007000,-1,,button,1,50,50,0,31,0,1.0000,187,3.900873,-1,-1,50,0,0,0,0.4,risk_path,4,Bot1|Bot2|Bot3|Bot4,,1,0
422,0.45,75,440,2355762477,2963328483,3669,0.652267,526,1440,54-11,49-40,53-34,40,34,34,24,10,10,1,0,1,40,0,,18,0,,,0,walked_into_fire,0,23,23,0,-4,17,0.5750,,0.000579,12,12,fire_reached_bot,0,54,16,38,-35,28,0.3000,,0.196071,,-1,fire_reached_bot,0,54,16,38,-35,28,0.3000,,0.400281,-1,,fire_reached_bot,0,54,16,38,-35,28,0.3000,,3.052899,-1,-1,54,0,16,38,,no_path,0,,Bot1|Bot2|Bot3|Bot4,0,1
423,0.45,75,440,3860660340,1064690405,3656,0.649956,501,1379,41-13,19-25,56-67,36,34,91,69,81,79,0,0,1,36,1,36,148,1,36,112,1,button,1,36,36,0,107,0,1.0000,208,0.001126,-1,-1,button,1,36,36,0,107,0,1.0000,208,0.003465,,-1,button,1,36,36,0,107,0,1.0000,208,0.004698,-1,,button,1,36,36,0,107,0,1.0000,208,2.497351,-1,-1,36,0,0,0,0.4,risk_path,4,Bot1|Bot2|Bot3|Bot4,,1,0
424,0.45,75,440,4240931953,1182499683,3665,0.651556,513,1403,19-9,38-33,56-58,51,43,90,86,51,43,0,0,1,51,1,51,105,1,51,54,1,button,1,51,51,0,54,0,1.0000,440,0.002790,-1,-1,button,1,51,51,0,54,0,1.0000,440,0.011568,,-1,button,1,51,51,0,54,0,1.0000,440,0.013734,-1,,button,1,51,51,0,54,0,1.0000,440,4.021325,1,1,51,0,0,0,0.4,risk_path,4,Bot1|Bot2|Bot3|Bot4,,1,0
425,0.45,75,440,2493525027,414517936,3643,0.647644,501,1383,58-63,3-72,18-64,90,64,67,41,25,23,1,0,1,90,0,,53,0,,,0,fire_reached_bot,0,46,46,0,0,44,0.5111,318,0.002531,29,29,fire_reached_bot,0,77,34,43,-23,58,0.3556,,0.236301,,-1,fire_reached_bot,0,77,34,43,-23,58,0.3556,,0.429255,-1,,fire_reached_bot,0,77,34,43,-23,58,0.3556,,9.231544,-1,-1,77,0,34,43,,no_path,0,,Bot1|Bot2|Bot3|Bot4,0,1
426,0.45,75,440,836001522,3918252539,3632,0.645689,504,1368,22-45,44-49,26-42,34,26,7,7,29,25,1,0,1,34,0,,63,1,44,19,0,fire_reached_bot,0,5,5,0,0,29,0.1471,14,0.000265,-1,2,fire_reached_bot,0,5,5,0,0,29,0.1471,14,0.000802,,2,fire_reached_bot,0,71,63,8,-7,31,0.0882,,0.058919,2,,fire_reached_bot,0,5,5,0,0,29,0.1471,14,0.506864,-1,2,5,5,0,0,0.99,risk_path,0,,Bot1|Bot2|Bot3|Bot4,0,1
427,0.45,75,440,435955948,1367064018,3647,0.648356,496,1404,47-12,21-74,60-61,96,88,70,62,82,52,1,0,1,96,0,,151,1,96,55,1,button,1,96,96,0,30,0,1.0000,1185,0.015018,-1,-1,button,1,96,96,0,30,0,1.0000,1185,0.061844,,-1,button,1,96,96,0,30,0,1.0000,1185,0.078414,-1,,button,1,96,96,0,30,0,1.0000,1185,12.679877,-1,-1,96,0,0,0,0.4,risk_path,4,Bot1|Bot2|Bot3|Bot4,,1,0
428,0.45,75,440,2279097245,954607641,3621,0.643733,485,1323,11-38,1-39,51-68,11,11,76,70,81,79,0,0,1,11,1,11,138,1,11,127,1,button,1,11,11,0,124,0,1.0000,34,0.000160,-1,-1,button,1,11,11,0,124,0,1.0000,34,0.000255,,-1,button,1,11,11,0,124,0,1.0000,34,0.000353,-1,,button,1,11,11,0,124,0,1.0000,34,0.294885,-1,-1,11,0,0,0,0.4,risk_path,4,Bot1|Bot2|Bot3|Bot4,,1,0
429,0.45,75,440,2932552292,18426317,3674,0.653156,511,1398,22-34,51-14,67-21,59,49,66,58,37,23,1,0,1,59,0,,74,1,59,15,1,button,1,59,59,0,15,0,1.0000,370,0.003008,-1,-1,button,1,59,59,0,15,0,1.0000,370,0.018203,,-1,button,1,59,59,0,15,0,1.0000,370,0.019662,-1,,button,1,59,59,0,15,0,1.0000,370,6.249335,9,9,59,11,7,0,0.99,risk_path,4,Bot1|Bot2|Bot3|Bot4,,1,0
430,0.45,75,440,2526166132,2004277368,3663,0.651200,520,1424,48-54,7-1,3-67,98,94,78,58,90,70,1,0,1,98,0,,179,1,98,81,1,button,1,98,98,0,39,0,1.0000,792,0.008616,-1,-1,button,1,98,98,0,39,0,1.0000,792,0.051532,,-1,button,1,98,98,0,39,0,1.0000,792,0.057624,-1,,button,1,98,98,0,39,0,1.0000,792,14.836767,-1,-1,98,0,0,0,0.4,risk_path,4,Bot1|Bot2|Bot3|Bot4,,1,0
431,0.45,75,440,2360711024,676293112,3646,0.648178,499,1381,49-31,9-40,65-23,57,49,28,24,81,73,0,0,1,57,1,57,147,1,57,90,1,button,1,57,57,0,49,0,1.0000,511,0.003865,-1,-1,button,1,57,57,0,49,0,1.0000,511,0.012065,,-1,button,1,57,57,0,49,0,1.0000,511,0.015099,-1,,button,1,57,57,0,49,0,1.0000,511,5.374667,-1,-1,57,0,0,0,0.4,risk_path,4,Bot1|Bot2|Bot3|Bot4,,1,0
432,0.45,75,440,1910899855,3074822446,3643,0.647644,516,1359,33-54,51-29,56-40,55,43,49,37,16,16,1,0,1,55,0,,32,0,,,0,walked_into_fire,0,33,33,0,-1,22,0.6000,197,0.001563,28,28,fire_reached_bot,0,64,32,32,-31,33,0.4000,,0.166726,,-1,fire_reached_bot,0,64,32,32,-31,33,0.4000,,0.308854,-1,,fire_reached_bot,0,64,32,32,-31,33,0.4000,,5.831345,-1,-1,64,0,32,32,,no_path,0,,Bot1|Bot2|Bot3|Bot4,0,1
433,0.45,75,440,2661614459,1963583143,3649,0.648711,498,1378,42-68,17-18,56-34,83,75,52,48,59,55,1,0,1,83,0,,93,1,93,0,0,walked_into_fire,0,49,49,0,-1,34,0.5904,544,0.003880,49,48,fire_reached_bot,0,114,93,21,-20,8,0.9036,,0.085271,,48,fire_reached_bot,0,111,93,18,-17,6,0.9277,,0.136688,48,,fire_reached_bot,0,114,93,21,-20,8,0.9036,,12.611952,-1,48,114,0,93,21,,no_path,0,,Bot1|Bot2|Bot3|Bot4,0,1
434,0.45,75,440,3282060075,882283043,3638,0.646756,507,1363,17-63,15-48,25-14,17,17,75,57,60,44,0,0,1,17,1,17,117,1,17,100,1,button,1,17,17,0,100,0,1.0000,20,0.000170,-1,-1,button,1,17,17,0,100,0,1.0000,20,0.000522,,-1,button,1,17,17,0,100,0,1.0000,20,0.000605,-1,,button,1,17,17,0,100,0,1.0000,20,0.579076,-1,-1,17,0,0,0,0.4,risk_path,4,Bot1|Bot2|Bot3|Bot4,,1,0
435,0.45,75,440,3996130700,1346204788,3641,0.647289,510,1369,33-13,9-17,51-33,36,28,48,38,72,58,0,0,1,36,1,36,135,1,36,99,1,button,1,36,36,0,74,0,1.0000,212,0.001148,-1,-1,button,1,36,36,0,74,0,1.0000,212,0.004281,,-1,button,1,36,36,0,74,0,1.0000,212,0.005071,-1,,button,1,36,36,0,74,0,1.0000,212,2.299389,-1,-1,36,0,0,0,0.4,risk_path,4,Bot1|Bot2|Bot3|Bot4,,1,0
436,0.45,75,440,836374606,2519469390,3644,0.647822,514,1410,66-40,20-42,12-26,64,48,78,68,26,24,1,0,1,64,0,,52,0,,,0,walked_into_fire,0,61,61,0,-8,3,0.9531,,0.005300,53,53,fire_reached_bot,0,81,52,29,-28,12,0.8125,,0.138440,,-1,fire_reached_bot,0,81,52,29,-28,12,0.8125,,0.259374,-1,,fire_reached_bot,0,81,52,29,-28,12,0.8125,,7.217139,-1,-1,81,0,52,29,,no_path,0,,Bot1|Bot2|Bot3|Bot4,0,1
437,0.45,75,440,3431814037,2475972391,3665,0.651556,509,1430,18-47,46-36,51-30,43,39,54,50,11,11,1,0,1,43,0,,18,0,,,0,walked_into_fire,0,37,37,0,-18,6,0.8605,,0.001530,19,19,fire_reached_bot,0,71,18,53,-52,25,0.4186,,0.243915,,-1,fire_reached_bot,0,71,18,53,-52,25,0.4186,,0.481494,-1,,fire_reached_bot,0,71,18,53,-52,25,0.4186,,2.941011,-1,-1,71,0,18,53,,no_path,0,,Bot1|Bot2|Bot3|Bot4,0,1
438,0.45,75,440,1717278258,3909387573,3628,0.644978,489,1365,62-2,11-7,19-66,66,56,109,107,83,67,0,0,1,66,1,66,161,1,66,95,1,button,1,66,66,0,95,0,1.0000,723,0.005688,-1,-1,button,1,66,66,0,95,0,1.0000,723,0.015736,,-1,button,1,66,66,0,95,0,1.0000,723,0.021680,-1,,button,1,66,66,0,95,0,1.0000,723,6.654490,-1,-1,66,0,0,0,0.4,risk_path,4,Bot1|Bot2|Bot3|Bot4,,1,0
439,0.45,75,440,601328095,3338845994,3660,0.650667,513,1409,49-10,22-21,7-64,58,38,102,96,64,58,0,0,1,58,1,58,126,1,58,68,1,button,1,58,58,0,60,0,1.0000,373,0.003249,-1,-1,button,1,58,58,0,60,0,1.0000,373,0.019079,,-1,button,1,58,58,0,60,0,1.0000,373,0.021293,-1,,button,1,58,58,0,60,0,1.0000,373,5.444301,-1,-1,58,0,0,0,0.4,risk_path,4,Bot1|Bot2|Bot3|Bot4,,1,0
440,0.45,75,440,2216123474,76203067,3642,0.647467,521,1396,71-40,18-70,58-46,91,83,25,19,66,64,1,0,1,91,0,,127,1,109,18,0,walked_into_fire,0,16,16,0,-1,75,0.1758,53,0.001292,16,16,fire_reached_bot,0,53,45,8,0,74,0.1868,639,0.032100,,40,fire_reached_bot,0,55,45,10,0,76,0.1648,689,0.037983,40,,fire_reached_bot,0,53,45,8,0,74,0.1868,639,9.475517,-1,40,53,0,45,8,,no_path,0,,Bot1|Bot2|Bot3|Bot4,0,1
441,0.45,75,440,2952930947,3442715,3633,0.645867,493,1336,34-33,4-65,13-73,70,62,69,61,21,17,1,0,1,70,0,,49,0,,,0,walked_into_fire,0,44,44,0,-1,26,0.6286,246,0.001711,35,35,fire_reached_bot,0,61,42,19,-11,36,0.4857,,0.109826,,-1,fire_reached_bot,0,61,42,19,-11,36,0.4857,,0.201489,-1,,fire_reached_bot,0,61,42,19,-11,36,0.4857,,8.710097,-1,-1,61,0,42,19,,no_path,0,,Bot1|Bot2|Bot3|Bot4,0,1
442,0.45,75,440,954329560,321467233,3659,0.650489,499,1374,67-24,7-24,36-66,86,60,77,73,75,71,1,0,1,86,0,,155,1,86,69,1,button,1,86,86,0,54,0,1.0000,1176,0.010849,-1,-1,button,1,86,86,0,54,0,1.0000,1176,0.036554,,-1,button,1,86,86,0,54,0,1.0000,1176,0.047588,-1,,button,1,86,86,0,54,0,1.0000,1176,10.637582,-1,-1,86,0,0,0,0.4,risk_path,4,Bot1|Bot2|Bot3|Bot4,,1,0
443,0.45,75,440,2194090034,1836282544,3620,0.643556,485,1382,59-51,66-29,6-24,39,29,88,80,83,65,0,0,1,39,1,39,171,1,39,132,1,button,1,39,39,0,127,0,1.0000,204,0.001360,-1,-1,button,1,39,39,0,127,0,1.0000,204,0.005163,,-1,button,1,39,39,0,127,0,1.0000,204,0.006187,-1,,button,1,39,39,0,127,0,1.0000,204,2.600828,27,27,39,0,0,0,0.4,risk_path,4,Bot1|Bot2|Bot3|Bot4,,1,0
444,0.45,75,440,99980322,3105913063,3629,0.645156,499,1364,32-3,62-72,50-46,109,99,71,61,52,38,1,0,1,109,0,,94,0,,,0,fire_reached_bot,0,48,48,0,0,61,0.4404,410,0.003570,33,33,fire_reached_bot,0,88,78,10,0,69,0.3670,1511,0.118334,,35,fire_reached_bot,0,87,78,9,0,67,0.3853,1474,0.164125,35,,fire_reached_bot,0,88,78,10,0,69,0.3670,1511,17.496729,-1,35,88,0,78,10,,no_path,0,,Bot1|Bot2|Bot3|Bot4,0,1
445,0.45,75,440,4143197766,1623788008,3645,0.648000,506,1364,60-66,70-44,12-31,34,32,91,83,97,71,0,0,1,34,1,34,184,1,34,150,1,button,1,34,34,0,148,0,1.0000,139,0.000801,-1,-1,button,1,34,34,0,148,0,1.0000,139,0.002215,,-1,button,1,34,34,0,148,0,1.0000,139,0.002833,-1,,button,1,34,34,0,148,0,1.0000,139,1.888684,13,13,34,0,0,0,0.4,risk_path,4,Bot1|Bot2|Bot3|Bot4,,1,0
446,0.45,75,440,846446360,2130916755,3634,0.646044,496,1358,39-19,71-58,53-21,79,71,24,16,73,55,1,0,1,79,0,,149,1,79,70,1,button,1,79,79,0,20,0,1.0000,1214,0.010531,-1,-1,button,1,79,79,0,20,0,1.0000,1214,0.044290,,-1,button,1,79,79,0,20,0,1.0000,1214,0.054842,-1,,button,1,79,79,0,20,0,1.0000,1214,8.598234,32,32,79,0,0,0,0.4,risk_path,4,Bot1|Bot2|Bot3|Bot4,,1,0
447,0.45,75,440,779460035,79676451,3647,0.648356,502,1429,35-37,33-67,8-44,46,32,60,34,56,48,0,0,1,46,1,46,110,1,46,64,1,button,1,46,46,0,64,0,1.0000,290,0.001726,-1,-1,button,1,46,46,0,64,0,1.0000,290,0.006076,,-1,button,1,46,46,0,64,0,1.0000,290,0.007552,-1,,button,1,46,46,0,64,0,1.0000,290,3.278138,-1,-1,46,0,0,0,0.4,risk_path,4,Bot1|Bot2|Bot3|Bot4,,1,0
448,0.45,75,440,1123366057,3344577641,3660,0.650667,494,1419,30-32,27-34,73-46,11,5,79,57,84,58,0,0,1,11,1,11,159,1,11,148,1,button,1,11,11,0,145,0,1.0000,22,0.000150,-1,-1,button,1,11,11,0,145,0,1.0000,22,0.000297,,-1,button,1,11,11,0,145,0,1.0000,22,0.000370,-1,,button,1,11,11,0,145,0,1.0000,22,0.279737,-1,-1,11,0,0,0,0.4,risk_path,4,Bot1|Bot2|Bot3|Bot4,,1,0
449,0.45,75,440,2060266283,3682968219,3648,0.648533,502,1416,66-6,7-5,44-56,86,60,86,72,98,88,0,0,1,86,1,86,192,1,86,106,1,button,1,86,86,0,105,0,1.0000,1038,0.010436,-1,-1,button,1,86,86,0,105,0,1.0000,1038,0.027463,,-1,button,1,86,86,0,105,0,1.0000,1038,0.039309,-1,,button,1,86,86,0,105,0,1.0000,1038,9.784118,-1,-1,86,0,0,0,0.4,risk_path,4,Bot1|Bot2|Bot3|Bot4,,1,0
450,0.45,75,440,3271714734,783943413,3641,0.647289,494,1354,33-11,36-11,36-6,3,3,8,8,5,5,0,0,1,3,1,3,6,1,3,3,1,button,1,3,3,0,3,0,1.0000,4,0.000054,-1,-1,button,1,3,3,0,3,0,1.0000,4,0.000062,,-1,button,1,3,3,0,3,0,1.0000,4,0.000087,-1,,button,1,3,3,0,3,0,1.0000,4,0.054203,-1,-1,3,0,0,0,0.4,risk_path,4,Bot1|Bot2|Bot3|Bot4,,1,0
451,0.45,75,440,1682450521,2218722123,3650,0.648889,500,1388,63-74,74-28,41-74,67,57,62,22,85,79,0,0,1,67,1,67,171,1,67,104,1,button,1,67,67,0,86,0,1.0000,287,0.002002,-1,-1,button,1,67,67,0,86,0,1.0000,287,0.011704,,-1,button,1,67,67,0,86,0,1.0000,287,0.014677,-1,,button,1,67,67,0,86,0,1.0000,287,7.286256,42,42,67,0,0,0,0.4,risk_path,4,Bot1|Bot2|Bot3|Bot4,,1,0
452,0.45,75,440,4253021220,2834508363,3667,0.651911,506,1400,26-8,16-57,57-74,77,59,103,97,70,58,1,0,1,77,0,,134,1,77,57,1,button,1,77,77,0,57,0,1.0000,589,0.005774,-1,-1,button,1,77,77,0,57,0,1.0000,589,0.028881,,-1,button,1,77,77,0,57,0,1.0000,589,0.033986,-1,,button,1,77,77,0,57,0,1.0000,589,8.980160,1,1,77,0,0,0,0.4,risk_path,4,Bot1|Bot2|Bot3|Bot4,,1,0
453,0.45,75,440,2952658635,970395582,3617,0.643022,500,1329,73-24,20-35,66-32,74,64,55,15,63,49,1,0,1,74,0,,119,1,74,45,1,button,1,74,74,0,23,0,1.0000,575,0.004826,-1,-1,button,1,74,74,0,23,0,1.0000,575,0.019772,,-1,button,1,74,74,0,23,0,1.0000,575,0.024300,-1,,button,1,74,74,0,23,0,1.0000,575,8.203034,-1,-1,74,0,0,0,0.4,risk_path,4,Bot1|Bot2|Bot3|Bot4,,1,0
454,0.45,75,440,473146384,3945293444,3628,0.644978,501,1342,49-65,65-42,31-59,53,39,28,24,65,51,0,0,1,53,1,53,124,1,53,71,1,button,1,53,53,0,47,0,1.0000,556,0.003395,-1,-1,button,1,53,53,0,47,0,1.0000,556,0.011086,,-1,button,1,53,53,0,47,0,1.0000,556,0.014002,-1,,button,1,53,53,0,47,0,1.0000,556,4.845286,24,24,53,0,0,0,0.4,risk_path,4,Bot1|Bot2|Bot3|Bot4,,1,0
455,0.45,75,440,2903495406,1402952168,3639,0.646933,510,1381,26-31,73-0,14-53,80,78,44,34,112,112,0,0,1,80,1,80,229,1,80,149,1,button,1,80,80,0,109,0,1.0000,1043,0.009285,-1,-1,button,1,80,80,0,109,0,1.0000,1043,0.031502,,-1,button,1,80,80,0,109,0,1.0000,1043,0.041191,-1,,button,1,80,80,0,109,0,1.0000,1043,8.968499,37,37,80,0,0,0,0.4,risk_path,4,Bot1|Bot2|Bot3|Bot4,,1,0
456,0.45,75,440,1612596313,1606830779,3651,0.649067,494,1390,61-73,9-34,31-53,97,91,56,50,41,41,1,0,1,97,0,,77,0,,,0,fire_reached_bot,0,39,39,0,0,58,0.4021,282,0.002317,38,37,fire_reached_bot,0,88,77,11,-10,64,0.3402,,0.095904,,37,fire_reached_bot,0,92,77,15,-14,66,0.3196,,0.161267,37,,fire_reached_bot,0,88,77,11,-10,64,0.3402,,15.135044,-1,37,88,0,77,11,,no_path,0,,Bot1|Bot2|Bot3|Bot4,0,1
457,0.45,75,440,2590130515,196957734,3647,0.648356,507,1384,54-67,36-66,67-8,27,19,114,72,103,89,0,0,1,27,1,27,171,1,27,144,1,button,1,27,27,0,143,0,1.0000,122,0.000687,-1,-1,button,1,27,27,0,143,0,1.0000,122,0.002001,,-1,button,1,27,27,0,143,0,1.0000,122,0.002551,-1,,button,1,27,27,0,143,0,1.0000,122,1.303774,6,6,27,0,0,0,0.4,risk_path,4,Bot1|Bot2|Bot3|Bot4,,1,0
458,0.45,75,440,3410208556,1748041653,3630,0.645333,504,1401,43-42,53-52,35-68,20,20,44,34,38,34,0,0,1,20,1,20,78,1,20,58,1,button,1,20,20,0,56,0,1.0000,108,0.000423,-1,-1,button,1,20,20,0,56,0,1.0000,108,0.000854,,-1,button,1,20,20,0,56,0,1.0000,108,0.001150,-1,,button,1,20,20,0,56,0,1.0000,108,0.767428,1,1,20,0,0,0,0.4,risk_path,4,Bot1|Bot2|Bot3|Bot4,,1,0
459,0.45,75,440,1944609791,705594675,3674,0.653156,521,1406,73-3,42-69,11-71,103,97,132,130,43,33,1,0,1,103,0,,91,0,,,0,walked_into_fire,0,99,99,0,-7,4,0.9612,,0.009878,92,92,fire_reached_bot,0,111,91,20,-19,12,0.8835,,0.140785,,-1,fire_reached_bot,0,111,91,20,-19,12,0.8835,,0.234617,-1,,fire_reached_bot,0,111,91,20,-19,12,0.8835,,18.383545,-1,-1,111,0,91,20,,no_path,0,,Bot1|Bot2|Bot3|Bot4,0,1
460,0.45,75,440,3380480183,1588023217,3661,0.650844,511,1422,4-70,35-43,9-64,60,58,11,11,49,47,1,0,1,60,0,,104,1,68,36,0,walked_into_fire,0,11,11,0,-3,49,0.1833,26,0.000612,9,8,fire_reached_bot,0,23,22,1,0,50,0.1667,148,0.008343,,8,button,1,74,74,0,5,0,1.0000,645,0.026129,8,,button,1,72,72,0,5,0,1.0000,625,8.361992,7,7,72,15,12,0,0.99,risk_path,2,Bot3|Bot4,Bot1|Bot2,0,0
461,0.45,75,440,545968031,3785375886,3639,0.646933,498,1365,43-6,61-58,1-42,76,70,84,78,86,76,0,0,1,76,1,76,163,1,76,87,1,button,1,76,76,0,69,0,1.0000,635,0.005321,-1,-1,button,1,76,76,0,69,0,1.0000,635,0.025620,,-1,button,1,76,76,0,69,0,1.0000,635,0.032419,-1,,button,1,76,76,0,69,0,1.0000,635,9.418326,43,43,76,0,0,0,0.4,risk_path,4,Bot1|Bot2|Bot3|Bot4,,1,0
462,0.45,75,440,3450460134,238140626,3636,0.646400,504,1363,56-10,14-8,20-65,68,44,93,91,83,63,0,0,1,68,1,68,163,1,68,95,1,button,1,68,68,0,95,0,1.0000,764,0.005969,-1,-1,button,1,68,68,0,95,0,1.0000,764,0.015704,,-1,button,1,68,68,0,95,0,1.0000,764,0.021671,-1,,button,1,68,68,0,95,0,1.0000,764,6.977935,-1,-1,68,0,0,0,0.4,risk_path,4,Bot1|Bot2|Bot3|Bot4,,1,0
463,0.45,75,440,1149964191,3065534945,3643,0.647644,509,1362,40-25,17-31,0-32,35,29,63,47,36,18,0,0,1,35,1,35,69,1,35,34,1,button,1,35,35,0,34,0,1.0000,121,0.000768,-1,-1,button,1,35,35,0,34,0,1.0000,121,0.003001,,-1,button,1,35,35,0,34,0,1.0000,121,0.003742,-1,,button,1,35,35,0,34,0,1.0000,121,2.218890,2,2,35,0,0,0,0.4,risk_path,4,Bot1|Bot2|Bot3|Bot4,,1,0
464,0.45,75,440,2588932194,3317267967,3638,0.646756,502,1370,62-19,40-53,74-66,68,56,83,59,61,47,1,0,1,68,0,,144,1,68,76,1,button,1,68,68,0,69,0,1.0000,133,0.002066,-1,-1,button,1,68,68,0,69,0,1.0000,133,0.018054,,-1,button,1,68,68,0,69,0,1.0000,133,0.019771,-1,,button,1,68,68,0,69,0,1.0000,133,8.278026,-1,-1,68,0,0,0,0.4,risk_path,4,Bot1|Bot2|Bot3|Bot4,,1,0
465,0.45,75,440,283204915,3485829726,3629,0.645156,508,1367,64-59,65-68,21-63,12,10,71,47,71,49,0,0,1,12,1,12,146,1,12,134,1,button,1,12,12,0,134,0,1.0000,13,0.000118,-1,-1,button,1,12,12,0,134,0,1.0000,13,0.000256,,-1,button,1,12,12,0,134,0,1.0000,13,0.000304,-1,,button,1,12,12,0,134,0,1.0000,13,0.322635,-1,-1,12,0,0,0,0.4,risk_path,4,Bot1|Bot2|Bot3|Bot4,,1,0
466,0.45,75,440,519884690,3415390693,3660,0.650667,498,1397,42-44,2-19,17-64,65,65,47,45,82,60,0,0,1,65,1,65,177,1,65,112,1,button,1,65,65,0,72,0,1.0000,480,0.003429,-1,-1,button,1,65,65,0,72,0,1.0000,480,0.014203,,-1,button,1,65,65,0,72,0,1.0000,480,0.017504,-1,,button,1,65,65,0,72,0,1.0000,480,6.994522,-1,-1,65,0,0,0,0.4,risk_path,4,Bot1|Bot2|Bot3|Bot4,,1,0
467,0.45,75,440,3826963234,2865125719,3651,0.649067,514,1442,46-13,18-38,44-2,53,53,13,13,62,62,0,0,1,53,1,53,128,1,53,75,1,button,1,53,53,0,23,0,1.0000,364,0.002051,-1,-1,button,1,53,53,0,23,0,1.0000,364,0.005010,,-1,button,1,53,53,0,23,0,1.0000,364,0.007173,-1,,button,1,53,53,0,23,0,1.0000,364,4.837623,-1,-1,53,0,0,0,0.4,risk_path,4,Bot1|Bot2|Bot3|Bot4,,1,0
468,0.45,75,440,4243052957,3832579543,3655,0.649778,512,1362,20-47,35-34,1-59,40,28,31,31,67,59,0,0,1,40,1,40,134,1,40,94,1,button,1,40,40,0,50,0,1.0000,213,0.001329,-1,-1,button,1,40,40,0,50,0,1.0000,213,0.005922,,-1,button,1,40,40,0,50,0,1.0000,213,0.006912,-1,,button,1,40,40,0,50,0,1.0000,213,2.808006,11,11,40,0,0,0,0.4,risk_path,4,Bot1|Bot2|Bot3|Bot4,,1,0
469,0.45,75,440,2512400746,3515949097,3651,0.649067,508,1372,72-67,69-59,59-74,27,11,22,20,29,25,0,0,1,27,1,27,67,1,27,40,1,button,1,27,27,0,29,0,1.0000,87,0.000662,-1,-1,button,1,27,27,0,29,0,1.0000,87,0.002223,,-1,button,1,27,27,0,29,0,1.0000,87,0.002604,-1,,button,1,27,27,0,29,0,1.0000,87,1.300530,-1,-1,27,0,0,0,0.4,risk_path,4,Bot1|Bot2|Bot3|Bot4,,1,0
470,0.45,75,440,3413718978,1893227172,3673,0.652978,501,1432,59-29,30-55,41-69,67,55,72,58,33,25,1,0,1,67,0,,63,0,,,0,walked_into_fire,0,54,54,0,-1,13,0.8060,370,0.003077,46,45,fire_reached_bot,0,83,57,26,-19,34,0.4925,,0.133791,,45,fire_reached_bot,0,87,57,30,-23,36,0.4627,,0.283885,45,,fire_reached_bot,0,83,57,26,-19,34,0.4925,,9.326986,-1,45,83,0,57,26,,no_path,0,,Bot1|Bot2|Bot3|Bot4,0,1
471,0.45,75,440,503817407,3717343413,3672,0.652800,514,1425,13-45,72-30,24-35,84,74,23,21,75,53,1,0,1,84,0,,131,1,84,47,1,button,1,84,84,0,1,0,1.0000,1681,0.014584,-1,-1,button,1,84,84,0,1,0,1.0000,1681,0.042828,,-1,button,1,84,84,0,1,0,1.0000,1681,0.059005,-1,,button,1,84,84,0,1,0,1.0000,1681,9.663632,39,39,84,18,2,0,0.99,risk_path,4,Bot1|Bot2|Bot3|Bot4,,1,0
472,0.45,75,440,2819638129,3975689994,3623,0.644089,510,1354,74-33,36-23,31-36,66,48,70,46,34,18,1,0,1,66,0,,78,1,66,12,1,button,1,66,66,0,9,0,1.0000,613,0.004937,-1,-1,button,1,66,66,0,9,0,1.0000,613,0.024971,,-1,button,1,66,66,0,9,0,1.0000,613,0.029493,-1,,button,1,66,66,0,9,0,1.0000,613,7.202696,-1,-1,66,9,36,0,0.99,risk_path,4,Bot1|Bot2|Bot3|Bot4,,1,0
473,0.45,75,440,2272994969,415899555,3671,0.652622,516,1414,5-54,58-0,43-33,113,107,75,59,50,48,1,0,1,113,0,,99,0,,,0,walked_into_fire,0,60,60,0,-2,53,0.5310,677,0.005212,56,56,fire_reached_bot,0,104,81,23,-4,58,0.4867,,0.118450,,-1,fire_reached_bot,0,104,81,23,-4,58,0.4867,,0.184390,-1,,fire_reached_bot,0,104,81,23,-4,58,0.4867,,14.920000,-1,-1,104,0,81,23,,no_path,0,,Bot1|Bot2|Bot3|Bot4,0,1
474,0.45,75,440,3800817311,3697787141,3626,0.644622,492,1343,5-7,13-60,73-20,75,61,97,81,102,100,0,0,1,75,1,75,211,1,75,136,1,button,1,75,75,0,115,0,1.0000,564,0.004912,-1,-1,button,1,75,75,0,115,0,1.0000,564,0.023090,,-1,button,1,75,75,0,115,0,1.0000,564,0.027319,-1,,button,1,75,75,0,115,0,1.0000,564,8.655771,12,12,75,0,0,0,0.4,risk_path,4,Bot1|Bot2|Bot3|Bot4,,1,0
475,0.45,75,440,3913921988,874549696,3647,0.648356,511,1362,56-1,38-43,52-0,66,60,15,5,67,57,0,0,1,66,1,66,125,1,66,59,1,button,1,66,66,0,22,0,1.0000,410,0.002763,-1,-1,button,1,66,66,0,22,0,1.0000,410,0.016216,,-1,button,1,66,66,0,22,0,1.0000,410,0.018674,-1,,button,1,66,66,0,22,0,1.0000,410,6.841075,-1,-1,66,0,0,0,0.4,risk_path,4,Bot1|Bot2|Bot3|Bot4,,1,0
476,0.45,75,440,2149910873,4090412208,3621,0.643733,513,1361,26-55,26-4,18-31,83,51,34,32,49,35,1,0,1,83,0,,80,0,,,0,walked_into_fire,0,40,40,0,-1,43,0.4819,292,0.002748,36,36,fire_reached_bot,0,83,77,6,-2,22,0.7349,,0.062966,,46,fire_reached_bot,0,86,77,9,-5,28,0.6627,,0.114609,46,,fire_reached_bot,0,83,77,6,-2,22,0.7349,,11.127561,-1,46,83,0,77,6,,no_path,0,,Bot1|Bot2|Bot3|Bot4,0,1
477,0.45,75,440,2557168548,667988557,3659,0.650489,494,1407,58-32,54-42,13-19,30,14,66,58,80,64,0,0,1,30,1,30,151,1,30,121,1,button,1,30,30,0,109,0,1.0000,178,0.000870,-1,-1,button,1,30,30,0,109,0,1.0000,178,0.002700,,-1,button,1,30,30,0,109,0,1.0000,178,0.003550,-1,,button,1,30,30,0,109,0,1.0000,178,1.502077,27,27,30,0,0,0,0.4,risk_path,4,Bot1|Bot2|Bot3|Bot4,,1,0
478,0.45,75,440,364875584,1296068607,3621,0.643733,496,1338,45-17,14-59,55-11,91,73,20,16,105,89,0,0,1,91,1,91,217,1,91,126,1,button,1,91,91,0,40,0,1.0000,1056,0.011062,-1,-1,button,1,91,91,0,40,0,1.0000,1056,0.066697,,-1,button,1,91,91,0,40,0,1.0000,1056,0.076053,-1,,button,1,91,91,0,40,0,1.0000,1056,11.507712,-1,-1,91,0,0,0,0.4,risk_path,4,Bot1|Bot2|Bot3|Bot4,,1,0
479,0.45,75,440,1145681825,3225904011,3615,0.642667,492,1333,39-32,63-60,60-51,54,52,42,40,14,12,1,0,1,54,0,,37,0,,,0,walked_into_fire,0,37,37,0,-2,17,0.6852,163,0.001412,26,26,fire_reached_bot,0,78,37,41,-40,31,0.4259,,0.188842,,-1,fire_reached_bot,0,78,37,41,-40,31,0.4259,,0.356283,-1,,fire_reached_bot,0,78,37,41,-40,31,0.4259,,5.254884,-1,-1,78,0,37,41,,no_path,0,,Bot1|Bot2|Bot3|Bot4,0,1
480,0.45,75,440,348230519,1372939948,3638,0.646756,505,1386,59-43,51-1,23-1,54,50,82,78,52,28,1,0,1,54,0,,103,1,54,49,1,button,1,54,54,0,49,0,1.0000,282,0.001995,-1,-1,button,1,54,54,0,49,0,1.0000,282,0.007486,,-1,button,1,54,54,0,49,0,1.0000,282,0.009088,-1,,button,1,54,54,0,49,0,1.0000,282,4.885761,-1,-1,54,0,0,0,0.4,risk_path,4,Bot1|Bot2|Bot3|Bot4,,1,0
481,0.45,75,440,1613761028,1186564994,3628,0.644978,490,1360,42-69,73-38,64-51,70,62,44,40,32,22,1,0,1,70,0,,75,0,,,0,fire_reached_bot,0,35,35,0,0,35,0.5000,205,0.001819,34,33,fire_reached_bot,0,69,64,5,0,42,0.4000,676,0.051628,,33,fire_reached_bot,0,77,64,13,-1,42,0.4000,,0.145627,33,,fire_reached_bot,0,69,64,5,0,42,0.4000,676,11.818116,-1,33,69,0,64,5,,no_path,0,,Bot1|Bot2|Bot3|Bot4,0,1
482,0.45,75,440,2244013405,2091786480,3633,0.645867,501,1376,17-42,31-61,59-17,39,33,75,67,92,72,0,0,1,39,1,39,196,1,39,157,1,button,1,39,39,0,154,0,1.0000,321,0.001793,-1,-1,button,1,39,39,0,154,0,1.0000,321,0.006001,,-1,button,1,39,39,0,154,0,1.0000,321,0.007477,-1,,button,1,39,39,0,154,0,1.0000,321,2.729297,10,10,39,0,0,0,0.4,risk_path,4,Bot1|Bot2|Bot3|Bot4,,1,0
483,0.45,75,440,944778932,1478825027,3640,0.647111,504,1358,32-47,39-21,6-61,37,33,54,40,91,73,0,0,1,37,1,37,163,1,37,126,1,button,1,37,37,0,94,0,1.0000,149,0.000771,-1,-1,button,1,37,37,0,94,0,1.0000,149,0.002430,,-1,button,1,37,37,0,94,0,1.0000,149,0.003058,-1,,button,1,37,37,0,94,0,1.0000,149,2.437999,7,7,37,0,0,0,0.4,risk_path,4,Bot1|Bot2|Bot3|Bot4,,1,0
484,0.45,75,440,575576,2379172882,3653,0.649422,507,1391,49-28,31-22,13-1,24,24,65,63,41,39,0,0,1,24,1,24,77,1,24,53,1,button,1,24,24,0,53,0,1.0000,17,0.000250,-1,-1,button,1,24,24,0,53,0,1.0000,17,0.000976,,-1,button,1,24,24,0,53,0,1.0000,17,0.001452,-1,,button,1,24,24,0,53,0,1.0000,17,1.127363,-1,-1,24,0,0,0,0.4,risk_path,4,Bot1|Bot2|Bot3|Bot4,,1,0
485,0.45,75,440,2872471504,826922753,3634,0.646044,499,1374,45-66,31-68,39-51,22,16,25,21,29,25,0,0,1,22,1,22,53,1,22,31,1,button,1,22,22,0,27,0,1.0000,109,0.000511,-1,-1,button,1,22,22,0,27,0,1.0000,109,0.001163,,-1,button,1,22,22,0,27,0,1.0000,109,0.001519,-1,,button,1,22,22,0,31,0,1.0000,109,0.944764,1,1,22,0,0,0,0.4,risk_path,4,Bot1|Bot2|Bot3|Bot4,,1,0
486,0.45,75,440,2028298929,2150041132,3626,0.644622,502,1364,44-42,46-42,65-27,8,2,42,36,36,34,0,0,1,8,1,8,82,1,8,74,1,button,1,8,8,0,71,0,1.0000,14,0.000124,-1,-1,button,1,8,8,0,71,0,1.0000,14,0.000179,,-1,button,1,8,8,0,71,0,1.0000,14,0.000224,-1,,button,1,8,8,0,71,0,1.0000,14,0.205675,-1,-1,8,0,0,0,0.4,risk_path,4,Bot1|Bot2|Bot3|Bot4,,1,0
487,0.45,75,440,2834803892,1468566193,3640,0.647111,512,1367,16-6,32-47,25-59,69,57,88,62,23,19,1,0,1,69,0,,42,0,,,0,fire_reached_bot,0,59,59,0,-16,10,0.8551,,0.002528,43,43,fire_reached_bot,0,91,42,49,-48,27,0.6087,,0.228379,,-1,fire_reached_bot,0,91,42,49,-48,27,0.6087,,0.478882,-1,,fire_reached_bot,0,91,42,49,-48,27,0.6087,,7.916923,-1,-1,91,0,42,49,,no_path,0,,Bot1|Bot2|Bot3|Bot4,0,1
488,0.45,75,440,1595770306,3510375444,3647,0.648356,509,1358,34-49,38-18,27-62,53,35,40,20,81,55,0,0,1,53,1,53,155,1,53,102,1,button,1,53,53,0,61,0,1.0000,444,0.002764,-1,-1,button,1,53,53,0,61,0,1.0000,444,0.010951,,-1,button,1,53,53,0,61,0,1.0000,444,0.014704,-1,,button,1,53,53,0,61,0,1.0000,444,4.476382,4,4,53,0,0,0,0.4,risk_path,4,Bot1|Bot2|Bot3|Bot4,,1,0
489,0.45,75,440,4171940784,3372629387,3636,0.646400,499,1366,69-26,7-39,72-72,87,75,81,49,106,98,0,0,1,87,1,87,218,1,87,131,1,button,1,87,87,0,88,0,1.0000,415,0.004324,-1,-1,button,1,87,87,0,88,0,1.0000,415,0.036313,,-1,button,1,87,87,0,88,0,1.0000,415,0.040631,-1,,button,1,87,87,0,103,0,1.0000,415,12.553890,24,24,87,0,0,0,0.4,risk_path,4,Bot1|Bot2|Bot3|Bot4,,1,0
490,0.45,75,440,3646037766,3925754981,3637,0.646578,497,1370,8-53,48-10,13-11,87,83,61,47,62,36,1,0,1,87,0,,127,1,87,40,1,button,1,87,87,0,20,0,1.0000,745,0.005696,-1,-1,button,1,87,87,0,20,0,1.0000,745,0.035898,,-1,button,1,87,87,0,20,0,1.0000,745,0.041979,-1,,button,1,87,87,0,20,0,1.0000,745,12.014684,7,7,87,7,0,0,0.99,risk_path,4,Bot1|Bot2|Bot3|Bot4,,1,0
491,0.45,75,440,1715550879,3700416209,3644,0.647822,514,1416,15-65,62-11,56-66,107,101,64,42,87,61,1,0,1,107,0,,148,1,107,41,1,button,1,107,107,0,33,0,1.0000,1412,0.018107,-1,-1,button,1,107,107,0,33,0,1.0000,1412,0.076897,,-1,button,1,107,107,0,33,0,1.0000,1412,0.098536,-1,,button,1,107,107,0,23,0,1.0000,1412,15.343476,14,14,107,0,0,0,0.4,risk_path,4,Bot1|Bot2|Bot3|Bot4,,1,0
492,0.45,75,440,1948605556,4065344269,3640,0.647111,507,1371,51-69,52-25,18-50,63,45,52,52,61,59,1,0,1,63,0,,118,1,63,55,1,button,1,63,63,0,46,0,1.0000,986,0.006089,-1,-1,button,1,63,63,0,46,0,1.0000,986,0.018577,,-1,button,1,63,63,0,46,0,1.0000,986,0.025433,-1,,button,1,63,63,0,46,0,1.0000,986,5.886893,13,13,63,0,0,0,0.4,risk_path,4,Bot1|Bot2|Bot3|Bot4,,1,0
493,0.45,75,440,627320740,1943041704,3628,0.644978,504,1383,15-31,53-41,42-35,54,48,37,31,17,17,1,1,1,58,0,,34,0,,,0,fire_reached_bot,0,26,26,0,0,28,0.4815,108,0.001112,25,25,fire_reached_bot,0,45,34,11,-10,26,0.5185,,0.067374,,-1,fire_reached_bot,0,45,34,11,-10,26,0.5185,,0.135573,-1,,fire_reached_bot,0,45,34,11,-10,26,0.5185,,5.233993,-1,-1,45,0,34,11,,no_path,0,,Bot1|Bot2|Bot3|Bot4,0,1
494,0.45,75,440,3909912075,2078630651,3651,0.649067,498,1390,32-62,42-47,11-0,29,25,101,83,82,78,0,0,1,29,1,29,148,1,29,119,1,button,1,29,29,0,119,0,1.0000,95,0.000483,-1,-1,button,1,29,29,0,119,0,1.0000,95,0.001559,,-1,button,1,29,29,0,119,0,1.0000,95,0.001948,-1,,button,1,29,29,0,119,0,1.0000,95,1.502596,-1,-1,29,0,0,0,0.4,risk_path,4,Bot1|Bot2|Bot3|Bot4,,1,0
495,0.45,75,440,1510466362,86062878,3646,0.648178,503,1410,1-6,28-20,9-50,43,41,82,52,65,49,0,0,1,43,1,43,142,1,43,99,1,button,1,43,43,0,99,0,1.0000,165,0.001076,-1,-1,button,1,43,43,0,99,0,1.0000,165,0.004895,,-1,button,1,43,43,0,99,0,1.0000,165,0.005750,-1,,button,1,43,43,0,99,0,1.0000,165,3.155259,24,24,43,0,0,0,0.4,risk_path,4,Bot1|Bot2|Bot3|Bot4,,1,0
496,0.45,75,440,1673293873,26139537,3663,0.651200,514,1389,47-11,12-26,34-36,62,50,44,38,46,32,1,0,1,62,0,,85,1,62,23,1,button,1,62,62,0,20,0,1.0000,685,0.004152,-1,-1,button,1,62,62,0,20,0,1.0000,685,0.018640,,-1,button,1,62,62,0,20,0,1.0000,685,0.022699,-1,,button,1,62,62,0,20,0,1.0000,685,6.447908,-1,-1,62,0,0,0,0.4,risk_path,4,Bot1|Bot2|Bot3|Bot4,,1,0
497,0.45,75,440,475465390,3774680164,3640,0.647111,505,1390,35-60,0-27,45-26,72,68,48,44,60,46,1,0,1,72,0,,122,1,72,50,1,button,1,72,72,0,38,0,1.0000,1011,0.007211,-1,-1,button,1,72,72,0,38,0,1.0000,1011,0.020027,,-1,button,1,72,72,0,38,0,1.0000,1011,0.027285,-1,,button,1,72,72,0,38,0,1.0000,1011,7.420588,-1,-1,72,0,0,0,0.4,risk_path,4,Bot1|Bot2|Bot3|Bot4,,1,0
498,0.45,75,440,662792833,1871343044,3645,0.648000,508,1402,32-8,35-37,6-34,48,32,60,52,40,32,1,0,1,48,0,,87,1,48,39,1,button,1,48,48,0,29,0,1.0000,296,0.002021,-1,-1,button,1,48,48,0,29,0,1.0000,296,0.010195,,-1,button,1,48,48,0,29,0,1.0000,296,0.011785,-1,,button,1,48,48,0,29,0,1.0000,296,3.841991,39,39,48,0,0,0,0.4,risk_path,4,Bot1|Bot2|Bot3|Bot4,,1,0
499,0.45,75,440,2014376753,1909772166,3652,0.649244,495,1363,33-38,36-40,60-38,5,5,57,27,54,26,0,0,1,5,1,5,107,1,5,102,1,button,1,5,5,0,102,0,1.0000,1,0.000046,-1,-1,button,1,5,5,0,102,0,1.0000,1,0.000069,,-1,button,1,5,5,0,102,0,1.0000,1,0.000081,-1,,button,1,5,5,0,102,0,1.0000,1,0.102899,-1,-1,5,0,0,0,0.4,risk_path,4,Bot1|Bot2|Bot3|Bot4,,1,0
